<?xml version="1.0" encoding="UTF-8"?>
<kml xmlns="http://www.opengis.net/kml/2.2" xmlns:gx="http://www.google.com/kml/ext/2.2" xmlns:kml="http://www.opengis.net/kml/2.2" xmlns:atom="http://www.w3.org/2005/Atom">
<Folder>
	<name>AGAVO-GMP RWY32</name>
	<visibility>0</visibility>
	<Placemark>
		<name>P-1</name>
		<visibility>0</visibility>
		<description><![CDATA[<div><div><span><b>Altitude:</b></span> <span>0 ft</span></div>
<div><span><b>Speed:</b></span> <span>6 kt - 7 kt</span></div>
<div><span><b>Timestamp:</b></span><br/><span>2023-12-14 14:51:21 UTC<br/>2023-12-14 14:51:28 UTC</span></div>
</div>]]></description>
		<Style>
			<LineStyle>
				<color>ffffffff</color>
				<width>2</width>
			</LineStyle>
		</Style>
		<MultiGeometry>
			<LineString>
				<tessellate>1</tessellate>
				<coordinates>
					50.04892,40.465988,0 50.049133,40.465828,0 
				</coordinates>
			</LineString>
		</MultiGeometry>
	</Placemark>
	<Placemark>
		<name>P-2</name>
		<visibility>0</visibility>
		<description><![CDATA[<div><div><span><b>Altitude:</b></span> <span>0 ft</span></div>
<div><span><b>Speed:</b></span> <span>7 kt - 6 kt</span></div>
<div><span><b>Timestamp:</b></span><br/><span>2023-12-14 14:51:28 UTC<br/>2023-12-14 14:51:37 UTC</span></div>
</div>]]></description>
		<Style>
			<LineStyle>
				<color>ffffffff</color>
				<width>2</width>
			</LineStyle>
		</Style>
		<MultiGeometry>
			<LineString>
				<tessellate>1</tessellate>
				<coordinates>
					50.049133,40.465828,0 50.04902999999999,40.465603,0 
				</coordinates>
			</LineString>
		</MultiGeometry>
	</Placemark>
	<Placemark>
		<name>P-3</name>
		<visibility>0</visibility>
		<description><![CDATA[<div><div><span><b>Altitude:</b></span> <span>0 ft</span></div>
<div><span><b>Speed:</b></span> <span>6 kt</span></div>
<div><span><b>Timestamp:</b></span><br/><span>2023-12-14 14:51:37 UTC<br/>2023-12-14 14:51:44 UTC</span></div>
</div>]]></description>
		<Style>
			<LineStyle>
				<color>ffffffff</color>
				<width>2</width>
			</LineStyle>
		</Style>
		<MultiGeometry>
			<LineString>
				<tessellate>1</tessellate>
				<coordinates>
					50.04902999999999,40.465603,0 50.048813,40.465508,0 
				</coordinates>
			</LineString>
		</MultiGeometry>
	</Placemark>
	<Placemark>
		<name>P-4</name>
		<visibility>0</visibility>
		<description><![CDATA[<div><div><span><b>Altitude:</b></span> <span>0 ft</span></div>
<div><span><b>Speed:</b></span> <span>6 kt - 9 kt</span></div>
<div><span><b>Timestamp:</b></span><br/><span>2023-12-14 14:51:44 UTC<br/>2023-12-14 14:51:53 UTC</span></div>
</div>]]></description>
		<Style>
			<LineStyle>
				<color>ffffffff</color>
				<width>2</width>
			</LineStyle>
		</Style>
		<MultiGeometry>
			<LineString>
				<tessellate>1</tessellate>
				<coordinates>
					50.048813,40.465508,0 50.0485,40.465359,0 
				</coordinates>
			</LineString>
		</MultiGeometry>
	</Placemark>
	<Placemark>
		<name>P-5</name>
		<visibility>0</visibility>
		<description><![CDATA[<div><div><span><b>Altitude:</b></span> <span>0 ft</span></div>
<div><span><b>Speed:</b></span> <span>9 kt - 12 kt</span></div>
<div><span><b>Timestamp:</b></span><br/><span>2023-12-14 14:51:53 UTC<br/>2023-12-14 14:51:57 UTC</span></div>
</div>]]></description>
		<Style>
			<LineStyle>
				<color>ffffffff</color>
				<width>2</width>
			</LineStyle>
		</Style>
		<MultiGeometry>
			<LineString>
				<tessellate>1</tessellate>
				<coordinates>
					50.0485,40.465359,0 50.048279,40.465187,0 
				</coordinates>
			</LineString>
		</MultiGeometry>
	</Placemark>
	<Placemark>
		<name>P-6</name>
		<visibility>0</visibility>
		<description><![CDATA[<div><div><span><b>Altitude:</b></span> <span>0 ft</span></div>
<div><span><b>Speed:</b></span> <span>12 kt - 14 kt</span></div>
<div><span><b>Timestamp:</b></span><br/><span>2023-12-14 14:51:57 UTC<br/>2023-12-14 14:52:01 UTC</span></div>
</div>]]></description>
		<Style>
			<LineStyle>
				<color>ffffffff</color>
				<width>2</width>
			</LineStyle>
		</Style>
		<MultiGeometry>
			<LineString>
				<tessellate>1</tessellate>
				<coordinates>
					50.048279,40.465187,0 50.04809599999999,40.46497,0 
				</coordinates>
			</LineString>
		</MultiGeometry>
	</Placemark>
	<Placemark>
		<name>P-7</name>
		<visibility>0</visibility>
		<description><![CDATA[<div><div><span><b>Altitude:</b></span> <span>0 ft</span></div>
<div><span><b>Speed:</b></span> <span>14 kt - 16 kt</span></div>
<div><span><b>Timestamp:</b></span><br/><span>2023-12-14 14:52:01 UTC<br/>2023-12-14 14:52:07 UTC</span></div>
</div>]]></description>
		<Style>
			<LineStyle>
				<color>ffffffff</color>
				<width>2</width>
			</LineStyle>
		</Style>
		<MultiGeometry>
			<LineString>
				<tessellate>1</tessellate>
				<coordinates>
					50.04809599999999,40.46497,0 50.04782099999999,40.464569,0 
				</coordinates>
			</LineString>
		</MultiGeometry>
	</Placemark>
	<Placemark>
		<name>P-8</name>
		<visibility>0</visibility>
		<description><![CDATA[<div><div><span><b>Altitude:</b></span> <span>0 ft</span></div>
<div><span><b>Speed:</b></span> <span>16 kt</span></div>
<div><span><b>Timestamp:</b></span><br/><span>2023-12-14 14:52:07 UTC<br/>2023-12-14 14:52:10 UTC</span></div>
</div>]]></description>
		<Style>
			<LineStyle>
				<color>ffffffff</color>
				<width>2</width>
			</LineStyle>
		</Style>
		<MultiGeometry>
			<LineString>
				<tessellate>1</tessellate>
				<coordinates>
					50.04782099999999,40.464569,0 50.047684,40.464363,0 
				</coordinates>
			</LineString>
		</MultiGeometry>
	</Placemark>
	<Placemark>
		<name>P-9</name>
		<visibility>0</visibility>
		<description><![CDATA[<div><div><span><b>Altitude:</b></span> <span>0 ft</span></div>
<div><span><b>Speed:</b></span> <span>16 kt</span></div>
<div><span><b>Timestamp:</b></span><br/><span>2023-12-14 14:52:10 UTC<br/>2023-12-14 14:52:13 UTC</span></div>
</div>]]></description>
		<Style>
			<LineStyle>
				<color>ffffffff</color>
				<width>2</width>
			</LineStyle>
		</Style>
		<MultiGeometry>
			<LineString>
				<tessellate>1</tessellate>
				<coordinates>
					50.047684,40.464363,0 50.04754599999999,40.464161,0 
				</coordinates>
			</LineString>
		</MultiGeometry>
	</Placemark>
	<Placemark>
		<name>P-10</name>
		<visibility>0</visibility>
		<description><![CDATA[<div><div><span><b>Altitude:</b></span> <span>0 ft</span></div>
<div><span><b>Speed:</b></span> <span>16 kt - 17 kt</span></div>
<div><span><b>Timestamp:</b></span><br/><span>2023-12-14 14:52:13 UTC<br/>2023-12-14 14:52:20 UTC</span></div>
</div>]]></description>
		<Style>
			<LineStyle>
				<color>ffffffff</color>
				<width>2</width>
			</LineStyle>
		</Style>
		<MultiGeometry>
			<LineString>
				<tessellate>1</tessellate>
				<coordinates>
					50.04754599999999,40.464161,0 50.04719499999999,40.463676,0 
				</coordinates>
			</LineString>
		</MultiGeometry>
	</Placemark>
	<Placemark>
		<name>P-11</name>
		<visibility>0</visibility>
		<description><![CDATA[<div><div><span><b>Altitude:</b></span> <span>0 ft</span></div>
<div><span><b>Speed:</b></span> <span>17 kt</span></div>
<div><span><b>Timestamp:</b></span><br/><span>2023-12-14 14:52:20 UTC<br/>2023-12-14 14:52:28 UTC</span></div>
</div>]]></description>
		<Style>
			<LineStyle>
				<color>ffffffff</color>
				<width>2</width>
			</LineStyle>
		</Style>
		<MultiGeometry>
			<LineString>
				<tessellate>1</tessellate>
				<coordinates>
					50.04719499999999,40.463676,0 50.04686,40.463169,0 
				</coordinates>
			</LineString>
		</MultiGeometry>
	</Placemark>
	<Placemark>
		<name>P-12</name>
		<visibility>0</visibility>
		<description><![CDATA[<div><div><span><b>Altitude:</b></span> <span>0 ft</span></div>
<div><span><b>Speed:</b></span> <span>17 kt - 16 kt</span></div>
<div><span><b>Timestamp:</b></span><br/><span>2023-12-14 14:52:28 UTC<br/>2023-12-14 14:52:32 UTC</span></div>
</div>]]></description>
		<Style>
			<LineStyle>
				<color>ffffffff</color>
				<width>2</width>
			</LineStyle>
		</Style>
		<MultiGeometry>
			<LineString>
				<tessellate>1</tessellate>
				<coordinates>
					50.04686,40.463169,0 50.04669199999999,40.462887,0 
				</coordinates>
			</LineString>
		</MultiGeometry>
	</Placemark>
	<Placemark>
		<name>P-13</name>
		<visibility>0</visibility>
		<description><![CDATA[<div><div><span><b>Altitude:</b></span> <span>0 ft</span></div>
<div><span><b>Speed:</b></span> <span>16 kt - 15 kt</span></div>
<div><span><b>Timestamp:</b></span><br/><span>2023-12-14 14:52:32 UTC<br/>2023-12-14 14:52:35 UTC</span></div>
</div>]]></description>
		<Style>
			<LineStyle>
				<color>ffffffff</color>
				<width>2</width>
			</LineStyle>
		</Style>
		<MultiGeometry>
			<LineString>
				<tessellate>1</tessellate>
				<coordinates>
					50.04669199999999,40.462887,0 50.04664600000001,40.462681,0 
				</coordinates>
			</LineString>
		</MultiGeometry>
	</Placemark>
	<Placemark>
		<name>P-14</name>
		<visibility>0</visibility>
		<description><![CDATA[<div><div><span><b>Altitude:</b></span> <span>0 ft</span></div>
<div><span><b>Speed:</b></span> <span>15 kt</span></div>
<div><span><b>Timestamp:</b></span><br/><span>2023-12-14 14:52:35 UTC<br/>2023-12-14 14:52:38 UTC</span></div>
</div>]]></description>
		<Style>
			<LineStyle>
				<color>ffffffff</color>
				<width>2</width>
			</LineStyle>
		</Style>
		<MultiGeometry>
			<LineString>
				<tessellate>1</tessellate>
				<coordinates>
					50.04664600000001,40.462681,0 50.046707,40.462429,0 
				</coordinates>
			</LineString>
		</MultiGeometry>
	</Placemark>
	<Placemark>
		<name>P-15</name>
		<visibility>0</visibility>
		<description><![CDATA[<div><div><span><b>Altitude:</b></span> <span>0 ft</span></div>
<div><span><b>Speed:</b></span> <span>15 kt</span></div>
<div><span><b>Timestamp:</b></span><br/><span>2023-12-14 14:52:38 UTC<br/>2023-12-14 14:52:42 UTC</span></div>
</div>]]></description>
		<Style>
			<LineStyle>
				<color>ffffffff</color>
				<width>2</width>
			</LineStyle>
		</Style>
		<MultiGeometry>
			<LineString>
				<tessellate>1</tessellate>
				<coordinates>
					50.046707,40.462429,0 50.04689,40.462177,0 
				</coordinates>
			</LineString>
		</MultiGeometry>
	</Placemark>
	<Placemark>
		<name>P-16</name>
		<visibility>0</visibility>
		<description><![CDATA[<div><div><span><b>Altitude:</b></span> <span>0 ft</span></div>
<div><span><b>Speed:</b></span> <span>15 kt - 16 kt</span></div>
<div><span><b>Timestamp:</b></span><br/><span>2023-12-14 14:52:42 UTC<br/>2023-12-14 14:52:46 UTC</span></div>
</div>]]></description>
		<Style>
			<LineStyle>
				<color>ffffffff</color>
				<width>2</width>
			</LineStyle>
		</Style>
		<MultiGeometry>
			<LineString>
				<tessellate>1</tessellate>
				<coordinates>
					50.04689,40.462177,0 50.04711199999999,40.461948,0 
				</coordinates>
			</LineString>
		</MultiGeometry>
	</Placemark>
	<Placemark>
		<name>P-17</name>
		<visibility>0</visibility>
		<description><![CDATA[<div><div><span><b>Altitude:</b></span> <span>0 ft</span></div>
<div><span><b>Speed:</b></span> <span>16 kt - 15 kt</span></div>
<div><span><b>Timestamp:</b></span><br/><span>2023-12-14 14:52:46 UTC<br/>2023-12-14 14:52:49 UTC</span></div>
</div>]]></description>
		<Style>
			<LineStyle>
				<color>ffffffff</color>
				<width>2</width>
			</LineStyle>
		</Style>
		<MultiGeometry>
			<LineString>
				<tessellate>1</tessellate>
				<coordinates>
					50.04711199999999,40.461948,0 50.04731799999999,40.461742,0 
				</coordinates>
			</LineString>
		</MultiGeometry>
	</Placemark>
	<Placemark>
		<name>P-18</name>
		<visibility>0</visibility>
		<description><![CDATA[<div><div><span><b>Altitude:</b></span> <span>0 ft</span></div>
<div><span><b>Speed:</b></span> <span>15 kt</span></div>
<div><span><b>Timestamp:</b></span><br/><span>2023-12-14 14:52:49 UTC<br/>2023-12-14 14:52:53 UTC</span></div>
</div>]]></description>
		<Style>
			<LineStyle>
				<color>ffffffff</color>
				<width>2</width>
			</LineStyle>
		</Style>
		<MultiGeometry>
			<LineString>
				<tessellate>1</tessellate>
				<coordinates>
					50.04731799999999,40.461742,0 50.047531,40.461506,0 
				</coordinates>
			</LineString>
		</MultiGeometry>
	</Placemark>
	<Placemark>
		<name>P-19</name>
		<visibility>0</visibility>
		<description><![CDATA[<div><div><span><b>Altitude:</b></span> <span>0 ft</span></div>
<div><span><b>Speed:</b></span> <span>15 kt</span></div>
<div><span><b>Timestamp:</b></span><br/><span>2023-12-14 14:52:53 UTC<br/>2023-12-14 14:53:00 UTC</span></div>
</div>]]></description>
		<Style>
			<LineStyle>
				<color>ffffffff</color>
				<width>2</width>
			</LineStyle>
		</Style>
		<MultiGeometry>
			<LineString>
				<tessellate>1</tessellate>
				<coordinates>
					50.047531,40.461506,0 50.04788200000001,40.461079,0 
				</coordinates>
			</LineString>
		</MultiGeometry>
	</Placemark>
	<Placemark>
		<name>P-20</name>
		<visibility>0</visibility>
		<description><![CDATA[<div><div><span><b>Altitude:</b></span> <span>0 ft</span></div>
<div><span><b>Speed:</b></span> <span>15 kt - 14 kt</span></div>
<div><span><b>Timestamp:</b></span><br/><span>2023-12-14 14:53:00 UTC<br/>2023-12-14 14:53:06 UTC</span></div>
</div>]]></description>
		<Style>
			<LineStyle>
				<color>ffffffff</color>
				<width>2</width>
			</LineStyle>
		</Style>
		<MultiGeometry>
			<LineString>
				<tessellate>1</tessellate>
				<coordinates>
					50.04788200000001,40.461079,0 50.048187,40.460701,0 
				</coordinates>
			</LineString>
		</MultiGeometry>
	</Placemark>
	<Placemark>
		<name>P-21</name>
		<visibility>0</visibility>
		<description><![CDATA[<div><div><span><b>Altitude:</b></span> <span>0 ft</span></div>
<div><span><b>Speed:</b></span> <span>14 kt - 12 kt</span></div>
<div><span><b>Timestamp:</b></span><br/><span>2023-12-14 14:53:06 UTC<br/>2023-12-14 14:53:10 UTC</span></div>
</div>]]></description>
		<Style>
			<LineStyle>
				<color>ffffffff</color>
				<width>2</width>
			</LineStyle>
		</Style>
		<MultiGeometry>
			<LineString>
				<tessellate>1</tessellate>
				<coordinates>
					50.048187,40.460701,0 50.048325,40.460484,0 
				</coordinates>
			</LineString>
		</MultiGeometry>
	</Placemark>
	<Placemark>
		<name>P-22</name>
		<visibility>0</visibility>
		<description><![CDATA[<div><div><span><b>Altitude:</b></span> <span>0 ft</span></div>
<div><span><b>Speed:</b></span> <span>12 kt - 11 kt</span></div>
<div><span><b>Timestamp:</b></span><br/><span>2023-12-14 14:53:10 UTC<br/>2023-12-14 14:53:14 UTC</span></div>
</div>]]></description>
		<Style>
			<LineStyle>
				<color>ffffffff</color>
				<width>2</width>
			</LineStyle>
		</Style>
		<MultiGeometry>
			<LineString>
				<tessellate>1</tessellate>
				<coordinates>
					50.048325,40.460484,0 50.048328,40.460274,0 
				</coordinates>
			</LineString>
		</MultiGeometry>
	</Placemark>
	<Placemark>
		<name>P-23</name>
		<visibility>0</visibility>
		<description><![CDATA[<div><div><span><b>Altitude:</b></span> <span>0 ft</span></div>
<div><span><b>Speed:</b></span> <span>11 kt - 12 kt</span></div>
<div><span><b>Timestamp:</b></span><br/><span>2023-12-14 14:53:14 UTC<br/>2023-12-14 14:53:18 UTC</span></div>
</div>]]></description>
		<Style>
			<LineStyle>
				<color>ffffffff</color>
				<width>2</width>
			</LineStyle>
		</Style>
		<MultiGeometry>
			<LineString>
				<tessellate>1</tessellate>
				<coordinates>
					50.048328,40.460274,0 50.048233,40.460049,0 
				</coordinates>
			</LineString>
		</MultiGeometry>
	</Placemark>
	<Placemark>
		<name>P-24</name>
		<visibility>0</visibility>
		<description><![CDATA[<div><div><span><b>Altitude:</b></span> <span>0 ft</span></div>
<div><span><b>Speed:</b></span> <span>12 kt - 13 kt</span></div>
<div><span><b>Timestamp:</b></span><br/><span>2023-12-14 14:53:18 UTC<br/>2023-12-14 14:53:22 UTC</span></div>
</div>]]></description>
		<Style>
			<LineStyle>
				<color>ffffffff</color>
				<width>2</width>
			</LineStyle>
		</Style>
		<MultiGeometry>
			<LineString>
				<tessellate>1</tessellate>
				<coordinates>
					50.048233,40.460049,0 50.048111,40.45982,0 
				</coordinates>
			</LineString>
		</MultiGeometry>
	</Placemark>
	<Placemark>
		<name>P-25</name>
		<visibility>0</visibility>
		<description><![CDATA[<div><div><span><b>Altitude:</b></span> <span>0 ft</span></div>
<div><span><b>Speed:</b></span> <span>13 kt - 14 kt</span></div>
<div><span><b>Timestamp:</b></span><br/><span>2023-12-14 14:53:22 UTC<br/>2023-12-14 14:53:26 UTC</span></div>
</div>]]></description>
		<Style>
			<LineStyle>
				<color>ffffffff</color>
				<width>2</width>
			</LineStyle>
		</Style>
		<MultiGeometry>
			<LineString>
				<tessellate>1</tessellate>
				<coordinates>
					50.048111,40.45982,0 50.047974,40.459557,0 
				</coordinates>
			</LineString>
		</MultiGeometry>
	</Placemark>
	<Placemark>
		<name>P-26</name>
		<visibility>0</visibility>
		<description><![CDATA[<div><div><span><b>Altitude:</b></span> <span>0 ft</span></div>
<div><span><b>Speed:</b></span> <span>14 kt - 15 kt</span></div>
<div><span><b>Timestamp:</b></span><br/><span>2023-12-14 14:53:26 UTC<br/>2023-12-14 14:53:30 UTC</span></div>
</div>]]></description>
		<Style>
			<LineStyle>
				<color>ffffffff</color>
				<width>2</width>
			</LineStyle>
		</Style>
		<MultiGeometry>
			<LineString>
				<tessellate>1</tessellate>
				<coordinates>
					50.047974,40.459557,0 50.047852,40.459305,0 
				</coordinates>
			</LineString>
		</MultiGeometry>
	</Placemark>
	<Placemark>
		<name>P-27</name>
		<visibility>0</visibility>
		<description><![CDATA[<div><div><span><b>Altitude:</b></span> <span>0 ft</span></div>
<div><span><b>Speed:</b></span> <span>15 kt - 16 kt</span></div>
<div><span><b>Timestamp:</b></span><br/><span>2023-12-14 14:53:30 UTC<br/>2023-12-14 14:53:37 UTC</span></div>
</div>]]></description>
		<Style>
			<LineStyle>
				<color>ffffffff</color>
				<width>2</width>
			</LineStyle>
		</Style>
		<MultiGeometry>
			<LineString>
				<tessellate>1</tessellate>
				<coordinates>
					50.047852,40.459305,0 50.047592,40.458813,0 
				</coordinates>
			</LineString>
		</MultiGeometry>
	</Placemark>
	<Placemark>
		<name>P-28</name>
		<visibility>0</visibility>
		<description><![CDATA[<div><div><span><b>Altitude:</b></span> <span>0 ft</span></div>
<div><span><b>Speed:</b></span> <span>16 kt - 17 kt</span></div>
<div><span><b>Timestamp:</b></span><br/><span>2023-12-14 14:53:37 UTC<br/>2023-12-14 14:53:44 UTC</span></div>
</div>]]></description>
		<Style>
			<LineStyle>
				<color>ffffffff</color>
				<width>2</width>
			</LineStyle>
		</Style>
		<MultiGeometry>
			<LineString>
				<tessellate>1</tessellate>
				<coordinates>
					50.047592,40.458813,0 50.04732899999999,40.458317,0 
				</coordinates>
			</LineString>
		</MultiGeometry>
	</Placemark>
	<Placemark>
		<name>P-29</name>
		<visibility>0</visibility>
		<description><![CDATA[<div><div><span><b>Altitude:</b></span> <span>0 ft</span></div>
<div><span><b>Speed:</b></span> <span>17 kt - 16 kt</span></div>
<div><span><b>Timestamp:</b></span><br/><span>2023-12-14 14:53:44 UTC<br/>2023-12-14 14:53:50 UTC</span></div>
</div>]]></description>
		<Style>
			<LineStyle>
				<color>ffffffff</color>
				<width>2</width>
			</LineStyle>
		</Style>
		<MultiGeometry>
			<LineString>
				<tessellate>1</tessellate>
				<coordinates>
					50.04732899999999,40.458317,0 50.047089,40.457851,0 
				</coordinates>
			</LineString>
		</MultiGeometry>
	</Placemark>
	<Placemark>
		<name>P-30</name>
		<visibility>0</visibility>
		<description><![CDATA[<div><div><span><b>Altitude:</b></span> <span>0 ft</span></div>
<div><span><b>Speed:</b></span> <span>16 kt - 15 kt</span></div>
<div><span><b>Timestamp:</b></span><br/><span>2023-12-14 14:53:50 UTC<br/>2023-12-14 14:53:54 UTC</span></div>
</div>]]></description>
		<Style>
			<LineStyle>
				<color>ffffffff</color>
				<width>2</width>
			</LineStyle>
		</Style>
		<MultiGeometry>
			<LineString>
				<tessellate>1</tessellate>
				<coordinates>
					50.047089,40.457851,0 50.046921,40.4576,0 
				</coordinates>
			</LineString>
		</MultiGeometry>
	</Placemark>
	<Placemark>
		<name>P-31</name>
		<visibility>0</visibility>
		<description><![CDATA[<div><div><span><b>Altitude:</b></span> <span>0 ft</span></div>
<div><span><b>Speed:</b></span> <span>15 kt</span></div>
<div><span><b>Timestamp:</b></span><br/><span>2023-12-14 14:53:54 UTC<br/>2023-12-14 14:53:58 UTC</span></div>
</div>]]></description>
		<Style>
			<LineStyle>
				<color>ffffffff</color>
				<width>2</width>
			</LineStyle>
		</Style>
		<MultiGeometry>
			<LineString>
				<tessellate>1</tessellate>
				<coordinates>
					50.046921,40.4576,0 50.046719,40.457397,0 
				</coordinates>
			</LineString>
		</MultiGeometry>
	</Placemark>
	<Placemark>
		<name>P-32</name>
		<visibility>0</visibility>
		<description><![CDATA[<div><div><span><b>Altitude:</b></span> <span>0 ft</span></div>
<div><span><b>Speed:</b></span> <span>15 kt</span></div>
<div><span><b>Timestamp:</b></span><br/><span>2023-12-14 14:53:58 UTC<br/>2023-12-14 14:54:01 UTC</span></div>
</div>]]></description>
		<Style>
			<LineStyle>
				<color>ffffffff</color>
				<width>2</width>
			</LineStyle>
		</Style>
		<MultiGeometry>
			<LineString>
				<tessellate>1</tessellate>
				<coordinates>
					50.046719,40.457397,0 50.04647800000001,40.457279,0 
				</coordinates>
			</LineString>
		</MultiGeometry>
	</Placemark>
	<Placemark>
		<name>P-33</name>
		<visibility>0</visibility>
		<description><![CDATA[<div><div><span><b>Altitude:</b></span> <span>0 ft</span></div>
<div><span><b>Speed:</b></span> <span>15 kt</span></div>
<div><span><b>Timestamp:</b></span><br/><span>2023-12-14 14:54:01 UTC<br/>2023-12-14 14:54:04 UTC</span></div>
</div>]]></description>
		<Style>
			<LineStyle>
				<color>ffffffff</color>
				<width>2</width>
			</LineStyle>
		</Style>
		<MultiGeometry>
			<LineString>
				<tessellate>1</tessellate>
				<coordinates>
					50.04647800000001,40.457279,0 50.046188,40.457188,0 
				</coordinates>
			</LineString>
		</MultiGeometry>
	</Placemark>
	<Placemark>
		<name>P-34</name>
		<visibility>0</visibility>
		<description><![CDATA[<div><div><span><b>Altitude:</b></span> <span>0 ft</span></div>
<div><span><b>Speed:</b></span> <span>15 kt</span></div>
<div><span><b>Timestamp:</b></span><br/><span>2023-12-14 14:54:04 UTC<br/>2023-12-14 14:54:08 UTC</span></div>
</div>]]></description>
		<Style>
			<LineStyle>
				<color>ffffffff</color>
				<width>2</width>
			</LineStyle>
		</Style>
		<MultiGeometry>
			<LineString>
				<tessellate>1</tessellate>
				<coordinates>
					50.046188,40.457188,0 50.045925,40.457119,0 
				</coordinates>
			</LineString>
		</MultiGeometry>
	</Placemark>
	<Placemark>
		<name>P-35</name>
		<visibility>0</visibility>
		<description><![CDATA[<div><div><span><b>Altitude:</b></span> <span>0 ft</span></div>
<div><span><b>Speed:</b></span> <span>15 kt - 14 kt</span></div>
<div><span><b>Timestamp:</b></span><br/><span>2023-12-14 14:54:08 UTC<br/>2023-12-14 14:54:11 UTC</span></div>
</div>]]></description>
		<Style>
			<LineStyle>
				<color>ffffffff</color>
				<width>2</width>
			</LineStyle>
		</Style>
		<MultiGeometry>
			<LineString>
				<tessellate>1</tessellate>
				<coordinates>
					50.045925,40.457119,0 50.045658,40.457035,0 
				</coordinates>
			</LineString>
		</MultiGeometry>
	</Placemark>
	<Placemark>
		<name>P-36</name>
		<visibility>0</visibility>
		<description><![CDATA[<div><div><span><b>Altitude:</b></span> <span>0 ft</span></div>
<div><span><b>Speed:</b></span> <span>14 kt</span></div>
<div><span><b>Timestamp:</b></span><br/><span>2023-12-14 14:54:11 UTC<br/>2023-12-14 14:54:14 UTC</span></div>
</div>]]></description>
		<Style>
			<LineStyle>
				<color>ffffffff</color>
				<width>2</width>
			</LineStyle>
		</Style>
		<MultiGeometry>
			<LineString>
				<tessellate>1</tessellate>
				<coordinates>
					50.045658,40.457035,0 50.045425,40.45697,0 
				</coordinates>
			</LineString>
		</MultiGeometry>
	</Placemark>
	<Placemark>
		<name>P-37</name>
		<visibility>0</visibility>
		<description><![CDATA[<div><div><span><b>Altitude:</b></span> <span>0 ft</span></div>
<div><span><b>Speed:</b></span> <span>14 kt</span></div>
<div><span><b>Timestamp:</b></span><br/><span>2023-12-14 14:54:14 UTC<br/>2023-12-14 14:54:16 UTC</span></div>
</div>]]></description>
		<Style>
			<LineStyle>
				<color>ffffffff</color>
				<width>2</width>
			</LineStyle>
		</Style>
		<MultiGeometry>
			<LineString>
				<tessellate>1</tessellate>
				<coordinates>
					50.045425,40.45697,0 50.045212,40.456913,0 
				</coordinates>
			</LineString>
		</MultiGeometry>
	</Placemark>
	<Placemark>
		<name>P-38</name>
		<visibility>0</visibility>
		<description><![CDATA[<div><div><span><b>Altitude:</b></span> <span>0 ft</span></div>
<div><span><b>Speed:</b></span> <span>14 kt</span></div>
<div><span><b>Timestamp:</b></span><br/><span>2023-12-14 14:54:16 UTC<br/>2023-12-14 14:54:19 UTC</span></div>
</div>]]></description>
		<Style>
			<LineStyle>
				<color>ffffffff</color>
				<width>2</width>
			</LineStyle>
		</Style>
		<MultiGeometry>
			<LineString>
				<tessellate>1</tessellate>
				<coordinates>
					50.045212,40.456913,0 50.04500199999999,40.456852,0 
				</coordinates>
			</LineString>
		</MultiGeometry>
	</Placemark>
	<Placemark>
		<name>P-39</name>
		<visibility>0</visibility>
		<description><![CDATA[<div><div><span><b>Altitude:</b></span> <span>0 ft</span></div>
<div><span><b>Speed:</b></span> <span>14 kt - 16 kt</span></div>
<div><span><b>Timestamp:</b></span><br/><span>2023-12-14 14:54:19 UTC<br/>2023-12-14 14:54:26 UTC</span></div>
</div>]]></description>
		<Style>
			<LineStyle>
				<color>ffffffff</color>
				<width>2</width>
			</LineStyle>
		</Style>
		<MultiGeometry>
			<LineString>
				<tessellate>1</tessellate>
				<coordinates>
					50.04500199999999,40.456852,0 50.044373,40.456684,0 
				</coordinates>
			</LineString>
		</MultiGeometry>
	</Placemark>
	<Placemark>
		<name>P-40</name>
		<visibility>0</visibility>
		<description><![CDATA[<div><div><span><b>Altitude:</b></span> <span>0 ft</span></div>
<div><span><b>Speed:</b></span> <span>16 kt</span></div>
<div><span><b>Timestamp:</b></span><br/><span>2023-12-14 14:54:26 UTC<br/>2023-12-14 14:54:33 UTC</span></div>
</div>]]></description>
		<Style>
			<LineStyle>
				<color>ffffffff</color>
				<width>2</width>
			</LineStyle>
		</Style>
		<MultiGeometry>
			<LineString>
				<tessellate>1</tessellate>
				<coordinates>
					50.044373,40.456684,0 50.043701,40.456501,0 
				</coordinates>
			</LineString>
		</MultiGeometry>
	</Placemark>
	<Placemark>
		<name>P-41</name>
		<visibility>0</visibility>
		<description><![CDATA[<div><div><span><b>Altitude:</b></span> <span>0 ft</span></div>
<div><span><b>Speed:</b></span> <span>16 kt - 17 kt</span></div>
<div><span><b>Timestamp:</b></span><br/><span>2023-12-14 14:54:33 UTC<br/>2023-12-14 14:54:39 UTC</span></div>
</div>]]></description>
		<Style>
			<LineStyle>
				<color>ffffffff</color>
				<width>2</width>
			</LineStyle>
		</Style>
		<MultiGeometry>
			<LineString>
				<tessellate>1</tessellate>
				<coordinates>
					50.043701,40.456501,0 50.043098,40.456375,0 
				</coordinates>
			</LineString>
		</MultiGeometry>
	</Placemark>
	<Placemark>
		<name>P-42</name>
		<visibility>0</visibility>
		<description><![CDATA[<div><div><span><b>Altitude:</b></span> <span>0 ft</span></div>
<div><span><b>Speed:</b></span> <span>17 kt</span></div>
<div><span><b>Timestamp:</b></span><br/><span>2023-12-14 14:54:39 UTC<br/>2023-12-14 14:54:41 UTC</span></div>
</div>]]></description>
		<Style>
			<LineStyle>
				<color>ffffffff</color>
				<width>2</width>
			</LineStyle>
		</Style>
		<MultiGeometry>
			<LineString>
				<tessellate>1</tessellate>
				<coordinates>
					50.043098,40.456375,0 50.042892,40.456329,0 
				</coordinates>
			</LineString>
		</MultiGeometry>
	</Placemark>
	<Placemark>
		<name>P-43</name>
		<visibility>0</visibility>
		<description><![CDATA[<div><div><span><b>Altitude:</b></span> <span>0 ft</span></div>
<div><span><b>Speed:</b></span> <span>17 kt - 16 kt</span></div>
<div><span><b>Timestamp:</b></span><br/><span>2023-12-14 14:54:41 UTC<br/>2023-12-14 14:54:44 UTC</span></div>
</div>]]></description>
		<Style>
			<LineStyle>
				<color>ffffffff</color>
				<width>2</width>
			</LineStyle>
		</Style>
		<MultiGeometry>
			<LineString>
				<tessellate>1</tessellate>
				<coordinates>
					50.042892,40.456329,0 50.042587,40.456272,0 
				</coordinates>
			</LineString>
		</MultiGeometry>
	</Placemark>
	<Placemark>
		<name>P-44</name>
		<visibility>0</visibility>
		<description><![CDATA[<div><div><span><b>Altitude:</b></span> <span>0 ft</span></div>
<div><span><b>Speed:</b></span> <span>16 kt</span></div>
<div><span><b>Timestamp:</b></span><br/><span>2023-12-14 14:54:44 UTC<br/>2023-12-14 14:54:47 UTC</span></div>
</div>]]></description>
		<Style>
			<LineStyle>
				<color>ffffffff</color>
				<width>2</width>
			</LineStyle>
		</Style>
		<MultiGeometry>
			<LineString>
				<tessellate>1</tessellate>
				<coordinates>
					50.042587,40.456272,0 50.042336,40.456245,0 
				</coordinates>
			</LineString>
		</MultiGeometry>
	</Placemark>
	<Placemark>
		<name>P-45</name>
		<visibility>0</visibility>
		<description><![CDATA[<div><div><span><b>Altitude:</b></span> <span>0 ft</span></div>
<div><span><b>Speed:</b></span> <span>16 kt</span></div>
<div><span><b>Timestamp:</b></span><br/><span>2023-12-14 14:54:47 UTC<br/>2023-12-14 14:54:49 UTC</span></div>
</div>]]></description>
		<Style>
			<LineStyle>
				<color>ffffffff</color>
				<width>2</width>
			</LineStyle>
		</Style>
		<MultiGeometry>
			<LineString>
				<tessellate>1</tessellate>
				<coordinates>
					50.042336,40.456245,0 50.042133,40.456234,0 
				</coordinates>
			</LineString>
		</MultiGeometry>
	</Placemark>
	<Placemark>
		<name>P-46</name>
		<visibility>0</visibility>
		<description><![CDATA[<div><div><span><b>Altitude:</b></span> <span>0 ft</span></div>
<div><span><b>Speed:</b></span> <span>16 kt - 15 kt</span></div>
<div><span><b>Timestamp:</b></span><br/><span>2023-12-14 14:54:49 UTC<br/>2023-12-14 14:54:52 UTC</span></div>
</div>]]></description>
		<Style>
			<LineStyle>
				<color>ffffffff</color>
				<width>2</width>
			</LineStyle>
		</Style>
		<MultiGeometry>
			<LineString>
				<tessellate>1</tessellate>
				<coordinates>
					50.042133,40.456234,0 50.041851,40.456234,0 
				</coordinates>
			</LineString>
		</MultiGeometry>
	</Placemark>
	<Placemark>
		<name>P-47</name>
		<visibility>0</visibility>
		<description><![CDATA[<div><div><span><b>Altitude:</b></span> <span>0 ft</span></div>
<div><span><b>Speed:</b></span> <span>15 kt - 13 kt</span></div>
<div><span><b>Timestamp:</b></span><br/><span>2023-12-14 14:54:52 UTC<br/>2023-12-14 14:54:55 UTC</span></div>
</div>]]></description>
		<Style>
			<LineStyle>
				<color>ffffffff</color>
				<width>2</width>
			</LineStyle>
		</Style>
		<MultiGeometry>
			<LineString>
				<tessellate>1</tessellate>
				<coordinates>
					50.041851,40.456234,0 50.041641,40.456284,0 
				</coordinates>
			</LineString>
		</MultiGeometry>
	</Placemark>
	<Placemark>
		<name>P-48</name>
		<visibility>0</visibility>
		<description><![CDATA[<div><div><span><b>Altitude:</b></span> <span>0 ft</span></div>
<div><span><b>Speed:</b></span> <span>13 kt</span></div>
<div><span><b>Timestamp:</b></span><br/><span>2023-12-14 14:54:55 UTC<br/>2023-12-14 14:54:58 UTC</span></div>
</div>]]></description>
		<Style>
			<LineStyle>
				<color>ffffffff</color>
				<width>2</width>
			</LineStyle>
		</Style>
		<MultiGeometry>
			<LineString>
				<tessellate>1</tessellate>
				<coordinates>
					50.041641,40.456284,0 50.04141199999999,40.456398,0 
				</coordinates>
			</LineString>
		</MultiGeometry>
	</Placemark>
	<Placemark>
		<name>P-49</name>
		<visibility>0</visibility>
		<description><![CDATA[<div><div><span><b>Altitude:</b></span> <span>0 ft</span></div>
<div><span><b>Speed:</b></span> <span>13 kt - 12 kt</span></div>
<div><span><b>Timestamp:</b></span><br/><span>2023-12-14 14:54:58 UTC<br/>2023-12-14 14:55:03 UTC</span></div>
</div>]]></description>
		<Style>
			<LineStyle>
				<color>ffffffff</color>
				<width>2</width>
			</LineStyle>
		</Style>
		<MultiGeometry>
			<LineString>
				<tessellate>1</tessellate>
				<coordinates>
					50.04141199999999,40.456398,0 50.04121,40.456642,0 
				</coordinates>
			</LineString>
		</MultiGeometry>
	</Placemark>
	<Placemark>
		<name>P-50</name>
		<visibility>0</visibility>
		<description><![CDATA[<div><div><span><b>Altitude:</b></span> <span>0 ft</span></div>
<div><span><b>Speed:</b></span> <span>12 kt</span></div>
<div><span><b>Timestamp:</b></span><br/><span>2023-12-14 14:55:03 UTC<br/>2023-12-14 14:55:07 UTC</span></div>
</div>]]></description>
		<Style>
			<LineStyle>
				<color>ffffffff</color>
				<width>2</width>
			</LineStyle>
		</Style>
		<MultiGeometry>
			<LineString>
				<tessellate>1</tessellate>
				<coordinates>
					50.04121,40.456642,0 50.041134,40.456863,0 
				</coordinates>
			</LineString>
		</MultiGeometry>
	</Placemark>
	<Placemark>
		<name>P-51</name>
		<visibility>0</visibility>
		<description><![CDATA[<div><div><span><b>Altitude:</b></span> <span>0 ft</span></div>
<div><span><b>Speed:</b></span> <span>12 kt - 14 kt</span></div>
<div><span><b>Timestamp:</b></span><br/><span>2023-12-14 14:55:07 UTC<br/>2023-12-14 14:55:11 UTC</span></div>
</div>]]></description>
		<Style>
			<LineStyle>
				<color>ffffffff</color>
				<width>2</width>
			</LineStyle>
		</Style>
		<MultiGeometry>
			<LineString>
				<tessellate>1</tessellate>
				<coordinates>
					50.041134,40.456863,0 50.041054,40.45713,0 
				</coordinates>
			</LineString>
		</MultiGeometry>
	</Placemark>
	<Placemark>
		<name>P-52</name>
		<visibility>0</visibility>
		<description><![CDATA[<div><div><span><b>Altitude:</b></span> <span>0 ft</span></div>
<div><span><b>Speed:</b></span> <span>14 kt - 18 kt</span></div>
<div><span><b>Timestamp:</b></span><br/><span>2023-12-14 14:55:11 UTC<br/>2023-12-14 14:55:14 UTC</span></div>
</div>]]></description>
		<Style>
			<LineStyle>
				<color>ffffffff</color>
				<width>2</width>
			</LineStyle>
		</Style>
		<MultiGeometry>
			<LineString>
				<tessellate>1</tessellate>
				<coordinates>
					50.041054,40.45713,0 50.040993,40.457352,0 
				</coordinates>
			</LineString>
		</MultiGeometry>
	</Placemark>
	<Placemark>
		<name>P-53</name>
		<visibility>0</visibility>
		<description><![CDATA[<div><div><span><b>Altitude:</b></span> <span>0 ft</span></div>
<div><span><b>Speed:</b></span> <span>18 kt - 27 kt</span></div>
<div><span><b>Timestamp:</b></span><br/><span>2023-12-14 14:55:14 UTC<br/>2023-12-14 14:55:16 UTC</span></div>
</div>]]></description>
		<Style>
			<LineStyle>
				<color>ffffffff</color>
				<width>2</width>
			</LineStyle>
		</Style>
		<MultiGeometry>
			<LineString>
				<tessellate>1</tessellate>
				<coordinates>
					50.040993,40.457352,0 50.040897,40.45763,0 
				</coordinates>
			</LineString>
		</MultiGeometry>
	</Placemark>
	<Placemark>
		<name>P-54</name>
		<visibility>0</visibility>
		<description><![CDATA[<div><div><span><b>Altitude:</b></span> <span>0 ft</span></div>
<div><span><b>Speed:</b></span> <span>27 kt - 36 kt</span></div>
<div><span><b>Timestamp:</b></span><br/><span>2023-12-14 14:55:16 UTC<br/>2023-12-14 14:55:17 UTC</span></div>
</div>]]></description>
		<Style>
			<LineStyle>
				<color>ffffffff</color>
				<width>2</width>
			</LineStyle>
		</Style>
		<MultiGeometry>
			<LineString>
				<tessellate>1</tessellate>
				<coordinates>
					50.040897,40.45763,0 50.040817,40.457897,0 
				</coordinates>
			</LineString>
		</MultiGeometry>
	</Placemark>
	<Placemark>
		<name>P-55</name>
		<visibility>0</visibility>
		<description><![CDATA[<div><div><span><b>Altitude:</b></span> <span>0 ft</span></div>
<div><span><b>Speed:</b></span> <span>36 kt - 41 kt</span></div>
<div><span><b>Timestamp:</b></span><br/><span>2023-12-14 14:55:17 UTC<br/>2023-12-14 14:55:19 UTC</span></div>
</div>]]></description>
		<Style>
			<LineStyle>
				<color>ffffffff</color>
				<width>2</width>
			</LineStyle>
		</Style>
		<MultiGeometry>
			<LineString>
				<tessellate>1</tessellate>
				<coordinates>
					50.040817,40.457897,0 50.040726,40.458183,0 
				</coordinates>
			</LineString>
		</MultiGeometry>
	</Placemark>
	<Placemark>
		<name>P-56</name>
		<visibility>0</visibility>
		<description><![CDATA[<div><div><span><b>Altitude:</b></span> <span>0 ft</span></div>
<div><span><b>Speed:</b></span> <span>41 kt - 72 kt</span></div>
<div><span><b>Timestamp:</b></span><br/><span>2023-12-14 14:55:19 UTC<br/>2023-12-14 14:55:26 UTC</span></div>
</div>]]></description>
		<Style>
			<LineStyle>
				<color>ffffffff</color>
				<width>2</width>
			</LineStyle>
		</Style>
		<MultiGeometry>
			<LineString>
				<tessellate>1</tessellate>
				<coordinates>
					50.040726,40.458183,0 50.040024,40.460392,0 
				</coordinates>
			</LineString>
		</MultiGeometry>
	</Placemark>
	<Placemark>
		<name>P-57</name>
		<visibility>0</visibility>
		<description><![CDATA[<div><div><span><b>Altitude:</b></span> <span>0 ft</span></div>
<div><span><b>Speed:</b></span> <span>72 kt - 107 kt</span></div>
<div><span><b>Timestamp:</b></span><br/><span>2023-12-14 14:55:26 UTC<br/>2023-12-14 14:55:35 UTC</span></div>
</div>]]></description>
		<Style>
			<LineStyle>
				<color>ffffffff</color>
				<width>2</width>
			</LineStyle>
		</Style>
		<MultiGeometry>
			<LineString>
				<tessellate>1</tessellate>
				<coordinates>
					50.040024,40.460392,0 50.038792,40.46423,0 
				</coordinates>
			</LineString>
		</MultiGeometry>
	</Placemark>
	<Placemark>
		<name>P-58</name>
		<visibility>0</visibility>
		<description><![CDATA[<div><div><span><b>Altitude:</b></span> <span>0 ft</span></div>
<div><span><b>Speed:</b></span> <span>107 kt - 135 kt</span></div>
<div><span><b>Timestamp:</b></span><br/><span>2023-12-14 14:55:35 UTC<br/>2023-12-14 14:55:44 UTC</span></div>
</div>]]></description>
		<Style>
			<LineStyle>
				<color>ffffffff</color>
				<width>2</width>
			</LineStyle>
		</Style>
		<MultiGeometry>
			<LineString>
				<tessellate>1</tessellate>
				<coordinates>
					50.038792,40.46423,0 50.03717,40.469513,0 
				</coordinates>
			</LineString>
		</MultiGeometry>
	</Placemark>
	<Placemark>
		<name>P-59</name>
		<visibility>0</visibility>
		<description><![CDATA[<div><div><span><b>Altitude:</b></span> <span>0 ft</span></div>
<div><span><b>Speed:</b></span> <span>135 kt - 147 kt</span></div>
<div><span><b>Timestamp:</b></span><br/><span>2023-12-14 14:55:44 UTC<br/>2023-12-14 14:55:50 UTC</span></div>
</div>]]></description>
		<Style>
			<LineStyle>
				<color>ffffffff</color>
				<width>2</width>
			</LineStyle>
		</Style>
		<MultiGeometry>
			<LineString>
				<tessellate>1</tessellate>
				<coordinates>
					50.03717,40.469513,0 50.035889,40.473495,0 
				</coordinates>
			</LineString>
		</MultiGeometry>
	</Placemark>
	<Placemark>
		<name>P-60</name>
		<visibility>0</visibility>
		<description><![CDATA[<div><div><span><b>Altitude:</b></span> <span>0 ft - 150 ft</span></div>
<div><span><b>Speed:</b></span> <span>147 kt - 143 kt</span></div>
<div><span><b>Timestamp:</b></span><br/><span>2023-12-14 14:55:50 UTC<br/>2023-12-14 14:56:00 UTC</span></div>
</div>]]></description>
		<Style>
			<LineStyle>
				<color>ffffffff</color>
				<width>2</width>
			</LineStyle>
		</Style>
		<MultiGeometry>
			<LineString>
				<tessellate>1</tessellate>
				<coordinates>
					50.035889,40.473495,0 50.033997,40.479492,45.72 
				</coordinates>
			</LineString>
		</MultiGeometry>
	</Placemark>
	<Placemark>
		<name>P-61</name>
		<visibility>0</visibility>
		<description><![CDATA[<div><div><span><b>Altitude:</b></span> <span>150 ft - 500 ft</span></div>
<div><span><b>Speed:</b></span> <span>143 kt - 141 kt</span></div>
<div><span><b>Timestamp:</b></span><br/><span>2023-12-14 14:56:00 UTC<br/>2023-12-14 14:56:08 UTC</span></div>
</div>]]></description>
		<Style>
			<LineStyle>
				<color>ffffffff</color>
				<width>2</width>
			</LineStyle>
		</Style>
		<MultiGeometry>
			<LineString>
				<tessellate>1</tessellate>
				<altitudeMode>absolute</altitudeMode>
				<coordinates>
					50.033997,40.479492,45.72 50.032364,40.484993,152.4 
				</coordinates>
			</LineString>
		</MultiGeometry>
	</Placemark>
	<Placemark>
		<name>P-62</name>
		<visibility>0</visibility>
		<description><![CDATA[<div><div><span><b>Altitude:</b></span> <span>500 ft - 900 ft</span></div>
<div><span><b>Speed:</b></span> <span>141 kt - 138 kt</span></div>
<div><span><b>Timestamp:</b></span><br/><span>2023-12-14 14:56:08 UTC<br/>2023-12-14 14:56:17 UTC</span></div>
</div>]]></description>
		<Style>
			<LineStyle>
				<color>ffffe062</color>
				<width>2</width>
			</LineStyle>
		</Style>
		<MultiGeometry>
			<LineString>
				<tessellate>1</tessellate>
				<altitudeMode>absolute</altitudeMode>
				<coordinates>
					50.032364,40.484993,152.4 50.030365,40.49081,274.32 
				</coordinates>
			</LineString>
		</MultiGeometry>
	</Placemark>
	<Placemark>
		<name>P-63</name>
		<visibility>0</visibility>
		<description><![CDATA[<div><div><span><b>Altitude:</b></span> <span>900 ft - 1,225 ft</span></div>
<div><span><b>Speed:</b></span> <span>138 kt - 137 kt</span></div>
<div><span><b>Timestamp:</b></span><br/><span>2023-12-14 14:56:17 UTC<br/>2023-12-14 14:56:26 UTC</span></div>
</div>]]></description>
		<Style>
			<LineStyle>
				<color>ffffea00</color>
				<width>2</width>
			</LineStyle>
		</Style>
		<MultiGeometry>
			<LineString>
				<tessellate>1</tessellate>
				<altitudeMode>absolute</altitudeMode>
				<coordinates>
					50.030365,40.49081,274.32 50.028492,40.496212,373.3799999999999 
				</coordinates>
			</LineString>
		</MultiGeometry>
	</Placemark>
	<Placemark>
		<name>P-64</name>
		<visibility>0</visibility>
		<description><![CDATA[<div><div><span><b>Altitude:</b></span> <span>1,225 ft - 1,550 ft</span></div>
<div><span><b>Speed:</b></span> <span>137 kt - 139 kt</span></div>
<div><span><b>Timestamp:</b></span><br/><span>2023-12-14 14:56:26 UTC<br/>2023-12-14 14:56:36 UTC</span></div>
</div>]]></description>
		<Style>
			<LineStyle>
				<color>fff0ff00</color>
				<width>2</width>
			</LineStyle>
		</Style>
		<MultiGeometry>
			<LineString>
				<tessellate>1</tessellate>
				<altitudeMode>absolute</altitudeMode>
				<coordinates>
					50.028492,40.496212,373.3799999999999 50.02649300000001,40.501842,472.4399999999999 
				</coordinates>
			</LineString>
		</MultiGeometry>
	</Placemark>
	<Placemark>
		<name>P-65</name>
		<visibility>0</visibility>
		<description><![CDATA[<div><div><span><b>Altitude:</b></span> <span>1,550 ft - 1,875 ft</span></div>
<div><span><b>Speed:</b></span> <span>139 kt - 140 kt</span></div>
<div><span><b>Timestamp:</b></span><br/><span>2023-12-14 14:56:36 UTC<br/>2023-12-14 14:56:45 UTC</span></div>
</div>]]></description>
		<Style>
			<LineStyle>
				<color>ffccff00</color>
				<width>2</width>
			</LineStyle>
		</Style>
		<MultiGeometry>
			<LineString>
				<tessellate>1</tessellate>
				<altitudeMode>absolute</altitudeMode>
				<coordinates>
					50.02649300000001,40.501842,472.4399999999999 50.02453599999999,40.507599,571.5 
				</coordinates>
			</LineString>
		</MultiGeometry>
	</Placemark>
	<Placemark>
		<name>P-66</name>
		<visibility>0</visibility>
		<description><![CDATA[<div><div><span><b>Altitude:</b></span> <span>1,875 ft - 2,200 ft</span></div>
<div><span><b>Speed:</b></span> <span>140 kt - 139 kt</span></div>
<div><span><b>Timestamp:</b></span><br/><span>2023-12-14 14:56:45 UTC<br/>2023-12-14 14:56:54 UTC</span></div>
</div>]]></description>
		<Style>
			<LineStyle>
				<color>ffccff00</color>
				<width>2</width>
			</LineStyle>
		</Style>
		<MultiGeometry>
			<LineString>
				<tessellate>1</tessellate>
				<altitudeMode>absolute</altitudeMode>
				<coordinates>
					50.02453599999999,40.507599,571.5 50.02264400000001,40.513275,670.5599999999998 
				</coordinates>
			</LineString>
		</MultiGeometry>
	</Placemark>
	<Placemark>
		<name>P-67</name>
		<visibility>0</visibility>
		<description><![CDATA[<div><div><span><b>Altitude:</b></span> <span>2,200 ft - 2,500 ft</span></div>
<div><span><b>Speed:</b></span> <span>139 kt</span></div>
<div><span><b>Timestamp:</b></span><br/><span>2023-12-14 14:56:54 UTC<br/>2023-12-14 14:57:03 UTC</span></div>
</div>]]></description>
		<Style>
			<LineStyle>
				<color>ff42ff00</color>
				<width>2</width>
			</LineStyle>
		</Style>
		<MultiGeometry>
			<LineString>
				<tessellate>1</tessellate>
				<altitudeMode>absolute</altitudeMode>
				<coordinates>
					50.02264400000001,40.513275,670.5599999999998 50.020813,40.518929,761.9999999999999 
				</coordinates>
			</LineString>
		</MultiGeometry>
	</Placemark>
	<Placemark>
		<name>P-68</name>
		<visibility>0</visibility>
		<description><![CDATA[<div><div><span><b>Altitude:</b></span> <span>2,500 ft - 2,775 ft</span></div>
<div><span><b>Speed:</b></span> <span>139 kt - 141 kt</span></div>
<div><span><b>Timestamp:</b></span><br/><span>2023-12-14 14:57:03 UTC<br/>2023-12-14 14:57:12 UTC</span></div>
</div>]]></description>
		<Style>
			<LineStyle>
				<color>ff42ff00</color>
				<width>2</width>
			</LineStyle>
		</Style>
		<MultiGeometry>
			<LineString>
				<tessellate>1</tessellate>
				<altitudeMode>absolute</altitudeMode>
				<coordinates>
					50.020813,40.518929,761.9999999999999 50.01892099999999,40.524811,845.8199999999999 
				</coordinates>
			</LineString>
		</MultiGeometry>
	</Placemark>
	<Placemark>
		<name>P-69</name>
		<visibility>0</visibility>
		<description><![CDATA[<div><div><span><b>Altitude:</b></span> <span>2,775 ft - 3,000 ft</span></div>
<div><span><b>Speed:</b></span> <span>141 kt - 145 kt</span></div>
<div><span><b>Timestamp:</b></span><br/><span>2023-12-14 14:57:12 UTC<br/>2023-12-14 14:57:21 UTC</span></div>
</div>]]></description>
		<Style>
			<LineStyle>
				<color>ff1eff00</color>
				<width>2</width>
			</LineStyle>
		</Style>
		<MultiGeometry>
			<LineString>
				<tessellate>1</tessellate>
				<altitudeMode>absolute</altitudeMode>
				<coordinates>
					50.01892099999999,40.524811,845.8199999999999 50.017132,40.5308,914.3999999999999 
				</coordinates>
			</LineString>
		</MultiGeometry>
	</Placemark>
	<Placemark>
		<name>P-70</name>
		<visibility>0</visibility>
		<description><![CDATA[<div><div><span><b>Altitude:</b></span> <span>3,000 ft - 3,200 ft</span></div>
<div><span><b>Speed:</b></span> <span>145 kt - 154 kt</span></div>
<div><span><b>Timestamp:</b></span><br/><span>2023-12-14 14:57:21 UTC<br/>2023-12-14 14:57:30 UTC</span></div>
</div>]]></description>
		<Style>
			<LineStyle>
				<color>ff1eff00</color>
				<width>2</width>
			</LineStyle>
		</Style>
		<MultiGeometry>
			<LineString>
				<tessellate>1</tessellate>
				<altitudeMode>absolute</altitudeMode>
				<coordinates>
					50.017132,40.5308,914.3999999999999 50.015259,40.536896,975.3599999999998 
				</coordinates>
			</LineString>
		</MultiGeometry>
	</Placemark>
	<Placemark>
		<name>P-71</name>
		<visibility>0</visibility>
		<description><![CDATA[<div><div><span><b>Altitude:</b></span> <span>3,200 ft - 3,350 ft</span></div>
<div><span><b>Speed:</b></span> <span>154 kt - 163 kt</span></div>
<div><span><b>Timestamp:</b></span><br/><span>2023-12-14 14:57:30 UTC<br/>2023-12-14 14:57:39 UTC</span></div>
</div>]]></description>
		<Style>
			<LineStyle>
				<color>ff1eff00</color>
				<width>2</width>
			</LineStyle>
		</Style>
		<MultiGeometry>
			<LineString>
				<tessellate>1</tessellate>
				<altitudeMode>absolute</altitudeMode>
				<coordinates>
					50.015259,40.536896,975.3599999999998 50.013184,40.543488,1021.08 
				</coordinates>
			</LineString>
		</MultiGeometry>
	</Placemark>
	<Placemark>
		<name>P-72</name>
		<visibility>0</visibility>
		<description><![CDATA[<div><div><span><b>Altitude:</b></span> <span>3,350 ft - 3,550 ft</span></div>
<div><span><b>Speed:</b></span> <span>163 kt - 174 kt</span></div>
<div><span><b>Timestamp:</b></span><br/><span>2023-12-14 14:57:39 UTC<br/>2023-12-14 14:57:48 UTC</span></div>
</div>]]></description>
		<Style>
			<LineStyle>
				<color>ff00ff0c</color>
				<width>2</width>
			</LineStyle>
		</Style>
		<MultiGeometry>
			<LineString>
				<tessellate>1</tessellate>
				<altitudeMode>absolute</altitudeMode>
				<coordinates>
					50.013184,40.543488,1021.08 50.010891,40.550678,1082.04 
				</coordinates>
			</LineString>
		</MultiGeometry>
	</Placemark>
	<Placemark>
		<name>P-73</name>
		<visibility>0</visibility>
		<description><![CDATA[<div><div><span><b>Altitude:</b></span> <span>3,550 ft - 3,725 ft</span></div>
<div><span><b>Speed:</b></span> <span>174 kt - 183 kt</span></div>
<div><span><b>Timestamp:</b></span><br/><span>2023-12-14 14:57:48 UTC<br/>2023-12-14 14:57:57 UTC</span></div>
</div>]]></description>
		<Style>
			<LineStyle>
				<color>ff00ff0c</color>
				<width>2</width>
			</LineStyle>
		</Style>
		<MultiGeometry>
			<LineString>
				<tessellate>1</tessellate>
				<altitudeMode>absolute</altitudeMode>
				<coordinates>
					50.010891,40.550678,1082.04 50.00860599999999,40.557999,1135.38 
				</coordinates>
			</LineString>
		</MultiGeometry>
	</Placemark>
	<Placemark>
		<name>P-74</name>
		<visibility>0</visibility>
		<description><![CDATA[<div><div><span><b>Altitude:</b></span> <span>3,725 ft - 3,925 ft</span></div>
<div><span><b>Speed:</b></span> <span>183 kt - 193 kt</span></div>
<div><span><b>Timestamp:</b></span><br/><span>2023-12-14 14:57:57 UTC<br/>2023-12-14 14:58:06 UTC</span></div>
</div>]]></description>
		<Style>
			<LineStyle>
				<color>ff00ff0c</color>
				<width>2</width>
			</LineStyle>
		</Style>
		<MultiGeometry>
			<LineString>
				<tessellate>1</tessellate>
				<altitudeMode>absolute</altitudeMode>
				<coordinates>
					50.00860599999999,40.557999,1135.38 50.006207,40.565525,1196.34 
				</coordinates>
			</LineString>
		</MultiGeometry>
	</Placemark>
	<Placemark>
		<name>P-75</name>
		<visibility>0</visibility>
		<description><![CDATA[<div><div><span><b>Altitude:</b></span> <span>3,925 ft - 4,175 ft</span></div>
<div><span><b>Speed:</b></span> <span>193 kt - 202 kt</span></div>
<div><span><b>Timestamp:</b></span><br/><span>2023-12-14 14:58:06 UTC<br/>2023-12-14 14:58:16 UTC</span></div>
</div>]]></description>
		<Style>
			<LineStyle>
				<color>ff00ff0c</color>
				<width>2</width>
			</LineStyle>
		</Style>
		<MultiGeometry>
			<LineString>
				<tessellate>1</tessellate>
				<altitudeMode>absolute</altitudeMode>
				<coordinates>
					50.006207,40.565525,1196.34 50.003586,40.574047,1272.54 
				</coordinates>
			</LineString>
		</MultiGeometry>
	</Placemark>
	<Placemark>
		<name>P-76</name>
		<visibility>0</visibility>
		<description><![CDATA[<div><div><span><b>Altitude:</b></span> <span>4,175 ft - 4,475 ft</span></div>
<div><span><b>Speed:</b></span> <span>202 kt - 210 kt</span></div>
<div><span><b>Timestamp:</b></span><br/><span>2023-12-14 14:58:16 UTC<br/>2023-12-14 14:58:25 UTC</span></div>
</div>]]></description>
		<Style>
			<LineStyle>
				<color>ff00ff36</color>
				<width>2</width>
			</LineStyle>
		</Style>
		<MultiGeometry>
			<LineString>
				<tessellate>1</tessellate>
				<altitudeMode>absolute</altitudeMode>
				<coordinates>
					50.003586,40.574047,1272.54 50.00103800000001,40.582443,1363.98 
				</coordinates>
			</LineString>
		</MultiGeometry>
	</Placemark>
	<Placemark>
		<name>P-77</name>
		<visibility>0</visibility>
		<description><![CDATA[<div><div><span><b>Altitude:</b></span> <span>4,475 ft - 4,750 ft</span></div>
<div><span><b>Speed:</b></span> <span>210 kt - 218 kt</span></div>
<div><span><b>Timestamp:</b></span><br/><span>2023-12-14 14:58:25 UTC<br/>2023-12-14 14:58:34 UTC</span></div>
</div>]]></description>
		<Style>
			<LineStyle>
				<color>ff00ff36</color>
				<width>2</width>
			</LineStyle>
		</Style>
		<MultiGeometry>
			<LineString>
				<tessellate>1</tessellate>
				<altitudeMode>absolute</altitudeMode>
				<coordinates>
					50.00103800000001,40.582443,1363.98 49.998341,40.59127,1447.8 
				</coordinates>
			</LineString>
		</MultiGeometry>
	</Placemark>
	<Placemark>
		<name>P-78</name>
		<visibility>0</visibility>
		<description><![CDATA[<div><div><span><b>Altitude:</b></span> <span>4,750 ft - 5,025 ft</span></div>
<div><span><b>Speed:</b></span> <span>218 kt - 226 kt</span></div>
<div><span><b>Timestamp:</b></span><br/><span>2023-12-14 14:58:34 UTC<br/>2023-12-14 14:58:43 UTC</span></div>
</div>]]></description>
		<Style>
			<LineStyle>
				<color>ff00ff36</color>
				<width>2</width>
			</LineStyle>
		</Style>
		<MultiGeometry>
			<LineString>
				<tessellate>1</tessellate>
				<altitudeMode>absolute</altitudeMode>
				<coordinates>
					49.998341,40.59127,1447.8 49.995728,40.599884,1531.62 
				</coordinates>
			</LineString>
		</MultiGeometry>
	</Placemark>
	<Placemark>
		<name>P-79</name>
		<visibility>0</visibility>
		<description><![CDATA[<div><div><span><b>Altitude:</b></span> <span>5,025 ft - 5,750 ft</span></div>
<div><span><b>Speed:</b></span> <span>226 kt - 229 kt</span></div>
<div><span><b>Timestamp:</b></span><br/><span>2023-12-14 14:58:43 UTC<br/>2023-12-14 14:58:58 UTC</span></div>
</div>]]></description>
		<Style>
			<LineStyle>
				<color>ff00ff72</color>
				<width>2</width>
			</LineStyle>
		</Style>
		<MultiGeometry>
			<LineString>
				<tessellate>1</tessellate>
				<altitudeMode>absolute</altitudeMode>
				<coordinates>
					49.995728,40.599884,1531.62 49.990967,40.616364,1752.6 
				</coordinates>
			</LineString>
		</MultiGeometry>
	</Placemark>
	<Placemark>
		<name>P-80</name>
		<visibility>0</visibility>
		<description><![CDATA[<div><div><span><b>Altitude:</b></span> <span>5,750 ft - 6,175 ft</span></div>
<div><span><b>Speed:</b></span> <span>229 kt - 231 kt</span></div>
<div><span><b>Timestamp:</b></span><br/><span>2023-12-14 14:58:58 UTC<br/>2023-12-14 14:59:07 UTC</span></div>
</div>]]></description>
		<Style>
			<LineStyle>
				<color>ff00ff72</color>
				<width>2</width>
			</LineStyle>
		</Style>
		<MultiGeometry>
			<LineString>
				<tessellate>1</tessellate>
				<altitudeMode>absolute</altitudeMode>
				<coordinates>
					49.990967,40.616364,1752.6 49.989929,40.626068,1882.14 
				</coordinates>
			</LineString>
		</MultiGeometry>
	</Placemark>
	<Placemark>
		<name>P-81</name>
		<visibility>0</visibility>
		<description><![CDATA[<div><div><span><b>Altitude:</b></span> <span>6,175 ft - 6,300 ft</span></div>
<div><span><b>Speed:</b></span> <span>231 kt - 234 kt</span></div>
<div><span><b>Timestamp:</b></span><br/><span>2023-12-14 14:59:07 UTC<br/>2023-12-14 14:59:10 UTC</span></div>
</div>]]></description>
		<Style>
			<LineStyle>
				<color>ff00ff72</color>
				<width>2</width>
			</LineStyle>
		</Style>
		<MultiGeometry>
			<LineString>
				<tessellate>1</tessellate>
				<altitudeMode>absolute</altitudeMode>
				<coordinates>
					49.989929,40.626068,1882.14 49.99004,40.629257,1920.24 
				</coordinates>
			</LineString>
		</MultiGeometry>
	</Placemark>
	<Placemark>
		<name>P-82</name>
		<visibility>0</visibility>
		<description><![CDATA[<div><div><span><b>Altitude:</b></span> <span>6,300 ft - 6,450 ft</span></div>
<div><span><b>Speed:</b></span> <span>234 kt - 236 kt</span></div>
<div><span><b>Timestamp:</b></span><br/><span>2023-12-14 14:59:10 UTC<br/>2023-12-14 14:59:13 UTC</span></div>
</div>]]></description>
		<Style>
			<LineStyle>
				<color>ff00ff72</color>
				<width>2</width>
			</LineStyle>
		</Style>
		<MultiGeometry>
			<LineString>
				<tessellate>1</tessellate>
				<altitudeMode>absolute</altitudeMode>
				<coordinates>
					49.99004,40.629257,1920.24 49.99022699999999,40.632889,1965.96 
				</coordinates>
			</LineString>
		</MultiGeometry>
	</Placemark>
	<Placemark>
		<name>P-83</name>
		<visibility>0</visibility>
		<description><![CDATA[<div><div><span><b>Altitude:</b></span> <span>6,450 ft - 6,550 ft</span></div>
<div><span><b>Speed:</b></span> <span>236 kt - 237 kt</span></div>
<div><span><b>Timestamp:</b></span><br/><span>2023-12-14 14:59:13 UTC<br/>2023-12-14 14:59:16 UTC</span></div>
</div>]]></description>
		<Style>
			<LineStyle>
				<color>ff00ff72</color>
				<width>2</width>
			</LineStyle>
		</Style>
		<MultiGeometry>
			<LineString>
				<tessellate>1</tessellate>
				<altitudeMode>absolute</altitudeMode>
				<coordinates>
					49.99022699999999,40.632889,1965.96 49.990356,40.635086,1996.44 
				</coordinates>
			</LineString>
		</MultiGeometry>
	</Placemark>
	<Placemark>
		<name>P-84</name>
		<visibility>0</visibility>
		<description><![CDATA[<div><div><span><b>Altitude:</b></span> <span>6,550 ft - 6,725 ft</span></div>
<div><span><b>Speed:</b></span> <span>237 kt - 238 kt</span></div>
<div><span><b>Timestamp:</b></span><br/><span>2023-12-14 14:59:16 UTC<br/>2023-12-14 14:59:19 UTC</span></div>
</div>]]></description>
		<Style>
			<LineStyle>
				<color>ff00ff72</color>
				<width>2</width>
			</LineStyle>
		</Style>
		<MultiGeometry>
			<LineString>
				<tessellate>1</tessellate>
				<altitudeMode>absolute</altitudeMode>
				<coordinates>
					49.990356,40.635086,1996.44 49.99060099999999,40.639252,2049.78 
				</coordinates>
			</LineString>
		</MultiGeometry>
	</Placemark>
	<Placemark>
		<name>P-85</name>
		<visibility>0</visibility>
		<description><![CDATA[<div><div><span><b>Altitude:</b></span> <span>6,725 ft - 6,875 ft</span></div>
<div><span><b>Speed:</b></span> <span>238 kt</span></div>
<div><span><b>Timestamp:</b></span><br/><span>2023-12-14 14:59:19 UTC<br/>2023-12-14 14:59:22 UTC</span></div>
</div>]]></description>
		<Style>
			<LineStyle>
				<color>ff00ff9c</color>
				<width>2</width>
			</LineStyle>
		</Style>
		<MultiGeometry>
			<LineString>
				<tessellate>1</tessellate>
				<altitudeMode>absolute</altitudeMode>
				<coordinates>
					49.99060099999999,40.639252,2049.78 49.99078799999999,40.64299,2095.5 
				</coordinates>
			</LineString>
		</MultiGeometry>
	</Placemark>
	<Placemark>
		<name>P-86</name>
		<visibility>0</visibility>
		<description><![CDATA[<div><div><span><b>Altitude:</b></span> <span>6,875 ft - 7,025 ft</span></div>
<div><span><b>Speed:</b></span> <span>238 kt</span></div>
<div><span><b>Timestamp:</b></span><br/><span>2023-12-14 14:59:22 UTC<br/>2023-12-14 14:59:25 UTC</span></div>
</div>]]></description>
		<Style>
			<LineStyle>
				<color>ff00ff9c</color>
				<width>2</width>
			</LineStyle>
		</Style>
		<MultiGeometry>
			<LineString>
				<tessellate>1</tessellate>
				<altitudeMode>absolute</altitudeMode>
				<coordinates>
					49.99078799999999,40.64299,2095.5 49.991028,40.64621,2141.22 
				</coordinates>
			</LineString>
		</MultiGeometry>
	</Placemark>
	<Placemark>
		<name>P-87</name>
		<visibility>0</visibility>
		<description><![CDATA[<div><div><span><b>Altitude:</b></span> <span>7,025 ft - 7,175 ft</span></div>
<div><span><b>Speed:</b></span> <span>238 kt - 239 kt</span></div>
<div><span><b>Timestamp:</b></span><br/><span>2023-12-14 14:59:25 UTC<br/>2023-12-14 14:59:28 UTC</span></div>
</div>]]></description>
		<Style>
			<LineStyle>
				<color>ff00ff9c</color>
				<width>2</width>
			</LineStyle>
		</Style>
		<MultiGeometry>
			<LineString>
				<tessellate>1</tessellate>
				<altitudeMode>absolute</altitudeMode>
				<coordinates>
					49.991028,40.64621,2141.22 49.99121099999999,40.649597,2186.94 
				</coordinates>
			</LineString>
		</MultiGeometry>
	</Placemark>
	<Placemark>
		<name>P-88</name>
		<visibility>0</visibility>
		<description><![CDATA[<div><div><span><b>Altitude:</b></span> <span>7,175 ft - 7,775 ft</span></div>
<div><span><b>Speed:</b></span> <span>239 kt - 245 kt</span></div>
<div><span><b>Timestamp:</b></span><br/><span>2023-12-14 14:59:28 UTC<br/>2023-12-14 14:59:43 UTC</span></div>
</div>]]></description>
		<Style>
			<LineStyle>
				<color>ff00ff9c</color>
				<width>2</width>
			</LineStyle>
		</Style>
		<MultiGeometry>
			<LineString>
				<tessellate>1</tessellate>
				<altitudeMode>absolute</altitudeMode>
				<coordinates>
					49.99121099999999,40.649597,2186.94 49.9921,40.666359,2369.82 
				</coordinates>
			</LineString>
		</MultiGeometry>
	</Placemark>
	<Placemark>
		<name>P-89</name>
		<visibility>0</visibility>
		<description><![CDATA[<div><div><span><b>Altitude:</b></span> <span>7,775 ft - 8,275 ft</span></div>
<div><span><b>Speed:</b></span> <span>245 kt - 255 kt</span></div>
<div><span><b>Timestamp:</b></span><br/><span>2023-12-14 14:59:43 UTC<br/>2023-12-14 14:59:59 UTC</span></div>
</div>]]></description>
		<Style>
			<LineStyle>
				<color>ff00ff9c</color>
				<width>2</width>
			</LineStyle>
		</Style>
		<MultiGeometry>
			<LineString>
				<tessellate>1</tessellate>
				<altitudeMode>absolute</altitudeMode>
				<coordinates>
					49.9921,40.666359,2369.82 49.992859,40.684021,2522.22 
				</coordinates>
			</LineString>
		</MultiGeometry>
	</Placemark>
	<Placemark>
		<name>P-90</name>
		<visibility>0</visibility>
		<description><![CDATA[<div><div><span><b>Altitude:</b></span> <span>8,275 ft - 8,975 ft</span></div>
<div><span><b>Speed:</b></span> <span>255 kt - 258 kt</span></div>
<div><span><b>Timestamp:</b></span><br/><span>2023-12-14 14:59:59 UTC<br/>2023-12-14 15:00:14 UTC</span></div>
</div>]]></description>
		<Style>
			<LineStyle>
				<color>ff00ffd2</color>
				<width>2</width>
			</LineStyle>
		</Style>
		<MultiGeometry>
			<LineString>
				<tessellate>1</tessellate>
				<altitudeMode>absolute</altitudeMode>
				<coordinates>
					49.992859,40.684021,2522.22 49.99366,40.702576,2735.58 
				</coordinates>
			</LineString>
		</MultiGeometry>
	</Placemark>
	<Placemark>
		<name>P-91</name>
		<visibility>0</visibility>
		<description><![CDATA[<div><div><span><b>Altitude:</b></span> <span>8,975 ft - 9,575 ft</span></div>
<div><span><b>Speed:</b></span> <span>258 kt - 262 kt</span></div>
<div><span><b>Timestamp:</b></span><br/><span>2023-12-14 15:00:14 UTC<br/>2023-12-14 15:00:30 UTC</span></div>
</div>]]></description>
		<Style>
			<LineStyle>
				<color>ff00ffd2</color>
				<width>2</width>
			</LineStyle>
		</Style>
		<MultiGeometry>
			<LineString>
				<tessellate>1</tessellate>
				<altitudeMode>absolute</altitudeMode>
				<coordinates>
					49.99366,40.702576,2735.58 49.994446,40.720779,2918.46 
				</coordinates>
			</LineString>
		</MultiGeometry>
	</Placemark>
	<Placemark>
		<name>P-92</name>
		<visibility>0</visibility>
		<description><![CDATA[<div><div><span><b>Altitude:</b></span> <span>9,575 ft - 10,100 ft</span></div>
<div><span><b>Speed:</b></span> <span>262 kt - 269 kt</span></div>
<div><span><b>Timestamp:</b></span><br/><span>2023-12-14 15:00:30 UTC<br/>2023-12-14 15:00:45 UTC</span></div>
</div>]]></description>
		<Style>
			<LineStyle>
				<color>ff00ffd2</color>
				<width>2</width>
			</LineStyle>
		</Style>
		<MultiGeometry>
			<LineString>
				<tessellate>1</tessellate>
				<altitudeMode>absolute</altitudeMode>
				<coordinates>
					49.994446,40.720779,2918.46 49.99522,40.739864,3078.48 
				</coordinates>
			</LineString>
		</MultiGeometry>
	</Placemark>
	<Placemark>
		<name>P-93</name>
		<visibility>0</visibility>
		<description><![CDATA[<div><div><span><b>Altitude:</b></span> <span>10,100 ft - 10,425 ft</span></div>
<div><span><b>Speed:</b></span> <span>269 kt - 282 kt</span></div>
<div><span><b>Timestamp:</b></span><br/><span>2023-12-14 15:00:45 UTC<br/>2023-12-14 15:01:00 UTC</span></div>
</div>]]></description>
		<Style>
			<LineStyle>
				<color>ff00ffe4</color>
				<width>2</width>
			</LineStyle>
		</Style>
		<MultiGeometry>
			<LineString>
				<tessellate>1</tessellate>
				<altitudeMode>absolute</altitudeMode>
				<coordinates>
					49.99522,40.739864,3078.48 49.994202,40.759094,3177.54 
				</coordinates>
			</LineString>
		</MultiGeometry>
	</Placemark>
	<Placemark>
		<name>P-94</name>
		<visibility>0</visibility>
		<description><![CDATA[<div><div><span><b>Altitude:</b></span> <span>10,425 ft - 10,550 ft</span></div>
<div><span><b>Speed:</b></span> <span>282 kt - 286 kt</span></div>
<div><span><b>Timestamp:</b></span><br/><span>2023-12-14 15:01:00 UTC<br/>2023-12-14 15:01:06 UTC</span></div>
</div>]]></description>
		<Style>
			<LineStyle>
				<color>ff00ffe4</color>
				<width>2</width>
			</LineStyle>
		</Style>
		<MultiGeometry>
			<LineString>
				<tessellate>1</tessellate>
				<altitudeMode>absolute</altitudeMode>
				<coordinates>
					49.994202,40.759094,3177.54 49.992538,40.767704,3215.639999999999 
				</coordinates>
			</LineString>
		</MultiGeometry>
	</Placemark>
	<Placemark>
		<name>P-95</name>
		<visibility>0</visibility>
		<description><![CDATA[<div><div><span><b>Altitude:</b></span> <span>10,550 ft - 10,625 ft</span></div>
<div><span><b>Speed:</b></span> <span>286 kt - 290 kt</span></div>
<div><span><b>Timestamp:</b></span><br/><span>2023-12-14 15:01:06 UTC<br/>2023-12-14 15:01:09 UTC</span></div>
</div>]]></description>
		<Style>
			<LineStyle>
				<color>ff00ffe4</color>
				<width>2</width>
			</LineStyle>
		</Style>
		<MultiGeometry>
			<LineString>
				<tessellate>1</tessellate>
				<altitudeMode>absolute</altitudeMode>
				<coordinates>
					49.992538,40.767704,3215.639999999999 49.991665,40.77166,3238.5 
				</coordinates>
			</LineString>
		</MultiGeometry>
	</Placemark>
	<Placemark>
		<name>P-96</name>
		<visibility>0</visibility>
		<description><![CDATA[<div><div><span><b>Altitude:</b></span> <span>10,625 ft - 10,675 ft</span></div>
<div><span><b>Speed:</b></span> <span>290 kt - 291 kt</span></div>
<div><span><b>Timestamp:</b></span><br/><span>2023-12-14 15:01:09 UTC<br/>2023-12-14 15:01:13 UTC</span></div>
</div>]]></description>
		<Style>
			<LineStyle>
				<color>ff00ffe4</color>
				<width>2</width>
			</LineStyle>
		</Style>
		<MultiGeometry>
			<LineString>
				<tessellate>1</tessellate>
				<altitudeMode>absolute</altitudeMode>
				<coordinates>
					49.991665,40.77166,3238.5 49.990665,40.775803,3253.74 
				</coordinates>
			</LineString>
		</MultiGeometry>
	</Placemark>
	<Placemark>
		<name>P-97</name>
		<visibility>0</visibility>
		<description><![CDATA[<div><div><span><b>Altitude:</b></span> <span>10,675 ft - 10,725 ft</span></div>
<div><span><b>Speed:</b></span> <span>291 kt - 294 kt</span></div>
<div><span><b>Timestamp:</b></span><br/><span>2023-12-14 15:01:13 UTC<br/>2023-12-14 15:01:16 UTC</span></div>
</div>]]></description>
		<Style>
			<LineStyle>
				<color>ff00ffe4</color>
				<width>2</width>
			</LineStyle>
		</Style>
		<MultiGeometry>
			<LineString>
				<tessellate>1</tessellate>
				<altitudeMode>absolute</altitudeMode>
				<coordinates>
					49.990665,40.775803,3253.74 49.989685,40.779922,3268.98 
				</coordinates>
			</LineString>
		</MultiGeometry>
	</Placemark>
	<Placemark>
		<name>P-98</name>
		<visibility>0</visibility>
		<description><![CDATA[<div><div><span><b>Altitude:</b></span> <span>10,725 ft - 10,775 ft</span></div>
<div><span><b>Speed:</b></span> <span>294 kt - 297 kt</span></div>
<div><span><b>Timestamp:</b></span><br/><span>2023-12-14 15:01:16 UTC<br/>2023-12-14 15:01:19 UTC</span></div>
</div>]]></description>
		<Style>
			<LineStyle>
				<color>ff00ffe4</color>
				<width>2</width>
			</LineStyle>
		</Style>
		<MultiGeometry>
			<LineString>
				<tessellate>1</tessellate>
				<altitudeMode>absolute</altitudeMode>
				<coordinates>
					49.989685,40.779922,3268.98 49.988708,40.783722,3284.219999999999 
				</coordinates>
			</LineString>
		</MultiGeometry>
	</Placemark>
	<Placemark>
		<name>P-99</name>
		<visibility>0</visibility>
		<description><![CDATA[<div><div><span><b>Altitude:</b></span> <span>10,775 ft - 11,050 ft</span></div>
<div><span><b>Speed:</b></span> <span>297 kt - 312 kt</span></div>
<div><span><b>Timestamp:</b></span><br/><span>2023-12-14 15:01:19 UTC<br/>2023-12-14 15:01:34 UTC</span></div>
</div>]]></description>
		<Style>
			<LineStyle>
				<color>ff00ffe4</color>
				<width>2</width>
			</LineStyle>
		</Style>
		<MultiGeometry>
			<LineString>
				<tessellate>1</tessellate>
				<altitudeMode>absolute</altitudeMode>
				<coordinates>
					49.988708,40.783722,3284.219999999999 49.983032,40.804916,3368.04 
				</coordinates>
			</LineString>
		</MultiGeometry>
	</Placemark>
	<Placemark>
		<name>P-100</name>
		<visibility>0</visibility>
		<description><![CDATA[<div><div><span><b>Altitude:</b></span> <span>11,050 ft - 11,325 ft</span></div>
<div><span><b>Speed:</b></span> <span>312 kt - 327 kt</span></div>
<div><span><b>Timestamp:</b></span><br/><span>2023-12-14 15:01:34 UTC<br/>2023-12-14 15:01:49 UTC</span></div>
</div>]]></description>
		<Style>
			<LineStyle>
				<color>ff00ffe4</color>
				<width>2</width>
			</LineStyle>
		</Style>
		<MultiGeometry>
			<LineString>
				<tessellate>1</tessellate>
				<altitudeMode>absolute</altitudeMode>
				<coordinates>
					49.983032,40.804916,3368.04 49.976746,40.827484,3451.86 
				</coordinates>
			</LineString>
		</MultiGeometry>
	</Placemark>
	<Placemark>
		<name>P-101</name>
		<visibility>0</visibility>
		<description><![CDATA[<div><div><span><b>Altitude:</b></span> <span>11,325 ft - 11,550 ft</span></div>
<div><span><b>Speed:</b></span> <span>327 kt - 338 kt</span></div>
<div><span><b>Timestamp:</b></span><br/><span>2023-12-14 15:01:49 UTC<br/>2023-12-14 15:02:01 UTC</span></div>
</div>]]></description>
		<Style>
			<LineStyle>
				<color>ff00ffe4</color>
				<width>2</width>
			</LineStyle>
		</Style>
		<MultiGeometry>
			<LineString>
				<tessellate>1</tessellate>
				<altitudeMode>absolute</altitudeMode>
				<coordinates>
					49.976746,40.827484,3451.86 49.97156099999999,40.845772,3520.44 
				</coordinates>
			</LineString>
		</MultiGeometry>
	</Placemark>
	<Placemark>
		<name>P-102</name>
		<visibility>0</visibility>
		<description><![CDATA[<div><div><span><b>Altitude:</b></span> <span>11,550 ft - 11,825 ft</span></div>
<div><span><b>Speed:</b></span> <span>338 kt - 351 kt</span></div>
<div><span><b>Timestamp:</b></span><br/><span>2023-12-14 15:02:01 UTC<br/>2023-12-14 15:02:17 UTC</span></div>
</div>]]></description>
		<Style>
			<LineStyle>
				<color>ff00eaff</color>
				<width>2</width>
			</LineStyle>
		</Style>
		<MultiGeometry>
			<LineString>
				<tessellate>1</tessellate>
				<altitudeMode>absolute</altitudeMode>
				<coordinates>
					49.97156099999999,40.845772,3520.44 49.964886,40.869793,3604.26 
				</coordinates>
			</LineString>
		</MultiGeometry>
	</Placemark>
	<Placemark>
		<name>P-103</name>
		<visibility>0</visibility>
		<description><![CDATA[<div><div><span><b>Altitude:</b></span> <span>11,825 ft - 12,225 ft</span></div>
<div><span><b>Speed:</b></span> <span>351 kt - 360 kt</span></div>
<div><span><b>Timestamp:</b></span><br/><span>2023-12-14 15:02:17 UTC<br/>2023-12-14 15:02:32 UTC</span></div>
</div>]]></description>
		<Style>
			<LineStyle>
				<color>ff00eaff</color>
				<width>2</width>
			</LineStyle>
		</Style>
		<MultiGeometry>
			<LineString>
				<tessellate>1</tessellate>
				<altitudeMode>absolute</altitudeMode>
				<coordinates>
					49.964886,40.869793,3604.26 49.958252,40.893997,3726.179999999998 
				</coordinates>
			</LineString>
		</MultiGeometry>
	</Placemark>
	<Placemark>
		<name>P-104</name>
		<visibility>0</visibility>
		<description><![CDATA[<div><div><span><b>Altitude:</b></span> <span>12,225 ft - 13,275 ft</span></div>
<div><span><b>Speed:</b></span> <span>360 kt - 370 kt</span></div>
<div><span><b>Timestamp:</b></span><br/><span>2023-12-14 15:02:32 UTC<br/>2023-12-14 15:03:02 UTC</span></div>
</div>]]></description>
		<Style>
			<LineStyle>
				<color>ff00eaff</color>
				<width>2</width>
			</LineStyle>
		</Style>
		<MultiGeometry>
			<LineString>
				<tessellate>1</tessellate>
				<altitudeMode>absolute</altitudeMode>
				<coordinates>
					49.958252,40.893997,3726.179999999998 49.944286,40.945114,4046.219999999998 
				</coordinates>
			</LineString>
		</MultiGeometry>
	</Placemark>
	<Placemark>
		<name>P-105</name>
		<visibility>0</visibility>
		<description><![CDATA[<div><div><span><b>Altitude:</b></span> <span>13,275 ft - 14,200 ft</span></div>
<div><span><b>Speed:</b></span> <span>370 kt - 381 kt</span></div>
<div><span><b>Timestamp:</b></span><br/><span>2023-12-14 15:03:02 UTC<br/>2023-12-14 15:03:33 UTC</span></div>
</div>]]></description>
		<Style>
			<LineStyle>
				<color>ff00c0ff</color>
				<width>2</width>
			</LineStyle>
		</Style>
		<MultiGeometry>
			<LineString>
				<tessellate>1</tessellate>
				<altitudeMode>absolute</altitudeMode>
				<coordinates>
					49.944286,40.945114,4046.219999999998 49.92918,40.99781,4328.159999999999 
				</coordinates>
			</LineString>
		</MultiGeometry>
	</Placemark>
	<Placemark>
		<name>P-106</name>
		<visibility>0</visibility>
		<description><![CDATA[<div><div><span><b>Altitude:</b></span> <span>14,200 ft - 15,425 ft</span></div>
<div><span><b>Speed:</b></span> <span>381 kt - 385 kt</span></div>
<div><span><b>Timestamp:</b></span><br/><span>2023-12-14 15:03:33 UTC<br/>2023-12-14 15:04:07 UTC</span></div>
</div>]]></description>
		<Style>
			<LineStyle>
				<color>ff00c0ff</color>
				<width>2</width>
			</LineStyle>
		</Style>
		<MultiGeometry>
			<LineString>
				<tessellate>1</tessellate>
				<altitudeMode>absolute</altitudeMode>
				<coordinates>
					49.92918,40.99781,4328.159999999999 49.912109,41.055222,4701.539999999999 
				</coordinates>
			</LineString>
		</MultiGeometry>
	</Placemark>
	<Placemark>
		<name>P-107</name>
		<visibility>0</visibility>
		<description><![CDATA[<div><div><span><b>Altitude:</b></span> <span>15,425 ft - 16,350 ft</span></div>
<div><span><b>Speed:</b></span> <span>385 kt - 390 kt</span></div>
<div><span><b>Timestamp:</b></span><br/><span>2023-12-14 15:04:07 UTC<br/>2023-12-14 15:04:38 UTC</span></div>
</div>]]></description>
		<Style>
			<LineStyle>
				<color>ff00a8ff</color>
				<width>2</width>
			</LineStyle>
		</Style>
		<MultiGeometry>
			<LineString>
				<tessellate>1</tessellate>
				<altitudeMode>absolute</altitudeMode>
				<coordinates>
					49.912109,41.055222,4701.539999999999 49.89572099999999,41.109585,4983.48 
				</coordinates>
			</LineString>
		</MultiGeometry>
	</Placemark>
	<Placemark>
		<name>P-108</name>
		<visibility>0</visibility>
		<description><![CDATA[<div><div><span><b>Altitude:</b></span> <span>16,350 ft - 16,650 ft</span></div>
<div><span><b>Speed:</b></span> <span>390 kt - 392 kt</span></div>
<div><span><b>Timestamp:</b></span><br/><span>2023-12-14 15:04:38 UTC<br/>2023-12-14 15:04:50 UTC</span></div>
</div>]]></description>
		<Style>
			<LineStyle>
				<color>ff00a8ff</color>
				<width>2</width>
			</LineStyle>
		</Style>
		<MultiGeometry>
			<LineString>
				<tessellate>1</tessellate>
				<altitudeMode>absolute</altitudeMode>
				<coordinates>
					49.89572099999999,41.109585,4983.48 49.893223,41.13081,5074.919999999999 
				</coordinates>
			</LineString>
		</MultiGeometry>
	</Placemark>
	<Placemark>
		<name>P-109</name>
		<visibility>0</visibility>
		<description><![CDATA[<div><div><span><b>Altitude:</b></span> <span>16,650 ft - 16,725 ft</span></div>
<div><span><b>Speed:</b></span> <span>392 kt - 391 kt</span></div>
<div><span><b>Timestamp:</b></span><br/><span>2023-12-14 15:04:50 UTC<br/>2023-12-14 15:04:52 UTC</span></div>
</div>]]></description>
		<Style>
			<LineStyle>
				<color>ff0096ff</color>
				<width>2</width>
			</LineStyle>
		</Style>
		<MultiGeometry>
			<LineString>
				<tessellate>1</tessellate>
				<altitudeMode>absolute</altitudeMode>
				<coordinates>
					49.893223,41.13081,5074.919999999999 49.893616,41.135422,5097.78 
				</coordinates>
			</LineString>
		</MultiGeometry>
	</Placemark>
	<Placemark>
		<name>P-110</name>
		<visibility>0</visibility>
		<description><![CDATA[<div><div><span><b>Altitude:</b></span> <span>16,725 ft - 16,825 ft</span></div>
<div><span><b>Speed:</b></span> <span>391 kt - 392 kt</span></div>
<div><span><b>Timestamp:</b></span><br/><span>2023-12-14 15:04:52 UTC<br/>2023-12-14 15:04:56 UTC</span></div>
</div>]]></description>
		<Style>
			<LineStyle>
				<color>ff0096ff</color>
				<width>2</width>
			</LineStyle>
		</Style>
		<MultiGeometry>
			<LineString>
				<tessellate>1</tessellate>
				<altitudeMode>absolute</altitudeMode>
				<coordinates>
					49.893616,41.135422,5097.78 49.894409,41.141281,5128.259999999999 
				</coordinates>
			</LineString>
		</MultiGeometry>
	</Placemark>
	<Placemark>
		<name>P-111</name>
		<visibility>0</visibility>
		<description><![CDATA[<div><div><span><b>Altitude:</b></span> <span>16,825 ft - 16,925 ft</span></div>
<div><span><b>Speed:</b></span> <span>392 kt</span></div>
<div><span><b>Timestamp:</b></span><br/><span>2023-12-14 15:04:56 UTC<br/>2023-12-14 15:04:59 UTC</span></div>
</div>]]></description>
		<Style>
			<LineStyle>
				<color>ff0096ff</color>
				<width>2</width>
			</LineStyle>
		</Style>
		<MultiGeometry>
			<LineString>
				<tessellate>1</tessellate>
				<altitudeMode>absolute</altitudeMode>
				<coordinates>
					49.894409,41.141281,5128.259999999999 49.895813,41.147598,5158.739999999999 
				</coordinates>
			</LineString>
		</MultiGeometry>
	</Placemark>
	<Placemark>
		<name>P-112</name>
		<visibility>0</visibility>
		<description><![CDATA[<div><div><span><b>Altitude:</b></span> <span>16,925 ft - 17,000 ft</span></div>
<div><span><b>Speed:</b></span> <span>392 kt</span></div>
<div><span><b>Timestamp:</b></span><br/><span>2023-12-14 15:04:59 UTC<br/>2023-12-14 15:05:02 UTC</span></div>
</div>]]></description>
		<Style>
			<LineStyle>
				<color>ff0096ff</color>
				<width>2</width>
			</LineStyle>
		</Style>
		<MultiGeometry>
			<LineString>
				<tessellate>1</tessellate>
				<altitudeMode>absolute</altitudeMode>
				<coordinates>
					49.895813,41.147598,5158.739999999999 49.897469,41.152878,5181.599999999999 
				</coordinates>
			</LineString>
		</MultiGeometry>
	</Placemark>
	<Placemark>
		<name>P-113</name>
		<visibility>0</visibility>
		<description><![CDATA[<div><div><span><b>Altitude:</b></span> <span>17,000 ft - 17,100 ft</span></div>
<div><span><b>Speed:</b></span> <span>392 kt - 394 kt</span></div>
<div><span><b>Timestamp:</b></span><br/><span>2023-12-14 15:05:02 UTC<br/>2023-12-14 15:05:05 UTC</span></div>
</div>]]></description>
		<Style>
			<LineStyle>
				<color>ff0096ff</color>
				<width>2</width>
			</LineStyle>
		</Style>
		<MultiGeometry>
			<LineString>
				<tessellate>1</tessellate>
				<altitudeMode>absolute</altitudeMode>
				<coordinates>
					49.897469,41.152878,5181.599999999999 49.899654,41.158508,5212.079999999999 
				</coordinates>
			</LineString>
		</MultiGeometry>
	</Placemark>
	<Placemark>
		<name>P-114</name>
		<visibility>0</visibility>
		<description><![CDATA[<div><div><span><b>Altitude:</b></span> <span>17,100 ft - 17,200 ft</span></div>
<div><span><b>Speed:</b></span> <span>394 kt - 395 kt</span></div>
<div><span><b>Timestamp:</b></span><br/><span>2023-12-14 15:05:05 UTC<br/>2023-12-14 15:05:08 UTC</span></div>
</div>]]></description>
		<Style>
			<LineStyle>
				<color>ff0096ff</color>
				<width>2</width>
			</LineStyle>
		</Style>
		<MultiGeometry>
			<LineString>
				<tessellate>1</tessellate>
				<altitudeMode>absolute</altitudeMode>
				<coordinates>
					49.899654,41.158508,5212.079999999999 49.901733,41.1633,5242.56 
				</coordinates>
			</LineString>
		</MultiGeometry>
	</Placemark>
	<Placemark>
		<name>P-115</name>
		<visibility>0</visibility>
		<description><![CDATA[<div><div><span><b>Altitude:</b></span> <span>17,200 ft - 17,300 ft</span></div>
<div><span><b>Speed:</b></span> <span>395 kt - 397 kt</span></div>
<div><span><b>Timestamp:</b></span><br/><span>2023-12-14 15:05:08 UTC<br/>2023-12-14 15:05:11 UTC</span></div>
</div>]]></description>
		<Style>
			<LineStyle>
				<color>ff0096ff</color>
				<width>2</width>
			</LineStyle>
		</Style>
		<MultiGeometry>
			<LineString>
				<tessellate>1</tessellate>
				<altitudeMode>absolute</altitudeMode>
				<coordinates>
					49.901733,41.1633,5242.56 49.904297,41.169113,5273.04 
				</coordinates>
			</LineString>
		</MultiGeometry>
	</Placemark>
	<Placemark>
		<name>P-116</name>
		<visibility>0</visibility>
		<description><![CDATA[<div><div><span><b>Altitude:</b></span> <span>17,300 ft - 17,375 ft</span></div>
<div><span><b>Speed:</b></span> <span>397 kt - 398 kt</span></div>
<div><span><b>Timestamp:</b></span><br/><span>2023-12-14 15:05:11 UTC<br/>2023-12-14 15:05:14 UTC</span></div>
</div>]]></description>
		<Style>
			<LineStyle>
				<color>ff0096ff</color>
				<width>2</width>
			</LineStyle>
		</Style>
		<MultiGeometry>
			<LineString>
				<tessellate>1</tessellate>
				<altitudeMode>absolute</altitudeMode>
				<coordinates>
					49.904297,41.169113,5273.04 49.906494,41.173965,5295.899999999999 
				</coordinates>
			</LineString>
		</MultiGeometry>
	</Placemark>
	<Placemark>
		<name>P-117</name>
		<visibility>0</visibility>
		<description><![CDATA[<div><div><span><b>Altitude:</b></span> <span>17,375 ft - 17,450 ft</span></div>
<div><span><b>Speed:</b></span> <span>398 kt - 400 kt</span></div>
<div><span><b>Timestamp:</b></span><br/><span>2023-12-14 15:05:14 UTC<br/>2023-12-14 15:05:17 UTC</span></div>
</div>]]></description>
		<Style>
			<LineStyle>
				<color>ff0096ff</color>
				<width>2</width>
			</LineStyle>
		</Style>
		<MultiGeometry>
			<LineString>
				<tessellate>1</tessellate>
				<altitudeMode>absolute</altitudeMode>
				<coordinates>
					49.906494,41.173965,5295.899999999999 49.908829,41.178947,5318.76 
				</coordinates>
			</LineString>
		</MultiGeometry>
	</Placemark>
	<Placemark>
		<name>P-118</name>
		<visibility>0</visibility>
		<description><![CDATA[<div><div><span><b>Altitude:</b></span> <span>17,450 ft - 17,550 ft</span></div>
<div><span><b>Speed:</b></span> <span>400 kt</span></div>
<div><span><b>Timestamp:</b></span><br/><span>2023-12-14 15:05:17 UTC<br/>2023-12-14 15:05:20 UTC</span></div>
</div>]]></description>
		<Style>
			<LineStyle>
				<color>ff0096ff</color>
				<width>2</width>
			</LineStyle>
		</Style>
		<MultiGeometry>
			<LineString>
				<tessellate>1</tessellate>
				<altitudeMode>absolute</altitudeMode>
				<coordinates>
					49.908829,41.178947,5318.76 49.911327,41.184441,5349.239999999999 
				</coordinates>
			</LineString>
		</MultiGeometry>
	</Placemark>
	<Placemark>
		<name>P-119</name>
		<visibility>0</visibility>
		<description><![CDATA[<div><div><span><b>Altitude:</b></span> <span>17,550 ft - 17,625 ft</span></div>
<div><span><b>Speed:</b></span> <span>400 kt - 401 kt</span></div>
<div><span><b>Timestamp:</b></span><br/><span>2023-12-14 15:05:20 UTC<br/>2023-12-14 15:05:23 UTC</span></div>
</div>]]></description>
		<Style>
			<LineStyle>
				<color>ff0096ff</color>
				<width>2</width>
			</LineStyle>
		</Style>
		<MultiGeometry>
			<LineString>
				<tessellate>1</tessellate>
				<altitudeMode>absolute</altitudeMode>
				<coordinates>
					49.911327,41.184441,5349.239999999999 49.913948,41.190166,5372.1 
				</coordinates>
			</LineString>
		</MultiGeometry>
	</Placemark>
	<Placemark>
		<name>P-120</name>
		<visibility>0</visibility>
		<description><![CDATA[<div><div><span><b>Altitude:</b></span> <span>17,625 ft - 17,700 ft</span></div>
<div><span><b>Speed:</b></span> <span>401 kt</span></div>
<div><span><b>Timestamp:</b></span><br/><span>2023-12-14 15:05:23 UTC<br/>2023-12-14 15:05:26 UTC</span></div>
</div>]]></description>
		<Style>
			<LineStyle>
				<color>ff0096ff</color>
				<width>2</width>
			</LineStyle>
		</Style>
		<MultiGeometry>
			<LineString>
				<tessellate>1</tessellate>
				<altitudeMode>absolute</altitudeMode>
				<coordinates>
					49.913948,41.190166,5372.1 49.916195,41.195099,5394.96 
				</coordinates>
			</LineString>
		</MultiGeometry>
	</Placemark>
	<Placemark>
		<name>P-121</name>
		<visibility>0</visibility>
		<description><![CDATA[<div><div><span><b>Altitude:</b></span> <span>17,700 ft - 17,800 ft</span></div>
<div><span><b>Speed:</b></span> <span>401 kt - 402 kt</span></div>
<div><span><b>Timestamp:</b></span><br/><span>2023-12-14 15:05:26 UTC<br/>2023-12-14 15:05:29 UTC</span></div>
</div>]]></description>
		<Style>
			<LineStyle>
				<color>ff0096ff</color>
				<width>2</width>
			</LineStyle>
		</Style>
		<MultiGeometry>
			<LineString>
				<tessellate>1</tessellate>
				<altitudeMode>absolute</altitudeMode>
				<coordinates>
					49.916195,41.195099,5394.96 49.919003,41.201103,5425.44 
				</coordinates>
			</LineString>
		</MultiGeometry>
	</Placemark>
	<Placemark>
		<name>P-122</name>
		<visibility>0</visibility>
		<description><![CDATA[<div><div><span><b>Altitude:</b></span> <span>17,800 ft - 18,575 ft</span></div>
<div><span><b>Speed:</b></span> <span>402 kt - 410 kt</span></div>
<div><span><b>Timestamp:</b></span><br/><span>2023-12-14 15:05:29 UTC<br/>2023-12-14 15:05:59 UTC</span></div>
</div>]]></description>
		<Style>
			<LineStyle>
				<color>ff0096ff</color>
				<width>2</width>
			</LineStyle>
		</Style>
		<MultiGeometry>
			<LineString>
				<tessellate>1</tessellate>
				<altitudeMode>absolute</altitudeMode>
				<coordinates>
					49.919003,41.201103,5425.44 49.943222,41.254639,5661.66 
				</coordinates>
			</LineString>
		</MultiGeometry>
	</Placemark>
	<Placemark>
		<name>P-123</name>
		<visibility>0</visibility>
		<description><![CDATA[<div><div><span><b>Altitude:</b></span> <span>18,575 ft - 19,450 ft</span></div>
<div><span><b>Speed:</b></span> <span>410 kt - 416 kt</span></div>
<div><span><b>Timestamp:</b></span><br/><span>2023-12-14 15:05:59 UTC<br/>2023-12-14 15:06:33 UTC</span></div>
</div>]]></description>
		<Style>
			<LineStyle>
				<color>ff0078ff</color>
				<width>2</width>
			</LineStyle>
		</Style>
		<MultiGeometry>
			<LineString>
				<tessellate>1</tessellate>
				<altitudeMode>absolute</altitudeMode>
				<coordinates>
					49.943222,41.254639,5661.66 49.969788,41.314957,5928.359999999999 
				</coordinates>
			</LineString>
		</MultiGeometry>
	</Placemark>
	<Placemark>
		<name>P-124</name>
		<visibility>0</visibility>
		<description><![CDATA[<div><div><span><b>Altitude:</b></span> <span>19,450 ft - 20,250 ft</span></div>
<div><span><b>Speed:</b></span> <span>416 kt - 424 kt</span></div>
<div><span><b>Timestamp:</b></span><br/><span>2023-12-14 15:06:33 UTC<br/>2023-12-14 15:07:06 UTC</span></div>
</div>]]></description>
		<Style>
			<LineStyle>
				<color>ff0078ff</color>
				<width>2</width>
			</LineStyle>
		</Style>
		<MultiGeometry>
			<LineString>
				<tessellate>1</tessellate>
				<altitudeMode>absolute</altitudeMode>
				<coordinates>
					49.969788,41.314957,5928.359999999999 49.99703199999999,41.377071,6172.2 
				</coordinates>
			</LineString>
		</MultiGeometry>
	</Placemark>
	<Placemark>
		<name>P-125</name>
		<visibility>0</visibility>
		<description><![CDATA[<div><div><span><b>Altitude:</b></span> <span>20,250 ft - 21,150 ft</span></div>
<div><span><b>Speed:</b></span> <span>424 kt - 427 kt</span></div>
<div><span><b>Timestamp:</b></span><br/><span>2023-12-14 15:07:06 UTC<br/>2023-12-14 15:07:39 UTC</span></div>
</div>]]></description>
		<Style>
			<LineStyle>
				<color>ff0054ff</color>
				<width>2</width>
			</LineStyle>
		</Style>
		<MultiGeometry>
			<LineString>
				<tessellate>1</tessellate>
				<altitudeMode>absolute</altitudeMode>
				<coordinates>
					49.99703199999999,41.377071,6172.2 50.024265,41.438892,6446.52 
				</coordinates>
			</LineString>
		</MultiGeometry>
	</Placemark>
	<Placemark>
		<name>P-126</name>
		<visibility>0</visibility>
		<description><![CDATA[<div><div><span><b>Altitude:</b></span> <span>21,150 ft - 21,900 ft</span></div>
<div><span><b>Speed:</b></span> <span>427 kt - 431 kt</span></div>
<div><span><b>Timestamp:</b></span><br/><span>2023-12-14 15:07:39 UTC<br/>2023-12-14 15:08:09 UTC</span></div>
</div>]]></description>
		<Style>
			<LineStyle>
				<color>ff0054ff</color>
				<width>2</width>
			</LineStyle>
		</Style>
		<MultiGeometry>
			<LineString>
				<tessellate>1</tessellate>
				<altitudeMode>absolute</altitudeMode>
				<coordinates>
					50.024265,41.438892,6446.52 50.04892,41.495037,6675.119999999999 
				</coordinates>
			</LineString>
		</MultiGeometry>
	</Placemark>
	<Placemark>
		<name>P-127</name>
		<visibility>0</visibility>
		<description><![CDATA[<div><div><span><b>Altitude:</b></span> <span>21,900 ft - 22,525 ft</span></div>
<div><span><b>Speed:</b></span> <span>431 kt - 436 kt</span></div>
<div><span><b>Timestamp:</b></span><br/><span>2023-12-14 15:08:09 UTC<br/>2023-12-14 15:08:43 UTC</span></div>
</div>]]></description>
		<Style>
			<LineStyle>
				<color>ff0030ff</color>
				<width>2</width>
			</LineStyle>
		</Style>
		<MultiGeometry>
			<LineString>
				<tessellate>1</tessellate>
				<altitudeMode>absolute</altitudeMode>
				<coordinates>
					50.04892,41.495037,6675.119999999999 50.078049,41.558857,6865.619999999999 
				</coordinates>
			</LineString>
		</MultiGeometry>
	</Placemark>
	<Placemark>
		<name>P-128</name>
		<visibility>0</visibility>
		<description><![CDATA[<div><div><span><b>Altitude:</b></span> <span>22,525 ft - 22,750 ft</span></div>
<div><span><b>Speed:</b></span> <span>436 kt - 439 kt</span></div>
<div><span><b>Timestamp:</b></span><br/><span>2023-12-14 15:08:43 UTC<br/>2023-12-14 15:08:55 UTC</span></div>
</div>]]></description>
		<Style>
			<LineStyle>
				<color>ff0030ff</color>
				<width>2</width>
			</LineStyle>
		</Style>
		<MultiGeometry>
			<LineString>
				<tessellate>1</tessellate>
				<altitudeMode>absolute</altitudeMode>
				<coordinates>
					50.078049,41.558857,6865.619999999999 50.09293,41.58139,6934.199999999999 
				</coordinates>
			</LineString>
		</MultiGeometry>
	</Placemark>
	<Placemark>
		<name>P-129</name>
		<visibility>0</visibility>
		<description><![CDATA[<div><div><span><b>Altitude:</b></span> <span>22,750 ft - 22,800 ft</span></div>
<div><span><b>Speed:</b></span> <span>439 kt - 442 kt</span></div>
<div><span><b>Timestamp:</b></span><br/><span>2023-12-14 15:08:55 UTC<br/>2023-12-14 15:08:58 UTC</span></div>
</div>]]></description>
		<Style>
			<LineStyle>
				<color>ff0030ff</color>
				<width>2</width>
			</LineStyle>
		</Style>
		<MultiGeometry>
			<LineString>
				<tessellate>1</tessellate>
				<altitudeMode>absolute</altitudeMode>
				<coordinates>
					50.09293,41.58139,6934.199999999999 50.096889,41.586464,6949.44 
				</coordinates>
			</LineString>
		</MultiGeometry>
	</Placemark>
	<Placemark>
		<name>P-130</name>
		<visibility>0</visibility>
		<description><![CDATA[<div><div><span><b>Altitude:</b></span> <span>22,800 ft - 22,850 ft</span></div>
<div><span><b>Speed:</b></span> <span>442 kt - 443 kt</span></div>
<div><span><b>Timestamp:</b></span><br/><span>2023-12-14 15:08:58 UTC<br/>2023-12-14 15:09:01 UTC</span></div>
</div>]]></description>
		<Style>
			<LineStyle>
				<color>ff0030ff</color>
				<width>2</width>
			</LineStyle>
		</Style>
		<MultiGeometry>
			<LineString>
				<tessellate>1</tessellate>
				<altitudeMode>absolute</altitudeMode>
				<coordinates>
					50.096889,41.586464,6949.44 50.101234,41.591957,6964.679999999999 
				</coordinates>
			</LineString>
		</MultiGeometry>
	</Placemark>
	<Placemark>
		<name>P-131</name>
		<visibility>0</visibility>
		<description><![CDATA[<div><div><span><b>Altitude:</b></span> <span>22,850 ft - 22,900 ft</span></div>
<div><span><b>Speed:</b></span> <span>443 kt - 444 kt</span></div>
<div><span><b>Timestamp:</b></span><br/><span>2023-12-14 15:09:01 UTC<br/>2023-12-14 15:09:04 UTC</span></div>
</div>]]></description>
		<Style>
			<LineStyle>
				<color>ff0030ff</color>
				<width>2</width>
			</LineStyle>
		</Style>
		<MultiGeometry>
			<LineString>
				<tessellate>1</tessellate>
				<altitudeMode>absolute</altitudeMode>
				<coordinates>
					50.101234,41.591957,6964.679999999999 50.105385,41.597218,6979.919999999998 
				</coordinates>
			</LineString>
		</MultiGeometry>
	</Placemark>
	<Placemark>
		<name>P-132</name>
		<visibility>0</visibility>
		<description><![CDATA[<div><div><span><b>Altitude:</b></span> <span>22,900 ft - 22,975 ft</span></div>
<div><span><b>Speed:</b></span> <span>444 kt - 445 kt</span></div>
<div><span><b>Timestamp:</b></span><br/><span>2023-12-14 15:09:04 UTC<br/>2023-12-14 15:09:07 UTC</span></div>
</div>]]></description>
		<Style>
			<LineStyle>
				<color>ff0030ff</color>
				<width>2</width>
			</LineStyle>
		</Style>
		<MultiGeometry>
			<LineString>
				<tessellate>1</tessellate>
				<altitudeMode>absolute</altitudeMode>
				<coordinates>
					50.105385,41.597218,6979.919999999998 50.109535,41.602432,7002.78 
				</coordinates>
			</LineString>
		</MultiGeometry>
	</Placemark>
	<Placemark>
		<name>P-133</name>
		<visibility>0</visibility>
		<description><![CDATA[<div><div><span><b>Altitude:</b></span> <span>22,975 ft - 23,025 ft</span></div>
<div><span><b>Speed:</b></span> <span>445 kt</span></div>
<div><span><b>Timestamp:</b></span><br/><span>2023-12-14 15:09:07 UTC<br/>2023-12-14 15:09:10 UTC</span></div>
</div>]]></description>
		<Style>
			<LineStyle>
				<color>ff001eff</color>
				<width>2</width>
			</LineStyle>
		</Style>
		<MultiGeometry>
			<LineString>
				<tessellate>1</tessellate>
				<altitudeMode>absolute</altitudeMode>
				<coordinates>
					50.109535,41.602432,7002.78 50.114136,41.60825,7018.02 
				</coordinates>
			</LineString>
		</MultiGeometry>
	</Placemark>
	<Placemark>
		<name>P-134</name>
		<visibility>0</visibility>
		<description><![CDATA[<div><div><span><b>Altitude:</b></span> <span>23,025 ft - 23,675 ft</span></div>
<div><span><b>Speed:</b></span> <span>445 kt - 452 kt</span></div>
<div><span><b>Timestamp:</b></span><br/><span>2023-12-14 15:09:10 UTC<br/>2023-12-14 15:09:43 UTC</span></div>
</div>]]></description>
		<Style>
			<LineStyle>
				<color>ff001eff</color>
				<width>2</width>
			</LineStyle>
		</Style>
		<MultiGeometry>
			<LineString>
				<tessellate>1</tessellate>
				<altitudeMode>absolute</altitudeMode>
				<coordinates>
					50.114136,41.60825,7018.02 50.160641,41.66803,7216.139999999999 
				</coordinates>
			</LineString>
		</MultiGeometry>
	</Placemark>
	<Placemark>
		<name>P-135</name>
		<visibility>0</visibility>
		<description><![CDATA[<div><div><span><b>Altitude:</b></span> <span>23,675 ft - 24,350 ft</span></div>
<div><span><b>Speed:</b></span> <span>452 kt - 455 kt</span></div>
<div><span><b>Timestamp:</b></span><br/><span>2023-12-14 15:09:43 UTC<br/>2023-12-14 15:10:17 UTC</span></div>
</div>]]></description>
		<Style>
			<LineStyle>
				<color>ff001eff</color>
				<width>2</width>
			</LineStyle>
		</Style>
		<MultiGeometry>
			<LineString>
				<tessellate>1</tessellate>
				<altitudeMode>absolute</altitudeMode>
				<coordinates>
					50.160641,41.66803,7216.139999999999 50.207207,41.7285,7421.879999999998 
				</coordinates>
			</LineString>
		</MultiGeometry>
	</Placemark>
	<Placemark>
		<name>P-136</name>
		<visibility>0</visibility>
		<description><![CDATA[<div><div><span><b>Altitude:</b></span> <span>24,350 ft - 25,025 ft</span></div>
<div><span><b>Speed:</b></span> <span>455 kt - 458 kt</span></div>
<div><span><b>Timestamp:</b></span><br/><span>2023-12-14 15:10:17 UTC<br/>2023-12-14 15:10:50 UTC</span></div>
</div>]]></description>
		<Style>
			<LineStyle>
				<color>ff001eff</color>
				<width>2</width>
			</LineStyle>
		</Style>
		<MultiGeometry>
			<LineString>
				<tessellate>1</tessellate>
				<altitudeMode>absolute</altitudeMode>
				<coordinates>
					50.207207,41.7285,7421.879999999998 50.25433700000001,41.789757,7627.62 
				</coordinates>
			</LineString>
		</MultiGeometry>
	</Placemark>
	<Placemark>
		<name>P-137</name>
		<visibility>0</visibility>
		<description><![CDATA[<div><div><span><b>Altitude:</b></span> <span>25,025 ft - 25,650 ft</span></div>
<div><span><b>Speed:</b></span> <span>458 kt - 462 kt</span></div>
<div><span><b>Timestamp:</b></span><br/><span>2023-12-14 15:10:50 UTC<br/>2023-12-14 15:11:23 UTC</span></div>
</div>]]></description>
		<Style>
			<LineStyle>
				<color>ff0000ff</color>
				<width>2</width>
			</LineStyle>
		</Style>
		<MultiGeometry>
			<LineString>
				<tessellate>1</tessellate>
				<altitudeMode>absolute</altitudeMode>
				<coordinates>
					50.25433700000001,41.789757,7627.62 50.302277,41.851639,7818.119999999998 
				</coordinates>
			</LineString>
		</MultiGeometry>
	</Placemark>
	<Placemark>
		<name>P-138</name>
		<visibility>0</visibility>
		<description><![CDATA[<div><div><span><b>Altitude:</b></span> <span>25,650 ft - 26,250 ft</span></div>
<div><span><b>Speed:</b></span> <span>462 kt - 468 kt</span></div>
<div><span><b>Timestamp:</b></span><br/><span>2023-12-14 15:11:23 UTC<br/>2023-12-14 15:11:57 UTC</span></div>
</div>]]></description>
		<Style>
			<LineStyle>
				<color>ff0000ff</color>
				<width>2</width>
			</LineStyle>
		</Style>
		<MultiGeometry>
			<LineString>
				<tessellate>1</tessellate>
				<altitudeMode>absolute</altitudeMode>
				<coordinates>
					50.302277,41.851639,7818.119999999998 50.350342,41.913528,8001 
				</coordinates>
			</LineString>
		</MultiGeometry>
	</Placemark>
	<Placemark>
		<name>P-139</name>
		<visibility>0</visibility>
		<description><![CDATA[<div><div><span><b>Altitude:</b></span> <span>26,250 ft - 26,900 ft</span></div>
<div><span><b>Speed:</b></span> <span>468 kt - 469 kt</span></div>
<div><span><b>Timestamp:</b></span><br/><span>2023-12-14 15:11:57 UTC<br/>2023-12-14 15:12:30 UTC</span></div>
</div>]]></description>
		<Style>
			<LineStyle>
				<color>ff0000ff</color>
				<width>2</width>
			</LineStyle>
		</Style>
		<MultiGeometry>
			<LineString>
				<tessellate>1</tessellate>
				<altitudeMode>absolute</altitudeMode>
				<coordinates>
					50.350342,41.913528,8001 50.398823,41.975735,8199.120000000001 
				</coordinates>
			</LineString>
		</MultiGeometry>
	</Placemark>
	<Placemark>
		<name>P-140</name>
		<visibility>0</visibility>
		<description><![CDATA[<div><div><span><b>Altitude:</b></span> <span>26,900 ft - 27,425 ft</span></div>
<div><span><b>Speed:</b></span> <span>469 kt - 472 kt</span></div>
<div><span><b>Timestamp:</b></span><br/><span>2023-12-14 15:12:30 UTC<br/>2023-12-14 15:13:01 UTC</span></div>
</div>]]></description>
		<Style>
			<LineStyle>
				<color>ff0000ff</color>
				<width>2</width>
			</LineStyle>
		</Style>
		<MultiGeometry>
			<LineString>
				<tessellate>1</tessellate>
				<altitudeMode>absolute</altitudeMode>
				<coordinates>
					50.398823,41.975735,8199.120000000001 50.443214,42.032669,8359.139999999998 
				</coordinates>
			</LineString>
		</MultiGeometry>
	</Placemark>
	<Placemark>
		<name>P-141</name>
		<visibility>0</visibility>
		<description><![CDATA[<div><div><span><b>Altitude:</b></span> <span>27,425 ft - 28,050 ft</span></div>
<div><span><b>Speed:</b></span> <span>472 kt - 475 kt</span></div>
<div><span><b>Timestamp:</b></span><br/><span>2023-12-14 15:13:01 UTC<br/>2023-12-14 15:13:34 UTC</span></div>
</div>]]></description>
		<Style>
			<LineStyle>
				<color>ff0000ff</color>
				<width>2</width>
			</LineStyle>
		</Style>
		<MultiGeometry>
			<LineString>
				<tessellate>1</tessellate>
				<altitudeMode>absolute</altitudeMode>
				<coordinates>
					50.443214,42.032669,8359.139999999998 50.492725,42.096222,8549.639999999998 
				</coordinates>
			</LineString>
		</MultiGeometry>
	</Placemark>
	<Placemark>
		<name>P-142</name>
		<visibility>0</visibility>
		<description><![CDATA[<div><div><span><b>Altitude:</b></span> <span>28,050 ft - 28,875 ft</span></div>
<div><span><b>Speed:</b></span> <span>475 kt - 474 kt</span></div>
<div><span><b>Timestamp:</b></span><br/><span>2023-12-14 15:13:34 UTC<br/>2023-12-14 15:14:06 UTC</span></div>
</div>]]></description>
		<Style>
			<LineStyle>
				<color>ff2400ff</color>
				<width>2</width>
			</LineStyle>
		</Style>
		<MultiGeometry>
			<LineString>
				<tessellate>1</tessellate>
				<altitudeMode>absolute</altitudeMode>
				<coordinates>
					50.492725,42.096222,8549.639999999998 50.541042,42.1577,8801.1 
				</coordinates>
			</LineString>
		</MultiGeometry>
	</Placemark>
	<Placemark>
		<name>P-143</name>
		<visibility>0</visibility>
		<description><![CDATA[<div><div><span><b>Altitude:</b></span> <span>28,875 ft - 29,700 ft</span></div>
<div><span><b>Speed:</b></span> <span>474 kt - 470 kt</span></div>
<div><span><b>Timestamp:</b></span><br/><span>2023-12-14 15:14:06 UTC<br/>2023-12-14 15:14:37 UTC</span></div>
</div>]]></description>
		<Style>
			<LineStyle>
				<color>ff2400ff</color>
				<width>2</width>
			</LineStyle>
		</Style>
		<MultiGeometry>
			<LineString>
				<tessellate>1</tessellate>
				<altitudeMode>absolute</altitudeMode>
				<coordinates>
					50.541042,42.1577,8801.1 50.58698700000001,42.216064,9052.559999999999 
				</coordinates>
			</LineString>
		</MultiGeometry>
	</Placemark>
	<Placemark>
		<name>P-144</name>
		<visibility>0</visibility>
		<description><![CDATA[<div><div><span><b>Altitude:</b></span> <span>29,700 ft - 30,575 ft</span></div>
<div><span><b>Speed:</b></span> <span>470 kt - 466 kt</span></div>
<div><span><b>Timestamp:</b></span><br/><span>2023-12-14 15:14:37 UTC<br/>2023-12-14 15:15:09 UTC</span></div>
</div>]]></description>
		<Style>
			<LineStyle>
				<color>ff3600ff</color>
				<width>2</width>
			</LineStyle>
		</Style>
		<MultiGeometry>
			<LineString>
				<tessellate>1</tessellate>
				<altitudeMode>absolute</altitudeMode>
				<coordinates>
					50.58698700000001,42.216064,9052.559999999999 50.633179,42.274887,9319.259999999998 
				</coordinates>
			</LineString>
		</MultiGeometry>
	</Placemark>
	<Placemark>
		<name>P-145</name>
		<visibility>0</visibility>
		<description><![CDATA[<div><div><span><b>Altitude:</b></span> <span>30,575 ft - 31,200 ft</span></div>
<div><span><b>Speed:</b></span> <span>466 kt - 460 kt</span></div>
<div><span><b>Timestamp:</b></span><br/><span>2023-12-14 15:15:09 UTC<br/>2023-12-14 15:15:33 UTC</span></div>
</div>]]></description>
		<Style>
			<LineStyle>
				<color>ff3600ff</color>
				<width>2</width>
			</LineStyle>
		</Style>
		<MultiGeometry>
			<LineString>
				<tessellate>1</tessellate>
				<altitudeMode>absolute</altitudeMode>
				<coordinates>
					50.633179,42.274887,9319.259999999998 50.67343900000001,42.319244,9509.759999999998 
				</coordinates>
			</LineString>
		</MultiGeometry>
	</Placemark>
	<Placemark>
		<name>P-146</name>
		<visibility>0</visibility>
		<description><![CDATA[<div><div><span><b>Altitude:</b></span> <span>31,200 ft - 31,275 ft</span></div>
<div><span><b>Speed:</b></span> <span>460 kt - 459 kt</span></div>
<div><span><b>Timestamp:</b></span><br/><span>2023-12-14 15:15:33 UTC<br/>2023-12-14 15:15:37 UTC</span></div>
</div>]]></description>
		<Style>
			<LineStyle>
				<color>ff4e00ff</color>
				<width>2</width>
			</LineStyle>
		</Style>
		<MultiGeometry>
			<LineString>
				<tessellate>1</tessellate>
				<altitudeMode>absolute</altitudeMode>
				<coordinates>
					50.67343900000001,42.319244,9509.759999999998 50.679493,42.323959,9532.620000000001 
				</coordinates>
			</LineString>
		</MultiGeometry>
	</Placemark>
	<Placemark>
		<name>P-147</name>
		<visibility>0</visibility>
		<description><![CDATA[<div><div><span><b>Altitude:</b></span> <span>31,275 ft - 31,325 ft</span></div>
<div><span><b>Speed:</b></span> <span>459 kt - 460 kt</span></div>
<div><span><b>Timestamp:</b></span><br/><span>2023-12-14 15:15:37 UTC<br/>2023-12-14 15:15:40 UTC</span></div>
</div>]]></description>
		<Style>
			<LineStyle>
				<color>ff4e00ff</color>
				<width>2</width>
			</LineStyle>
		</Style>
		<MultiGeometry>
			<LineString>
				<tessellate>1</tessellate>
				<altitudeMode>absolute</altitudeMode>
				<coordinates>
					50.679493,42.323959,9532.620000000001 50.68580599999999,42.328552,9547.860000000001 
				</coordinates>
			</LineString>
		</MultiGeometry>
	</Placemark>
	<Placemark>
		<name>P-148</name>
		<visibility>0</visibility>
		<description><![CDATA[<div><div><span><b>Altitude:</b></span> <span>31,325 ft - 31,425 ft</span></div>
<div><span><b>Speed:</b></span> <span>460 kt - 459 kt</span></div>
<div><span><b>Timestamp:</b></span><br/><span>2023-12-14 15:15:40 UTC<br/>2023-12-14 15:15:42 UTC</span></div>
</div>]]></description>
		<Style>
			<LineStyle>
				<color>ff4e00ff</color>
				<width>2</width>
			</LineStyle>
		</Style>
		<MultiGeometry>
			<LineString>
				<tessellate>1</tessellate>
				<altitudeMode>absolute</altitudeMode>
				<coordinates>
					50.68580599999999,42.328552,9547.860000000001 50.69194,42.332695,9578.34 
				</coordinates>
			</LineString>
		</MultiGeometry>
	</Placemark>
	<Placemark>
		<name>P-149</name>
		<visibility>0</visibility>
		<description><![CDATA[<div><div><span><b>Altitude:</b></span> <span>31,425 ft - 31,500 ft</span></div>
<div><span><b>Speed:</b></span> <span>459 kt</span></div>
<div><span><b>Timestamp:</b></span><br/><span>2023-12-14 15:15:42 UTC<br/>2023-12-14 15:15:45 UTC</span></div>
</div>]]></description>
		<Style>
			<LineStyle>
				<color>ff4e00ff</color>
				<width>2</width>
			</LineStyle>
		</Style>
		<MultiGeometry>
			<LineString>
				<tessellate>1</tessellate>
				<altitudeMode>absolute</altitudeMode>
				<coordinates>
					50.69194,42.332695,9578.34 50.69828400000001,42.336731,9601.200000000001 
				</coordinates>
			</LineString>
		</MultiGeometry>
	</Placemark>
	<Placemark>
		<name>P-150</name>
		<visibility>0</visibility>
		<description><![CDATA[<div><div><span><b>Altitude:</b></span> <span>31,500 ft - 31,600 ft</span></div>
<div><span><b>Speed:</b></span> <span>459 kt - 460 kt</span></div>
<div><span><b>Timestamp:</b></span><br/><span>2023-12-14 15:15:45 UTC<br/>2023-12-14 15:15:49 UTC</span></div>
</div>]]></description>
		<Style>
			<LineStyle>
				<color>ff4e00ff</color>
				<width>2</width>
			</LineStyle>
		</Style>
		<MultiGeometry>
			<LineString>
				<tessellate>1</tessellate>
				<altitudeMode>absolute</altitudeMode>
				<coordinates>
					50.69828400000001,42.336731,9601.200000000001 50.706085,42.341492,9631.68 
				</coordinates>
			</LineString>
		</MultiGeometry>
	</Placemark>
	<Placemark>
		<name>P-151</name>
		<visibility>0</visibility>
		<description><![CDATA[<div><div><span><b>Altitude:</b></span> <span>31,600 ft - 31,700 ft</span></div>
<div><span><b>Speed:</b></span> <span>460 kt - 459 kt</span></div>
<div><span><b>Timestamp:</b></span><br/><span>2023-12-14 15:15:49 UTC<br/>2023-12-14 15:15:52 UTC</span></div>
</div>]]></description>
		<Style>
			<LineStyle>
				<color>ff4e00ff</color>
				<width>2</width>
			</LineStyle>
		</Style>
		<MultiGeometry>
			<LineString>
				<tessellate>1</tessellate>
				<altitudeMode>absolute</altitudeMode>
				<coordinates>
					50.706085,42.341492,9631.68 50.712578,42.345474,9662.16 
				</coordinates>
			</LineString>
		</MultiGeometry>
	</Placemark>
	<Placemark>
		<name>P-152</name>
		<visibility>0</visibility>
		<description><![CDATA[<div><div><span><b>Altitude:</b></span> <span>31,700 ft - 31,800 ft</span></div>
<div><span><b>Speed:</b></span> <span>459 kt</span></div>
<div><span><b>Timestamp:</b></span><br/><span>2023-12-14 15:15:52 UTC<br/>2023-12-14 15:15:55 UTC</span></div>
</div>]]></description>
		<Style>
			<LineStyle>
				<color>ff4e00ff</color>
				<width>2</width>
			</LineStyle>
		</Style>
		<MultiGeometry>
			<LineString>
				<tessellate>1</tessellate>
				<altitudeMode>absolute</altitudeMode>
				<coordinates>
					50.712578,42.345474,9662.16 50.718884,42.349411,9692.639999999999 
				</coordinates>
			</LineString>
		</MultiGeometry>
	</Placemark>
	<Placemark>
		<name>P-153</name>
		<visibility>0</visibility>
		<description><![CDATA[<div><div><span><b>Altitude:</b></span> <span>31,800 ft - 31,875 ft</span></div>
<div><span><b>Speed:</b></span> <span>459 kt</span></div>
<div><span><b>Timestamp:</b></span><br/><span>2023-12-14 15:15:55 UTC<br/>2023-12-14 15:15:58 UTC</span></div>
</div>]]></description>
		<Style>
			<LineStyle>
				<color>ff4e00ff</color>
				<width>2</width>
			</LineStyle>
		</Style>
		<MultiGeometry>
			<LineString>
				<tessellate>1</tessellate>
				<altitudeMode>absolute</altitudeMode>
				<coordinates>
					50.718884,42.349411,9692.639999999999 50.725311,42.353394,9715.5 
				</coordinates>
			</LineString>
		</MultiGeometry>
	</Placemark>
	<Placemark>
		<name>P-154</name>
		<visibility>0</visibility>
		<description><![CDATA[<div><div><span><b>Altitude:</b></span> <span>31,875 ft - 31,975 ft</span></div>
<div><span><b>Speed:</b></span> <span>459 kt - 458 kt</span></div>
<div><span><b>Timestamp:</b></span><br/><span>2023-12-14 15:15:58 UTC<br/>2023-12-14 15:16:01 UTC</span></div>
</div>]]></description>
		<Style>
			<LineStyle>
				<color>ff4e00ff</color>
				<width>2</width>
			</LineStyle>
		</Style>
		<MultiGeometry>
			<LineString>
				<tessellate>1</tessellate>
				<altitudeMode>absolute</altitudeMode>
				<coordinates>
					50.725311,42.353394,9715.5 50.732243,42.357742,9745.98 
				</coordinates>
			</LineString>
		</MultiGeometry>
	</Placemark>
	<Placemark>
		<name>P-155</name>
		<visibility>0</visibility>
		<description><![CDATA[<div><div><span><b>Altitude:</b></span> <span>31,975 ft - 32,700 ft</span></div>
<div><span><b>Speed:</b></span> <span>458 kt</span></div>
<div><span><b>Timestamp:</b></span><br/><span>2023-12-14 15:16:01 UTC<br/>2023-12-14 15:16:32 UTC</span></div>
</div>]]></description>
		<Style>
			<LineStyle>
				<color>ff4e00ff</color>
				<width>2</width>
			</LineStyle>
		</Style>
		<MultiGeometry>
			<LineString>
				<tessellate>1</tessellate>
				<altitudeMode>absolute</altitudeMode>
				<coordinates>
					50.732243,42.357742,9745.98 50.797459,42.400429,9966.959999999999 
				</coordinates>
			</LineString>
		</MultiGeometry>
	</Placemark>
	<Placemark>
		<name>P-156</name>
		<visibility>0</visibility>
		<description><![CDATA[<div><div><span><b>Altitude:</b></span> <span>32,700 ft - 33,000 ft</span></div>
<div><span><b>Speed:</b></span> <span>458 kt - 451 kt</span></div>
<div><span><b>Timestamp:</b></span><br/><span>2023-12-14 15:16:32 UTC<br/>2023-12-14 15:17:05 UTC</span></div>
</div>]]></description>
		<Style>
			<LineStyle>
				<color>ff4e00ff</color>
				<width>2</width>
			</LineStyle>
		</Style>
		<MultiGeometry>
			<LineString>
				<tessellate>1</tessellate>
				<altitudeMode>absolute</altitudeMode>
				<coordinates>
					50.797459,42.400429,9966.959999999999 50.86788600000001,42.447372,10058.4 
				</coordinates>
			</LineString>
		</MultiGeometry>
	</Placemark>
	<Placemark>
		<name>P-157</name>
		<visibility>0</visibility>
		<description><![CDATA[<div><div><span><b>Altitude:</b></span> <span>33,000 ft - 33,025 ft</span></div>
<div><span><b>Speed:</b></span> <span>451 kt</span></div>
<div><span><b>Timestamp:</b></span><br/><span>2023-12-14 15:17:05 UTC<br/>2023-12-14 15:17:35 UTC</span></div>
</div>]]></description>
		<Style>
			<LineStyle>
				<color>ff6000ff</color>
				<width>2</width>
			</LineStyle>
		</Style>
		<MultiGeometry>
			<LineString>
				<tessellate>1</tessellate>
				<altitudeMode>absolute</altitudeMode>
				<coordinates>
					50.86788600000001,42.447372,10058.4 50.932369,42.490082,10066.02 
				</coordinates>
			</LineString>
		</MultiGeometry>
	</Placemark>
	<Placemark>
		<name>P-158</name>
		<visibility>0</visibility>
		<description><![CDATA[<div><div><span><b>Altitude:</b></span> <span>33,025 ft</span></div>
<div><span><b>Speed:</b></span> <span>451 kt - 454 kt</span></div>
<div><span><b>Timestamp:</b></span><br/><span>2023-12-14 15:17:35 UTC<br/>2023-12-14 15:18:09 UTC</span></div>
</div>]]></description>
		<Style>
			<LineStyle>
				<color>ff6000ff</color>
				<width>2</width>
			</LineStyle>
		</Style>
		<MultiGeometry>
			<LineString>
				<tessellate>1</tessellate>
				<altitudeMode>absolute</altitudeMode>
				<coordinates>
					50.932369,42.490082,10066.02 51.003136,42.536594,10066.02 
				</coordinates>
			</LineString>
		</MultiGeometry>
	</Placemark>
	<Placemark>
		<name>P-159</name>
		<visibility>0</visibility>
		<description><![CDATA[<div><div><span><b>Altitude:</b></span> <span>33,025 ft - 33,775 ft</span></div>
<div><span><b>Speed:</b></span> <span>454 kt - 452 kt</span></div>
<div><span><b>Timestamp:</b></span><br/><span>2023-12-14 15:18:09 UTC<br/>2023-12-14 15:18:39 UTC</span></div>
</div>]]></description>
		<Style>
			<LineStyle>
				<color>ff6000ff</color>
				<width>2</width>
			</LineStyle>
		</Style>
		<MultiGeometry>
			<LineString>
				<tessellate>1</tessellate>
				<altitudeMode>absolute</altitudeMode>
				<coordinates>
					51.003136,42.536594,10066.02 51.06751999999999,42.578911,10294.62 
				</coordinates>
			</LineString>
		</MultiGeometry>
	</Placemark>
	<Placemark>
		<name>P-160</name>
		<visibility>0</visibility>
		<description><![CDATA[<div><div><span><b>Altitude:</b></span> <span>33,775 ft - 34,225 ft</span></div>
<div><span><b>Speed:</b></span> <span>452 kt - 458 kt</span></div>
<div><span><b>Timestamp:</b></span><br/><span>2023-12-14 15:18:39 UTC<br/>2023-12-14 15:19:13 UTC</span></div>
</div>]]></description>
		<Style>
			<LineStyle>
				<color>ff6000ff</color>
				<width>2</width>
			</LineStyle>
		</Style>
		<MultiGeometry>
			<LineString>
				<tessellate>1</tessellate>
				<altitudeMode>absolute</altitudeMode>
				<coordinates>
					51.06751999999999,42.578911,10294.62 51.140015,42.626629,10431.78 
				</coordinates>
			</LineString>
		</MultiGeometry>
	</Placemark>
	<Placemark>
		<name>P-161</name>
		<visibility>0</visibility>
		<description><![CDATA[<div><div><span><b>Altitude:</b></span> <span>34,225 ft - 35,475 ft</span></div>
<div><span><b>Speed:</b></span> <span>458 kt - 443 kt</span></div>
<div><span><b>Timestamp:</b></span><br/><span>2023-12-14 15:19:13 UTC<br/>2023-12-14 15:19:44 UTC</span></div>
</div>]]></description>
		<Style>
			<LineStyle>
				<color>ff6000ff</color>
				<width>2</width>
			</LineStyle>
		</Style>
		<MultiGeometry>
			<LineString>
				<tessellate>1</tessellate>
				<altitudeMode>absolute</altitudeMode>
				<coordinates>
					51.140015,42.626629,10431.78 51.204716,42.668152,10812.78 
				</coordinates>
			</LineString>
		</MultiGeometry>
	</Placemark>
	<Placemark>
		<name>P-162</name>
		<visibility>0</visibility>
		<description><![CDATA[<div><div><span><b>Altitude:</b></span> <span>35,475 ft - 36,175 ft</span></div>
<div><span><b>Speed:</b></span> <span>443 kt - 440 kt</span></div>
<div><span><b>Timestamp:</b></span><br/><span>2023-12-14 15:19:44 UTC<br/>2023-12-14 15:20:17 UTC</span></div>
</div>]]></description>
		<Style>
			<LineStyle>
				<color>ff7800ff</color>
				<width>2</width>
			</LineStyle>
		</Style>
		<MultiGeometry>
			<LineString>
				<tessellate>1</tessellate>
				<altitudeMode>absolute</altitudeMode>
				<coordinates>
					51.204716,42.668152,10812.78 51.27402500000001,42.712749,11026.14 
				</coordinates>
			</LineString>
		</MultiGeometry>
	</Placemark>
	<Placemark>
		<name>P-163</name>
		<visibility>0</visibility>
		<description><![CDATA[<div><div><span><b>Altitude:</b></span> <span>36,175 ft - 36,550 ft</span></div>
<div><span><b>Speed:</b></span> <span>440 kt - 444 kt</span></div>
<div><span><b>Timestamp:</b></span><br/><span>2023-12-14 15:20:17 UTC<br/>2023-12-14 15:20:47 UTC</span></div>
</div>]]></description>
		<Style>
			<LineStyle>
				<color>ff9600ff</color>
				<width>2</width>
			</LineStyle>
		</Style>
		<MultiGeometry>
			<LineString>
				<tessellate>1</tessellate>
				<altitudeMode>absolute</altitudeMode>
				<coordinates>
					51.27402500000001,42.712749,11026.14 51.33642600000001,42.75325,11140.44 
				</coordinates>
			</LineString>
		</MultiGeometry>
	</Placemark>
	<Placemark>
		<name>P-164</name>
		<visibility>0</visibility>
		<description><![CDATA[<div><div><span><b>Altitude:</b></span> <span>36,550 ft - 37,000 ft</span></div>
<div><span><b>Speed:</b></span> <span>444 kt</span></div>
<div><span><b>Timestamp:</b></span><br/><span>2023-12-14 15:20:47 UTC<br/>2023-12-14 15:21:21 UTC</span></div>
</div>]]></description>
		<Style>
			<LineStyle>
				<color>ff9600ff</color>
				<width>2</width>
			</LineStyle>
		</Style>
		<MultiGeometry>
			<LineString>
				<tessellate>1</tessellate>
				<altitudeMode>absolute</altitudeMode>
				<coordinates>
					51.33642600000001,42.75325,11140.44 51.407276,42.799347,11277.6 
				</coordinates>
			</LineString>
		</MultiGeometry>
	</Placemark>
	<Placemark>
		<name>P-165</name>
		<visibility>0</visibility>
		<description><![CDATA[<div><div><span><b>Altitude:</b></span> <span>37,000 ft</span></div>
<div><span><b>Speed:</b></span> <span>444 kt - 455 kt</span></div>
<div><span><b>Timestamp:</b></span><br/><span>2023-12-14 15:21:21 UTC<br/>2023-12-14 15:21:52 UTC</span></div>
</div>]]></description>
		<Style>
			<LineStyle>
				<color>ff9600ff</color>
				<width>2</width>
			</LineStyle>
		</Style>
		<MultiGeometry>
			<LineString>
				<tessellate>1</tessellate>
				<altitudeMode>absolute</altitudeMode>
				<coordinates>
					51.407276,42.799347,11277.6 51.472584,42.841511,11277.6 
				</coordinates>
			</LineString>
		</MultiGeometry>
	</Placemark>
	<Placemark>
		<name>P-166</name>
		<visibility>0</visibility>
		<description><![CDATA[<div><div><span><b>Altitude:</b></span> <span>37,000 ft</span></div>
<div><span><b>Speed:</b></span> <span>455 kt - 457 kt</span></div>
<div><span><b>Timestamp:</b></span><br/><span>2023-12-14 15:21:52 UTC<br/>2023-12-14 15:22:25 UTC</span></div>
</div>]]></description>
		<Style>
			<LineStyle>
				<color>ff9600ff</color>
				<width>2</width>
			</LineStyle>
		</Style>
		<MultiGeometry>
			<LineString>
				<tessellate>1</tessellate>
				<altitudeMode>absolute</altitudeMode>
				<coordinates>
					51.472584,42.841511,11277.6 51.544842,42.888203,11277.6 
				</coordinates>
			</LineString>
		</MultiGeometry>
	</Placemark>
	<Placemark>
		<name>P-167</name>
		<visibility>0</visibility>
		<description><![CDATA[<div><div><span><b>Altitude:</b></span> <span>37,000 ft</span></div>
<div><span><b>Speed:</b></span> <span>457 kt</span></div>
<div><span><b>Timestamp:</b></span><br/><span>2023-12-14 15:22:25 UTC<br/>2023-12-14 15:22:55 UTC</span></div>
</div>]]></description>
		<Style>
			<LineStyle>
				<color>ff9600ff</color>
				<width>2</width>
			</LineStyle>
		</Style>
		<MultiGeometry>
			<LineString>
				<tessellate>1</tessellate>
				<altitudeMode>absolute</altitudeMode>
				<coordinates>
					51.544842,42.888203,11277.6 51.609257,42.929543,11277.6 
				</coordinates>
			</LineString>
		</MultiGeometry>
	</Placemark>
	<Placemark>
		<name>P-168</name>
		<visibility>0</visibility>
		<description><![CDATA[<div><div><span><b>Altitude:</b></span> <span>37,000 ft</span></div>
<div><span><b>Speed:</b></span> <span>457 kt - 459 kt</span></div>
<div><span><b>Timestamp:</b></span><br/><span>2023-12-14 15:22:55 UTC<br/>2023-12-14 15:23:26 UTC</span></div>
</div>]]></description>
		<Style>
			<LineStyle>
				<color>ff9600ff</color>
				<width>2</width>
			</LineStyle>
		</Style>
		<MultiGeometry>
			<LineString>
				<tessellate>1</tessellate>
				<altitudeMode>absolute</altitudeMode>
				<coordinates>
					51.609257,42.929543,11277.6 51.676941,42.973164,11277.6 
				</coordinates>
			</LineString>
		</MultiGeometry>
	</Placemark>
	<Placemark>
		<name>P-169</name>
		<visibility>0</visibility>
		<description><![CDATA[<div><div><span><b>Altitude:</b></span> <span>37,000 ft</span></div>
<div><span><b>Speed:</b></span> <span>459 kt - 460 kt</span></div>
<div><span><b>Timestamp:</b></span><br/><span>2023-12-14 15:23:26 UTC<br/>2023-12-14 15:23:58 UTC</span></div>
</div>]]></description>
		<Style>
			<LineStyle>
				<color>ff9600ff</color>
				<width>2</width>
			</LineStyle>
		</Style>
		<MultiGeometry>
			<LineString>
				<tessellate>1</tessellate>
				<altitudeMode>absolute</altitudeMode>
				<coordinates>
					51.676941,42.973164,11277.6 51.747395,43.018204,11277.6 
				</coordinates>
			</LineString>
		</MultiGeometry>
	</Placemark>
	<Placemark>
		<name>P-170</name>
		<visibility>0</visibility>
		<description><![CDATA[<div><div><span><b>Altitude:</b></span> <span>37,000 ft</span></div>
<div><span><b>Speed:</b></span> <span>460 kt</span></div>
<div><span><b>Timestamp:</b></span><br/><span>2023-12-14 15:23:58 UTC<br/>2023-12-14 15:24:30 UTC</span></div>
</div>]]></description>
		<Style>
			<LineStyle>
				<color>ff9600ff</color>
				<width>2</width>
			</LineStyle>
		</Style>
		<MultiGeometry>
			<LineString>
				<tessellate>1</tessellate>
				<altitudeMode>absolute</altitudeMode>
				<coordinates>
					51.747395,43.018204,11277.6 51.815483,43.061508,11277.6 
				</coordinates>
			</LineString>
		</MultiGeometry>
	</Placemark>
	<Placemark>
		<name>P-171</name>
		<visibility>0</visibility>
		<description><![CDATA[<div><div><span><b>Altitude:</b></span> <span>37,000 ft</span></div>
<div><span><b>Speed:</b></span> <span>460 kt</span></div>
<div><span><b>Timestamp:</b></span><br/><span>2023-12-14 15:24:30 UTC<br/>2023-12-14 15:25:03 UTC</span></div>
</div>]]></description>
		<Style>
			<LineStyle>
				<color>ff9600ff</color>
				<width>2</width>
			</LineStyle>
		</Style>
		<MultiGeometry>
			<LineString>
				<tessellate>1</tessellate>
				<altitudeMode>absolute</altitudeMode>
				<coordinates>
					51.815483,43.061508,11277.6 51.888691,43.108212,11277.6 
				</coordinates>
			</LineString>
		</MultiGeometry>
	</Placemark>
	<Placemark>
		<name>P-172</name>
		<visibility>0</visibility>
		<description><![CDATA[<div><div><span><b>Altitude:</b></span> <span>37,000 ft</span></div>
<div><span><b>Speed:</b></span> <span>460 kt - 462 kt</span></div>
<div><span><b>Timestamp:</b></span><br/><span>2023-12-14 15:25:03 UTC<br/>2023-12-14 15:25:34 UTC</span></div>
</div>]]></description>
		<Style>
			<LineStyle>
				<color>ff9600ff</color>
				<width>2</width>
			</LineStyle>
		</Style>
		<MultiGeometry>
			<LineString>
				<tessellate>1</tessellate>
				<altitudeMode>absolute</altitudeMode>
				<coordinates>
					51.888691,43.108212,11277.6 51.95645499999999,43.15123,11277.6 
				</coordinates>
			</LineString>
		</MultiGeometry>
	</Placemark>
	<Placemark>
		<name>P-173</name>
		<visibility>0</visibility>
		<description><![CDATA[<div><div><span><b>Altitude:</b></span> <span>37,000 ft - 37,025 ft</span></div>
<div><span><b>Speed:</b></span> <span>462 kt - 460 kt</span></div>
<div><span><b>Timestamp:</b></span><br/><span>2023-12-14 15:25:34 UTC<br/>2023-12-14 15:26:05 UTC</span></div>
</div>]]></description>
		<Style>
			<LineStyle>
				<color>ff9600ff</color>
				<width>2</width>
			</LineStyle>
		</Style>
		<MultiGeometry>
			<LineString>
				<tessellate>1</tessellate>
				<altitudeMode>absolute</altitudeMode>
				<coordinates>
					51.95645499999999,43.15123,11277.6 52.024544,43.194122,11285.22 
				</coordinates>
			</LineString>
		</MultiGeometry>
	</Placemark>
	<Placemark>
		<name>P-174</name>
		<visibility>0</visibility>
		<description><![CDATA[<div><div><span><b>Altitude:</b></span> <span>37,025 ft - 37,000 ft</span></div>
<div><span><b>Speed:</b></span> <span>460 kt - 461 kt</span></div>
<div><span><b>Timestamp:</b></span><br/><span>2023-12-14 15:26:05 UTC<br/>2023-12-14 15:26:38 UTC</span></div>
</div>]]></description>
		<Style>
			<LineStyle>
				<color>ff9600ff</color>
				<width>2</width>
			</LineStyle>
		</Style>
		<MultiGeometry>
			<LineString>
				<tessellate>1</tessellate>
				<altitudeMode>absolute</altitudeMode>
				<coordinates>
					52.024544,43.194122,11285.22 52.098827,43.240906,11277.6 
				</coordinates>
			</LineString>
		</MultiGeometry>
	</Placemark>
	<Placemark>
		<name>P-175</name>
		<visibility>0</visibility>
		<description><![CDATA[<div><div><span><b>Altitude:</b></span> <span>37,000 ft</span></div>
<div><span><b>Speed:</b></span> <span>461 kt</span></div>
<div><span><b>Timestamp:</b></span><br/><span>2023-12-14 15:26:38 UTC<br/>2023-12-14 15:27:10 UTC</span></div>
</div>]]></description>
		<Style>
			<LineStyle>
				<color>ff9600ff</color>
				<width>2</width>
			</LineStyle>
		</Style>
		<MultiGeometry>
			<LineString>
				<tessellate>1</tessellate>
				<altitudeMode>absolute</altitudeMode>
				<coordinates>
					52.098827,43.240906,11277.6 52.16844900000001,43.284409,11277.6 
				</coordinates>
			</LineString>
		</MultiGeometry>
	</Placemark>
	<Placemark>
		<name>P-176</name>
		<visibility>0</visibility>
		<description><![CDATA[<div><div><span><b>Altitude:</b></span> <span>37,000 ft</span></div>
<div><span><b>Speed:</b></span> <span>461 kt - 462 kt</span></div>
<div><span><b>Timestamp:</b></span><br/><span>2023-12-14 15:27:10 UTC<br/>2023-12-14 15:27:41 UTC</span></div>
</div>]]></description>
		<Style>
			<LineStyle>
				<color>ff9600ff</color>
				<width>2</width>
			</LineStyle>
		</Style>
		<MultiGeometry>
			<LineString>
				<tessellate>1</tessellate>
				<altitudeMode>absolute</altitudeMode>
				<coordinates>
					52.16844900000001,43.284409,11277.6 52.237118,43.32756,11277.6 
				</coordinates>
			</LineString>
		</MultiGeometry>
	</Placemark>
	<Placemark>
		<name>P-177</name>
		<visibility>0</visibility>
		<description><![CDATA[<div><div><span><b>Altitude:</b></span> <span>37,000 ft</span></div>
<div><span><b>Speed:</b></span> <span>462 kt</span></div>
<div><span><b>Timestamp:</b></span><br/><span>2023-12-14 15:27:41 UTC<br/>2023-12-14 15:28:12 UTC</span></div>
</div>]]></description>
		<Style>
			<LineStyle>
				<color>ff9600ff</color>
				<width>2</width>
			</LineStyle>
		</Style>
		<MultiGeometry>
			<LineString>
				<tessellate>1</tessellate>
				<altitudeMode>absolute</altitudeMode>
				<coordinates>
					52.237118,43.32756,11277.6 52.30552699999999,43.370819,11277.6 
				</coordinates>
			</LineString>
		</MultiGeometry>
	</Placemark>
	<Placemark>
		<name>P-178</name>
		<visibility>0</visibility>
		<description><![CDATA[<div><div><span><b>Altitude:</b></span> <span>37,000 ft</span></div>
<div><span><b>Speed:</b></span> <span>462 kt</span></div>
<div><span><b>Timestamp:</b></span><br/><span>2023-12-14 15:28:12 UTC<br/>2023-12-14 15:28:42 UTC</span></div>
</div>]]></description>
		<Style>
			<LineStyle>
				<color>ff9600ff</color>
				<width>2</width>
			</LineStyle>
		</Style>
		<MultiGeometry>
			<LineString>
				<tessellate>1</tessellate>
				<altitudeMode>absolute</altitudeMode>
				<coordinates>
					52.30552699999999,43.370819,11277.6 52.373264,43.413639,11277.6 
				</coordinates>
			</LineString>
		</MultiGeometry>
	</Placemark>
	<Placemark>
		<name>P-179</name>
		<visibility>0</visibility>
		<description><![CDATA[<div><div><span><b>Altitude:</b></span> <span>37,000 ft - 36,975 ft</span></div>
<div><span><b>Speed:</b></span> <span>462 kt - 463 kt</span></div>
<div><span><b>Timestamp:</b></span><br/><span>2023-12-14 15:28:42 UTC<br/>2023-12-14 15:29:14 UTC</span></div>
</div>]]></description>
		<Style>
			<LineStyle>
				<color>ff9600ff</color>
				<width>2</width>
			</LineStyle>
		</Style>
		<MultiGeometry>
			<LineString>
				<tessellate>1</tessellate>
				<altitudeMode>absolute</altitudeMode>
				<coordinates>
					52.373264,43.413639,11277.6 52.443108,43.457211,11269.98 
				</coordinates>
			</LineString>
		</MultiGeometry>
	</Placemark>
	<Placemark>
		<name>P-180</name>
		<visibility>0</visibility>
		<description><![CDATA[<div><div><span><b>Altitude:</b></span> <span>36,975 ft - 37,025 ft</span></div>
<div><span><b>Speed:</b></span> <span>463 kt</span></div>
<div><span><b>Timestamp:</b></span><br/><span>2023-12-14 15:29:14 UTC<br/>2023-12-14 15:29:45 UTC</span></div>
</div>]]></description>
		<Style>
			<LineStyle>
				<color>ff9600ff</color>
				<width>2</width>
			</LineStyle>
		</Style>
		<MultiGeometry>
			<LineString>
				<tessellate>1</tessellate>
				<altitudeMode>absolute</altitudeMode>
				<coordinates>
					52.443108,43.457211,11269.98 52.512924,43.500504,11285.22 
				</coordinates>
			</LineString>
		</MultiGeometry>
	</Placemark>
	<Placemark>
		<name>P-181</name>
		<visibility>0</visibility>
		<description><![CDATA[<div><div><span><b>Altitude:</b></span> <span>37,025 ft - 37,000 ft</span></div>
<div><span><b>Speed:</b></span> <span>463 kt</span></div>
<div><span><b>Timestamp:</b></span><br/><span>2023-12-14 15:29:45 UTC<br/>2023-12-14 15:30:15 UTC</span></div>
</div>]]></description>
		<Style>
			<LineStyle>
				<color>ff9600ff</color>
				<width>2</width>
			</LineStyle>
		</Style>
		<MultiGeometry>
			<LineString>
				<tessellate>1</tessellate>
				<altitudeMode>absolute</altitudeMode>
				<coordinates>
					52.512924,43.500504,11285.22 52.580696,43.542587,11277.6 
				</coordinates>
			</LineString>
		</MultiGeometry>
	</Placemark>
	<Placemark>
		<name>P-182</name>
		<visibility>0</visibility>
		<description><![CDATA[<div><div><span><b>Altitude:</b></span> <span>37,000 ft - 37,375 ft</span></div>
<div><span><b>Speed:</b></span> <span>463 kt - 458 kt</span></div>
<div><span><b>Timestamp:</b></span><br/><span>2023-12-14 15:30:15 UTC<br/>2023-12-14 15:30:49 UTC</span></div>
</div>]]></description>
		<Style>
			<LineStyle>
				<color>ff9600ff</color>
				<width>2</width>
			</LineStyle>
		</Style>
		<MultiGeometry>
			<LineString>
				<tessellate>1</tessellate>
				<altitudeMode>absolute</altitudeMode>
				<coordinates>
					52.580696,43.542587,11277.6 52.656002,43.589447,11391.9 
				</coordinates>
			</LineString>
		</MultiGeometry>
	</Placemark>
	<Placemark>
		<name>P-183</name>
		<visibility>0</visibility>
		<description><![CDATA[<div><div><span><b>Altitude:</b></span> <span>37,375 ft - 37,750 ft</span></div>
<div><span><b>Speed:</b></span> <span>458 kt</span></div>
<div><span><b>Timestamp:</b></span><br/><span>2023-12-14 15:30:49 UTC<br/>2023-12-14 15:31:20 UTC</span></div>
</div>]]></description>
		<Style>
			<LineStyle>
				<color>ff9600ff</color>
				<width>2</width>
			</LineStyle>
		</Style>
		<MultiGeometry>
			<LineString>
				<tessellate>1</tessellate>
				<altitudeMode>absolute</altitudeMode>
				<coordinates>
					52.656002,43.589447,11391.9 52.724041,43.631317,11506.2 
				</coordinates>
			</LineString>
		</MultiGeometry>
	</Placemark>
	<Placemark>
		<name>P-184</name>
		<visibility>0</visibility>
		<description><![CDATA[<div><div><span><b>Altitude:</b></span> <span>37,750 ft - 38,175 ft</span></div>
<div><span><b>Speed:</b></span> <span>458 kt - 457 kt</span></div>
<div><span><b>Timestamp:</b></span><br/><span>2023-12-14 15:31:20 UTC<br/>2023-12-14 15:31:53 UTC</span></div>
</div>]]></description>
		<Style>
			<LineStyle>
				<color>ffae00ff</color>
				<width>2</width>
			</LineStyle>
		</Style>
		<MultiGeometry>
			<LineString>
				<tessellate>1</tessellate>
				<altitudeMode>absolute</altitudeMode>
				<coordinates>
					52.724041,43.631317,11506.2 52.798199,43.677265,11635.74 
				</coordinates>
			</LineString>
		</MultiGeometry>
	</Placemark>
	<Placemark>
		<name>P-185</name>
		<visibility>0</visibility>
		<description><![CDATA[<div><div><span><b>Altitude:</b></span> <span>38,175 ft - 38,575 ft</span></div>
<div><span><b>Speed:</b></span> <span>457 kt - 455 kt</span></div>
<div><span><b>Timestamp:</b></span><br/><span>2023-12-14 15:31:53 UTC<br/>2023-12-14 15:32:24 UTC</span></div>
</div>]]></description>
		<Style>
			<LineStyle>
				<color>ffae00ff</color>
				<width>2</width>
			</LineStyle>
		</Style>
		<MultiGeometry>
			<LineString>
				<tessellate>1</tessellate>
				<altitudeMode>absolute</altitudeMode>
				<coordinates>
					52.798199,43.677265,11635.74 52.868237,43.717392,11757.66 
				</coordinates>
			</LineString>
		</MultiGeometry>
	</Placemark>
	<Placemark>
		<name>P-186</name>
		<visibility>0</visibility>
		<description><![CDATA[<div><div><span><b>Altitude:</b></span> <span>38,575 ft - 38,975 ft</span></div>
<div><span><b>Speed:</b></span> <span>455 kt - 453 kt</span></div>
<div><span><b>Timestamp:</b></span><br/><span>2023-12-14 15:32:24 UTC<br/>2023-12-14 15:32:57 UTC</span></div>
</div>]]></description>
		<Style>
			<LineStyle>
				<color>ffae00ff</color>
				<width>2</width>
			</LineStyle>
		</Style>
		<MultiGeometry>
			<LineString>
				<tessellate>1</tessellate>
				<altitudeMode>absolute</altitudeMode>
				<coordinates>
					52.868237,43.717392,11757.66 52.949821,43.753922,11879.58 
				</coordinates>
			</LineString>
		</MultiGeometry>
	</Placemark>
	<Placemark>
		<name>P-187</name>
		<visibility>0</visibility>
		<description><![CDATA[<div><div><span><b>Altitude:</b></span> <span>38,975 ft - 39,000 ft</span></div>
<div><span><b>Speed:</b></span> <span>453 kt - 457 kt</span></div>
<div><span><b>Timestamp:</b></span><br/><span>2023-12-14 15:32:57 UTC<br/>2023-12-14 15:33:27 UTC</span></div>
</div>]]></description>
		<Style>
			<LineStyle>
				<color>ffae00ff</color>
				<width>2</width>
			</LineStyle>
		</Style>
		<MultiGeometry>
			<LineString>
				<tessellate>1</tessellate>
				<altitudeMode>absolute</altitudeMode>
				<coordinates>
					52.949821,43.753922,11879.58 53.024555,43.787842,11887.2 
				</coordinates>
			</LineString>
		</MultiGeometry>
	</Placemark>
	<Placemark>
		<name>P-188</name>
		<visibility>0</visibility>
		<description><![CDATA[<div><div><span><b>Altitude:</b></span> <span>39,000 ft</span></div>
<div><span><b>Speed:</b></span> <span>457 kt - 460 kt</span></div>
<div><span><b>Timestamp:</b></span><br/><span>2023-12-14 15:33:27 UTC<br/>2023-12-14 15:34:01 UTC</span></div>
</div>]]></description>
		<Style>
			<LineStyle>
				<color>ffae00ff</color>
				<width>2</width>
			</LineStyle>
		</Style>
		<MultiGeometry>
			<LineString>
				<tessellate>1</tessellate>
				<altitudeMode>absolute</altitudeMode>
				<coordinates>
					53.024555,43.787842,11887.2 53.10778000000001,43.825954,11887.2 
				</coordinates>
			</LineString>
		</MultiGeometry>
	</Placemark>
	<Placemark>
		<name>P-189</name>
		<visibility>0</visibility>
		<description><![CDATA[<div><div><span><b>Altitude:</b></span> <span>39,000 ft - 39,025 ft</span></div>
<div><span><b>Speed:</b></span> <span>460 kt - 456 kt</span></div>
<div><span><b>Timestamp:</b></span><br/><span>2023-12-14 15:34:01 UTC<br/>2023-12-14 15:34:34 UTC</span></div>
</div>]]></description>
		<Style>
			<LineStyle>
				<color>ffae00ff</color>
				<width>2</width>
			</LineStyle>
		</Style>
		<MultiGeometry>
			<LineString>
				<tessellate>1</tessellate>
				<altitudeMode>absolute</altitudeMode>
				<coordinates>
					53.10778000000001,43.825954,11887.2 53.19050200000001,43.863613,11894.82 
				</coordinates>
			</LineString>
		</MultiGeometry>
	</Placemark>
	<Placemark>
		<name>P-190</name>
		<visibility>0</visibility>
		<description><![CDATA[<div><div><span><b>Altitude:</b></span> <span>39,025 ft - 39,000 ft</span></div>
<div><span><b>Speed:</b></span> <span>456 kt - 457 kt</span></div>
<div><span><b>Timestamp:</b></span><br/><span>2023-12-14 15:34:34 UTC<br/>2023-12-14 15:35:05 UTC</span></div>
</div>]]></description>
		<Style>
			<LineStyle>
				<color>ffae00ff</color>
				<width>2</width>
			</LineStyle>
		</Style>
		<MultiGeometry>
			<LineString>
				<tessellate>1</tessellate>
				<altitudeMode>absolute</altitudeMode>
				<coordinates>
					53.19050200000001,43.863613,11894.82 53.26612500000001,43.897842,11887.2 
				</coordinates>
			</LineString>
		</MultiGeometry>
	</Placemark>
	<Placemark>
		<name>P-191</name>
		<visibility>0</visibility>
		<description><![CDATA[<div><div><span><b>Altitude:</b></span> <span>39,000 ft</span></div>
<div><span><b>Speed:</b></span> <span>457 kt - 458 kt</span></div>
<div><span><b>Timestamp:</b></span><br/><span>2023-12-14 15:35:05 UTC<br/>2023-12-14 15:35:38 UTC</span></div>
</div>]]></description>
		<Style>
			<LineStyle>
				<color>ffae00ff</color>
				<width>2</width>
			</LineStyle>
		</Style>
		<MultiGeometry>
			<LineString>
				<tessellate>1</tessellate>
				<altitudeMode>absolute</altitudeMode>
				<coordinates>
					53.26612500000001,43.897842,11887.2 53.348461,43.934921,11887.2 
				</coordinates>
			</LineString>
		</MultiGeometry>
	</Placemark>
	<Placemark>
		<name>P-192</name>
		<visibility>0</visibility>
		<description><![CDATA[<div><div><span><b>Altitude:</b></span> <span>39,000 ft</span></div>
<div><span><b>Speed:</b></span> <span>458 kt - 457 kt</span></div>
<div><span><b>Timestamp:</b></span><br/><span>2023-12-14 15:35:38 UTC<br/>2023-12-14 15:36:09 UTC</span></div>
</div>]]></description>
		<Style>
			<LineStyle>
				<color>ffae00ff</color>
				<width>2</width>
			</LineStyle>
		</Style>
		<MultiGeometry>
			<LineString>
				<tessellate>1</tessellate>
				<altitudeMode>absolute</altitudeMode>
				<coordinates>
					53.348461,43.934921,11887.2 53.424812,43.969193,11887.2 
				</coordinates>
			</LineString>
		</MultiGeometry>
	</Placemark>
	<Placemark>
		<name>P-193</name>
		<visibility>0</visibility>
		<description><![CDATA[<div><div><span><b>Altitude:</b></span> <span>39,000 ft</span></div>
<div><span><b>Speed:</b></span> <span>457 kt - 458 kt</span></div>
<div><span><b>Timestamp:</b></span><br/><span>2023-12-14 15:36:09 UTC<br/>2023-12-14 15:36:42 UTC</span></div>
</div>]]></description>
		<Style>
			<LineStyle>
				<color>ffae00ff</color>
				<width>2</width>
			</LineStyle>
		</Style>
		<MultiGeometry>
			<LineString>
				<tessellate>1</tessellate>
				<altitudeMode>absolute</altitudeMode>
				<coordinates>
					53.424812,43.969193,11887.2 53.508274,44.006699,11887.2 
				</coordinates>
			</LineString>
		</MultiGeometry>
	</Placemark>
	<Placemark>
		<name>P-194</name>
		<visibility>0</visibility>
		<description><![CDATA[<div><div><span><b>Altitude:</b></span> <span>39,000 ft</span></div>
<div><span><b>Speed:</b></span> <span>458 kt</span></div>
<div><span><b>Timestamp:</b></span><br/><span>2023-12-14 15:36:42 UTC<br/>2023-12-14 15:37:13 UTC</span></div>
</div>]]></description>
		<Style>
			<LineStyle>
				<color>ffae00ff</color>
				<width>2</width>
			</LineStyle>
		</Style>
		<MultiGeometry>
			<LineString>
				<tessellate>1</tessellate>
				<altitudeMode>absolute</altitudeMode>
				<coordinates>
					53.508274,44.006699,11887.2 53.584602,44.040894,11887.2 
				</coordinates>
			</LineString>
		</MultiGeometry>
	</Placemark>
	<Placemark>
		<name>P-195</name>
		<visibility>0</visibility>
		<description><![CDATA[<div><div><span><b>Altitude:</b></span> <span>39,000 ft</span></div>
<div><span><b>Speed:</b></span> <span>458 kt - 457 kt</span></div>
<div><span><b>Timestamp:</b></span><br/><span>2023-12-14 15:37:13 UTC<br/>2023-12-14 15:37:46 UTC</span></div>
</div>]]></description>
		<Style>
			<LineStyle>
				<color>ffae00ff</color>
				<width>2</width>
			</LineStyle>
		</Style>
		<MultiGeometry>
			<LineString>
				<tessellate>1</tessellate>
				<altitudeMode>absolute</altitudeMode>
				<coordinates>
					53.584602,44.040894,11887.2 53.667885,44.077892,11887.2 
				</coordinates>
			</LineString>
		</MultiGeometry>
	</Placemark>
	<Placemark>
		<name>P-196</name>
		<visibility>0</visibility>
		<description><![CDATA[<div><div><span><b>Altitude:</b></span> <span>39,000 ft</span></div>
<div><span><b>Speed:</b></span> <span>457 kt - 459 kt</span></div>
<div><span><b>Timestamp:</b></span><br/><span>2023-12-14 15:37:46 UTC<br/>2023-12-14 15:38:20 UTC</span></div>
</div>]]></description>
		<Style>
			<LineStyle>
				<color>ffae00ff</color>
				<width>2</width>
			</LineStyle>
		</Style>
		<MultiGeometry>
			<LineString>
				<tessellate>1</tessellate>
				<altitudeMode>absolute</altitudeMode>
				<coordinates>
					53.667885,44.077892,11887.2 53.753101,44.115784,11887.2 
				</coordinates>
			</LineString>
		</MultiGeometry>
	</Placemark>
	<Placemark>
		<name>P-197</name>
		<visibility>0</visibility>
		<description><![CDATA[<div><div><span><b>Altitude:</b></span> <span>39,000 ft</span></div>
<div><span><b>Speed:</b></span> <span>459 kt</span></div>
<div><span><b>Timestamp:</b></span><br/><span>2023-12-14 15:38:20 UTC<br/>2023-12-14 15:38:50 UTC</span></div>
</div>]]></description>
		<Style>
			<LineStyle>
				<color>ffae00ff</color>
				<width>2</width>
			</LineStyle>
		</Style>
		<MultiGeometry>
			<LineString>
				<tessellate>1</tessellate>
				<altitudeMode>absolute</altitudeMode>
				<coordinates>
					53.753101,44.115784,11887.2 53.826813,44.148697,11887.2 
				</coordinates>
			</LineString>
		</MultiGeometry>
	</Placemark>
	<Placemark>
		<name>P-198</name>
		<visibility>0</visibility>
		<description><![CDATA[<div><div><span><b>Altitude:</b></span> <span>39,000 ft</span></div>
<div><span><b>Speed:</b></span> <span>459 kt - 461 kt</span></div>
<div><span><b>Timestamp:</b></span><br/><span>2023-12-14 15:38:50 UTC<br/>2023-12-14 15:39:23 UTC</span></div>
</div>]]></description>
		<Style>
			<LineStyle>
				<color>ffae00ff</color>
				<width>2</width>
			</LineStyle>
		</Style>
		<MultiGeometry>
			<LineString>
				<tessellate>1</tessellate>
				<altitudeMode>absolute</altitudeMode>
				<coordinates>
					53.826813,44.148697,11887.2 53.91119,44.186188,11887.2 
				</coordinates>
			</LineString>
		</MultiGeometry>
	</Placemark>
	<Placemark>
		<name>P-199</name>
		<visibility>0</visibility>
		<description><![CDATA[<div><div><span><b>Altitude:</b></span> <span>39,000 ft</span></div>
<div><span><b>Speed:</b></span> <span>461 kt - 462 kt</span></div>
<div><span><b>Timestamp:</b></span><br/><span>2023-12-14 15:39:23 UTC<br/>2023-12-14 15:39:54 UTC</span></div>
</div>]]></description>
		<Style>
			<LineStyle>
				<color>ffae00ff</color>
				<width>2</width>
			</LineStyle>
		</Style>
		<MultiGeometry>
			<LineString>
				<tessellate>1</tessellate>
				<altitudeMode>absolute</altitudeMode>
				<coordinates>
					53.91119,44.186188,11887.2 53.990742,44.221069,11887.2 
				</coordinates>
			</LineString>
		</MultiGeometry>
	</Placemark>
	<Placemark>
		<name>P-200</name>
		<visibility>0</visibility>
		<description><![CDATA[<div><div><span><b>Altitude:</b></span> <span>39,000 ft</span></div>
<div><span><b>Speed:</b></span> <span>462 kt - 464 kt</span></div>
<div><span><b>Timestamp:</b></span><br/><span>2023-12-14 15:39:54 UTC<br/>2023-12-14 15:40:28 UTC</span></div>
</div>]]></description>
		<Style>
			<LineStyle>
				<color>ffae00ff</color>
				<width>2</width>
			</LineStyle>
		</Style>
		<MultiGeometry>
			<LineString>
				<tessellate>1</tessellate>
				<altitudeMode>absolute</altitudeMode>
				<coordinates>
					53.990742,44.221069,11887.2 54.077053,44.258797,11887.2 
				</coordinates>
			</LineString>
		</MultiGeometry>
	</Placemark>
	<Placemark>
		<name>P-201</name>
		<visibility>0</visibility>
		<description><![CDATA[<div><div><span><b>Altitude:</b></span> <span>39,000 ft - 39,025 ft</span></div>
<div><span><b>Speed:</b></span> <span>464 kt - 465 kt</span></div>
<div><span><b>Timestamp:</b></span><br/><span>2023-12-14 15:40:28 UTC<br/>2023-12-14 15:40:59 UTC</span></div>
</div>]]></description>
		<Style>
			<LineStyle>
				<color>ffae00ff</color>
				<width>2</width>
			</LineStyle>
		</Style>
		<MultiGeometry>
			<LineString>
				<tessellate>1</tessellate>
				<altitudeMode>absolute</altitudeMode>
				<coordinates>
					54.077053,44.258797,11887.2 54.154427,44.292545,11894.82 
				</coordinates>
			</LineString>
		</MultiGeometry>
	</Placemark>
	<Placemark>
		<name>P-202</name>
		<visibility>0</visibility>
		<description><![CDATA[<div><div><span><b>Altitude:</b></span> <span>39,025 ft</span></div>
<div><span><b>Speed:</b></span> <span>465 kt</span></div>
<div><span><b>Timestamp:</b></span><br/><span>2023-12-14 15:40:59 UTC<br/>2023-12-14 15:41:32 UTC</span></div>
</div>]]></description>
		<Style>
			<LineStyle>
				<color>ffae00ff</color>
				<width>2</width>
			</LineStyle>
		</Style>
		<MultiGeometry>
			<LineString>
				<tessellate>1</tessellate>
				<altitudeMode>absolute</altitudeMode>
				<coordinates>
					54.154427,44.292545,11894.82 54.239433,44.329556,11894.82 
				</coordinates>
			</LineString>
		</MultiGeometry>
	</Placemark>
	<Placemark>
		<name>P-203</name>
		<visibility>0</visibility>
		<description><![CDATA[<div><div><span><b>Altitude:</b></span> <span>39,025 ft</span></div>
<div><span><b>Speed:</b></span> <span>465 kt</span></div>
<div><span><b>Timestamp:</b></span><br/><span>2023-12-14 15:41:32 UTC<br/>2023-12-14 15:42:06 UTC</span></div>
</div>]]></description>
		<Style>
			<LineStyle>
				<color>ffae00ff</color>
				<width>2</width>
			</LineStyle>
		</Style>
		<MultiGeometry>
			<LineString>
				<tessellate>1</tessellate>
				<altitudeMode>absolute</altitudeMode>
				<coordinates>
					54.239433,44.329556,11894.82 54.325516,44.367123,11894.82 
				</coordinates>
			</LineString>
		</MultiGeometry>
	</Placemark>
	<Placemark>
		<name>P-204</name>
		<visibility>0</visibility>
		<description><![CDATA[<div><div><span><b>Altitude:</b></span> <span>39,025 ft</span></div>
<div><span><b>Speed:</b></span> <span>465 kt</span></div>
<div><span><b>Timestamp:</b></span><br/><span>2023-12-14 15:42:06 UTC<br/>2023-12-14 15:42:39 UTC</span></div>
</div>]]></description>
		<Style>
			<LineStyle>
				<color>ffae00ff</color>
				<width>2</width>
			</LineStyle>
		</Style>
		<MultiGeometry>
			<LineString>
				<tessellate>1</tessellate>
				<altitudeMode>absolute</altitudeMode>
				<coordinates>
					54.325516,44.367123,11894.82 54.412201,44.405014,11894.82 
				</coordinates>
			</LineString>
		</MultiGeometry>
	</Placemark>
	<Placemark>
		<name>P-205</name>
		<visibility>0</visibility>
		<description><![CDATA[<div><div><span><b>Altitude:</b></span> <span>39,025 ft</span></div>
<div><span><b>Speed:</b></span> <span>465 kt - 466 kt</span></div>
<div><span><b>Timestamp:</b></span><br/><span>2023-12-14 15:42:39 UTC<br/>2023-12-14 15:43:10 UTC</span></div>
</div>]]></description>
		<Style>
			<LineStyle>
				<color>ffae00ff</color>
				<width>2</width>
			</LineStyle>
		</Style>
		<MultiGeometry>
			<LineString>
				<tessellate>1</tessellate>
				<altitudeMode>absolute</altitudeMode>
				<coordinates>
					54.412201,44.405014,11894.82 54.49064599999999,44.438999,11894.82 
				</coordinates>
			</LineString>
		</MultiGeometry>
	</Placemark>
	<Placemark>
		<name>P-206</name>
		<visibility>0</visibility>
		<description><![CDATA[<div><div><span><b>Altitude:</b></span> <span>39,025 ft - 39,000 ft</span></div>
<div><span><b>Speed:</b></span> <span>466 kt - 465 kt</span></div>
<div><span><b>Timestamp:</b></span><br/><span>2023-12-14 15:43:10 UTC<br/>2023-12-14 15:43:43 UTC</span></div>
</div>]]></description>
		<Style>
			<LineStyle>
				<color>ffae00ff</color>
				<width>2</width>
			</LineStyle>
		</Style>
		<MultiGeometry>
			<LineString>
				<tessellate>1</tessellate>
				<altitudeMode>absolute</altitudeMode>
				<coordinates>
					54.49064599999999,44.438999,11894.82 54.575371,44.47554,11887.2 
				</coordinates>
			</LineString>
		</MultiGeometry>
	</Placemark>
	<Placemark>
		<name>P-207</name>
		<visibility>0</visibility>
		<description><![CDATA[<div><div><span><b>Altitude:</b></span> <span>39,000 ft</span></div>
<div><span><b>Speed:</b></span> <span>465 kt</span></div>
<div><span><b>Timestamp:</b></span><br/><span>2023-12-14 15:43:43 UTC<br/>2023-12-14 15:44:13 UTC</span></div>
</div>]]></description>
		<Style>
			<LineStyle>
				<color>ffae00ff</color>
				<width>2</width>
			</LineStyle>
		</Style>
		<MultiGeometry>
			<LineString>
				<tessellate>1</tessellate>
				<altitudeMode>absolute</altitudeMode>
				<coordinates>
					54.575371,44.47554,11887.2 54.65477,44.509666,11887.2 
				</coordinates>
			</LineString>
		</MultiGeometry>
	</Placemark>
	<Placemark>
		<name>P-208</name>
		<visibility>0</visibility>
		<description><![CDATA[<div><div><span><b>Altitude:</b></span> <span>39,000 ft</span></div>
<div><span><b>Speed:</b></span> <span>465 kt - 466 kt</span></div>
<div><span><b>Timestamp:</b></span><br/><span>2023-12-14 15:44:13 UTC<br/>2023-12-14 15:44:47 UTC</span></div>
</div>]]></description>
		<Style>
			<LineStyle>
				<color>ffae00ff</color>
				<width>2</width>
			</LineStyle>
		</Style>
		<MultiGeometry>
			<LineString>
				<tessellate>1</tessellate>
				<altitudeMode>absolute</altitudeMode>
				<coordinates>
					54.65477,44.509666,11887.2 54.741657,44.547092,11887.2 
				</coordinates>
			</LineString>
		</MultiGeometry>
	</Placemark>
	<Placemark>
		<name>P-209</name>
		<visibility>0</visibility>
		<description><![CDATA[<div><div><span><b>Altitude:</b></span> <span>39,000 ft</span></div>
<div><span><b>Speed:</b></span> <span>466 kt - 465 kt</span></div>
<div><span><b>Timestamp:</b></span><br/><span>2023-12-14 15:44:47 UTC<br/>2023-12-14 15:45:20 UTC</span></div>
</div>]]></description>
		<Style>
			<LineStyle>
				<color>ffae00ff</color>
				<width>2</width>
			</LineStyle>
		</Style>
		<MultiGeometry>
			<LineString>
				<tessellate>1</tessellate>
				<altitudeMode>absolute</altitudeMode>
				<coordinates>
					54.741657,44.547092,11887.2 54.827271,44.583916,11887.2 
				</coordinates>
			</LineString>
		</MultiGeometry>
	</Placemark>
	<Placemark>
		<name>P-210</name>
		<visibility>0</visibility>
		<description><![CDATA[<div><div><span><b>Altitude:</b></span> <span>39,000 ft</span></div>
<div><span><b>Speed:</b></span> <span>465 kt - 466 kt</span></div>
<div><span><b>Timestamp:</b></span><br/><span>2023-12-14 15:45:20 UTC<br/>2023-12-14 15:45:54 UTC</span></div>
</div>]]></description>
		<Style>
			<LineStyle>
				<color>ffae00ff</color>
				<width>2</width>
			</LineStyle>
		</Style>
		<MultiGeometry>
			<LineString>
				<tessellate>1</tessellate>
				<altitudeMode>absolute</altitudeMode>
				<coordinates>
					54.827271,44.583916,11887.2 54.914627,44.620831,11887.2 
				</coordinates>
			</LineString>
		</MultiGeometry>
	</Placemark>
	<Placemark>
		<name>P-211</name>
		<visibility>0</visibility>
		<description><![CDATA[<div><div><span><b>Altitude:</b></span> <span>39,000 ft</span></div>
<div><span><b>Speed:</b></span> <span>466 kt</span></div>
<div><span><b>Timestamp:</b></span><br/><span>2023-12-14 15:45:54 UTC<br/>2023-12-14 15:46:24 UTC</span></div>
</div>]]></description>
		<Style>
			<LineStyle>
				<color>ffae00ff</color>
				<width>2</width>
			</LineStyle>
		</Style>
		<MultiGeometry>
			<LineString>
				<tessellate>1</tessellate>
				<altitudeMode>absolute</altitudeMode>
				<coordinates>
					54.914627,44.620831,11887.2 54.992588,44.653793,11887.2 
				</coordinates>
			</LineString>
		</MultiGeometry>
	</Placemark>
	<Placemark>
		<name>P-212</name>
		<visibility>0</visibility>
		<description><![CDATA[<div><div><span><b>Altitude:</b></span> <span>39,000 ft</span></div>
<div><span><b>Speed:</b></span> <span>466 kt - 465 kt</span></div>
<div><span><b>Timestamp:</b></span><br/><span>2023-12-14 15:46:24 UTC<br/>2023-12-14 15:46:58 UTC</span></div>
</div>]]></description>
		<Style>
			<LineStyle>
				<color>ffae00ff</color>
				<width>2</width>
			</LineStyle>
		</Style>
		<MultiGeometry>
			<LineString>
				<tessellate>1</tessellate>
				<altitudeMode>absolute</altitudeMode>
				<coordinates>
					54.992588,44.653793,11887.2 55.080479,44.691147,11887.2 
				</coordinates>
			</LineString>
		</MultiGeometry>
	</Placemark>
	<Placemark>
		<name>P-213</name>
		<visibility>0</visibility>
		<description><![CDATA[<div><div><span><b>Altitude:</b></span> <span>39,000 ft - 39,025 ft</span></div>
<div><span><b>Speed:</b></span> <span>465 kt - 463 kt</span></div>
<div><span><b>Timestamp:</b></span><br/><span>2023-12-14 15:46:58 UTC<br/>2023-12-14 15:47:29 UTC</span></div>
</div>]]></description>
		<Style>
			<LineStyle>
				<color>ffae00ff</color>
				<width>2</width>
			</LineStyle>
		</Style>
		<MultiGeometry>
			<LineString>
				<tessellate>1</tessellate>
				<altitudeMode>absolute</altitudeMode>
				<coordinates>
					55.080479,44.691147,11887.2 55.159607,44.72493,11894.82 
				</coordinates>
			</LineString>
		</MultiGeometry>
	</Placemark>
	<Placemark>
		<name>P-214</name>
		<visibility>0</visibility>
		<description><![CDATA[<div><div><span><b>Altitude:</b></span> <span>39,025 ft</span></div>
<div><span><b>Speed:</b></span> <span>463 kt - 462 kt</span></div>
<div><span><b>Timestamp:</b></span><br/><span>2023-12-14 15:47:29 UTC<br/>2023-12-14 15:48:02 UTC</span></div>
</div>]]></description>
		<Style>
			<LineStyle>
				<color>ffae00ff</color>
				<width>2</width>
			</LineStyle>
		</Style>
		<MultiGeometry>
			<LineString>
				<tessellate>1</tessellate>
				<altitudeMode>absolute</altitudeMode>
				<coordinates>
					55.159607,44.72493,11894.82 55.245274,44.761139,11894.82 
				</coordinates>
			</LineString>
		</MultiGeometry>
	</Placemark>
	<Placemark>
		<name>P-215</name>
		<visibility>0</visibility>
		<description><![CDATA[<div><div><span><b>Altitude:</b></span> <span>39,025 ft - 39,000 ft</span></div>
<div><span><b>Speed:</b></span> <span>462 kt - 463 kt</span></div>
<div><span><b>Timestamp:</b></span><br/><span>2023-12-14 15:48:02 UTC<br/>2023-12-14 15:48:35 UTC</span></div>
</div>]]></description>
		<Style>
			<LineStyle>
				<color>ffae00ff</color>
				<width>2</width>
			</LineStyle>
		</Style>
		<MultiGeometry>
			<LineString>
				<tessellate>1</tessellate>
				<altitudeMode>absolute</altitudeMode>
				<coordinates>
					55.245274,44.761139,11894.82 55.330746,44.797073,11887.2 
				</coordinates>
			</LineString>
		</MultiGeometry>
	</Placemark>
	<Placemark>
		<name>P-216</name>
		<visibility>0</visibility>
		<description><![CDATA[<div><div><span><b>Altitude:</b></span> <span>39,000 ft</span></div>
<div><span><b>Speed:</b></span> <span>463 kt - 462 kt</span></div>
<div><span><b>Timestamp:</b></span><br/><span>2023-12-14 15:48:35 UTC<br/>2023-12-14 15:49:05 UTC</span></div>
</div>]]></description>
		<Style>
			<LineStyle>
				<color>ffae00ff</color>
				<width>2</width>
			</LineStyle>
		</Style>
		<MultiGeometry>
			<LineString>
				<tessellate>1</tessellate>
				<altitudeMode>absolute</altitudeMode>
				<coordinates>
					55.330746,44.797073,11887.2 55.410015,44.83041,11887.2 
				</coordinates>
			</LineString>
		</MultiGeometry>
	</Placemark>
	<Placemark>
		<name>P-217</name>
		<visibility>0</visibility>
		<description><![CDATA[<div><div><span><b>Altitude:</b></span> <span>39,000 ft</span></div>
<div><span><b>Speed:</b></span> <span>462 kt - 461 kt</span></div>
<div><span><b>Timestamp:</b></span><br/><span>2023-12-14 15:49:05 UTC<br/>2023-12-14 15:49:39 UTC</span></div>
</div>]]></description>
		<Style>
			<LineStyle>
				<color>ffae00ff</color>
				<width>2</width>
			</LineStyle>
		</Style>
		<MultiGeometry>
			<LineString>
				<tessellate>1</tessellate>
				<altitudeMode>absolute</altitudeMode>
				<coordinates>
					55.410015,44.83041,11887.2 55.496586,44.866653,11887.2 
				</coordinates>
			</LineString>
		</MultiGeometry>
	</Placemark>
	<Placemark>
		<name>P-218</name>
		<visibility>0</visibility>
		<description><![CDATA[<div><div><span><b>Altitude:</b></span> <span>39,000 ft</span></div>
<div><span><b>Speed:</b></span> <span>461 kt - 459 kt</span></div>
<div><span><b>Timestamp:</b></span><br/><span>2023-12-14 15:49:39 UTC<br/>2023-12-14 15:50:10 UTC</span></div>
</div>]]></description>
		<Style>
			<LineStyle>
				<color>ffae00ff</color>
				<width>2</width>
			</LineStyle>
		</Style>
		<MultiGeometry>
			<LineString>
				<tessellate>1</tessellate>
				<altitudeMode>absolute</altitudeMode>
				<coordinates>
					55.496586,44.866653,11887.2 55.57574799999999,44.899632,11887.2 
				</coordinates>
			</LineString>
		</MultiGeometry>
	</Placemark>
	<Placemark>
		<name>P-219</name>
		<visibility>0</visibility>
		<description><![CDATA[<div><div><span><b>Altitude:</b></span> <span>39,000 ft</span></div>
<div><span><b>Speed:</b></span> <span>459 kt - 458 kt</span></div>
<div><span><b>Timestamp:</b></span><br/><span>2023-12-14 15:50:10 UTC<br/>2023-12-14 15:50:40 UTC</span></div>
</div>]]></description>
		<Style>
			<LineStyle>
				<color>ffae00ff</color>
				<width>2</width>
			</LineStyle>
		</Style>
		<MultiGeometry>
			<LineString>
				<tessellate>1</tessellate>
				<altitudeMode>absolute</altitudeMode>
				<coordinates>
					55.57574799999999,44.899632,11887.2 55.655037,44.932388,11887.2 
				</coordinates>
			</LineString>
		</MultiGeometry>
	</Placemark>
	<Placemark>
		<name>P-220</name>
		<visibility>0</visibility>
		<description><![CDATA[<div><div><span><b>Altitude:</b></span> <span>39,000 ft</span></div>
<div><span><b>Speed:</b></span> <span>458 kt</span></div>
<div><span><b>Timestamp:</b></span><br/><span>2023-12-14 15:50:40 UTC<br/>2023-12-14 15:51:14 UTC</span></div>
</div>]]></description>
		<Style>
			<LineStyle>
				<color>ffae00ff</color>
				<width>2</width>
			</LineStyle>
		</Style>
		<MultiGeometry>
			<LineString>
				<tessellate>1</tessellate>
				<altitudeMode>absolute</altitudeMode>
				<coordinates>
					55.655037,44.932388,11887.2 55.740677,44.967972,11887.2 
				</coordinates>
			</LineString>
		</MultiGeometry>
	</Placemark>
	<Placemark>
		<name>P-221</name>
		<visibility>0</visibility>
		<description><![CDATA[<div><div><span><b>Altitude:</b></span> <span>39,000 ft - 38,975 ft</span></div>
<div><span><b>Speed:</b></span> <span>458 kt</span></div>
<div><span><b>Timestamp:</b></span><br/><span>2023-12-14 15:51:14 UTC<br/>2023-12-14 15:51:44 UTC</span></div>
</div>]]></description>
		<Style>
			<LineStyle>
				<color>ffae00ff</color>
				<width>2</width>
			</LineStyle>
		</Style>
		<MultiGeometry>
			<LineString>
				<tessellate>1</tessellate>
				<altitudeMode>absolute</altitudeMode>
				<coordinates>
					55.740677,44.967972,11887.2 55.818855,45.000557,11879.58 
				</coordinates>
			</LineString>
		</MultiGeometry>
	</Placemark>
	<Placemark>
		<name>P-222</name>
		<visibility>0</visibility>
		<description><![CDATA[<div><div><span><b>Altitude:</b></span> <span>38,975 ft</span></div>
<div><span><b>Speed:</b></span> <span>458 kt - 459 kt</span></div>
<div><span><b>Timestamp:</b></span><br/><span>2023-12-14 15:51:44 UTC<br/>2023-12-14 15:52:18 UTC</span></div>
</div>]]></description>
		<Style>
			<LineStyle>
				<color>ffae00ff</color>
				<width>2</width>
			</LineStyle>
		</Style>
		<MultiGeometry>
			<LineString>
				<tessellate>1</tessellate>
				<altitudeMode>absolute</altitudeMode>
				<coordinates>
					55.818855,45.000557,11879.58 55.90634899999999,45.036621,11879.58 
				</coordinates>
			</LineString>
		</MultiGeometry>
	</Placemark>
	<Placemark>
		<name>P-223</name>
		<visibility>0</visibility>
		<description><![CDATA[<div><div><span><b>Altitude:</b></span> <span>38,975 ft</span></div>
<div><span><b>Speed:</b></span> <span>459 kt - 460 kt</span></div>
<div><span><b>Timestamp:</b></span><br/><span>2023-12-14 15:52:18 UTC<br/>2023-12-14 15:52:48 UTC</span></div>
</div>]]></description>
		<Style>
			<LineStyle>
				<color>ffae00ff</color>
				<width>2</width>
			</LineStyle>
		</Style>
		<MultiGeometry>
			<LineString>
				<tessellate>1</tessellate>
				<altitudeMode>absolute</altitudeMode>
				<coordinates>
					55.90634899999999,45.036621,11879.58 55.985523,45.068989,11879.58 
				</coordinates>
			</LineString>
		</MultiGeometry>
	</Placemark>
	<Placemark>
		<name>P-224</name>
		<visibility>0</visibility>
		<description><![CDATA[<div><div><span><b>Altitude:</b></span> <span>38,975 ft - 39,000 ft</span></div>
<div><span><b>Speed:</b></span> <span>460 kt - 461 kt</span></div>
<div><span><b>Timestamp:</b></span><br/><span>2023-12-14 15:52:48 UTC<br/>2023-12-14 15:53:22 UTC</span></div>
</div>]]></description>
		<Style>
			<LineStyle>
				<color>ffae00ff</color>
				<width>2</width>
			</LineStyle>
		</Style>
		<MultiGeometry>
			<LineString>
				<tessellate>1</tessellate>
				<altitudeMode>absolute</altitudeMode>
				<coordinates>
					55.985523,45.068989,11879.58 56.07323800000001,45.104828,11887.2 
				</coordinates>
			</LineString>
		</MultiGeometry>
	</Placemark>
	<Placemark>
		<name>P-225</name>
		<visibility>0</visibility>
		<description><![CDATA[<div><div><span><b>Altitude:</b></span> <span>39,000 ft</span></div>
<div><span><b>Speed:</b></span> <span>461 kt</span></div>
<div><span><b>Timestamp:</b></span><br/><span>2023-12-14 15:53:22 UTC<br/>2023-12-14 15:53:52 UTC</span></div>
</div>]]></description>
		<Style>
			<LineStyle>
				<color>ffae00ff</color>
				<width>2</width>
			</LineStyle>
		</Style>
		<MultiGeometry>
			<LineString>
				<tessellate>1</tessellate>
				<altitudeMode>absolute</altitudeMode>
				<coordinates>
					56.07323800000001,45.104828,11887.2 56.152264,45.137142,11887.2 
				</coordinates>
			</LineString>
		</MultiGeometry>
	</Placemark>
	<Placemark>
		<name>P-226</name>
		<visibility>0</visibility>
		<description><![CDATA[<div><div><span><b>Altitude:</b></span> <span>39,000 ft</span></div>
<div><span><b>Speed:</b></span> <span>461 kt - 462 kt</span></div>
<div><span><b>Timestamp:</b></span><br/><span>2023-12-14 15:53:52 UTC<br/>2023-12-14 15:54:26 UTC</span></div>
</div>]]></description>
		<Style>
			<LineStyle>
				<color>ffae00ff</color>
				<width>2</width>
			</LineStyle>
		</Style>
		<MultiGeometry>
			<LineString>
				<tessellate>1</tessellate>
				<altitudeMode>absolute</altitudeMode>
				<coordinates>
					56.152264,45.137142,11887.2 56.239883,45.172802,11887.2 
				</coordinates>
			</LineString>
		</MultiGeometry>
	</Placemark>
	<Placemark>
		<name>P-227</name>
		<visibility>0</visibility>
		<description><![CDATA[<div><div><span><b>Altitude:</b></span> <span>39,000 ft</span></div>
<div><span><b>Speed:</b></span> <span>462 kt</span></div>
<div><span><b>Timestamp:</b></span><br/><span>2023-12-14 15:54:26 UTC<br/>2023-12-14 15:54:57 UTC</span></div>
</div>]]></description>
		<Style>
			<LineStyle>
				<color>ffae00ff</color>
				<width>2</width>
			</LineStyle>
		</Style>
		<MultiGeometry>
			<LineString>
				<tessellate>1</tessellate>
				<altitudeMode>absolute</altitudeMode>
				<coordinates>
					56.239883,45.172802,11887.2 56.32036599999999,45.205444,11887.2 
				</coordinates>
			</LineString>
		</MultiGeometry>
	</Placemark>
	<Placemark>
		<name>P-228</name>
		<visibility>0</visibility>
		<description><![CDATA[<div><div><span><b>Altitude:</b></span> <span>39,000 ft - 39,025 ft</span></div>
<div><span><b>Speed:</b></span> <span>462 kt</span></div>
<div><span><b>Timestamp:</b></span><br/><span>2023-12-14 15:54:57 UTC<br/>2023-12-14 15:55:27 UTC</span></div>
</div>]]></description>
		<Style>
			<LineStyle>
				<color>ffae00ff</color>
				<width>2</width>
			</LineStyle>
		</Style>
		<MultiGeometry>
			<LineString>
				<tessellate>1</tessellate>
				<altitudeMode>absolute</altitudeMode>
				<coordinates>
					56.32036599999999,45.205444,11887.2 56.401264,45.23825500000001,11894.82 
				</coordinates>
			</LineString>
		</MultiGeometry>
	</Placemark>
	<Placemark>
		<name>P-229</name>
		<visibility>0</visibility>
		<description><![CDATA[<div><div><span><b>Altitude:</b></span> <span>39,025 ft - 39,000 ft</span></div>
<div><span><b>Speed:</b></span> <span>462 kt - 461 kt</span></div>
<div><span><b>Timestamp:</b></span><br/><span>2023-12-14 15:55:27 UTC<br/>2023-12-14 15:56:01 UTC</span></div>
</div>]]></description>
		<Style>
			<LineStyle>
				<color>ffae00ff</color>
				<width>2</width>
			</LineStyle>
		</Style>
		<MultiGeometry>
			<LineString>
				<tessellate>1</tessellate>
				<altitudeMode>absolute</altitudeMode>
				<coordinates>
					56.401264,45.23825500000001,11894.82 56.488495,45.273468,11887.2 
				</coordinates>
			</LineString>
		</MultiGeometry>
	</Placemark>
	<Placemark>
		<name>P-230</name>
		<visibility>0</visibility>
		<description><![CDATA[<div><div><span><b>Altitude:</b></span> <span>39,000 ft - 39,025 ft</span></div>
<div><span><b>Speed:</b></span> <span>461 kt</span></div>
<div><span><b>Timestamp:</b></span><br/><span>2023-12-14 15:56:01 UTC<br/>2023-12-14 15:56:32 UTC</span></div>
</div>]]></description>
		<Style>
			<LineStyle>
				<color>ffae00ff</color>
				<width>2</width>
			</LineStyle>
		</Style>
		<MultiGeometry>
			<LineString>
				<tessellate>1</tessellate>
				<altitudeMode>absolute</altitudeMode>
				<coordinates>
					56.488495,45.273468,11887.2 56.569675,45.306126,11894.82 
				</coordinates>
			</LineString>
		</MultiGeometry>
	</Placemark>
	<Placemark>
		<name>P-231</name>
		<visibility>0</visibility>
		<description><![CDATA[<div><div><span><b>Altitude:</b></span> <span>39,025 ft - 39,000 ft</span></div>
<div><span><b>Speed:</b></span> <span>461 kt</span></div>
<div><span><b>Timestamp:</b></span><br/><span>2023-12-14 15:56:32 UTC<br/>2023-12-14 15:57:05 UTC</span></div>
</div>]]></description>
		<Style>
			<LineStyle>
				<color>ffae00ff</color>
				<width>2</width>
			</LineStyle>
		</Style>
		<MultiGeometry>
			<LineString>
				<tessellate>1</tessellate>
				<altitudeMode>absolute</altitudeMode>
				<coordinates>
					56.569675,45.306126,11894.82 56.65729899999999,45.341366,11887.2 
				</coordinates>
			</LineString>
		</MultiGeometry>
	</Placemark>
	<Placemark>
		<name>P-232</name>
		<visibility>0</visibility>
		<description><![CDATA[<div><div><span><b>Altitude:</b></span> <span>39,000 ft</span></div>
<div><span><b>Speed:</b></span> <span>461 kt - 460 kt</span></div>
<div><span><b>Timestamp:</b></span><br/><span>2023-12-14 15:57:05 UTC<br/>2023-12-14 15:57:36 UTC</span></div>
</div>]]></description>
		<Style>
			<LineStyle>
				<color>ffae00ff</color>
				<width>2</width>
			</LineStyle>
		</Style>
		<MultiGeometry>
			<LineString>
				<tessellate>1</tessellate>
				<altitudeMode>absolute</altitudeMode>
				<coordinates>
					56.65729899999999,45.341366,11887.2 56.739494,45.374653,11887.2 
				</coordinates>
			</LineString>
		</MultiGeometry>
	</Placemark>
	<Placemark>
		<name>P-233</name>
		<visibility>0</visibility>
		<description><![CDATA[<div><div><span><b>Altitude:</b></span> <span>39,000 ft</span></div>
<div><span><b>Speed:</b></span> <span>460 kt</span></div>
<div><span><b>Timestamp:</b></span><br/><span>2023-12-14 15:57:36 UTC<br/>2023-12-14 15:58:07 UTC</span></div>
</div>]]></description>
		<Style>
			<LineStyle>
				<color>ffae00ff</color>
				<width>2</width>
			</LineStyle>
		</Style>
		<MultiGeometry>
			<LineString>
				<tessellate>1</tessellate>
				<altitudeMode>absolute</altitudeMode>
				<coordinates>
					56.739494,45.374653,11887.2 56.819916,45.406677,11887.2 
				</coordinates>
			</LineString>
		</MultiGeometry>
	</Placemark>
	<Placemark>
		<name>P-234</name>
		<visibility>0</visibility>
		<description><![CDATA[<div><div><span><b>Altitude:</b></span> <span>39,000 ft</span></div>
<div><span><b>Speed:</b></span> <span>460 kt - 459 kt</span></div>
<div><span><b>Timestamp:</b></span><br/><span>2023-12-14 15:58:07 UTC<br/>2023-12-14 15:58:38 UTC</span></div>
</div>]]></description>
		<Style>
			<LineStyle>
				<color>ffae00ff</color>
				<width>2</width>
			</LineStyle>
		</Style>
		<MultiGeometry>
			<LineString>
				<tessellate>1</tessellate>
				<altitudeMode>absolute</altitudeMode>
				<coordinates>
					56.819916,45.406677,11887.2 56.90054700000001,45.438583,11887.2 
				</coordinates>
			</LineString>
		</MultiGeometry>
	</Placemark>
	<Placemark>
		<name>P-235</name>
		<visibility>0</visibility>
		<description><![CDATA[<div><div><span><b>Altitude:</b></span> <span>39,000 ft</span></div>
<div><span><b>Speed:</b></span> <span>459 kt</span></div>
<div><span><b>Timestamp:</b></span><br/><span>2023-12-14 15:58:38 UTC<br/>2023-12-14 15:59:11 UTC</span></div>
</div>]]></description>
		<Style>
			<LineStyle>
				<color>ffae00ff</color>
				<width>2</width>
			</LineStyle>
		</Style>
		<MultiGeometry>
			<LineString>
				<tessellate>1</tessellate>
				<altitudeMode>absolute</altitudeMode>
				<coordinates>
					56.90054700000001,45.438583,11887.2 56.989231,45.473484,11887.2 
				</coordinates>
			</LineString>
		</MultiGeometry>
	</Placemark>
	<Placemark>
		<name>P-236</name>
		<visibility>0</visibility>
		<description><![CDATA[<div><div><span><b>Altitude:</b></span> <span>39,000 ft</span></div>
<div><span><b>Speed:</b></span> <span>459 kt</span></div>
<div><span><b>Timestamp:</b></span><br/><span>2023-12-14 15:59:11 UTC<br/>2023-12-14 15:59:42 UTC</span></div>
</div>]]></description>
		<Style>
			<LineStyle>
				<color>ffae00ff</color>
				<width>2</width>
			</LineStyle>
		</Style>
		<MultiGeometry>
			<LineString>
				<tessellate>1</tessellate>
				<altitudeMode>absolute</altitudeMode>
				<coordinates>
					56.989231,45.473484,11887.2 57.069622,45.504906,11887.2 
				</coordinates>
			</LineString>
		</MultiGeometry>
	</Placemark>
	<Placemark>
		<name>P-237</name>
		<visibility>0</visibility>
		<description><![CDATA[<div><div><span><b>Altitude:</b></span> <span>39,000 ft</span></div>
<div><span><b>Speed:</b></span> <span>459 kt</span></div>
<div><span><b>Timestamp:</b></span><br/><span>2023-12-14 15:59:42 UTC<br/>2023-12-14 16:00:13 UTC</span></div>
</div>]]></description>
		<Style>
			<LineStyle>
				<color>ffae00ff</color>
				<width>2</width>
			</LineStyle>
		</Style>
		<MultiGeometry>
			<LineString>
				<tessellate>1</tessellate>
				<altitudeMode>absolute</altitudeMode>
				<coordinates>
					57.069622,45.504906,11887.2 57.15087900000001,45.536888,11887.2 
				</coordinates>
			</LineString>
		</MultiGeometry>
	</Placemark>
	<Placemark>
		<name>P-238</name>
		<visibility>0</visibility>
		<description><![CDATA[<div><div><span><b>Altitude:</b></span> <span>39,000 ft</span></div>
<div><span><b>Speed:</b></span> <span>459 kt</span></div>
<div><span><b>Timestamp:</b></span><br/><span>2023-12-14 16:00:13 UTC<br/>2023-12-14 16:00:46 UTC</span></div>
</div>]]></description>
		<Style>
			<LineStyle>
				<color>ffae00ff</color>
				<width>2</width>
			</LineStyle>
		</Style>
		<MultiGeometry>
			<LineString>
				<tessellate>1</tessellate>
				<altitudeMode>absolute</altitudeMode>
				<coordinates>
					57.15087900000001,45.536888,11887.2 57.238903,45.571426,11887.2 
				</coordinates>
			</LineString>
		</MultiGeometry>
	</Placemark>
	<Placemark>
		<name>P-239</name>
		<visibility>0</visibility>
		<description><![CDATA[<div><div><span><b>Altitude:</b></span> <span>39,000 ft</span></div>
<div><span><b>Speed:</b></span> <span>459 kt - 460 kt</span></div>
<div><span><b>Timestamp:</b></span><br/><span>2023-12-14 16:00:46 UTC<br/>2023-12-14 16:01:17 UTC</span></div>
</div>]]></description>
		<Style>
			<LineStyle>
				<color>ffae00ff</color>
				<width>2</width>
			</LineStyle>
		</Style>
		<MultiGeometry>
			<LineString>
				<tessellate>1</tessellate>
				<altitudeMode>absolute</altitudeMode>
				<coordinates>
					57.238903,45.571426,11887.2 57.320137,45.603363,11887.2 
				</coordinates>
			</LineString>
		</MultiGeometry>
	</Placemark>
	<Placemark>
		<name>P-240</name>
		<visibility>0</visibility>
		<description><![CDATA[<div><div><span><b>Altitude:</b></span> <span>39,000 ft</span></div>
<div><span><b>Speed:</b></span> <span>460 kt</span></div>
<div><span><b>Timestamp:</b></span><br/><span>2023-12-14 16:01:17 UTC<br/>2023-12-14 16:01:50 UTC</span></div>
</div>]]></description>
		<Style>
			<LineStyle>
				<color>ffae00ff</color>
				<width>2</width>
			</LineStyle>
		</Style>
		<MultiGeometry>
			<LineString>
				<tessellate>1</tessellate>
				<altitudeMode>absolute</altitudeMode>
				<coordinates>
					57.320137,45.603363,11887.2 57.408455,45.637939,11887.2 
				</coordinates>
			</LineString>
		</MultiGeometry>
	</Placemark>
	<Placemark>
		<name>P-241</name>
		<visibility>0</visibility>
		<description><![CDATA[<div><div><span><b>Altitude:</b></span> <span>39,000 ft</span></div>
<div><span><b>Speed:</b></span> <span>460 kt</span></div>
<div><span><b>Timestamp:</b></span><br/><span>2023-12-14 16:01:50 UTC<br/>2023-12-14 16:02:20 UTC</span></div>
</div>]]></description>
		<Style>
			<LineStyle>
				<color>ffae00ff</color>
				<width>2</width>
			</LineStyle>
		</Style>
		<MultiGeometry>
			<LineString>
				<tessellate>1</tessellate>
				<altitudeMode>absolute</altitudeMode>
				<coordinates>
					57.408455,45.637939,11887.2 57.48850599999999,45.66929600000001,11887.2 
				</coordinates>
			</LineString>
		</MultiGeometry>
	</Placemark>
	<Placemark>
		<name>P-242</name>
		<visibility>0</visibility>
		<description><![CDATA[<div><div><span><b>Altitude:</b></span> <span>39,000 ft</span></div>
<div><span><b>Speed:</b></span> <span>460 kt - 461 kt</span></div>
<div><span><b>Timestamp:</b></span><br/><span>2023-12-14 16:02:20 UTC<br/>2023-12-14 16:02:54 UTC</span></div>
</div>]]></description>
		<Style>
			<LineStyle>
				<color>ffae00ff</color>
				<width>2</width>
			</LineStyle>
		</Style>
		<MultiGeometry>
			<LineString>
				<tessellate>1</tessellate>
				<altitudeMode>absolute</altitudeMode>
				<coordinates>
					57.48850599999999,45.66929600000001,11887.2 57.577766,45.70401,11887.2 
				</coordinates>
			</LineString>
		</MultiGeometry>
	</Placemark>
	<Placemark>
		<name>P-243</name>
		<visibility>0</visibility>
		<description><![CDATA[<div><div><span><b>Altitude:</b></span> <span>39,000 ft</span></div>
<div><span><b>Speed:</b></span> <span>461 kt - 460 kt</span></div>
<div><span><b>Timestamp:</b></span><br/><span>2023-12-14 16:02:54 UTC<br/>2023-12-14 16:03:24 UTC</span></div>
</div>]]></description>
		<Style>
			<LineStyle>
				<color>ffae00ff</color>
				<width>2</width>
			</LineStyle>
		</Style>
		<MultiGeometry>
			<LineString>
				<tessellate>1</tessellate>
				<altitudeMode>absolute</altitudeMode>
				<coordinates>
					57.577766,45.70401,11887.2 57.660027,45.73426800000001,11887.2 
				</coordinates>
			</LineString>
		</MultiGeometry>
	</Placemark>
	<Placemark>
		<name>P-244</name>
		<visibility>0</visibility>
		<description><![CDATA[<div><div><span><b>Altitude:</b></span> <span>39,000 ft</span></div>
<div><span><b>Speed:</b></span> <span>460 kt - 461 kt</span></div>
<div><span><b>Timestamp:</b></span><br/><span>2023-12-14 16:03:24 UTC<br/>2023-12-14 16:03:55 UTC</span></div>
</div>]]></description>
		<Style>
			<LineStyle>
				<color>ffae00ff</color>
				<width>2</width>
			</LineStyle>
		</Style>
		<MultiGeometry>
			<LineString>
				<tessellate>1</tessellate>
				<altitudeMode>absolute</altitudeMode>
				<coordinates>
					57.660027,45.73426800000001,11887.2 57.74654399999999,45.758381,11887.2 
				</coordinates>
			</LineString>
		</MultiGeometry>
	</Placemark>
	<Placemark>
		<name>P-245</name>
		<visibility>0</visibility>
		<description><![CDATA[<div><div><span><b>Altitude:</b></span> <span>39,000 ft</span></div>
<div><span><b>Speed:</b></span> <span>461 kt</span></div>
<div><span><b>Timestamp:</b></span><br/><span>2023-12-14 16:03:55 UTC<br/>2023-12-14 16:04:29 UTC</span></div>
</div>]]></description>
		<Style>
			<LineStyle>
				<color>ffae00ff</color>
				<width>2</width>
			</LineStyle>
		</Style>
		<MultiGeometry>
			<LineString>
				<tessellate>1</tessellate>
				<altitudeMode>absolute</altitudeMode>
				<coordinates>
					57.74654399999999,45.758381,11887.2 57.843418,45.78204299999999,11887.2 
				</coordinates>
			</LineString>
		</MultiGeometry>
	</Placemark>
	<Placemark>
		<name>P-246</name>
		<visibility>0</visibility>
		<description><![CDATA[<div><div><span><b>Altitude:</b></span> <span>39,000 ft</span></div>
<div><span><b>Speed:</b></span> <span>461 kt</span></div>
<div><span><b>Timestamp:</b></span><br/><span>2023-12-14 16:04:29 UTC<br/>2023-12-14 16:05:00 UTC</span></div>
</div>]]></description>
		<Style>
			<LineStyle>
				<color>ffae00ff</color>
				<width>2</width>
			</LineStyle>
		</Style>
		<MultiGeometry>
			<LineString>
				<tessellate>1</tessellate>
				<altitudeMode>absolute</altitudeMode>
				<coordinates>
					57.843418,45.78204299999999,11887.2 57.931911,45.804062,11887.2 
				</coordinates>
			</LineString>
		</MultiGeometry>
	</Placemark>
	<Placemark>
		<name>P-247</name>
		<visibility>0</visibility>
		<description><![CDATA[<div><div><span><b>Altitude:</b></span> <span>39,000 ft - 39,025 ft</span></div>
<div><span><b>Speed:</b></span> <span>461 kt - 460 kt</span></div>
<div><span><b>Timestamp:</b></span><br/><span>2023-12-14 16:05:00 UTC<br/>2023-12-14 16:05:30 UTC</span></div>
</div>]]></description>
		<Style>
			<LineStyle>
				<color>ffae00ff</color>
				<width>2</width>
			</LineStyle>
		</Style>
		<MultiGeometry>
			<LineString>
				<tessellate>1</tessellate>
				<altitudeMode>absolute</altitudeMode>
				<coordinates>
					57.931911,45.804062,11887.2 58.019211,45.825745,11894.82 
				</coordinates>
			</LineString>
		</MultiGeometry>
	</Placemark>
	<Placemark>
		<name>P-248</name>
		<visibility>0</visibility>
		<description><![CDATA[<div><div><span><b>Altitude:</b></span> <span>39,025 ft</span></div>
<div><span><b>Speed:</b></span> <span>460 kt - 459 kt</span></div>
<div><span><b>Timestamp:</b></span><br/><span>2023-12-14 16:05:30 UTC<br/>2023-12-14 16:06:04 UTC</span></div>
</div>]]></description>
		<Style>
			<LineStyle>
				<color>ffae00ff</color>
				<width>2</width>
			</LineStyle>
		</Style>
		<MultiGeometry>
			<LineString>
				<tessellate>1</tessellate>
				<altitudeMode>absolute</altitudeMode>
				<coordinates>
					58.019211,45.825745,11894.82 58.116268,45.84938,11894.82 
				</coordinates>
			</LineString>
		</MultiGeometry>
	</Placemark>
	<Placemark>
		<name>P-249</name>
		<visibility>0</visibility>
		<description><![CDATA[<div><div><span><b>Altitude:</b></span> <span>39,025 ft</span></div>
<div><span><b>Speed:</b></span> <span>459 kt - 457 kt</span></div>
<div><span><b>Timestamp:</b></span><br/><span>2023-12-14 16:06:04 UTC<br/>2023-12-14 16:06:33 UTC</span></div>
</div>]]></description>
		<Style>
			<LineStyle>
				<color>ffae00ff</color>
				<width>2</width>
			</LineStyle>
		</Style>
		<MultiGeometry>
			<LineString>
				<tessellate>1</tessellate>
				<altitudeMode>absolute</altitudeMode>
				<coordinates>
					58.116268,45.84938,11894.82 58.19945499999999,45.869411,11894.82 
				</coordinates>
			</LineString>
		</MultiGeometry>
	</Placemark>
	<Placemark>
		<name>P-250</name>
		<visibility>0</visibility>
		<description><![CDATA[<div><div><span><b>Altitude:</b></span> <span>39,025 ft - 39,000 ft</span></div>
<div><span><b>Speed:</b></span> <span>457 kt</span></div>
<div><span><b>Timestamp:</b></span><br/><span>2023-12-14 16:06:33 UTC<br/>2023-12-14 16:07:07 UTC</span></div>
</div>]]></description>
		<Style>
			<LineStyle>
				<color>ffae00ff</color>
				<width>2</width>
			</LineStyle>
		</Style>
		<MultiGeometry>
			<LineString>
				<tessellate>1</tessellate>
				<altitudeMode>absolute</altitudeMode>
				<coordinates>
					58.19945499999999,45.869411,11894.82 58.29747800000001,45.893005,11887.2 
				</coordinates>
			</LineString>
		</MultiGeometry>
	</Placemark>
	<Placemark>
		<name>P-251</name>
		<visibility>0</visibility>
		<description><![CDATA[<div><div><span><b>Altitude:</b></span> <span>39,000 ft</span></div>
<div><span><b>Speed:</b></span> <span>457 kt - 456 kt</span></div>
<div><span><b>Timestamp:</b></span><br/><span>2023-12-14 16:07:07 UTC<br/>2023-12-14 16:07:38 UTC</span></div>
</div>]]></description>
		<Style>
			<LineStyle>
				<color>ffae00ff</color>
				<width>2</width>
			</LineStyle>
		</Style>
		<MultiGeometry>
			<LineString>
				<tessellate>1</tessellate>
				<altitudeMode>absolute</altitudeMode>
				<coordinates>
					58.29747800000001,45.893005,11887.2 58.387177,45.914658,11887.2 
				</coordinates>
			</LineString>
		</MultiGeometry>
	</Placemark>
	<Placemark>
		<name>P-252</name>
		<visibility>0</visibility>
		<description><![CDATA[<div><div><span><b>Altitude:</b></span> <span>39,000 ft</span></div>
<div><span><b>Speed:</b></span> <span>456 kt</span></div>
<div><span><b>Timestamp:</b></span><br/><span>2023-12-14 16:07:38 UTC<br/>2023-12-14 16:08:09 UTC</span></div>
</div>]]></description>
		<Style>
			<LineStyle>
				<color>ffae00ff</color>
				<width>2</width>
			</LineStyle>
		</Style>
		<MultiGeometry>
			<LineString>
				<tessellate>1</tessellate>
				<altitudeMode>absolute</altitudeMode>
				<coordinates>
					58.387177,45.914658,11887.2 58.475601,45.935989,11887.2 
				</coordinates>
			</LineString>
		</MultiGeometry>
	</Placemark>
	<Placemark>
		<name>P-253</name>
		<visibility>0</visibility>
		<description><![CDATA[<div><div><span><b>Altitude:</b></span> <span>39,000 ft</span></div>
<div><span><b>Speed:</b></span> <span>456 kt - 455 kt</span></div>
<div><span><b>Timestamp:</b></span><br/><span>2023-12-14 16:08:09 UTC<br/>2023-12-14 16:08:42 UTC</span></div>
</div>]]></description>
		<Style>
			<LineStyle>
				<color>ffae00ff</color>
				<width>2</width>
			</LineStyle>
		</Style>
		<MultiGeometry>
			<LineString>
				<tessellate>1</tessellate>
				<altitudeMode>absolute</altitudeMode>
				<coordinates>
					58.475601,45.935989,11887.2 58.569008,45.958324,11887.2 
				</coordinates>
			</LineString>
		</MultiGeometry>
	</Placemark>
	<Placemark>
		<name>P-254</name>
		<visibility>0</visibility>
		<description><![CDATA[<div><div><span><b>Altitude:</b></span> <span>39,000 ft</span></div>
<div><span><b>Speed:</b></span> <span>455 kt</span></div>
<div><span><b>Timestamp:</b></span><br/><span>2023-12-14 16:08:42 UTC<br/>2023-12-14 16:09:13 UTC</span></div>
</div>]]></description>
		<Style>
			<LineStyle>
				<color>ffae00ff</color>
				<width>2</width>
			</LineStyle>
		</Style>
		<MultiGeometry>
			<LineString>
				<tessellate>1</tessellate>
				<altitudeMode>absolute</altitudeMode>
				<coordinates>
					58.569008,45.958324,11887.2 58.657448,45.979507,11887.2 
				</coordinates>
			</LineString>
		</MultiGeometry>
	</Placemark>
	<Placemark>
		<name>P-255</name>
		<visibility>0</visibility>
		<description><![CDATA[<div><div><span><b>Altitude:</b></span> <span>39,000 ft - 38,975 ft</span></div>
<div><span><b>Speed:</b></span> <span>455 kt</span></div>
<div><span><b>Timestamp:</b></span><br/><span>2023-12-14 16:09:13 UTC<br/>2023-12-14 16:09:47 UTC</span></div>
</div>]]></description>
		<Style>
			<LineStyle>
				<color>ffae00ff</color>
				<width>2</width>
			</LineStyle>
		</Style>
		<MultiGeometry>
			<LineString>
				<tessellate>1</tessellate>
				<altitudeMode>absolute</altitudeMode>
				<coordinates>
					58.657448,45.979507,11887.2 58.75460799999999,46.00259400000001,11879.58 
				</coordinates>
			</LineString>
		</MultiGeometry>
	</Placemark>
	<Placemark>
		<name>P-256</name>
		<visibility>0</visibility>
		<description><![CDATA[<div><div><span><b>Altitude:</b></span> <span>38,975 ft - 39,000 ft</span></div>
<div><span><b>Speed:</b></span> <span>455 kt</span></div>
<div><span><b>Timestamp:</b></span><br/><span>2023-12-14 16:09:47 UTC<br/>2023-12-14 16:10:16 UTC</span></div>
</div>]]></description>
		<Style>
			<LineStyle>
				<color>ffae00ff</color>
				<width>2</width>
			</LineStyle>
		</Style>
		<MultiGeometry>
			<LineString>
				<tessellate>1</tessellate>
				<altitudeMode>absolute</altitudeMode>
				<coordinates>
					58.75460799999999,46.00259400000001,11879.58 58.83762400000001,46.022285,11887.2 
				</coordinates>
			</LineString>
		</MultiGeometry>
	</Placemark>
	<Placemark>
		<name>P-257</name>
		<visibility>0</visibility>
		<description><![CDATA[<div><div><span><b>Altitude:</b></span> <span>39,000 ft</span></div>
<div><span><b>Speed:</b></span> <span>455 kt</span></div>
<div><span><b>Timestamp:</b></span><br/><span>2023-12-14 16:10:16 UTC<br/>2023-12-14 16:10:49 UTC</span></div>
</div>]]></description>
		<Style>
			<LineStyle>
				<color>ffae00ff</color>
				<width>2</width>
			</LineStyle>
		</Style>
		<MultiGeometry>
			<LineString>
				<tessellate>1</tessellate>
				<altitudeMode>absolute</altitudeMode>
				<coordinates>
					58.83762400000001,46.022285,11887.2 58.932312,46.044586,11887.2 
				</coordinates>
			</LineString>
		</MultiGeometry>
	</Placemark>
	<Placemark>
		<name>P-258</name>
		<visibility>0</visibility>
		<description><![CDATA[<div><div><span><b>Altitude:</b></span> <span>39,000 ft</span></div>
<div><span><b>Speed:</b></span> <span>455 kt</span></div>
<div><span><b>Timestamp:</b></span><br/><span>2023-12-14 16:10:49 UTC<br/>2023-12-14 16:11:26 UTC</span></div>
</div>]]></description>
		<Style>
			<LineStyle>
				<color>ffae00ff</color>
				<width>2</width>
			</LineStyle>
		</Style>
		<MultiGeometry>
			<LineString>
				<tessellate>1</tessellate>
				<altitudeMode>absolute</altitudeMode>
				<coordinates>
					58.932312,46.044586,11887.2 59.036476,46.069118,11887.2 
				</coordinates>
			</LineString>
		</MultiGeometry>
	</Placemark>
	<Placemark>
		<name>P-259</name>
		<visibility>0</visibility>
		<description><![CDATA[<div><div><span><b>Altitude:</b></span> <span>39,000 ft</span></div>
<div><span><b>Speed:</b></span> <span>455 kt - 478 kt</span></div>
<div><span><b>Timestamp:</b></span><br/><span>2023-12-14 16:11:26 UTC<br/>2023-12-14 17:08:58 UTC</span></div>
</div>]]></description>
		<Style>
			<LineStyle>
				<color>88000000</color>
				<width>2</width>
			</LineStyle>
		</Style>
		<MultiGeometry>
			<LineString>
				<tessellate>1</tessellate>
				<coordinates>
					59.036476,46.069118,11887.2 69.653389,47.803654,11887.2 
				</coordinates>
			</LineString>
		</MultiGeometry>
	</Placemark>
	<Placemark>
		<name>P-260</name>
		<visibility>0</visibility>
		<description><![CDATA[<div><div><span><b>Altitude:</b></span> <span>39,000 ft</span></div>
<div><span><b>Speed:</b></span> <span>478 kt</span></div>
<div><span><b>Timestamp:</b></span><br/><span>2023-12-14 17:08:58 UTC<br/>2023-12-14 17:09:10 UTC</span></div>
</div>]]></description>
		<Style>
			<LineStyle>
				<color>ffae00ff</color>
				<width>2</width>
			</LineStyle>
		</Style>
		<MultiGeometry>
			<LineString>
				<tessellate>1</tessellate>
				<altitudeMode>absolute</altitudeMode>
				<coordinates>
					69.653389,47.803654,11887.2 69.695015,47.802677,11887.2 
				</coordinates>
			</LineString>
		</MultiGeometry>
	</Placemark>
	<Placemark>
		<name>P-261</name>
		<visibility>0</visibility>
		<description><![CDATA[<div><div><span><b>Altitude:</b></span> <span>39,000 ft</span></div>
<div><span><b>Speed:</b></span> <span>478 kt</span></div>
<div><span><b>Timestamp:</b></span><br/><span>2023-12-14 17:09:10 UTC<br/>2023-12-14 17:10:55 UTC</span></div>
</div>]]></description>
		<Style>
			<LineStyle>
				<color>ffae00ff</color>
				<width>2</width>
			</LineStyle>
		</Style>
		<MultiGeometry>
			<LineString>
				<tessellate>1</tessellate>
				<altitudeMode>absolute</altitudeMode>
				<coordinates>
					69.695015,47.802677,11887.2 70.03847500000001,47.794018,11887.2 
				</coordinates>
			</LineString>
		</MultiGeometry>
	</Placemark>
	<Placemark>
		<name>P-262</name>
		<visibility>0</visibility>
		<description><![CDATA[<div><div><span><b>Altitude:</b></span> <span>39,000 ft</span></div>
<div><span><b>Speed:</b></span> <span>478 kt</span></div>
<div><span><b>Timestamp:</b></span><br/><span>2023-12-14 17:10:55 UTC<br/>2023-12-14 17:11:27 UTC</span></div>
</div>]]></description>
		<Style>
			<LineStyle>
				<color>ffae00ff</color>
				<width>2</width>
			</LineStyle>
		</Style>
		<MultiGeometry>
			<LineString>
				<tessellate>1</tessellate>
				<altitudeMode>absolute</altitudeMode>
				<coordinates>
					70.03847500000001,47.794018,11887.2 70.14362300000001,47.791084,11887.2 
				</coordinates>
			</LineString>
		</MultiGeometry>
	</Placemark>
	<Placemark>
		<name>P-263</name>
		<visibility>0</visibility>
		<description><![CDATA[<div><div><span><b>Altitude:</b></span> <span>39,000 ft - 39,025 ft</span></div>
<div><span><b>Speed:</b></span> <span>478 kt - 477 kt</span></div>
<div><span><b>Timestamp:</b></span><br/><span>2023-12-14 17:11:27 UTC<br/>2023-12-14 17:11:58 UTC</span></div>
</div>]]></description>
		<Style>
			<LineStyle>
				<color>ffae00ff</color>
				<width>2</width>
			</LineStyle>
		</Style>
		<MultiGeometry>
			<LineString>
				<tessellate>1</tessellate>
				<altitudeMode>absolute</altitudeMode>
				<coordinates>
					70.14362300000001,47.791084,11887.2 70.23792299999999,47.788479,11894.82 
				</coordinates>
			</LineString>
		</MultiGeometry>
	</Placemark>
	<Placemark>
		<name>P-264</name>
		<visibility>0</visibility>
		<description><![CDATA[<div><div><span><b>Altitude:</b></span> <span>39,025 ft</span></div>
<div><span><b>Speed:</b></span> <span>477 kt - 476 kt</span></div>
<div><span><b>Timestamp:</b></span><br/><span>2023-12-14 17:11:58 UTC<br/>2023-12-14 17:12:29 UTC</span></div>
</div>]]></description>
		<Style>
			<LineStyle>
				<color>ffae00ff</color>
				<width>2</width>
			</LineStyle>
		</Style>
		<MultiGeometry>
			<LineString>
				<tessellate>1</tessellate>
				<altitudeMode>absolute</altitudeMode>
				<coordinates>
					70.23792299999999,47.788479,11894.82 70.34683200000001,47.785217,11894.82 
				</coordinates>
			</LineString>
		</MultiGeometry>
	</Placemark>
	<Placemark>
		<name>P-265</name>
		<visibility>0</visibility>
		<description><![CDATA[<div><div><span><b>Altitude:</b></span> <span>39,025 ft</span></div>
<div><span><b>Speed:</b></span> <span>476 kt - 475 kt</span></div>
<div><span><b>Timestamp:</b></span><br/><span>2023-12-14 17:12:29 UTC<br/>2023-12-14 17:13:02 UTC</span></div>
</div>]]></description>
		<Style>
			<LineStyle>
				<color>ffae00ff</color>
				<width>2</width>
			</LineStyle>
		</Style>
		<MultiGeometry>
			<LineString>
				<tessellate>1</tessellate>
				<altitudeMode>absolute</altitudeMode>
				<coordinates>
					70.34683200000001,47.785217,11894.82 70.45362900000001,47.781914,11894.82 
				</coordinates>
			</LineString>
		</MultiGeometry>
	</Placemark>
	<Placemark>
		<name>P-266</name>
		<visibility>0</visibility>
		<description><![CDATA[<div><div><span><b>Altitude:</b></span> <span>39,025 ft</span></div>
<div><span><b>Speed:</b></span> <span>475 kt - 474 kt</span></div>
<div><span><b>Timestamp:</b></span><br/><span>2023-12-14 17:13:02 UTC<br/>2023-12-14 17:13:34 UTC</span></div>
</div>]]></description>
		<Style>
			<LineStyle>
				<color>ffae00ff</color>
				<width>2</width>
			</LineStyle>
		</Style>
		<MultiGeometry>
			<LineString>
				<tessellate>1</tessellate>
				<altitudeMode>absolute</altitudeMode>
				<coordinates>
					70.45362900000001,47.781914,11894.82 70.554474,47.77867100000001,11894.82 
				</coordinates>
			</LineString>
		</MultiGeometry>
	</Placemark>
	<Placemark>
		<name>P-267</name>
		<visibility>0</visibility>
		<description><![CDATA[<div><div><span><b>Altitude:</b></span> <span>39,025 ft - 39,000 ft</span></div>
<div><span><b>Speed:</b></span> <span>474 kt - 472 kt</span></div>
<div><span><b>Timestamp:</b></span><br/><span>2023-12-14 17:13:34 UTC<br/>2023-12-14 17:14:06 UTC</span></div>
</div>]]></description>
		<Style>
			<LineStyle>
				<color>ffae00ff</color>
				<width>2</width>
			</LineStyle>
		</Style>
		<MultiGeometry>
			<LineString>
				<tessellate>1</tessellate>
				<altitudeMode>absolute</altitudeMode>
				<coordinates>
					70.554474,47.77867100000001,11894.82 70.660286,47.775238,11887.2 
				</coordinates>
			</LineString>
		</MultiGeometry>
	</Placemark>
	<Placemark>
		<name>P-268</name>
		<visibility>0</visibility>
		<description><![CDATA[<div><div><span><b>Altitude:</b></span> <span>39,000 ft - 39,025 ft</span></div>
<div><span><b>Speed:</b></span> <span>472 kt - 470 kt</span></div>
<div><span><b>Timestamp:</b></span><br/><span>2023-12-14 17:14:06 UTC<br/>2023-12-14 17:14:37 UTC</span></div>
</div>]]></description>
		<Style>
			<LineStyle>
				<color>ffae00ff</color>
				<width>2</width>
			</LineStyle>
		</Style>
		<MultiGeometry>
			<LineString>
				<tessellate>1</tessellate>
				<altitudeMode>absolute</altitudeMode>
				<coordinates>
					70.660286,47.775238,11887.2 70.7593,47.771988,11894.82 
				</coordinates>
			</LineString>
		</MultiGeometry>
	</Placemark>
	<Placemark>
		<name>P-269</name>
		<visibility>0</visibility>
		<description><![CDATA[<div><div><span><b>Altitude:</b></span> <span>39,025 ft - 39,000 ft</span></div>
<div><span><b>Speed:</b></span> <span>470 kt - 469 kt</span></div>
<div><span><b>Timestamp:</b></span><br/><span>2023-12-14 17:14:37 UTC<br/>2023-12-14 17:14:46 UTC</span></div>
</div>]]></description>
		<Style>
			<LineStyle>
				<color>ffae00ff</color>
				<width>2</width>
			</LineStyle>
		</Style>
		<MultiGeometry>
			<LineString>
				<tessellate>1</tessellate>
				<altitudeMode>absolute</altitudeMode>
				<coordinates>
					70.7593,47.771988,11894.82 70.79097,47.770927,11887.2 
				</coordinates>
			</LineString>
		</MultiGeometry>
	</Placemark>
	<Placemark>
		<name>P-270</name>
		<visibility>0</visibility>
		<description><![CDATA[<div><div><span><b>Altitude:</b></span> <span>39,000 ft - 38,975 ft</span></div>
<div><span><b>Speed:</b></span> <span>469 kt - 468 kt</span></div>
<div><span><b>Timestamp:</b></span><br/><span>2023-12-14 17:14:46 UTC<br/>2023-12-14 17:15:37 UTC</span></div>
</div>]]></description>
		<Style>
			<LineStyle>
				<color>ffae00ff</color>
				<width>2</width>
			</LineStyle>
		</Style>
		<MultiGeometry>
			<LineString>
				<tessellate>1</tessellate>
				<altitudeMode>absolute</altitudeMode>
				<coordinates>
					70.79097,47.770927,11887.2 70.95210299999999,47.765343,11879.58 
				</coordinates>
			</LineString>
		</MultiGeometry>
	</Placemark>
	<Placemark>
		<name>P-271</name>
		<visibility>0</visibility>
		<description><![CDATA[<div><div><span><b>Altitude:</b></span> <span>38,975 ft</span></div>
<div><span><b>Speed:</b></span> <span>468 kt - 469 kt</span></div>
<div><span><b>Timestamp:</b></span><br/><span>2023-12-14 17:15:37 UTC<br/>2023-12-14 17:16:51 UTC</span></div>
</div>]]></description>
		<Style>
			<LineStyle>
				<color>ffae00ff</color>
				<width>2</width>
			</LineStyle>
		</Style>
		<MultiGeometry>
			<LineString>
				<tessellate>1</tessellate>
				<altitudeMode>absolute</altitudeMode>
				<coordinates>
					70.95210299999999,47.765343,11879.58 71.191132,47.756653,11879.58 
				</coordinates>
			</LineString>
		</MultiGeometry>
	</Placemark>
	<Placemark>
		<name>P-272</name>
		<visibility>0</visibility>
		<description><![CDATA[<div><div><span><b>Altitude:</b></span> <span>38,975 ft - 39,000 ft</span></div>
<div><span><b>Speed:</b></span> <span>469 kt - 470 kt</span></div>
<div><span><b>Timestamp:</b></span><br/><span>2023-12-14 17:16:51 UTC<br/>2023-12-14 17:18:15 UTC</span></div>
</div>]]></description>
		<Style>
			<LineStyle>
				<color>ffae00ff</color>
				<width>2</width>
			</LineStyle>
		</Style>
		<MultiGeometry>
			<LineString>
				<tessellate>1</tessellate>
				<altitudeMode>absolute</altitudeMode>
				<coordinates>
					71.191132,47.756653,11879.58 71.46167,47.745987,11887.2 
				</coordinates>
			</LineString>
		</MultiGeometry>
	</Placemark>
	<Placemark>
		<name>P-273</name>
		<visibility>0</visibility>
		<description><![CDATA[<div><div><span><b>Altitude:</b></span> <span>39,000 ft - 39,025 ft</span></div>
<div><span><b>Speed:</b></span> <span>470 kt</span></div>
<div><span><b>Timestamp:</b></span><br/><span>2023-12-14 17:18:15 UTC<br/>2023-12-14 17:18:47 UTC</span></div>
</div>]]></description>
		<Style>
			<LineStyle>
				<color>ffae00ff</color>
				<width>2</width>
			</LineStyle>
		</Style>
		<MultiGeometry>
			<LineString>
				<tessellate>1</tessellate>
				<altitudeMode>absolute</altitudeMode>
				<coordinates>
					71.46167,47.745987,11887.2 71.563461,47.74192800000001,11894.82 
				</coordinates>
			</LineString>
		</MultiGeometry>
	</Placemark>
	<Placemark>
		<name>P-274</name>
		<visibility>0</visibility>
		<description><![CDATA[<div><div><span><b>Altitude:</b></span> <span>39,025 ft - 39,000 ft</span></div>
<div><span><b>Speed:</b></span> <span>470 kt - 469 kt</span></div>
<div><span><b>Timestamp:</b></span><br/><span>2023-12-14 17:18:47 UTC<br/>2023-12-14 17:19:19 UTC</span></div>
</div>]]></description>
		<Style>
			<LineStyle>
				<color>ffae00ff</color>
				<width>2</width>
			</LineStyle>
		</Style>
		<MultiGeometry>
			<LineString>
				<tessellate>1</tessellate>
				<altitudeMode>absolute</altitudeMode>
				<coordinates>
					71.563461,47.74192800000001,11894.82 71.66501599999999,47.737785,11887.2 
				</coordinates>
			</LineString>
		</MultiGeometry>
	</Placemark>
	<Placemark>
		<name>P-275</name>
		<visibility>0</visibility>
		<description><![CDATA[<div><div><span><b>Altitude:</b></span> <span>39,000 ft - 39,025 ft</span></div>
<div><span><b>Speed:</b></span> <span>469 kt - 470 kt</span></div>
<div><span><b>Timestamp:</b></span><br/><span>2023-12-14 17:19:19 UTC<br/>2023-12-14 17:19:49 UTC</span></div>
</div>]]></description>
		<Style>
			<LineStyle>
				<color>ffae00ff</color>
				<width>2</width>
			</LineStyle>
		</Style>
		<MultiGeometry>
			<LineString>
				<tessellate>1</tessellate>
				<altitudeMode>absolute</altitudeMode>
				<coordinates>
					71.66501599999999,47.737785,11887.2 71.760727,47.733967,11894.82 
				</coordinates>
			</LineString>
		</MultiGeometry>
	</Placemark>
	<Placemark>
		<name>P-276</name>
		<visibility>0</visibility>
		<description><![CDATA[<div><div><span><b>Altitude:</b></span> <span>39,025 ft</span></div>
<div><span><b>Speed:</b></span> <span>470 kt</span></div>
<div><span><b>Timestamp:</b></span><br/><span>2023-12-14 17:19:49 UTC<br/>2023-12-14 17:20:22 UTC</span></div>
</div>]]></description>
		<Style>
			<LineStyle>
				<color>ffae00ff</color>
				<width>2</width>
			</LineStyle>
		</Style>
		<MultiGeometry>
			<LineString>
				<tessellate>1</tessellate>
				<altitudeMode>absolute</altitudeMode>
				<coordinates>
					71.760727,47.733967,11894.82 71.867752,47.72932400000001,11894.82 
				</coordinates>
			</LineString>
		</MultiGeometry>
	</Placemark>
	<Placemark>
		<name>P-277</name>
		<visibility>0</visibility>
		<description><![CDATA[<div><div><span><b>Altitude:</b></span> <span>39,025 ft - 39,000 ft</span></div>
<div><span><b>Speed:</b></span> <span>470 kt</span></div>
<div><span><b>Timestamp:</b></span><br/><span>2023-12-14 17:20:22 UTC<br/>2023-12-14 17:20:52 UTC</span></div>
</div>]]></description>
		<Style>
			<LineStyle>
				<color>ffae00ff</color>
				<width>2</width>
			</LineStyle>
		</Style>
		<MultiGeometry>
			<LineString>
				<tessellate>1</tessellate>
				<altitudeMode>absolute</altitudeMode>
				<coordinates>
					71.867752,47.72932400000001,11894.82 71.966576,47.723957,11887.2 
				</coordinates>
			</LineString>
		</MultiGeometry>
	</Placemark>
	<Placemark>
		<name>P-278</name>
		<visibility>0</visibility>
		<description><![CDATA[<div><div><span><b>Altitude:</b></span> <span>39,000 ft</span></div>
<div><span><b>Speed:</b></span> <span>470 kt - 469 kt</span></div>
<div><span><b>Timestamp:</b></span><br/><span>2023-12-14 17:20:52 UTC<br/>2023-12-14 17:21:24 UTC</span></div>
</div>]]></description>
		<Style>
			<LineStyle>
				<color>ffae00ff</color>
				<width>2</width>
			</LineStyle>
		</Style>
		<MultiGeometry>
			<LineString>
				<tessellate>1</tessellate>
				<altitudeMode>absolute</altitudeMode>
				<coordinates>
					71.966576,47.723957,11887.2 72.066513,47.71776599999999,11887.2 
				</coordinates>
			</LineString>
		</MultiGeometry>
	</Placemark>
	<Placemark>
		<name>P-279</name>
		<visibility>0</visibility>
		<description><![CDATA[<div><div><span><b>Altitude:</b></span> <span>39,000 ft</span></div>
<div><span><b>Speed:</b></span> <span>469 kt - 470 kt</span></div>
<div><span><b>Timestamp:</b></span><br/><span>2023-12-14 17:21:24 UTC<br/>2023-12-14 17:21:55 UTC</span></div>
</div>]]></description>
		<Style>
			<LineStyle>
				<color>ffae00ff</color>
				<width>2</width>
			</LineStyle>
		</Style>
		<MultiGeometry>
			<LineString>
				<tessellate>1</tessellate>
				<altitudeMode>absolute</altitudeMode>
				<coordinates>
					72.066513,47.71776599999999,11887.2 72.166718,47.711655,11887.2 
				</coordinates>
			</LineString>
		</MultiGeometry>
	</Placemark>
	<Placemark>
		<name>P-280</name>
		<visibility>0</visibility>
		<description><![CDATA[<div><div><span><b>Altitude:</b></span> <span>39,000 ft</span></div>
<div><span><b>Speed:</b></span> <span>470 kt - 469 kt</span></div>
<div><span><b>Timestamp:</b></span><br/><span>2023-12-14 17:21:55 UTC<br/>2023-12-14 17:22:27 UTC</span></div>
</div>]]></description>
		<Style>
			<LineStyle>
				<color>ffae00ff</color>
				<width>2</width>
			</LineStyle>
		</Style>
		<MultiGeometry>
			<LineString>
				<tessellate>1</tessellate>
				<altitudeMode>absolute</altitudeMode>
				<coordinates>
					72.166718,47.711655,11887.2 72.267853,47.70561600000001,11887.2 
				</coordinates>
			</LineString>
		</MultiGeometry>
	</Placemark>
	<Placemark>
		<name>P-281</name>
		<visibility>0</visibility>
		<description><![CDATA[<div><div><span><b>Altitude:</b></span> <span>39,000 ft</span></div>
<div><span><b>Speed:</b></span> <span>469 kt - 468 kt</span></div>
<div><span><b>Timestamp:</b></span><br/><span>2023-12-14 17:22:27 UTC<br/>2023-12-14 17:22:58 UTC</span></div>
</div>]]></description>
		<Style>
			<LineStyle>
				<color>ffae00ff</color>
				<width>2</width>
			</LineStyle>
		</Style>
		<MultiGeometry>
			<LineString>
				<tessellate>1</tessellate>
				<altitudeMode>absolute</altitudeMode>
				<coordinates>
					72.267853,47.70561600000001,11887.2 72.36821,47.699516,11887.2 
				</coordinates>
			</LineString>
		</MultiGeometry>
	</Placemark>
	<Placemark>
		<name>P-282</name>
		<visibility>0</visibility>
		<description><![CDATA[<div><div><span><b>Altitude:</b></span> <span>39,000 ft</span></div>
<div><span><b>Speed:</b></span> <span>468 kt</span></div>
<div><span><b>Timestamp:</b></span><br/><span>2023-12-14 17:22:58 UTC<br/>2023-12-14 17:23:29 UTC</span></div>
</div>]]></description>
		<Style>
			<LineStyle>
				<color>ffae00ff</color>
				<width>2</width>
			</LineStyle>
		</Style>
		<MultiGeometry>
			<LineString>
				<tessellate>1</tessellate>
				<altitudeMode>absolute</altitudeMode>
				<coordinates>
					72.36821,47.699516,11887.2 72.466919,47.693344,11887.2 
				</coordinates>
			</LineString>
		</MultiGeometry>
	</Placemark>
	<Placemark>
		<name>P-283</name>
		<visibility>0</visibility>
		<description><![CDATA[<div><div><span><b>Altitude:</b></span> <span>39,000 ft</span></div>
<div><span><b>Speed:</b></span> <span>468 kt - 467 kt</span></div>
<div><span><b>Timestamp:</b></span><br/><span>2023-12-14 17:23:29 UTC<br/>2023-12-14 17:24:00 UTC</span></div>
</div>]]></description>
		<Style>
			<LineStyle>
				<color>ffae00ff</color>
				<width>2</width>
			</LineStyle>
		</Style>
		<MultiGeometry>
			<LineString>
				<tessellate>1</tessellate>
				<altitudeMode>absolute</altitudeMode>
				<coordinates>
					72.466919,47.693344,11887.2 72.56744399999999,47.687134,11887.2 
				</coordinates>
			</LineString>
		</MultiGeometry>
	</Placemark>
	<Placemark>
		<name>P-284</name>
		<visibility>0</visibility>
		<description><![CDATA[<div><div><span><b>Altitude:</b></span> <span>39,000 ft</span></div>
<div><span><b>Speed:</b></span> <span>467 kt</span></div>
<div><span><b>Timestamp:</b></span><br/><span>2023-12-14 17:24:00 UTC<br/>2023-12-14 17:24:32 UTC</span></div>
</div>]]></description>
		<Style>
			<LineStyle>
				<color>ffae00ff</color>
				<width>2</width>
			</LineStyle>
		</Style>
		<MultiGeometry>
			<LineString>
				<tessellate>1</tessellate>
				<altitudeMode>absolute</altitudeMode>
				<coordinates>
					72.56744399999999,47.687134,11887.2 72.66688499999999,47.680943,11887.2 
				</coordinates>
			</LineString>
		</MultiGeometry>
	</Placemark>
	<Placemark>
		<name>P-285</name>
		<visibility>0</visibility>
		<description><![CDATA[<div><div><span><b>Altitude:</b></span> <span>39,000 ft - 38,975 ft</span></div>
<div><span><b>Speed:</b></span> <span>467 kt - 470 kt</span></div>
<div><span><b>Timestamp:</b></span><br/><span>2023-12-14 17:24:32 UTC<br/>2023-12-14 17:25:03 UTC</span></div>
</div>]]></description>
		<Style>
			<LineStyle>
				<color>ffae00ff</color>
				<width>2</width>
			</LineStyle>
		</Style>
		<MultiGeometry>
			<LineString>
				<tessellate>1</tessellate>
				<altitudeMode>absolute</altitudeMode>
				<coordinates>
					72.66688499999999,47.680943,11887.2 72.76696,47.674473,11879.58 
				</coordinates>
			</LineString>
		</MultiGeometry>
	</Placemark>
	<Placemark>
		<name>P-286</name>
		<visibility>0</visibility>
		<description><![CDATA[<div><div><span><b>Altitude:</b></span> <span>38,975 ft - 39,000 ft</span></div>
<div><span><b>Speed:</b></span> <span>470 kt - 469 kt</span></div>
<div><span><b>Timestamp:</b></span><br/><span>2023-12-14 17:25:03 UTC<br/>2023-12-14 17:25:34 UTC</span></div>
</div>]]></description>
		<Style>
			<LineStyle>
				<color>ffae00ff</color>
				<width>2</width>
			</LineStyle>
		</Style>
		<MultiGeometry>
			<LineString>
				<tessellate>1</tessellate>
				<altitudeMode>absolute</altitudeMode>
				<coordinates>
					72.76696,47.674473,11879.58 72.865379,47.667984,11887.2 
				</coordinates>
			</LineString>
		</MultiGeometry>
	</Placemark>
	<Placemark>
		<name>P-287</name>
		<visibility>0</visibility>
		<description><![CDATA[<div><div><span><b>Altitude:</b></span> <span>39,000 ft</span></div>
<div><span><b>Speed:</b></span> <span>469 kt - 470 kt</span></div>
<div><span><b>Timestamp:</b></span><br/><span>2023-12-14 17:25:34 UTC<br/>2023-12-14 17:26:06 UTC</span></div>
</div>]]></description>
		<Style>
			<LineStyle>
				<color>ffae00ff</color>
				<width>2</width>
			</LineStyle>
		</Style>
		<MultiGeometry>
			<LineString>
				<tessellate>1</tessellate>
				<altitudeMode>absolute</altitudeMode>
				<coordinates>
					72.865379,47.667984,11887.2 72.96766700000001,47.66134599999999,11887.2 
				</coordinates>
			</LineString>
		</MultiGeometry>
	</Placemark>
	<Placemark>
		<name>P-288</name>
		<visibility>0</visibility>
		<description><![CDATA[<div><div><span><b>Altitude:</b></span> <span>39,000 ft</span></div>
<div><span><b>Speed:</b></span> <span>470 kt - 472 kt</span></div>
<div><span><b>Timestamp:</b></span><br/><span>2023-12-14 17:26:06 UTC<br/>2023-12-14 17:26:37 UTC</span></div>
</div>]]></description>
		<Style>
			<LineStyle>
				<color>ffae00ff</color>
				<width>2</width>
			</LineStyle>
		</Style>
		<MultiGeometry>
			<LineString>
				<tessellate>1</tessellate>
				<altitudeMode>absolute</altitudeMode>
				<coordinates>
					72.96766700000001,47.66134599999999,11887.2 73.067955,47.65469,11887.2 
				</coordinates>
			</LineString>
		</MultiGeometry>
	</Placemark>
	<Placemark>
		<name>P-289</name>
		<visibility>0</visibility>
		<description><![CDATA[<div><div><span><b>Altitude:</b></span> <span>39,000 ft - 39,025 ft</span></div>
<div><span><b>Speed:</b></span> <span>472 kt - 471 kt</span></div>
<div><span><b>Timestamp:</b></span><br/><span>2023-12-14 17:26:37 UTC<br/>2023-12-14 17:27:08 UTC</span></div>
</div>]]></description>
		<Style>
			<LineStyle>
				<color>ffae00ff</color>
				<width>2</width>
			</LineStyle>
		</Style>
		<MultiGeometry>
			<LineString>
				<tessellate>1</tessellate>
				<altitudeMode>absolute</altitudeMode>
				<coordinates>
					73.067955,47.65469,11887.2 73.166954,47.647842,11894.82 
				</coordinates>
			</LineString>
		</MultiGeometry>
	</Placemark>
	<Placemark>
		<name>P-290</name>
		<visibility>0</visibility>
		<description><![CDATA[<div><div><span><b>Altitude:</b></span> <span>39,025 ft</span></div>
<div><span><b>Speed:</b></span> <span>471 kt</span></div>
<div><span><b>Timestamp:</b></span><br/><span>2023-12-14 17:27:08 UTC<br/>2023-12-14 17:27:39 UTC</span></div>
</div>]]></description>
		<Style>
			<LineStyle>
				<color>ffae00ff</color>
				<width>2</width>
			</LineStyle>
		</Style>
		<MultiGeometry>
			<LineString>
				<tessellate>1</tessellate>
				<altitudeMode>absolute</altitudeMode>
				<coordinates>
					73.166954,47.647842,11894.82 73.267044,47.64090699999999,11894.82 
				</coordinates>
			</LineString>
		</MultiGeometry>
	</Placemark>
	<Placemark>
		<name>P-291</name>
		<visibility>0</visibility>
		<description><![CDATA[<div><div><span><b>Altitude:</b></span> <span>39,025 ft</span></div>
<div><span><b>Speed:</b></span> <span>471 kt</span></div>
<div><span><b>Timestamp:</b></span><br/><span>2023-12-14 17:27:39 UTC<br/>2023-12-14 17:28:11 UTC</span></div>
</div>]]></description>
		<Style>
			<LineStyle>
				<color>ffae00ff</color>
				<width>2</width>
			</LineStyle>
		</Style>
		<MultiGeometry>
			<LineString>
				<tessellate>1</tessellate>
				<altitudeMode>absolute</altitudeMode>
				<coordinates>
					73.267044,47.64090699999999,11894.82 73.368347,47.633926,11894.82 
				</coordinates>
			</LineString>
		</MultiGeometry>
	</Placemark>
	<Placemark>
		<name>P-292</name>
		<visibility>0</visibility>
		<description><![CDATA[<div><div><span><b>Altitude:</b></span> <span>39,025 ft</span></div>
<div><span><b>Speed:</b></span> <span>471 kt - 469 kt</span></div>
<div><span><b>Timestamp:</b></span><br/><span>2023-12-14 17:28:11 UTC<br/>2023-12-14 17:28:42 UTC</span></div>
</div>]]></description>
		<Style>
			<LineStyle>
				<color>ffae00ff</color>
				<width>2</width>
			</LineStyle>
		</Style>
		<MultiGeometry>
			<LineString>
				<tessellate>1</tessellate>
				<altitudeMode>absolute</altitudeMode>
				<coordinates>
					73.368347,47.633926,11894.82 73.468391,47.62706,11894.82 
				</coordinates>
			</LineString>
		</MultiGeometry>
	</Placemark>
	<Placemark>
		<name>P-293</name>
		<visibility>0</visibility>
		<description><![CDATA[<div><div><span><b>Altitude:</b></span> <span>39,025 ft</span></div>
<div><span><b>Speed:</b></span> <span>469 kt</span></div>
<div><span><b>Timestamp:</b></span><br/><span>2023-12-14 17:28:42 UTC<br/>2023-12-14 17:29:13 UTC</span></div>
</div>]]></description>
		<Style>
			<LineStyle>
				<color>ffae00ff</color>
				<width>2</width>
			</LineStyle>
		</Style>
		<MultiGeometry>
			<LineString>
				<tessellate>1</tessellate>
				<altitudeMode>absolute</altitudeMode>
				<coordinates>
					73.468391,47.62706,11894.82 73.568748,47.620052,11894.82 
				</coordinates>
			</LineString>
		</MultiGeometry>
	</Placemark>
	<Placemark>
		<name>P-294</name>
		<visibility>0</visibility>
		<description><![CDATA[<div><div><span><b>Altitude:</b></span> <span>39,025 ft - 39,000 ft</span></div>
<div><span><b>Speed:</b></span> <span>469 kt - 468 kt</span></div>
<div><span><b>Timestamp:</b></span><br/><span>2023-12-14 17:29:13 UTC<br/>2023-12-14 17:29:45 UTC</span></div>
</div>]]></description>
		<Style>
			<LineStyle>
				<color>ffae00ff</color>
				<width>2</width>
			</LineStyle>
		</Style>
		<MultiGeometry>
			<LineString>
				<tessellate>1</tessellate>
				<altitudeMode>absolute</altitudeMode>
				<coordinates>
					73.568748,47.620052,11894.82 73.66847199999999,47.61293,11887.2 
				</coordinates>
			</LineString>
		</MultiGeometry>
	</Placemark>
	<Placemark>
		<name>P-295</name>
		<visibility>0</visibility>
		<description><![CDATA[<div><div><span><b>Altitude:</b></span> <span>39,000 ft - 38,975 ft</span></div>
<div><span><b>Speed:</b></span> <span>468 kt</span></div>
<div><span><b>Timestamp:</b></span><br/><span>2023-12-14 17:29:45 UTC<br/>2023-12-14 17:30:16 UTC</span></div>
</div>]]></description>
		<Style>
			<LineStyle>
				<color>ffae00ff</color>
				<width>2</width>
			</LineStyle>
		</Style>
		<MultiGeometry>
			<LineString>
				<tessellate>1</tessellate>
				<altitudeMode>absolute</altitudeMode>
				<coordinates>
					73.66847199999999,47.61293,11887.2 73.76721999999999,47.605591,11879.58 
				</coordinates>
			</LineString>
		</MultiGeometry>
	</Placemark>
	<Placemark>
		<name>P-296</name>
		<visibility>0</visibility>
		<description><![CDATA[<div><div><span><b>Altitude:</b></span> <span>38,975 ft - 39,000 ft</span></div>
<div><span><b>Speed:</b></span> <span>468 kt</span></div>
<div><span><b>Timestamp:</b></span><br/><span>2023-12-14 17:30:16 UTC<br/>2023-12-14 17:30:47 UTC</span></div>
</div>]]></description>
		<Style>
			<LineStyle>
				<color>ffae00ff</color>
				<width>2</width>
			</LineStyle>
		</Style>
		<MultiGeometry>
			<LineString>
				<tessellate>1</tessellate>
				<altitudeMode>absolute</altitudeMode>
				<coordinates>
					73.76721999999999,47.605591,11879.58 73.86629499999999,47.598408,11887.2 
				</coordinates>
			</LineString>
		</MultiGeometry>
	</Placemark>
	<Placemark>
		<name>P-297</name>
		<visibility>0</visibility>
		<description><![CDATA[<div><div><span><b>Altitude:</b></span> <span>39,000 ft</span></div>
<div><span><b>Speed:</b></span> <span>468 kt</span></div>
<div><span><b>Timestamp:</b></span><br/><span>2023-12-14 17:30:47 UTC<br/>2023-12-14 17:31:18 UTC</span></div>
</div>]]></description>
		<Style>
			<LineStyle>
				<color>ffae00ff</color>
				<width>2</width>
			</LineStyle>
		</Style>
		<MultiGeometry>
			<LineString>
				<tessellate>1</tessellate>
				<altitudeMode>absolute</altitudeMode>
				<coordinates>
					73.86629499999999,47.598408,11887.2 73.96414900000001,47.59108000000001,11887.2 
				</coordinates>
			</LineString>
		</MultiGeometry>
	</Placemark>
	<Placemark>
		<name>P-298</name>
		<visibility>0</visibility>
		<description><![CDATA[<div><div><span><b>Altitude:</b></span> <span>39,000 ft - 39,025 ft</span></div>
<div><span><b>Speed:</b></span> <span>468 kt</span></div>
<div><span><b>Timestamp:</b></span><br/><span>2023-12-14 17:31:18 UTC<br/>2023-12-14 17:31:49 UTC</span></div>
</div>]]></description>
		<Style>
			<LineStyle>
				<color>ffae00ff</color>
				<width>2</width>
			</LineStyle>
		</Style>
		<MultiGeometry>
			<LineString>
				<tessellate>1</tessellate>
				<altitudeMode>absolute</altitudeMode>
				<coordinates>
					73.96414900000001,47.59108000000001,11887.2 74.064331,47.583416,11894.82 
				</coordinates>
			</LineString>
		</MultiGeometry>
	</Placemark>
	<Placemark>
		<name>P-299</name>
		<visibility>0</visibility>
		<description><![CDATA[<div><div><span><b>Altitude:</b></span> <span>39,025 ft - 39,000 ft</span></div>
<div><span><b>Speed:</b></span> <span>468 kt - 466 kt</span></div>
<div><span><b>Timestamp:</b></span><br/><span>2023-12-14 17:31:49 UTC<br/>2023-12-14 17:32:20 UTC</span></div>
</div>]]></description>
		<Style>
			<LineStyle>
				<color>ffae00ff</color>
				<width>2</width>
			</LineStyle>
		</Style>
		<MultiGeometry>
			<LineString>
				<tessellate>1</tessellate>
				<altitudeMode>absolute</altitudeMode>
				<coordinates>
					74.064331,47.583416,11894.82 74.16222399999999,47.576107,11887.2 
				</coordinates>
			</LineString>
		</MultiGeometry>
	</Placemark>
	<Placemark>
		<name>P-300</name>
		<visibility>0</visibility>
		<description><![CDATA[<div><div><span><b>Altitude:</b></span> <span>39,000 ft</span></div>
<div><span><b>Speed:</b></span> <span>466 kt</span></div>
<div><span><b>Timestamp:</b></span><br/><span>2023-12-14 17:32:20 UTC<br/>2023-12-14 17:32:51 UTC</span></div>
</div>]]></description>
		<Style>
			<LineStyle>
				<color>ffae00ff</color>
				<width>2</width>
			</LineStyle>
		</Style>
		<MultiGeometry>
			<LineString>
				<tessellate>1</tessellate>
				<altitudeMode>absolute</altitudeMode>
				<coordinates>
					74.16222399999999,47.576107,11887.2 74.261307,47.56828700000001,11887.2 
				</coordinates>
			</LineString>
		</MultiGeometry>
	</Placemark>
	<Placemark>
		<name>P-301</name>
		<visibility>0</visibility>
		<description><![CDATA[<div><div><span><b>Altitude:</b></span> <span>39,000 ft - 38,975 ft</span></div>
<div><span><b>Speed:</b></span> <span>466 kt</span></div>
<div><span><b>Timestamp:</b></span><br/><span>2023-12-14 17:32:51 UTC<br/>2023-12-14 17:33:22 UTC</span></div>
</div>]]></description>
		<Style>
			<LineStyle>
				<color>ffae00ff</color>
				<width>2</width>
			</LineStyle>
		</Style>
		<MultiGeometry>
			<LineString>
				<tessellate>1</tessellate>
				<altitudeMode>absolute</altitudeMode>
				<coordinates>
					74.261307,47.56828700000001,11887.2 74.35910800000001,47.560638,11879.58 
				</coordinates>
			</LineString>
		</MultiGeometry>
	</Placemark>
	<Placemark>
		<name>P-302</name>
		<visibility>0</visibility>
		<description><![CDATA[<div><div><span><b>Altitude:</b></span> <span>38,975 ft - 39,000 ft</span></div>
<div><span><b>Speed:</b></span> <span>466 kt</span></div>
<div><span><b>Timestamp:</b></span><br/><span>2023-12-14 17:33:22 UTC<br/>2023-12-14 17:33:53 UTC</span></div>
</div>]]></description>
		<Style>
			<LineStyle>
				<color>ffae00ff</color>
				<width>2</width>
			</LineStyle>
		</Style>
		<MultiGeometry>
			<LineString>
				<tessellate>1</tessellate>
				<altitudeMode>absolute</altitudeMode>
				<coordinates>
					74.35910800000001,47.560638,11879.58 74.455963,47.553066,11887.2 
				</coordinates>
			</LineString>
		</MultiGeometry>
	</Placemark>
	<Placemark>
		<name>P-303</name>
		<visibility>0</visibility>
		<description><![CDATA[<div><div><span><b>Altitude:</b></span> <span>39,000 ft - 38,975 ft</span></div>
<div><span><b>Speed:</b></span> <span>466 kt</span></div>
<div><span><b>Timestamp:</b></span><br/><span>2023-12-14 17:33:53 UTC<br/>2023-12-14 17:34:24 UTC</span></div>
</div>]]></description>
		<Style>
			<LineStyle>
				<color>ffae00ff</color>
				<width>2</width>
			</LineStyle>
		</Style>
		<MultiGeometry>
			<LineString>
				<tessellate>1</tessellate>
				<altitudeMode>absolute</altitudeMode>
				<coordinates>
					74.455963,47.553066,11887.2 74.55392500000001,47.545429,11879.58 
				</coordinates>
			</LineString>
		</MultiGeometry>
	</Placemark>
	<Placemark>
		<name>P-304</name>
		<visibility>0</visibility>
		<description><![CDATA[<div><div><span><b>Altitude:</b></span> <span>38,975 ft - 39,000 ft</span></div>
<div><span><b>Speed:</b></span> <span>466 kt</span></div>
<div><span><b>Timestamp:</b></span><br/><span>2023-12-14 17:34:24 UTC<br/>2023-12-14 17:34:55 UTC</span></div>
</div>]]></description>
		<Style>
			<LineStyle>
				<color>ffae00ff</color>
				<width>2</width>
			</LineStyle>
		</Style>
		<MultiGeometry>
			<LineString>
				<tessellate>1</tessellate>
				<altitudeMode>absolute</altitudeMode>
				<coordinates>
					74.55392500000001,47.545429,11879.58 74.652992,47.537384,11887.2 
				</coordinates>
			</LineString>
		</MultiGeometry>
	</Placemark>
	<Placemark>
		<name>P-305</name>
		<visibility>0</visibility>
		<description><![CDATA[<div><div><span><b>Altitude:</b></span> <span>39,000 ft</span></div>
<div><span><b>Speed:</b></span> <span>466 kt</span></div>
<div><span><b>Timestamp:</b></span><br/><span>2023-12-14 17:34:55 UTC<br/>2023-12-14 17:35:27 UTC</span></div>
</div>]]></description>
		<Style>
			<LineStyle>
				<color>ffae00ff</color>
				<width>2</width>
			</LineStyle>
		</Style>
		<MultiGeometry>
			<LineString>
				<tessellate>1</tessellate>
				<altitudeMode>absolute</altitudeMode>
				<coordinates>
					74.652992,47.537384,11887.2 74.752808,47.529228,11887.2 
				</coordinates>
			</LineString>
		</MultiGeometry>
	</Placemark>
	<Placemark>
		<name>P-306</name>
		<visibility>0</visibility>
		<description><![CDATA[<div><div><span><b>Altitude:</b></span> <span>39,000 ft</span></div>
<div><span><b>Speed:</b></span> <span>466 kt - 467 kt</span></div>
<div><span><b>Timestamp:</b></span><br/><span>2023-12-14 17:35:27 UTC<br/>2023-12-14 17:35:58 UTC</span></div>
</div>]]></description>
		<Style>
			<LineStyle>
				<color>ffae00ff</color>
				<width>2</width>
			</LineStyle>
		</Style>
		<MultiGeometry>
			<LineString>
				<tessellate>1</tessellate>
				<altitudeMode>absolute</altitudeMode>
				<coordinates>
					74.752808,47.529228,11887.2 74.849007,47.521221,11887.2 
				</coordinates>
			</LineString>
		</MultiGeometry>
	</Placemark>
	<Placemark>
		<name>P-307</name>
		<visibility>0</visibility>
		<description><![CDATA[<div><div><span><b>Altitude:</b></span> <span>39,000 ft</span></div>
<div><span><b>Speed:</b></span> <span>467 kt</span></div>
<div><span><b>Timestamp:</b></span><br/><span>2023-12-14 17:35:58 UTC<br/>2023-12-14 17:36:29 UTC</span></div>
</div>]]></description>
		<Style>
			<LineStyle>
				<color>ffae00ff</color>
				<width>2</width>
			</LineStyle>
		</Style>
		<MultiGeometry>
			<LineString>
				<tessellate>1</tessellate>
				<altitudeMode>absolute</altitudeMode>
				<coordinates>
					74.849007,47.521221,11887.2 74.947632,47.51261899999999,11887.2 
				</coordinates>
			</LineString>
		</MultiGeometry>
	</Placemark>
	<Placemark>
		<name>P-308</name>
		<visibility>0</visibility>
		<description><![CDATA[<div><div><span><b>Altitude:</b></span> <span>39,000 ft</span></div>
<div><span><b>Speed:</b></span> <span>467 kt - 468 kt</span></div>
<div><span><b>Timestamp:</b></span><br/><span>2023-12-14 17:36:29 UTC<br/>2023-12-14 17:37:00 UTC</span></div>
</div>]]></description>
		<Style>
			<LineStyle>
				<color>ffae00ff</color>
				<width>2</width>
			</LineStyle>
		</Style>
		<MultiGeometry>
			<LineString>
				<tessellate>1</tessellate>
				<altitudeMode>absolute</altitudeMode>
				<coordinates>
					74.947632,47.51261899999999,11887.2 75.046234,47.504105,11887.2 
				</coordinates>
			</LineString>
		</MultiGeometry>
	</Placemark>
	<Placemark>
		<name>P-309</name>
		<visibility>0</visibility>
		<description><![CDATA[<div><div><span><b>Altitude:</b></span> <span>39,000 ft</span></div>
<div><span><b>Speed:</b></span> <span>468 kt</span></div>
<div><span><b>Timestamp:</b></span><br/><span>2023-12-14 17:37:00 UTC<br/>2023-12-14 17:37:32 UTC</span></div>
</div>]]></description>
		<Style>
			<LineStyle>
				<color>ffae00ff</color>
				<width>2</width>
			</LineStyle>
		</Style>
		<MultiGeometry>
			<LineString>
				<tessellate>1</tessellate>
				<altitudeMode>absolute</altitudeMode>
				<coordinates>
					75.046234,47.504105,11887.2 75.147102,47.49559000000001,11887.2 
				</coordinates>
			</LineString>
		</MultiGeometry>
	</Placemark>
	<Placemark>
		<name>P-310</name>
		<visibility>0</visibility>
		<description><![CDATA[<div><div><span><b>Altitude:</b></span> <span>39,000 ft</span></div>
<div><span><b>Speed:</b></span> <span>468 kt</span></div>
<div><span><b>Timestamp:</b></span><br/><span>2023-12-14 17:37:32 UTC<br/>2023-12-14 17:38:03 UTC</span></div>
</div>]]></description>
		<Style>
			<LineStyle>
				<color>ffae00ff</color>
				<width>2</width>
			</LineStyle>
		</Style>
		<MultiGeometry>
			<LineString>
				<tessellate>1</tessellate>
				<altitudeMode>absolute</altitudeMode>
				<coordinates>
					75.147102,47.49559000000001,11887.2 75.246773,47.487473,11887.2 
				</coordinates>
			</LineString>
		</MultiGeometry>
	</Placemark>
	<Placemark>
		<name>P-311</name>
		<visibility>0</visibility>
		<description><![CDATA[<div><div><span><b>Altitude:</b></span> <span>39,000 ft - 39,025 ft</span></div>
<div><span><b>Speed:</b></span> <span>468 kt - 467 kt</span></div>
<div><span><b>Timestamp:</b></span><br/><span>2023-12-14 17:38:03 UTC<br/>2023-12-14 17:38:34 UTC</span></div>
</div>]]></description>
		<Style>
			<LineStyle>
				<color>ffae00ff</color>
				<width>2</width>
			</LineStyle>
		</Style>
		<MultiGeometry>
			<LineString>
				<tessellate>1</tessellate>
				<altitudeMode>absolute</altitudeMode>
				<coordinates>
					75.246773,47.487473,11887.2 75.344444,47.479111,11894.82 
				</coordinates>
			</LineString>
		</MultiGeometry>
	</Placemark>
	<Placemark>
		<name>P-312</name>
		<visibility>0</visibility>
		<description><![CDATA[<div><div><span><b>Altitude:</b></span> <span>39,025 ft - 39,000 ft</span></div>
<div><span><b>Speed:</b></span> <span>467 kt - 468 kt</span></div>
<div><span><b>Timestamp:</b></span><br/><span>2023-12-14 17:38:34 UTC<br/>2023-12-14 17:39:06 UTC</span></div>
</div>]]></description>
		<Style>
			<LineStyle>
				<color>ffae00ff</color>
				<width>2</width>
			</LineStyle>
		</Style>
		<MultiGeometry>
			<LineString>
				<tessellate>1</tessellate>
				<altitudeMode>absolute</altitudeMode>
				<coordinates>
					75.344444,47.479111,11894.82 75.44536600000001,47.470341,11887.2 
				</coordinates>
			</LineString>
		</MultiGeometry>
	</Placemark>
	<Placemark>
		<name>P-313</name>
		<visibility>0</visibility>
		<description><![CDATA[<div><div><span><b>Altitude:</b></span> <span>39,000 ft</span></div>
<div><span><b>Speed:</b></span> <span>468 kt</span></div>
<div><span><b>Timestamp:</b></span><br/><span>2023-12-14 17:39:06 UTC<br/>2023-12-14 17:39:37 UTC</span></div>
</div>]]></description>
		<Style>
			<LineStyle>
				<color>ffae00ff</color>
				<width>2</width>
			</LineStyle>
		</Style>
		<MultiGeometry>
			<LineString>
				<tessellate>1</tessellate>
				<altitudeMode>absolute</altitudeMode>
				<coordinates>
					75.44536600000001,47.470341,11887.2 75.54347199999999,47.461494,11887.2 
				</coordinates>
			</LineString>
		</MultiGeometry>
	</Placemark>
	<Placemark>
		<name>P-314</name>
		<visibility>0</visibility>
		<description><![CDATA[<div><div><span><b>Altitude:</b></span> <span>39,000 ft</span></div>
<div><span><b>Speed:</b></span> <span>468 kt</span></div>
<div><span><b>Timestamp:</b></span><br/><span>2023-12-14 17:39:37 UTC<br/>2023-12-14 17:40:09 UTC</span></div>
</div>]]></description>
		<Style>
			<LineStyle>
				<color>ffae00ff</color>
				<width>2</width>
			</LineStyle>
		</Style>
		<MultiGeometry>
			<LineString>
				<tessellate>1</tessellate>
				<altitudeMode>absolute</altitudeMode>
				<coordinates>
					75.54347199999999,47.461494,11887.2 75.64444,47.45237699999999,11887.2 
				</coordinates>
			</LineString>
		</MultiGeometry>
	</Placemark>
	<Placemark>
		<name>P-315</name>
		<visibility>0</visibility>
		<description><![CDATA[<div><div><span><b>Altitude:</b></span> <span>39,000 ft - 38,975 ft</span></div>
<div><span><b>Speed:</b></span> <span>468 kt - 469 kt</span></div>
<div><span><b>Timestamp:</b></span><br/><span>2023-12-14 17:40:09 UTC<br/>2023-12-14 17:40:41 UTC</span></div>
</div>]]></description>
		<Style>
			<LineStyle>
				<color>ffae00ff</color>
				<width>2</width>
			</LineStyle>
		</Style>
		<MultiGeometry>
			<LineString>
				<tessellate>1</tessellate>
				<altitudeMode>absolute</altitudeMode>
				<coordinates>
					75.64444,47.45237699999999,11887.2 75.74599499999999,47.443176,11879.58 
				</coordinates>
			</LineString>
		</MultiGeometry>
	</Placemark>
	<Placemark>
		<name>P-316</name>
		<visibility>0</visibility>
		<description><![CDATA[<div><div><span><b>Altitude:</b></span> <span>38,975 ft - 39,000 ft</span></div>
<div><span><b>Speed:</b></span> <span>469 kt - 470 kt</span></div>
<div><span><b>Timestamp:</b></span><br/><span>2023-12-14 17:40:41 UTC<br/>2023-12-14 17:41:11 UTC</span></div>
</div>]]></description>
		<Style>
			<LineStyle>
				<color>ffae00ff</color>
				<width>2</width>
			</LineStyle>
		</Style>
		<MultiGeometry>
			<LineString>
				<tessellate>1</tessellate>
				<altitudeMode>absolute</altitudeMode>
				<coordinates>
					75.74599499999999,47.443176,11879.58 75.84150699999999,47.434387,11887.2 
				</coordinates>
			</LineString>
		</MultiGeometry>
	</Placemark>
	<Placemark>
		<name>P-317</name>
		<visibility>0</visibility>
		<description><![CDATA[<div><div><span><b>Altitude:</b></span> <span>39,000 ft</span></div>
<div><span><b>Speed:</b></span> <span>470 kt - 471 kt</span></div>
<div><span><b>Timestamp:</b></span><br/><span>2023-12-14 17:41:11 UTC<br/>2023-12-14 17:41:46 UTC</span></div>
</div>]]></description>
		<Style>
			<LineStyle>
				<color>ffae00ff</color>
				<width>2</width>
			</LineStyle>
		</Style>
		<MultiGeometry>
			<LineString>
				<tessellate>1</tessellate>
				<altitudeMode>absolute</altitudeMode>
				<coordinates>
					75.84150699999999,47.434387,11887.2 75.952431,47.42406799999999,11887.2 
				</coordinates>
			</LineString>
		</MultiGeometry>
	</Placemark>
	<Placemark>
		<name>P-318</name>
		<visibility>0</visibility>
		<description><![CDATA[<div><div><span><b>Altitude:</b></span> <span>39,000 ft</span></div>
<div><span><b>Speed:</b></span> <span>471 kt - 472 kt</span></div>
<div><span><b>Timestamp:</b></span><br/><span>2023-12-14 17:41:46 UTC<br/>2023-12-14 17:42:17 UTC</span></div>
</div>]]></description>
		<Style>
			<LineStyle>
				<color>ffae00ff</color>
				<width>2</width>
			</LineStyle>
		</Style>
		<MultiGeometry>
			<LineString>
				<tessellate>1</tessellate>
				<altitudeMode>absolute</altitudeMode>
				<coordinates>
					75.952431,47.42406799999999,11887.2 76.051445,47.41471099999999,11887.2 
				</coordinates>
			</LineString>
		</MultiGeometry>
	</Placemark>
	<Placemark>
		<name>P-319</name>
		<visibility>0</visibility>
		<description><![CDATA[<div><div><span><b>Altitude:</b></span> <span>39,000 ft</span></div>
<div><span><b>Speed:</b></span> <span>472 kt - 474 kt</span></div>
<div><span><b>Timestamp:</b></span><br/><span>2023-12-14 17:42:17 UTC<br/>2023-12-14 17:42:50 UTC</span></div>
</div>]]></description>
		<Style>
			<LineStyle>
				<color>ffae00ff</color>
				<width>2</width>
			</LineStyle>
		</Style>
		<MultiGeometry>
			<LineString>
				<tessellate>1</tessellate>
				<altitudeMode>absolute</altitudeMode>
				<coordinates>
					76.051445,47.41471099999999,11887.2 76.155258,47.40493399999999,11887.2 
				</coordinates>
			</LineString>
		</MultiGeometry>
	</Placemark>
	<Placemark>
		<name>P-320</name>
		<visibility>0</visibility>
		<description><![CDATA[<div><div><span><b>Altitude:</b></span> <span>39,000 ft</span></div>
<div><span><b>Speed:</b></span> <span>474 kt</span></div>
<div><span><b>Timestamp:</b></span><br/><span>2023-12-14 17:42:50 UTC<br/>2023-12-14 17:43:21 UTC</span></div>
</div>]]></description>
		<Style>
			<LineStyle>
				<color>ffae00ff</color>
				<width>2</width>
			</LineStyle>
		</Style>
		<MultiGeometry>
			<LineString>
				<tessellate>1</tessellate>
				<altitudeMode>absolute</altitudeMode>
				<coordinates>
					76.155258,47.40493399999999,11887.2 76.256668,47.395252,11887.2 
				</coordinates>
			</LineString>
		</MultiGeometry>
	</Placemark>
	<Placemark>
		<name>P-321</name>
		<visibility>0</visibility>
		<description><![CDATA[<div><div><span><b>Altitude:</b></span> <span>39,000 ft - 39,025 ft</span></div>
<div><span><b>Speed:</b></span> <span>474 kt - 475 kt</span></div>
<div><span><b>Timestamp:</b></span><br/><span>2023-12-14 17:43:21 UTC<br/>2023-12-14 17:43:53 UTC</span></div>
</div>]]></description>
		<Style>
			<LineStyle>
				<color>ffae00ff</color>
				<width>2</width>
			</LineStyle>
		</Style>
		<MultiGeometry>
			<LineString>
				<tessellate>1</tessellate>
				<altitudeMode>absolute</altitudeMode>
				<coordinates>
					76.256668,47.395252,11887.2 76.355965,47.385849,11894.82 
				</coordinates>
			</LineString>
		</MultiGeometry>
	</Placemark>
	<Placemark>
		<name>P-322</name>
		<visibility>0</visibility>
		<description><![CDATA[<div><div><span><b>Altitude:</b></span> <span>39,025 ft</span></div>
<div><span><b>Speed:</b></span> <span>475 kt - 477 kt</span></div>
<div><span><b>Timestamp:</b></span><br/><span>2023-12-14 17:43:53 UTC<br/>2023-12-14 17:44:23 UTC</span></div>
</div>]]></description>
		<Style>
			<LineStyle>
				<color>ffae00ff</color>
				<width>2</width>
			</LineStyle>
		</Style>
		<MultiGeometry>
			<LineString>
				<tessellate>1</tessellate>
				<altitudeMode>absolute</altitudeMode>
				<coordinates>
					76.355965,47.385849,11894.82 76.454559,47.376259,11894.82 
				</coordinates>
			</LineString>
		</MultiGeometry>
	</Placemark>
	<Placemark>
		<name>P-323</name>
		<visibility>0</visibility>
		<description><![CDATA[<div><div><span><b>Altitude:</b></span> <span>39,025 ft</span></div>
<div><span><b>Speed:</b></span> <span>477 kt</span></div>
<div><span><b>Timestamp:</b></span><br/><span>2023-12-14 17:44:23 UTC<br/>2023-12-14 17:44:56 UTC</span></div>
</div>]]></description>
		<Style>
			<LineStyle>
				<color>ffae00ff</color>
				<width>2</width>
			</LineStyle>
		</Style>
		<MultiGeometry>
			<LineString>
				<tessellate>1</tessellate>
				<altitudeMode>absolute</altitudeMode>
				<coordinates>
					76.454559,47.376259,11894.82 76.558228,47.365784,11894.82 
				</coordinates>
			</LineString>
		</MultiGeometry>
	</Placemark>
	<Placemark>
		<name>P-324</name>
		<visibility>0</visibility>
		<description><![CDATA[<div><div><span><b>Altitude:</b></span> <span>39,025 ft</span></div>
<div><span><b>Speed:</b></span> <span>477 kt - 476 kt</span></div>
<div><span><b>Timestamp:</b></span><br/><span>2023-12-14 17:44:56 UTC<br/>2023-12-14 17:45:26 UTC</span></div>
</div>]]></description>
		<Style>
			<LineStyle>
				<color>ffae00ff</color>
				<width>2</width>
			</LineStyle>
		</Style>
		<MultiGeometry>
			<LineString>
				<tessellate>1</tessellate>
				<altitudeMode>absolute</altitudeMode>
				<coordinates>
					76.558228,47.365784,11894.82 76.65683,47.35611000000001,11894.82 
				</coordinates>
			</LineString>
		</MultiGeometry>
	</Placemark>
	<Placemark>
		<name>P-325</name>
		<visibility>0</visibility>
		<description><![CDATA[<div><div><span><b>Altitude:</b></span> <span>39,025 ft</span></div>
<div><span><b>Speed:</b></span> <span>476 kt</span></div>
<div><span><b>Timestamp:</b></span><br/><span>2023-12-14 17:45:26 UTC<br/>2023-12-14 17:45:58 UTC</span></div>
</div>]]></description>
		<Style>
			<LineStyle>
				<color>ffae00ff</color>
				<width>2</width>
			</LineStyle>
		</Style>
		<MultiGeometry>
			<LineString>
				<tessellate>1</tessellate>
				<altitudeMode>absolute</altitudeMode>
				<coordinates>
					76.65683,47.35611000000001,11894.82 76.75767500000001,47.346188,11894.82 
				</coordinates>
			</LineString>
		</MultiGeometry>
	</Placemark>
	<Placemark>
		<name>P-326</name>
		<visibility>0</visibility>
		<description><![CDATA[<div><div><span><b>Altitude:</b></span> <span>39,025 ft</span></div>
<div><span><b>Speed:</b></span> <span>476 kt - 475 kt</span></div>
<div><span><b>Timestamp:</b></span><br/><span>2023-12-14 17:45:58 UTC<br/>2023-12-14 17:46:29 UTC</span></div>
</div>]]></description>
		<Style>
			<LineStyle>
				<color>ffae00ff</color>
				<width>2</width>
			</LineStyle>
		</Style>
		<MultiGeometry>
			<LineString>
				<tessellate>1</tessellate>
				<altitudeMode>absolute</altitudeMode>
				<coordinates>
					76.75767500000001,47.346188,11894.82 76.856369,47.336334,11894.82 
				</coordinates>
			</LineString>
		</MultiGeometry>
	</Placemark>
	<Placemark>
		<name>P-327</name>
		<visibility>0</visibility>
		<description><![CDATA[<div><div><span><b>Altitude:</b></span> <span>39,025 ft - 39,000 ft</span></div>
<div><span><b>Speed:</b></span> <span>475 kt - 474 kt</span></div>
<div><span><b>Timestamp:</b></span><br/><span>2023-12-14 17:46:29 UTC<br/>2023-12-14 17:47:00 UTC</span></div>
</div>]]></description>
		<Style>
			<LineStyle>
				<color>ffae00ff</color>
				<width>2</width>
			</LineStyle>
		</Style>
		<MultiGeometry>
			<LineString>
				<tessellate>1</tessellate>
				<altitudeMode>absolute</altitudeMode>
				<coordinates>
					76.856369,47.336334,11894.82 76.957031,47.32608,11887.2 
				</coordinates>
			</LineString>
		</MultiGeometry>
	</Placemark>
	<Placemark>
		<name>P-328</name>
		<visibility>0</visibility>
		<description><![CDATA[<div><div><span><b>Altitude:</b></span> <span>39,000 ft</span></div>
<div><span><b>Speed:</b></span> <span>474 kt</span></div>
<div><span><b>Timestamp:</b></span><br/><span>2023-12-14 17:47:00 UTC<br/>2023-12-14 17:47:34 UTC</span></div>
</div>]]></description>
		<Style>
			<LineStyle>
				<color>ffae00ff</color>
				<width>2</width>
			</LineStyle>
		</Style>
		<MultiGeometry>
			<LineString>
				<tessellate>1</tessellate>
				<altitudeMode>absolute</altitudeMode>
				<coordinates>
					76.957031,47.32608,11887.2 77.065727,47.315506,11887.2 
				</coordinates>
			</LineString>
		</MultiGeometry>
	</Placemark>
	<Placemark>
		<name>P-329</name>
		<visibility>0</visibility>
		<description><![CDATA[<div><div><span><b>Altitude:</b></span> <span>39,000 ft</span></div>
<div><span><b>Speed:</b></span> <span>474 kt - 473 kt</span></div>
<div><span><b>Timestamp:</b></span><br/><span>2023-12-14 17:47:34 UTC<br/>2023-12-14 17:48:06 UTC</span></div>
</div>]]></description>
		<Style>
			<LineStyle>
				<color>ffae00ff</color>
				<width>2</width>
			</LineStyle>
		</Style>
		<MultiGeometry>
			<LineString>
				<tessellate>1</tessellate>
				<altitudeMode>absolute</altitudeMode>
				<coordinates>
					77.065727,47.315506,11887.2 77.16776299999999,47.310287,11887.2 
				</coordinates>
			</LineString>
		</MultiGeometry>
	</Placemark>
	<Placemark>
		<name>P-330</name>
		<visibility>0</visibility>
		<description><![CDATA[<div><div><span><b>Altitude:</b></span> <span>39,000 ft</span></div>
<div><span><b>Speed:</b></span> <span>473 kt - 472 kt</span></div>
<div><span><b>Timestamp:</b></span><br/><span>2023-12-14 17:48:06 UTC<br/>2023-12-14 17:48:39 UTC</span></div>
</div>]]></description>
		<Style>
			<LineStyle>
				<color>ffae00ff</color>
				<width>2</width>
			</LineStyle>
		</Style>
		<MultiGeometry>
			<LineString>
				<tessellate>1</tessellate>
				<altitudeMode>absolute</altitudeMode>
				<coordinates>
					77.16776299999999,47.310287,11887.2 77.271652,47.304932,11887.2 
				</coordinates>
			</LineString>
		</MultiGeometry>
	</Placemark>
	<Placemark>
		<name>P-331</name>
		<visibility>0</visibility>
		<description><![CDATA[<div><div><span><b>Altitude:</b></span> <span>39,000 ft</span></div>
<div><span><b>Speed:</b></span> <span>472 kt</span></div>
<div><span><b>Timestamp:</b></span><br/><span>2023-12-14 17:48:39 UTC<br/>2023-12-14 17:49:10 UTC</span></div>
</div>]]></description>
		<Style>
			<LineStyle>
				<color>ffae00ff</color>
				<width>2</width>
			</LineStyle>
		</Style>
		<MultiGeometry>
			<LineString>
				<tessellate>1</tessellate>
				<altitudeMode>absolute</altitudeMode>
				<coordinates>
					77.271652,47.304932,11887.2 77.37248200000001,47.299541,11887.2 
				</coordinates>
			</LineString>
		</MultiGeometry>
	</Placemark>
	<Placemark>
		<name>P-332</name>
		<visibility>0</visibility>
		<description><![CDATA[<div><div><span><b>Altitude:</b></span> <span>39,000 ft</span></div>
<div><span><b>Speed:</b></span> <span>472 kt - 471 kt</span></div>
<div><span><b>Timestamp:</b></span><br/><span>2023-12-14 17:49:10 UTC<br/>2023-12-14 17:49:42 UTC</span></div>
</div>]]></description>
		<Style>
			<LineStyle>
				<color>ffae00ff</color>
				<width>2</width>
			</LineStyle>
		</Style>
		<MultiGeometry>
			<LineString>
				<tessellate>1</tessellate>
				<altitudeMode>absolute</altitudeMode>
				<coordinates>
					77.37248200000001,47.299541,11887.2 77.47453299999999,47.29381600000001,11887.2 
				</coordinates>
			</LineString>
		</MultiGeometry>
	</Placemark>
	<Placemark>
		<name>P-333</name>
		<visibility>0</visibility>
		<description><![CDATA[<div><div><span><b>Altitude:</b></span> <span>39,000 ft</span></div>
<div><span><b>Speed:</b></span> <span>471 kt - 470 kt</span></div>
<div><span><b>Timestamp:</b></span><br/><span>2023-12-14 17:49:42 UTC<br/>2023-12-14 17:50:14 UTC</span></div>
</div>]]></description>
		<Style>
			<LineStyle>
				<color>ffae00ff</color>
				<width>2</width>
			</LineStyle>
		</Style>
		<MultiGeometry>
			<LineString>
				<tessellate>1</tessellate>
				<altitudeMode>absolute</altitudeMode>
				<coordinates>
					77.47453299999999,47.29381600000001,11887.2 77.57551599999999,47.288136,11887.2 
				</coordinates>
			</LineString>
		</MultiGeometry>
	</Placemark>
	<Placemark>
		<name>P-334</name>
		<visibility>0</visibility>
		<description><![CDATA[<div><div><span><b>Altitude:</b></span> <span>39,000 ft</span></div>
<div><span><b>Speed:</b></span> <span>470 kt</span></div>
<div><span><b>Timestamp:</b></span><br/><span>2023-12-14 17:50:14 UTC<br/>2023-12-14 17:50:46 UTC</span></div>
</div>]]></description>
		<Style>
			<LineStyle>
				<color>ffae00ff</color>
				<width>2</width>
			</LineStyle>
		</Style>
		<MultiGeometry>
			<LineString>
				<tessellate>1</tessellate>
				<altitudeMode>absolute</altitudeMode>
				<coordinates>
					77.57551599999999,47.288136,11887.2 77.679382,47.282318,11887.2 
				</coordinates>
			</LineString>
		</MultiGeometry>
	</Placemark>
	<Placemark>
		<name>P-335</name>
		<visibility>0</visibility>
		<description><![CDATA[<div><div><span><b>Altitude:</b></span> <span>39,000 ft</span></div>
<div><span><b>Speed:</b></span> <span>470 kt</span></div>
<div><span><b>Timestamp:</b></span><br/><span>2023-12-14 17:50:46 UTC<br/>2023-12-14 17:51:20 UTC</span></div>
</div>]]></description>
		<Style>
			<LineStyle>
				<color>ffae00ff</color>
				<width>2</width>
			</LineStyle>
		</Style>
		<MultiGeometry>
			<LineString>
				<tessellate>1</tessellate>
				<altitudeMode>absolute</altitudeMode>
				<coordinates>
					77.679382,47.282318,11887.2 77.785606,47.27641300000001,11887.2 
				</coordinates>
			</LineString>
		</MultiGeometry>
	</Placemark>
	<Placemark>
		<name>P-336</name>
		<visibility>0</visibility>
		<description><![CDATA[<div><div><span><b>Altitude:</b></span> <span>39,000 ft - 38,975 ft</span></div>
<div><span><b>Speed:</b></span> <span>470 kt</span></div>
<div><span><b>Timestamp:</b></span><br/><span>2023-12-14 17:51:20 UTC<br/>2023-12-14 17:51:51 UTC</span></div>
</div>]]></description>
		<Style>
			<LineStyle>
				<color>ffae00ff</color>
				<width>2</width>
			</LineStyle>
		</Style>
		<MultiGeometry>
			<LineString>
				<tessellate>1</tessellate>
				<altitudeMode>absolute</altitudeMode>
				<coordinates>
					77.785606,47.27641300000001,11887.2 77.885857,47.270599,11879.58 
				</coordinates>
			</LineString>
		</MultiGeometry>
	</Placemark>
	<Placemark>
		<name>P-337</name>
		<visibility>0</visibility>
		<description><![CDATA[<div><div><span><b>Altitude:</b></span> <span>38,975 ft</span></div>
<div><span><b>Speed:</b></span> <span>470 kt - 471 kt</span></div>
<div><span><b>Timestamp:</b></span><br/><span>2023-12-14 17:51:51 UTC<br/>2023-12-14 17:52:24 UTC</span></div>
</div>]]></description>
		<Style>
			<LineStyle>
				<color>ffae00ff</color>
				<width>2</width>
			</LineStyle>
		</Style>
		<MultiGeometry>
			<LineString>
				<tessellate>1</tessellate>
				<altitudeMode>absolute</altitudeMode>
				<coordinates>
					77.885857,47.270599,11879.58 77.98891399999999,47.264488,11879.58 
				</coordinates>
			</LineString>
		</MultiGeometry>
	</Placemark>
	<Placemark>
		<name>P-338</name>
		<visibility>0</visibility>
		<description><![CDATA[<div><div><span><b>Altitude:</b></span> <span>38,975 ft - 39,000 ft</span></div>
<div><span><b>Speed:</b></span> <span>471 kt - 472 kt</span></div>
<div><span><b>Timestamp:</b></span><br/><span>2023-12-14 17:52:24 UTC<br/>2023-12-14 17:52:56 UTC</span></div>
</div>]]></description>
		<Style>
			<LineStyle>
				<color>ffae00ff</color>
				<width>2</width>
			</LineStyle>
		</Style>
		<MultiGeometry>
			<LineString>
				<tessellate>1</tessellate>
				<altitudeMode>absolute</altitudeMode>
				<coordinates>
					77.98891399999999,47.264488,11879.58 78.092789,47.258064,11887.2 
				</coordinates>
			</LineString>
		</MultiGeometry>
	</Placemark>
	<Placemark>
		<name>P-339</name>
		<visibility>0</visibility>
		<description><![CDATA[<div><div><span><b>Altitude:</b></span> <span>39,000 ft - 38,975 ft</span></div>
<div><span><b>Speed:</b></span> <span>472 kt - 473 kt</span></div>
<div><span><b>Timestamp:</b></span><br/><span>2023-12-14 17:52:56 UTC<br/>2023-12-14 17:53:29 UTC</span></div>
</div>]]></description>
		<Style>
			<LineStyle>
				<color>ffae00ff</color>
				<width>2</width>
			</LineStyle>
		</Style>
		<MultiGeometry>
			<LineString>
				<tessellate>1</tessellate>
				<altitudeMode>absolute</altitudeMode>
				<coordinates>
					78.092789,47.258064,11887.2 78.19663199999999,47.25174,11879.58 
				</coordinates>
			</LineString>
		</MultiGeometry>
	</Placemark>
	<Placemark>
		<name>P-340</name>
		<visibility>0</visibility>
		<description><![CDATA[<div><div><span><b>Altitude:</b></span> <span>38,975 ft - 39,000 ft</span></div>
<div><span><b>Speed:</b></span> <span>473 kt - 475 kt</span></div>
<div><span><b>Timestamp:</b></span><br/><span>2023-12-14 17:53:29 UTC<br/>2023-12-14 17:54:01 UTC</span></div>
</div>]]></description>
		<Style>
			<LineStyle>
				<color>ffae00ff</color>
				<width>2</width>
			</LineStyle>
		</Style>
		<MultiGeometry>
			<LineString>
				<tessellate>1</tessellate>
				<altitudeMode>absolute</altitudeMode>
				<coordinates>
					78.19663199999999,47.25174,11879.58 78.301277,47.245285,11887.2 
				</coordinates>
			</LineString>
		</MultiGeometry>
	</Placemark>
	<Placemark>
		<name>P-341</name>
		<visibility>0</visibility>
		<description><![CDATA[<div><div><span><b>Altitude:</b></span> <span>39,000 ft</span></div>
<div><span><b>Speed:</b></span> <span>475 kt</span></div>
<div><span><b>Timestamp:</b></span><br/><span>2023-12-14 17:54:01 UTC<br/>2023-12-14 17:54:34 UTC</span></div>
</div>]]></description>
		<Style>
			<LineStyle>
				<color>ffae00ff</color>
				<width>2</width>
			</LineStyle>
		</Style>
		<MultiGeometry>
			<LineString>
				<tessellate>1</tessellate>
				<altitudeMode>absolute</altitudeMode>
				<coordinates>
					78.301277,47.245285,11887.2 78.405411,47.23888399999999,11887.2 
				</coordinates>
			</LineString>
		</MultiGeometry>
	</Placemark>
	<Placemark>
		<name>P-342</name>
		<visibility>0</visibility>
		<description><![CDATA[<div><div><span><b>Altitude:</b></span> <span>39,000 ft - 39,025 ft</span></div>
<div><span><b>Speed:</b></span> <span>475 kt - 476 kt</span></div>
<div><span><b>Timestamp:</b></span><br/><span>2023-12-14 17:54:34 UTC<br/>2023-12-14 17:55:06 UTC</span></div>
</div>]]></description>
		<Style>
			<LineStyle>
				<color>ffae00ff</color>
				<width>2</width>
			</LineStyle>
		</Style>
		<MultiGeometry>
			<LineString>
				<tessellate>1</tessellate>
				<altitudeMode>absolute</altitudeMode>
				<coordinates>
					78.405411,47.23888399999999,11887.2 78.51048299999999,47.23204,11894.82 
				</coordinates>
			</LineString>
		</MultiGeometry>
	</Placemark>
	<Placemark>
		<name>P-343</name>
		<visibility>0</visibility>
		<description><![CDATA[<div><div><span><b>Altitude:</b></span> <span>39,025 ft</span></div>
<div><span><b>Speed:</b></span> <span>476 kt - 477 kt</span></div>
<div><span><b>Timestamp:</b></span><br/><span>2023-12-14 17:55:06 UTC<br/>2023-12-14 17:55:39 UTC</span></div>
</div>]]></description>
		<Style>
			<LineStyle>
				<color>ffae00ff</color>
				<width>2</width>
			</LineStyle>
		</Style>
		<MultiGeometry>
			<LineString>
				<tessellate>1</tessellate>
				<altitudeMode>absolute</altitudeMode>
				<coordinates>
					78.51048299999999,47.23204,11894.82 78.614456,47.225235,11894.82 
				</coordinates>
			</LineString>
		</MultiGeometry>
	</Placemark>
	<Placemark>
		<name>P-344</name>
		<visibility>0</visibility>
		<description><![CDATA[<div><div><span><b>Altitude:</b></span> <span>39,025 ft</span></div>
<div><span><b>Speed:</b></span> <span>477 kt - 478 kt</span></div>
<div><span><b>Timestamp:</b></span><br/><span>2023-12-14 17:55:39 UTC<br/>2023-12-14 17:56:12 UTC</span></div>
</div>]]></description>
		<Style>
			<LineStyle>
				<color>ffae00ff</color>
				<width>2</width>
			</LineStyle>
		</Style>
		<MultiGeometry>
			<LineString>
				<tessellate>1</tessellate>
				<altitudeMode>absolute</altitudeMode>
				<coordinates>
					78.614456,47.225235,11894.82 78.721298,47.218231,11894.82 
				</coordinates>
			</LineString>
		</MultiGeometry>
	</Placemark>
	<Placemark>
		<name>P-345</name>
		<visibility>0</visibility>
		<description><![CDATA[<div><div><span><b>Altitude:</b></span> <span>39,025 ft</span></div>
<div><span><b>Speed:</b></span> <span>478 kt - 479 kt</span></div>
<div><span><b>Timestamp:</b></span><br/><span>2023-12-14 17:56:12 UTC<br/>2023-12-14 17:56:44 UTC</span></div>
</div>]]></description>
		<Style>
			<LineStyle>
				<color>ffae00ff</color>
				<width>2</width>
			</LineStyle>
		</Style>
		<MultiGeometry>
			<LineString>
				<tessellate>1</tessellate>
				<altitudeMode>absolute</altitudeMode>
				<coordinates>
					78.721298,47.218231,11894.82 78.825851,47.211838,11894.82 
				</coordinates>
			</LineString>
		</MultiGeometry>
	</Placemark>
	<Placemark>
		<name>P-346</name>
		<visibility>0</visibility>
		<description><![CDATA[<div><div><span><b>Altitude:</b></span> <span>39,025 ft</span></div>
<div><span><b>Speed:</b></span> <span>479 kt - 478 kt</span></div>
<div><span><b>Timestamp:</b></span><br/><span>2023-12-14 17:56:44 UTC<br/>2023-12-14 17:57:17 UTC</span></div>
</div>]]></description>
		<Style>
			<LineStyle>
				<color>ffae00ff</color>
				<width>2</width>
			</LineStyle>
		</Style>
		<MultiGeometry>
			<LineString>
				<tessellate>1</tessellate>
				<altitudeMode>absolute</altitudeMode>
				<coordinates>
					78.825851,47.211838,11894.82 78.93079400000001,47.204819,11894.82 
				</coordinates>
			</LineString>
		</MultiGeometry>
	</Placemark>
	<Placemark>
		<name>P-347</name>
		<visibility>0</visibility>
		<description><![CDATA[<div><div><span><b>Altitude:</b></span> <span>39,025 ft - 39,000 ft</span></div>
<div><span><b>Speed:</b></span> <span>478 kt - 479 kt</span></div>
<div><span><b>Timestamp:</b></span><br/><span>2023-12-14 17:57:17 UTC<br/>2023-12-14 17:57:49 UTC</span></div>
</div>]]></description>
		<Style>
			<LineStyle>
				<color>ffae00ff</color>
				<width>2</width>
			</LineStyle>
		</Style>
		<MultiGeometry>
			<LineString>
				<tessellate>1</tessellate>
				<altitudeMode>absolute</altitudeMode>
				<coordinates>
					78.93079400000001,47.204819,11894.82 79.035507,47.197357,11887.2 
				</coordinates>
			</LineString>
		</MultiGeometry>
	</Placemark>
	<Placemark>
		<name>P-348</name>
		<visibility>0</visibility>
		<description><![CDATA[<div><div><span><b>Altitude:</b></span> <span>39,000 ft</span></div>
<div><span><b>Speed:</b></span> <span>479 kt</span></div>
<div><span><b>Timestamp:</b></span><br/><span>2023-12-14 17:57:49 UTC<br/>2023-12-14 17:58:22 UTC</span></div>
</div>]]></description>
		<Style>
			<LineStyle>
				<color>ffae00ff</color>
				<width>2</width>
			</LineStyle>
		</Style>
		<MultiGeometry>
			<LineString>
				<tessellate>1</tessellate>
				<altitudeMode>absolute</altitudeMode>
				<coordinates>
					79.035507,47.197357,11887.2 79.141319,47.18994099999999,11887.2 
				</coordinates>
			</LineString>
		</MultiGeometry>
	</Placemark>
	<Placemark>
		<name>P-349</name>
		<visibility>0</visibility>
		<description><![CDATA[<div><div><span><b>Altitude:</b></span> <span>39,000 ft</span></div>
<div><span><b>Speed:</b></span> <span>479 kt</span></div>
<div><span><b>Timestamp:</b></span><br/><span>2023-12-14 17:58:22 UTC<br/>2023-12-14 17:58:54 UTC</span></div>
</div>]]></description>
		<Style>
			<LineStyle>
				<color>ffae00ff</color>
				<width>2</width>
			</LineStyle>
		</Style>
		<MultiGeometry>
			<LineString>
				<tessellate>1</tessellate>
				<altitudeMode>absolute</altitudeMode>
				<coordinates>
					79.141319,47.18994099999999,11887.2 79.246033,47.182434,11887.2 
				</coordinates>
			</LineString>
		</MultiGeometry>
	</Placemark>
	<Placemark>
		<name>P-350</name>
		<visibility>0</visibility>
		<description><![CDATA[<div><div><span><b>Altitude:</b></span> <span>39,000 ft</span></div>
<div><span><b>Speed:</b></span> <span>479 kt</span></div>
<div><span><b>Timestamp:</b></span><br/><span>2023-12-14 17:58:54 UTC<br/>2023-12-14 17:59:26 UTC</span></div>
</div>]]></description>
		<Style>
			<LineStyle>
				<color>ffae00ff</color>
				<width>2</width>
			</LineStyle>
		</Style>
		<MultiGeometry>
			<LineString>
				<tessellate>1</tessellate>
				<altitudeMode>absolute</altitudeMode>
				<coordinates>
					79.246033,47.182434,11887.2 79.349602,47.17487299999999,11887.2 
				</coordinates>
			</LineString>
		</MultiGeometry>
	</Placemark>
	<Placemark>
		<name>P-351</name>
		<visibility>0</visibility>
		<description><![CDATA[<div><div><span><b>Altitude:</b></span> <span>39,000 ft</span></div>
<div><span><b>Speed:</b></span> <span>479 kt - 480 kt</span></div>
<div><span><b>Timestamp:</b></span><br/><span>2023-12-14 17:59:26 UTC<br/>2023-12-14 18:00:00 UTC</span></div>
</div>]]></description>
		<Style>
			<LineStyle>
				<color>ffae00ff</color>
				<width>2</width>
			</LineStyle>
		</Style>
		<MultiGeometry>
			<LineString>
				<tessellate>1</tessellate>
				<altitudeMode>absolute</altitudeMode>
				<coordinates>
					79.349602,47.17487299999999,11887.2 79.458755,47.166729,11887.2 
				</coordinates>
			</LineString>
		</MultiGeometry>
	</Placemark>
	<Placemark>
		<name>P-352</name>
		<visibility>0</visibility>
		<description><![CDATA[<div><div><span><b>Altitude:</b></span> <span>39,000 ft</span></div>
<div><span><b>Speed:</b></span> <span>480 kt - 481 kt</span></div>
<div><span><b>Timestamp:</b></span><br/><span>2023-12-14 18:00:00 UTC<br/>2023-12-14 18:00:31 UTC</span></div>
</div>]]></description>
		<Style>
			<LineStyle>
				<color>ffae00ff</color>
				<width>2</width>
			</LineStyle>
		</Style>
		<MultiGeometry>
			<LineString>
				<tessellate>1</tessellate>
				<altitudeMode>absolute</altitudeMode>
				<coordinates>
					79.458755,47.166729,11887.2 79.55825,47.15918,11887.2 
				</coordinates>
			</LineString>
		</MultiGeometry>
	</Placemark>
	<Placemark>
		<name>P-353</name>
		<visibility>0</visibility>
		<description><![CDATA[<div><div><span><b>Altitude:</b></span> <span>39,000 ft</span></div>
<div><span><b>Speed:</b></span> <span>481 kt - 482 kt</span></div>
<div><span><b>Timestamp:</b></span><br/><span>2023-12-14 18:00:31 UTC<br/>2023-12-14 18:01:02 UTC</span></div>
</div>]]></description>
		<Style>
			<LineStyle>
				<color>ffae00ff</color>
				<width>2</width>
			</LineStyle>
		</Style>
		<MultiGeometry>
			<LineString>
				<tessellate>1</tessellate>
				<altitudeMode>absolute</altitudeMode>
				<coordinates>
					79.55825,47.15918,11887.2 79.660599,47.151505,11887.2 
				</coordinates>
			</LineString>
		</MultiGeometry>
	</Placemark>
	<Placemark>
		<name>P-354</name>
		<visibility>0</visibility>
		<description><![CDATA[<div><div><span><b>Altitude:</b></span> <span>39,000 ft</span></div>
<div><span><b>Speed:</b></span> <span>482 kt</span></div>
<div><span><b>Timestamp:</b></span><br/><span>2023-12-14 18:01:02 UTC<br/>2023-12-14 18:01:34 UTC</span></div>
</div>]]></description>
		<Style>
			<LineStyle>
				<color>ffae00ff</color>
				<width>2</width>
			</LineStyle>
		</Style>
		<MultiGeometry>
			<LineString>
				<tessellate>1</tessellate>
				<altitudeMode>absolute</altitudeMode>
				<coordinates>
					79.660599,47.151505,11887.2 79.762047,47.14366100000001,11887.2 
				</coordinates>
			</LineString>
		</MultiGeometry>
	</Placemark>
	<Placemark>
		<name>P-355</name>
		<visibility>0</visibility>
		<description><![CDATA[<div><div><span><b>Altitude:</b></span> <span>39,000 ft</span></div>
<div><span><b>Speed:</b></span> <span>482 kt - 483 kt</span></div>
<div><span><b>Timestamp:</b></span><br/><span>2023-12-14 18:01:34 UTC<br/>2023-12-14 18:02:07 UTC</span></div>
</div>]]></description>
		<Style>
			<LineStyle>
				<color>ffae00ff</color>
				<width>2</width>
			</LineStyle>
		</Style>
		<MultiGeometry>
			<LineString>
				<tessellate>1</tessellate>
				<altitudeMode>absolute</altitudeMode>
				<coordinates>
					79.762047,47.14366100000001,11887.2 79.870605,47.13516599999999,11887.2 
				</coordinates>
			</LineString>
		</MultiGeometry>
	</Placemark>
	<Placemark>
		<name>P-356</name>
		<visibility>0</visibility>
		<description><![CDATA[<div><div><span><b>Altitude:</b></span> <span>39,000 ft</span></div>
<div><span><b>Speed:</b></span> <span>483 kt - 484 kt</span></div>
<div><span><b>Timestamp:</b></span><br/><span>2023-12-14 18:02:07 UTC<br/>2023-12-14 18:02:40 UTC</span></div>
</div>]]></description>
		<Style>
			<LineStyle>
				<color>ffae00ff</color>
				<width>2</width>
			</LineStyle>
		</Style>
		<MultiGeometry>
			<LineString>
				<tessellate>1</tessellate>
				<altitudeMode>absolute</altitudeMode>
				<coordinates>
					79.870605,47.13516599999999,11887.2 79.977226,47.12701799999999,11887.2 
				</coordinates>
			</LineString>
		</MultiGeometry>
	</Placemark>
	<Placemark>
		<name>P-357</name>
		<visibility>0</visibility>
		<description><![CDATA[<div><div><span><b>Altitude:</b></span> <span>39,000 ft</span></div>
<div><span><b>Speed:</b></span> <span>484 kt - 485 kt</span></div>
<div><span><b>Timestamp:</b></span><br/><span>2023-12-14 18:02:40 UTC<br/>2023-12-14 18:03:12 UTC</span></div>
</div>]]></description>
		<Style>
			<LineStyle>
				<color>ffae00ff</color>
				<width>2</width>
			</LineStyle>
		</Style>
		<MultiGeometry>
			<LineString>
				<tessellate>1</tessellate>
				<altitudeMode>absolute</altitudeMode>
				<coordinates>
					79.977226,47.12701799999999,11887.2 80.082573,47.118896,11887.2 
				</coordinates>
			</LineString>
		</MultiGeometry>
	</Placemark>
	<Placemark>
		<name>P-358</name>
		<visibility>0</visibility>
		<description><![CDATA[<div><div><span><b>Altitude:</b></span> <span>39,000 ft</span></div>
<div><span><b>Speed:</b></span> <span>485 kt</span></div>
<div><span><b>Timestamp:</b></span><br/><span>2023-12-14 18:03:12 UTC<br/>2023-12-14 18:03:43 UTC</span></div>
</div>]]></description>
		<Style>
			<LineStyle>
				<color>ffae00ff</color>
				<width>2</width>
			</LineStyle>
		</Style>
		<MultiGeometry>
			<LineString>
				<tessellate>1</tessellate>
				<altitudeMode>absolute</altitudeMode>
				<coordinates>
					80.082573,47.118896,11887.2 80.184067,47.11091200000001,11887.2 
				</coordinates>
			</LineString>
		</MultiGeometry>
	</Placemark>
	<Placemark>
		<name>P-359</name>
		<visibility>0</visibility>
		<description><![CDATA[<div><div><span><b>Altitude:</b></span> <span>39,000 ft - 39,025 ft</span></div>
<div><span><b>Speed:</b></span> <span>485 kt - 484 kt</span></div>
<div><span><b>Timestamp:</b></span><br/><span>2023-12-14 18:03:43 UTC<br/>2023-12-14 18:04:14 UTC</span></div>
</div>]]></description>
		<Style>
			<LineStyle>
				<color>ffae00ff</color>
				<width>2</width>
			</LineStyle>
		</Style>
		<MultiGeometry>
			<LineString>
				<tessellate>1</tessellate>
				<altitudeMode>absolute</altitudeMode>
				<coordinates>
					80.184067,47.11091200000001,11887.2 80.285133,47.102966,11894.82 
				</coordinates>
			</LineString>
		</MultiGeometry>
	</Placemark>
	<Placemark>
		<name>P-360</name>
		<visibility>0</visibility>
		<description><![CDATA[<div><div><span><b>Altitude:</b></span> <span>39,025 ft</span></div>
<div><span><b>Speed:</b></span> <span>484 kt - 483 kt</span></div>
<div><span><b>Timestamp:</b></span><br/><span>2023-12-14 18:04:14 UTC<br/>2023-12-14 18:04:45 UTC</span></div>
</div>]]></description>
		<Style>
			<LineStyle>
				<color>ffae00ff</color>
				<width>2</width>
			</LineStyle>
		</Style>
		<MultiGeometry>
			<LineString>
				<tessellate>1</tessellate>
				<altitudeMode>absolute</altitudeMode>
				<coordinates>
					80.285133,47.102966,11894.82 80.386047,47.095085,11894.82 
				</coordinates>
			</LineString>
		</MultiGeometry>
	</Placemark>
	<Placemark>
		<name>P-361</name>
		<visibility>0</visibility>
		<description><![CDATA[<div><div><span><b>Altitude:</b></span> <span>39,025 ft - 39,000 ft</span></div>
<div><span><b>Speed:</b></span> <span>483 kt - 482 kt</span></div>
<div><span><b>Timestamp:</b></span><br/><span>2023-12-14 18:04:45 UTC<br/>2023-12-14 18:05:17 UTC</span></div>
</div>]]></description>
		<Style>
			<LineStyle>
				<color>ffae00ff</color>
				<width>2</width>
			</LineStyle>
		</Style>
		<MultiGeometry>
			<LineString>
				<tessellate>1</tessellate>
				<altitudeMode>absolute</altitudeMode>
				<coordinates>
					80.386047,47.095085,11894.82 80.4888,47.086658,11887.2 
				</coordinates>
			</LineString>
		</MultiGeometry>
	</Placemark>
	<Placemark>
		<name>P-362</name>
		<visibility>0</visibility>
		<description><![CDATA[<div><div><span><b>Altitude:</b></span> <span>39,000 ft</span></div>
<div><span><b>Speed:</b></span> <span>482 kt</span></div>
<div><span><b>Timestamp:</b></span><br/><span>2023-12-14 18:05:17 UTC<br/>2023-12-14 18:05:49 UTC</span></div>
</div>]]></description>
		<Style>
			<LineStyle>
				<color>ffae00ff</color>
				<width>2</width>
			</LineStyle>
		</Style>
		<MultiGeometry>
			<LineString>
				<tessellate>1</tessellate>
				<altitudeMode>absolute</altitudeMode>
				<coordinates>
					80.4888,47.086658,11887.2 80.59077499999999,47.07818600000001,11887.2 
				</coordinates>
			</LineString>
		</MultiGeometry>
	</Placemark>
	<Placemark>
		<name>P-363</name>
		<visibility>0</visibility>
		<description><![CDATA[<div><div><span><b>Altitude:</b></span> <span>39,000 ft - 39,025 ft</span></div>
<div><span><b>Speed:</b></span> <span>482 kt - 480 kt</span></div>
<div><span><b>Timestamp:</b></span><br/><span>2023-12-14 18:05:49 UTC<br/>2023-12-14 18:06:20 UTC</span></div>
</div>]]></description>
		<Style>
			<LineStyle>
				<color>ffae00ff</color>
				<width>2</width>
			</LineStyle>
		</Style>
		<MultiGeometry>
			<LineString>
				<tessellate>1</tessellate>
				<altitudeMode>absolute</altitudeMode>
				<coordinates>
					80.59077499999999,47.07818600000001,11887.2 80.691338,47.069992,11894.82 
				</coordinates>
			</LineString>
		</MultiGeometry>
	</Placemark>
	<Placemark>
		<name>P-364</name>
		<visibility>0</visibility>
		<description><![CDATA[<div><div><span><b>Altitude:</b></span> <span>39,025 ft - 39,000 ft</span></div>
<div><span><b>Speed:</b></span> <span>480 kt</span></div>
<div><span><b>Timestamp:</b></span><br/><span>2023-12-14 18:06:20 UTC<br/>2023-12-14 18:06:51 UTC</span></div>
</div>]]></description>
		<Style>
			<LineStyle>
				<color>ffae00ff</color>
				<width>2</width>
			</LineStyle>
		</Style>
		<MultiGeometry>
			<LineString>
				<tessellate>1</tessellate>
				<altitudeMode>absolute</altitudeMode>
				<coordinates>
					80.691338,47.069992,11894.82 80.792152,47.06163,11887.2 
				</coordinates>
			</LineString>
		</MultiGeometry>
	</Placemark>
	<Placemark>
		<name>P-365</name>
		<visibility>0</visibility>
		<description><![CDATA[<div><div><span><b>Altitude:</b></span> <span>39,000 ft - 38,975 ft</span></div>
<div><span><b>Speed:</b></span> <span>480 kt - 482 kt</span></div>
<div><span><b>Timestamp:</b></span><br/><span>2023-12-14 18:06:51 UTC<br/>2023-12-14 18:07:23 UTC</span></div>
</div>]]></description>
		<Style>
			<LineStyle>
				<color>ffae00ff</color>
				<width>2</width>
			</LineStyle>
		</Style>
		<MultiGeometry>
			<LineString>
				<tessellate>1</tessellate>
				<altitudeMode>absolute</altitudeMode>
				<coordinates>
					80.792152,47.06163,11887.2 80.892403,47.053047,11879.58 
				</coordinates>
			</LineString>
		</MultiGeometry>
	</Placemark>
	<Placemark>
		<name>P-366</name>
		<visibility>0</visibility>
		<description><![CDATA[<div><div><span><b>Altitude:</b></span> <span>38,975 ft</span></div>
<div><span><b>Speed:</b></span> <span>482 kt - 481 kt</span></div>
<div><span><b>Timestamp:</b></span><br/><span>2023-12-14 18:07:23 UTC<br/>2023-12-14 18:07:54 UTC</span></div>
</div>]]></description>
		<Style>
			<LineStyle>
				<color>ffae00ff</color>
				<width>2</width>
			</LineStyle>
		</Style>
		<MultiGeometry>
			<LineString>
				<tessellate>1</tessellate>
				<altitudeMode>absolute</altitudeMode>
				<coordinates>
					80.892403,47.053047,11879.58 80.99430099999999,47.044327,11879.58 
				</coordinates>
			</LineString>
		</MultiGeometry>
	</Placemark>
	<Placemark>
		<name>P-367</name>
		<visibility>0</visibility>
		<description><![CDATA[<div><div><span><b>Altitude:</b></span> <span>38,975 ft</span></div>
<div><span><b>Speed:</b></span> <span>481 kt</span></div>
<div><span><b>Timestamp:</b></span><br/><span>2023-12-14 18:07:54 UTC<br/>2023-12-14 18:08:25 UTC</span></div>
</div>]]></description>
		<Style>
			<LineStyle>
				<color>ffae00ff</color>
				<width>2</width>
			</LineStyle>
		</Style>
		<MultiGeometry>
			<LineString>
				<tessellate>1</tessellate>
				<altitudeMode>absolute</altitudeMode>
				<coordinates>
					80.99430099999999,47.044327,11879.58 81.09713000000001,47.035591,11879.58 
				</coordinates>
			</LineString>
		</MultiGeometry>
	</Placemark>
	<Placemark>
		<name>P-368</name>
		<visibility>0</visibility>
		<description><![CDATA[<div><div><span><b>Altitude:</b></span> <span>38,975 ft - 39,000 ft</span></div>
<div><span><b>Speed:</b></span> <span>481 kt - 482 kt</span></div>
<div><span><b>Timestamp:</b></span><br/><span>2023-12-14 18:08:25 UTC<br/>2023-12-14 18:08:59 UTC</span></div>
</div>]]></description>
		<Style>
			<LineStyle>
				<color>ffae00ff</color>
				<width>2</width>
			</LineStyle>
		</Style>
		<MultiGeometry>
			<LineString>
				<tessellate>1</tessellate>
				<altitudeMode>absolute</altitudeMode>
				<coordinates>
					81.09713000000001,47.035591,11879.58 81.204666,47.026371,11887.2 
				</coordinates>
			</LineString>
		</MultiGeometry>
	</Placemark>
	<Placemark>
		<name>P-369</name>
		<visibility>0</visibility>
		<description><![CDATA[<div><div><span><b>Altitude:</b></span> <span>39,000 ft - 39,025 ft</span></div>
<div><span><b>Speed:</b></span> <span>482 kt</span></div>
<div><span><b>Timestamp:</b></span><br/><span>2023-12-14 18:08:59 UTC<br/>2023-12-14 18:09:30 UTC</span></div>
</div>]]></description>
		<Style>
			<LineStyle>
				<color>ffae00ff</color>
				<width>2</width>
			</LineStyle>
		</Style>
		<MultiGeometry>
			<LineString>
				<tessellate>1</tessellate>
				<altitudeMode>absolute</altitudeMode>
				<coordinates>
					81.204666,47.026371,11887.2 81.304733,47.017639,11894.82 
				</coordinates>
			</LineString>
		</MultiGeometry>
	</Placemark>
	<Placemark>
		<name>P-370</name>
		<visibility>0</visibility>
		<description><![CDATA[<div><div><span><b>Altitude:</b></span> <span>39,025 ft - 39,100 ft</span></div>
<div><span><b>Speed:</b></span> <span>482 kt - 480 kt</span></div>
<div><span><b>Timestamp:</b></span><br/><span>2023-12-14 18:09:30 UTC<br/>2023-12-14 18:10:00 UTC</span></div>
</div>]]></description>
		<Style>
			<LineStyle>
				<color>ffae00ff</color>
				<width>2</width>
			</LineStyle>
		</Style>
		<MultiGeometry>
			<LineString>
				<tessellate>1</tessellate>
				<altitudeMode>absolute</altitudeMode>
				<coordinates>
					81.304733,47.017639,11894.82 81.402985,47.008636,11917.68 
				</coordinates>
			</LineString>
		</MultiGeometry>
	</Placemark>
	<Placemark>
		<name>P-371</name>
		<visibility>0</visibility>
		<description><![CDATA[<div><div><span><b>Altitude:</b></span> <span>39,100 ft</span></div>
<div><span><b>Speed:</b></span> <span>480 kt - 483 kt</span></div>
<div><span><b>Timestamp:</b></span><br/><span>2023-12-14 18:10:00 UTC<br/>2023-12-14 18:10:34 UTC</span></div>
</div>]]></description>
		<Style>
			<LineStyle>
				<color>ffae00ff</color>
				<width>2</width>
			</LineStyle>
		</Style>
		<MultiGeometry>
			<LineString>
				<tessellate>1</tessellate>
				<altitudeMode>absolute</altitudeMode>
				<coordinates>
					81.402985,47.008636,11917.68 81.511162,46.998905,11917.68 
				</coordinates>
			</LineString>
		</MultiGeometry>
	</Placemark>
	<Placemark>
		<name>P-372</name>
		<visibility>0</visibility>
		<description><![CDATA[<div><div><span><b>Altitude:</b></span> <span>39,100 ft</span></div>
<div><span><b>Speed:</b></span> <span>483 kt</span></div>
<div><span><b>Timestamp:</b></span><br/><span>2023-12-14 18:10:34 UTC<br/>2023-12-14 18:11:06 UTC</span></div>
</div>]]></description>
		<Style>
			<LineStyle>
				<color>ffae00ff</color>
				<width>2</width>
			</LineStyle>
		</Style>
		<MultiGeometry>
			<LineString>
				<tessellate>1</tessellate>
				<altitudeMode>absolute</altitudeMode>
				<coordinates>
					81.511162,46.998905,11917.68 81.615303,46.989532,11917.68 
				</coordinates>
			</LineString>
		</MultiGeometry>
	</Placemark>
	<Placemark>
		<name>P-373</name>
		<visibility>0</visibility>
		<description><![CDATA[<div><div><span><b>Altitude:</b></span> <span>39,100 ft - 39,125 ft</span></div>
<div><span><b>Speed:</b></span> <span>483 kt - 482 kt</span></div>
<div><span><b>Timestamp:</b></span><br/><span>2023-12-14 18:11:06 UTC<br/>2023-12-14 18:11:37 UTC</span></div>
</div>]]></description>
		<Style>
			<LineStyle>
				<color>ffae00ff</color>
				<width>2</width>
			</LineStyle>
		</Style>
		<MultiGeometry>
			<LineString>
				<tessellate>1</tessellate>
				<altitudeMode>absolute</altitudeMode>
				<coordinates>
					81.615303,46.989532,11917.68 81.715813,46.980194,11925.3 
				</coordinates>
			</LineString>
		</MultiGeometry>
	</Placemark>
	<Placemark>
		<name>P-374</name>
		<visibility>0</visibility>
		<description><![CDATA[<div><div><span><b>Altitude:</b></span> <span>39,125 ft - 39,100 ft</span></div>
<div><span><b>Speed:</b></span> <span>482 kt - 483 kt</span></div>
<div><span><b>Timestamp:</b></span><br/><span>2023-12-14 18:11:37 UTC<br/>2023-12-14 18:12:09 UTC</span></div>
</div>]]></description>
		<Style>
			<LineStyle>
				<color>ffae00ff</color>
				<width>2</width>
			</LineStyle>
		</Style>
		<MultiGeometry>
			<LineString>
				<tessellate>1</tessellate>
				<altitudeMode>absolute</altitudeMode>
				<coordinates>
					81.715813,46.980194,11925.3 81.817245,46.970764,11917.68 
				</coordinates>
			</LineString>
		</MultiGeometry>
	</Placemark>
	<Placemark>
		<name>P-375</name>
		<visibility>0</visibility>
		<description><![CDATA[<div><div><span><b>Altitude:</b></span> <span>39,100 ft</span></div>
<div><span><b>Speed:</b></span> <span>483 kt - 484 kt</span></div>
<div><span><b>Timestamp:</b></span><br/><span>2023-12-14 18:12:09 UTC<br/>2023-12-14 18:12:37 UTC</span></div>
</div>]]></description>
		<Style>
			<LineStyle>
				<color>ffae00ff</color>
				<width>2</width>
			</LineStyle>
		</Style>
		<MultiGeometry>
			<LineString>
				<tessellate>1</tessellate>
				<altitudeMode>absolute</altitudeMode>
				<coordinates>
					81.817245,46.970764,11917.68 81.909531,46.962067,11917.68 
				</coordinates>
			</LineString>
		</MultiGeometry>
	</Placemark>
	<Placemark>
		<name>P-376</name>
		<visibility>0</visibility>
		<description><![CDATA[<div><div><span><b>Altitude:</b></span> <span>39,100 ft</span></div>
<div><span><b>Speed:</b></span> <span>484 kt - 485 kt</span></div>
<div><span><b>Timestamp:</b></span><br/><span>2023-12-14 18:12:37 UTC<br/>2023-12-14 18:13:12 UTC</span></div>
</div>]]></description>
		<Style>
			<LineStyle>
				<color>ffae00ff</color>
				<width>2</width>
			</LineStyle>
		</Style>
		<MultiGeometry>
			<LineString>
				<tessellate>1</tessellate>
				<altitudeMode>absolute</altitudeMode>
				<coordinates>
					81.909531,46.962067,11917.68 82.023582,46.951035,11917.68 
				</coordinates>
			</LineString>
		</MultiGeometry>
	</Placemark>
	<Placemark>
		<name>P-377</name>
		<visibility>0</visibility>
		<description><![CDATA[<div><div><span><b>Altitude:</b></span> <span>39,100 ft - 39,075 ft</span></div>
<div><span><b>Speed:</b></span> <span>485 kt - 492 kt</span></div>
<div><span><b>Timestamp:</b></span><br/><span>2023-12-14 18:13:12 UTC<br/>2023-12-14 18:21:37 UTC</span></div>
</div>]]></description>
		<Style>
			<LineStyle>
				<color>ffae00ff</color>
				<width>2</width>
			</LineStyle>
		</Style>
		<MultiGeometry>
			<LineString>
				<tessellate>1</tessellate>
				<altitudeMode>absolute</altitudeMode>
				<coordinates>
					82.023582,46.951035,11917.68 83.50166299999999,46.5298,11910.06 
				</coordinates>
			</LineString>
		</MultiGeometry>
	</Placemark>
	<Placemark>
		<name>P-378</name>
		<visibility>0</visibility>
		<description><![CDATA[<div><div><span><b>Altitude:</b></span> <span>39,075 ft - 39,100 ft</span></div>
<div><span><b>Speed:</b></span> <span>492 kt - 493 kt</span></div>
<div><span><b>Timestamp:</b></span><br/><span>2023-12-14 18:21:37 UTC<br/>2023-12-14 18:22:31 UTC</span></div>
</div>]]></description>
		<Style>
			<LineStyle>
				<color>ffae00ff</color>
				<width>2</width>
			</LineStyle>
		</Style>
		<MultiGeometry>
			<LineString>
				<tessellate>1</tessellate>
				<altitudeMode>absolute</altitudeMode>
				<coordinates>
					83.50166299999999,46.5298,11910.06 83.64447800000001,46.457218,11917.68 
				</coordinates>
			</LineString>
		</MultiGeometry>
	</Placemark>
	<Placemark>
		<name>P-379</name>
		<visibility>0</visibility>
		<description><![CDATA[<div><div><span><b>Altitude:</b></span> <span>39,100 ft - 39,125 ft</span></div>
<div><span><b>Speed:</b></span> <span>493 kt - 491 kt</span></div>
<div><span><b>Timestamp:</b></span><br/><span>2023-12-14 18:22:31 UTC<br/>2023-12-14 18:23:27 UTC</span></div>
</div>]]></description>
		<Style>
			<LineStyle>
				<color>ffae00ff</color>
				<width>2</width>
			</LineStyle>
		</Style>
		<MultiGeometry>
			<LineString>
				<tessellate>1</tessellate>
				<altitudeMode>absolute</altitudeMode>
				<coordinates>
					83.64447800000001,46.457218,11917.68 83.793137,46.382278,11925.3 
				</coordinates>
			</LineString>
		</MultiGeometry>
	</Placemark>
	<Placemark>
		<name>P-380</name>
		<visibility>0</visibility>
		<description><![CDATA[<div><div><span><b>Altitude:</b></span> <span>39,125 ft - 39,100 ft</span></div>
<div><span><b>Speed:</b></span> <span>491 kt - 489 kt</span></div>
<div><span><b>Timestamp:</b></span><br/><span>2023-12-14 18:23:27 UTC<br/>2023-12-14 18:25:36 UTC</span></div>
</div>]]></description>
		<Style>
			<LineStyle>
				<color>ffae00ff</color>
				<width>2</width>
			</LineStyle>
		</Style>
		<MultiGeometry>
			<LineString>
				<tessellate>1</tessellate>
				<altitudeMode>absolute</altitudeMode>
				<coordinates>
					83.793137,46.382278,11925.3 84.130821,46.210011,11917.68 
				</coordinates>
			</LineString>
		</MultiGeometry>
	</Placemark>
	<Placemark>
		<name>P-381</name>
		<visibility>0</visibility>
		<description><![CDATA[<div><div><span><b>Altitude:</b></span> <span>39,100 ft</span></div>
<div><span><b>Speed:</b></span> <span>489 kt - 487 kt</span></div>
<div><span><b>Timestamp:</b></span><br/><span>2023-12-14 18:25:36 UTC<br/>2023-12-14 18:26:36 UTC</span></div>
</div>]]></description>
		<Style>
			<LineStyle>
				<color>ffae00ff</color>
				<width>2</width>
			</LineStyle>
		</Style>
		<MultiGeometry>
			<LineString>
				<tessellate>1</tessellate>
				<altitudeMode>absolute</altitudeMode>
				<coordinates>
					84.130821,46.210011,11917.68 84.288757,46.127869,11917.68 
				</coordinates>
			</LineString>
		</MultiGeometry>
	</Placemark>
	<Placemark>
		<name>P-382</name>
		<visibility>0</visibility>
		<description><![CDATA[<div><div><span><b>Altitude:</b></span> <span>39,100 ft</span></div>
<div><span><b>Speed:</b></span> <span>487 kt</span></div>
<div><span><b>Timestamp:</b></span><br/><span>2023-12-14 18:26:36 UTC<br/>2023-12-14 18:27:31 UTC</span></div>
</div>]]></description>
		<Style>
			<LineStyle>
				<color>ffae00ff</color>
				<width>2</width>
			</LineStyle>
		</Style>
		<MultiGeometry>
			<LineString>
				<tessellate>1</tessellate>
				<altitudeMode>absolute</altitudeMode>
				<coordinates>
					84.288757,46.127869,11917.68 84.43000000000001,46.05386,11917.68 
				</coordinates>
			</LineString>
		</MultiGeometry>
	</Placemark>
	<Placemark>
		<name>P-383</name>
		<visibility>0</visibility>
		<description><![CDATA[<div><div><span><b>Altitude:</b></span> <span>39,100 ft - 39,075 ft</span></div>
<div><span><b>Speed:</b></span> <span>487 kt - 489 kt</span></div>
<div><span><b>Timestamp:</b></span><br/><span>2023-12-14 18:27:31 UTC<br/>2023-12-14 18:28:36 UTC</span></div>
</div>]]></description>
		<Style>
			<LineStyle>
				<color>ffae00ff</color>
				<width>2</width>
			</LineStyle>
		</Style>
		<MultiGeometry>
			<LineString>
				<tessellate>1</tessellate>
				<altitudeMode>absolute</altitudeMode>
				<coordinates>
					84.43000000000001,46.05386,11917.68 84.59848,45.965698,11910.06 
				</coordinates>
			</LineString>
		</MultiGeometry>
	</Placemark>
	<Placemark>
		<name>P-384</name>
		<visibility>0</visibility>
		<description><![CDATA[<div><div><span><b>Altitude:</b></span> <span>39,075 ft - 39,050 ft</span></div>
<div><span><b>Speed:</b></span> <span>489 kt - 494 kt</span></div>
<div><span><b>Timestamp:</b></span><br/><span>2023-12-14 18:28:36 UTC<br/>2023-12-14 18:29:31 UTC</span></div>
</div>]]></description>
		<Style>
			<LineStyle>
				<color>ffae00ff</color>
				<width>2</width>
			</LineStyle>
		</Style>
		<MultiGeometry>
			<LineString>
				<tessellate>1</tessellate>
				<altitudeMode>absolute</altitudeMode>
				<coordinates>
					84.59848,45.965698,11910.06 84.74050099999999,45.8909,11902.44 
				</coordinates>
			</LineString>
		</MultiGeometry>
	</Placemark>
	<Placemark>
		<name>P-385</name>
		<visibility>0</visibility>
		<description><![CDATA[<div><div><span><b>Altitude:</b></span> <span>39,050 ft - 39,125 ft</span></div>
<div><span><b>Speed:</b></span> <span>494 kt - 498 kt</span></div>
<div><span><b>Timestamp:</b></span><br/><span>2023-12-14 18:29:31 UTC<br/>2023-12-14 18:30:36 UTC</span></div>
</div>]]></description>
		<Style>
			<LineStyle>
				<color>ffae00ff</color>
				<width>2</width>
			</LineStyle>
		</Style>
		<MultiGeometry>
			<LineString>
				<tessellate>1</tessellate>
				<altitudeMode>absolute</altitudeMode>
				<coordinates>
					84.74050099999999,45.8909,11902.44 84.91078899999999,45.80075100000001,11925.3 
				</coordinates>
			</LineString>
		</MultiGeometry>
	</Placemark>
	<Placemark>
		<name>P-386</name>
		<visibility>0</visibility>
		<description><![CDATA[<div><div><span><b>Altitude:</b></span> <span>39,125 ft</span></div>
<div><span><b>Speed:</b></span> <span>498 kt - 502 kt</span></div>
<div><span><b>Timestamp:</b></span><br/><span>2023-12-14 18:30:36 UTC<br/>2023-12-14 18:41:36 UTC</span></div>
</div>]]></description>
		<Style>
			<LineStyle>
				<color>88000000</color>
				<width>2</width>
			</LineStyle>
		</Style>
		<MultiGeometry>
			<LineString>
				<tessellate>1</tessellate>
				<coordinates>
					84.91078899999999,45.80075100000001,11925.3 86.62975299999999,44.86491,11925.3 
				</coordinates>
			</LineString>
		</MultiGeometry>
	</Placemark>
	<Placemark>
		<name>P-387</name>
		<visibility>0</visibility>
		<description><![CDATA[<div><div><span><b>Altitude:</b></span> <span>39,125 ft - 39,100 ft</span></div>
<div><span><b>Speed:</b></span> <span>502 kt - 513 kt</span></div>
<div><span><b>Timestamp:</b></span><br/><span>2023-12-14 18:41:36 UTC<br/>2023-12-14 18:50:36 UTC</span></div>
</div>]]></description>
		<Style>
			<LineStyle>
				<color>ffae00ff</color>
				<width>2</width>
			</LineStyle>
		</Style>
		<MultiGeometry>
			<LineString>
				<tessellate>1</tessellate>
				<altitudeMode>absolute</altitudeMode>
				<coordinates>
					86.62975299999999,44.86491,11925.3 88.076797,44.1703,11917.68 
				</coordinates>
			</LineString>
		</MultiGeometry>
	</Placemark>
	<Placemark>
		<name>P-388</name>
		<visibility>0</visibility>
		<description><![CDATA[<div><div><span><b>Altitude:</b></span> <span>39,100 ft - 39,125 ft</span></div>
<div><span><b>Speed:</b></span> <span>513 kt - 505 kt</span></div>
<div><span><b>Timestamp:</b></span><br/><span>2023-12-14 18:50:36 UTC<br/>2023-12-14 18:51:31 UTC</span></div>
</div>]]></description>
		<Style>
			<LineStyle>
				<color>ffae00ff</color>
				<width>2</width>
			</LineStyle>
		</Style>
		<MultiGeometry>
			<LineString>
				<tessellate>1</tessellate>
				<altitudeMode>absolute</altitudeMode>
				<coordinates>
					88.076797,44.1703,11917.68 88.255402,44.167789,11925.3 
				</coordinates>
			</LineString>
		</MultiGeometry>
	</Placemark>
	<Placemark>
		<name>P-389</name>
		<visibility>0</visibility>
		<description><![CDATA[<div><div><span><b>Altitude:</b></span> <span>39,125 ft</span></div>
<div><span><b>Speed:</b></span> <span>505 kt - 507 kt</span></div>
<div><span><b>Timestamp:</b></span><br/><span>2023-12-14 18:51:31 UTC<br/>2023-12-14 19:01:36 UTC</span></div>
</div>]]></description>
		<Style>
			<LineStyle>
				<color>88000000</color>
				<width>2</width>
			</LineStyle>
		</Style>
		<MultiGeometry>
			<LineString>
				<tessellate>1</tessellate>
				<coordinates>
					88.255402,44.167789,11925.3 90.150063,44.265591,11925.3 
				</coordinates>
			</LineString>
		</MultiGeometry>
	</Placemark>
	<Placemark>
		<name>P-390</name>
		<visibility>0</visibility>
		<description><![CDATA[<div><div><span><b>Altitude:</b></span> <span>39,125 ft - 39,075 ft</span></div>
<div><span><b>Speed:</b></span> <span>507 kt - 504 kt</span></div>
<div><span><b>Timestamp:</b></span><br/><span>2023-12-14 19:01:36 UTC<br/>2023-12-14 19:03:31 UTC</span></div>
</div>]]></description>
		<Style>
			<LineStyle>
				<color>ffae00ff</color>
				<width>2</width>
			</LineStyle>
		</Style>
		<MultiGeometry>
			<LineString>
				<tessellate>1</tessellate>
				<altitudeMode>absolute</altitudeMode>
				<coordinates>
					90.150063,44.265591,11925.3 90.50804900000001,44.18642,11910.06 
				</coordinates>
			</LineString>
		</MultiGeometry>
	</Placemark>
	<Placemark>
		<name>P-391</name>
		<visibility>0</visibility>
		<description><![CDATA[<div><div><span><b>Altitude:</b></span> <span>39,075 ft</span></div>
<div><span><b>Speed:</b></span> <span>504 kt - 506 kt</span></div>
<div><span><b>Timestamp:</b></span><br/><span>2023-12-14 19:03:31 UTC<br/>2023-12-14 19:04:33 UTC</span></div>
</div>]]></description>
		<Style>
			<LineStyle>
				<color>ffae00ff</color>
				<width>2</width>
			</LineStyle>
		</Style>
		<MultiGeometry>
			<LineString>
				<tessellate>1</tessellate>
				<altitudeMode>absolute</altitudeMode>
				<coordinates>
					90.50804900000001,44.18642,11910.06 90.699989,44.143391,11910.06 
				</coordinates>
			</LineString>
		</MultiGeometry>
	</Placemark>
	<Placemark>
		<name>P-392</name>
		<visibility>0</visibility>
		<description><![CDATA[<div><div><span><b>Altitude:</b></span> <span>39,075 ft</span></div>
<div><span><b>Speed:</b></span> <span>506 kt - 510 kt</span></div>
<div><span><b>Timestamp:</b></span><br/><span>2023-12-14 19:04:33 UTC<br/>2023-12-14 19:05:33 UTC</span></div>
</div>]]></description>
		<Style>
			<LineStyle>
				<color>ffae00ff</color>
				<width>2</width>
			</LineStyle>
		</Style>
		<MultiGeometry>
			<LineString>
				<tessellate>1</tessellate>
				<altitudeMode>absolute</altitudeMode>
				<coordinates>
					90.699989,44.143391,11910.06 90.884659,44.10136,11910.06 
				</coordinates>
			</LineString>
		</MultiGeometry>
	</Placemark>
	<Placemark>
		<name>P-393</name>
		<visibility>0</visibility>
		<description><![CDATA[<div><div><span><b>Altitude:</b></span> <span>39,075 ft - 39,150 ft</span></div>
<div><span><b>Speed:</b></span> <span>510 kt - 509 kt</span></div>
<div><span><b>Timestamp:</b></span><br/><span>2023-12-14 19:05:33 UTC<br/>2023-12-14 19:08:33 UTC</span></div>
</div>]]></description>
		<Style>
			<LineStyle>
				<color>ffae00ff</color>
				<width>2</width>
			</LineStyle>
		</Style>
		<MultiGeometry>
			<LineString>
				<tessellate>1</tessellate>
				<altitudeMode>absolute</altitudeMode>
				<coordinates>
					90.884659,44.10136,11910.06 91.44738,43.971428,11932.92 
				</coordinates>
			</LineString>
		</MultiGeometry>
	</Placemark>
	<Placemark>
		<name>P-394</name>
		<visibility>0</visibility>
		<description><![CDATA[<div><div><span><b>Altitude:</b></span> <span>39,150 ft - 39,125 ft</span></div>
<div><span><b>Speed:</b></span> <span>509 kt - 504 kt</span></div>
<div><span><b>Timestamp:</b></span><br/><span>2023-12-14 19:08:33 UTC<br/>2023-12-14 19:09:38 UTC</span></div>
</div>]]></description>
		<Style>
			<LineStyle>
				<color>ffae00ff</color>
				<width>2</width>
			</LineStyle>
		</Style>
		<MultiGeometry>
			<LineString>
				<tessellate>1</tessellate>
				<altitudeMode>absolute</altitudeMode>
				<coordinates>
					91.44738,43.971428,11932.92 91.646103,43.924259,11925.3 
				</coordinates>
			</LineString>
		</MultiGeometry>
	</Placemark>
	<Placemark>
		<name>P-395</name>
		<visibility>0</visibility>
		<description><![CDATA[<div><div><span><b>Altitude:</b></span> <span>39,125 ft - 39,075 ft</span></div>
<div><span><b>Speed:</b></span> <span>504 kt - 500 kt</span></div>
<div><span><b>Timestamp:</b></span><br/><span>2023-12-14 19:09:38 UTC<br/>2023-12-14 19:10:33 UTC</span></div>
</div>]]></description>
		<Style>
			<LineStyle>
				<color>ffae00ff</color>
				<width>2</width>
			</LineStyle>
		</Style>
		<MultiGeometry>
			<LineString>
				<tessellate>1</tessellate>
				<altitudeMode>absolute</altitudeMode>
				<coordinates>
					91.646103,43.924259,11925.3 91.81391900000001,43.884609,11910.06 
				</coordinates>
			</LineString>
		</MultiGeometry>
	</Placemark>
	<Placemark>
		<name>P-396</name>
		<visibility>0</visibility>
		<description><![CDATA[<div><div><span><b>Altitude:</b></span> <span>39,075 ft - 39,050 ft</span></div>
<div><span><b>Speed:</b></span> <span>500 kt - 501 kt</span></div>
<div><span><b>Timestamp:</b></span><br/><span>2023-12-14 19:10:33 UTC<br/>2023-12-14 19:11:33 UTC</span></div>
</div>]]></description>
		<Style>
			<LineStyle>
				<color>ffae00ff</color>
				<width>2</width>
			</LineStyle>
		</Style>
		<MultiGeometry>
			<LineString>
				<tessellate>1</tessellate>
				<altitudeMode>absolute</altitudeMode>
				<coordinates>
					91.81391900000001,43.884609,11910.06 91.996696,43.840523,11902.44 
				</coordinates>
			</LineString>
		</MultiGeometry>
	</Placemark>
	<Placemark>
		<name>P-397</name>
		<visibility>0</visibility>
		<description><![CDATA[<div><div><span><b>Altitude:</b></span> <span>39,050 ft - 39,100 ft</span></div>
<div><span><b>Speed:</b></span> <span>501 kt - 506 kt</span></div>
<div><span><b>Timestamp:</b></span><br/><span>2023-12-14 19:11:33 UTC<br/>2023-12-14 19:13:33 UTC</span></div>
</div>]]></description>
		<Style>
			<LineStyle>
				<color>ffae00ff</color>
				<width>2</width>
			</LineStyle>
		</Style>
		<MultiGeometry>
			<LineString>
				<tessellate>1</tessellate>
				<altitudeMode>absolute</altitudeMode>
				<coordinates>
					91.996696,43.840523,11902.44 92.361542,43.751789,11917.68 
				</coordinates>
			</LineString>
		</MultiGeometry>
	</Placemark>
	<Placemark>
		<name>P-398</name>
		<visibility>0</visibility>
		<description><![CDATA[<div><div><span><b>Altitude:</b></span> <span>39,100 ft</span></div>
<div><span><b>Speed:</b></span> <span>506 kt - 509 kt</span></div>
<div><span><b>Timestamp:</b></span><br/><span>2023-12-14 19:13:33 UTC<br/>2023-12-14 19:14:38 UTC</span></div>
</div>]]></description>
		<Style>
			<LineStyle>
				<color>ffae00ff</color>
				<width>2</width>
			</LineStyle>
		</Style>
		<MultiGeometry>
			<LineString>
				<tessellate>1</tessellate>
				<altitudeMode>absolute</altitudeMode>
				<coordinates>
					92.361542,43.751789,11917.68 92.56006600000001,43.702652,11917.68 
				</coordinates>
			</LineString>
		</MultiGeometry>
	</Placemark>
	<Placemark>
		<name>P-399</name>
		<visibility>0</visibility>
		<description><![CDATA[<div><div><span><b>Altitude:</b></span> <span>39,100 ft</span></div>
<div><span><b>Speed:</b></span> <span>509 kt - 505 kt</span></div>
<div><span><b>Timestamp:</b></span><br/><span>2023-12-14 19:14:38 UTC<br/>2023-12-14 19:17:33 UTC</span></div>
</div>]]></description>
		<Style>
			<LineStyle>
				<color>ffae00ff</color>
				<width>2</width>
			</LineStyle>
		</Style>
		<MultiGeometry>
			<LineString>
				<tessellate>1</tessellate>
				<altitudeMode>absolute</altitudeMode>
				<coordinates>
					92.56006600000001,43.702652,11917.68 93.095657,43.569683,11917.68 
				</coordinates>
			</LineString>
		</MultiGeometry>
	</Placemark>
	<Placemark>
		<name>P-400</name>
		<visibility>0</visibility>
		<description><![CDATA[<div><div><span><b>Altitude:</b></span> <span>39,100 ft</span></div>
<div><span><b>Speed:</b></span> <span>505 kt - 502 kt</span></div>
<div><span><b>Timestamp:</b></span><br/><span>2023-12-14 19:17:33 UTC<br/>2023-12-14 19:18:40 UTC</span></div>
</div>]]></description>
		<Style>
			<LineStyle>
				<color>ffae00ff</color>
				<width>2</width>
			</LineStyle>
		</Style>
		<MultiGeometry>
			<LineString>
				<tessellate>1</tessellate>
				<altitudeMode>absolute</altitudeMode>
				<coordinates>
					93.095657,43.569683,11917.68 93.301582,43.52092,11917.68 
				</coordinates>
			</LineString>
		</MultiGeometry>
	</Placemark>
	<Placemark>
		<name>P-401</name>
		<visibility>0</visibility>
		<description><![CDATA[<div><div><span><b>Altitude:</b></span> <span>39,100 ft - 39,075 ft</span></div>
<div><span><b>Speed:</b></span> <span>502 kt - 500 kt</span></div>
<div><span><b>Timestamp:</b></span><br/><span>2023-12-14 19:18:40 UTC<br/>2023-12-14 19:19:33 UTC</span></div>
</div>]]></description>
		<Style>
			<LineStyle>
				<color>ffae00ff</color>
				<width>2</width>
			</LineStyle>
		</Style>
		<MultiGeometry>
			<LineString>
				<tessellate>1</tessellate>
				<altitudeMode>absolute</altitudeMode>
				<coordinates>
					93.301582,43.52092,11917.68 93.458794,43.482677,11910.06 
				</coordinates>
			</LineString>
		</MultiGeometry>
	</Placemark>
	<Placemark>
		<name>P-402</name>
		<visibility>0</visibility>
		<description><![CDATA[<div><div><span><b>Altitude:</b></span> <span>39,075 ft - 39,050 ft</span></div>
<div><span><b>Speed:</b></span> <span>500 kt - 502 kt</span></div>
<div><span><b>Timestamp:</b></span><br/><span>2023-12-14 19:19:33 UTC<br/>2023-12-14 19:20:33 UTC</span></div>
</div>]]></description>
		<Style>
			<LineStyle>
				<color>ffae00ff</color>
				<width>2</width>
			</LineStyle>
		</Style>
		<MultiGeometry>
			<LineString>
				<tessellate>1</tessellate>
				<altitudeMode>absolute</altitudeMode>
				<coordinates>
					93.458794,43.482677,11910.06 93.64033499999998,43.438591,11902.44 
				</coordinates>
			</LineString>
		</MultiGeometry>
	</Placemark>
	<Placemark>
		<name>P-403</name>
		<visibility>0</visibility>
		<description><![CDATA[<div><div><span><b>Altitude:</b></span> <span>39,050 ft - 39,075 ft</span></div>
<div><span><b>Speed:</b></span> <span>502 kt - 501 kt</span></div>
<div><span><b>Timestamp:</b></span><br/><span>2023-12-14 19:20:33 UTC<br/>2023-12-14 19:33:33 UTC</span></div>
</div>]]></description>
		<Style>
			<LineStyle>
				<color>88000000</color>
				<width>2</width>
			</LineStyle>
		</Style>
		<MultiGeometry>
			<LineString>
				<tessellate>1</tessellate>
				<coordinates>
					93.64033499999998,43.438591,11902.44 95.62819699999999,42.450054,11910.06 
				</coordinates>
			</LineString>
		</MultiGeometry>
	</Placemark>
	<Placemark>
		<name>P-404</name>
		<visibility>0</visibility>
		<description><![CDATA[<div><div><span><b>Altitude:</b></span> <span>39,075 ft - 39,125 ft</span></div>
<div><span><b>Speed:</b></span> <span>501 kt - 505 kt</span></div>
<div><span><b>Timestamp:</b></span><br/><span>2023-12-14 19:33:33 UTC<br/>2023-12-14 19:43:37 UTC</span></div>
</div>]]></description>
		<Style>
			<LineStyle>
				<color>88000000</color>
				<width>2</width>
			</LineStyle>
		</Style>
		<MultiGeometry>
			<LineString>
				<tessellate>1</tessellate>
				<coordinates>
					95.62819699999999,42.450054,11910.06 97.145973,41.858841,11925.3 
				</coordinates>
			</LineString>
		</MultiGeometry>
	</Placemark>
	<Placemark>
		<name>P-405</name>
		<visibility>0</visibility>
		<description><![CDATA[<div><div><span><b>Altitude:</b></span> <span>39,125 ft - 39,100 ft</span></div>
<div><span><b>Speed:</b></span> <span>505 kt - 506 kt</span></div>
<div><span><b>Timestamp:</b></span><br/><span>2023-12-14 19:43:37 UTC<br/>2023-12-14 19:44:31 UTC</span></div>
</div>]]></description>
		<Style>
			<LineStyle>
				<color>ffae00ff</color>
				<width>2</width>
			</LineStyle>
		</Style>
		<MultiGeometry>
			<LineString>
				<tessellate>1</tessellate>
				<altitudeMode>absolute</altitudeMode>
				<coordinates>
					97.145973,41.858841,11925.3 97.314148,41.864868,11917.68 
				</coordinates>
			</LineString>
		</MultiGeometry>
	</Placemark>
	<Placemark>
		<name>P-406</name>
		<visibility>0</visibility>
		<description><![CDATA[<div><div><span><b>Altitude:</b></span> <span>39,100 ft - 39,075 ft</span></div>
<div><span><b>Speed:</b></span> <span>506 kt - 504 kt</span></div>
<div><span><b>Timestamp:</b></span><br/><span>2023-12-14 19:44:31 UTC<br/>2023-12-14 20:11:34 UTC</span></div>
</div>]]></description>
		<Style>
			<LineStyle>
				<color>88000000</color>
				<width>2</width>
			</LineStyle>
		</Style>
		<MultiGeometry>
			<LineString>
				<tessellate>1</tessellate>
				<coordinates>
					97.314148,41.864868,11917.68 102.294891,41.59264,11910.06 
				</coordinates>
			</LineString>
		</MultiGeometry>
	</Placemark>
	<Placemark>
		<name>P-407</name>
		<visibility>0</visibility>
		<description><![CDATA[<div><div><span><b>Altitude:</b></span> <span>39,075 ft - 39,100 ft</span></div>
<div><span><b>Speed:</b></span> <span>504 kt - 491 kt</span></div>
<div><span><b>Timestamp:</b></span><br/><span>2023-12-14 20:11:34 UTC<br/>2023-12-14 20:14:32 UTC</span></div>
</div>]]></description>
		<Style>
			<LineStyle>
				<color>ffae00ff</color>
				<width>2</width>
			</LineStyle>
		</Style>
		<MultiGeometry>
			<LineString>
				<tessellate>1</tessellate>
				<altitudeMode>absolute</altitudeMode>
				<coordinates>
					102.294891,41.59264,11910.06 102.801819,41.447041,11917.68 
				</coordinates>
			</LineString>
		</MultiGeometry>
	</Placemark>
	<Placemark>
		<name>P-408</name>
		<visibility>0</visibility>
		<description><![CDATA[<div><div><span><b>Altitude:</b></span> <span>39,100 ft</span></div>
<div><span><b>Speed:</b></span> <span>491 kt - 497 kt</span></div>
<div><span><b>Timestamp:</b></span><br/><span>2023-12-14 20:14:32 UTC<br/>2023-12-14 20:15:37 UTC</span></div>
</div>]]></description>
		<Style>
			<LineStyle>
				<color>ffae00ff</color>
				<width>2</width>
			</LineStyle>
		</Style>
		<MultiGeometry>
			<LineString>
				<tessellate>1</tessellate>
				<altitudeMode>absolute</altitudeMode>
				<coordinates>
					102.801819,41.447041,11917.68 102.988647,41.39653,11917.68 
				</coordinates>
			</LineString>
		</MultiGeometry>
	</Placemark>
	<Placemark>
		<name>P-409</name>
		<visibility>0</visibility>
		<description><![CDATA[<div><div><span><b>Altitude:</b></span> <span>39,100 ft</span></div>
<div><span><b>Speed:</b></span> <span>497 kt - 505 kt</span></div>
<div><span><b>Timestamp:</b></span><br/><span>2023-12-14 20:15:37 UTC<br/>2023-12-14 20:18:37 UTC</span></div>
</div>]]></description>
		<Style>
			<LineStyle>
				<color>ffae00ff</color>
				<width>2</width>
			</LineStyle>
		</Style>
		<MultiGeometry>
			<LineString>
				<tessellate>1</tessellate>
				<altitudeMode>absolute</altitudeMode>
				<coordinates>
					102.988647,41.39653,11917.68 103.510132,41.251511,11917.68 
				</coordinates>
			</LineString>
		</MultiGeometry>
	</Placemark>
	<Placemark>
		<name>P-410</name>
		<visibility>0</visibility>
		<description><![CDATA[<div><div><span><b>Altitude:</b></span> <span>39,100 ft - 39,150 ft</span></div>
<div><span><b>Speed:</b></span> <span>505 kt</span></div>
<div><span><b>Timestamp:</b></span><br/><span>2023-12-14 20:18:37 UTC<br/>2023-12-14 20:19:37 UTC</span></div>
</div>]]></description>
		<Style>
			<LineStyle>
				<color>ffae00ff</color>
				<width>2</width>
			</LineStyle>
		</Style>
		<MultiGeometry>
			<LineString>
				<tessellate>1</tessellate>
				<altitudeMode>absolute</altitudeMode>
				<coordinates>
					103.510132,41.251511,11917.68 103.683167,41.20322,11932.92 
				</coordinates>
			</LineString>
		</MultiGeometry>
	</Placemark>
	<Placemark>
		<name>P-411</name>
		<visibility>0</visibility>
		<description><![CDATA[<div><div><span><b>Altitude:</b></span> <span>39,150 ft - 39,125 ft</span></div>
<div><span><b>Speed:</b></span> <span>505 kt - 502 kt</span></div>
<div><span><b>Timestamp:</b></span><br/><span>2023-12-14 20:19:37 UTC<br/>2023-12-14 20:21:33 UTC</span></div>
</div>]]></description>
		<Style>
			<LineStyle>
				<color>ffae00ff</color>
				<width>2</width>
			</LineStyle>
		</Style>
		<MultiGeometry>
			<LineString>
				<tessellate>1</tessellate>
				<altitudeMode>absolute</altitudeMode>
				<coordinates>
					103.683167,41.20322,11932.92 104.018623,41.10828,11925.3 
				</coordinates>
			</LineString>
		</MultiGeometry>
	</Placemark>
	<Placemark>
		<name>P-412</name>
		<visibility>0</visibility>
		<description><![CDATA[<div><div><span><b>Altitude:</b></span> <span>39,125 ft</span></div>
<div><span><b>Speed:</b></span> <span>502 kt - 497 kt</span></div>
<div><span><b>Timestamp:</b></span><br/><span>2023-12-14 20:21:33 UTC<br/>2023-12-14 20:23:32 UTC</span></div>
</div>]]></description>
		<Style>
			<LineStyle>
				<color>ffae00ff</color>
				<width>2</width>
			</LineStyle>
		</Style>
		<MultiGeometry>
			<LineString>
				<tessellate>1</tessellate>
				<altitudeMode>absolute</altitudeMode>
				<coordinates>
					104.018623,41.10828,11925.3 104.359497,41.009861,11925.3 
				</coordinates>
			</LineString>
		</MultiGeometry>
	</Placemark>
	<Placemark>
		<name>P-413</name>
		<visibility>0</visibility>
		<description><![CDATA[<div><div><span><b>Altitude:</b></span> <span>39,125 ft - 39,050 ft</span></div>
<div><span><b>Speed:</b></span> <span>497 kt - 504 kt</span></div>
<div><span><b>Timestamp:</b></span><br/><span>2023-12-14 20:23:32 UTC<br/>2023-12-14 20:24:37 UTC</span></div>
</div>]]></description>
		<Style>
			<LineStyle>
				<color>ffae00ff</color>
				<width>2</width>
			</LineStyle>
		</Style>
		<MultiGeometry>
			<LineString>
				<tessellate>1</tessellate>
				<altitudeMode>absolute</altitudeMode>
				<coordinates>
					104.359497,41.009861,11925.3 104.547653,40.958431,11902.44 
				</coordinates>
			</LineString>
		</MultiGeometry>
	</Placemark>
	<Placemark>
		<name>P-414</name>
		<visibility>0</visibility>
		<description><![CDATA[<div><div><span><b>Altitude:</b></span> <span>39,050 ft - 39,150 ft</span></div>
<div><span><b>Speed:</b></span> <span>504 kt - 501 kt</span></div>
<div><span><b>Timestamp:</b></span><br/><span>2023-12-14 20:24:37 UTC<br/>2023-12-14 20:25:32 UTC</span></div>
</div>]]></description>
		<Style>
			<LineStyle>
				<color>ffae00ff</color>
				<width>2</width>
			</LineStyle>
		</Style>
		<MultiGeometry>
			<LineString>
				<tessellate>1</tessellate>
				<altitudeMode>absolute</altitudeMode>
				<coordinates>
					104.547653,40.958431,11902.44 104.707069,40.918629,11932.92 
				</coordinates>
			</LineString>
		</MultiGeometry>
	</Placemark>
	<Placemark>
		<name>P-415</name>
		<visibility>0</visibility>
		<description><![CDATA[<div><div><span><b>Altitude:</b></span> <span>39,150 ft - 39,125 ft</span></div>
<div><span><b>Speed:</b></span> <span>501 kt - 507 kt</span></div>
<div><span><b>Timestamp:</b></span><br/><span>2023-12-14 20:25:32 UTC<br/>2023-12-14 20:28:37 UTC</span></div>
</div>]]></description>
		<Style>
			<LineStyle>
				<color>ffae00ff</color>
				<width>2</width>
			</LineStyle>
		</Style>
		<MultiGeometry>
			<LineString>
				<tessellate>1</tessellate>
				<altitudeMode>absolute</altitudeMode>
				<coordinates>
					104.707069,40.918629,11932.92 105.244087,40.778599,11925.3 
				</coordinates>
			</LineString>
		</MultiGeometry>
	</Placemark>
	<Placemark>
		<name>P-416</name>
		<visibility>0</visibility>
		<description><![CDATA[<div><div><span><b>Altitude:</b></span> <span>39,125 ft - 39,100 ft</span></div>
<div><span><b>Speed:</b></span> <span>507 kt - 512 kt</span></div>
<div><span><b>Timestamp:</b></span><br/><span>2023-12-14 20:28:37 UTC<br/>2023-12-14 20:36:37 UTC</span></div>
</div>]]></description>
		<Style>
			<LineStyle>
				<color>ffae00ff</color>
				<width>2</width>
			</LineStyle>
		</Style>
		<MultiGeometry>
			<LineString>
				<tessellate>1</tessellate>
				<altitudeMode>absolute</altitudeMode>
				<coordinates>
					105.244087,40.778599,11925.3 106.651001,40.39613,11917.68 
				</coordinates>
			</LineString>
		</MultiGeometry>
	</Placemark>
	<Placemark>
		<name>P-417</name>
		<visibility>0</visibility>
		<description><![CDATA[<div><div><span><b>Altitude:</b></span> <span>39,100 ft</span></div>
<div><span><b>Speed:</b></span> <span>512 kt - 527 kt</span></div>
<div><span><b>Timestamp:</b></span><br/><span>2023-12-14 20:36:37 UTC<br/>2023-12-14 20:39:37 UTC</span></div>
</div>]]></description>
		<Style>
			<LineStyle>
				<color>ffae00ff</color>
				<width>2</width>
			</LineStyle>
		</Style>
		<MultiGeometry>
			<LineString>
				<tessellate>1</tessellate>
				<altitudeMode>absolute</altitudeMode>
				<coordinates>
					106.651001,40.39613,11917.68 107.206238,40.338959,11917.68 
				</coordinates>
			</LineString>
		</MultiGeometry>
	</Placemark>
	<Placemark>
		<name>P-418</name>
		<visibility>0</visibility>
		<description><![CDATA[<div><div><span><b>Altitude:</b></span> <span>39,100 ft - 39,050 ft</span></div>
<div><span><b>Speed:</b></span> <span>527 kt</span></div>
<div><span><b>Timestamp:</b></span><br/><span>2023-12-14 20:39:37 UTC<br/>2023-12-14 20:40:37 UTC</span></div>
</div>]]></description>
		<Style>
			<LineStyle>
				<color>ffae00ff</color>
				<width>2</width>
			</LineStyle>
		</Style>
		<MultiGeometry>
			<LineString>
				<tessellate>1</tessellate>
				<altitudeMode>absolute</altitudeMode>
				<coordinates>
					107.206238,40.338959,11917.68 107.393921,40.36203,11902.44 
				</coordinates>
			</LineString>
		</MultiGeometry>
	</Placemark>
	<Placemark>
		<name>P-419</name>
		<visibility>0</visibility>
		<description><![CDATA[<div><div><span><b>Altitude:</b></span> <span>39,050 ft</span></div>
<div><span><b>Speed:</b></span> <span>527 kt - 533 kt</span></div>
<div><span><b>Timestamp:</b></span><br/><span>2023-12-14 20:40:37 UTC<br/>2023-12-14 20:41:32 UTC</span></div>
</div>]]></description>
		<Style>
			<LineStyle>
				<color>ffae00ff</color>
				<width>2</width>
			</LineStyle>
		</Style>
		<MultiGeometry>
			<LineString>
				<tessellate>1</tessellate>
				<altitudeMode>absolute</altitudeMode>
				<coordinates>
					107.393921,40.36203,11902.44 107.568481,40.3829,11902.44 
				</coordinates>
			</LineString>
		</MultiGeometry>
	</Placemark>
	<Placemark>
		<name>P-420</name>
		<visibility>0</visibility>
		<description><![CDATA[<div><div><span><b>Altitude:</b></span> <span>39,050 ft - 39,100 ft</span></div>
<div><span><b>Speed:</b></span> <span>533 kt - 528 kt</span></div>
<div><span><b>Timestamp:</b></span><br/><span>2023-12-14 20:41:32 UTC<br/>2023-12-14 20:42:37 UTC</span></div>
</div>]]></description>
		<Style>
			<LineStyle>
				<color>ffae00ff</color>
				<width>2</width>
			</LineStyle>
		</Style>
		<MultiGeometry>
			<LineString>
				<tessellate>1</tessellate>
				<altitudeMode>absolute</altitudeMode>
				<coordinates>
					107.568481,40.3829,11902.44 107.77494,40.407532,11917.68 
				</coordinates>
			</LineString>
		</MultiGeometry>
	</Placemark>
	<Placemark>
		<name>P-421</name>
		<visibility>0</visibility>
		<description><![CDATA[<div><div><span><b>Altitude:</b></span> <span>39,100 ft - 39,075 ft</span></div>
<div><span><b>Speed:</b></span> <span>528 kt - 529 kt</span></div>
<div><span><b>Timestamp:</b></span><br/><span>2023-12-14 20:42:37 UTC<br/>2023-12-14 20:43:37 UTC</span></div>
</div>]]></description>
		<Style>
			<LineStyle>
				<color>ffae00ff</color>
				<width>2</width>
			</LineStyle>
		</Style>
		<MultiGeometry>
			<LineString>
				<tessellate>1</tessellate>
				<altitudeMode>absolute</altitudeMode>
				<coordinates>
					107.77494,40.407532,11917.68 107.964958,40.429642,11910.06 
				</coordinates>
			</LineString>
		</MultiGeometry>
	</Placemark>
	<Placemark>
		<name>P-422</name>
		<visibility>0</visibility>
		<description><![CDATA[<div><div><span><b>Altitude:</b></span> <span>39,075 ft - 39,125 ft</span></div>
<div><span><b>Speed:</b></span> <span>529 kt - 530 kt</span></div>
<div><span><b>Timestamp:</b></span><br/><span>2023-12-14 20:43:37 UTC<br/>2023-12-14 20:44:32 UTC</span></div>
</div>]]></description>
		<Style>
			<LineStyle>
				<color>ffae00ff</color>
				<width>2</width>
			</LineStyle>
		</Style>
		<MultiGeometry>
			<LineString>
				<tessellate>1</tessellate>
				<altitudeMode>absolute</altitudeMode>
				<coordinates>
					107.964958,40.429642,11910.06 108.139992,40.449982,11925.3 
				</coordinates>
			</LineString>
		</MultiGeometry>
	</Placemark>
	<Placemark>
		<name>P-423</name>
		<visibility>0</visibility>
		<description><![CDATA[<div><div><span><b>Altitude:</b></span> <span>39,125 ft</span></div>
<div><span><b>Speed:</b></span> <span>530 kt - 533 kt</span></div>
<div><span><b>Timestamp:</b></span><br/><span>2023-12-14 20:44:32 UTC<br/>2023-12-14 20:46:30 UTC</span></div>
</div>]]></description>
		<Style>
			<LineStyle>
				<color>ffae00ff</color>
				<width>2</width>
			</LineStyle>
		</Style>
		<MultiGeometry>
			<LineString>
				<tessellate>1</tessellate>
				<altitudeMode>absolute</altitudeMode>
				<coordinates>
					108.139992,40.449982,11925.3 108.517212,40.493225,11925.3 
				</coordinates>
			</LineString>
		</MultiGeometry>
	</Placemark>
	<Placemark>
		<name>P-424</name>
		<visibility>0</visibility>
		<description><![CDATA[<div><div><span><b>Altitude:</b></span> <span>39,125 ft</span></div>
<div><span><b>Speed:</b></span> <span>533 kt - 535 kt</span></div>
<div><span><b>Timestamp:</b></span><br/><span>2023-12-14 20:46:30 UTC<br/>2023-12-14 20:47:03 UTC</span></div>
</div>]]></description>
		<Style>
			<LineStyle>
				<color>ffae00ff</color>
				<width>2</width>
			</LineStyle>
		</Style>
		<MultiGeometry>
			<LineString>
				<tessellate>1</tessellate>
				<altitudeMode>absolute</altitudeMode>
				<coordinates>
					108.517212,40.493225,11925.3 108.623047,40.504852,11925.3 
				</coordinates>
			</LineString>
		</MultiGeometry>
	</Placemark>
	<Placemark>
		<name>P-425</name>
		<visibility>0</visibility>
		<description><![CDATA[<div><div><span><b>Altitude:</b></span> <span>39,125 ft - 39,100 ft</span></div>
<div><span><b>Speed:</b></span> <span>535 kt - 528 kt</span></div>
<div><span><b>Timestamp:</b></span><br/><span>2023-12-14 20:47:03 UTC<br/>2023-12-14 20:47:33 UTC</span></div>
</div>]]></description>
		<Style>
			<LineStyle>
				<color>ffae00ff</color>
				<width>2</width>
			</LineStyle>
		</Style>
		<MultiGeometry>
			<LineString>
				<tessellate>1</tessellate>
				<altitudeMode>absolute</altitudeMode>
				<coordinates>
					108.623047,40.504852,11925.3 108.719849,40.51506,11917.68 
				</coordinates>
			</LineString>
		</MultiGeometry>
	</Placemark>
	<Placemark>
		<name>P-426</name>
		<visibility>0</visibility>
		<description><![CDATA[<div><div><span><b>Altitude:</b></span> <span>39,100 ft - 39,075 ft</span></div>
<div><span><b>Speed:</b></span> <span>528 kt - 536 kt</span></div>
<div><span><b>Timestamp:</b></span><br/><span>2023-12-14 20:47:33 UTC<br/>2023-12-14 20:48:06 UTC</span></div>
</div>]]></description>
		<Style>
			<LineStyle>
				<color>ffae00ff</color>
				<width>2</width>
			</LineStyle>
		</Style>
		<MultiGeometry>
			<LineString>
				<tessellate>1</tessellate>
				<altitudeMode>absolute</altitudeMode>
				<coordinates>
					108.719849,40.51506,11917.68 108.824509,40.52647,11910.06 
				</coordinates>
			</LineString>
		</MultiGeometry>
	</Placemark>
	<Placemark>
		<name>P-427</name>
		<visibility>0</visibility>
		<description><![CDATA[<div><div><span><b>Altitude:</b></span> <span>39,075 ft - 39,100 ft</span></div>
<div><span><b>Speed:</b></span> <span>536 kt - 539 kt</span></div>
<div><span><b>Timestamp:</b></span><br/><span>2023-12-14 20:48:06 UTC<br/>2023-12-14 20:49:07 UTC</span></div>
</div>]]></description>
		<Style>
			<LineStyle>
				<color>ffae00ff</color>
				<width>2</width>
			</LineStyle>
		</Style>
		<MultiGeometry>
			<LineString>
				<tessellate>1</tessellate>
				<altitudeMode>absolute</altitudeMode>
				<coordinates>
					108.824509,40.52647,11910.06 109.020142,40.547745,11917.68 
				</coordinates>
			</LineString>
		</MultiGeometry>
	</Placemark>
	<Placemark>
		<name>P-428</name>
		<visibility>0</visibility>
		<description><![CDATA[<div><div><span><b>Altitude:</b></span> <span>39,100 ft</span></div>
<div><span><b>Speed:</b></span> <span>539 kt - 540 kt</span></div>
<div><span><b>Timestamp:</b></span><br/><span>2023-12-14 20:49:07 UTC<br/>2023-12-14 20:49:56 UTC</span></div>
</div>]]></description>
		<Style>
			<LineStyle>
				<color>ffae00ff</color>
				<width>2</width>
			</LineStyle>
		</Style>
		<MultiGeometry>
			<LineString>
				<tessellate>1</tessellate>
				<altitudeMode>absolute</altitudeMode>
				<coordinates>
					109.020142,40.547745,11917.68 109.176071,40.56427,11917.68 
				</coordinates>
			</LineString>
		</MultiGeometry>
	</Placemark>
	<Placemark>
		<name>P-429</name>
		<visibility>0</visibility>
		<description><![CDATA[<div><div><span><b>Altitude:</b></span> <span>39,100 ft</span></div>
<div><span><b>Speed:</b></span> <span>540 kt - 539 kt</span></div>
<div><span><b>Timestamp:</b></span><br/><span>2023-12-14 20:49:56 UTC<br/>2023-12-14 20:50:07 UTC</span></div>
</div>]]></description>
		<Style>
			<LineStyle>
				<color>ffae00ff</color>
				<width>2</width>
			</LineStyle>
		</Style>
		<MultiGeometry>
			<LineString>
				<tessellate>1</tessellate>
				<altitudeMode>absolute</altitudeMode>
				<coordinates>
					109.176071,40.56427,11917.68 109.213806,40.568253,11917.68 
				</coordinates>
			</LineString>
		</MultiGeometry>
	</Placemark>
	<Placemark>
		<name>P-430</name>
		<visibility>0</visibility>
		<description><![CDATA[<div><div><span><b>Altitude:</b></span> <span>39,100 ft - 39,125 ft</span></div>
<div><span><b>Speed:</b></span> <span>539 kt</span></div>
<div><span><b>Timestamp:</b></span><br/><span>2023-12-14 20:50:07 UTC<br/>2023-12-14 20:51:06 UTC</span></div>
</div>]]></description>
		<Style>
			<LineStyle>
				<color>ffae00ff</color>
				<width>2</width>
			</LineStyle>
		</Style>
		<MultiGeometry>
			<LineString>
				<tessellate>1</tessellate>
				<altitudeMode>absolute</altitudeMode>
				<coordinates>
					109.213806,40.568253,11917.68 109.408325,40.588531,11925.3 
				</coordinates>
			</LineString>
		</MultiGeometry>
	</Placemark>
	<Placemark>
		<name>P-431</name>
		<visibility>0</visibility>
		<description><![CDATA[<div><div><span><b>Altitude:</b></span> <span>39,125 ft - 39,100 ft</span></div>
<div><span><b>Speed:</b></span> <span>539 kt - 538 kt</span></div>
<div><span><b>Timestamp:</b></span><br/><span>2023-12-14 20:51:06 UTC<br/>2023-12-14 20:51:36 UTC</span></div>
</div>]]></description>
		<Style>
			<LineStyle>
				<color>ffae00ff</color>
				<width>2</width>
			</LineStyle>
		</Style>
		<MultiGeometry>
			<LineString>
				<tessellate>1</tessellate>
				<altitudeMode>absolute</altitudeMode>
				<coordinates>
					109.408325,40.588531,11925.3 109.503044,40.598484,11917.68 
				</coordinates>
			</LineString>
		</MultiGeometry>
	</Placemark>
	<Placemark>
		<name>P-432</name>
		<visibility>0</visibility>
		<description><![CDATA[<div><div><span><b>Altitude:</b></span> <span>39,100 ft</span></div>
<div><span><b>Speed:</b></span> <span>538 kt - 537 kt</span></div>
<div><span><b>Timestamp:</b></span><br/><span>2023-12-14 20:51:36 UTC<br/>2023-12-14 20:52:13 UTC</span></div>
</div>]]></description>
		<Style>
			<LineStyle>
				<color>ffae00ff</color>
				<width>2</width>
			</LineStyle>
		</Style>
		<MultiGeometry>
			<LineString>
				<tessellate>1</tessellate>
				<altitudeMode>absolute</altitudeMode>
				<coordinates>
					109.503044,40.598484,11917.68 109.623657,40.61087,11917.68 
				</coordinates>
			</LineString>
		</MultiGeometry>
	</Placemark>
	<Placemark>
		<name>P-433</name>
		<visibility>0</visibility>
		<description><![CDATA[<div><div><span><b>Altitude:</b></span> <span>39,100 ft - 39,125 ft</span></div>
<div><span><b>Speed:</b></span> <span>537 kt - 536 kt</span></div>
<div><span><b>Timestamp:</b></span><br/><span>2023-12-14 20:52:13 UTC<br/>2023-12-14 20:52:42 UTC</span></div>
</div>]]></description>
		<Style>
			<LineStyle>
				<color>ffae00ff</color>
				<width>2</width>
			</LineStyle>
		</Style>
		<MultiGeometry>
			<LineString>
				<tessellate>1</tessellate>
				<altitudeMode>absolute</altitudeMode>
				<coordinates>
					109.623657,40.61087,11917.68 109.718773,40.620457,11925.3 
				</coordinates>
			</LineString>
		</MultiGeometry>
	</Placemark>
	<Placemark>
		<name>P-434</name>
		<visibility>0</visibility>
		<description><![CDATA[<div><div><span><b>Altitude:</b></span> <span>39,125 ft - 39,100 ft</span></div>
<div><span><b>Speed:</b></span> <span>536 kt - 535 kt</span></div>
<div><span><b>Timestamp:</b></span><br/><span>2023-12-14 20:52:42 UTC<br/>2023-12-14 20:53:15 UTC</span></div>
</div>]]></description>
		<Style>
			<LineStyle>
				<color>ffae00ff</color>
				<width>2</width>
			</LineStyle>
		</Style>
		<MultiGeometry>
			<LineString>
				<tessellate>1</tessellate>
				<altitudeMode>absolute</altitudeMode>
				<coordinates>
					109.718773,40.620457,11925.3 109.820648,40.630375,11917.68 
				</coordinates>
			</LineString>
		</MultiGeometry>
	</Placemark>
	<Placemark>
		<name>P-435</name>
		<visibility>0</visibility>
		<description><![CDATA[<div><div><span><b>Altitude:</b></span> <span>39,100 ft</span></div>
<div><span><b>Speed:</b></span> <span>535 kt - 534 kt</span></div>
<div><span><b>Timestamp:</b></span><br/><span>2023-12-14 20:53:15 UTC<br/>2023-12-14 20:53:45 UTC</span></div>
</div>]]></description>
		<Style>
			<LineStyle>
				<color>ffae00ff</color>
				<width>2</width>
			</LineStyle>
		</Style>
		<MultiGeometry>
			<LineString>
				<tessellate>1</tessellate>
				<altitudeMode>absolute</altitudeMode>
				<coordinates>
					109.820648,40.630375,11917.68 109.920708,40.640289,11917.68 
				</coordinates>
			</LineString>
		</MultiGeometry>
	</Placemark>
	<Placemark>
		<name>P-436</name>
		<visibility>0</visibility>
		<description><![CDATA[<div><div><span><b>Altitude:</b></span> <span>39,100 ft - 39,075 ft</span></div>
<div><span><b>Speed:</b></span> <span>534 kt - 530 kt</span></div>
<div><span><b>Timestamp:</b></span><br/><span>2023-12-14 20:53:45 UTC<br/>2023-12-14 20:54:17 UTC</span></div>
</div>]]></description>
		<Style>
			<LineStyle>
				<color>ffae00ff</color>
				<width>2</width>
			</LineStyle>
		</Style>
		<MultiGeometry>
			<LineString>
				<tessellate>1</tessellate>
				<altitudeMode>absolute</altitudeMode>
				<coordinates>
					109.920708,40.640289,11917.68 110.021851,40.64621,11910.06 
				</coordinates>
			</LineString>
		</MultiGeometry>
	</Placemark>
	<Placemark>
		<name>P-437</name>
		<visibility>0</visibility>
		<description><![CDATA[<div><div><span><b>Altitude:</b></span> <span>39,075 ft - 39,100 ft</span></div>
<div><span><b>Speed:</b></span> <span>530 kt - 528 kt</span></div>
<div><span><b>Timestamp:</b></span><br/><span>2023-12-14 20:54:17 UTC<br/>2023-12-14 20:54:47 UTC</span></div>
</div>]]></description>
		<Style>
			<LineStyle>
				<color>ffae00ff</color>
				<width>2</width>
			</LineStyle>
		</Style>
		<MultiGeometry>
			<LineString>
				<tessellate>1</tessellate>
				<altitudeMode>absolute</altitudeMode>
				<coordinates>
					110.021851,40.64621,11910.06 110.117981,40.645798,11917.68 
				</coordinates>
			</LineString>
		</MultiGeometry>
	</Placemark>
	<Placemark>
		<name>P-438</name>
		<visibility>0</visibility>
		<description><![CDATA[<div><div><span><b>Altitude:</b></span> <span>39,100 ft</span></div>
<div><span><b>Speed:</b></span> <span>528 kt</span></div>
<div><span><b>Timestamp:</b></span><br/><span>2023-12-14 20:54:47 UTC<br/>2023-12-14 20:55:20 UTC</span></div>
</div>]]></description>
		<Style>
			<LineStyle>
				<color>ffae00ff</color>
				<width>2</width>
			</LineStyle>
		</Style>
		<MultiGeometry>
			<LineString>
				<tessellate>1</tessellate>
				<altitudeMode>absolute</altitudeMode>
				<coordinates>
					110.117981,40.645798,11917.68 110.224731,40.645203,11917.68 
				</coordinates>
			</LineString>
		</MultiGeometry>
	</Placemark>
	<Placemark>
		<name>P-439</name>
		<visibility>0</visibility>
		<description><![CDATA[<div><div><span><b>Altitude:</b></span> <span>39,100 ft</span></div>
<div><span><b>Speed:</b></span> <span>528 kt - 529 kt</span></div>
<div><span><b>Timestamp:</b></span><br/><span>2023-12-14 20:55:20 UTC<br/>2023-12-14 20:55:52 UTC</span></div>
</div>]]></description>
		<Style>
			<LineStyle>
				<color>ffae00ff</color>
				<width>2</width>
			</LineStyle>
		</Style>
		<MultiGeometry>
			<LineString>
				<tessellate>1</tessellate>
				<altitudeMode>absolute</altitudeMode>
				<coordinates>
					110.224731,40.645203,11917.68 110.328125,40.644699,11917.68 
				</coordinates>
			</LineString>
		</MultiGeometry>
	</Placemark>
	<Placemark>
		<name>P-440</name>
		<visibility>0</visibility>
		<description><![CDATA[<div><div><span><b>Altitude:</b></span> <span>39,100 ft</span></div>
<div><span><b>Speed:</b></span> <span>529 kt - 528 kt</span></div>
<div><span><b>Timestamp:</b></span><br/><span>2023-12-14 20:55:52 UTC<br/>2023-12-14 20:56:25 UTC</span></div>
</div>]]></description>
		<Style>
			<LineStyle>
				<color>ffae00ff</color>
				<width>2</width>
			</LineStyle>
		</Style>
		<MultiGeometry>
			<LineString>
				<tessellate>1</tessellate>
				<altitudeMode>absolute</altitudeMode>
				<coordinates>
					110.328125,40.644699,11917.68 110.432014,40.644295,11917.68 
				</coordinates>
			</LineString>
		</MultiGeometry>
	</Placemark>
	<Placemark>
		<name>P-441</name>
		<visibility>0</visibility>
		<description><![CDATA[<div><div><span><b>Altitude:</b></span> <span>39,100 ft</span></div>
<div><span><b>Speed:</b></span> <span>528 kt</span></div>
<div><span><b>Timestamp:</b></span><br/><span>2023-12-14 20:56:25 UTC<br/>2023-12-14 20:56:56 UTC</span></div>
</div>]]></description>
		<Style>
			<LineStyle>
				<color>ffae00ff</color>
				<width>2</width>
			</LineStyle>
		</Style>
		<MultiGeometry>
			<LineString>
				<tessellate>1</tessellate>
				<altitudeMode>absolute</altitudeMode>
				<coordinates>
					110.432014,40.644295,11917.68 110.532654,40.643417,11917.68 
				</coordinates>
			</LineString>
		</MultiGeometry>
	</Placemark>
	<Placemark>
		<name>P-442</name>
		<visibility>0</visibility>
		<description><![CDATA[<div><div><span><b>Altitude:</b></span> <span>39,100 ft</span></div>
<div><span><b>Speed:</b></span> <span>528 kt</span></div>
<div><span><b>Timestamp:</b></span><br/><span>2023-12-14 20:56:56 UTC<br/>2023-12-14 20:57:30 UTC</span></div>
</div>]]></description>
		<Style>
			<LineStyle>
				<color>ffae00ff</color>
				<width>2</width>
			</LineStyle>
		</Style>
		<MultiGeometry>
			<LineString>
				<tessellate>1</tessellate>
				<altitudeMode>absolute</altitudeMode>
				<coordinates>
					110.532654,40.643417,11917.68 110.640808,40.642685,11917.68 
				</coordinates>
			</LineString>
		</MultiGeometry>
	</Placemark>
	<Placemark>
		<name>P-443</name>
		<visibility>0</visibility>
		<description><![CDATA[<div><div><span><b>Altitude:</b></span> <span>39,100 ft</span></div>
<div><span><b>Speed:</b></span> <span>528 kt - 527 kt</span></div>
<div><span><b>Timestamp:</b></span><br/><span>2023-12-14 20:57:30 UTC<br/>2023-12-14 20:58:03 UTC</span></div>
</div>]]></description>
		<Style>
			<LineStyle>
				<color>ffae00ff</color>
				<width>2</width>
			</LineStyle>
		</Style>
		<MultiGeometry>
			<LineString>
				<tessellate>1</tessellate>
				<altitudeMode>absolute</altitudeMode>
				<coordinates>
					110.640808,40.642685,11917.68 110.746872,40.641685,11917.68 
				</coordinates>
			</LineString>
		</MultiGeometry>
	</Placemark>
	<Placemark>
		<name>P-444</name>
		<visibility>0</visibility>
		<description><![CDATA[<div><div><span><b>Altitude:</b></span> <span>39,100 ft</span></div>
<div><span><b>Speed:</b></span> <span>527 kt - 525 kt</span></div>
<div><span><b>Timestamp:</b></span><br/><span>2023-12-14 20:58:03 UTC<br/>2023-12-14 20:58:35 UTC</span></div>
</div>]]></description>
		<Style>
			<LineStyle>
				<color>ffae00ff</color>
				<width>2</width>
			</LineStyle>
		</Style>
		<MultiGeometry>
			<LineString>
				<tessellate>1</tessellate>
				<altitudeMode>absolute</altitudeMode>
				<coordinates>
					110.746872,40.641685,11917.68 110.849556,40.640522,11917.68 
				</coordinates>
			</LineString>
		</MultiGeometry>
	</Placemark>
	<Placemark>
		<name>P-445</name>
		<visibility>0</visibility>
		<description><![CDATA[<div><div><span><b>Altitude:</b></span> <span>39,100 ft - 39,125 ft</span></div>
<div><span><b>Speed:</b></span> <span>525 kt - 524 kt</span></div>
<div><span><b>Timestamp:</b></span><br/><span>2023-12-14 20:58:35 UTC<br/>2023-12-14 20:59:05 UTC</span></div>
</div>]]></description>
		<Style>
			<LineStyle>
				<color>ffae00ff</color>
				<width>2</width>
			</LineStyle>
		</Style>
		<MultiGeometry>
			<LineString>
				<tessellate>1</tessellate>
				<altitudeMode>absolute</altitudeMode>
				<coordinates>
					110.849556,40.640522,11917.68 110.945374,40.639252,11925.3 
				</coordinates>
			</LineString>
		</MultiGeometry>
	</Placemark>
	<Placemark>
		<name>P-446</name>
		<visibility>0</visibility>
		<description><![CDATA[<div><div><span><b>Altitude:</b></span> <span>39,125 ft - 39,100 ft</span></div>
<div><span><b>Speed:</b></span> <span>524 kt - 523 kt</span></div>
<div><span><b>Timestamp:</b></span><br/><span>2023-12-14 20:59:05 UTC<br/>2023-12-14 20:59:37 UTC</span></div>
</div>]]></description>
		<Style>
			<LineStyle>
				<color>ffae00ff</color>
				<width>2</width>
			</LineStyle>
		</Style>
		<MultiGeometry>
			<LineString>
				<tessellate>1</tessellate>
				<altitudeMode>absolute</altitudeMode>
				<coordinates>
					110.945374,40.639252,11925.3 111.045998,40.63773,11917.68 
				</coordinates>
			</LineString>
		</MultiGeometry>
	</Placemark>
	<Placemark>
		<name>P-447</name>
		<visibility>0</visibility>
		<description><![CDATA[<div><div><span><b>Altitude:</b></span> <span>39,100 ft - 39,050 ft</span></div>
<div><span><b>Speed:</b></span> <span>523 kt - 524 kt</span></div>
<div><span><b>Timestamp:</b></span><br/><span>2023-12-14 20:59:37 UTC<br/>2023-12-14 21:00:10 UTC</span></div>
</div>]]></description>
		<Style>
			<LineStyle>
				<color>ffae00ff</color>
				<width>2</width>
			</LineStyle>
		</Style>
		<MultiGeometry>
			<LineString>
				<tessellate>1</tessellate>
				<altitudeMode>absolute</altitudeMode>
				<coordinates>
					111.045998,40.63773,11917.68 111.150513,40.636459,11902.44 
				</coordinates>
			</LineString>
		</MultiGeometry>
	</Placemark>
	<Placemark>
		<name>P-448</name>
		<visibility>0</visibility>
		<description><![CDATA[<div><div><span><b>Altitude:</b></span> <span>39,050 ft</span></div>
<div><span><b>Speed:</b></span> <span>524 kt - 525 kt</span></div>
<div><span><b>Timestamp:</b></span><br/><span>2023-12-14 21:00:10 UTC<br/>2023-12-14 21:00:42 UTC</span></div>
</div>]]></description>
		<Style>
			<LineStyle>
				<color>ffae00ff</color>
				<width>2</width>
			</LineStyle>
		</Style>
		<MultiGeometry>
			<LineString>
				<tessellate>1</tessellate>
				<altitudeMode>absolute</altitudeMode>
				<coordinates>
					111.150513,40.636459,11902.44 111.252861,40.635029,11902.44 
				</coordinates>
			</LineString>
		</MultiGeometry>
	</Placemark>
	<Placemark>
		<name>P-449</name>
		<visibility>0</visibility>
		<description><![CDATA[<div><div><span><b>Altitude:</b></span> <span>39,050 ft - 39,075 ft</span></div>
<div><span><b>Speed:</b></span> <span>525 kt - 526 kt</span></div>
<div><span><b>Timestamp:</b></span><br/><span>2023-12-14 21:00:42 UTC<br/>2023-12-14 21:01:15 UTC</span></div>
</div>]]></description>
		<Style>
			<LineStyle>
				<color>ffae00ff</color>
				<width>2</width>
			</LineStyle>
		</Style>
		<MultiGeometry>
			<LineString>
				<tessellate>1</tessellate>
				<altitudeMode>absolute</altitudeMode>
				<coordinates>
					111.252861,40.635029,11902.44 111.358917,40.633259,11910.06 
				</coordinates>
			</LineString>
		</MultiGeometry>
	</Placemark>
	<Placemark>
		<name>P-450</name>
		<visibility>0</visibility>
		<description><![CDATA[<div><div><span><b>Altitude:</b></span> <span>39,075 ft</span></div>
<div><span><b>Speed:</b></span> <span>526 kt - 528 kt</span></div>
<div><span><b>Timestamp:</b></span><br/><span>2023-12-14 21:01:15 UTC<br/>2023-12-14 21:01:48 UTC</span></div>
</div>]]></description>
		<Style>
			<LineStyle>
				<color>ffae00ff</color>
				<width>2</width>
			</LineStyle>
		</Style>
		<MultiGeometry>
			<LineString>
				<tessellate>1</tessellate>
				<altitudeMode>absolute</altitudeMode>
				<coordinates>
					111.358917,40.633259,11910.06 111.463974,40.631912,11910.06 
				</coordinates>
			</LineString>
		</MultiGeometry>
	</Placemark>
	<Placemark>
		<name>P-451</name>
		<visibility>0</visibility>
		<description><![CDATA[<div><div><span><b>Altitude:</b></span> <span>39,075 ft - 39,100 ft</span></div>
<div><span><b>Speed:</b></span> <span>528 kt</span></div>
<div><span><b>Timestamp:</b></span><br/><span>2023-12-14 21:01:48 UTC<br/>2023-12-14 21:02:18 UTC</span></div>
</div>]]></description>
		<Style>
			<LineStyle>
				<color>ffae00ff</color>
				<width>2</width>
			</LineStyle>
		</Style>
		<MultiGeometry>
			<LineString>
				<tessellate>1</tessellate>
				<altitudeMode>absolute</altitudeMode>
				<coordinates>
					111.463974,40.631912,11910.06 111.560608,40.630375,11917.68 
				</coordinates>
			</LineString>
		</MultiGeometry>
	</Placemark>
	<Placemark>
		<name>P-452</name>
		<visibility>0</visibility>
		<description><![CDATA[<div><div><span><b>Altitude:</b></span> <span>39,100 ft</span></div>
<div><span><b>Speed:</b></span> <span>528 kt - 531 kt</span></div>
<div><span><b>Timestamp:</b></span><br/><span>2023-12-14 21:02:18 UTC<br/>2023-12-14 21:02:52 UTC</span></div>
</div>]]></description>
		<Style>
			<LineStyle>
				<color>ffae00ff</color>
				<width>2</width>
			</LineStyle>
		</Style>
		<MultiGeometry>
			<LineString>
				<tessellate>1</tessellate>
				<altitudeMode>absolute</altitudeMode>
				<coordinates>
					111.560608,40.630375,11917.68 111.669159,40.628094,11917.68 
				</coordinates>
			</LineString>
		</MultiGeometry>
	</Placemark>
	<Placemark>
		<name>P-453</name>
		<visibility>0</visibility>
		<description><![CDATA[<div><div><span><b>Altitude:</b></span> <span>39,100 ft</span></div>
<div><span><b>Speed:</b></span> <span>531 kt - 533 kt</span></div>
<div><span><b>Timestamp:</b></span><br/><span>2023-12-14 21:02:52 UTC<br/>2023-12-14 21:03:24 UTC</span></div>
</div>]]></description>
		<Style>
			<LineStyle>
				<color>ffae00ff</color>
				<width>2</width>
			</LineStyle>
		</Style>
		<MultiGeometry>
			<LineString>
				<tessellate>1</tessellate>
				<altitudeMode>absolute</altitudeMode>
				<coordinates>
					111.669159,40.628094,11917.68 111.773529,40.626137,11917.68 
				</coordinates>
			</LineString>
		</MultiGeometry>
	</Placemark>
	<Placemark>
		<name>P-454</name>
		<visibility>0</visibility>
		<description><![CDATA[<div><div><span><b>Altitude:</b></span> <span>39,100 ft</span></div>
<div><span><b>Speed:</b></span> <span>533 kt - 534 kt</span></div>
<div><span><b>Timestamp:</b></span><br/><span>2023-12-14 21:03:24 UTC<br/>2023-12-14 21:03:57 UTC</span></div>
</div>]]></description>
		<Style>
			<LineStyle>
				<color>ffae00ff</color>
				<width>2</width>
			</LineStyle>
		</Style>
		<MultiGeometry>
			<LineString>
				<tessellate>1</tessellate>
				<altitudeMode>absolute</altitudeMode>
				<coordinates>
					111.773529,40.626137,11917.68 111.881165,40.624237,11917.68 
				</coordinates>
			</LineString>
		</MultiGeometry>
	</Placemark>
	<Placemark>
		<name>P-455</name>
		<visibility>0</visibility>
		<description><![CDATA[<div><div><span><b>Altitude:</b></span> <span>39,100 ft</span></div>
<div><span><b>Speed:</b></span> <span>534 kt - 536 kt</span></div>
<div><span><b>Timestamp:</b></span><br/><span>2023-12-14 21:03:57 UTC<br/>2023-12-14 21:04:31 UTC</span></div>
</div>]]></description>
		<Style>
			<LineStyle>
				<color>ffae00ff</color>
				<width>2</width>
			</LineStyle>
		</Style>
		<MultiGeometry>
			<LineString>
				<tessellate>1</tessellate>
				<altitudeMode>absolute</altitudeMode>
				<coordinates>
					111.881165,40.624237,11917.68 111.99176,40.622368,11917.68 
				</coordinates>
			</LineString>
		</MultiGeometry>
	</Placemark>
	<Placemark>
		<name>P-456</name>
		<visibility>0</visibility>
		<description><![CDATA[<div><div><span><b>Altitude:</b></span> <span>39,100 ft - 39,150 ft</span></div>
<div><span><b>Speed:</b></span> <span>536 kt - 534 kt</span></div>
<div><span><b>Timestamp:</b></span><br/><span>2023-12-14 21:04:31 UTC<br/>2023-12-14 21:05:04 UTC</span></div>
</div>]]></description>
		<Style>
			<LineStyle>
				<color>ffae00ff</color>
				<width>2</width>
			</LineStyle>
		</Style>
		<MultiGeometry>
			<LineString>
				<tessellate>1</tessellate>
				<altitudeMode>absolute</altitudeMode>
				<coordinates>
					111.99176,40.622368,11917.68 112.096313,40.619854,11932.92 
				</coordinates>
			</LineString>
		</MultiGeometry>
	</Placemark>
	<Placemark>
		<name>P-457</name>
		<visibility>0</visibility>
		<description><![CDATA[<div><div><span><b>Altitude:</b></span> <span>39,150 ft</span></div>
<div><span><b>Speed:</b></span> <span>534 kt</span></div>
<div><span><b>Timestamp:</b></span><br/><span>2023-12-14 21:05:04 UTC<br/>2023-12-14 21:05:36 UTC</span></div>
</div>]]></description>
		<Style>
			<LineStyle>
				<color>ffae00ff</color>
				<width>2</width>
			</LineStyle>
		</Style>
		<MultiGeometry>
			<LineString>
				<tessellate>1</tessellate>
				<altitudeMode>absolute</altitudeMode>
				<coordinates>
					112.096313,40.619854,11932.92 112.201431,40.617245,11932.92 
				</coordinates>
			</LineString>
		</MultiGeometry>
	</Placemark>
	<Placemark>
		<name>P-458</name>
		<visibility>0</visibility>
		<description><![CDATA[<div><div><span><b>Altitude:</b></span> <span>39,150 ft - 39,125 ft</span></div>
<div><span><b>Speed:</b></span> <span>534 kt</span></div>
<div><span><b>Timestamp:</b></span><br/><span>2023-12-14 21:05:36 UTC<br/>2023-12-14 21:06:09 UTC</span></div>
</div>]]></description>
		<Style>
			<LineStyle>
				<color>ffae00ff</color>
				<width>2</width>
			</LineStyle>
		</Style>
		<MultiGeometry>
			<LineString>
				<tessellate>1</tessellate>
				<altitudeMode>absolute</altitudeMode>
				<coordinates>
					112.201431,40.617245,11932.92 112.30793,40.614872,11925.3 
				</coordinates>
			</LineString>
		</MultiGeometry>
	</Placemark>
	<Placemark>
		<name>P-459</name>
		<visibility>0</visibility>
		<description><![CDATA[<div><div><span><b>Altitude:</b></span> <span>39,125 ft</span></div>
<div><span><b>Speed:</b></span> <span>534 kt - 527 kt</span></div>
<div><span><b>Timestamp:</b></span><br/><span>2023-12-14 21:06:09 UTC<br/>2023-12-14 21:07:49 UTC</span></div>
</div>]]></description>
		<Style>
			<LineStyle>
				<color>ffae00ff</color>
				<width>2</width>
			</LineStyle>
		</Style>
		<MultiGeometry>
			<LineString>
				<tessellate>1</tessellate>
				<altitudeMode>absolute</altitudeMode>
				<coordinates>
					112.30793,40.614872,11925.3 112.624451,40.604187,11925.3 
				</coordinates>
			</LineString>
		</MultiGeometry>
	</Placemark>
	<Placemark>
		<name>P-460</name>
		<visibility>0</visibility>
		<description><![CDATA[<div><div><span><b>Altitude:</b></span> <span>39,125 ft - 39,050 ft</span></div>
<div><span><b>Speed:</b></span> <span>527 kt - 528 kt</span></div>
<div><span><b>Timestamp:</b></span><br/><span>2023-12-14 21:07:49 UTC<br/>2023-12-14 21:08:37 UTC</span></div>
</div>]]></description>
		<Style>
			<LineStyle>
				<color>ffae00ff</color>
				<width>2</width>
			</LineStyle>
		</Style>
		<MultiGeometry>
			<LineString>
				<tessellate>1</tessellate>
				<altitudeMode>absolute</altitudeMode>
				<coordinates>
					112.624451,40.604187,11925.3 112.782707,40.59343,11902.44 
				</coordinates>
			</LineString>
		</MultiGeometry>
	</Placemark>
	<Placemark>
		<name>P-461</name>
		<visibility>0</visibility>
		<description><![CDATA[<div><div><span><b>Altitude:</b></span> <span>39,050 ft - 39,075 ft</span></div>
<div><span><b>Speed:</b></span> <span>528 kt - 542 kt</span></div>
<div><span><b>Timestamp:</b></span><br/><span>2023-12-14 21:08:37 UTC<br/>2023-12-14 21:10:29 UTC</span></div>
</div>]]></description>
		<Style>
			<LineStyle>
				<color>ffae00ff</color>
				<width>2</width>
			</LineStyle>
		</Style>
		<MultiGeometry>
			<LineString>
				<tessellate>1</tessellate>
				<altitudeMode>absolute</altitudeMode>
				<coordinates>
					112.782707,40.59343,11902.44 113.146942,40.567299,11910.06 
				</coordinates>
			</LineString>
		</MultiGeometry>
	</Placemark>
	<Placemark>
		<name>P-462</name>
		<visibility>0</visibility>
		<description><![CDATA[<div><div><span><b>Altitude:</b></span> <span>39,075 ft - 39,150 ft</span></div>
<div><span><b>Speed:</b></span> <span>542 kt - 545 kt</span></div>
<div><span><b>Timestamp:</b></span><br/><span>2023-12-14 21:10:29 UTC<br/>2023-12-14 21:11:32 UTC</span></div>
</div>]]></description>
		<Style>
			<LineStyle>
				<color>ffae00ff</color>
				<width>2</width>
			</LineStyle>
		</Style>
		<MultiGeometry>
			<LineString>
				<tessellate>1</tessellate>
				<altitudeMode>absolute</altitudeMode>
				<coordinates>
					113.146942,40.567299,11910.06 113.35363,40.553612,11932.92 
				</coordinates>
			</LineString>
		</MultiGeometry>
	</Placemark>
	<Placemark>
		<name>P-463</name>
		<visibility>0</visibility>
		<description><![CDATA[<div><div><span><b>Altitude:</b></span> <span>39,150 ft - 39,125 ft</span></div>
<div><span><b>Speed:</b></span> <span>545 kt - 533 kt</span></div>
<div><span><b>Timestamp:</b></span><br/><span>2023-12-14 21:11:32 UTC<br/>2023-12-14 21:12:33 UTC</span></div>
</div>]]></description>
		<Style>
			<LineStyle>
				<color>ffae00ff</color>
				<width>2</width>
			</LineStyle>
		</Style>
		<MultiGeometry>
			<LineString>
				<tessellate>1</tessellate>
				<altitudeMode>absolute</altitudeMode>
				<coordinates>
					113.35363,40.553612,11932.92 113.551514,40.539551,11925.3 
				</coordinates>
			</LineString>
		</MultiGeometry>
	</Placemark>
	<Placemark>
		<name>P-464</name>
		<visibility>0</visibility>
		<description><![CDATA[<div><div><span><b>Altitude:</b></span> <span>39,125 ft</span></div>
<div><span><b>Speed:</b></span> <span>533 kt - 522 kt</span></div>
<div><span><b>Timestamp:</b></span><br/><span>2023-12-14 21:12:33 UTC<br/>2023-12-14 21:13:36 UTC</span></div>
</div>]]></description>
		<Style>
			<LineStyle>
				<color>ffae00ff</color>
				<width>2</width>
			</LineStyle>
		</Style>
		<MultiGeometry>
			<LineString>
				<tessellate>1</tessellate>
				<altitudeMode>absolute</altitudeMode>
				<coordinates>
					113.551514,40.539551,11925.3 113.753227,40.524899,11925.3 
				</coordinates>
			</LineString>
		</MultiGeometry>
	</Placemark>
	<Placemark>
		<name>P-465</name>
		<visibility>0</visibility>
		<description><![CDATA[<div><div><span><b>Altitude:</b></span> <span>39,125 ft - 39,050 ft</span></div>
<div><span><b>Speed:</b></span> <span>522 kt - 514 kt</span></div>
<div><span><b>Timestamp:</b></span><br/><span>2023-12-14 21:13:36 UTC<br/>2023-12-14 21:14:32 UTC</span></div>
</div>]]></description>
		<Style>
			<LineStyle>
				<color>ffae00ff</color>
				<width>2</width>
			</LineStyle>
		</Style>
		<MultiGeometry>
			<LineString>
				<tessellate>1</tessellate>
				<altitudeMode>absolute</altitudeMode>
				<coordinates>
					113.753227,40.524899,11925.3 113.926537,40.511902,11902.44 
				</coordinates>
			</LineString>
		</MultiGeometry>
	</Placemark>
	<Placemark>
		<name>P-466</name>
		<visibility>0</visibility>
		<description><![CDATA[<div><div><span><b>Altitude:</b></span> <span>39,050 ft - 39,100 ft</span></div>
<div><span><b>Speed:</b></span> <span>514 kt - 541 kt</span></div>
<div><span><b>Timestamp:</b></span><br/><span>2023-12-14 21:14:32 UTC<br/>2023-12-14 21:15:36 UTC</span></div>
</div>]]></description>
		<Style>
			<LineStyle>
				<color>ffae00ff</color>
				<width>2</width>
			</LineStyle>
		</Style>
		<MultiGeometry>
			<LineString>
				<tessellate>1</tessellate>
				<altitudeMode>absolute</altitudeMode>
				<coordinates>
					113.926537,40.511902,11902.44 114.130547,40.499729,11917.68 
				</coordinates>
			</LineString>
		</MultiGeometry>
	</Placemark>
	<Placemark>
		<name>P-467</name>
		<visibility>0</visibility>
		<description><![CDATA[<div><div><span><b>Altitude:</b></span> <span>39,100 ft</span></div>
<div><span><b>Speed:</b></span> <span>541 kt - 547 kt</span></div>
<div><span><b>Timestamp:</b></span><br/><span>2023-12-14 21:15:36 UTC<br/>2023-12-14 21:16:39 UTC</span></div>
</div>]]></description>
		<Style>
			<LineStyle>
				<color>ffae00ff</color>
				<width>2</width>
			</LineStyle>
		</Style>
		<MultiGeometry>
			<LineString>
				<tessellate>1</tessellate>
				<altitudeMode>absolute</altitudeMode>
				<coordinates>
					114.130547,40.499729,11917.68 114.340149,40.492031,11917.68 
				</coordinates>
			</LineString>
		</MultiGeometry>
	</Placemark>
	<Placemark>
		<name>P-468</name>
		<visibility>0</visibility>
		<description><![CDATA[<div><div><span><b>Altitude:</b></span> <span>39,100 ft - 39,150 ft</span></div>
<div><span><b>Speed:</b></span> <span>547 kt - 550 kt</span></div>
<div><span><b>Timestamp:</b></span><br/><span>2023-12-14 21:16:39 UTC<br/>2023-12-14 21:18:33 UTC</span></div>
</div>]]></description>
		<Style>
			<LineStyle>
				<color>ffae00ff</color>
				<width>2</width>
			</LineStyle>
		</Style>
		<MultiGeometry>
			<LineString>
				<tessellate>1</tessellate>
				<altitudeMode>absolute</altitudeMode>
				<coordinates>
					114.340149,40.492031,11917.68 114.71875,40.47459,11932.92 
				</coordinates>
			</LineString>
		</MultiGeometry>
	</Placemark>
	<Placemark>
		<name>P-469</name>
		<visibility>0</visibility>
		<description><![CDATA[<div><div><span><b>Altitude:</b></span> <span>39,150 ft - 39,075 ft</span></div>
<div><span><b>Speed:</b></span> <span>550 kt - 546 kt</span></div>
<div><span><b>Timestamp:</b></span><br/><span>2023-12-14 21:18:33 UTC<br/>2023-12-14 21:19:33 UTC</span></div>
</div>]]></description>
		<Style>
			<LineStyle>
				<color>ffae00ff</color>
				<width>2</width>
			</LineStyle>
		</Style>
		<MultiGeometry>
			<LineString>
				<tessellate>1</tessellate>
				<altitudeMode>absolute</altitudeMode>
				<coordinates>
					114.71875,40.47459,11932.92 114.917847,40.464981,11910.06 
				</coordinates>
			</LineString>
		</MultiGeometry>
	</Placemark>
	<Placemark>
		<name>P-470</name>
		<visibility>0</visibility>
		<description><![CDATA[<div><div><span><b>Altitude:</b></span> <span>39,075 ft</span></div>
<div><span><b>Speed:</b></span> <span>546 kt - 544 kt</span></div>
<div><span><b>Timestamp:</b></span><br/><span>2023-12-14 21:19:33 UTC<br/>2023-12-14 21:20:33 UTC</span></div>
</div>]]></description>
		<Style>
			<LineStyle>
				<color>ffae00ff</color>
				<width>2</width>
			</LineStyle>
		</Style>
		<MultiGeometry>
			<LineString>
				<tessellate>1</tessellate>
				<altitudeMode>absolute</altitudeMode>
				<coordinates>
					114.917847,40.464981,11910.06 115.115562,40.454922,11910.06 
				</coordinates>
			</LineString>
		</MultiGeometry>
	</Placemark>
	<Placemark>
		<name>P-471</name>
		<visibility>0</visibility>
		<description><![CDATA[<div><div><span><b>Altitude:</b></span> <span>39,075 ft - 39,100 ft</span></div>
<div><span><b>Speed:</b></span> <span>544 kt - 542 kt</span></div>
<div><span><b>Timestamp:</b></span><br/><span>2023-12-14 21:20:33 UTC<br/>2023-12-14 21:21:33 UTC</span></div>
</div>]]></description>
		<Style>
			<LineStyle>
				<color>ffae00ff</color>
				<width>2</width>
			</LineStyle>
		</Style>
		<MultiGeometry>
			<LineString>
				<tessellate>1</tessellate>
				<altitudeMode>absolute</altitudeMode>
				<coordinates>
					115.115562,40.454922,11910.06 115.312057,40.445049,11917.68 
				</coordinates>
			</LineString>
		</MultiGeometry>
	</Placemark>
	<Placemark>
		<name>P-472</name>
		<visibility>0</visibility>
		<description><![CDATA[<div><div><span><b>Altitude:</b></span> <span>39,100 ft - 39,075 ft</span></div>
<div><span><b>Speed:</b></span> <span>542 kt - 538 kt</span></div>
<div><span><b>Timestamp:</b></span><br/><span>2023-12-14 21:21:33 UTC<br/>2023-12-14 21:23:10 UTC</span></div>
</div>]]></description>
		<Style>
			<LineStyle>
				<color>ffae00ff</color>
				<width>2</width>
			</LineStyle>
		</Style>
		<MultiGeometry>
			<LineString>
				<tessellate>1</tessellate>
				<altitudeMode>absolute</altitudeMode>
				<coordinates>
					115.312057,40.445049,11917.68 115.626404,40.426804,11910.06 
				</coordinates>
			</LineString>
		</MultiGeometry>
	</Placemark>
	<Placemark>
		<name>P-473</name>
		<visibility>0</visibility>
		<description><![CDATA[<div><div><span><b>Altitude:</b></span> <span>39,075 ft - 39,050 ft</span></div>
<div><span><b>Speed:</b></span> <span>538 kt</span></div>
<div><span><b>Timestamp:</b></span><br/><span>2023-12-14 21:23:10 UTC<br/>2023-12-14 21:24:00 UTC</span></div>
</div>]]></description>
		<Style>
			<LineStyle>
				<color>ffae00ff</color>
				<width>2</width>
			</LineStyle>
		</Style>
		<MultiGeometry>
			<LineString>
				<tessellate>1</tessellate>
				<altitudeMode>absolute</altitudeMode>
				<coordinates>
					115.626404,40.426804,11910.06 115.780479,40.413162,11902.44 
				</coordinates>
			</LineString>
		</MultiGeometry>
	</Placemark>
	<Placemark>
		<name>P-474</name>
		<visibility>0</visibility>
		<description><![CDATA[<div><div><span><b>Altitude:</b></span> <span>39,050 ft - 39,100 ft</span></div>
<div><span><b>Speed:</b></span> <span>538 kt - 540 kt</span></div>
<div><span><b>Timestamp:</b></span><br/><span>2023-12-14 21:24:00 UTC<br/>2023-12-14 21:24:36 UTC</span></div>
</div>]]></description>
		<Style>
			<LineStyle>
				<color>ffae00ff</color>
				<width>2</width>
			</LineStyle>
		</Style>
		<MultiGeometry>
			<LineString>
				<tessellate>1</tessellate>
				<altitudeMode>absolute</altitudeMode>
				<coordinates>
					115.780479,40.413162,11902.44 115.905518,40.402771,11917.68 
				</coordinates>
			</LineString>
		</MultiGeometry>
	</Placemark>
	<Placemark>
		<name>P-475</name>
		<visibility>0</visibility>
		<description><![CDATA[<div><div><span><b>Altitude:</b></span> <span>39,100 ft</span></div>
<div><span><b>Speed:</b></span> <span>540 kt - 542 kt</span></div>
<div><span><b>Timestamp:</b></span><br/><span>2023-12-14 21:24:36 UTC<br/>2023-12-14 21:25:10 UTC</span></div>
</div>]]></description>
		<Style>
			<LineStyle>
				<color>ffae00ff</color>
				<width>2</width>
			</LineStyle>
		</Style>
		<MultiGeometry>
			<LineString>
				<tessellate>1</tessellate>
				<altitudeMode>absolute</altitudeMode>
				<coordinates>
					115.905518,40.402771,11917.68 116.010193,40.394169,11917.68 
				</coordinates>
			</LineString>
		</MultiGeometry>
	</Placemark>
	<Placemark>
		<name>P-476</name>
		<visibility>0</visibility>
		<description><![CDATA[<div><div><span><b>Altitude:</b></span> <span>39,100 ft</span></div>
<div><span><b>Speed:</b></span> <span>542 kt - 540 kt</span></div>
<div><span><b>Timestamp:</b></span><br/><span>2023-12-14 21:25:10 UTC<br/>2023-12-14 21:25:42 UTC</span></div>
</div>]]></description>
		<Style>
			<LineStyle>
				<color>ffae00ff</color>
				<width>2</width>
			</LineStyle>
		</Style>
		<MultiGeometry>
			<LineString>
				<tessellate>1</tessellate>
				<altitudeMode>absolute</altitudeMode>
				<coordinates>
					116.010193,40.394169,11917.68 116.116455,40.385284,11917.68 
				</coordinates>
			</LineString>
		</MultiGeometry>
	</Placemark>
	<Placemark>
		<name>P-477</name>
		<visibility>0</visibility>
		<description><![CDATA[<div><div><span><b>Altitude:</b></span> <span>39,100 ft</span></div>
<div><span><b>Speed:</b></span> <span>540 kt - 542 kt</span></div>
<div><span><b>Timestamp:</b></span><br/><span>2023-12-14 21:25:42 UTC<br/>2023-12-14 21:26:13 UTC</span></div>
</div>]]></description>
		<Style>
			<LineStyle>
				<color>ffae00ff</color>
				<width>2</width>
			</LineStyle>
		</Style>
		<MultiGeometry>
			<LineString>
				<tessellate>1</tessellate>
				<altitudeMode>absolute</altitudeMode>
				<coordinates>
					116.116455,40.385284,11917.68 116.212524,40.376953,11917.68 
				</coordinates>
			</LineString>
		</MultiGeometry>
	</Placemark>
	<Placemark>
		<name>P-478</name>
		<visibility>0</visibility>
		<description><![CDATA[<div><div><span><b>Altitude:</b></span> <span>39,100 ft</span></div>
<div><span><b>Speed:</b></span> <span>542 kt - 543 kt</span></div>
<div><span><b>Timestamp:</b></span><br/><span>2023-12-14 21:26:13 UTC<br/>2023-12-14 21:26:44 UTC</span></div>
</div>]]></description>
		<Style>
			<LineStyle>
				<color>ffae00ff</color>
				<width>2</width>
			</LineStyle>
		</Style>
		<MultiGeometry>
			<LineString>
				<tessellate>1</tessellate>
				<altitudeMode>absolute</altitudeMode>
				<coordinates>
					116.212524,40.376953,11917.68 116.319122,40.36768,11917.68 
				</coordinates>
			</LineString>
		</MultiGeometry>
	</Placemark>
	<Placemark>
		<name>P-479</name>
		<visibility>0</visibility>
		<description><![CDATA[<div><div><span><b>Altitude:</b></span> <span>39,100 ft</span></div>
<div><span><b>Speed:</b></span> <span>543 kt - 546 kt</span></div>
<div><span><b>Timestamp:</b></span><br/><span>2023-12-14 21:26:44 UTC<br/>2023-12-14 21:27:18 UTC</span></div>
</div>]]></description>
		<Style>
			<LineStyle>
				<color>ffae00ff</color>
				<width>2</width>
			</LineStyle>
		</Style>
		<MultiGeometry>
			<LineString>
				<tessellate>1</tessellate>
				<altitudeMode>absolute</altitudeMode>
				<coordinates>
					116.319122,40.36768,11917.68 116.433167,40.35791,11917.68 
				</coordinates>
			</LineString>
		</MultiGeometry>
	</Placemark>
	<Placemark>
		<name>P-480</name>
		<visibility>0</visibility>
		<description><![CDATA[<div><div><span><b>Altitude:</b></span> <span>39,100 ft - 39,125 ft</span></div>
<div><span><b>Speed:</b></span> <span>546 kt - 524 kt</span></div>
<div><span><b>Timestamp:</b></span><br/><span>2023-12-14 21:27:18 UTC<br/>2023-12-14 21:27:46 UTC</span></div>
</div>]]></description>
		<Style>
			<LineStyle>
				<color>ffae00ff</color>
				<width>2</width>
			</LineStyle>
		</Style>
		<MultiGeometry>
			<LineString>
				<tessellate>1</tessellate>
				<altitudeMode>absolute</altitudeMode>
				<coordinates>
					116.433167,40.35791,11917.68 116.52063,40.342392,11925.3 
				</coordinates>
			</LineString>
		</MultiGeometry>
	</Placemark>
	<Placemark>
		<name>P-481</name>
		<visibility>0</visibility>
		<description><![CDATA[<div><div><span><b>Altitude:</b></span> <span>39,125 ft - 39,150 ft</span></div>
<div><span><b>Speed:</b></span> <span>524 kt - 519 kt</span></div>
<div><span><b>Timestamp:</b></span><br/><span>2023-12-14 21:27:46 UTC<br/>2023-12-14 21:27:54 UTC</span></div>
</div>]]></description>
		<Style>
			<LineStyle>
				<color>ffae00ff</color>
				<width>2</width>
			</LineStyle>
		</Style>
		<MultiGeometry>
			<LineString>
				<tessellate>1</tessellate>
				<altitudeMode>absolute</altitudeMode>
				<coordinates>
					116.52063,40.342392,11925.3 116.533936,40.338501,11932.92 
				</coordinates>
			</LineString>
		</MultiGeometry>
	</Placemark>
	<Placemark>
		<name>P-482</name>
		<visibility>0</visibility>
		<description><![CDATA[<div><div><span><b>Altitude:</b></span> <span>39,150 ft</span></div>
<div><span><b>Speed:</b></span> <span>519 kt - 512 kt</span></div>
<div><span><b>Timestamp:</b></span><br/><span>2023-12-14 21:27:54 UTC<br/>2023-12-14 21:28:03 UTC</span></div>
</div>]]></description>
		<Style>
			<LineStyle>
				<color>ffae00ff</color>
				<width>2</width>
			</LineStyle>
		</Style>
		<MultiGeometry>
			<LineString>
				<tessellate>1</tessellate>
				<altitudeMode>absolute</altitudeMode>
				<coordinates>
					116.533936,40.338501,11932.92 116.564819,40.327972,11932.92 
				</coordinates>
			</LineString>
		</MultiGeometry>
	</Placemark>
	<Placemark>
		<name>P-483</name>
		<visibility>0</visibility>
		<description><![CDATA[<div><div><span><b>Altitude:</b></span> <span>39,150 ft</span></div>
<div><span><b>Speed:</b></span> <span>512 kt - 509 kt</span></div>
<div><span><b>Timestamp:</b></span><br/><span>2023-12-14 21:28:03 UTC<br/>2023-12-14 21:28:07 UTC</span></div>
</div>]]></description>
		<Style>
			<LineStyle>
				<color>ffae00ff</color>
				<width>2</width>
			</LineStyle>
		</Style>
		<MultiGeometry>
			<LineString>
				<tessellate>1</tessellate>
				<altitudeMode>absolute</altitudeMode>
				<coordinates>
					116.564819,40.327972,11932.92 116.57843,40.322525,11932.92 
				</coordinates>
			</LineString>
		</MultiGeometry>
	</Placemark>
	<Placemark>
		<name>P-484</name>
		<visibility>0</visibility>
		<description><![CDATA[<div><div><span><b>Altitude:</b></span> <span>39,150 ft - 39,125 ft</span></div>
<div><span><b>Speed:</b></span> <span>509 kt - 504 kt</span></div>
<div><span><b>Timestamp:</b></span><br/><span>2023-12-14 21:28:07 UTC<br/>2023-12-14 21:28:12 UTC</span></div>
</div>]]></description>
		<Style>
			<LineStyle>
				<color>ffae00ff</color>
				<width>2</width>
			</LineStyle>
		</Style>
		<MultiGeometry>
			<LineString>
				<tessellate>1</tessellate>
				<altitudeMode>absolute</altitudeMode>
				<coordinates>
					116.57843,40.322525,11932.92 116.594666,40.315475,11925.3 
				</coordinates>
			</LineString>
		</MultiGeometry>
	</Placemark>
	<Placemark>
		<name>P-485</name>
		<visibility>0</visibility>
		<description><![CDATA[<div><div><span><b>Altitude:</b></span> <span>39,125 ft</span></div>
<div><span><b>Speed:</b></span> <span>504 kt - 502 kt</span></div>
<div><span><b>Timestamp:</b></span><br/><span>2023-12-14 21:28:12 UTC<br/>2023-12-14 21:28:19 UTC</span></div>
</div>]]></description>
		<Style>
			<LineStyle>
				<color>ffae00ff</color>
				<width>2</width>
			</LineStyle>
		</Style>
		<MultiGeometry>
			<LineString>
				<tessellate>1</tessellate>
				<altitudeMode>absolute</altitudeMode>
				<coordinates>
					116.594666,40.315475,11925.3 116.609192,40.308472,11925.3 
				</coordinates>
			</LineString>
		</MultiGeometry>
	</Placemark>
	<Placemark>
		<name>P-486</name>
		<visibility>0</visibility>
		<description><![CDATA[<div><div><span><b>Altitude:</b></span> <span>39,125 ft - 39,150 ft</span></div>
<div><span><b>Speed:</b></span> <span>502 kt - 494 kt</span></div>
<div><span><b>Timestamp:</b></span><br/><span>2023-12-14 21:28:19 UTC<br/>2023-12-14 21:28:24 UTC</span></div>
</div>]]></description>
		<Style>
			<LineStyle>
				<color>ffae00ff</color>
				<width>2</width>
			</LineStyle>
		</Style>
		<MultiGeometry>
			<LineString>
				<tessellate>1</tessellate>
				<altitudeMode>absolute</altitudeMode>
				<coordinates>
					116.609192,40.308472,11925.3 116.622925,40.301239,11932.92 
				</coordinates>
			</LineString>
		</MultiGeometry>
	</Placemark>
	<Placemark>
		<name>P-487</name>
		<visibility>0</visibility>
		<description><![CDATA[<div><div><span><b>Altitude:</b></span> <span>39,150 ft</span></div>
<div><span><b>Speed:</b></span> <span>494 kt - 490 kt</span></div>
<div><span><b>Timestamp:</b></span><br/><span>2023-12-14 21:28:24 UTC<br/>2023-12-14 21:28:30 UTC</span></div>
</div>]]></description>
		<Style>
			<LineStyle>
				<color>ffae00ff</color>
				<width>2</width>
			</LineStyle>
		</Style>
		<MultiGeometry>
			<LineString>
				<tessellate>1</tessellate>
				<altitudeMode>absolute</altitudeMode>
				<coordinates>
					116.622925,40.301239,11932.92 116.635857,40.293896,11932.92 
				</coordinates>
			</LineString>
		</MultiGeometry>
	</Placemark>
	<Placemark>
		<name>P-488</name>
		<visibility>0</visibility>
		<description><![CDATA[<div><div><span><b>Altitude:</b></span> <span>39,150 ft</span></div>
<div><span><b>Speed:</b></span> <span>490 kt - 485 kt</span></div>
<div><span><b>Timestamp:</b></span><br/><span>2023-12-14 21:28:30 UTC<br/>2023-12-14 21:28:35 UTC</span></div>
</div>]]></description>
		<Style>
			<LineStyle>
				<color>ffae00ff</color>
				<width>2</width>
			</LineStyle>
		</Style>
		<MultiGeometry>
			<LineString>
				<tessellate>1</tessellate>
				<altitudeMode>absolute</altitudeMode>
				<coordinates>
					116.635857,40.293896,11932.92 116.648521,40.286121,11932.92 
				</coordinates>
			</LineString>
		</MultiGeometry>
	</Placemark>
	<Placemark>
		<name>P-489</name>
		<visibility>0</visibility>
		<description><![CDATA[<div><div><span><b>Altitude:</b></span> <span>39,150 ft</span></div>
<div><span><b>Speed:</b></span> <span>485 kt - 481 kt</span></div>
<div><span><b>Timestamp:</b></span><br/><span>2023-12-14 21:28:35 UTC<br/>2023-12-14 21:28:41 UTC</span></div>
</div>]]></description>
		<Style>
			<LineStyle>
				<color>ffae00ff</color>
				<width>2</width>
			</LineStyle>
		</Style>
		<MultiGeometry>
			<LineString>
				<tessellate>1</tessellate>
				<altitudeMode>absolute</altitudeMode>
				<coordinates>
					116.648521,40.286121,11932.92 116.661011,40.277893,11932.92 
				</coordinates>
			</LineString>
		</MultiGeometry>
	</Placemark>
	<Placemark>
		<name>P-490</name>
		<visibility>0</visibility>
		<description><![CDATA[<div><div><span><b>Altitude:</b></span> <span>39,150 ft</span></div>
<div><span><b>Speed:</b></span> <span>481 kt - 477 kt</span></div>
<div><span><b>Timestamp:</b></span><br/><span>2023-12-14 21:28:41 UTC<br/>2023-12-14 21:28:47 UTC</span></div>
</div>]]></description>
		<Style>
			<LineStyle>
				<color>ffae00ff</color>
				<width>2</width>
			</LineStyle>
		</Style>
		<MultiGeometry>
			<LineString>
				<tessellate>1</tessellate>
				<altitudeMode>absolute</altitudeMode>
				<coordinates>
					116.661011,40.277893,11932.92 116.673996,40.268524,11932.92 
				</coordinates>
			</LineString>
		</MultiGeometry>
	</Placemark>
	<Placemark>
		<name>P-491</name>
		<visibility>0</visibility>
		<description><![CDATA[<div><div><span><b>Altitude:</b></span> <span>39,150 ft</span></div>
<div><span><b>Speed:</b></span> <span>477 kt - 466 kt</span></div>
<div><span><b>Timestamp:</b></span><br/><span>2023-12-14 21:28:47 UTC<br/>2023-12-14 21:29:02 UTC</span></div>
</div>]]></description>
		<Style>
			<LineStyle>
				<color>ffae00ff</color>
				<width>2</width>
			</LineStyle>
		</Style>
		<MultiGeometry>
			<LineString>
				<tessellate>1</tessellate>
				<altitudeMode>absolute</altitudeMode>
				<coordinates>
					116.673996,40.268524,11932.92 116.70433,40.243526,11932.92 
				</coordinates>
			</LineString>
		</MultiGeometry>
	</Placemark>
	<Placemark>
		<name>P-492</name>
		<visibility>0</visibility>
		<description><![CDATA[<div><div><span><b>Altitude:</b></span> <span>39,150 ft</span></div>
<div><span><b>Speed:</b></span> <span>466 kt - 460 kt</span></div>
<div><span><b>Timestamp:</b></span><br/><span>2023-12-14 21:29:02 UTC<br/>2023-12-14 21:29:08 UTC</span></div>
</div>]]></description>
		<Style>
			<LineStyle>
				<color>ffae00ff</color>
				<width>2</width>
			</LineStyle>
		</Style>
		<MultiGeometry>
			<LineString>
				<tessellate>1</tessellate>
				<altitudeMode>absolute</altitudeMode>
				<coordinates>
					116.70433,40.243526,11932.92 116.714417,40.233856,11932.92 
				</coordinates>
			</LineString>
		</MultiGeometry>
	</Placemark>
	<Placemark>
		<name>P-493</name>
		<visibility>0</visibility>
		<description><![CDATA[<div><div><span><b>Altitude:</b></span> <span>39,150 ft</span></div>
<div><span><b>Speed:</b></span> <span>460 kt - 456 kt</span></div>
<div><span><b>Timestamp:</b></span><br/><span>2023-12-14 21:29:08 UTC<br/>2023-12-14 21:29:13 UTC</span></div>
</div>]]></description>
		<Style>
			<LineStyle>
				<color>ffae00ff</color>
				<width>2</width>
			</LineStyle>
		</Style>
		<MultiGeometry>
			<LineString>
				<tessellate>1</tessellate>
				<altitudeMode>absolute</altitudeMode>
				<coordinates>
					116.714417,40.233856,11932.92 116.723061,40.224903,11932.92 
				</coordinates>
			</LineString>
		</MultiGeometry>
	</Placemark>
	<Placemark>
		<name>P-494</name>
		<visibility>0</visibility>
		<description><![CDATA[<div><div><span><b>Altitude:</b></span> <span>39,150 ft - 39,125 ft</span></div>
<div><span><b>Speed:</b></span> <span>456 kt - 450 kt</span></div>
<div><span><b>Timestamp:</b></span><br/><span>2023-12-14 21:29:13 UTC<br/>2023-12-14 21:29:23 UTC</span></div>
</div>]]></description>
		<Style>
			<LineStyle>
				<color>ffae00ff</color>
				<width>2</width>
			</LineStyle>
		</Style>
		<MultiGeometry>
			<LineString>
				<tessellate>1</tessellate>
				<altitudeMode>absolute</altitudeMode>
				<coordinates>
					116.723061,40.224903,11932.92 116.737,40.208862,11925.3 
				</coordinates>
			</LineString>
		</MultiGeometry>
	</Placemark>
	<Placemark>
		<name>P-495</name>
		<visibility>0</visibility>
		<description><![CDATA[<div><div><span><b>Altitude:</b></span> <span>39,125 ft</span></div>
<div><span><b>Speed:</b></span> <span>450 kt - 443 kt</span></div>
<div><span><b>Timestamp:</b></span><br/><span>2023-12-14 21:29:23 UTC<br/>2023-12-14 21:29:29 UTC</span></div>
</div>]]></description>
		<Style>
			<LineStyle>
				<color>ffae00ff</color>
				<width>2</width>
			</LineStyle>
		</Style>
		<MultiGeometry>
			<LineString>
				<tessellate>1</tessellate>
				<altitudeMode>absolute</altitudeMode>
				<coordinates>
					116.737,40.208862,11925.3 116.745789,40.197693,11925.3 
				</coordinates>
			</LineString>
		</MultiGeometry>
	</Placemark>
	<Placemark>
		<name>P-496</name>
		<visibility>0</visibility>
		<description><![CDATA[<div><div><span><b>Altitude:</b></span> <span>39,125 ft</span></div>
<div><span><b>Speed:</b></span> <span>443 kt - 440 kt</span></div>
<div><span><b>Timestamp:</b></span><br/><span>2023-12-14 21:29:29 UTC<br/>2023-12-14 21:29:34 UTC</span></div>
</div>]]></description>
		<Style>
			<LineStyle>
				<color>ffae00ff</color>
				<width>2</width>
			</LineStyle>
		</Style>
		<MultiGeometry>
			<LineString>
				<tessellate>1</tessellate>
				<altitudeMode>absolute</altitudeMode>
				<coordinates>
					116.745789,40.197693,11925.3 116.751953,40.189087,11925.3 
				</coordinates>
			</LineString>
		</MultiGeometry>
	</Placemark>
	<Placemark>
		<name>P-497</name>
		<visibility>0</visibility>
		<description><![CDATA[<div><div><span><b>Altitude:</b></span> <span>39,125 ft</span></div>
<div><span><b>Speed:</b></span> <span>440 kt - 435 kt</span></div>
<div><span><b>Timestamp:</b></span><br/><span>2023-12-14 21:29:34 UTC<br/>2023-12-14 21:29:41 UTC</span></div>
</div>]]></description>
		<Style>
			<LineStyle>
				<color>ffae00ff</color>
				<width>2</width>
			</LineStyle>
		</Style>
		<MultiGeometry>
			<LineString>
				<tessellate>1</tessellate>
				<altitudeMode>absolute</altitudeMode>
				<coordinates>
					116.751953,40.189087,11925.3 116.757324,40.181145,11925.3 
				</coordinates>
			</LineString>
		</MultiGeometry>
	</Placemark>
	<Placemark>
		<name>P-498</name>
		<visibility>0</visibility>
		<description><![CDATA[<div><div><span><b>Altitude:</b></span> <span>39,125 ft - 39,100 ft</span></div>
<div><span><b>Speed:</b></span> <span>435 kt - 415 kt</span></div>
<div><span><b>Timestamp:</b></span><br/><span>2023-12-14 21:29:41 UTC<br/>2023-12-14 21:30:11 UTC</span></div>
</div>]]></description>
		<Style>
			<LineStyle>
				<color>ffae00ff</color>
				<width>2</width>
			</LineStyle>
		</Style>
		<MultiGeometry>
			<LineString>
				<tessellate>1</tessellate>
				<altitudeMode>absolute</altitudeMode>
				<coordinates>
					116.757324,40.181145,11925.3 116.787041,40.121231,11917.68 
				</coordinates>
			</LineString>
		</MultiGeometry>
	</Placemark>
	<Placemark>
		<name>P-499</name>
		<visibility>0</visibility>
		<description><![CDATA[<div><div><span><b>Altitude:</b></span> <span>39,100 ft</span></div>
<div><span><b>Speed:</b></span> <span>415 kt - 413 kt</span></div>
<div><span><b>Timestamp:</b></span><br/><span>2023-12-14 21:30:11 UTC<br/>2023-12-14 21:30:16 UTC</span></div>
</div>]]></description>
		<Style>
			<LineStyle>
				<color>ffae00ff</color>
				<width>2</width>
			</LineStyle>
		</Style>
		<MultiGeometry>
			<LineString>
				<tessellate>1</tessellate>
				<altitudeMode>absolute</altitudeMode>
				<coordinates>
					116.787041,40.121231,11917.68 116.790039,40.112457,11917.68 
				</coordinates>
			</LineString>
		</MultiGeometry>
	</Placemark>
	<Placemark>
		<name>P-500</name>
		<visibility>0</visibility>
		<description><![CDATA[<div><div><span><b>Altitude:</b></span> <span>39,100 ft</span></div>
<div><span><b>Speed:</b></span> <span>413 kt - 410 kt</span></div>
<div><span><b>Timestamp:</b></span><br/><span>2023-12-14 21:30:16 UTC<br/>2023-12-14 21:30:21 UTC</span></div>
</div>]]></description>
		<Style>
			<LineStyle>
				<color>ffae00ff</color>
				<width>2</width>
			</LineStyle>
		</Style>
		<MultiGeometry>
			<LineString>
				<tessellate>1</tessellate>
				<altitudeMode>absolute</altitudeMode>
				<coordinates>
					116.790039,40.112457,11917.68 116.792786,40.103302,11917.68 
				</coordinates>
			</LineString>
		</MultiGeometry>
	</Placemark>
	<Placemark>
		<name>P-501</name>
		<visibility>0</visibility>
		<description><![CDATA[<div><div><span><b>Altitude:</b></span> <span>39,100 ft</span></div>
<div><span><b>Speed:</b></span> <span>410 kt - 407 kt</span></div>
<div><span><b>Timestamp:</b></span><br/><span>2023-12-14 21:30:21 UTC<br/>2023-12-14 21:30:26 UTC</span></div>
</div>]]></description>
		<Style>
			<LineStyle>
				<color>ffae00ff</color>
				<width>2</width>
			</LineStyle>
		</Style>
		<MultiGeometry>
			<LineString>
				<tessellate>1</tessellate>
				<altitudeMode>absolute</altitudeMode>
				<coordinates>
					116.792786,40.103302,11917.68 116.79528,40.093582,11917.68 
				</coordinates>
			</LineString>
		</MultiGeometry>
	</Placemark>
	<Placemark>
		<name>P-502</name>
		<visibility>0</visibility>
		<description><![CDATA[<div><div><span><b>Altitude:</b></span> <span>39,100 ft - 39,075 ft</span></div>
<div><span><b>Speed:</b></span> <span>407 kt - 404 kt</span></div>
<div><span><b>Timestamp:</b></span><br/><span>2023-12-14 21:30:26 UTC<br/>2023-12-14 21:31:30 UTC</span></div>
</div>]]></description>
		<Style>
			<LineStyle>
				<color>ffae00ff</color>
				<width>2</width>
			</LineStyle>
		</Style>
		<MultiGeometry>
			<LineString>
				<tessellate>1</tessellate>
				<altitudeMode>absolute</altitudeMode>
				<coordinates>
					116.79528,40.093582,11917.68 116.818314,39.978828,11910.06 
				</coordinates>
			</LineString>
		</MultiGeometry>
	</Placemark>
	<Placemark>
		<name>P-503</name>
		<visibility>0</visibility>
		<description><![CDATA[<div><div><span><b>Altitude:</b></span> <span>39,075 ft</span></div>
<div><span><b>Speed:</b></span> <span>404 kt</span></div>
<div><span><b>Timestamp:</b></span><br/><span>2023-12-14 21:31:30 UTC<br/>2023-12-14 21:31:40 UTC</span></div>
</div>]]></description>
		<Style>
			<LineStyle>
				<color>ffae00ff</color>
				<width>2</width>
			</LineStyle>
		</Style>
		<MultiGeometry>
			<LineString>
				<tessellate>1</tessellate>
				<altitudeMode>absolute</altitudeMode>
				<coordinates>
					116.818314,39.978828,11910.06 116.822266,39.96048,11910.06 
				</coordinates>
			</LineString>
		</MultiGeometry>
	</Placemark>
	<Placemark>
		<name>P-504</name>
		<visibility>0</visibility>
		<description><![CDATA[<div><div><span><b>Altitude:</b></span> <span>39,075 ft</span></div>
<div><span><b>Speed:</b></span> <span>404 kt - 403 kt</span></div>
<div><span><b>Timestamp:</b></span><br/><span>2023-12-14 21:31:40 UTC<br/>2023-12-14 21:32:46 UTC</span></div>
</div>]]></description>
		<Style>
			<LineStyle>
				<color>ffae00ff</color>
				<width>2</width>
			</LineStyle>
		</Style>
		<MultiGeometry>
			<LineString>
				<tessellate>1</tessellate>
				<altitudeMode>absolute</altitudeMode>
				<coordinates>
					116.822266,39.96048,11910.06 116.847961,39.834145,11910.06 
				</coordinates>
			</LineString>
		</MultiGeometry>
	</Placemark>
	<Placemark>
		<name>P-505</name>
		<visibility>0</visibility>
		<description><![CDATA[<div><div><span><b>Altitude:</b></span> <span>39,075 ft</span></div>
<div><span><b>Speed:</b></span> <span>403 kt - 404 kt</span></div>
<div><span><b>Timestamp:</b></span><br/><span>2023-12-14 21:32:46 UTC<br/>2023-12-14 21:33:16 UTC</span></div>
</div>]]></description>
		<Style>
			<LineStyle>
				<color>ffae00ff</color>
				<width>2</width>
			</LineStyle>
		</Style>
		<MultiGeometry>
			<LineString>
				<tessellate>1</tessellate>
				<altitudeMode>absolute</altitudeMode>
				<coordinates>
					116.847961,39.834145,11910.06 116.858047,39.779526,11910.06 
				</coordinates>
			</LineString>
		</MultiGeometry>
	</Placemark>
	<Placemark>
		<name>P-506</name>
		<visibility>0</visibility>
		<description><![CDATA[<div><div><span><b>Altitude:</b></span> <span>39,075 ft</span></div>
<div><span><b>Speed:</b></span> <span>404 kt - 407 kt</span></div>
<div><span><b>Timestamp:</b></span><br/><span>2023-12-14 21:33:16 UTC<br/>2023-12-14 21:33:40 UTC</span></div>
</div>]]></description>
		<Style>
			<LineStyle>
				<color>ffae00ff</color>
				<width>2</width>
			</LineStyle>
		</Style>
		<MultiGeometry>
			<LineString>
				<tessellate>1</tessellate>
				<altitudeMode>absolute</altitudeMode>
				<coordinates>
					116.858047,39.779526,11910.06 116.867004,39.736221,11910.06 
				</coordinates>
			</LineString>
		</MultiGeometry>
	</Placemark>
	<Placemark>
		<name>P-507</name>
		<visibility>0</visibility>
		<description><![CDATA[<div><div><span><b>Altitude:</b></span> <span>39,075 ft - 39,100 ft</span></div>
<div><span><b>Speed:</b></span> <span>407 kt</span></div>
<div><span><b>Timestamp:</b></span><br/><span>2023-12-14 21:33:40 UTC<br/>2023-12-14 21:34:46 UTC</span></div>
</div>]]></description>
		<Style>
			<LineStyle>
				<color>ffae00ff</color>
				<width>2</width>
			</LineStyle>
		</Style>
		<MultiGeometry>
			<LineString>
				<tessellate>1</tessellate>
				<altitudeMode>absolute</altitudeMode>
				<coordinates>
					116.867004,39.736221,11910.06 116.892883,39.614559,11917.68 
				</coordinates>
			</LineString>
		</MultiGeometry>
	</Placemark>
	<Placemark>
		<name>P-508</name>
		<visibility>0</visibility>
		<description><![CDATA[<div><div><span><b>Altitude:</b></span> <span>39,100 ft - 39,125 ft</span></div>
<div><span><b>Speed:</b></span> <span>407 kt - 409 kt</span></div>
<div><span><b>Timestamp:</b></span><br/><span>2023-12-14 21:34:46 UTC<br/>2023-12-14 21:35:20 UTC</span></div>
</div>]]></description>
		<Style>
			<LineStyle>
				<color>ffae00ff</color>
				<width>2</width>
			</LineStyle>
		</Style>
		<MultiGeometry>
			<LineString>
				<tessellate>1</tessellate>
				<altitudeMode>absolute</altitudeMode>
				<coordinates>
					116.892883,39.614559,11917.68 116.90625,39.548313,11925.3 
				</coordinates>
			</LineString>
		</MultiGeometry>
	</Placemark>
	<Placemark>
		<name>P-509</name>
		<visibility>0</visibility>
		<description><![CDATA[<div><div><span><b>Altitude:</b></span> <span>39,125 ft - 39,100 ft</span></div>
<div><span><b>Speed:</b></span> <span>409 kt - 405 kt</span></div>
<div><span><b>Timestamp:</b></span><br/><span>2023-12-14 21:35:20 UTC<br/>2023-12-14 21:35:51 UTC</span></div>
</div>]]></description>
		<Style>
			<LineStyle>
				<color>ffae00ff</color>
				<width>2</width>
			</LineStyle>
		</Style>
		<MultiGeometry>
			<LineString>
				<tessellate>1</tessellate>
				<altitudeMode>absolute</altitudeMode>
				<coordinates>
					116.90625,39.548313,11925.3 116.91864,39.489006,11917.68 
				</coordinates>
			</LineString>
		</MultiGeometry>
	</Placemark>
	<Placemark>
		<name>P-510</name>
		<visibility>0</visibility>
		<description><![CDATA[<div><div><span><b>Altitude:</b></span> <span>39,100 ft - 39,125 ft</span></div>
<div><span><b>Speed:</b></span> <span>405 kt - 399 kt</span></div>
<div><span><b>Timestamp:</b></span><br/><span>2023-12-14 21:35:51 UTC<br/>2023-12-14 21:36:24 UTC</span></div>
</div>]]></description>
		<Style>
			<LineStyle>
				<color>ffae00ff</color>
				<width>2</width>
			</LineStyle>
		</Style>
		<MultiGeometry>
			<LineString>
				<tessellate>1</tessellate>
				<altitudeMode>absolute</altitudeMode>
				<coordinates>
					116.91864,39.489006,11917.68 116.931252,39.429428,11925.3 
				</coordinates>
			</LineString>
		</MultiGeometry>
	</Placemark>
	<Placemark>
		<name>P-511</name>
		<visibility>0</visibility>
		<description><![CDATA[<div><div><span><b>Altitude:</b></span> <span>39,125 ft - 39,100 ft</span></div>
<div><span><b>Speed:</b></span> <span>399 kt - 398 kt</span></div>
<div><span><b>Timestamp:</b></span><br/><span>2023-12-14 21:36:24 UTC<br/>2023-12-14 21:36:37 UTC</span></div>
</div>]]></description>
		<Style>
			<LineStyle>
				<color>ffae00ff</color>
				<width>2</width>
			</LineStyle>
		</Style>
		<MultiGeometry>
			<LineString>
				<tessellate>1</tessellate>
				<altitudeMode>absolute</altitudeMode>
				<coordinates>
					116.931252,39.429428,11925.3 116.93615,39.405533,11917.68 
				</coordinates>
			</LineString>
		</MultiGeometry>
	</Placemark>
	<Placemark>
		<name>P-512</name>
		<visibility>0</visibility>
		<description><![CDATA[<div><div><span><b>Altitude:</b></span> <span>39,100 ft</span></div>
<div><span><b>Speed:</b></span> <span>398 kt - 503 kt</span></div>
<div><span><b>Timestamp:</b></span><br/><span>2023-12-14 21:36:37 UTC<br/>2023-12-14 21:39:32 UTC</span></div>
</div>]]></description>
		<Style>
			<LineStyle>
				<color>ffae00ff</color>
				<width>2</width>
			</LineStyle>
		</Style>
		<MultiGeometry>
			<LineString>
				<tessellate>1</tessellate>
				<altitudeMode>absolute</altitudeMode>
				<coordinates>
					116.93615,39.405533,11917.68 117.183937,39.120575,11917.68 
				</coordinates>
			</LineString>
		</MultiGeometry>
	</Placemark>
	<Placemark>
		<name>P-513</name>
		<visibility>0</visibility>
		<description><![CDATA[<div><div><span><b>Altitude:</b></span> <span>39,100 ft - 39,050 ft</span></div>
<div><span><b>Speed:</b></span> <span>503 kt - 530 kt</span></div>
<div><span><b>Timestamp:</b></span><br/><span>2023-12-14 21:39:32 UTC<br/>2023-12-14 21:40:14 UTC</span></div>
</div>]]></description>
		<Style>
			<LineStyle>
				<color>ffae00ff</color>
				<width>2</width>
			</LineStyle>
		</Style>
		<MultiGeometry>
			<LineString>
				<tessellate>1</tessellate>
				<altitudeMode>absolute</altitudeMode>
				<coordinates>
					117.183937,39.120575,11917.68 117.307312,39.088146,11902.44 
				</coordinates>
			</LineString>
		</MultiGeometry>
	</Placemark>
	<Placemark>
		<name>P-514</name>
		<visibility>0</visibility>
		<description><![CDATA[<div><div><span><b>Altitude:</b></span> <span>39,050 ft - 39,100 ft</span></div>
<div><span><b>Speed:</b></span> <span>530 kt - 565 kt</span></div>
<div><span><b>Timestamp:</b></span><br/><span>2023-12-14 21:40:14 UTC<br/>2023-12-14 21:41:56 UTC</span></div>
</div>]]></description>
		<Style>
			<LineStyle>
				<color>ffae00ff</color>
				<width>2</width>
			</LineStyle>
		</Style>
		<MultiGeometry>
			<LineString>
				<tessellate>1</tessellate>
				<altitudeMode>absolute</altitudeMode>
				<coordinates>
					117.307312,39.088146,11902.44 117.642944,39.076694,11917.68 
				</coordinates>
			</LineString>
		</MultiGeometry>
	</Placemark>
	<Placemark>
		<name>P-515</name>
		<visibility>0</visibility>
		<description><![CDATA[<div><div><span><b>Altitude:</b></span> <span>39,100 ft</span></div>
<div><span><b>Speed:</b></span> <span>565 kt - 567 kt</span></div>
<div><span><b>Timestamp:</b></span><br/><span>2023-12-14 21:41:56 UTC<br/>2023-12-14 21:42:19 UTC</span></div>
</div>]]></description>
		<Style>
			<LineStyle>
				<color>ffae00ff</color>
				<width>2</width>
			</LineStyle>
		</Style>
		<MultiGeometry>
			<LineString>
				<tessellate>1</tessellate>
				<altitudeMode>absolute</altitudeMode>
				<coordinates>
					117.642944,39.076694,11917.68 117.72052,39.07539,11917.68 
				</coordinates>
			</LineString>
		</MultiGeometry>
	</Placemark>
	<Placemark>
		<name>P-516</name>
		<visibility>0</visibility>
		<description><![CDATA[<div><div><span><b>Altitude:</b></span> <span>39,100 ft - 39,150 ft</span></div>
<div><span><b>Speed:</b></span> <span>567 kt - 565 kt</span></div>
<div><span><b>Timestamp:</b></span><br/><span>2023-12-14 21:42:19 UTC<br/>2023-12-14 21:43:38 UTC</span></div>
</div>]]></description>
		<Style>
			<LineStyle>
				<color>ffae00ff</color>
				<width>2</width>
			</LineStyle>
		</Style>
		<MultiGeometry>
			<LineString>
				<tessellate>1</tessellate>
				<altitudeMode>absolute</altitudeMode>
				<coordinates>
					117.72052,39.07539,11917.68 117.984009,39.070408,11932.92 
				</coordinates>
			</LineString>
		</MultiGeometry>
	</Placemark>
	<Placemark>
		<name>P-517</name>
		<visibility>0</visibility>
		<description><![CDATA[<div><div><span><b>Altitude:</b></span> <span>39,150 ft</span></div>
<div><span><b>Speed:</b></span> <span>565 kt - 559 kt</span></div>
<div><span><b>Timestamp:</b></span><br/><span>2023-12-14 21:43:38 UTC<br/>2023-12-14 21:44:04 UTC</span></div>
</div>]]></description>
		<Style>
			<LineStyle>
				<color>ffae00ff</color>
				<width>2</width>
			</LineStyle>
		</Style>
		<MultiGeometry>
			<LineString>
				<tessellate>1</tessellate>
				<altitudeMode>absolute</altitudeMode>
				<coordinates>
					117.984009,39.070408,11932.92 118.072998,39.063145,11932.92 
				</coordinates>
			</LineString>
		</MultiGeometry>
	</Placemark>
	<Placemark>
		<name>P-518</name>
		<visibility>0</visibility>
		<description><![CDATA[<div><div><span><b>Altitude:</b></span> <span>39,150 ft</span></div>
<div><span><b>Speed:</b></span> <span>559 kt - 551 kt</span></div>
<div><span><b>Timestamp:</b></span><br/><span>2023-12-14 21:44:04 UTC<br/>2023-12-14 21:44:37 UTC</span></div>
</div>]]></description>
		<Style>
			<LineStyle>
				<color>ffae00ff</color>
				<width>2</width>
			</LineStyle>
		</Style>
		<MultiGeometry>
			<LineString>
				<tessellate>1</tessellate>
				<altitudeMode>absolute</altitudeMode>
				<coordinates>
					118.072998,39.063145,11932.92 118.17981,39.04715,11932.92 
				</coordinates>
			</LineString>
		</MultiGeometry>
	</Placemark>
	<Placemark>
		<name>P-519</name>
		<visibility>0</visibility>
		<description><![CDATA[<div><div><span><b>Altitude:</b></span> <span>39,150 ft - 39,100 ft</span></div>
<div><span><b>Speed:</b></span> <span>551 kt - 553 kt</span></div>
<div><span><b>Timestamp:</b></span><br/><span>2023-12-14 21:44:37 UTC<br/>2023-12-14 21:45:37 UTC</span></div>
</div>]]></description>
		<Style>
			<LineStyle>
				<color>ffae00ff</color>
				<width>2</width>
			</LineStyle>
		</Style>
		<MultiGeometry>
			<LineString>
				<tessellate>1</tessellate>
				<altitudeMode>absolute</altitudeMode>
				<coordinates>
					118.17981,39.04715,11932.92 118.372009,39.016479,11917.68 
				</coordinates>
			</LineString>
		</MultiGeometry>
	</Placemark>
	<Placemark>
		<name>P-520</name>
		<visibility>0</visibility>
		<description><![CDATA[<div><div><span><b>Altitude:</b></span> <span>39,100 ft - 39,075 ft</span></div>
<div><span><b>Speed:</b></span> <span>553 kt - 555 kt</span></div>
<div><span><b>Timestamp:</b></span><br/><span>2023-12-14 21:45:37 UTC<br/>2023-12-14 21:46:37 UTC</span></div>
</div>]]></description>
		<Style>
			<LineStyle>
				<color>ffae00ff</color>
				<width>2</width>
			</LineStyle>
		</Style>
		<MultiGeometry>
			<LineString>
				<tessellate>1</tessellate>
				<altitudeMode>absolute</altitudeMode>
				<coordinates>
					118.372009,39.016479,11917.68 118.566719,38.985168,11910.06 
				</coordinates>
			</LineString>
		</MultiGeometry>
	</Placemark>
	<Placemark>
		<name>P-521</name>
		<visibility>0</visibility>
		<description><![CDATA[<div><div><span><b>Altitude:</b></span> <span>39,075 ft - 39,100 ft</span></div>
<div><span><b>Speed:</b></span> <span>555 kt - 556 kt</span></div>
<div><span><b>Timestamp:</b></span><br/><span>2023-12-14 21:46:37 UTC<br/>2023-12-14 21:47:37 UTC</span></div>
</div>]]></description>
		<Style>
			<LineStyle>
				<color>ffae00ff</color>
				<width>2</width>
			</LineStyle>
		</Style>
		<MultiGeometry>
			<LineString>
				<tessellate>1</tessellate>
				<altitudeMode>absolute</altitudeMode>
				<coordinates>
					118.566719,38.985168,11910.06 118.757309,38.953899,11917.68 
				</coordinates>
			</LineString>
		</MultiGeometry>
	</Placemark>
	<Placemark>
		<name>P-522</name>
		<visibility>0</visibility>
		<description><![CDATA[<div><div><span><b>Altitude:</b></span> <span>39,100 ft - 39,150 ft</span></div>
<div><span><b>Speed:</b></span> <span>556 kt - 541 kt</span></div>
<div><span><b>Timestamp:</b></span><br/><span>2023-12-14 21:47:37 UTC<br/>2023-12-14 21:48:37 UTC</span></div>
</div>]]></description>
		<Style>
			<LineStyle>
				<color>ffae00ff</color>
				<width>2</width>
			</LineStyle>
		</Style>
		<MultiGeometry>
			<LineString>
				<tessellate>1</tessellate>
				<altitudeMode>absolute</altitudeMode>
				<coordinates>
					118.757309,38.953899,11917.68 118.949646,38.922047,11932.92 
				</coordinates>
			</LineString>
		</MultiGeometry>
	</Placemark>
	<Placemark>
		<name>P-523</name>
		<visibility>0</visibility>
		<description><![CDATA[<div><div><span><b>Altitude:</b></span> <span>39,150 ft - 39,075 ft</span></div>
<div><span><b>Speed:</b></span> <span>541 kt - 545 kt</span></div>
<div><span><b>Timestamp:</b></span><br/><span>2023-12-14 21:48:37 UTC<br/>2023-12-14 21:49:37 UTC</span></div>
</div>]]></description>
		<Style>
			<LineStyle>
				<color>ffae00ff</color>
				<width>2</width>
			</LineStyle>
		</Style>
		<MultiGeometry>
			<LineString>
				<tessellate>1</tessellate>
				<altitudeMode>absolute</altitudeMode>
				<coordinates>
					118.949646,38.922047,11932.92 119.138245,38.890949,11910.06 
				</coordinates>
			</LineString>
		</MultiGeometry>
	</Placemark>
	<Placemark>
		<name>P-524</name>
		<visibility>0</visibility>
		<description><![CDATA[<div><div><span><b>Altitude:</b></span> <span>39,075 ft - 39,100 ft</span></div>
<div><span><b>Speed:</b></span> <span>545 kt - 555 kt</span></div>
<div><span><b>Timestamp:</b></span><br/><span>2023-12-14 21:49:37 UTC<br/>2023-12-14 21:50:37 UTC</span></div>
</div>]]></description>
		<Style>
			<LineStyle>
				<color>ffae00ff</color>
				<width>2</width>
			</LineStyle>
		</Style>
		<MultiGeometry>
			<LineString>
				<tessellate>1</tessellate>
				<altitudeMode>absolute</altitudeMode>
				<coordinates>
					119.138245,38.890949,11910.06 119.326927,38.858963,11917.68 
				</coordinates>
			</LineString>
		</MultiGeometry>
	</Placemark>
	<Placemark>
		<name>P-525</name>
		<visibility>0</visibility>
		<description><![CDATA[<div><div><span><b>Altitude:</b></span> <span>39,100 ft - 39,125 ft</span></div>
<div><span><b>Speed:</b></span> <span>555 kt - 551 kt</span></div>
<div><span><b>Timestamp:</b></span><br/><span>2023-12-14 21:50:37 UTC<br/>2023-12-14 21:52:27 UTC</span></div>
</div>]]></description>
		<Style>
			<LineStyle>
				<color>ffae00ff</color>
				<width>2</width>
			</LineStyle>
		</Style>
		<MultiGeometry>
			<LineString>
				<tessellate>1</tessellate>
				<altitudeMode>absolute</altitudeMode>
				<coordinates>
					119.326927,38.858963,11917.68 119.680969,38.798637,11925.3 
				</coordinates>
			</LineString>
		</MultiGeometry>
	</Placemark>
	<Placemark>
		<name>P-526</name>
		<visibility>0</visibility>
		<description><![CDATA[<div><div><span><b>Altitude:</b></span> <span>39,125 ft - 39,100 ft</span></div>
<div><span><b>Speed:</b></span> <span>551 kt - 552 kt</span></div>
<div><span><b>Timestamp:</b></span><br/><span>2023-12-14 21:52:27 UTC<br/>2023-12-14 21:53:31 UTC</span></div>
</div>]]></description>
		<Style>
			<LineStyle>
				<color>ffae00ff</color>
				<width>2</width>
			</LineStyle>
		</Style>
		<MultiGeometry>
			<LineString>
				<tessellate>1</tessellate>
				<altitudeMode>absolute</altitudeMode>
				<coordinates>
					119.680969,38.798637,11925.3 119.88562,38.763165,11917.68 
				</coordinates>
			</LineString>
		</MultiGeometry>
	</Placemark>
	<Placemark>
		<name>P-527</name>
		<visibility>0</visibility>
		<description><![CDATA[<div><div><span><b>Altitude:</b></span> <span>39,100 ft</span></div>
<div><span><b>Speed:</b></span> <span>552 kt - 528 kt</span></div>
<div><span><b>Timestamp:</b></span><br/><span>2023-12-14 21:53:31 UTC<br/>2023-12-14 21:54:42 UTC</span></div>
</div>]]></description>
		<Style>
			<LineStyle>
				<color>ffae00ff</color>
				<width>2</width>
			</LineStyle>
		</Style>
		<MultiGeometry>
			<LineString>
				<tessellate>1</tessellate>
				<altitudeMode>absolute</altitudeMode>
				<coordinates>
					119.88562,38.763165,11917.68 120.1073,38.719826,11917.68 
				</coordinates>
			</LineString>
		</MultiGeometry>
	</Placemark>
	<Placemark>
		<name>P-528</name>
		<visibility>0</visibility>
		<description><![CDATA[<div><div><span><b>Altitude:</b></span> <span>39,100 ft - 39,125 ft</span></div>
<div><span><b>Speed:</b></span> <span>528 kt - 489 kt</span></div>
<div><span><b>Timestamp:</b></span><br/><span>2023-12-14 21:54:42 UTC<br/>2023-12-14 21:55:37 UTC</span></div>
</div>]]></description>
		<Style>
			<LineStyle>
				<color>ffae00ff</color>
				<width>2</width>
			</LineStyle>
		</Style>
		<MultiGeometry>
			<LineString>
				<tessellate>1</tessellate>
				<altitudeMode>absolute</altitudeMode>
				<coordinates>
					120.1073,38.719826,11917.68 120.225601,38.638733,11925.3 
				</coordinates>
			</LineString>
		</MultiGeometry>
	</Placemark>
	<Placemark>
		<name>P-529</name>
		<visibility>0</visibility>
		<description><![CDATA[<div><div><span><b>Altitude:</b></span> <span>39,125 ft</span></div>
<div><span><b>Speed:</b></span> <span>489 kt - 555 kt</span></div>
<div><span><b>Timestamp:</b></span><br/><span>2023-12-14 21:55:37 UTC<br/>2023-12-14 21:56:27 UTC</span></div>
</div>]]></description>
		<Style>
			<LineStyle>
				<color>ffae00ff</color>
				<width>2</width>
			</LineStyle>
		</Style>
		<MultiGeometry>
			<LineString>
				<tessellate>1</tessellate>
				<altitudeMode>absolute</altitudeMode>
				<coordinates>
					120.225601,38.638733,11925.3 120.367188,38.589989,11925.3 
				</coordinates>
			</LineString>
		</MultiGeometry>
	</Placemark>
	<Placemark>
		<name>P-530</name>
		<visibility>0</visibility>
		<description><![CDATA[<div><div><span><b>Altitude:</b></span> <span>39,125 ft - 34,475 ft</span></div>
<div><span><b>Speed:</b></span> <span>555 kt - 508 kt</span></div>
<div><span><b>Timestamp:</b></span><br/><span>2023-12-14 21:56:27 UTC<br/>2023-12-14 22:01:36 UTC</span></div>
</div>]]></description>
		<Style>
			<LineStyle>
				<color>ffae00ff</color>
				<width>2</width>
			</LineStyle>
		</Style>
		<MultiGeometry>
			<LineString>
				<tessellate>1</tessellate>
				<altitudeMode>absolute</altitudeMode>
				<coordinates>
					120.367188,38.589989,11925.3 121.333801,38.433388,10507.98 
				</coordinates>
			</LineString>
		</MultiGeometry>
	</Placemark>
	<Placemark>
		<name>P-531</name>
		<visibility>0</visibility>
		<description><![CDATA[<div><div><span><b>Altitude:</b></span> <span>34,475 ft - 33,400 ft</span></div>
<div><span><b>Speed:</b></span> <span>508 kt - 513 kt</span></div>
<div><span><b>Timestamp:</b></span><br/><span>2023-12-14 22:01:36 UTC<br/>2023-12-14 22:02:41 UTC</span></div>
</div>]]></description>
		<Style>
			<LineStyle>
				<color>ff7800ff</color>
				<width>2</width>
			</LineStyle>
		</Style>
		<MultiGeometry>
			<LineString>
				<tessellate>1</tessellate>
				<altitudeMode>absolute</altitudeMode>
				<coordinates>
					121.333801,38.433388,10507.98 121.52533,38.402069,10180.32 
				</coordinates>
			</LineString>
		</MultiGeometry>
	</Placemark>
	<Placemark>
		<name>P-532</name>
		<visibility>0</visibility>
		<description><![CDATA[<div><div><span><b>Altitude:</b></span> <span>33,400 ft - 33,100 ft</span></div>
<div><span><b>Speed:</b></span> <span>513 kt - 521 kt</span></div>
<div><span><b>Timestamp:</b></span><br/><span>2023-12-14 22:02:41 UTC<br/>2023-12-14 22:04:36 UTC</span></div>
</div>]]></description>
		<Style>
			<LineStyle>
				<color>ff6000ff</color>
				<width>2</width>
			</LineStyle>
		</Style>
		<MultiGeometry>
			<LineString>
				<tessellate>1</tessellate>
				<altitudeMode>absolute</altitudeMode>
				<coordinates>
					121.52533,38.402069,10180.32 121.866081,38.344891,10088.88 
				</coordinates>
			</LineString>
		</MultiGeometry>
	</Placemark>
	<Placemark>
		<name>P-533</name>
		<visibility>0</visibility>
		<description><![CDATA[<div><div><span><b>Altitude:</b></span> <span>33,100 ft</span></div>
<div><span><b>Speed:</b></span> <span>521 kt - 520 kt</span></div>
<div><span><b>Timestamp:</b></span><br/><span>2023-12-14 22:04:36 UTC<br/>2023-12-14 22:05:26 UTC</span></div>
</div>]]></description>
		<Style>
			<LineStyle>
				<color>ff6000ff</color>
				<width>2</width>
			</LineStyle>
		</Style>
		<MultiGeometry>
			<LineString>
				<tessellate>1</tessellate>
				<altitudeMode>absolute</altitudeMode>
				<coordinates>
					121.866081,38.344891,10088.88 122.01619,38.319382,10088.88 
				</coordinates>
			</LineString>
		</MultiGeometry>
	</Placemark>
	<Placemark>
		<name>P-534</name>
		<visibility>0</visibility>
		<description><![CDATA[<div><div><span><b>Altitude:</b></span> <span>33,100 ft - 33,125 ft</span></div>
<div><span><b>Speed:</b></span> <span>520 kt - 522 kt</span></div>
<div><span><b>Timestamp:</b></span><br/><span>2023-12-14 22:05:26 UTC<br/>2023-12-14 22:06:36 UTC</span></div>
</div>]]></description>
		<Style>
			<LineStyle>
				<color>ff6000ff</color>
				<width>2</width>
			</LineStyle>
		</Style>
		<MultiGeometry>
			<LineString>
				<tessellate>1</tessellate>
				<altitudeMode>absolute</altitudeMode>
				<coordinates>
					122.01619,38.319382,10088.88 122.226601,38.283211,10096.5 
				</coordinates>
			</LineString>
		</MultiGeometry>
	</Placemark>
	<Placemark>
		<name>P-535</name>
		<visibility>0</visibility>
		<description><![CDATA[<div><div><span><b>Altitude:</b></span> <span>33,125 ft - 32,625 ft</span></div>
<div><span><b>Speed:</b></span> <span>522 kt - 503 kt</span></div>
<div><span><b>Timestamp:</b></span><br/><span>2023-12-14 22:06:36 UTC<br/>2023-12-14 22:07:36 UTC</span></div>
</div>]]></description>
		<Style>
			<LineStyle>
				<color>ff6000ff</color>
				<width>2</width>
			</LineStyle>
		</Style>
		<MultiGeometry>
			<LineString>
				<tessellate>1</tessellate>
				<altitudeMode>absolute</altitudeMode>
				<coordinates>
					122.226601,38.283211,10096.5 122.398979,38.24313,9944.1 
				</coordinates>
			</LineString>
		</MultiGeometry>
	</Placemark>
	<Placemark>
		<name>P-536</name>
		<visibility>0</visibility>
		<description><![CDATA[<div><div><span><b>Altitude:</b></span> <span>32,625 ft - 31,725 ft</span></div>
<div><span><b>Speed:</b></span> <span>503 kt - 473 kt</span></div>
<div><span><b>Timestamp:</b></span><br/><span>2023-12-14 22:07:36 UTC<br/>2023-12-14 22:08:31 UTC</span></div>
</div>]]></description>
		<Style>
			<LineStyle>
				<color>ff4e00ff</color>
				<width>2</width>
			</LineStyle>
		</Style>
		<MultiGeometry>
			<LineString>
				<tessellate>1</tessellate>
				<altitudeMode>absolute</altitudeMode>
				<coordinates>
					122.398979,38.24313,9944.1 122.53553,38.180561,9669.780000000001 
				</coordinates>
			</LineString>
		</MultiGeometry>
	</Placemark>
	<Placemark>
		<name>P-537</name>
		<visibility>0</visibility>
		<description><![CDATA[<div><div><span><b>Altitude:</b></span> <span>31,725 ft - 30,700 ft</span></div>
<div><span><b>Speed:</b></span> <span>473 kt - 455 kt</span></div>
<div><span><b>Timestamp:</b></span><br/><span>2023-12-14 22:08:31 UTC<br/>2023-12-14 22:09:35 UTC</span></div>
</div>]]></description>
		<Style>
			<LineStyle>
				<color>ff4e00ff</color>
				<width>2</width>
			</LineStyle>
		</Style>
		<MultiGeometry>
			<LineString>
				<tessellate>1</tessellate>
				<altitudeMode>absolute</altitudeMode>
				<coordinates>
					122.53553,38.180561,9669.780000000001 122.660713,38.088684,9357.360000000001 
				</coordinates>
			</LineString>
		</MultiGeometry>
	</Placemark>
	<Placemark>
		<name>P-538</name>
		<visibility>0</visibility>
		<description><![CDATA[<div><div><span><b>Altitude:</b></span> <span>30,700 ft - 28,400 ft</span></div>
<div><span><b>Speed:</b></span> <span>455 kt - 444 kt</span></div>
<div><span><b>Timestamp:</b></span><br/><span>2023-12-14 22:09:35 UTC<br/>2023-12-14 22:11:53 UTC</span></div>
</div>]]></description>
		<Style>
			<LineStyle>
				<color>ff3600ff</color>
				<width>2</width>
			</LineStyle>
		</Style>
		<MultiGeometry>
			<LineString>
				<tessellate>1</tessellate>
				<altitudeMode>absolute</altitudeMode>
				<coordinates>
					122.660713,38.088684,9357.360000000001 122.921524,37.888092,8656.319999999998 
				</coordinates>
			</LineString>
		</MultiGeometry>
	</Placemark>
	<Placemark>
		<name>P-539</name>
		<visibility>0</visibility>
		<description><![CDATA[<div><div><span><b>Altitude:</b></span> <span>28,400 ft - 27,875 ft</span></div>
<div><span><b>Speed:</b></span> <span>444 kt - 435 kt</span></div>
<div><span><b>Timestamp:</b></span><br/><span>2023-12-14 22:11:53 UTC<br/>2023-12-14 22:12:25 UTC</span></div>
</div>]]></description>
		<Style>
			<LineStyle>
				<color>ff2400ff</color>
				<width>2</width>
			</LineStyle>
		</Style>
		<MultiGeometry>
			<LineString>
				<tessellate>1</tessellate>
				<altitudeMode>absolute</altitudeMode>
				<coordinates>
					122.921524,37.888092,8656.319999999998 122.980316,37.842499,8496.299999999997 
				</coordinates>
			</LineString>
		</MultiGeometry>
	</Placemark>
	<Placemark>
		<name>P-540</name>
		<visibility>0</visibility>
		<description><![CDATA[<div><div><span><b>Altitude:</b></span> <span>27,875 ft - 27,325 ft</span></div>
<div><span><b>Speed:</b></span> <span>435 kt - 431 kt</span></div>
<div><span><b>Timestamp:</b></span><br/><span>2023-12-14 22:12:25 UTC<br/>2023-12-14 22:13:00 UTC</span></div>
</div>]]></description>
		<Style>
			<LineStyle>
				<color>ff0000ff</color>
				<width>2</width>
			</LineStyle>
		</Style>
		<MultiGeometry>
			<LineString>
				<tessellate>1</tessellate>
				<altitudeMode>absolute</altitudeMode>
				<coordinates>
					122.980316,37.842499,8496.299999999997 123.039528,37.796368,8328.659999999998 
				</coordinates>
			</LineString>
		</MultiGeometry>
	</Placemark>
	<Placemark>
		<name>P-541</name>
		<visibility>0</visibility>
		<description><![CDATA[<div><div><span><b>Altitude:</b></span> <span>27,325 ft - 26,775 ft</span></div>
<div><span><b>Speed:</b></span> <span>431 kt - 426 kt</span></div>
<div><span><b>Timestamp:</b></span><br/><span>2023-12-14 22:13:00 UTC<br/>2023-12-14 22:13:31 UTC</span></div>
</div>]]></description>
		<Style>
			<LineStyle>
				<color>ff0000ff</color>
				<width>2</width>
			</LineStyle>
		</Style>
		<MultiGeometry>
			<LineString>
				<tessellate>1</tessellate>
				<altitudeMode>absolute</altitudeMode>
				<coordinates>
					123.039528,37.796368,8328.659999999998 123.098999,37.749954,8161.02 
				</coordinates>
			</LineString>
		</MultiGeometry>
	</Placemark>
	<Placemark>
		<name>P-542</name>
		<visibility>0</visibility>
		<description><![CDATA[<div><div><span><b>Altitude:</b></span> <span>26,775 ft - 26,600 ft</span></div>
<div><span><b>Speed:</b></span> <span>426 kt - 427 kt</span></div>
<div><span><b>Timestamp:</b></span><br/><span>2023-12-14 22:13:31 UTC<br/>2023-12-14 22:14:02 UTC</span></div>
</div>]]></description>
		<Style>
			<LineStyle>
				<color>ff0000ff</color>
				<width>2</width>
			</LineStyle>
		</Style>
		<MultiGeometry>
			<LineString>
				<tessellate>1</tessellate>
				<altitudeMode>absolute</altitudeMode>
				<coordinates>
					123.098999,37.749954,8161.02 123.153336,37.7075,8107.679999999999 
				</coordinates>
			</LineString>
		</MultiGeometry>
	</Placemark>
	<Placemark>
		<name>P-543</name>
		<visibility>0</visibility>
		<description><![CDATA[<div><div><span><b>Altitude:</b></span> <span>26,600 ft</span></div>
<div><span><b>Speed:</b></span> <span>427 kt - 429 kt</span></div>
<div><span><b>Timestamp:</b></span><br/><span>2023-12-14 22:14:02 UTC<br/>2023-12-14 22:14:34 UTC</span></div>
</div>]]></description>
		<Style>
			<LineStyle>
				<color>ff0000ff</color>
				<width>2</width>
			</LineStyle>
		</Style>
		<MultiGeometry>
			<LineString>
				<tessellate>1</tessellate>
				<altitudeMode>absolute</altitudeMode>
				<coordinates>
					123.153336,37.7075,8107.679999999999 123.210907,37.662643,8107.679999999999 
				</coordinates>
			</LineString>
		</MultiGeometry>
	</Placemark>
	<Placemark>
		<name>P-544</name>
		<visibility>0</visibility>
		<description><![CDATA[<div><div><span><b>Altitude:</b></span> <span>26,600 ft</span></div>
<div><span><b>Speed:</b></span> <span>429 kt - 432 kt</span></div>
<div><span><b>Timestamp:</b></span><br/><span>2023-12-14 22:14:34 UTC<br/>2023-12-14 22:15:10 UTC</span></div>
</div>]]></description>
		<Style>
			<LineStyle>
				<color>ff0000ff</color>
				<width>2</width>
			</LineStyle>
		</Style>
		<MultiGeometry>
			<LineString>
				<tessellate>1</tessellate>
				<altitudeMode>absolute</altitudeMode>
				<coordinates>
					123.210907,37.662643,8107.679999999999 123.273903,37.613297,8107.679999999999 
				</coordinates>
			</LineString>
		</MultiGeometry>
	</Placemark>
	<Placemark>
		<name>P-545</name>
		<visibility>0</visibility>
		<description><![CDATA[<div><div><span><b>Altitude:</b></span> <span>26,600 ft</span></div>
<div><span><b>Speed:</b></span> <span>432 kt - 439 kt</span></div>
<div><span><b>Timestamp:</b></span><br/><span>2023-12-14 22:15:10 UTC<br/>2023-12-14 22:15:42 UTC</span></div>
</div>]]></description>
		<Style>
			<LineStyle>
				<color>ff0000ff</color>
				<width>2</width>
			</LineStyle>
		</Style>
		<MultiGeometry>
			<LineString>
				<tessellate>1</tessellate>
				<altitudeMode>absolute</altitudeMode>
				<coordinates>
					123.273903,37.613297,8107.679999999999 123.333771,37.56789,8107.679999999999 
				</coordinates>
			</LineString>
		</MultiGeometry>
	</Placemark>
	<Placemark>
		<name>P-546</name>
		<visibility>0</visibility>
		<description><![CDATA[<div><div><span><b>Altitude:</b></span> <span>26,600 ft</span></div>
<div><span><b>Speed:</b></span> <span>439 kt - 447 kt</span></div>
<div><span><b>Timestamp:</b></span><br/><span>2023-12-14 22:15:42 UTC<br/>2023-12-14 22:16:14 UTC</span></div>
</div>]]></description>
		<Style>
			<LineStyle>
				<color>ff0000ff</color>
				<width>2</width>
			</LineStyle>
		</Style>
		<MultiGeometry>
			<LineString>
				<tessellate>1</tessellate>
				<altitudeMode>absolute</altitudeMode>
				<coordinates>
					123.333771,37.56789,8107.679999999999 123.398613,37.527878,8107.679999999999 
				</coordinates>
			</LineString>
		</MultiGeometry>
	</Placemark>
	<Placemark>
		<name>P-547</name>
		<visibility>0</visibility>
		<description><![CDATA[<div><div><span><b>Altitude:</b></span> <span>26,600 ft</span></div>
<div><span><b>Speed:</b></span> <span>447 kt - 448 kt</span></div>
<div><span><b>Timestamp:</b></span><br/><span>2023-12-14 22:16:14 UTC<br/>2023-12-14 22:16:46 UTC</span></div>
</div>]]></description>
		<Style>
			<LineStyle>
				<color>ff0000ff</color>
				<width>2</width>
			</LineStyle>
		</Style>
		<MultiGeometry>
			<LineString>
				<tessellate>1</tessellate>
				<altitudeMode>absolute</altitudeMode>
				<coordinates>
					123.398613,37.527878,8107.679999999999 123.45179,37.496475,8107.679999999999 
				</coordinates>
			</LineString>
		</MultiGeometry>
	</Placemark>
	<Placemark>
		<name>P-548</name>
		<visibility>0</visibility>
		<description><![CDATA[<div><div><span><b>Altitude:</b></span> <span>26,600 ft</span></div>
<div><span><b>Speed:</b></span> <span>448 kt - 453 kt</span></div>
<div><span><b>Timestamp:</b></span><br/><span>2023-12-14 22:16:46 UTC<br/>2023-12-14 22:17:51 UTC</span></div>
</div>]]></description>
		<Style>
			<LineStyle>
				<color>ff0000ff</color>
				<width>2</width>
			</LineStyle>
		</Style>
		<MultiGeometry>
			<LineString>
				<tessellate>1</tessellate>
				<altitudeMode>absolute</altitudeMode>
				<coordinates>
					123.45179,37.496475,8107.679999999999 123.598648,37.408447,8107.679999999999 
				</coordinates>
			</LineString>
		</MultiGeometry>
	</Placemark>
	<Placemark>
		<name>P-549</name>
		<visibility>0</visibility>
		<description><![CDATA[<div><div><span><b>Altitude:</b></span> <span>26,600 ft</span></div>
<div><span><b>Speed:</b></span> <span>453 kt - 452 kt</span></div>
<div><span><b>Timestamp:</b></span><br/><span>2023-12-14 22:17:51 UTC<br/>2023-12-14 22:18:24 UTC</span></div>
</div>]]></description>
		<Style>
			<LineStyle>
				<color>ff0000ff</color>
				<width>2</width>
			</LineStyle>
		</Style>
		<MultiGeometry>
			<LineString>
				<tessellate>1</tessellate>
				<altitudeMode>absolute</altitudeMode>
				<coordinates>
					123.598648,37.408447,8107.679999999999 123.670174,37.365509,8107.679999999999 
				</coordinates>
			</LineString>
		</MultiGeometry>
	</Placemark>
	<Placemark>
		<name>P-550</name>
		<visibility>0</visibility>
		<description><![CDATA[<div><div><span><b>Altitude:</b></span> <span>26,600 ft</span></div>
<div><span><b>Speed:</b></span> <span>452 kt</span></div>
<div><span><b>Timestamp:</b></span><br/><span>2023-12-14 22:18:24 UTC<br/>2023-12-14 22:18:56 UTC</span></div>
</div>]]></description>
		<Style>
			<LineStyle>
				<color>ff0000ff</color>
				<width>2</width>
			</LineStyle>
		</Style>
		<MultiGeometry>
			<LineString>
				<tessellate>1</tessellate>
				<altitudeMode>absolute</altitudeMode>
				<coordinates>
					123.670174,37.365509,8107.679999999999 123.73761,37.325089,8107.679999999999 
				</coordinates>
			</LineString>
		</MultiGeometry>
	</Placemark>
	<Placemark>
		<name>P-551</name>
		<visibility>0</visibility>
		<description><![CDATA[<div><div><span><b>Altitude:</b></span> <span>26,600 ft</span></div>
<div><span><b>Speed:</b></span> <span>452 kt</span></div>
<div><span><b>Timestamp:</b></span><br/><span>2023-12-14 22:18:56 UTC<br/>2023-12-14 22:19:27 UTC</span></div>
</div>]]></description>
		<Style>
			<LineStyle>
				<color>ff0000ff</color>
				<width>2</width>
			</LineStyle>
		</Style>
		<MultiGeometry>
			<LineString>
				<tessellate>1</tessellate>
				<altitudeMode>absolute</altitudeMode>
				<coordinates>
					123.73761,37.325089,8107.679999999999 123.803993,37.285172,8107.679999999999 
				</coordinates>
			</LineString>
		</MultiGeometry>
	</Placemark>
	<Placemark>
		<name>P-552</name>
		<visibility>0</visibility>
		<description><![CDATA[<div><div><span><b>Altitude:</b></span> <span>26,600 ft</span></div>
<div><span><b>Speed:</b></span> <span>452 kt - 464 kt</span></div>
<div><span><b>Timestamp:</b></span><br/><span>2023-12-14 22:19:27 UTC<br/>2023-12-14 22:20:01 UTC</span></div>
</div>]]></description>
		<Style>
			<LineStyle>
				<color>ff0000ff</color>
				<width>2</width>
			</LineStyle>
		</Style>
		<MultiGeometry>
			<LineString>
				<tessellate>1</tessellate>
				<altitudeMode>absolute</altitudeMode>
				<coordinates>
					123.803993,37.285172,8107.679999999999 123.878036,37.245895,8107.679999999999 
				</coordinates>
			</LineString>
		</MultiGeometry>
	</Placemark>
	<Placemark>
		<name>P-553</name>
		<visibility>0</visibility>
		<description><![CDATA[<div><div><span><b>Altitude:</b></span> <span>26,600 ft</span></div>
<div><span><b>Speed:</b></span> <span>464 kt - 476 kt</span></div>
<div><span><b>Timestamp:</b></span><br/><span>2023-12-14 22:20:01 UTC<br/>2023-12-14 22:20:32 UTC</span></div>
</div>]]></description>
		<Style>
			<LineStyle>
				<color>ff0000ff</color>
				<width>2</width>
			</LineStyle>
		</Style>
		<MultiGeometry>
			<LineString>
				<tessellate>1</tessellate>
				<altitudeMode>absolute</altitudeMode>
				<coordinates>
					123.878036,37.245895,8107.679999999999 123.953781,37.216278,8107.679999999999 
				</coordinates>
			</LineString>
		</MultiGeometry>
	</Placemark>
	<Placemark>
		<name>P-554</name>
		<visibility>0</visibility>
		<description><![CDATA[<div><div><span><b>Altitude:</b></span> <span>26,600 ft - 26,375 ft</span></div>
<div><span><b>Speed:</b></span> <span>476 kt - 486 kt</span></div>
<div><span><b>Timestamp:</b></span><br/><span>2023-12-14 22:20:32 UTC<br/>2023-12-14 22:21:05 UTC</span></div>
</div>]]></description>
		<Style>
			<LineStyle>
				<color>ff0000ff</color>
				<width>2</width>
			</LineStyle>
		</Style>
		<MultiGeometry>
			<LineString>
				<tessellate>1</tessellate>
				<altitudeMode>absolute</altitudeMode>
				<coordinates>
					123.953781,37.216278,8107.679999999999 124.04155,37.192841,8039.099999999999 
				</coordinates>
			</LineString>
		</MultiGeometry>
	</Placemark>
	<Placemark>
		<name>P-555</name>
		<visibility>0</visibility>
		<description><![CDATA[<div><div><span><b>Altitude:</b></span> <span>26,375 ft - 25,825 ft</span></div>
<div><span><b>Speed:</b></span> <span>486 kt - 498 kt</span></div>
<div><span><b>Timestamp:</b></span><br/><span>2023-12-14 22:21:05 UTC<br/>2023-12-14 22:21:37 UTC</span></div>
</div>]]></description>
		<Style>
			<LineStyle>
				<color>ff0000ff</color>
				<width>2</width>
			</LineStyle>
		</Style>
		<MultiGeometry>
			<LineString>
				<tessellate>1</tessellate>
				<altitudeMode>absolute</altitudeMode>
				<coordinates>
					124.04155,37.192841,8039.099999999999 124.131714,37.179199,7871.459999999999 
				</coordinates>
			</LineString>
		</MultiGeometry>
	</Placemark>
	<Placemark>
		<name>P-556</name>
		<visibility>0</visibility>
		<description><![CDATA[<div><div><span><b>Altitude:</b></span> <span>25,825 ft - 25,050 ft</span></div>
<div><span><b>Speed:</b></span> <span>498 kt - 508 kt</span></div>
<div><span><b>Timestamp:</b></span><br/><span>2023-12-14 22:21:37 UTC<br/>2023-12-14 22:22:08 UTC</span></div>
</div>]]></description>
		<Style>
			<LineStyle>
				<color>ff0000ff</color>
				<width>2</width>
			</LineStyle>
		</Style>
		<MultiGeometry>
			<LineString>
				<tessellate>1</tessellate>
				<altitudeMode>absolute</altitudeMode>
				<coordinates>
					124.131714,37.179199,7871.459999999999 124.221214,37.175129,7635.239999999999 
				</coordinates>
			</LineString>
		</MultiGeometry>
	</Placemark>
	<Placemark>
		<name>P-557</name>
		<visibility>0</visibility>
		<description><![CDATA[<div><div><span><b>Altitude:</b></span> <span>25,050 ft - 24,350 ft</span></div>
<div><span><b>Speed:</b></span> <span>508 kt - 509 kt</span></div>
<div><span><b>Timestamp:</b></span><br/><span>2023-12-14 22:22:08 UTC<br/>2023-12-14 22:22:40 UTC</span></div>
</div>]]></description>
		<Style>
			<LineStyle>
				<color>ff0000ff</color>
				<width>2</width>
			</LineStyle>
		</Style>
		<MultiGeometry>
			<LineString>
				<tessellate>1</tessellate>
				<altitudeMode>absolute</altitudeMode>
				<coordinates>
					124.221214,37.175129,7635.239999999999 124.316559,37.178284,7421.879999999998 
				</coordinates>
			</LineString>
		</MultiGeometry>
	</Placemark>
	<Placemark>
		<name>P-558</name>
		<visibility>0</visibility>
		<description><![CDATA[<div><div><span><b>Altitude:</b></span> <span>24,350 ft - 23,625 ft</span></div>
<div><span><b>Speed:</b></span> <span>509 kt - 500 kt</span></div>
<div><span><b>Timestamp:</b></span><br/><span>2023-12-14 22:22:40 UTC<br/>2023-12-14 22:23:14 UTC</span></div>
</div>]]></description>
		<Style>
			<LineStyle>
				<color>ff001eff</color>
				<width>2</width>
			</LineStyle>
		</Style>
		<MultiGeometry>
			<LineString>
				<tessellate>1</tessellate>
				<altitudeMode>absolute</altitudeMode>
				<coordinates>
					124.316559,37.178284,7421.879999999998 124.414017,37.180714,7200.9 
				</coordinates>
			</LineString>
		</MultiGeometry>
	</Placemark>
	<Placemark>
		<name>P-559</name>
		<visibility>0</visibility>
		<description><![CDATA[<div><div><span><b>Altitude:</b></span> <span>23,625 ft - 22,975 ft</span></div>
<div><span><b>Speed:</b></span> <span>500 kt - 492 kt</span></div>
<div><span><b>Timestamp:</b></span><br/><span>2023-12-14 22:23:14 UTC<br/>2023-12-14 22:23:44 UTC</span></div>
</div>]]></description>
		<Style>
			<LineStyle>
				<color>ff001eff</color>
				<width>2</width>
			</LineStyle>
		</Style>
		<MultiGeometry>
			<LineString>
				<tessellate>1</tessellate>
				<altitudeMode>absolute</altitudeMode>
				<coordinates>
					124.414017,37.180714,7200.9 124.500053,37.182575,7002.78 
				</coordinates>
			</LineString>
		</MultiGeometry>
	</Placemark>
	<Placemark>
		<name>P-560</name>
		<visibility>0</visibility>
		<description><![CDATA[<div><div><span><b>Altitude:</b></span> <span>22,975 ft - 22,300 ft</span></div>
<div><span><b>Speed:</b></span> <span>492 kt - 482 kt</span></div>
<div><span><b>Timestamp:</b></span><br/><span>2023-12-14 22:23:44 UTC<br/>2023-12-14 22:24:16 UTC</span></div>
</div>]]></description>
		<Style>
			<LineStyle>
				<color>ff001eff</color>
				<width>2</width>
			</LineStyle>
		</Style>
		<MultiGeometry>
			<LineString>
				<tessellate>1</tessellate>
				<altitudeMode>absolute</altitudeMode>
				<coordinates>
					124.500053,37.182575,7002.78 124.590691,37.184624,6797.039999999999 
				</coordinates>
			</LineString>
		</MultiGeometry>
	</Placemark>
	<Placemark>
		<name>P-561</name>
		<visibility>0</visibility>
		<description><![CDATA[<div><div><span><b>Altitude:</b></span> <span>22,300 ft - 21,375 ft</span></div>
<div><span><b>Speed:</b></span> <span>482 kt - 478 kt</span></div>
<div><span><b>Timestamp:</b></span><br/><span>2023-12-14 22:24:16 UTC<br/>2023-12-14 22:24:59 UTC</span></div>
</div>]]></description>
		<Style>
			<LineStyle>
				<color>ff0030ff</color>
				<width>2</width>
			</LineStyle>
		</Style>
		<MultiGeometry>
			<LineString>
				<tessellate>1</tessellate>
				<altitudeMode>absolute</altitudeMode>
				<coordinates>
					124.590691,37.184624,6797.039999999999 124.710777,37.187027,6515.1 
				</coordinates>
			</LineString>
		</MultiGeometry>
	</Placemark>
	<Placemark>
		<name>P-562</name>
		<visibility>0</visibility>
		<description><![CDATA[<div><div><span><b>Altitude:</b></span> <span>21,375 ft - 20,600 ft</span></div>
<div><span><b>Speed:</b></span> <span>478 kt - 475 kt</span></div>
<div><span><b>Timestamp:</b></span><br/><span>2023-12-14 22:24:59 UTC<br/>2023-12-14 22:25:34 UTC</span></div>
</div>]]></description>
		<Style>
			<LineStyle>
				<color>ff0030ff</color>
				<width>2</width>
			</LineStyle>
		</Style>
		<MultiGeometry>
			<LineString>
				<tessellate>1</tessellate>
				<altitudeMode>absolute</altitudeMode>
				<coordinates>
					124.710777,37.187027,6515.1 124.808327,37.18914,6278.88 
				</coordinates>
			</LineString>
		</MultiGeometry>
	</Placemark>
	<Placemark>
		<name>P-563</name>
		<visibility>0</visibility>
		<description><![CDATA[<div><div><span><b>Altitude:</b></span> <span>20,600 ft - 19,875 ft</span></div>
<div><span><b>Speed:</b></span> <span>475 kt - 466 kt</span></div>
<div><span><b>Timestamp:</b></span><br/><span>2023-12-14 22:25:34 UTC<br/>2023-12-14 22:26:09 UTC</span></div>
</div>]]></description>
		<Style>
			<LineStyle>
				<color>ff0054ff</color>
				<width>2</width>
			</LineStyle>
		</Style>
		<MultiGeometry>
			<LineString>
				<tessellate>1</tessellate>
				<altitudeMode>absolute</altitudeMode>
				<coordinates>
					124.808327,37.18914,6278.88 124.901756,37.191238,6057.899999999999 
				</coordinates>
			</LineString>
		</MultiGeometry>
	</Placemark>
	<Placemark>
		<name>P-564</name>
		<visibility>0</visibility>
		<description><![CDATA[<div><div><span><b>Altitude:</b></span> <span>19,875 ft - 19,175 ft</span></div>
<div><span><b>Speed:</b></span> <span>466 kt - 453 kt</span></div>
<div><span><b>Timestamp:</b></span><br/><span>2023-12-14 22:26:09 UTC<br/>2023-12-14 22:26:42 UTC</span></div>
</div>]]></description>
		<Style>
			<LineStyle>
				<color>ff0054ff</color>
				<width>2</width>
			</LineStyle>
		</Style>
		<MultiGeometry>
			<LineString>
				<tessellate>1</tessellate>
				<altitudeMode>absolute</altitudeMode>
				<coordinates>
					124.901756,37.191238,6057.899999999999 124.988708,37.192795,5844.539999999999 
				</coordinates>
			</LineString>
		</MultiGeometry>
	</Placemark>
	<Placemark>
		<name>P-565</name>
		<visibility>0</visibility>
		<description><![CDATA[<div><div><span><b>Altitude:</b></span> <span>19,175 ft - 18,225 ft</span></div>
<div><span><b>Speed:</b></span> <span>453 kt - 445 kt</span></div>
<div><span><b>Timestamp:</b></span><br/><span>2023-12-14 22:26:42 UTC<br/>2023-12-14 22:27:26 UTC</span></div>
</div>]]></description>
		<Style>
			<LineStyle>
				<color>ff0078ff</color>
				<width>2</width>
			</LineStyle>
		</Style>
		<MultiGeometry>
			<LineString>
				<tessellate>1</tessellate>
				<altitudeMode>absolute</altitudeMode>
				<coordinates>
					124.988708,37.192795,5844.539999999999 125.104179,37.194717,5554.98 
				</coordinates>
			</LineString>
		</MultiGeometry>
	</Placemark>
	<Placemark>
		<name>P-566</name>
		<visibility>0</visibility>
		<description><![CDATA[<div><div><span><b>Altitude:</b></span> <span>18,225 ft - 17,575 ft</span></div>
<div><span><b>Speed:</b></span> <span>445 kt - 446 kt</span></div>
<div><span><b>Timestamp:</b></span><br/><span>2023-12-14 22:27:26 UTC<br/>2023-12-14 22:27:57 UTC</span></div>
</div>]]></description>
		<Style>
			<LineStyle>
				<color>ff0078ff</color>
				<width>2</width>
			</LineStyle>
		</Style>
		<MultiGeometry>
			<LineString>
				<tessellate>1</tessellate>
				<altitudeMode>absolute</altitudeMode>
				<coordinates>
					125.104179,37.194717,5554.98 125.182663,37.195953,5356.86 
				</coordinates>
			</LineString>
		</MultiGeometry>
	</Placemark>
	<Placemark>
		<name>P-567</name>
		<visibility>0</visibility>
		<description><![CDATA[<div><div><span><b>Altitude:</b></span> <span>17,575 ft - 17,025 ft</span></div>
<div><span><b>Speed:</b></span> <span>446 kt - 447 kt</span></div>
<div><span><b>Timestamp:</b></span><br/><span>2023-12-14 22:27:57 UTC<br/>2023-12-14 22:28:30 UTC</span></div>
</div>]]></description>
		<Style>
			<LineStyle>
				<color>ff0096ff</color>
				<width>2</width>
			</LineStyle>
		</Style>
		<MultiGeometry>
			<LineString>
				<tessellate>1</tessellate>
				<altitudeMode>absolute</altitudeMode>
				<coordinates>
					125.182663,37.195953,5356.86 125.26915,37.197464,5189.22 
				</coordinates>
			</LineString>
		</MultiGeometry>
	</Placemark>
	<Placemark>
		<name>P-568</name>
		<visibility>0</visibility>
		<description><![CDATA[<div><div><span><b>Altitude:</b></span> <span>17,025 ft - 17,000 ft</span></div>
<div><span><b>Speed:</b></span> <span>447 kt - 452 kt</span></div>
<div><span><b>Timestamp:</b></span><br/><span>2023-12-14 22:28:30 UTC<br/>2023-12-14 22:29:00 UTC</span></div>
</div>]]></description>
		<Style>
			<LineStyle>
				<color>ff0096ff</color>
				<width>2</width>
			</LineStyle>
		</Style>
		<MultiGeometry>
			<LineString>
				<tessellate>1</tessellate>
				<altitudeMode>absolute</altitudeMode>
				<coordinates>
					125.26915,37.197464,5189.22 125.347633,37.198929,5181.599999999999 
				</coordinates>
			</LineString>
		</MultiGeometry>
	</Placemark>
	<Placemark>
		<name>P-569</name>
		<visibility>0</visibility>
		<description><![CDATA[<div><div><span><b>Altitude:</b></span> <span>17,000 ft</span></div>
<div><span><b>Speed:</b></span> <span>452 kt - 454 kt</span></div>
<div><span><b>Timestamp:</b></span><br/><span>2023-12-14 22:29:00 UTC<br/>2023-12-14 22:29:34 UTC</span></div>
</div>]]></description>
		<Style>
			<LineStyle>
				<color>ff0096ff</color>
				<width>2</width>
			</LineStyle>
		</Style>
		<MultiGeometry>
			<LineString>
				<tessellate>1</tessellate>
				<altitudeMode>absolute</altitudeMode>
				<coordinates>
					125.347633,37.198929,5181.599999999999 125.436043,37.200264,5181.599999999999 
				</coordinates>
			</LineString>
		</MultiGeometry>
	</Placemark>
	<Placemark>
		<name>P-570</name>
		<visibility>0</visibility>
		<description><![CDATA[<div><div><span><b>Altitude:</b></span> <span>17,000 ft - 16,925 ft</span></div>
<div><span><b>Speed:</b></span> <span>454 kt - 446 kt</span></div>
<div><span><b>Timestamp:</b></span><br/><span>2023-12-14 22:29:34 UTC<br/>2023-12-14 22:30:10 UTC</span></div>
</div>]]></description>
		<Style>
			<LineStyle>
				<color>ff0096ff</color>
				<width>2</width>
			</LineStyle>
		</Style>
		<MultiGeometry>
			<LineString>
				<tessellate>1</tessellate>
				<altitudeMode>absolute</altitudeMode>
				<coordinates>
					125.436043,37.200264,5181.599999999999 125.529846,37.197418,5158.739999999999 
				</coordinates>
			</LineString>
		</MultiGeometry>
	</Placemark>
	<Placemark>
		<name>P-571</name>
		<visibility>0</visibility>
		<description><![CDATA[<div><div><span><b>Altitude:</b></span> <span>16,925 ft - 16,300 ft</span></div>
<div><span><b>Speed:</b></span> <span>446 kt - 450 kt</span></div>
<div><span><b>Timestamp:</b></span><br/><span>2023-12-14 22:30:10 UTC<br/>2023-12-14 22:30:43 UTC</span></div>
</div>]]></description>
		<Style>
			<LineStyle>
				<color>ff0096ff</color>
				<width>2</width>
			</LineStyle>
		</Style>
		<MultiGeometry>
			<LineString>
				<tessellate>1</tessellate>
				<altitudeMode>absolute</altitudeMode>
				<coordinates>
					125.529846,37.197418,5158.739999999999 125.616562,37.202591,4968.24 
				</coordinates>
			</LineString>
		</MultiGeometry>
	</Placemark>
	<Placemark>
		<name>P-572</name>
		<visibility>0</visibility>
		<description><![CDATA[<div><div><span><b>Altitude:</b></span> <span>16,300 ft - 15,700 ft</span></div>
<div><span><b>Speed:</b></span> <span>450 kt - 435 kt</span></div>
<div><span><b>Timestamp:</b></span><br/><span>2023-12-14 22:30:43 UTC<br/>2023-12-14 22:31:14 UTC</span></div>
</div>]]></description>
		<Style>
			<LineStyle>
				<color>ff00a8ff</color>
				<width>2</width>
			</LineStyle>
		</Style>
		<MultiGeometry>
			<LineString>
				<tessellate>1</tessellate>
				<altitudeMode>absolute</altitudeMode>
				<coordinates>
					125.616562,37.202591,4968.24 125.695984,37.207855,4785.359999999999 
				</coordinates>
			</LineString>
		</MultiGeometry>
	</Placemark>
	<Placemark>
		<name>P-573</name>
		<visibility>0</visibility>
		<description><![CDATA[<div><div><span><b>Altitude:</b></span> <span>15,700 ft - 14,950 ft</span></div>
<div><span><b>Speed:</b></span> <span>435 kt - 416 kt</span></div>
<div><span><b>Timestamp:</b></span><br/><span>2023-12-14 22:31:14 UTC<br/>2023-12-14 22:31:48 UTC</span></div>
</div>]]></description>
		<Style>
			<LineStyle>
				<color>ff00a8ff</color>
				<width>2</width>
			</LineStyle>
		</Style>
		<MultiGeometry>
			<LineString>
				<tessellate>1</tessellate>
				<altitudeMode>absolute</altitudeMode>
				<coordinates>
					125.695984,37.207855,4785.359999999999 125.775185,37.212929,4556.76 
				</coordinates>
			</LineString>
		</MultiGeometry>
	</Placemark>
	<Placemark>
		<name>P-574</name>
		<visibility>0</visibility>
		<description><![CDATA[<div><div><span><b>Altitude:</b></span> <span>14,950 ft - 13,750 ft</span></div>
<div><span><b>Speed:</b></span> <span>416 kt - 402 kt</span></div>
<div><span><b>Timestamp:</b></span><br/><span>2023-12-14 22:31:48 UTC<br/>2023-12-14 22:32:17 UTC</span></div>
</div>]]></description>
		<Style>
			<LineStyle>
				<color>ff00a8ff</color>
				<width>2</width>
			</LineStyle>
		</Style>
		<MultiGeometry>
			<LineString>
				<tessellate>1</tessellate>
				<altitudeMode>absolute</altitudeMode>
				<coordinates>
					125.775185,37.212929,4556.76 125.843483,37.217606,4190.999999999999 
				</coordinates>
			</LineString>
		</MultiGeometry>
	</Placemark>
	<Placemark>
		<name>P-575</name>
		<visibility>0</visibility>
		<description><![CDATA[<div><div><span><b>Altitude:</b></span> <span>13,750 ft - 12,075 ft</span></div>
<div><span><b>Speed:</b></span> <span>402 kt - 394 kt</span></div>
<div><span><b>Timestamp:</b></span><br/><span>2023-12-14 22:32:17 UTC<br/>2023-12-14 22:32:51 UTC</span></div>
</div>]]></description>
		<Style>
			<LineStyle>
				<color>ff00c0ff</color>
				<width>2</width>
			</LineStyle>
		</Style>
		<MultiGeometry>
			<LineString>
				<tessellate>1</tessellate>
				<altitudeMode>absolute</altitudeMode>
				<coordinates>
					125.843483,37.217606,4190.999999999999 125.923561,37.223961,3680.46 
				</coordinates>
			</LineString>
		</MultiGeometry>
	</Placemark>
	<Placemark>
		<name>P-576</name>
		<visibility>0</visibility>
		<description><![CDATA[<div><div><span><b>Altitude:</b></span> <span>12,075 ft - 11,425 ft</span></div>
<div><span><b>Speed:</b></span> <span>394 kt - 378 kt</span></div>
<div><span><b>Timestamp:</b></span><br/><span>2023-12-14 22:32:51 UTC<br/>2023-12-14 22:33:10 UTC</span></div>
</div>]]></description>
		<Style>
			<LineStyle>
				<color>ff00eaff</color>
				<width>2</width>
			</LineStyle>
		</Style>
		<MultiGeometry>
			<LineString>
				<tessellate>1</tessellate>
				<altitudeMode>absolute</altitudeMode>
				<coordinates>
					125.923561,37.223961,3680.46 125.966667,37.224052,3482.34 
				</coordinates>
			</LineString>
		</MultiGeometry>
	</Placemark>
	<Placemark>
		<name>P-577</name>
		<visibility>0</visibility>
		<description><![CDATA[<div><div><span><b>Altitude:</b></span> <span>11,425 ft - 11,350 ft</span></div>
<div><span><b>Speed:</b></span> <span>378 kt - 375 kt</span></div>
<div><span><b>Timestamp:</b></span><br/><span>2023-12-14 22:33:10 UTC<br/>2023-12-14 22:33:13 UTC</span></div>
</div>]]></description>
		<Style>
			<LineStyle>
				<color>ff00ffe4</color>
				<width>2</width>
			</LineStyle>
		</Style>
		<MultiGeometry>
			<LineString>
				<tessellate>1</tessellate>
				<altitudeMode>absolute</altitudeMode>
				<coordinates>
					125.966667,37.224052,3482.34 125.972977,37.223511,3459.48 
				</coordinates>
			</LineString>
		</MultiGeometry>
	</Placemark>
	<Placemark>
		<name>P-578</name>
		<visibility>0</visibility>
		<description><![CDATA[<div><div><span><b>Altitude:</b></span> <span>11,350 ft - 11,325 ft</span></div>
<div><span><b>Speed:</b></span> <span>375 kt - 372 kt</span></div>
<div><span><b>Timestamp:</b></span><br/><span>2023-12-14 22:33:13 UTC<br/>2023-12-14 22:33:15 UTC</span></div>
</div>]]></description>
		<Style>
			<LineStyle>
				<color>ff00ffe4</color>
				<width>2</width>
			</LineStyle>
		</Style>
		<MultiGeometry>
			<LineString>
				<tessellate>1</tessellate>
				<altitudeMode>absolute</altitudeMode>
				<coordinates>
					125.972977,37.223511,3459.48 125.976837,37.223099,3451.86 
				</coordinates>
			</LineString>
		</MultiGeometry>
	</Placemark>
	<Placemark>
		<name>P-579</name>
		<visibility>0</visibility>
		<description><![CDATA[<div><div><span><b>Altitude:</b></span> <span>11,325 ft - 11,200 ft</span></div>
<div><span><b>Speed:</b></span> <span>372 kt - 365 kt</span></div>
<div><span><b>Timestamp:</b></span><br/><span>2023-12-14 22:33:15 UTC<br/>2023-12-14 22:33:20 UTC</span></div>
</div>]]></description>
		<Style>
			<LineStyle>
				<color>ff00ffe4</color>
				<width>2</width>
			</LineStyle>
		</Style>
		<MultiGeometry>
			<LineString>
				<tessellate>1</tessellate>
				<altitudeMode>absolute</altitudeMode>
				<coordinates>
					125.976837,37.223099,3451.86 125.988464,37.221867,3413.76 
				</coordinates>
			</LineString>
		</MultiGeometry>
	</Placemark>
	<Placemark>
		<name>P-580</name>
		<visibility>0</visibility>
		<description><![CDATA[<div><div><span><b>Altitude:</b></span> <span>11,200 ft - 11,150 ft</span></div>
<div><span><b>Speed:</b></span> <span>365 kt - 362 kt</span></div>
<div><span><b>Timestamp:</b></span><br/><span>2023-12-14 22:33:20 UTC<br/>2023-12-14 22:33:23 UTC</span></div>
</div>]]></description>
		<Style>
			<LineStyle>
				<color>ff00ffe4</color>
				<width>2</width>
			</LineStyle>
		</Style>
		<MultiGeometry>
			<LineString>
				<tessellate>1</tessellate>
				<altitudeMode>absolute</altitudeMode>
				<coordinates>
					125.988464,37.221867,3413.76 125.994423,37.221176,3398.52 
				</coordinates>
			</LineString>
		</MultiGeometry>
	</Placemark>
	<Placemark>
		<name>P-581</name>
		<visibility>0</visibility>
		<description><![CDATA[<div><div><span><b>Altitude:</b></span> <span>11,150 ft - 11,125 ft</span></div>
<div><span><b>Speed:</b></span> <span>362 kt - 358 kt</span></div>
<div><span><b>Timestamp:</b></span><br/><span>2023-12-14 22:33:23 UTC<br/>2023-12-14 22:33:26 UTC</span></div>
</div>]]></description>
		<Style>
			<LineStyle>
				<color>ff00ffe4</color>
				<width>2</width>
			</LineStyle>
		</Style>
		<MultiGeometry>
			<LineString>
				<tessellate>1</tessellate>
				<altitudeMode>absolute</altitudeMode>
				<coordinates>
					125.994423,37.221176,3398.52 125.997543,37.220795,3390.900000000001 
				</coordinates>
			</LineString>
		</MultiGeometry>
	</Placemark>
	<Placemark>
		<name>P-582</name>
		<visibility>0</visibility>
		<description><![CDATA[<div><div><span><b>Altitude:</b></span> <span>11,125 ft - 11,025 ft</span></div>
<div><span><b>Speed:</b></span> <span>358 kt - 356 kt</span></div>
<div><span><b>Timestamp:</b></span><br/><span>2023-12-14 22:33:26 UTC<br/>2023-12-14 22:33:29 UTC</span></div>
</div>]]></description>
		<Style>
			<LineStyle>
				<color>ff00ffe4</color>
				<width>2</width>
			</LineStyle>
		</Style>
		<MultiGeometry>
			<LineString>
				<tessellate>1</tessellate>
				<altitudeMode>absolute</altitudeMode>
				<coordinates>
					125.997543,37.220795,3390.900000000001 126.006752,37.219711,3360.42 
				</coordinates>
			</LineString>
		</MultiGeometry>
	</Placemark>
	<Placemark>
		<name>P-583</name>
		<visibility>0</visibility>
		<description><![CDATA[<div><div><span><b>Altitude:</b></span> <span>11,025 ft - 10,750 ft</span></div>
<div><span><b>Speed:</b></span> <span>356 kt - 340 kt</span></div>
<div><span><b>Timestamp:</b></span><br/><span>2023-12-14 22:33:29 UTC<br/>2023-12-14 22:33:45 UTC</span></div>
</div>]]></description>
		<Style>
			<LineStyle>
				<color>ff00ffe4</color>
				<width>2</width>
			</LineStyle>
		</Style>
		<MultiGeometry>
			<LineString>
				<tessellate>1</tessellate>
				<altitudeMode>absolute</altitudeMode>
				<coordinates>
					126.006752,37.219711,3360.42 126.037025,37.216049,3276.599999999999 
				</coordinates>
			</LineString>
		</MultiGeometry>
	</Placemark>
	<Placemark>
		<name>P-584</name>
		<visibility>0</visibility>
		<description><![CDATA[<div><div><span><b>Altitude:</b></span> <span>10,750 ft - 10,425 ft</span></div>
<div><span><b>Speed:</b></span> <span>340 kt - 330 kt</span></div>
<div><span><b>Timestamp:</b></span><br/><span>2023-12-14 22:33:45 UTC<br/>2023-12-14 22:34:00 UTC</span></div>
</div>]]></description>
		<Style>
			<LineStyle>
				<color>ff00ffe4</color>
				<width>2</width>
			</LineStyle>
		</Style>
		<MultiGeometry>
			<LineString>
				<tessellate>1</tessellate>
				<altitudeMode>absolute</altitudeMode>
				<coordinates>
					126.037025,37.216049,3276.599999999999 126.067039,37.212509,3177.54 
				</coordinates>
			</LineString>
		</MultiGeometry>
	</Placemark>
	<Placemark>
		<name>P-585</name>
		<visibility>0</visibility>
		<description><![CDATA[<div><div><span><b>Altitude:</b></span> <span>10,425 ft - 9,950 ft</span></div>
<div><span><b>Speed:</b></span> <span>330 kt - 325 kt</span></div>
<div><span><b>Timestamp:</b></span><br/><span>2023-12-14 22:34:00 UTC<br/>2023-12-14 22:34:16 UTC</span></div>
</div>]]></description>
		<Style>
			<LineStyle>
				<color>ff00ffe4</color>
				<width>2</width>
			</LineStyle>
		</Style>
		<MultiGeometry>
			<LineString>
				<tessellate>1</tessellate>
				<altitudeMode>absolute</altitudeMode>
				<coordinates>
					126.067039,37.212509,3177.54 126.095345,37.209389,3032.76 
				</coordinates>
			</LineString>
		</MultiGeometry>
	</Placemark>
	<Placemark>
		<name>P-586</name>
		<visibility>0</visibility>
		<description><![CDATA[<div><div><span><b>Altitude:</b></span> <span>9,950 ft - 9,525 ft</span></div>
<div><span><b>Speed:</b></span> <span>325 kt - 322 kt</span></div>
<div><span><b>Timestamp:</b></span><br/><span>2023-12-14 22:34:16 UTC<br/>2023-12-14 22:34:31 UTC</span></div>
</div>]]></description>
		<Style>
			<LineStyle>
				<color>ff00ffe4</color>
				<width>2</width>
			</LineStyle>
		</Style>
		<MultiGeometry>
			<LineString>
				<tessellate>1</tessellate>
				<altitudeMode>absolute</altitudeMode>
				<coordinates>
					126.095345,37.209389,3032.76 126.123764,37.206272,2903.219999999999 
				</coordinates>
			</LineString>
		</MultiGeometry>
	</Placemark>
	<Placemark>
		<name>P-587</name>
		<visibility>0</visibility>
		<description><![CDATA[<div><div><span><b>Altitude:</b></span> <span>9,525 ft - 9,175 ft</span></div>
<div><span><b>Speed:</b></span> <span>322 kt - 321 kt</span></div>
<div><span><b>Timestamp:</b></span><br/><span>2023-12-14 22:34:31 UTC<br/>2023-12-14 22:34:46 UTC</span></div>
</div>]]></description>
		<Style>
			<LineStyle>
				<color>ff00ffd2</color>
				<width>2</width>
			</LineStyle>
		</Style>
		<MultiGeometry>
			<LineString>
				<tessellate>1</tessellate>
				<altitudeMode>absolute</altitudeMode>
				<coordinates>
					126.123764,37.206272,2903.219999999999 126.151825,37.203197,2796.54 
				</coordinates>
			</LineString>
		</MultiGeometry>
	</Placemark>
	<Placemark>
		<name>P-588</name>
		<visibility>0</visibility>
		<description><![CDATA[<div><div><span><b>Altitude:</b></span> <span>9,175 ft - 9,075 ft</span></div>
<div><span><b>Speed:</b></span> <span>321 kt - 325 kt</span></div>
<div><span><b>Timestamp:</b></span><br/><span>2023-12-14 22:34:46 UTC<br/>2023-12-14 22:35:01 UTC</span></div>
</div>]]></description>
		<Style>
			<LineStyle>
				<color>ff00ffd2</color>
				<width>2</width>
			</LineStyle>
		</Style>
		<MultiGeometry>
			<LineString>
				<tessellate>1</tessellate>
				<altitudeMode>absolute</altitudeMode>
				<coordinates>
					126.151825,37.203197,2796.54 126.179054,37.200264,2766.059999999999 
				</coordinates>
			</LineString>
		</MultiGeometry>
	</Placemark>
	<Placemark>
		<name>P-589</name>
		<visibility>0</visibility>
		<description><![CDATA[<div><div><span><b>Altitude:</b></span> <span>9,075 ft - 9,050 ft</span></div>
<div><span><b>Speed:</b></span> <span>325 kt - 327 kt</span></div>
<div><span><b>Timestamp:</b></span><br/><span>2023-12-14 22:35:01 UTC<br/>2023-12-14 22:35:13 UTC</span></div>
</div>]]></description>
		<Style>
			<LineStyle>
				<color>ff00ffd2</color>
				<width>2</width>
			</LineStyle>
		</Style>
		<MultiGeometry>
			<LineString>
				<tessellate>1</tessellate>
				<altitudeMode>absolute</altitudeMode>
				<coordinates>
					126.179054,37.200264,2766.059999999999 126.201935,37.197876,2758.44 
				</coordinates>
			</LineString>
		</MultiGeometry>
	</Placemark>
	<Placemark>
		<name>P-590</name>
		<visibility>0</visibility>
		<description><![CDATA[<div><div><span><b>Altitude:</b></span> <span>9,050 ft</span></div>
<div><span><b>Speed:</b></span> <span>327 kt - 325 kt</span></div>
<div><span><b>Timestamp:</b></span><br/><span>2023-12-14 22:35:13 UTC<br/>2023-12-14 22:35:29 UTC</span></div>
</div>]]></description>
		<Style>
			<LineStyle>
				<color>ff00ffd2</color>
				<width>2</width>
			</LineStyle>
		</Style>
		<MultiGeometry>
			<LineString>
				<tessellate>1</tessellate>
				<altitudeMode>absolute</altitudeMode>
				<coordinates>
					126.201935,37.197876,2758.44 126.231682,37.194809,2758.44 
				</coordinates>
			</LineString>
		</MultiGeometry>
	</Placemark>
	<Placemark>
		<name>P-591</name>
		<visibility>0</visibility>
		<description><![CDATA[<div><div><span><b>Altitude:</b></span> <span>9,050 ft - 9,075 ft</span></div>
<div><span><b>Speed:</b></span> <span>325 kt - 322 kt</span></div>
<div><span><b>Timestamp:</b></span><br/><span>2023-12-14 22:35:29 UTC<br/>2023-12-14 22:35:44 UTC</span></div>
</div>]]></description>
		<Style>
			<LineStyle>
				<color>ff00ffd2</color>
				<width>2</width>
			</LineStyle>
		</Style>
		<MultiGeometry>
			<LineString>
				<tessellate>1</tessellate>
				<altitudeMode>absolute</altitudeMode>
				<coordinates>
					126.231682,37.194809,2758.44 126.25985,37.191971,2766.059999999999 
				</coordinates>
			</LineString>
		</MultiGeometry>
	</Placemark>
	<Placemark>
		<name>P-592</name>
		<visibility>0</visibility>
		<description><![CDATA[<div><div><span><b>Altitude:</b></span> <span>9,075 ft</span></div>
<div><span><b>Speed:</b></span> <span>322 kt</span></div>
<div><span><b>Timestamp:</b></span><br/><span>2023-12-14 22:35:44 UTC<br/>2023-12-14 22:35:59 UTC</span></div>
</div>]]></description>
		<Style>
			<LineStyle>
				<color>ff00ffd2</color>
				<width>2</width>
			</LineStyle>
		</Style>
		<MultiGeometry>
			<LineString>
				<tessellate>1</tessellate>
				<altitudeMode>absolute</altitudeMode>
				<coordinates>
					126.25985,37.191971,2766.059999999999 126.288078,37.189133,2766.059999999999 
				</coordinates>
			</LineString>
		</MultiGeometry>
	</Placemark>
	<Placemark>
		<name>P-593</name>
		<visibility>0</visibility>
		<description><![CDATA[<div><div><span><b>Altitude:</b></span> <span>9,075 ft</span></div>
<div><span><b>Speed:</b></span> <span>322 kt - 320 kt</span></div>
<div><span><b>Timestamp:</b></span><br/><span>2023-12-14 22:35:59 UTC<br/>2023-12-14 22:36:14 UTC</span></div>
</div>]]></description>
		<Style>
			<LineStyle>
				<color>ff00ffd2</color>
				<width>2</width>
			</LineStyle>
		</Style>
		<MultiGeometry>
			<LineString>
				<tessellate>1</tessellate>
				<altitudeMode>absolute</altitudeMode>
				<coordinates>
					126.288078,37.189133,2766.059999999999 126.315842,37.186253,2766.059999999999 
				</coordinates>
			</LineString>
		</MultiGeometry>
	</Placemark>
	<Placemark>
		<name>P-594</name>
		<visibility>0</visibility>
		<description><![CDATA[<div><div><span><b>Altitude:</b></span> <span>9,075 ft - 9,050 ft</span></div>
<div><span><b>Speed:</b></span> <span>320 kt</span></div>
<div><span><b>Timestamp:</b></span><br/><span>2023-12-14 22:36:14 UTC<br/>2023-12-14 22:36:26 UTC</span></div>
</div>]]></description>
		<Style>
			<LineStyle>
				<color>ff00ffd2</color>
				<width>2</width>
			</LineStyle>
		</Style>
		<MultiGeometry>
			<LineString>
				<tessellate>1</tessellate>
				<altitudeMode>absolute</altitudeMode>
				<coordinates>
					126.315842,37.186253,2766.059999999999 126.338394,37.183868,2758.44 
				</coordinates>
			</LineString>
		</MultiGeometry>
	</Placemark>
	<Placemark>
		<name>P-595</name>
		<visibility>0</visibility>
		<description><![CDATA[<div><div><span><b>Altitude:</b></span> <span>9,050 ft</span></div>
<div><span><b>Speed:</b></span> <span>320 kt - 324 kt</span></div>
<div><span><b>Timestamp:</b></span><br/><span>2023-12-14 22:36:26 UTC<br/>2023-12-14 22:36:41 UTC</span></div>
</div>]]></description>
		<Style>
			<LineStyle>
				<color>ff00ffd2</color>
				<width>2</width>
			</LineStyle>
		</Style>
		<MultiGeometry>
			<LineString>
				<tessellate>1</tessellate>
				<altitudeMode>absolute</altitudeMode>
				<coordinates>
					126.338394,37.183868,2758.44 126.365974,37.1819,2758.44 
				</coordinates>
			</LineString>
		</MultiGeometry>
	</Placemark>
	<Placemark>
		<name>P-596</name>
		<visibility>0</visibility>
		<description><![CDATA[<div><div><span><b>Altitude:</b></span> <span>9,050 ft</span></div>
<div><span><b>Speed:</b></span> <span>324 kt - 325 kt</span></div>
<div><span><b>Timestamp:</b></span><br/><span>2023-12-14 22:36:41 UTC<br/>2023-12-14 22:36:44 UTC</span></div>
</div>]]></description>
		<Style>
			<LineStyle>
				<color>ff00ffd2</color>
				<width>2</width>
			</LineStyle>
		</Style>
		<MultiGeometry>
			<LineString>
				<tessellate>1</tessellate>
				<altitudeMode>absolute</altitudeMode>
				<coordinates>
					126.365974,37.1819,2758.44 126.371872,37.18222,2758.44 
				</coordinates>
			</LineString>
		</MultiGeometry>
	</Placemark>
	<Placemark>
		<name>P-597</name>
		<visibility>0</visibility>
		<description><![CDATA[<div><div><span><b>Altitude:</b></span> <span>9,050 ft</span></div>
<div><span><b>Speed:</b></span> <span>325 kt - 330 kt</span></div>
<div><span><b>Timestamp:</b></span><br/><span>2023-12-14 22:36:44 UTC<br/>2023-12-14 22:36:48 UTC</span></div>
</div>]]></description>
		<Style>
			<LineStyle>
				<color>ff00ffd2</color>
				<width>2</width>
			</LineStyle>
		</Style>
		<MultiGeometry>
			<LineString>
				<tessellate>1</tessellate>
				<altitudeMode>absolute</altitudeMode>
				<coordinates>
					126.371872,37.18222,2758.44 126.378128,37.182999,2758.44 
				</coordinates>
			</LineString>
		</MultiGeometry>
	</Placemark>
	<Placemark>
		<name>P-598</name>
		<visibility>0</visibility>
		<description><![CDATA[<div><div><span><b>Altitude:</b></span> <span>9,050 ft</span></div>
<div><span><b>Speed:</b></span> <span>330 kt - 331 kt</span></div>
<div><span><b>Timestamp:</b></span><br/><span>2023-12-14 22:36:48 UTC<br/>2023-12-14 22:36:50 UTC</span></div>
</div>]]></description>
		<Style>
			<LineStyle>
				<color>ff00ffd2</color>
				<width>2</width>
			</LineStyle>
		</Style>
		<MultiGeometry>
			<LineString>
				<tessellate>1</tessellate>
				<altitudeMode>absolute</altitudeMode>
				<coordinates>
					126.378128,37.182999,2758.44 126.383385,37.184006,2758.44 
				</coordinates>
			</LineString>
		</MultiGeometry>
	</Placemark>
	<Placemark>
		<name>P-599</name>
		<visibility>0</visibility>
		<description><![CDATA[<div><div><span><b>Altitude:</b></span> <span>9,050 ft</span></div>
<div><span><b>Speed:</b></span> <span>331 kt - 332 kt</span></div>
<div><span><b>Timestamp:</b></span><br/><span>2023-12-14 22:36:50 UTC<br/>2023-12-14 22:36:54 UTC</span></div>
</div>]]></description>
		<Style>
			<LineStyle>
				<color>ff00ffd2</color>
				<width>2</width>
			</LineStyle>
		</Style>
		<MultiGeometry>
			<LineString>
				<tessellate>1</tessellate>
				<altitudeMode>absolute</altitudeMode>
				<coordinates>
					126.383385,37.184006,2758.44 126.388527,37.185333,2758.44 
				</coordinates>
			</LineString>
		</MultiGeometry>
	</Placemark>
	<Placemark>
		<name>P-600</name>
		<visibility>0</visibility>
		<description><![CDATA[<div><div><span><b>Altitude:</b></span> <span>9,050 ft</span></div>
<div><span><b>Speed:</b></span> <span>332 kt - 334 kt</span></div>
<div><span><b>Timestamp:</b></span><br/><span>2023-12-14 22:36:54 UTC<br/>2023-12-14 22:36:57 UTC</span></div>
</div>]]></description>
		<Style>
			<LineStyle>
				<color>ff00ffd2</color>
				<width>2</width>
			</LineStyle>
		</Style>
		<MultiGeometry>
			<LineString>
				<tessellate>1</tessellate>
				<altitudeMode>absolute</altitudeMode>
				<coordinates>
					126.388527,37.185333,2758.44 126.394302,37.187138,2758.44 
				</coordinates>
			</LineString>
		</MultiGeometry>
	</Placemark>
	<Placemark>
		<name>P-601</name>
		<visibility>0</visibility>
		<description><![CDATA[<div><div><span><b>Altitude:</b></span> <span>9,050 ft - 9,075 ft</span></div>
<div><span><b>Speed:</b></span> <span>334 kt - 333 kt</span></div>
<div><span><b>Timestamp:</b></span><br/><span>2023-12-14 22:36:57 UTC<br/>2023-12-14 22:36:59 UTC</span></div>
</div>]]></description>
		<Style>
			<LineStyle>
				<color>ff00ffd2</color>
				<width>2</width>
			</LineStyle>
		</Style>
		<MultiGeometry>
			<LineString>
				<tessellate>1</tessellate>
				<altitudeMode>absolute</altitudeMode>
				<coordinates>
					126.394302,37.187138,2758.44 126.39975,37.189133,2766.059999999999 
				</coordinates>
			</LineString>
		</MultiGeometry>
	</Placemark>
	<Placemark>
		<name>P-602</name>
		<visibility>0</visibility>
		<description><![CDATA[<div><div><span><b>Altitude:</b></span> <span>9,075 ft</span></div>
<div><span><b>Speed:</b></span> <span>333 kt - 334 kt</span></div>
<div><span><b>Timestamp:</b></span><br/><span>2023-12-14 22:36:59 UTC<br/>2023-12-14 22:37:03 UTC</span></div>
</div>]]></description>
		<Style>
			<LineStyle>
				<color>ff00ffd2</color>
				<width>2</width>
			</LineStyle>
		</Style>
		<MultiGeometry>
			<LineString>
				<tessellate>1</tessellate>
				<altitudeMode>absolute</altitudeMode>
				<coordinates>
					126.39975,37.189133,2766.059999999999 126.405106,37.19128,2766.059999999999 
				</coordinates>
			</LineString>
		</MultiGeometry>
	</Placemark>
	<Placemark>
		<name>P-603</name>
		<visibility>0</visibility>
		<description><![CDATA[<div><div><span><b>Altitude:</b></span> <span>9,075 ft</span></div>
<div><span><b>Speed:</b></span> <span>334 kt</span></div>
<div><span><b>Timestamp:</b></span><br/><span>2023-12-14 22:37:03 UTC<br/>2023-12-14 22:37:06 UTC</span></div>
</div>]]></description>
		<Style>
			<LineStyle>
				<color>ff00ffd2</color>
				<width>2</width>
			</LineStyle>
		</Style>
		<MultiGeometry>
			<LineString>
				<tessellate>1</tessellate>
				<altitudeMode>absolute</altitudeMode>
				<coordinates>
					126.405106,37.19128,2766.059999999999 126.410545,37.193516,2766.059999999999 
				</coordinates>
			</LineString>
		</MultiGeometry>
	</Placemark>
	<Placemark>
		<name>P-604</name>
		<visibility>0</visibility>
		<description><![CDATA[<div><div><span><b>Altitude:</b></span> <span>9,075 ft</span></div>
<div><span><b>Speed:</b></span> <span>334 kt</span></div>
<div><span><b>Timestamp:</b></span><br/><span>2023-12-14 22:37:06 UTC<br/>2023-12-14 22:37:09 UTC</span></div>
</div>]]></description>
		<Style>
			<LineStyle>
				<color>ff00ffd2</color>
				<width>2</width>
			</LineStyle>
		</Style>
		<MultiGeometry>
			<LineString>
				<tessellate>1</tessellate>
				<altitudeMode>absolute</altitudeMode>
				<coordinates>
					126.410545,37.193516,2766.059999999999 126.414772,37.195267,2766.059999999999 
				</coordinates>
			</LineString>
		</MultiGeometry>
	</Placemark>
	<Placemark>
		<name>P-605</name>
		<visibility>0</visibility>
		<description><![CDATA[<div><div><span><b>Altitude:</b></span> <span>9,075 ft</span></div>
<div><span><b>Speed:</b></span> <span>334 kt - 333 kt</span></div>
<div><span><b>Timestamp:</b></span><br/><span>2023-12-14 22:37:09 UTC<br/>2023-12-14 22:37:11 UTC</span></div>
</div>]]></description>
		<Style>
			<LineStyle>
				<color>ff00ffd2</color>
				<width>2</width>
			</LineStyle>
		</Style>
		<MultiGeometry>
			<LineString>
				<tessellate>1</tessellate>
				<altitudeMode>absolute</altitudeMode>
				<coordinates>
					126.414772,37.195267,2766.059999999999 126.420273,37.197659,2766.059999999999 
				</coordinates>
			</LineString>
		</MultiGeometry>
	</Placemark>
	<Placemark>
		<name>P-606</name>
		<visibility>0</visibility>
		<description><![CDATA[<div><div><span><b>Altitude:</b></span> <span>9,075 ft</span></div>
<div><span><b>Speed:</b></span> <span>333 kt - 332 kt</span></div>
<div><span><b>Timestamp:</b></span><br/><span>2023-12-14 22:37:11 UTC<br/>2023-12-14 22:37:15 UTC</span></div>
</div>]]></description>
		<Style>
			<LineStyle>
				<color>ff00ffd2</color>
				<width>2</width>
			</LineStyle>
		</Style>
		<MultiGeometry>
			<LineString>
				<tessellate>1</tessellate>
				<altitudeMode>absolute</altitudeMode>
				<coordinates>
					126.420273,37.197659,2766.059999999999 126.425987,37.200119,2766.059999999999 
				</coordinates>
			</LineString>
		</MultiGeometry>
	</Placemark>
	<Placemark>
		<name>P-607</name>
		<visibility>0</visibility>
		<description><![CDATA[<div><div><span><b>Altitude:</b></span> <span>9,075 ft</span></div>
<div><span><b>Speed:</b></span> <span>332 kt</span></div>
<div><span><b>Timestamp:</b></span><br/><span>2023-12-14 22:37:15 UTC<br/>2023-12-14 22:37:18 UTC</span></div>
</div>]]></description>
		<Style>
			<LineStyle>
				<color>ff00ffd2</color>
				<width>2</width>
			</LineStyle>
		</Style>
		<MultiGeometry>
			<LineString>
				<tessellate>1</tessellate>
				<altitudeMode>absolute</altitudeMode>
				<coordinates>
					126.425987,37.200119,2766.059999999999 126.431442,37.202499,2766.059999999999 
				</coordinates>
			</LineString>
		</MultiGeometry>
	</Placemark>
	<Placemark>
		<name>P-608</name>
		<visibility>0</visibility>
		<description><![CDATA[<div><div><span><b>Altitude:</b></span> <span>9,075 ft</span></div>
<div><span><b>Speed:</b></span> <span>332 kt</span></div>
<div><span><b>Timestamp:</b></span><br/><span>2023-12-14 22:37:18 UTC<br/>2023-12-14 22:37:21 UTC</span></div>
</div>]]></description>
		<Style>
			<LineStyle>
				<color>ff00ffd2</color>
				<width>2</width>
			</LineStyle>
		</Style>
		<MultiGeometry>
			<LineString>
				<tessellate>1</tessellate>
				<altitudeMode>absolute</altitudeMode>
				<coordinates>
					126.431442,37.202499,2766.059999999999 126.435043,37.204102,2766.059999999999 
				</coordinates>
			</LineString>
		</MultiGeometry>
	</Placemark>
	<Placemark>
		<name>P-609</name>
		<visibility>0</visibility>
		<description><![CDATA[<div><div><span><b>Altitude:</b></span> <span>9,075 ft</span></div>
<div><span><b>Speed:</b></span> <span>332 kt</span></div>
<div><span><b>Timestamp:</b></span><br/><span>2023-12-14 22:37:21 UTC<br/>2023-12-14 22:37:24 UTC</span></div>
</div>]]></description>
		<Style>
			<LineStyle>
				<color>ff00ffd2</color>
				<width>2</width>
			</LineStyle>
		</Style>
		<MultiGeometry>
			<LineString>
				<tessellate>1</tessellate>
				<altitudeMode>absolute</altitudeMode>
				<coordinates>
					126.435043,37.204102,2766.059999999999 126.441826,37.207031,2766.059999999999 
				</coordinates>
			</LineString>
		</MultiGeometry>
	</Placemark>
	<Placemark>
		<name>P-610</name>
		<visibility>0</visibility>
		<description><![CDATA[<div><div><span><b>Altitude:</b></span> <span>9,075 ft</span></div>
<div><span><b>Speed:</b></span> <span>332 kt - 333 kt</span></div>
<div><span><b>Timestamp:</b></span><br/><span>2023-12-14 22:37:24 UTC<br/>2023-12-14 22:37:36 UTC</span></div>
</div>]]></description>
		<Style>
			<LineStyle>
				<color>ff00ffd2</color>
				<width>2</width>
			</LineStyle>
		</Style>
		<MultiGeometry>
			<LineString>
				<tessellate>1</tessellate>
				<altitudeMode>absolute</altitudeMode>
				<coordinates>
					126.441826,37.207031,2766.059999999999 126.460999,37.215397,2766.059999999999 
				</coordinates>
			</LineString>
		</MultiGeometry>
	</Placemark>
	<Placemark>
		<name>P-611</name>
		<visibility>0</visibility>
		<description><![CDATA[<div><div><span><b>Altitude:</b></span> <span>9,075 ft</span></div>
<div><span><b>Speed:</b></span> <span>333 kt - 330 kt</span></div>
<div><span><b>Timestamp:</b></span><br/><span>2023-12-14 22:37:36 UTC<br/>2023-12-14 22:37:51 UTC</span></div>
</div>]]></description>
		<Style>
			<LineStyle>
				<color>ff00ffd2</color>
				<width>2</width>
			</LineStyle>
		</Style>
		<MultiGeometry>
			<LineString>
				<tessellate>1</tessellate>
				<altitudeMode>absolute</altitudeMode>
				<coordinates>
					126.460999,37.215397,2766.059999999999 126.487808,37.226894,2766.059999999999 
				</coordinates>
			</LineString>
		</MultiGeometry>
	</Placemark>
	<Placemark>
		<name>P-612</name>
		<visibility>0</visibility>
		<description><![CDATA[<div><div><span><b>Altitude:</b></span> <span>9,075 ft - 9,050 ft</span></div>
<div><span><b>Speed:</b></span> <span>330 kt - 332 kt</span></div>
<div><span><b>Timestamp:</b></span><br/><span>2023-12-14 22:37:51 UTC<br/>2023-12-14 22:38:07 UTC</span></div>
</div>]]></description>
		<Style>
			<LineStyle>
				<color>ff00ffd2</color>
				<width>2</width>
			</LineStyle>
		</Style>
		<MultiGeometry>
			<LineString>
				<tessellate>1</tessellate>
				<altitudeMode>absolute</altitudeMode>
				<coordinates>
					126.487808,37.226894,2766.059999999999 126.513351,37.237793,2758.44 
				</coordinates>
			</LineString>
		</MultiGeometry>
	</Placemark>
	<Placemark>
		<name>P-613</name>
		<visibility>0</visibility>
		<description><![CDATA[<div><div><span><b>Altitude:</b></span> <span>9,050 ft - 8,825 ft</span></div>
<div><span><b>Speed:</b></span> <span>332 kt - 334 kt</span></div>
<div><span><b>Timestamp:</b></span><br/><span>2023-12-14 22:38:07 UTC<br/>2023-12-14 22:38:22 UTC</span></div>
</div>]]></description>
		<Style>
			<LineStyle>
				<color>ff00ffd2</color>
				<width>2</width>
			</LineStyle>
		</Style>
		<MultiGeometry>
			<LineString>
				<tessellate>1</tessellate>
				<altitudeMode>absolute</altitudeMode>
				<coordinates>
					126.513351,37.237793,2758.44 126.539185,37.248825,2689.86 
				</coordinates>
			</LineString>
		</MultiGeometry>
	</Placemark>
	<Placemark>
		<name>P-614</name>
		<visibility>0</visibility>
		<description><![CDATA[<div><div><span><b>Altitude:</b></span> <span>8,825 ft - 8,550 ft</span></div>
<div><span><b>Speed:</b></span> <span>334 kt - 332 kt</span></div>
<div><span><b>Timestamp:</b></span><br/><span>2023-12-14 22:38:22 UTC<br/>2023-12-14 22:38:37 UTC</span></div>
</div>]]></description>
		<Style>
			<LineStyle>
				<color>ff00ffd2</color>
				<width>2</width>
			</LineStyle>
		</Style>
		<MultiGeometry>
			<LineString>
				<tessellate>1</tessellate>
				<altitudeMode>absolute</altitudeMode>
				<coordinates>
					126.539185,37.248825,2689.86 126.565483,37.260178,2606.04 
				</coordinates>
			</LineString>
		</MultiGeometry>
	</Placemark>
	<Placemark>
		<name>P-615</name>
		<visibility>0</visibility>
		<description><![CDATA[<div><div><span><b>Altitude:</b></span> <span>8,550 ft - 8,350 ft</span></div>
<div><span><b>Speed:</b></span> <span>332 kt</span></div>
<div><span><b>Timestamp:</b></span><br/><span>2023-12-14 22:38:37 UTC<br/>2023-12-14 22:38:49 UTC</span></div>
</div>]]></description>
		<Style>
			<LineStyle>
				<color>ff00ffd2</color>
				<width>2</width>
			</LineStyle>
		</Style>
		<MultiGeometry>
			<LineString>
				<tessellate>1</tessellate>
				<altitudeMode>absolute</altitudeMode>
				<coordinates>
					126.565483,37.260178,2606.04 126.586052,37.269012,2545.079999999999 
				</coordinates>
			</LineString>
		</MultiGeometry>
	</Placemark>
	<Placemark>
		<name>P-616</name>
		<visibility>0</visibility>
		<description><![CDATA[<div><div><span><b>Altitude:</b></span> <span>8,350 ft - 8,125 ft</span></div>
<div><span><b>Speed:</b></span> <span>332 kt</span></div>
<div><span><b>Timestamp:</b></span><br/><span>2023-12-14 22:38:49 UTC<br/>2023-12-14 22:39:04 UTC</span></div>
</div>]]></description>
		<Style>
			<LineStyle>
				<color>ff00ffd2</color>
				<width>2</width>
			</LineStyle>
		</Style>
		<MultiGeometry>
			<LineString>
				<tessellate>1</tessellate>
				<altitudeMode>absolute</altitudeMode>
				<coordinates>
					126.586052,37.269012,2545.079999999999 126.611526,37.279907,2476.5 
				</coordinates>
			</LineString>
		</MultiGeometry>
	</Placemark>
	<Placemark>
		<name>P-617</name>
		<visibility>0</visibility>
		<description><![CDATA[<div><div><span><b>Altitude:</b></span> <span>8,125 ft - 8,075 ft</span></div>
<div><span><b>Speed:</b></span> <span>332 kt - 330 kt</span></div>
<div><span><b>Timestamp:</b></span><br/><span>2023-12-14 22:39:04 UTC<br/>2023-12-14 22:39:20 UTC</span></div>
</div>]]></description>
		<Style>
			<LineStyle>
				<color>ff00ff9c</color>
				<width>2</width>
			</LineStyle>
		</Style>
		<MultiGeometry>
			<LineString>
				<tessellate>1</tessellate>
				<altitudeMode>absolute</altitudeMode>
				<coordinates>
					126.611526,37.279907,2476.5 126.637184,37.290848,2461.26 
				</coordinates>
			</LineString>
		</MultiGeometry>
	</Placemark>
	<Placemark>
		<name>P-618</name>
		<visibility>0</visibility>
		<description><![CDATA[<div><div><span><b>Altitude:</b></span> <span>8,075 ft - 8,050 ft</span></div>
<div><span><b>Speed:</b></span> <span>330 kt - 316 kt</span></div>
<div><span><b>Timestamp:</b></span><br/><span>2023-12-14 22:39:20 UTC<br/>2023-12-14 22:39:35 UTC</span></div>
</div>]]></description>
		<Style>
			<LineStyle>
				<color>ff00ff9c</color>
				<width>2</width>
			</LineStyle>
		</Style>
		<MultiGeometry>
			<LineString>
				<tessellate>1</tessellate>
				<altitudeMode>absolute</altitudeMode>
				<coordinates>
					126.637184,37.290848,2461.26 126.662811,37.301842,2453.639999999999 
				</coordinates>
			</LineString>
		</MultiGeometry>
	</Placemark>
	<Placemark>
		<name>P-619</name>
		<visibility>0</visibility>
		<description><![CDATA[<div><div><span><b>Altitude:</b></span> <span>8,050 ft - 7,825 ft</span></div>
<div><span><b>Speed:</b></span> <span>316 kt - 305 kt</span></div>
<div><span><b>Timestamp:</b></span><br/><span>2023-12-14 22:39:35 UTC<br/>2023-12-14 22:39:50 UTC</span></div>
</div>]]></description>
		<Style>
			<LineStyle>
				<color>ff00ff9c</color>
				<width>2</width>
			</LineStyle>
		</Style>
		<MultiGeometry>
			<LineString>
				<tessellate>1</tessellate>
				<altitudeMode>absolute</altitudeMode>
				<coordinates>
					126.662811,37.301842,2453.639999999999 126.686974,37.312134,2385.059999999999 
				</coordinates>
			</LineString>
		</MultiGeometry>
	</Placemark>
	<Placemark>
		<name>P-620</name>
		<visibility>0</visibility>
		<description><![CDATA[<div><div><span><b>Altitude:</b></span> <span>7,825 ft - 7,525 ft</span></div>
<div><span><b>Speed:</b></span> <span>305 kt - 301 kt</span></div>
<div><span><b>Timestamp:</b></span><br/><span>2023-12-14 22:39:50 UTC<br/>2023-12-14 22:40:02 UTC</span></div>
</div>]]></description>
		<Style>
			<LineStyle>
				<color>ff00ff9c</color>
				<width>2</width>
			</LineStyle>
		</Style>
		<MultiGeometry>
			<LineString>
				<tessellate>1</tessellate>
				<altitudeMode>absolute</altitudeMode>
				<coordinates>
					126.686974,37.312134,2385.059999999999 126.705963,37.320328,2293.62 
				</coordinates>
			</LineString>
		</MultiGeometry>
	</Placemark>
	<Placemark>
		<name>P-621</name>
		<visibility>0</visibility>
		<description><![CDATA[<div><div><span><b>Altitude:</b></span> <span>7,525 ft - 7,100 ft</span></div>
<div><span><b>Speed:</b></span> <span>301 kt - 298 kt</span></div>
<div><span><b>Timestamp:</b></span><br/><span>2023-12-14 22:40:02 UTC<br/>2023-12-14 22:40:17 UTC</span></div>
</div>]]></description>
		<Style>
			<LineStyle>
				<color>ff00ff9c</color>
				<width>2</width>
			</LineStyle>
		</Style>
		<MultiGeometry>
			<LineString>
				<tessellate>1</tessellate>
				<altitudeMode>absolute</altitudeMode>
				<coordinates>
					126.705963,37.320328,2293.62 126.728493,37.330334,2164.079999999999 
				</coordinates>
			</LineString>
		</MultiGeometry>
	</Placemark>
	<Placemark>
		<name>P-622</name>
		<visibility>0</visibility>
		<description><![CDATA[<div><div><span><b>Altitude:</b></span> <span>7,100 ft - 6,750 ft</span></div>
<div><span><b>Speed:</b></span> <span>298 kt - 293 kt</span></div>
<div><span><b>Timestamp:</b></span><br/><span>2023-12-14 22:40:17 UTC<br/>2023-12-14 22:40:32 UTC</span></div>
</div>]]></description>
		<Style>
			<LineStyle>
				<color>ff00ff9c</color>
				<width>2</width>
			</LineStyle>
		</Style>
		<MultiGeometry>
			<LineString>
				<tessellate>1</tessellate>
				<altitudeMode>absolute</altitudeMode>
				<coordinates>
					126.728493,37.330334,2164.079999999999 126.751312,37.339874,2057.4 
				</coordinates>
			</LineString>
		</MultiGeometry>
	</Placemark>
	<Placemark>
		<name>P-623</name>
		<visibility>0</visibility>
		<description><![CDATA[<div><div><span><b>Altitude:</b></span> <span>6,750 ft - 6,625 ft</span></div>
<div><span><b>Speed:</b></span> <span>293 kt - 289 kt</span></div>
<div><span><b>Timestamp:</b></span><br/><span>2023-12-14 22:40:32 UTC<br/>2023-12-14 22:40:38 UTC</span></div>
</div>]]></description>
		<Style>
			<LineStyle>
				<color>ff00ff9c</color>
				<width>2</width>
			</LineStyle>
		</Style>
		<MultiGeometry>
			<LineString>
				<tessellate>1</tessellate>
				<altitudeMode>absolute</altitudeMode>
				<coordinates>
					126.751312,37.339874,2057.4 126.76078,37.342163,2019.3 
				</coordinates>
			</LineString>
		</MultiGeometry>
	</Placemark>
	<Placemark>
		<name>P-624</name>
		<visibility>0</visibility>
		<description><![CDATA[<div><div><span><b>Altitude:</b></span> <span>6,625 ft - 6,575 ft</span></div>
<div><span><b>Speed:</b></span> <span>289 kt - 288 kt</span></div>
<div><span><b>Timestamp:</b></span><br/><span>2023-12-14 22:40:38 UTC<br/>2023-12-14 22:40:41 UTC</span></div>
</div>]]></description>
		<Style>
			<LineStyle>
				<color>ff00ff9c</color>
				<width>2</width>
			</LineStyle>
		</Style>
		<MultiGeometry>
			<LineString>
				<tessellate>1</tessellate>
				<altitudeMode>absolute</altitudeMode>
				<coordinates>
					126.76078,37.342163,2019.3 126.764053,37.342667,2004.06 
				</coordinates>
			</LineString>
		</MultiGeometry>
	</Placemark>
	<Placemark>
		<name>P-625</name>
		<visibility>0</visibility>
		<description><![CDATA[<div><div><span><b>Altitude:</b></span> <span>6,575 ft - 6,475 ft</span></div>
<div><span><b>Speed:</b></span> <span>288 kt - 284 kt</span></div>
<div><span><b>Timestamp:</b></span><br/><span>2023-12-14 22:40:41 UTC<br/>2023-12-14 22:40:44 UTC</span></div>
</div>]]></description>
		<Style>
			<LineStyle>
				<color>ff00ff9c</color>
				<width>2</width>
			</LineStyle>
		</Style>
		<MultiGeometry>
			<LineString>
				<tessellate>1</tessellate>
				<altitudeMode>absolute</altitudeMode>
				<coordinates>
					126.764053,37.342667,2004.06 126.770424,37.34317,1973.58 
				</coordinates>
			</LineString>
		</MultiGeometry>
	</Placemark>
	<Placemark>
		<name>P-626</name>
		<visibility>0</visibility>
		<description><![CDATA[<div><div><span><b>Altitude:</b></span> <span>6,475 ft - 6,400 ft</span></div>
<div><span><b>Speed:</b></span> <span>284 kt - 282 kt</span></div>
<div><span><b>Timestamp:</b></span><br/><span>2023-12-14 22:40:44 UTC<br/>2023-12-14 22:40:48 UTC</span></div>
</div>]]></description>
		<Style>
			<LineStyle>
				<color>ff00ff72</color>
				<width>2</width>
			</LineStyle>
		</Style>
		<MultiGeometry>
			<LineString>
				<tessellate>1</tessellate>
				<altitudeMode>absolute</altitudeMode>
				<coordinates>
					126.770424,37.34317,1973.58 126.775505,37.34317,1950.72 
				</coordinates>
			</LineString>
		</MultiGeometry>
	</Placemark>
	<Placemark>
		<name>P-627</name>
		<visibility>0</visibility>
		<description><![CDATA[<div><div><span><b>Altitude:</b></span> <span>6,400 ft - 6,300 ft</span></div>
<div><span><b>Speed:</b></span> <span>282 kt - 280 kt</span></div>
<div><span><b>Timestamp:</b></span><br/><span>2023-12-14 22:40:48 UTC<br/>2023-12-14 22:40:51 UTC</span></div>
</div>]]></description>
		<Style>
			<LineStyle>
				<color>ff00ff72</color>
				<width>2</width>
			</LineStyle>
		</Style>
		<MultiGeometry>
			<LineString>
				<tessellate>1</tessellate>
				<altitudeMode>absolute</altitudeMode>
				<coordinates>
					126.775505,37.34317,1950.72 126.781029,37.34267,1920.24 
				</coordinates>
			</LineString>
		</MultiGeometry>
	</Placemark>
	<Placemark>
		<name>P-628</name>
		<visibility>0</visibility>
		<description><![CDATA[<div><div><span><b>Altitude:</b></span> <span>6,300 ft - 6,250 ft</span></div>
<div><span><b>Speed:</b></span> <span>280 kt - 276 kt</span></div>
<div><span><b>Timestamp:</b></span><br/><span>2023-12-14 22:40:51 UTC<br/>2023-12-14 22:40:54 UTC</span></div>
</div>]]></description>
		<Style>
			<LineStyle>
				<color>ff00ff72</color>
				<width>2</width>
			</LineStyle>
		</Style>
		<MultiGeometry>
			<LineString>
				<tessellate>1</tessellate>
				<altitudeMode>absolute</altitudeMode>
				<coordinates>
					126.781029,37.34267,1920.24 126.784912,37.342163,1905 
				</coordinates>
			</LineString>
		</MultiGeometry>
	</Placemark>
	<Placemark>
		<name>P-629</name>
		<visibility>0</visibility>
		<description><![CDATA[<div><div><span><b>Altitude:</b></span> <span>6,250 ft - 6,200 ft</span></div>
<div><span><b>Speed:</b></span> <span>276 kt - 274 kt</span></div>
<div><span><b>Timestamp:</b></span><br/><span>2023-12-14 22:40:54 UTC<br/>2023-12-14 22:40:55 UTC</span></div>
</div>]]></description>
		<Style>
			<LineStyle>
				<color>ff00ff72</color>
				<width>2</width>
			</LineStyle>
		</Style>
		<MultiGeometry>
			<LineString>
				<tessellate>1</tessellate>
				<altitudeMode>absolute</altitudeMode>
				<coordinates>
					126.784912,37.342163,1905 126.787239,37.34174,1889.76 
				</coordinates>
			</LineString>
		</MultiGeometry>
	</Placemark>
	<Placemark>
		<name>P-630</name>
		<visibility>0</visibility>
		<description><![CDATA[<div><div><span><b>Altitude:</b></span> <span>6,200 ft - 6,125 ft</span></div>
<div><span><b>Speed:</b></span> <span>274 kt - 270 kt</span></div>
<div><span><b>Timestamp:</b></span><br/><span>2023-12-14 22:40:55 UTC<br/>2023-12-14 22:40:59 UTC</span></div>
</div>]]></description>
		<Style>
			<LineStyle>
				<color>ff00ff72</color>
				<width>2</width>
			</LineStyle>
		</Style>
		<MultiGeometry>
			<LineString>
				<tessellate>1</tessellate>
				<altitudeMode>absolute</altitudeMode>
				<coordinates>
					126.787239,37.34174,1889.76 126.794327,37.340424,1866.9 
				</coordinates>
			</LineString>
		</MultiGeometry>
	</Placemark>
	<Placemark>
		<name>P-631</name>
		<visibility>0</visibility>
		<description><![CDATA[<div><div><span><b>Altitude:</b></span> <span>6,125 ft - 6,075 ft</span></div>
<div><span><b>Speed:</b></span> <span>270 kt - 268 kt</span></div>
<div><span><b>Timestamp:</b></span><br/><span>2023-12-14 22:40:59 UTC<br/>2023-12-14 22:41:02 UTC</span></div>
</div>]]></description>
		<Style>
			<LineStyle>
				<color>ff00ff72</color>
				<width>2</width>
			</LineStyle>
		</Style>
		<MultiGeometry>
			<LineString>
				<tessellate>1</tessellate>
				<altitudeMode>absolute</altitudeMode>
				<coordinates>
					126.794327,37.340424,1866.9 126.798119,37.339691,1851.66 
				</coordinates>
			</LineString>
		</MultiGeometry>
	</Placemark>
	<Placemark>
		<name>P-632</name>
		<visibility>0</visibility>
		<description><![CDATA[<div><div><span><b>Altitude:</b></span> <span>6,075 ft - 6,050 ft</span></div>
<div><span><b>Speed:</b></span> <span>268 kt - 266 kt</span></div>
<div><span><b>Timestamp:</b></span><br/><span>2023-12-14 22:41:02 UTC<br/>2023-12-14 22:41:05 UTC</span></div>
</div>]]></description>
		<Style>
			<LineStyle>
				<color>ff00ff72</color>
				<width>2</width>
			</LineStyle>
		</Style>
		<MultiGeometry>
			<LineString>
				<tessellate>1</tessellate>
				<altitudeMode>absolute</altitudeMode>
				<coordinates>
					126.798119,37.339691,1851.66 126.802856,37.33873,1844.04 
				</coordinates>
			</LineString>
		</MultiGeometry>
	</Placemark>
	<Placemark>
		<name>P-633</name>
		<visibility>0</visibility>
		<description><![CDATA[<div><div><span><b>Altitude:</b></span> <span>6,050 ft - 6,000 ft</span></div>
<div><span><b>Speed:</b></span> <span>266 kt - 262 kt</span></div>
<div><span><b>Timestamp:</b></span><br/><span>2023-12-14 22:41:05 UTC<br/>2023-12-14 22:41:08 UTC</span></div>
</div>]]></description>
		<Style>
			<LineStyle>
				<color>ff00ff72</color>
				<width>2</width>
			</LineStyle>
		</Style>
		<MultiGeometry>
			<LineString>
				<tessellate>1</tessellate>
				<altitudeMode>absolute</altitudeMode>
				<coordinates>
					126.802856,37.33873,1844.04 126.807411,37.337769,1828.8 
				</coordinates>
			</LineString>
		</MultiGeometry>
	</Placemark>
	<Placemark>
		<name>P-634</name>
		<visibility>0</visibility>
		<description><![CDATA[<div><div><span><b>Altitude:</b></span> <span>6,000 ft - 5,950 ft</span></div>
<div><span><b>Speed:</b></span> <span>262 kt - 260 kt</span></div>
<div><span><b>Timestamp:</b></span><br/><span>2023-12-14 22:41:08 UTC<br/>2023-12-14 22:41:11 UTC</span></div>
</div>]]></description>
		<Style>
			<LineStyle>
				<color>ff00ff72</color>
				<width>2</width>
			</LineStyle>
		</Style>
		<MultiGeometry>
			<LineString>
				<tessellate>1</tessellate>
				<altitudeMode>absolute</altitudeMode>
				<coordinates>
					126.807411,37.337769,1828.8 126.811913,37.336853,1813.56 
				</coordinates>
			</LineString>
		</MultiGeometry>
	</Placemark>
	<Placemark>
		<name>P-635</name>
		<visibility>0</visibility>
		<description><![CDATA[<div><div><span><b>Altitude:</b></span> <span>5,950 ft - 5,900 ft</span></div>
<div><span><b>Speed:</b></span> <span>260 kt - 259 kt</span></div>
<div><span><b>Timestamp:</b></span><br/><span>2023-12-14 22:41:11 UTC<br/>2023-12-14 22:41:14 UTC</span></div>
</div>]]></description>
		<Style>
			<LineStyle>
				<color>ff00ff72</color>
				<width>2</width>
			</LineStyle>
		</Style>
		<MultiGeometry>
			<LineString>
				<tessellate>1</tessellate>
				<altitudeMode>absolute</altitudeMode>
				<coordinates>
					126.811913,37.336853,1813.56 126.816643,37.335892,1798.32 
				</coordinates>
			</LineString>
		</MultiGeometry>
	</Placemark>
	<Placemark>
		<name>P-636</name>
		<visibility>0</visibility>
		<description><![CDATA[<div><div><span><b>Altitude:</b></span> <span>5,900 ft - 5,850 ft</span></div>
<div><span><b>Speed:</b></span> <span>259 kt - 258 kt</span></div>
<div><span><b>Timestamp:</b></span><br/><span>2023-12-14 22:41:14 UTC<br/>2023-12-14 22:41:17 UTC</span></div>
</div>]]></description>
		<Style>
			<LineStyle>
				<color>ff00ff72</color>
				<width>2</width>
			</LineStyle>
		</Style>
		<MultiGeometry>
			<LineString>
				<tessellate>1</tessellate>
				<altitudeMode>absolute</altitudeMode>
				<coordinates>
					126.816643,37.335892,1798.32 126.819542,37.335312,1783.08 
				</coordinates>
			</LineString>
		</MultiGeometry>
	</Placemark>
	<Placemark>
		<name>P-637</name>
		<visibility>0</visibility>
		<description><![CDATA[<div><div><span><b>Altitude:</b></span> <span>5,850 ft - 5,525 ft</span></div>
<div><span><b>Speed:</b></span> <span>258 kt - 254 kt</span></div>
<div><span><b>Timestamp:</b></span><br/><span>2023-12-14 22:41:17 UTC<br/>2023-12-14 22:41:32 UTC</span></div>
</div>]]></description>
		<Style>
			<LineStyle>
				<color>ff00ff72</color>
				<width>2</width>
			</LineStyle>
		</Style>
		<MultiGeometry>
			<LineString>
				<tessellate>1</tessellate>
				<altitudeMode>absolute</altitudeMode>
				<coordinates>
					126.819542,37.335312,1783.08 126.842361,37.330627,1684.02 
				</coordinates>
			</LineString>
		</MultiGeometry>
	</Placemark>
	<Placemark>
		<name>P-638</name>
		<visibility>0</visibility>
		<description><![CDATA[<div><div><span><b>Altitude:</b></span> <span>5,525 ft - 5,175 ft</span></div>
<div><span><b>Speed:</b></span> <span>254 kt</span></div>
<div><span><b>Timestamp:</b></span><br/><span>2023-12-14 22:41:32 UTC<br/>2023-12-14 22:41:47 UTC</span></div>
</div>]]></description>
		<Style>
			<LineStyle>
				<color>ff00ff72</color>
				<width>2</width>
			</LineStyle>
		</Style>
		<MultiGeometry>
			<LineString>
				<tessellate>1</tessellate>
				<altitudeMode>absolute</altitudeMode>
				<coordinates>
					126.842361,37.330627,1684.02 126.864159,37.325867,1577.34 
				</coordinates>
			</LineString>
		</MultiGeometry>
	</Placemark>
	<Placemark>
		<name>P-639</name>
		<visibility>0</visibility>
		<description><![CDATA[<div><div><span><b>Altitude:</b></span> <span>5,175 ft - 5,075 ft</span></div>
<div><span><b>Speed:</b></span> <span>254 kt - 243 kt</span></div>
<div><span><b>Timestamp:</b></span><br/><span>2023-12-14 22:41:47 UTC<br/>2023-12-14 22:42:02 UTC</span></div>
</div>]]></description>
		<Style>
			<LineStyle>
				<color>ff00ff72</color>
				<width>2</width>
			</LineStyle>
		</Style>
		<MultiGeometry>
			<LineString>
				<tessellate>1</tessellate>
				<altitudeMode>absolute</altitudeMode>
				<coordinates>
					126.864159,37.325867,1577.34 126.885139,37.320969,1546.86 
				</coordinates>
			</LineString>
		</MultiGeometry>
	</Placemark>
	<Placemark>
		<name>P-640</name>
		<visibility>0</visibility>
		<description><![CDATA[<div><div><span><b>Altitude:</b></span> <span>5,075 ft</span></div>
<div><span><b>Speed:</b></span> <span>243 kt - 234 kt</span></div>
<div><span><b>Timestamp:</b></span><br/><span>2023-12-14 22:42:02 UTC<br/>2023-12-14 22:42:12 UTC</span></div>
</div>]]></description>
		<Style>
			<LineStyle>
				<color>ff00ff72</color>
				<width>2</width>
			</LineStyle>
		</Style>
		<MultiGeometry>
			<LineString>
				<tessellate>1</tessellate>
				<altitudeMode>absolute</altitudeMode>
				<coordinates>
					126.885139,37.320969,1546.86 126.896805,37.319717,1546.86 
				</coordinates>
			</LineString>
		</MultiGeometry>
	</Placemark>
	<Placemark>
		<name>P-641</name>
		<visibility>0</visibility>
		<description><![CDATA[<div><div><span><b>Altitude:</b></span> <span>5,075 ft</span></div>
<div><span><b>Speed:</b></span> <span>234 kt - 233 kt</span></div>
<div><span><b>Timestamp:</b></span><br/><span>2023-12-14 22:42:12 UTC<br/>2023-12-14 22:42:15 UTC</span></div>
</div>]]></description>
		<Style>
			<LineStyle>
				<color>ff00ff72</color>
				<width>2</width>
			</LineStyle>
		</Style>
		<MultiGeometry>
			<LineString>
				<tessellate>1</tessellate>
				<altitudeMode>absolute</altitudeMode>
				<coordinates>
					126.896805,37.319717,1546.86 126.901672,37.320007,1546.86 
				</coordinates>
			</LineString>
		</MultiGeometry>
	</Placemark>
	<Placemark>
		<name>P-642</name>
		<visibility>0</visibility>
		<description><![CDATA[<div><div><span><b>Altitude:</b></span> <span>5,075 ft</span></div>
<div><span><b>Speed:</b></span> <span>233 kt - 230 kt</span></div>
<div><span><b>Timestamp:</b></span><br/><span>2023-12-14 22:42:15 UTC<br/>2023-12-14 22:42:18 UTC</span></div>
</div>]]></description>
		<Style>
			<LineStyle>
				<color>ff00ff72</color>
				<width>2</width>
			</LineStyle>
		</Style>
		<MultiGeometry>
			<LineString>
				<tessellate>1</tessellate>
				<altitudeMode>absolute</altitudeMode>
				<coordinates>
					126.901672,37.320007,1546.86 126.905945,37.320648,1546.86 
				</coordinates>
			</LineString>
		</MultiGeometry>
	</Placemark>
	<Placemark>
		<name>P-643</name>
		<visibility>0</visibility>
		<description><![CDATA[<div><div><span><b>Altitude:</b></span> <span>5,075 ft</span></div>
<div><span><b>Speed:</b></span> <span>230 kt - 228 kt</span></div>
<div><span><b>Timestamp:</b></span><br/><span>2023-12-14 22:42:18 UTC<br/>2023-12-14 22:42:21 UTC</span></div>
</div>]]></description>
		<Style>
			<LineStyle>
				<color>ff00ff72</color>
				<width>2</width>
			</LineStyle>
		</Style>
		<MultiGeometry>
			<LineString>
				<tessellate>1</tessellate>
				<altitudeMode>absolute</altitudeMode>
				<coordinates>
					126.905945,37.320648,1546.86 126.909882,37.321442,1546.86 
				</coordinates>
			</LineString>
		</MultiGeometry>
	</Placemark>
	<Placemark>
		<name>P-644</name>
		<visibility>0</visibility>
		<description><![CDATA[<div><div><span><b>Altitude:</b></span> <span>5,075 ft</span></div>
<div><span><b>Speed:</b></span> <span>228 kt - 225 kt</span></div>
<div><span><b>Timestamp:</b></span><br/><span>2023-12-14 22:42:21 UTC<br/>2023-12-14 22:42:23 UTC</span></div>
</div>]]></description>
		<Style>
			<LineStyle>
				<color>ff00ff72</color>
				<width>2</width>
			</LineStyle>
		</Style>
		<MultiGeometry>
			<LineString>
				<tessellate>1</tessellate>
				<altitudeMode>absolute</altitudeMode>
				<coordinates>
					126.909882,37.321442,1546.86 126.911255,37.32172,1546.86 
				</coordinates>
			</LineString>
		</MultiGeometry>
	</Placemark>
	<Placemark>
		<name>P-645</name>
		<visibility>0</visibility>
		<description><![CDATA[<div><div><span><b>Altitude:</b></span> <span>5,075 ft</span></div>
<div><span><b>Speed:</b></span> <span>225 kt - 226 kt</span></div>
<div><span><b>Timestamp:</b></span><br/><span>2023-12-14 22:42:23 UTC<br/>2023-12-14 22:42:26 UTC</span></div>
</div>]]></description>
		<Style>
			<LineStyle>
				<color>ff00ff72</color>
				<width>2</width>
			</LineStyle>
		</Style>
		<MultiGeometry>
			<LineString>
				<tessellate>1</tessellate>
				<altitudeMode>absolute</altitudeMode>
				<coordinates>
					126.911255,37.32172,1546.86 126.916107,37.322937,1546.86 
				</coordinates>
			</LineString>
		</MultiGeometry>
	</Placemark>
	<Placemark>
		<name>P-646</name>
		<visibility>0</visibility>
		<description><![CDATA[<div><div><span><b>Altitude:</b></span> <span>5,075 ft</span></div>
<div><span><b>Speed:</b></span> <span>226 kt</span></div>
<div><span><b>Timestamp:</b></span><br/><span>2023-12-14 22:42:26 UTC<br/>2023-12-14 22:42:30 UTC</span></div>
</div>]]></description>
		<Style>
			<LineStyle>
				<color>ff00ff72</color>
				<width>2</width>
			</LineStyle>
		</Style>
		<MultiGeometry>
			<LineString>
				<tessellate>1</tessellate>
				<altitudeMode>absolute</altitudeMode>
				<coordinates>
					126.916107,37.322937,1546.86 126.92057,37.324142,1546.86 
				</coordinates>
			</LineString>
		</MultiGeometry>
	</Placemark>
	<Placemark>
		<name>P-647</name>
		<visibility>0</visibility>
		<description><![CDATA[<div><div><span><b>Altitude:</b></span> <span>5,075 ft</span></div>
<div><span><b>Speed:</b></span> <span>226 kt</span></div>
<div><span><b>Timestamp:</b></span><br/><span>2023-12-14 22:42:30 UTC<br/>2023-12-14 22:42:33 UTC</span></div>
</div>]]></description>
		<Style>
			<LineStyle>
				<color>ff00ff72</color>
				<width>2</width>
			</LineStyle>
		</Style>
		<MultiGeometry>
			<LineString>
				<tessellate>1</tessellate>
				<altitudeMode>absolute</altitudeMode>
				<coordinates>
					126.92057,37.324142,1546.86 126.924408,37.325226,1546.86 
				</coordinates>
			</LineString>
		</MultiGeometry>
	</Placemark>
	<Placemark>
		<name>P-648</name>
		<visibility>0</visibility>
		<description><![CDATA[<div><div><span><b>Altitude:</b></span> <span>5,075 ft</span></div>
<div><span><b>Speed:</b></span> <span>226 kt</span></div>
<div><span><b>Timestamp:</b></span><br/><span>2023-12-14 22:42:33 UTC<br/>2023-12-14 22:42:36 UTC</span></div>
</div>]]></description>
		<Style>
			<LineStyle>
				<color>ff00ff72</color>
				<width>2</width>
			</LineStyle>
		</Style>
		<MultiGeometry>
			<LineString>
				<tessellate>1</tessellate>
				<altitudeMode>absolute</altitudeMode>
				<coordinates>
					126.924408,37.325226,1546.86 126.928215,37.326283,1546.86 
				</coordinates>
			</LineString>
		</MultiGeometry>
	</Placemark>
	<Placemark>
		<name>P-649</name>
		<visibility>0</visibility>
		<description><![CDATA[<div><div><span><b>Altitude:</b></span> <span>5,075 ft - 5,050 ft</span></div>
<div><span><b>Speed:</b></span> <span>226 kt - 224 kt</span></div>
<div><span><b>Timestamp:</b></span><br/><span>2023-12-14 22:42:36 UTC<br/>2023-12-14 22:42:38 UTC</span></div>
</div>]]></description>
		<Style>
			<LineStyle>
				<color>ff00ff72</color>
				<width>2</width>
			</LineStyle>
		</Style>
		<MultiGeometry>
			<LineString>
				<tessellate>1</tessellate>
				<altitudeMode>absolute</altitudeMode>
				<coordinates>
					126.928215,37.326283,1546.86 126.93042,37.326935,1539.24 
				</coordinates>
			</LineString>
		</MultiGeometry>
	</Placemark>
	<Placemark>
		<name>P-650</name>
		<visibility>0</visibility>
		<description><![CDATA[<div><div><span><b>Altitude:</b></span> <span>5,050 ft</span></div>
<div><span><b>Speed:</b></span> <span>224 kt</span></div>
<div><span><b>Timestamp:</b></span><br/><span>2023-12-14 22:42:38 UTC<br/>2023-12-14 22:42:40 UTC</span></div>
</div>]]></description>
		<Style>
			<LineStyle>
				<color>ff00ff72</color>
				<width>2</width>
			</LineStyle>
		</Style>
		<MultiGeometry>
			<LineString>
				<tessellate>1</tessellate>
				<altitudeMode>absolute</altitudeMode>
				<coordinates>
					126.93042,37.326935,1539.24 126.93293,37.327633,1539.24 
				</coordinates>
			</LineString>
		</MultiGeometry>
	</Placemark>
	<Placemark>
		<name>P-651</name>
		<visibility>0</visibility>
		<description><![CDATA[<div><div><span><b>Altitude:</b></span> <span>5,050 ft - 4,975 ft</span></div>
<div><span><b>Speed:</b></span> <span>224 kt - 222 kt</span></div>
<div><span><b>Timestamp:</b></span><br/><span>2023-12-14 22:42:40 UTC<br/>2023-12-14 22:42:48 UTC</span></div>
</div>]]></description>
		<Style>
			<LineStyle>
				<color>ff00ff72</color>
				<width>2</width>
			</LineStyle>
		</Style>
		<MultiGeometry>
			<LineString>
				<tessellate>1</tessellate>
				<altitudeMode>absolute</altitudeMode>
				<coordinates>
					126.93293,37.327633,1539.24 126.942581,37.330353,1516.38 
				</coordinates>
			</LineString>
		</MultiGeometry>
	</Placemark>
	<Placemark>
		<name>P-652</name>
		<visibility>0</visibility>
		<description><![CDATA[<div><div><span><b>Altitude:</b></span> <span>4,975 ft - 4,900 ft</span></div>
<div><span><b>Speed:</b></span> <span>222 kt - 220 kt</span></div>
<div><span><b>Timestamp:</b></span><br/><span>2023-12-14 22:42:48 UTC<br/>2023-12-14 22:42:52 UTC</span></div>
</div>]]></description>
		<Style>
			<LineStyle>
				<color>ff00ff72</color>
				<width>2</width>
			</LineStyle>
		</Style>
		<MultiGeometry>
			<LineString>
				<tessellate>1</tessellate>
				<altitudeMode>absolute</altitudeMode>
				<coordinates>
					126.942581,37.330353,1516.38 126.947617,37.331821,1493.52 
				</coordinates>
			</LineString>
		</MultiGeometry>
	</Placemark>
	<Placemark>
		<name>P-653</name>
		<visibility>0</visibility>
		<description><![CDATA[<div><div><span><b>Altitude:</b></span> <span>4,900 ft - 4,775 ft</span></div>
<div><span><b>Speed:</b></span> <span>220 kt - 217 kt</span></div>
<div><span><b>Timestamp:</b></span><br/><span>2023-12-14 22:42:52 UTC<br/>2023-12-14 22:43:01 UTC</span></div>
</div>]]></description>
		<Style>
			<LineStyle>
				<color>ff00ff36</color>
				<width>2</width>
			</LineStyle>
		</Style>
		<MultiGeometry>
			<LineString>
				<tessellate>1</tessellate>
				<altitudeMode>absolute</altitudeMode>
				<coordinates>
					126.947617,37.331821,1493.52 126.957832,37.334709,1455.42 
				</coordinates>
			</LineString>
		</MultiGeometry>
	</Placemark>
	<Placemark>
		<name>P-654</name>
		<visibility>0</visibility>
		<description><![CDATA[<div><div><span><b>Altitude:</b></span> <span>4,775 ft - 4,575 ft</span></div>
<div><span><b>Speed:</b></span> <span>217 kt - 215 kt</span></div>
<div><span><b>Timestamp:</b></span><br/><span>2023-12-14 22:43:01 UTC<br/>2023-12-14 22:43:10 UTC</span></div>
</div>]]></description>
		<Style>
			<LineStyle>
				<color>ff00ff36</color>
				<width>2</width>
			</LineStyle>
		</Style>
		<MultiGeometry>
			<LineString>
				<tessellate>1</tessellate>
				<altitudeMode>absolute</altitudeMode>
				<coordinates>
					126.957832,37.334709,1455.42 126.968933,37.337906,1394.46 
				</coordinates>
			</LineString>
		</MultiGeometry>
	</Placemark>
	<Placemark>
		<name>P-655</name>
		<visibility>0</visibility>
		<description><![CDATA[<div><div><span><b>Altitude:</b></span> <span>4,575 ft - 4,400 ft</span></div>
<div><span><b>Speed:</b></span> <span>215 kt - 212 kt</span></div>
<div><span><b>Timestamp:</b></span><br/><span>2023-12-14 22:43:10 UTC<br/>2023-12-14 22:43:20 UTC</span></div>
</div>]]></description>
		<Style>
			<LineStyle>
				<color>ff00ff36</color>
				<width>2</width>
			</LineStyle>
		</Style>
		<MultiGeometry>
			<LineString>
				<tessellate>1</tessellate>
				<altitudeMode>absolute</altitudeMode>
				<coordinates>
					126.968933,37.337906,1394.46 126.980682,37.341431,1341.12 
				</coordinates>
			</LineString>
		</MultiGeometry>
	</Placemark>
	<Placemark>
		<name>P-656</name>
		<visibility>0</visibility>
		<description><![CDATA[<div><div><span><b>Altitude:</b></span> <span>4,400 ft - 4,175 ft</span></div>
<div><span><b>Speed:</b></span> <span>212 kt - 210 kt</span></div>
<div><span><b>Timestamp:</b></span><br/><span>2023-12-14 22:43:20 UTC<br/>2023-12-14 22:43:32 UTC</span></div>
</div>]]></description>
		<Style>
			<LineStyle>
				<color>ff00ff36</color>
				<width>2</width>
			</LineStyle>
		</Style>
		<MultiGeometry>
			<LineString>
				<tessellate>1</tessellate>
				<altitudeMode>absolute</altitudeMode>
				<coordinates>
					126.980682,37.341431,1341.12 126.994125,37.345596,1272.54 
				</coordinates>
			</LineString>
		</MultiGeometry>
	</Placemark>
	<Placemark>
		<name>P-657</name>
		<visibility>0</visibility>
		<description><![CDATA[<div><div><span><b>Altitude:</b></span> <span>4,175 ft - 3,975 ft</span></div>
<div><span><b>Speed:</b></span> <span>210 kt - 209 kt</span></div>
<div><span><b>Timestamp:</b></span><br/><span>2023-12-14 22:43:32 UTC<br/>2023-12-14 22:43:40 UTC</span></div>
</div>]]></description>
		<Style>
			<LineStyle>
				<color>ff00ff36</color>
				<width>2</width>
			</LineStyle>
		</Style>
		<MultiGeometry>
			<LineString>
				<tessellate>1</tessellate>
				<altitudeMode>absolute</altitudeMode>
				<coordinates>
					126.994125,37.345596,1272.54 127.003029,37.348442,1211.58 
				</coordinates>
			</LineString>
		</MultiGeometry>
	</Placemark>
	<Placemark>
		<name>P-658</name>
		<visibility>0</visibility>
		<description><![CDATA[<div><div><span><b>Altitude:</b></span> <span>3,975 ft - 3,825 ft</span></div>
<div><span><b>Speed:</b></span> <span>209 kt - 210 kt</span></div>
<div><span><b>Timestamp:</b></span><br/><span>2023-12-14 22:43:40 UTC<br/>2023-12-14 22:43:46 UTC</span></div>
</div>]]></description>
		<Style>
			<LineStyle>
				<color>ff00ff36</color>
				<width>2</width>
			</LineStyle>
		</Style>
		<MultiGeometry>
			<LineString>
				<tessellate>1</tessellate>
				<altitudeMode>absolute</altitudeMode>
				<coordinates>
					127.003029,37.348442,1211.58 127.009903,37.350586,1165.86 
				</coordinates>
			</LineString>
		</MultiGeometry>
	</Placemark>
	<Placemark>
		<name>P-659</name>
		<visibility>0</visibility>
		<description><![CDATA[<div><div><span><b>Altitude:</b></span> <span>3,825 ft - 3,675 ft</span></div>
<div><span><b>Speed:</b></span> <span>210 kt</span></div>
<div><span><b>Timestamp:</b></span><br/><span>2023-12-14 22:43:46 UTC<br/>2023-12-14 22:43:52 UTC</span></div>
</div>]]></description>
		<Style>
			<LineStyle>
				<color>ff00ff0c</color>
				<width>2</width>
			</LineStyle>
		</Style>
		<MultiGeometry>
			<LineString>
				<tessellate>1</tessellate>
				<altitudeMode>absolute</altitudeMode>
				<coordinates>
					127.009903,37.350586,1165.86 127.016678,37.353195,1120.14 
				</coordinates>
			</LineString>
		</MultiGeometry>
	</Placemark>
	<Placemark>
		<name>P-660</name>
		<visibility>0</visibility>
		<description><![CDATA[<div><div><span><b>Altitude:</b></span> <span>3,675 ft - 3,625 ft</span></div>
<div><span><b>Speed:</b></span> <span>210 kt - 211 kt</span></div>
<div><span><b>Timestamp:</b></span><br/><span>2023-12-14 22:43:52 UTC<br/>2023-12-14 22:43:56 UTC</span></div>
</div>]]></description>
		<Style>
			<LineStyle>
				<color>ff00ff0c</color>
				<width>2</width>
			</LineStyle>
		</Style>
		<MultiGeometry>
			<LineString>
				<tessellate>1</tessellate>
				<altitudeMode>absolute</altitudeMode>
				<coordinates>
					127.016678,37.353195,1120.14 127.018547,37.354248,1104.9 
				</coordinates>
			</LineString>
		</MultiGeometry>
	</Placemark>
	<Placemark>
		<name>P-661</name>
		<visibility>0</visibility>
		<description><![CDATA[<div><div><span><b>Altitude:</b></span> <span>3,625 ft - 3,525 ft</span></div>
<div><span><b>Speed:</b></span> <span>211 kt - 212 kt</span></div>
<div><span><b>Timestamp:</b></span><br/><span>2023-12-14 22:43:56 UTC<br/>2023-12-14 22:43:59 UTC</span></div>
</div>]]></description>
		<Style>
			<LineStyle>
				<color>ff00ff0c</color>
				<width>2</width>
			</LineStyle>
		</Style>
		<MultiGeometry>
			<LineString>
				<tessellate>1</tessellate>
				<altitudeMode>absolute</altitudeMode>
				<coordinates>
					127.018547,37.354248,1104.9 127.023285,37.358002,1074.42 
				</coordinates>
			</LineString>
		</MultiGeometry>
	</Placemark>
	<Placemark>
		<name>P-662</name>
		<visibility>0</visibility>
		<description><![CDATA[<div><div><span><b>Altitude:</b></span> <span>3,525 ft - 3,475 ft</span></div>
<div><span><b>Speed:</b></span> <span>212 kt - 213 kt</span></div>
<div><span><b>Timestamp:</b></span><br/><span>2023-12-14 22:43:59 UTC<br/>2023-12-14 22:44:02 UTC</span></div>
</div>]]></description>
		<Style>
			<LineStyle>
				<color>ff00ff0c</color>
				<width>2</width>
			</LineStyle>
		</Style>
		<MultiGeometry>
			<LineString>
				<tessellate>1</tessellate>
				<altitudeMode>absolute</altitudeMode>
				<coordinates>
					127.023285,37.358002,1074.42 127.025299,37.3605,1059.18 
				</coordinates>
			</LineString>
		</MultiGeometry>
	</Placemark>
	<Placemark>
		<name>P-663</name>
		<visibility>0</visibility>
		<description><![CDATA[<div><div><span><b>Altitude:</b></span> <span>3,475 ft - 3,450 ft</span></div>
<div><span><b>Speed:</b></span> <span>213 kt - 212 kt</span></div>
<div><span><b>Timestamp:</b></span><br/><span>2023-12-14 22:44:02 UTC<br/>2023-12-14 22:44:07 UTC</span></div>
</div>]]></description>
		<Style>
			<LineStyle>
				<color>ff00ff0c</color>
				<width>2</width>
			</LineStyle>
		</Style>
		<MultiGeometry>
			<LineString>
				<tessellate>1</tessellate>
				<altitudeMode>absolute</altitudeMode>
				<coordinates>
					127.025299,37.3605,1059.18 127.026611,37.36306,1051.56 
				</coordinates>
			</LineString>
		</MultiGeometry>
	</Placemark>
	<Placemark>
		<name>P-664</name>
		<visibility>0</visibility>
		<description><![CDATA[<div><div><span><b>Altitude:</b></span> <span>3,450 ft - 3,425 ft</span></div>
<div><span><b>Speed:</b></span> <span>212 kt</span></div>
<div><span><b>Timestamp:</b></span><br/><span>2023-12-14 22:44:07 UTC<br/>2023-12-14 22:44:08 UTC</span></div>
</div>]]></description>
		<Style>
			<LineStyle>
				<color>ff00ff0c</color>
				<width>2</width>
			</LineStyle>
		</Style>
		<MultiGeometry>
			<LineString>
				<tessellate>1</tessellate>
				<altitudeMode>absolute</altitudeMode>
				<coordinates>
					127.026611,37.36306,1051.56 127.027267,37.364922,1043.94 
				</coordinates>
			</LineString>
		</MultiGeometry>
	</Placemark>
	<Placemark>
		<name>P-665</name>
		<visibility>0</visibility>
		<description><![CDATA[<div><div><span><b>Altitude:</b></span> <span>3,425 ft - 3,400 ft</span></div>
<div><span><b>Speed:</b></span> <span>212 kt - 210 kt</span></div>
<div><span><b>Timestamp:</b></span><br/><span>2023-12-14 22:44:08 UTC<br/>2023-12-14 22:44:11 UTC</span></div>
</div>]]></description>
		<Style>
			<LineStyle>
				<color>ff00ff0c</color>
				<width>2</width>
			</LineStyle>
		</Style>
		<MultiGeometry>
			<LineString>
				<tessellate>1</tessellate>
				<altitudeMode>absolute</altitudeMode>
				<coordinates>
					127.027267,37.364922,1043.94 127.027786,37.367752,1036.32 
				</coordinates>
			</LineString>
		</MultiGeometry>
	</Placemark>
	<Placemark>
		<name>P-666</name>
		<visibility>0</visibility>
		<description><![CDATA[<div><div><span><b>Altitude:</b></span> <span>3,400 ft - 3,375 ft</span></div>
<div><span><b>Speed:</b></span> <span>210 kt - 207 kt</span></div>
<div><span><b>Timestamp:</b></span><br/><span>2023-12-14 22:44:11 UTC<br/>2023-12-14 22:44:14 UTC</span></div>
</div>]]></description>
		<Style>
			<LineStyle>
				<color>ff00ff0c</color>
				<width>2</width>
			</LineStyle>
		</Style>
		<MultiGeometry>
			<LineString>
				<tessellate>1</tessellate>
				<altitudeMode>absolute</altitudeMode>
				<coordinates>
					127.027786,37.367752,1036.32 127.027809,37.369717,1028.7 
				</coordinates>
			</LineString>
		</MultiGeometry>
	</Placemark>
	<Placemark>
		<name>P-667</name>
		<visibility>0</visibility>
		<description><![CDATA[<div><div><span><b>Altitude:</b></span> <span>3,375 ft</span></div>
<div><span><b>Speed:</b></span> <span>207 kt - 202 kt</span></div>
<div><span><b>Timestamp:</b></span><br/><span>2023-12-14 22:44:14 UTC<br/>2023-12-14 22:44:20 UTC</span></div>
</div>]]></description>
		<Style>
			<LineStyle>
				<color>ff00ff0c</color>
				<width>2</width>
			</LineStyle>
		</Style>
		<MultiGeometry>
			<LineString>
				<tessellate>1</tessellate>
				<altitudeMode>absolute</altitudeMode>
				<coordinates>
					127.027809,37.369717,1028.7 127.025154,37.377182,1028.7 
				</coordinates>
			</LineString>
		</MultiGeometry>
	</Placemark>
	<Placemark>
		<name>P-668</name>
		<visibility>0</visibility>
		<description><![CDATA[<div><div><span><b>Altitude:</b></span> <span>3,375 ft</span></div>
<div><span><b>Speed:</b></span> <span>202 kt - 198 kt</span></div>
<div><span><b>Timestamp:</b></span><br/><span>2023-12-14 22:44:20 UTC<br/>2023-12-14 22:44:23 UTC</span></div>
</div>]]></description>
		<Style>
			<LineStyle>
				<color>ff00ff0c</color>
				<width>2</width>
			</LineStyle>
		</Style>
		<MultiGeometry>
			<LineString>
				<tessellate>1</tessellate>
				<altitudeMode>absolute</altitudeMode>
				<coordinates>
					127.025154,37.377182,1028.7 127.023628,37.379025,1028.7 
				</coordinates>
			</LineString>
		</MultiGeometry>
	</Placemark>
	<Placemark>
		<name>P-669</name>
		<visibility>0</visibility>
		<description><![CDATA[<div><div><span><b>Altitude:</b></span> <span>3,375 ft</span></div>
<div><span><b>Speed:</b></span> <span>198 kt - 194 kt</span></div>
<div><span><b>Timestamp:</b></span><br/><span>2023-12-14 22:44:23 UTC<br/>2023-12-14 22:44:26 UTC</span></div>
</div>]]></description>
		<Style>
			<LineStyle>
				<color>ff00ff0c</color>
				<width>2</width>
			</LineStyle>
		</Style>
		<MultiGeometry>
			<LineString>
				<tessellate>1</tessellate>
				<altitudeMode>absolute</altitudeMode>
				<coordinates>
					127.023628,37.379025,1028.7 127.020943,37.381439,1028.7 
				</coordinates>
			</LineString>
		</MultiGeometry>
	</Placemark>
	<Placemark>
		<name>P-670</name>
		<visibility>0</visibility>
		<description><![CDATA[<div><div><span><b>Altitude:</b></span> <span>3,375 ft</span></div>
<div><span><b>Speed:</b></span> <span>194 kt - 192 kt</span></div>
<div><span><b>Timestamp:</b></span><br/><span>2023-12-14 22:44:26 UTC<br/>2023-12-14 22:44:29 UTC</span></div>
</div>]]></description>
		<Style>
			<LineStyle>
				<color>ff00ff0c</color>
				<width>2</width>
			</LineStyle>
		</Style>
		<MultiGeometry>
			<LineString>
				<tessellate>1</tessellate>
				<altitudeMode>absolute</altitudeMode>
				<coordinates>
					127.020943,37.381439,1028.7 127.018372,37.382996,1028.7 
				</coordinates>
			</LineString>
		</MultiGeometry>
	</Placemark>
	<Placemark>
		<name>P-671</name>
		<visibility>0</visibility>
		<description><![CDATA[<div><div><span><b>Altitude:</b></span> <span>3,375 ft - 3,350 ft</span></div>
<div><span><b>Speed:</b></span> <span>192 kt - 190 kt</span></div>
<div><span><b>Timestamp:</b></span><br/><span>2023-12-14 22:44:29 UTC<br/>2023-12-14 22:44:32 UTC</span></div>
</div>]]></description>
		<Style>
			<LineStyle>
				<color>ff00ff0c</color>
				<width>2</width>
			</LineStyle>
		</Style>
		<MultiGeometry>
			<LineString>
				<tessellate>1</tessellate>
				<altitudeMode>absolute</altitudeMode>
				<coordinates>
					127.018372,37.382996,1028.7 127.015388,37.384285,1021.08 
				</coordinates>
			</LineString>
		</MultiGeometry>
	</Placemark>
	<Placemark>
		<name>P-672</name>
		<visibility>0</visibility>
		<description><![CDATA[<div><div><span><b>Altitude:</b></span> <span>3,350 ft</span></div>
<div><span><b>Speed:</b></span> <span>190 kt - 188 kt</span></div>
<div><span><b>Timestamp:</b></span><br/><span>2023-12-14 22:44:32 UTC<br/>2023-12-14 22:44:33 UTC</span></div>
</div>]]></description>
		<Style>
			<LineStyle>
				<color>ff00ff0c</color>
				<width>2</width>
			</LineStyle>
		</Style>
		<MultiGeometry>
			<LineString>
				<tessellate>1</tessellate>
				<altitudeMode>absolute</altitudeMode>
				<coordinates>
					127.015388,37.384285,1021.08 127.014793,37.384472,1021.08 
				</coordinates>
			</LineString>
		</MultiGeometry>
	</Placemark>
	<Placemark>
		<name>P-673</name>
		<visibility>0</visibility>
		<description><![CDATA[<div><div><span><b>Altitude:</b></span> <span>3,350 ft</span></div>
<div><span><b>Speed:</b></span> <span>188 kt - 192 kt</span></div>
<div><span><b>Timestamp:</b></span><br/><span>2023-12-14 22:44:33 UTC<br/>2023-12-14 22:44:37 UTC</span></div>
</div>]]></description>
		<Style>
			<LineStyle>
				<color>ff00ff0c</color>
				<width>2</width>
			</LineStyle>
		</Style>
		<MultiGeometry>
			<LineString>
				<tessellate>1</tessellate>
				<altitudeMode>absolute</altitudeMode>
				<coordinates>
					127.014793,37.384472,1021.08 127.010429,37.385868,1021.08 
				</coordinates>
			</LineString>
		</MultiGeometry>
	</Placemark>
	<Placemark>
		<name>P-674</name>
		<visibility>0</visibility>
		<description><![CDATA[<div><div><span><b>Altitude:</b></span> <span>3,350 ft - 3,375 ft</span></div>
<div><span><b>Speed:</b></span> <span>192 kt - 187 kt</span></div>
<div><span><b>Timestamp:</b></span><br/><span>2023-12-14 22:44:37 UTC<br/>2023-12-14 22:44:41 UTC</span></div>
</div>]]></description>
		<Style>
			<LineStyle>
				<color>ff00ff0c</color>
				<width>2</width>
			</LineStyle>
		</Style>
		<MultiGeometry>
			<LineString>
				<tessellate>1</tessellate>
				<altitudeMode>absolute</altitudeMode>
				<coordinates>
					127.010429,37.385868,1021.08 127.006859,37.386978,1028.7 
				</coordinates>
			</LineString>
		</MultiGeometry>
	</Placemark>
	<Placemark>
		<name>P-675</name>
		<visibility>0</visibility>
		<description><![CDATA[<div><div><span><b>Altitude:</b></span> <span>3,375 ft - 3,350 ft</span></div>
<div><span><b>Speed:</b></span> <span>187 kt - 192 kt</span></div>
<div><span><b>Timestamp:</b></span><br/><span>2023-12-14 22:44:41 UTC<br/>2023-12-14 22:44:46 UTC</span></div>
</div>]]></description>
		<Style>
			<LineStyle>
				<color>ff00ff0c</color>
				<width>2</width>
			</LineStyle>
		</Style>
		<MultiGeometry>
			<LineString>
				<tessellate>1</tessellate>
				<altitudeMode>absolute</altitudeMode>
				<coordinates>
					127.006859,37.386978,1028.7 127.002129,37.389267,1021.08 
				</coordinates>
			</LineString>
		</MultiGeometry>
	</Placemark>
	<Placemark>
		<name>P-676</name>
		<visibility>0</visibility>
		<description><![CDATA[<div><div><span><b>Altitude:</b></span> <span>3,350 ft - 3,375 ft</span></div>
<div><span><b>Speed:</b></span> <span>192 kt</span></div>
<div><span><b>Timestamp:</b></span><br/><span>2023-12-14 22:44:46 UTC<br/>2023-12-14 22:44:51 UTC</span></div>
</div>]]></description>
		<Style>
			<LineStyle>
				<color>ff00ff0c</color>
				<width>2</width>
			</LineStyle>
		</Style>
		<MultiGeometry>
			<LineString>
				<tessellate>1</tessellate>
				<altitudeMode>absolute</altitudeMode>
				<coordinates>
					127.002129,37.389267,1021.08 126.997749,37.391968,1028.7 
				</coordinates>
			</LineString>
		</MultiGeometry>
	</Placemark>
	<Placemark>
		<name>P-677</name>
		<visibility>0</visibility>
		<description><![CDATA[<div><div><span><b>Altitude:</b></span> <span>3,375 ft - 3,350 ft</span></div>
<div><span><b>Speed:</b></span> <span>192 kt - 193 kt</span></div>
<div><span><b>Timestamp:</b></span><br/><span>2023-12-14 22:44:51 UTC<br/>2023-12-14 22:44:52 UTC</span></div>
</div>]]></description>
		<Style>
			<LineStyle>
				<color>ff00ff0c</color>
				<width>2</width>
			</LineStyle>
		</Style>
		<MultiGeometry>
			<LineString>
				<tessellate>1</tessellate>
				<altitudeMode>absolute</altitudeMode>
				<coordinates>
					126.997749,37.391968,1028.7 126.99646,37.392853,1021.08 
				</coordinates>
			</LineString>
		</MultiGeometry>
	</Placemark>
	<Placemark>
		<name>P-678</name>
		<visibility>0</visibility>
		<description><![CDATA[<div><div><span><b>Altitude:</b></span> <span>3,350 ft - 3,375 ft</span></div>
<div><span><b>Speed:</b></span> <span>193 kt - 192 kt</span></div>
<div><span><b>Timestamp:</b></span><br/><span>2023-12-14 22:44:52 UTC<br/>2023-12-14 22:44:57 UTC</span></div>
</div>]]></description>
		<Style>
			<LineStyle>
				<color>ff00ff0c</color>
				<width>2</width>
			</LineStyle>
		</Style>
		<MultiGeometry>
			<LineString>
				<tessellate>1</tessellate>
				<altitudeMode>absolute</altitudeMode>
				<coordinates>
					126.99646,37.392853,1021.08 126.992462,37.395691,1028.7 
				</coordinates>
			</LineString>
		</MultiGeometry>
	</Placemark>
	<Placemark>
		<name>P-679</name>
		<visibility>0</visibility>
		<description><![CDATA[<div><div><span><b>Altitude:</b></span> <span>3,375 ft</span></div>
<div><span><b>Speed:</b></span> <span>192 kt - 194 kt</span></div>
<div><span><b>Timestamp:</b></span><br/><span>2023-12-14 22:44:57 UTC<br/>2023-12-14 22:45:02 UTC</span></div>
</div>]]></description>
		<Style>
			<LineStyle>
				<color>ff00ff0c</color>
				<width>2</width>
			</LineStyle>
		</Style>
		<MultiGeometry>
			<LineString>
				<tessellate>1</tessellate>
				<altitudeMode>absolute</altitudeMode>
				<coordinates>
					126.992462,37.395691,1028.7 126.988281,37.398743,1028.7 
				</coordinates>
			</LineString>
		</MultiGeometry>
	</Placemark>
	<Placemark>
		<name>P-680</name>
		<visibility>0</visibility>
		<description><![CDATA[<div><div><span><b>Altitude:</b></span> <span>3,375 ft</span></div>
<div><span><b>Speed:</b></span> <span>194 kt</span></div>
<div><span><b>Timestamp:</b></span><br/><span>2023-12-14 22:45:02 UTC<br/>2023-12-14 22:45:03 UTC</span></div>
</div>]]></description>
		<Style>
			<LineStyle>
				<color>ff00ff0c</color>
				<width>2</width>
			</LineStyle>
		</Style>
		<MultiGeometry>
			<LineString>
				<tessellate>1</tessellate>
				<altitudeMode>absolute</altitudeMode>
				<coordinates>
					126.988281,37.398743,1028.7 126.987869,37.399063,1028.7 
				</coordinates>
			</LineString>
		</MultiGeometry>
	</Placemark>
	<Placemark>
		<name>P-681</name>
		<visibility>0</visibility>
		<description><![CDATA[<div><div><span><b>Altitude:</b></span> <span>3,375 ft - 3,350 ft</span></div>
<div><span><b>Speed:</b></span> <span>194 kt - 195 kt</span></div>
<div><span><b>Timestamp:</b></span><br/><span>2023-12-14 22:45:03 UTC<br/>2023-12-14 22:45:08 UTC</span></div>
</div>]]></description>
		<Style>
			<LineStyle>
				<color>ff00ff0c</color>
				<width>2</width>
			</LineStyle>
		</Style>
		<MultiGeometry>
			<LineString>
				<tessellate>1</tessellate>
				<altitudeMode>absolute</altitudeMode>
				<coordinates>
					126.987869,37.399063,1028.7 126.983147,37.40263,1021.08 
				</coordinates>
			</LineString>
		</MultiGeometry>
	</Placemark>
	<Placemark>
		<name>P-682</name>
		<visibility>0</visibility>
		<description><![CDATA[<div><div><span><b>Altitude:</b></span> <span>3,350 ft</span></div>
<div><span><b>Speed:</b></span> <span>195 kt - 194 kt</span></div>
<div><span><b>Timestamp:</b></span><br/><span>2023-12-14 22:45:08 UTC<br/>2023-12-14 22:45:09 UTC</span></div>
</div>]]></description>
		<Style>
			<LineStyle>
				<color>ff00ff0c</color>
				<width>2</width>
			</LineStyle>
		</Style>
		<MultiGeometry>
			<LineString>
				<tessellate>1</tessellate>
				<altitudeMode>absolute</altitudeMode>
				<coordinates>
					126.983147,37.40263,1021.08 126.982788,37.402908,1021.08 
				</coordinates>
			</LineString>
		</MultiGeometry>
	</Placemark>
	<Placemark>
		<name>P-683</name>
		<visibility>0</visibility>
		<description><![CDATA[<div><div><span><b>Altitude:</b></span> <span>3,350 ft</span></div>
<div><span><b>Speed:</b></span> <span>194 kt</span></div>
<div><span><b>Timestamp:</b></span><br/><span>2023-12-14 22:45:09 UTC<br/>2023-12-14 22:45:12 UTC</span></div>
</div>]]></description>
		<Style>
			<LineStyle>
				<color>ff00ff0c</color>
				<width>2</width>
			</LineStyle>
		</Style>
		<MultiGeometry>
			<LineString>
				<tessellate>1</tessellate>
				<altitudeMode>absolute</altitudeMode>
				<coordinates>
					126.982788,37.402908,1021.08 126.981476,37.403839,1021.08 
				</coordinates>
			</LineString>
		</MultiGeometry>
	</Placemark>
	<Placemark>
		<name>P-684</name>
		<visibility>0</visibility>
		<description><![CDATA[<div><div><span><b>Altitude:</b></span> <span>3,350 ft</span></div>
<div><span><b>Speed:</b></span> <span>194 kt - 195 kt</span></div>
<div><span><b>Timestamp:</b></span><br/><span>2023-12-14 22:45:12 UTC<br/>2023-12-14 22:45:14 UTC</span></div>
</div>]]></description>
		<Style>
			<LineStyle>
				<color>ff00ff0c</color>
				<width>2</width>
			</LineStyle>
		</Style>
		<MultiGeometry>
			<LineString>
				<tessellate>1</tessellate>
				<altitudeMode>absolute</altitudeMode>
				<coordinates>
					126.981476,37.403839,1021.08 126.979568,37.405289,1021.08 
				</coordinates>
			</LineString>
		</MultiGeometry>
	</Placemark>
	<Placemark>
		<name>P-685</name>
		<visibility>0</visibility>
		<description><![CDATA[<div><div><span><b>Altitude:</b></span> <span>3,350 ft</span></div>
<div><span><b>Speed:</b></span> <span>195 kt - 194 kt</span></div>
<div><span><b>Timestamp:</b></span><br/><span>2023-12-14 22:45:14 UTC<br/>2023-12-14 22:45:18 UTC</span></div>
</div>]]></description>
		<Style>
			<LineStyle>
				<color>ff00ff0c</color>
				<width>2</width>
			</LineStyle>
		</Style>
		<MultiGeometry>
			<LineString>
				<tessellate>1</tessellate>
				<altitudeMode>absolute</altitudeMode>
				<coordinates>
					126.979568,37.405289,1021.08 126.975502,37.408539,1021.08 
				</coordinates>
			</LineString>
		</MultiGeometry>
	</Placemark>
	<Placemark>
		<name>P-686</name>
		<visibility>0</visibility>
		<description><![CDATA[<div><div><span><b>Altitude:</b></span> <span>3,350 ft - 3,375 ft</span></div>
<div><span><b>Speed:</b></span> <span>194 kt</span></div>
<div><span><b>Timestamp:</b></span><br/><span>2023-12-14 22:45:18 UTC<br/>2023-12-14 22:45:21 UTC</span></div>
</div>]]></description>
		<Style>
			<LineStyle>
				<color>ff00ff0c</color>
				<width>2</width>
			</LineStyle>
		</Style>
		<MultiGeometry>
			<LineString>
				<tessellate>1</tessellate>
				<altitudeMode>absolute</altitudeMode>
				<coordinates>
					126.975502,37.408539,1021.08 126.973236,37.410355,1028.7 
				</coordinates>
			</LineString>
		</MultiGeometry>
	</Placemark>
	<Placemark>
		<name>P-687</name>
		<visibility>0</visibility>
		<description><![CDATA[<div><div><span><b>Altitude:</b></span> <span>3,375 ft - 3,350 ft</span></div>
<div><span><b>Speed:</b></span> <span>194 kt</span></div>
<div><span><b>Timestamp:</b></span><br/><span>2023-12-14 22:45:21 UTC<br/>2023-12-14 22:45:31 UTC</span></div>
</div>]]></description>
		<Style>
			<LineStyle>
				<color>ff00ff0c</color>
				<width>2</width>
			</LineStyle>
		</Style>
		<MultiGeometry>
			<LineString>
				<tessellate>1</tessellate>
				<altitudeMode>absolute</altitudeMode>
				<coordinates>
					126.973236,37.410355,1028.7 126.965172,37.41692,1021.08 
				</coordinates>
			</LineString>
		</MultiGeometry>
	</Placemark>
	<Placemark>
		<name>P-688</name>
		<visibility>0</visibility>
		<description><![CDATA[<div><div><span><b>Altitude:</b></span> <span>3,350 ft - 3,375 ft</span></div>
<div><span><b>Speed:</b></span> <span>194 kt - 193 kt</span></div>
<div><span><b>Timestamp:</b></span><br/><span>2023-12-14 22:45:31 UTC<br/>2023-12-14 22:45:41 UTC</span></div>
</div>]]></description>
		<Style>
			<LineStyle>
				<color>ff00ff0c</color>
				<width>2</width>
			</LineStyle>
		</Style>
		<MultiGeometry>
			<LineString>
				<tessellate>1</tessellate>
				<altitudeMode>absolute</altitudeMode>
				<coordinates>
					126.965172,37.41692,1021.08 126.957527,37.423019,1028.7 
				</coordinates>
			</LineString>
		</MultiGeometry>
	</Placemark>
	<Placemark>
		<name>P-689</name>
		<visibility>0</visibility>
		<description><![CDATA[<div><div><span><b>Altitude:</b></span> <span>3,375 ft - 3,350 ft</span></div>
<div><span><b>Speed:</b></span> <span>193 kt - 189 kt</span></div>
<div><span><b>Timestamp:</b></span><br/><span>2023-12-14 22:45:41 UTC<br/>2023-12-14 22:45:50 UTC</span></div>
</div>]]></description>
		<Style>
			<LineStyle>
				<color>ff00ff0c</color>
				<width>2</width>
			</LineStyle>
		</Style>
		<MultiGeometry>
			<LineString>
				<tessellate>1</tessellate>
				<altitudeMode>absolute</altitudeMode>
				<coordinates>
					126.957527,37.423019,1028.7 126.950066,37.429165,1021.08 
				</coordinates>
			</LineString>
		</MultiGeometry>
	</Placemark>
	<Placemark>
		<name>P-690</name>
		<visibility>0</visibility>
		<description><![CDATA[<div><div><span><b>Altitude:</b></span> <span>3,350 ft - 3,300 ft</span></div>
<div><span><b>Speed:</b></span> <span>189 kt - 188 kt</span></div>
<div><span><b>Timestamp:</b></span><br/><span>2023-12-14 22:45:50 UTC<br/>2023-12-14 22:45:56 UTC</span></div>
</div>]]></description>
		<Style>
			<LineStyle>
				<color>ff00ff0c</color>
				<width>2</width>
			</LineStyle>
		</Style>
		<MultiGeometry>
			<LineString>
				<tessellate>1</tessellate>
				<altitudeMode>absolute</altitudeMode>
				<coordinates>
					126.950066,37.429165,1021.08 126.945267,37.432983,1005.84 
				</coordinates>
			</LineString>
		</MultiGeometry>
	</Placemark>
	<Placemark>
		<name>P-691</name>
		<visibility>0</visibility>
		<description><![CDATA[<div><div><span><b>Altitude:</b></span> <span>3,300 ft - 3,125 ft</span></div>
<div><span><b>Speed:</b></span> <span>188 kt - 187 kt</span></div>
<div><span><b>Timestamp:</b></span><br/><span>2023-12-14 22:45:56 UTC<br/>2023-12-14 22:46:07 UTC</span></div>
</div>]]></description>
		<Style>
			<LineStyle>
				<color>ff00ff0c</color>
				<width>2</width>
			</LineStyle>
		</Style>
		<MultiGeometry>
			<LineString>
				<tessellate>1</tessellate>
				<altitudeMode>absolute</altitudeMode>
				<coordinates>
					126.945267,37.432983,1005.84 126.937492,37.439072,952.5 
				</coordinates>
			</LineString>
		</MultiGeometry>
	</Placemark>
	<Placemark>
		<name>P-692</name>
		<visibility>0</visibility>
		<description><![CDATA[<div><div><span><b>Altitude:</b></span> <span>3,125 ft - 3,000 ft</span></div>
<div><span><b>Speed:</b></span> <span>187 kt - 184 kt</span></div>
<div><span><b>Timestamp:</b></span><br/><span>2023-12-14 22:46:07 UTC<br/>2023-12-14 22:46:16 UTC</span></div>
</div>]]></description>
		<Style>
			<LineStyle>
				<color>ff1eff00</color>
				<width>2</width>
			</LineStyle>
		</Style>
		<MultiGeometry>
			<LineString>
				<tessellate>1</tessellate>
				<altitudeMode>absolute</altitudeMode>
				<coordinates>
					126.937492,37.439072,952.5 126.930481,37.44471,914.3999999999999 
				</coordinates>
			</LineString>
		</MultiGeometry>
	</Placemark>
	<Placemark>
		<name>P-693</name>
		<visibility>0</visibility>
		<description><![CDATA[<div><div><span><b>Altitude:</b></span> <span>3,000 ft - 2,875 ft</span></div>
<div><span><b>Speed:</b></span> <span>184 kt - 185 kt</span></div>
<div><span><b>Timestamp:</b></span><br/><span>2023-12-14 22:46:16 UTC<br/>2023-12-14 22:46:22 UTC</span></div>
</div>]]></description>
		<Style>
			<LineStyle>
				<color>ff1eff00</color>
				<width>2</width>
			</LineStyle>
		</Style>
		<MultiGeometry>
			<LineString>
				<tessellate>1</tessellate>
				<altitudeMode>absolute</altitudeMode>
				<coordinates>
					126.930481,37.44471,914.3999999999999 126.925224,37.448902,876.3 
				</coordinates>
			</LineString>
		</MultiGeometry>
	</Placemark>
	<Placemark>
		<name>P-694</name>
		<visibility>0</visibility>
		<description><![CDATA[<div><div><span><b>Altitude:</b></span> <span>2,875 ft - 2,725 ft</span></div>
<div><span><b>Speed:</b></span> <span>185 kt - 186 kt</span></div>
<div><span><b>Timestamp:</b></span><br/><span>2023-12-14 22:46:22 UTC<br/>2023-12-14 22:46:31 UTC</span></div>
</div>]]></description>
		<Style>
			<LineStyle>
				<color>ff1eff00</color>
				<width>2</width>
			</LineStyle>
		</Style>
		<MultiGeometry>
			<LineString>
				<tessellate>1</tessellate>
				<altitudeMode>absolute</altitudeMode>
				<coordinates>
					126.925224,37.448902,876.3 126.919022,37.453884,830.5799999999998 
				</coordinates>
			</LineString>
		</MultiGeometry>
	</Placemark>
	<Placemark>
		<name>P-695</name>
		<visibility>0</visibility>
		<description><![CDATA[<div><div><span><b>Altitude:</b></span> <span>2,725 ft - 2,550 ft</span></div>
<div><span><b>Speed:</b></span> <span>186 kt - 190 kt</span></div>
<div><span><b>Timestamp:</b></span><br/><span>2023-12-14 22:46:31 UTC<br/>2023-12-14 22:46:41 UTC</span></div>
</div>]]></description>
		<Style>
			<LineStyle>
				<color>ff1eff00</color>
				<width>2</width>
			</LineStyle>
		</Style>
		<MultiGeometry>
			<LineString>
				<tessellate>1</tessellate>
				<altitudeMode>absolute</altitudeMode>
				<coordinates>
					126.919022,37.453884,830.5799999999998 126.911255,37.460037,777.2399999999998 
				</coordinates>
			</LineString>
		</MultiGeometry>
	</Placemark>
	<Placemark>
		<name>P-696</name>
		<visibility>0</visibility>
		<description><![CDATA[<div><div><span><b>Altitude:</b></span> <span>2,550 ft - 2,425 ft</span></div>
<div><span><b>Speed:</b></span> <span>190 kt</span></div>
<div><span><b>Timestamp:</b></span><br/><span>2023-12-14 22:46:41 UTC<br/>2023-12-14 22:46:48 UTC</span></div>
</div>]]></description>
		<Style>
			<LineStyle>
				<color>ff42ff00</color>
				<width>2</width>
			</LineStyle>
		</Style>
		<MultiGeometry>
			<LineString>
				<tessellate>1</tessellate>
				<altitudeMode>absolute</altitudeMode>
				<coordinates>
					126.911255,37.460037,777.2399999999998 126.905762,37.464401,739.14 
				</coordinates>
			</LineString>
		</MultiGeometry>
	</Placemark>
	<Placemark>
		<name>P-697</name>
		<visibility>0</visibility>
		<description><![CDATA[<div><div><span><b>Altitude:</b></span> <span>2,425 ft - 2,250 ft</span></div>
<div><span><b>Speed:</b></span> <span>190 kt - 192 kt</span></div>
<div><span><b>Timestamp:</b></span><br/><span>2023-12-14 22:46:48 UTC<br/>2023-12-14 22:46:57 UTC</span></div>
</div>]]></description>
		<Style>
			<LineStyle>
				<color>ff42ff00</color>
				<width>2</width>
			</LineStyle>
		</Style>
		<MultiGeometry>
			<LineString>
				<tessellate>1</tessellate>
				<altitudeMode>absolute</altitudeMode>
				<coordinates>
					126.905762,37.464401,739.14 126.8983,37.470314,685.8 
				</coordinates>
			</LineString>
		</MultiGeometry>
	</Placemark>
	<Placemark>
		<name>P-698</name>
		<visibility>0</visibility>
		<description><![CDATA[<div><div><span><b>Altitude:</b></span> <span>2,250 ft - 2,175 ft</span></div>
<div><span><b>Speed:</b></span> <span>192 kt - 188 kt</span></div>
<div><span><b>Timestamp:</b></span><br/><span>2023-12-14 22:46:57 UTC<br/>2023-12-14 22:47:04 UTC</span></div>
</div>]]></description>
		<Style>
			<LineStyle>
				<color>ff42ff00</color>
				<width>2</width>
			</LineStyle>
		</Style>
		<MultiGeometry>
			<LineString>
				<tessellate>1</tessellate>
				<altitudeMode>absolute</altitudeMode>
				<coordinates>
					126.8983,37.470314,685.8 126.893227,37.474411,662.9400000000001 
				</coordinates>
			</LineString>
		</MultiGeometry>
	</Placemark>
	<Placemark>
		<name>P-699</name>
		<visibility>0</visibility>
		<description><![CDATA[<div><div><span><b>Altitude:</b></span> <span>2,175 ft - 2,000 ft</span></div>
<div><span><b>Speed:</b></span> <span>188 kt - 182 kt</span></div>
<div><span><b>Timestamp:</b></span><br/><span>2023-12-14 22:47:04 UTC<br/>2023-12-14 22:47:13 UTC</span></div>
</div>]]></description>
		<Style>
			<LineStyle>
				<color>ff42ff00</color>
				<width>2</width>
			</LineStyle>
		</Style>
		<MultiGeometry>
			<LineString>
				<tessellate>1</tessellate>
				<altitudeMode>absolute</altitudeMode>
				<coordinates>
					126.893227,37.474411,662.9400000000001 126.88607,37.480133,609.6 
				</coordinates>
			</LineString>
		</MultiGeometry>
	</Placemark>
	<Placemark>
		<name>P-700</name>
		<visibility>0</visibility>
		<description><![CDATA[<div><div><span><b>Altitude:</b></span> <span>2,000 ft - 1,850 ft</span></div>
<div><span><b>Speed:</b></span> <span>182 kt - 178 kt</span></div>
<div><span><b>Timestamp:</b></span><br/><span>2023-12-14 22:47:13 UTC<br/>2023-12-14 22:47:22 UTC</span></div>
</div>]]></description>
		<Style>
			<LineStyle>
				<color>ff42ff00</color>
				<width>2</width>
			</LineStyle>
		</Style>
		<MultiGeometry>
			<LineString>
				<tessellate>1</tessellate>
				<altitudeMode>absolute</altitudeMode>
				<coordinates>
					126.88607,37.480133,609.6 126.879494,37.485397,563.88 
				</coordinates>
			</LineString>
		</MultiGeometry>
	</Placemark>
	<Placemark>
		<name>P-701</name>
		<visibility>0</visibility>
		<description><![CDATA[<div><div><span><b>Altitude:</b></span> <span>1,850 ft - 1,750 ft</span></div>
<div><span><b>Speed:</b></span> <span>178 kt - 166 kt</span></div>
<div><span><b>Timestamp:</b></span><br/><span>2023-12-14 22:47:22 UTC<br/>2023-12-14 22:47:32 UTC</span></div>
</div>]]></description>
		<Style>
			<LineStyle>
				<color>ffccff00</color>
				<width>2</width>
			</LineStyle>
		</Style>
		<MultiGeometry>
			<LineString>
				<tessellate>1</tessellate>
				<altitudeMode>absolute</altitudeMode>
				<coordinates>
					126.879494,37.485397,563.88 126.872513,37.491028,533.4 
				</coordinates>
			</LineString>
		</MultiGeometry>
	</Placemark>
	<Placemark>
		<name>P-702</name>
		<visibility>0</visibility>
		<description><![CDATA[<div><div><span><b>Altitude:</b></span> <span>1,750 ft - 1,675 ft</span></div>
<div><span><b>Speed:</b></span> <span>166 kt - 159 kt</span></div>
<div><span><b>Timestamp:</b></span><br/><span>2023-12-14 22:47:32 UTC<br/>2023-12-14 22:47:38 UTC</span></div>
</div>]]></description>
		<Style>
			<LineStyle>
				<color>ffccff00</color>
				<width>2</width>
			</LineStyle>
		</Style>
		<MultiGeometry>
			<LineString>
				<tessellate>1</tessellate>
				<altitudeMode>absolute</altitudeMode>
				<coordinates>
					126.872513,37.491028,533.4 126.868683,37.494057,510.54 
				</coordinates>
			</LineString>
		</MultiGeometry>
	</Placemark>
	<Placemark>
		<name>P-703</name>
		<visibility>0</visibility>
		<description><![CDATA[<div><div><span><b>Altitude:</b></span> <span>1,675 ft - 1,550 ft</span></div>
<div><span><b>Speed:</b></span> <span>159 kt - 154 kt</span></div>
<div><span><b>Timestamp:</b></span><br/><span>2023-12-14 22:47:38 UTC<br/>2023-12-14 22:47:45 UTC</span></div>
</div>]]></description>
		<Style>
			<LineStyle>
				<color>ffccff00</color>
				<width>2</width>
			</LineStyle>
		</Style>
		<MultiGeometry>
			<LineString>
				<tessellate>1</tessellate>
				<altitudeMode>absolute</altitudeMode>
				<coordinates>
					126.868683,37.494057,510.54 126.864029,37.497734,472.4399999999999 
				</coordinates>
			</LineString>
		</MultiGeometry>
	</Placemark>
	<Placemark>
		<name>P-704</name>
		<visibility>0</visibility>
		<description><![CDATA[<div><div><span><b>Altitude:</b></span> <span>1,550 ft - 1,450 ft</span></div>
<div><span><b>Speed:</b></span> <span>154 kt - 147 kt</span></div>
<div><span><b>Timestamp:</b></span><br/><span>2023-12-14 22:47:45 UTC<br/>2023-12-14 22:47:52 UTC</span></div>
</div>]]></description>
		<Style>
			<LineStyle>
				<color>ffccff00</color>
				<width>2</width>
			</LineStyle>
		</Style>
		<MultiGeometry>
			<LineString>
				<tessellate>1</tessellate>
				<altitudeMode>absolute</altitudeMode>
				<coordinates>
					126.864029,37.497734,472.4399999999999 126.860535,37.500504,441.9599999999999 
				</coordinates>
			</LineString>
		</MultiGeometry>
	</Placemark>
	<Placemark>
		<name>P-705</name>
		<visibility>0</visibility>
		<description><![CDATA[<div><div><span><b>Altitude:</b></span> <span>1,450 ft - 1,325 ft</span></div>
<div><span><b>Speed:</b></span> <span>147 kt - 142 kt</span></div>
<div><span><b>Timestamp:</b></span><br/><span>2023-12-14 22:47:52 UTC<br/>2023-12-14 22:48:02 UTC</span></div>
</div>]]></description>
		<Style>
			<LineStyle>
				<color>ffccff00</color>
				<width>2</width>
			</LineStyle>
		</Style>
		<MultiGeometry>
			<LineString>
				<tessellate>1</tessellate>
				<altitudeMode>absolute</altitudeMode>
				<coordinates>
					126.860535,37.500504,441.9599999999999 126.854164,37.50563,403.86 
				</coordinates>
			</LineString>
		</MultiGeometry>
	</Placemark>
	<Placemark>
		<name>P-706</name>
		<visibility>0</visibility>
		<description><![CDATA[<div><div><span><b>Altitude:</b></span> <span>1,325 ft - 1,225 ft</span></div>
<div><span><b>Speed:</b></span> <span>142 kt - 138 kt</span></div>
<div><span><b>Timestamp:</b></span><br/><span>2023-12-14 22:48:02 UTC<br/>2023-12-14 22:48:09 UTC</span></div>
</div>]]></description>
		<Style>
			<LineStyle>
				<color>ffccff00</color>
				<width>2</width>
			</LineStyle>
		</Style>
		<MultiGeometry>
			<LineString>
				<tessellate>1</tessellate>
				<altitudeMode>absolute</altitudeMode>
				<coordinates>
					126.854164,37.50563,403.86 126.850113,37.508907,373.3799999999999 
				</coordinates>
			</LineString>
		</MultiGeometry>
	</Placemark>
	<Placemark>
		<name>P-707</name>
		<visibility>0</visibility>
		<description><![CDATA[<div><div><span><b>Altitude:</b></span> <span>1,225 ft - 1,100 ft</span></div>
<div><span><b>Speed:</b></span> <span>138 kt - 135 kt</span></div>
<div><span><b>Timestamp:</b></span><br/><span>2023-12-14 22:48:09 UTC<br/>2023-12-14 22:48:18 UTC</span></div>
</div>]]></description>
		<Style>
			<LineStyle>
				<color>fff0ff00</color>
				<width>2</width>
			</LineStyle>
		</Style>
		<MultiGeometry>
			<LineString>
				<tessellate>1</tessellate>
				<altitudeMode>absolute</altitudeMode>
				<coordinates>
					126.850113,37.508907,373.3799999999999 126.844986,37.513092,335.2799999999999 
				</coordinates>
			</LineString>
		</MultiGeometry>
	</Placemark>
	<Placemark>
		<name>P-708</name>
		<visibility>0</visibility>
		<description><![CDATA[<div><div><span><b>Altitude:</b></span> <span>1,100 ft - 1,025 ft</span></div>
<div><span><b>Speed:</b></span> <span>135 kt</span></div>
<div><span><b>Timestamp:</b></span><br/><span>2023-12-14 22:48:18 UTC<br/>2023-12-14 22:48:24 UTC</span></div>
</div>]]></description>
		<Style>
			<LineStyle>
				<color>fff0ff00</color>
				<width>2</width>
			</LineStyle>
		</Style>
		<MultiGeometry>
			<LineString>
				<tessellate>1</tessellate>
				<altitudeMode>absolute</altitudeMode>
				<coordinates>
					126.844986,37.513092,335.2799999999999 126.841515,37.515797,312.42 
				</coordinates>
			</LineString>
		</MultiGeometry>
	</Placemark>
	<Placemark>
		<name>P-709</name>
		<visibility>0</visibility>
		<description><![CDATA[<div><div><span><b>Altitude:</b></span> <span>1,025 ft - 925 ft</span></div>
<div><span><b>Speed:</b></span> <span>135 kt - 134 kt</span></div>
<div><span><b>Timestamp:</b></span><br/><span>2023-12-14 22:48:24 UTC<br/>2023-12-14 22:48:34 UTC</span></div>
</div>]]></description>
		<Style>
			<LineStyle>
				<color>fff0ff00</color>
				<width>2</width>
			</LineStyle>
		</Style>
		<MultiGeometry>
			<LineString>
				<tessellate>1</tessellate>
				<altitudeMode>absolute</altitudeMode>
				<coordinates>
					126.841515,37.515797,312.42 126.83638,37.519939,281.94 
				</coordinates>
			</LineString>
		</MultiGeometry>
	</Placemark>
	<Placemark>
		<name>P-710</name>
		<visibility>0</visibility>
		<description><![CDATA[<div><div><span><b>Altitude:</b></span> <span>925 ft - 825 ft</span></div>
<div><span><b>Speed:</b></span> <span>134 kt - 132 kt</span></div>
<div><span><b>Timestamp:</b></span><br/><span>2023-12-14 22:48:34 UTC<br/>2023-12-14 22:48:40 UTC</span></div>
</div>]]></description>
		<Style>
			<LineStyle>
				<color>ffffea00</color>
				<width>2</width>
			</LineStyle>
		</Style>
		<MultiGeometry>
			<LineString>
				<tessellate>1</tessellate>
				<altitudeMode>absolute</altitudeMode>
				<coordinates>
					126.83638,37.519939,281.94 126.832603,37.522888,251.46 
				</coordinates>
			</LineString>
		</MultiGeometry>
	</Placemark>
	<Placemark>
		<name>P-711</name>
		<visibility>0</visibility>
		<description><![CDATA[<div><div><span><b>Altitude:</b></span> <span>825 ft - 725 ft</span></div>
<div><span><b>Speed:</b></span> <span>132 kt - 131 kt</span></div>
<div><span><b>Timestamp:</b></span><br/><span>2023-12-14 22:48:40 UTC<br/>2023-12-14 22:48:50 UTC</span></div>
</div>]]></description>
		<Style>
			<LineStyle>
				<color>ffffea00</color>
				<width>2</width>
			</LineStyle>
		</Style>
		<MultiGeometry>
			<LineString>
				<tessellate>1</tessellate>
				<altitudeMode>absolute</altitudeMode>
				<coordinates>
					126.832603,37.522888,251.46 126.82737,37.527016,220.98 
				</coordinates>
			</LineString>
		</MultiGeometry>
	</Placemark>
	<Placemark>
		<name>P-712</name>
		<visibility>0</visibility>
		<description><![CDATA[<div><div><span><b>Altitude:</b></span> <span>725 ft - 650 ft</span></div>
<div><span><b>Speed:</b></span> <span>131 kt - 132 kt</span></div>
<div><span><b>Timestamp:</b></span><br/><span>2023-12-14 22:48:50 UTC<br/>2023-12-14 22:48:57 UTC</span></div>
</div>]]></description>
		<Style>
			<LineStyle>
				<color>ffffea00</color>
				<width>2</width>
			</LineStyle>
		</Style>
		<MultiGeometry>
			<LineString>
				<tessellate>1</tessellate>
				<altitudeMode>absolute</altitudeMode>
				<coordinates>
					126.82737,37.527016,220.98 126.823837,37.529846,198.12 
				</coordinates>
			</LineString>
		</MultiGeometry>
	</Placemark>
	<Placemark>
		<name>P-713</name>
		<visibility>0</visibility>
		<description><![CDATA[<div><div><span><b>Altitude:</b></span> <span>650 ft - 550 ft</span></div>
<div><span><b>Speed:</b></span> <span>132 kt - 130 kt</span></div>
<div><span><b>Timestamp:</b></span><br/><span>2023-12-14 22:48:57 UTC<br/>2023-12-14 22:49:06 UTC</span></div>
</div>]]></description>
		<Style>
			<LineStyle>
				<color>ffffe062</color>
				<width>2</width>
			</LineStyle>
		</Style>
		<MultiGeometry>
			<LineString>
				<tessellate>1</tessellate>
				<altitudeMode>absolute</altitudeMode>
				<coordinates>
					126.823837,37.529846,198.12 126.818588,37.534046,167.64 
				</coordinates>
			</LineString>
		</MultiGeometry>
	</Placemark>
	<Placemark>
		<name>P-714</name>
		<visibility>0</visibility>
		<description><![CDATA[<div><div><span><b>Altitude:</b></span> <span>550 ft - 450 ft</span></div>
<div><span><b>Speed:</b></span> <span>130 kt</span></div>
<div><span><b>Timestamp:</b></span><br/><span>2023-12-14 22:49:06 UTC<br/>2023-12-14 22:49:13 UTC</span></div>
</div>]]></description>
		<Style>
			<LineStyle>
				<color>ffffe062</color>
				<width>2</width>
			</LineStyle>
		</Style>
		<MultiGeometry>
			<LineString>
				<tessellate>1</tessellate>
				<altitudeMode>absolute</altitudeMode>
				<coordinates>
					126.818588,37.534046,167.64 126.815071,37.53685,137.16 
				</coordinates>
			</LineString>
		</MultiGeometry>
	</Placemark>
	<Placemark>
		<name>P-715</name>
		<visibility>0</visibility>
		<description><![CDATA[<div><div><span><b>Altitude:</b></span> <span>450 ft - 325 ft</span></div>
<div><span><b>Speed:</b></span> <span>130 kt - 128 kt</span></div>
<div><span><b>Timestamp:</b></span><br/><span>2023-12-14 22:49:13 UTC<br/>2023-12-14 22:49:26 UTC</span></div>
</div>]]></description>
		<Style>
			<LineStyle>
				<color>ffffe062</color>
				<width>2</width>
			</LineStyle>
		</Style>
		<MultiGeometry>
			<LineString>
				<tessellate>1</tessellate>
				<altitudeMode>absolute</altitudeMode>
				<coordinates>
					126.815071,37.53685,137.16 126.80838,37.542191,99.06 
				</coordinates>
			</LineString>
		</MultiGeometry>
	</Placemark>
	<Placemark>
		<name>P-716</name>
		<visibility>0</visibility>
		<description><![CDATA[<div><div><span><b>Altitude:</b></span> <span>325 ft - 200 ft</span></div>
<div><span><b>Speed:</b></span> <span>128 kt - 127 kt</span></div>
<div><span><b>Timestamp:</b></span><br/><span>2023-12-14 22:49:26 UTC<br/>2023-12-14 22:49:35 UTC</span></div>
</div>]]></description>
		<Style>
			<LineStyle>
				<color>ffffffff</color>
				<width>2</width>
			</LineStyle>
		</Style>
		<MultiGeometry>
			<LineString>
				<tessellate>1</tessellate>
				<altitudeMode>absolute</altitudeMode>
				<coordinates>
					126.80838,37.542191,99.06 126.80336,37.546101,60.95999999999999 
				</coordinates>
			</LineString>
		</MultiGeometry>
	</Placemark>
	<Placemark>
		<name>P-717</name>
		<visibility>0</visibility>
		<description><![CDATA[<div><div><span><b>Altitude:</b></span> <span>200 ft - 150 ft</span></div>
<div><span><b>Speed:</b></span> <span>127 kt - 126 kt</span></div>
<div><span><b>Timestamp:</b></span><br/><span>2023-12-14 22:49:35 UTC<br/>2023-12-14 22:49:40 UTC</span></div>
</div>]]></description>
		<Style>
			<LineStyle>
				<color>ffffffff</color>
				<width>2</width>
			</LineStyle>
		</Style>
		<MultiGeometry>
			<LineString>
				<tessellate>1</tessellate>
				<altitudeMode>absolute</altitudeMode>
				<coordinates>
					126.80336,37.546101,60.95999999999999 126.800461,37.54834,45.72 
				</coordinates>
			</LineString>
		</MultiGeometry>
	</Placemark>
	<Placemark>
		<name>P-718</name>
		<visibility>0</visibility>
		<description><![CDATA[<div><div><span><b>Altitude:</b></span> <span>150 ft - 50 ft</span></div>
<div><span><b>Speed:</b></span> <span>126 kt - 118 kt</span></div>
<div><span><b>Timestamp:</b></span><br/><span>2023-12-14 22:49:40 UTC<br/>2023-12-14 22:49:50 UTC</span></div>
</div>]]></description>
		<Style>
			<LineStyle>
				<color>ffffffff</color>
				<width>2</width>
			</LineStyle>
		</Style>
		<MultiGeometry>
			<LineString>
				<tessellate>1</tessellate>
				<altitudeMode>absolute</altitudeMode>
				<coordinates>
					126.800461,37.54834,45.72 126.795662,37.552246,15.24 
				</coordinates>
			</LineString>
		</MultiGeometry>
	</Placemark>
	<Placemark>
		<name>P-719</name>
		<visibility>0</visibility>
		<description><![CDATA[<div><div><span><b>Altitude:</b></span> <span>50 ft - 25 ft</span></div>
<div><span><b>Speed:</b></span> <span>118 kt - 107 kt</span></div>
<div><span><b>Timestamp:</b></span><br/><span>2023-12-14 22:49:50 UTC<br/>2023-12-14 22:49:57 UTC</span></div>
</div>]]></description>
		<Style>
			<LineStyle>
				<color>ffffffff</color>
				<width>2</width>
			</LineStyle>
		</Style>
		<MultiGeometry>
			<LineString>
				<tessellate>1</tessellate>
				<altitudeMode>absolute</altitudeMode>
				<coordinates>
					126.795662,37.552246,15.24 126.792557,37.554806,7.619999999999998 
				</coordinates>
			</LineString>
		</MultiGeometry>
	</Placemark>
	<Placemark>
		<name>P-720</name>
		<visibility>0</visibility>
		<description><![CDATA[<div><div><span><b>Altitude:</b></span> <span>25 ft - 0 ft</span></div>
<div><span><b>Speed:</b></span> <span>107 kt - 70 kt</span></div>
<div><span><b>Timestamp:</b></span><br/><span>2023-12-14 22:49:57 UTC<br/>2023-12-14 22:50:06 UTC</span></div>
</div>]]></description>
		<Style>
			<LineStyle>
				<color>ffffffff</color>
				<width>2</width>
			</LineStyle>
		</Style>
		<MultiGeometry>
			<LineString>
				<tessellate>1</tessellate>
				<coordinates>
					126.792557,37.554806,7.619999999999998 126.789383,37.557301,0 
				</coordinates>
			</LineString>
		</MultiGeometry>
	</Placemark>
	<Placemark>
		<name>P-721</name>
		<visibility>0</visibility>
		<description><![CDATA[<div><div><span><b>Altitude:</b></span> <span>0 ft</span></div>
<div><span><b>Speed:</b></span> <span>70 kt - 49 kt</span></div>
<div><span><b>Timestamp:</b></span><br/><span>2023-12-14 22:50:06 UTC<br/>2023-12-14 22:50:14 UTC</span></div>
</div>]]></description>
		<Style>
			<LineStyle>
				<color>ffffffff</color>
				<width>2</width>
			</LineStyle>
		</Style>
		<MultiGeometry>
			<LineString>
				<tessellate>1</tessellate>
				<coordinates>
					126.789383,37.557301,0 126.787628,37.558704,0 
				</coordinates>
			</LineString>
		</MultiGeometry>
	</Placemark>
	<Placemark>
		<name>P-722</name>
		<visibility>0</visibility>
		<description><![CDATA[<div><div><span><b>Altitude:</b></span> <span>0 ft</span></div>
<div><span><b>Speed:</b></span> <span>49 kt - 34 kt</span></div>
<div><span><b>Timestamp:</b></span><br/><span>2023-12-14 22:50:14 UTC<br/>2023-12-14 22:50:24 UTC</span></div>
</div>]]></description>
		<Style>
			<LineStyle>
				<color>ffffffff</color>
				<width>2</width>
			</LineStyle>
		</Style>
		<MultiGeometry>
			<LineString>
				<tessellate>1</tessellate>
				<coordinates>
					126.787628,37.558704,0 126.786087,37.559956,0 
				</coordinates>
			</LineString>
		</MultiGeometry>
	</Placemark>
	<Placemark>
		<name>P-723</name>
		<visibility>0</visibility>
		<description><![CDATA[<div><div><span><b>Altitude:</b></span> <span>0 ft</span></div>
<div><span><b>Speed:</b></span> <span>34 kt - 26 kt</span></div>
<div><span><b>Timestamp:</b></span><br/><span>2023-12-14 22:50:24 UTC<br/>2023-12-14 22:50:31 UTC</span></div>
</div>]]></description>
		<Style>
			<LineStyle>
				<color>ffffffff</color>
				<width>2</width>
			</LineStyle>
		</Style>
		<MultiGeometry>
			<LineString>
				<tessellate>1</tessellate>
				<coordinates>
					126.786087,37.559956,0 126.785233,37.560631,0 
				</coordinates>
			</LineString>
		</MultiGeometry>
	</Placemark>
	<Placemark>
		<name>P-724</name>
		<visibility>0</visibility>
		<description><![CDATA[<div><div><span><b>Altitude:</b></span> <span>0 ft</span></div>
<div><span><b>Speed:</b></span> <span>26 kt - 25 kt</span></div>
<div><span><b>Timestamp:</b></span><br/><span>2023-12-14 22:50:31 UTC<br/>2023-12-14 22:50:36 UTC</span></div>
</div>]]></description>
		<Style>
			<LineStyle>
				<color>ffffffff</color>
				<width>2</width>
			</LineStyle>
		</Style>
		<MultiGeometry>
			<LineString>
				<tessellate>1</tessellate>
				<coordinates>
					126.785233,37.560631,0 126.784782,37.561047,0 
				</coordinates>
			</LineString>
		</MultiGeometry>
	</Placemark>
	<Placemark>
		<name>P-725</name>
		<visibility>0</visibility>
		<description><![CDATA[<div><div><span><b>Altitude:</b></span> <span>0 ft</span></div>
<div><span><b>Speed:</b></span> <span>25 kt - 24 kt</span></div>
<div><span><b>Timestamp:</b></span><br/><span>2023-12-14 22:50:36 UTC<br/>2023-12-14 22:50:41 UTC</span></div>
</div>]]></description>
		<Style>
			<LineStyle>
				<color>ffffffff</color>
				<width>2</width>
			</LineStyle>
		</Style>
		<MultiGeometry>
			<LineString>
				<tessellate>1</tessellate>
				<coordinates>
					126.784782,37.561047,0 126.784332,37.561569,0 
				</coordinates>
			</LineString>
		</MultiGeometry>
	</Placemark>
	<Placemark>
		<name>P-726</name>
		<visibility>0</visibility>
		<description><![CDATA[<div><div><span><b>Altitude:</b></span> <span>0 ft</span></div>
<div><span><b>Speed:</b></span> <span>24 kt</span></div>
<div><span><b>Timestamp:</b></span><br/><span>2023-12-14 22:50:41 UTC<br/>2023-12-14 22:50:45 UTC</span></div>
</div>]]></description>
		<Style>
			<LineStyle>
				<color>ffffffff</color>
				<width>2</width>
			</LineStyle>
		</Style>
		<MultiGeometry>
			<LineString>
				<tessellate>1</tessellate>
				<coordinates>
					126.784332,37.561569,0 126.78405,37.561989,0 
				</coordinates>
			</LineString>
		</MultiGeometry>
	</Placemark>
	<Placemark>
		<name>P-727</name>
		<visibility>0</visibility>
		<description><![CDATA[<div><div><span><b>Altitude:</b></span> <span>0 ft</span></div>
<div><span><b>Speed:</b></span> <span>24 kt - 25 kt</span></div>
<div><span><b>Timestamp:</b></span><br/><span>2023-12-14 22:50:45 UTC<br/>2023-12-14 22:50:49 UTC</span></div>
</div>]]></description>
		<Style>
			<LineStyle>
				<color>ffffffff</color>
				<width>2</width>
			</LineStyle>
		</Style>
		<MultiGeometry>
			<LineString>
				<tessellate>1</tessellate>
				<coordinates>
					126.78405,37.561989,0 126.783821,37.562428,0 
				</coordinates>
			</LineString>
		</MultiGeometry>
	</Placemark>
	<Placemark>
		<name>P-728</name>
		<visibility>0</visibility>
		<description><![CDATA[<div><div><span><b>Altitude:</b></span> <span>0 ft</span></div>
<div><span><b>Speed:</b></span> <span>25 kt</span></div>
<div><span><b>Timestamp:</b></span><br/><span>2023-12-14 22:50:49 UTC<br/>2023-12-14 22:50:52 UTC</span></div>
</div>]]></description>
		<Style>
			<LineStyle>
				<color>ffffffff</color>
				<width>2</width>
			</LineStyle>
		</Style>
		<MultiGeometry>
			<LineString>
				<tessellate>1</tessellate>
				<coordinates>
					126.783821,37.562428,0 126.78373,37.562668,0 
				</coordinates>
			</LineString>
		</MultiGeometry>
	</Placemark>
	<Placemark>
		<name>P-729</name>
		<visibility>0</visibility>
		<description><![CDATA[<div><div><span><b>Altitude:</b></span> <span>0 ft</span></div>
<div><span><b>Speed:</b></span> <span>25 kt</span></div>
<div><span><b>Timestamp:</b></span><br/><span>2023-12-14 22:50:52 UTC<br/>2023-12-14 22:50:55 UTC</span></div>
</div>]]></description>
		<Style>
			<LineStyle>
				<color>ffffffff</color>
				<width>2</width>
			</LineStyle>
		</Style>
		<MultiGeometry>
			<LineString>
				<tessellate>1</tessellate>
				<coordinates>
					126.78373,37.562668,0 126.783585,37.563061,0 
				</coordinates>
			</LineString>
		</MultiGeometry>
	</Placemark>
	<Placemark>
		<name>P-730</name>
		<visibility>0</visibility>
		<description><![CDATA[<div><div><span><b>Altitude:</b></span> <span>0 ft</span></div>
<div><span><b>Speed:</b></span> <span>25 kt - 22 kt</span></div>
<div><span><b>Timestamp:</b></span><br/><span>2023-12-14 22:50:55 UTC<br/>2023-12-14 22:50:59 UTC</span></div>
</div>]]></description>
		<Style>
			<LineStyle>
				<color>ffffffff</color>
				<width>2</width>
			</LineStyle>
		</Style>
		<MultiGeometry>
			<LineString>
				<tessellate>1</tessellate>
				<coordinates>
					126.783585,37.563061,0 126.78344,37.563492,0 
				</coordinates>
			</LineString>
		</MultiGeometry>
	</Placemark>
	<Placemark>
		<name>P-731</name>
		<visibility>0</visibility>
		<description><![CDATA[<div><div><span><b>Altitude:</b></span> <span>0 ft</span></div>
<div><span><b>Speed:</b></span> <span>22 kt - 21 kt</span></div>
<div><span><b>Timestamp:</b></span><br/><span>2023-12-14 22:50:59 UTC<br/>2023-12-14 22:51:02 UTC</span></div>
</div>]]></description>
		<Style>
			<LineStyle>
				<color>ffffffff</color>
				<width>2</width>
			</LineStyle>
		</Style>
		<MultiGeometry>
			<LineString>
				<tessellate>1</tessellate>
				<coordinates>
					126.78344,37.563492,0 126.78334,37.563801,0 
				</coordinates>
			</LineString>
		</MultiGeometry>
	</Placemark>
	<Placemark>
		<name>P-732</name>
		<visibility>0</visibility>
		<description><![CDATA[<div><div><span><b>Altitude:</b></span> <span>0 ft</span></div>
<div><span><b>Speed:</b></span> <span>21 kt</span></div>
<div><span><b>Timestamp:</b></span><br/><span>2023-12-14 22:51:02 UTC<br/>2023-12-14 22:51:05 UTC</span></div>
</div>]]></description>
		<Style>
			<LineStyle>
				<color>ffffffff</color>
				<width>2</width>
			</LineStyle>
		</Style>
		<MultiGeometry>
			<LineString>
				<tessellate>1</tessellate>
				<coordinates>
					126.78334,37.563801,0 126.78334,37.564075,0 
				</coordinates>
			</LineString>
		</MultiGeometry>
	</Placemark>
	<Placemark>
		<name>P-733</name>
		<visibility>0</visibility>
		<description><![CDATA[<div><div><span><b>Altitude:</b></span> <span>0 ft</span></div>
<div><span><b>Speed:</b></span> <span>21 kt - 20 kt</span></div>
<div><span><b>Timestamp:</b></span><br/><span>2023-12-14 22:51:05 UTC<br/>2023-12-14 22:51:08 UTC</span></div>
</div>]]></description>
		<Style>
			<LineStyle>
				<color>ffffffff</color>
				<width>2</width>
			</LineStyle>
		</Style>
		<MultiGeometry>
			<LineString>
				<tessellate>1</tessellate>
				<coordinates>
					126.78334,37.564075,0 126.783363,37.564339,0 
				</coordinates>
			</LineString>
		</MultiGeometry>
	</Placemark>
	<Placemark>
		<name>P-734</name>
		<visibility>0</visibility>
		<description><![CDATA[<div><div><span><b>Altitude:</b></span> <span>0 ft</span></div>
<div><span><b>Speed:</b></span> <span>20 kt - 19 kt</span></div>
<div><span><b>Timestamp:</b></span><br/><span>2023-12-14 22:51:08 UTC<br/>2023-12-14 22:51:10 UTC</span></div>
</div>]]></description>
		<Style>
			<LineStyle>
				<color>ffffffff</color>
				<width>2</width>
			</LineStyle>
		</Style>
		<MultiGeometry>
			<LineString>
				<tessellate>1</tessellate>
				<coordinates>
					126.783363,37.564339,0 126.78344,37.564545,0 
				</coordinates>
			</LineString>
		</MultiGeometry>
	</Placemark>
	<Placemark>
		<name>P-735</name>
		<visibility>0</visibility>
		<description><![CDATA[<div><div><span><b>Altitude:</b></span> <span>0 ft</span></div>
<div><span><b>Speed:</b></span> <span>19 kt - 17 kt</span></div>
<div><span><b>Timestamp:</b></span><br/><span>2023-12-14 22:51:10 UTC<br/>2023-12-14 22:51:19 UTC</span></div>
</div>]]></description>
		<Style>
			<LineStyle>
				<color>ffffffff</color>
				<width>2</width>
			</LineStyle>
		</Style>
		<MultiGeometry>
			<LineString>
				<tessellate>1</tessellate>
				<coordinates>
					126.78344,37.564545,0 126.783897,37.565155,0 
				</coordinates>
			</LineString>
		</MultiGeometry>
	</Placemark>
	<Placemark>
		<name>P-736</name>
		<visibility>0</visibility>
		<description><![CDATA[<div><div><span><b>Altitude:</b></span> <span>0 ft</span></div>
<div><span><b>Speed:</b></span> <span>17 kt - 15 kt</span></div>
<div><span><b>Timestamp:</b></span><br/><span>2023-12-14 22:51:19 UTC<br/>2023-12-14 22:51:24 UTC</span></div>
</div>]]></description>
		<Style>
			<LineStyle>
				<color>ffffffff</color>
				<width>2</width>
			</LineStyle>
		</Style>
		<MultiGeometry>
			<LineString>
				<tessellate>1</tessellate>
				<coordinates>
					126.783897,37.565155,0 126.784225,37.565414,0 
				</coordinates>
			</LineString>
		</MultiGeometry>
	</Placemark>
	<Placemark>
		<name>P-737</name>
		<visibility>0</visibility>
		<description><![CDATA[<div><div><span><b>Altitude:</b></span> <span>0 ft</span></div>
<div><span><b>Speed:</b></span> <span>15 kt - 14 kt</span></div>
<div><span><b>Timestamp:</b></span><br/><span>2023-12-14 22:51:24 UTC<br/>2023-12-14 22:51:28 UTC</span></div>
</div>]]></description>
		<Style>
			<LineStyle>
				<color>ffffffff</color>
				<width>2</width>
			</LineStyle>
		</Style>
		<MultiGeometry>
			<LineString>
				<tessellate>1</tessellate>
				<coordinates>
					126.784225,37.565414,0 126.784462,37.565609,0 
				</coordinates>
			</LineString>
		</MultiGeometry>
	</Placemark>
	<Placemark>
		<name>P-738</name>
		<visibility>0</visibility>
		<description><![CDATA[<div><div><span><b>Altitude:</b></span> <span>0 ft</span></div>
<div><span><b>Speed:</b></span> <span>14 kt - 13 kt</span></div>
<div><span><b>Timestamp:</b></span><br/><span>2023-12-14 22:51:28 UTC<br/>2023-12-14 22:51:36 UTC</span></div>
</div>]]></description>
		<Style>
			<LineStyle>
				<color>ffffffff</color>
				<width>2</width>
			</LineStyle>
		</Style>
		<MultiGeometry>
			<LineString>
				<tessellate>1</tessellate>
				<coordinates>
					126.784462,37.565609,0 126.784897,37.565964,0 
				</coordinates>
			</LineString>
		</MultiGeometry>
	</Placemark>
	<Placemark>
		<name>P-739</name>
		<visibility>0</visibility>
		<description><![CDATA[<div><div><span><b>Altitude:</b></span> <span>0 ft</span></div>
<div><span><b>Speed:</b></span> <span>13 kt - 14 kt</span></div>
<div><span><b>Timestamp:</b></span><br/><span>2023-12-14 22:51:36 UTC<br/>2023-12-14 22:51:40 UTC</span></div>
</div>]]></description>
		<Style>
			<LineStyle>
				<color>ffffffff</color>
				<width>2</width>
			</LineStyle>
		</Style>
		<MultiGeometry>
			<LineString>
				<tessellate>1</tessellate>
				<coordinates>
					126.784897,37.565964,0 126.785141,37.566143,0 
				</coordinates>
			</LineString>
		</MultiGeometry>
	</Placemark>
	<Placemark>
		<name>P-740</name>
		<visibility>0</visibility>
		<description><![CDATA[<div><div><span><b>Altitude:</b></span> <span>0 ft</span></div>
<div><span><b>Speed:</b></span> <span>14 kt - 13 kt</span></div>
<div><span><b>Timestamp:</b></span><br/><span>2023-12-14 22:51:40 UTC<br/>2023-12-14 22:51:47 UTC</span></div>
</div>]]></description>
		<Style>
			<LineStyle>
				<color>ffffffff</color>
				<width>2</width>
			</LineStyle>
		</Style>
		<MultiGeometry>
			<LineString>
				<tessellate>1</tessellate>
				<coordinates>
					126.785141,37.566143,0 126.7855,37.566444,0 
				</coordinates>
			</LineString>
		</MultiGeometry>
	</Placemark>
	<Placemark>
		<name>P-741</name>
		<visibility>0</visibility>
		<description><![CDATA[<div><div><span><b>Altitude:</b></span> <span>0 ft</span></div>
<div><span><b>Speed:</b></span> <span>13 kt - 10 kt</span></div>
<div><span><b>Timestamp:</b></span><br/><span>2023-12-14 22:51:47 UTC<br/>2023-12-14 22:51:53 UTC</span></div>
</div>]]></description>
		<Style>
			<LineStyle>
				<color>ffffffff</color>
				<width>2</width>
			</LineStyle>
		</Style>
		<MultiGeometry>
			<LineString>
				<tessellate>1</tessellate>
				<coordinates>
					126.7855,37.566444,0 126.785789,37.56665,0 
				</coordinates>
			</LineString>
		</MultiGeometry>
	</Placemark>
	<Placemark>
		<name>P-742</name>
		<visibility>0</visibility>
		<description><![CDATA[<div><div><span><b>Altitude:</b></span> <span>0 ft</span></div>
<div><span><b>Speed:</b></span> <span>10 kt</span></div>
<div><span><b>Timestamp:</b></span><br/><span>2023-12-14 22:51:53 UTC<br/>2023-12-14 22:51:56 UTC</span></div>
</div>]]></description>
		<Style>
			<LineStyle>
				<color>ffffffff</color>
				<width>2</width>
			</LineStyle>
		</Style>
		<MultiGeometry>
			<LineString>
				<tessellate>1</tessellate>
				<coordinates>
					126.785789,37.56665,0 126.785995,37.566708,0 
				</coordinates>
			</LineString>
		</MultiGeometry>
	</Placemark>
	<Placemark>
		<name>P-743</name>
		<visibility>0</visibility>
		<description><![CDATA[<div><div><span><b>Altitude:</b></span> <span>0 ft</span></div>
<div><span><b>Speed:</b></span> <span>10 kt - 11 kt</span></div>
<div><span><b>Timestamp:</b></span><br/><span>2023-12-14 22:51:56 UTC<br/>2023-12-14 22:52:00 UTC</span></div>
</div>]]></description>
		<Style>
			<LineStyle>
				<color>ffffffff</color>
				<width>2</width>
			</LineStyle>
		</Style>
		<MultiGeometry>
			<LineString>
				<tessellate>1</tessellate>
				<coordinates>
					126.785995,37.566708,0 126.786247,37.566673,0 
				</coordinates>
			</LineString>
		</MultiGeometry>
	</Placemark>
	<Placemark>
		<name>P-744</name>
		<visibility>0</visibility>
		<description><![CDATA[<div><div><span><b>Altitude:</b></span> <span>0 ft</span></div>
<div><span><b>Speed:</b></span> <span>11 kt - 10 kt</span></div>
<div><span><b>Timestamp:</b></span><br/><span>2023-12-14 22:52:00 UTC<br/>2023-12-14 22:52:05 UTC</span></div>
</div>]]></description>
		<Style>
			<LineStyle>
				<color>ffffffff</color>
				<width>2</width>
			</LineStyle>
		</Style>
		<MultiGeometry>
			<LineString>
				<tessellate>1</tessellate>
				<coordinates>
					126.786247,37.566673,0 126.786461,37.566547,0 
				</coordinates>
			</LineString>
		</MultiGeometry>
	</Placemark>
	<Placemark>
		<name>P-745</name>
		<visibility>0</visibility>
		<description><![CDATA[<div><div><span><b>Altitude:</b></span> <span>0 ft</span></div>
<div><span><b>Speed:</b></span> <span>10 kt</span></div>
<div><span><b>Timestamp:</b></span><br/><span>2023-12-14 22:52:05 UTC<br/>2023-12-14 22:52:12 UTC</span></div>
</div>]]></description>
		<Style>
			<LineStyle>
				<color>ffffffff</color>
				<width>2</width>
			</LineStyle>
		</Style>
		<MultiGeometry>
			<LineString>
				<tessellate>1</tessellate>
				<coordinates>
					126.786461,37.566547,0 126.786743,37.56633,0 
				</coordinates>
			</LineString>
		</MultiGeometry>
	</Placemark>
	<Placemark>
		<name>P-746</name>
		<visibility>0</visibility>
		<description><![CDATA[<div><div><span><b>Altitude:</b></span> <span>0 ft</span></div>
<div><span><b>Speed:</b></span> <span>10 kt</span></div>
<div><span><b>Timestamp:</b></span><br/><span>2023-12-14 22:52:12 UTC<br/>2023-12-14 22:52:23 UTC</span></div>
</div>]]></description>
		<Style>
			<LineStyle>
				<color>ffffffff</color>
				<width>2</width>
			</LineStyle>
		</Style>
		<MultiGeometry>
			<LineString>
				<tessellate>1</tessellate>
				<coordinates>
					126.786743,37.56633,0 126.787209,37.565975,0 
				</coordinates>
			</LineString>
		</MultiGeometry>
	</Placemark>
	<Placemark>
		<name>P-747</name>
		<visibility>0</visibility>
		<description><![CDATA[<div><div><span><b>Altitude:</b></span> <span>0 ft</span></div>
<div><span><b>Speed:</b></span> <span>10 kt</span></div>
<div><span><b>Timestamp:</b></span><br/><span>2023-12-14 22:52:23 UTC<br/>2023-12-14 22:52:29 UTC</span></div>
</div>]]></description>
		<Style>
			<LineStyle>
				<color>ffffffff</color>
				<width>2</width>
			</LineStyle>
		</Style>
		<MultiGeometry>
			<LineString>
				<tessellate>1</tessellate>
				<coordinates>
					126.787209,37.565975,0 126.78746,37.565769,0 
				</coordinates>
			</LineString>
		</MultiGeometry>
	</Placemark>
	<Placemark>
		<name>P-748</name>
		<visibility>0</visibility>
		<description><![CDATA[<div><div><span><b>Altitude:</b></span> <span>0 ft</span></div>
<div><span><b>Speed:</b></span> <span>10 kt</span></div>
<div><span><b>Timestamp:</b></span><br/><span>2023-12-14 22:52:29 UTC<br/>2023-12-14 22:52:36 UTC</span></div>
</div>]]></description>
		<Style>
			<LineStyle>
				<color>ffffffff</color>
				<width>2</width>
			</LineStyle>
		</Style>
		<MultiGeometry>
			<LineString>
				<tessellate>1</tessellate>
				<coordinates>
					126.78746,37.565769,0 126.78772,37.565548,0 
				</coordinates>
			</LineString>
		</MultiGeometry>
	</Placemark>
	<Placemark>
		<name>P-749</name>
		<visibility>0</visibility>
		<description><![CDATA[<div><div><span><b>Altitude:</b></span> <span>0 ft</span></div>
<div><span><b>Speed:</b></span> <span>10 kt</span></div>
<div><span><b>Timestamp:</b></span><br/><span>2023-12-14 22:52:36 UTC<br/>2023-12-14 22:52:42 UTC</span></div>
</div>]]></description>
		<Style>
			<LineStyle>
				<color>ffffffff</color>
				<width>2</width>
			</LineStyle>
		</Style>
		<MultiGeometry>
			<LineString>
				<tessellate>1</tessellate>
				<coordinates>
					126.78772,37.565548,0 126.787994,37.565334,0 
				</coordinates>
			</LineString>
		</MultiGeometry>
	</Placemark>
	<Placemark>
		<name>P-750</name>
		<visibility>0</visibility>
		<description><![CDATA[<div><div><span><b>Altitude:</b></span> <span>0 ft</span></div>
<div><span><b>Speed:</b></span> <span>10 kt - 11 kt</span></div>
<div><span><b>Timestamp:</b></span><br/><span>2023-12-14 22:52:42 UTC<br/>2023-12-14 22:52:51 UTC</span></div>
</div>]]></description>
		<Style>
			<LineStyle>
				<color>ffffffff</color>
				<width>2</width>
			</LineStyle>
		</Style>
		<MultiGeometry>
			<LineString>
				<tessellate>1</tessellate>
				<coordinates>
					126.787994,37.565334,0 126.788376,37.565037,0 
				</coordinates>
			</LineString>
		</MultiGeometry>
	</Placemark>
	<Placemark>
		<name>P-751</name>
		<visibility>0</visibility>
		<description><![CDATA[<div><div><span><b>Altitude:</b></span> <span>0 ft</span></div>
<div><span><b>Speed:</b></span> <span>11 kt</span></div>
<div><span><b>Timestamp:</b></span><br/><span>2023-12-14 22:52:51 UTC<br/>2023-12-14 22:52:58 UTC</span></div>
</div>]]></description>
		<Style>
			<LineStyle>
				<color>ffffffff</color>
				<width>2</width>
			</LineStyle>
		</Style>
		<MultiGeometry>
			<LineString>
				<tessellate>1</tessellate>
				<coordinates>
					126.788376,37.565037,0 126.788712,37.564762,0 
				</coordinates>
			</LineString>
		</MultiGeometry>
	</Placemark>
	<Placemark>
		<name>P-752</name>
		<visibility>0</visibility>
		<description><![CDATA[<div><div><span><b>Altitude:</b></span> <span>0 ft</span></div>
<div><span><b>Speed:</b></span> <span>11 kt - 12 kt</span></div>
<div><span><b>Timestamp:</b></span><br/><span>2023-12-14 22:52:58 UTC<br/>2023-12-14 22:53:05 UTC</span></div>
</div>]]></description>
		<Style>
			<LineStyle>
				<color>ffffffff</color>
				<width>2</width>
			</LineStyle>
		</Style>
		<MultiGeometry>
			<LineString>
				<tessellate>1</tessellate>
				<coordinates>
					126.788712,37.564762,0 126.789062,37.56448,0 
				</coordinates>
			</LineString>
		</MultiGeometry>
	</Placemark>
	<Placemark>
		<name>P-753</name>
		<visibility>0</visibility>
		<description><![CDATA[<div><div><span><b>Altitude:</b></span> <span>0 ft</span></div>
<div><span><b>Speed:</b></span> <span>12 kt</span></div>
<div><span><b>Timestamp:</b></span><br/><span>2023-12-14 22:53:05 UTC<br/>2023-12-14 22:53:12 UTC</span></div>
</div>]]></description>
		<Style>
			<LineStyle>
				<color>ffffffff</color>
				<width>2</width>
			</LineStyle>
		</Style>
		<MultiGeometry>
			<LineString>
				<tessellate>1</tessellate>
				<coordinates>
					126.789062,37.56448,0 126.789421,37.564198,0 
				</coordinates>
			</LineString>
		</MultiGeometry>
	</Placemark>
	<Placemark>
		<name>P-754</name>
		<visibility>0</visibility>
		<description><![CDATA[<div><div><span><b>Altitude:</b></span> <span>0 ft</span></div>
<div><span><b>Speed:</b></span> <span>12 kt - 13 kt</span></div>
<div><span><b>Timestamp:</b></span><br/><span>2023-12-14 22:53:12 UTC<br/>2023-12-14 22:53:21 UTC</span></div>
</div>]]></description>
		<Style>
			<LineStyle>
				<color>ffffffff</color>
				<width>2</width>
			</LineStyle>
		</Style>
		<MultiGeometry>
			<LineString>
				<tessellate>1</tessellate>
				<coordinates>
					126.789421,37.564198,0 126.789932,37.563805,0 
				</coordinates>
			</LineString>
		</MultiGeometry>
	</Placemark>
	<Placemark>
		<name>P-755</name>
		<visibility>0</visibility>
		<description><![CDATA[<div><div><span><b>Altitude:</b></span> <span>0 ft</span></div>
<div><span><b>Speed:</b></span> <span>13 kt - 12 kt</span></div>
<div><span><b>Timestamp:</b></span><br/><span>2023-12-14 22:53:21 UTC<br/>2023-12-14 22:53:36 UTC</span></div>
</div>]]></description>
		<Style>
			<LineStyle>
				<color>ffffffff</color>
				<width>2</width>
			</LineStyle>
		</Style>
		<MultiGeometry>
			<LineString>
				<tessellate>1</tessellate>
				<coordinates>
					126.789932,37.563805,0 126.790657,37.563221,0 
				</coordinates>
			</LineString>
		</MultiGeometry>
	</Placemark>
	<Placemark>
		<name>P-756</name>
		<visibility>0</visibility>
		<description><![CDATA[<div><div><span><b>Altitude:</b></span> <span>0 ft</span></div>
<div><span><b>Speed:</b></span> <span>12 kt - 11 kt</span></div>
<div><span><b>Timestamp:</b></span><br/><span>2023-12-14 22:53:36 UTC<br/>2023-12-14 22:53:41 UTC</span></div>
</div>]]></description>
		<Style>
			<LineStyle>
				<color>ffffffff</color>
				<width>2</width>
			</LineStyle>
		</Style>
		<MultiGeometry>
			<LineString>
				<tessellate>1</tessellate>
				<coordinates>
					126.790657,37.563221,0 126.790993,37.563103,0 
				</coordinates>
			</LineString>
		</MultiGeometry>
	</Placemark>
	<Placemark>
		<name>P-757</name>
		<visibility>0</visibility>
		<description><![CDATA[<div><div><span><b>Altitude:</b></span> <span>0 ft</span></div>
<div><span><b>Speed:</b></span> <span>11 kt - 10 kt</span></div>
<div><span><b>Timestamp:</b></span><br/><span>2023-12-14 22:53:41 UTC<br/>2023-12-14 22:53:48 UTC</span></div>
</div>]]></description>
		<Style>
			<LineStyle>
				<color>ffffffff</color>
				<width>2</width>
			</LineStyle>
		</Style>
		<MultiGeometry>
			<LineString>
				<tessellate>1</tessellate>
				<coordinates>
					126.790993,37.563103,0 126.791359,37.563183,0 
				</coordinates>
			</LineString>
		</MultiGeometry>
	</Placemark>
	<Placemark>
		<name>P-758</name>
		<visibility>0</visibility>
		<description><![CDATA[<div><div><span><b>Altitude:</b></span> <span>0 ft</span></div>
<div><span><b>Speed:</b></span> <span>10 kt</span></div>
<div><span><b>Timestamp:</b></span><br/><span>2023-12-14 22:53:48 UTC<br/>2023-12-14 22:53:53 UTC</span></div>
</div>]]></description>
		<Style>
			<LineStyle>
				<color>ffffffff</color>
				<width>2</width>
			</LineStyle>
		</Style>
		<MultiGeometry>
			<LineString>
				<tessellate>1</tessellate>
				<coordinates>
					126.791359,37.563183,0 126.79158,37.563332,0 
				</coordinates>
			</LineString>
		</MultiGeometry>
	</Placemark>
	<Placemark>
		<name>P-759</name>
		<visibility>0</visibility>
		<description><![CDATA[<div><div><span><b>Altitude:</b></span> <span>0 ft</span></div>
<div><span><b>Speed:</b></span> <span>10 kt - 11 kt</span></div>
<div><span><b>Timestamp:</b></span><br/><span>2023-12-14 22:53:53 UTC<br/>2023-12-14 22:53:58 UTC</span></div>
</div>]]></description>
		<Style>
			<LineStyle>
				<color>ffffffff</color>
				<width>2</width>
			</LineStyle>
		</Style>
		<MultiGeometry>
			<LineString>
				<tessellate>1</tessellate>
				<coordinates>
					126.79158,37.563332,0 126.791794,37.563503,0 
				</coordinates>
			</LineString>
		</MultiGeometry>
	</Placemark>
	<Placemark>
		<name>P-760</name>
		<visibility>0</visibility>
		<description><![CDATA[<div><div><span><b>Altitude:</b></span> <span>0 ft</span></div>
<div><span><b>Speed:</b></span> <span>11 kt - 12 kt</span></div>
<div><span><b>Timestamp:</b></span><br/><span>2023-12-14 22:53:58 UTC<br/>2023-12-14 22:54:04 UTC</span></div>
</div>]]></description>
		<Style>
			<LineStyle>
				<color>ffffffff</color>
				<width>2</width>
			</LineStyle>
		</Style>
		<MultiGeometry>
			<LineString>
				<tessellate>1</tessellate>
				<coordinates>
					126.791794,37.563503,0 126.792091,37.563759,0 
				</coordinates>
			</LineString>
		</MultiGeometry>
	</Placemark>
	<Placemark>
		<name>P-761</name>
		<visibility>0</visibility>
		<description><![CDATA[<div><div><span><b>Altitude:</b></span> <span>0 ft</span></div>
<div><span><b>Speed:</b></span> <span>12 kt</span></div>
<div><span><b>Timestamp:</b></span><br/><span>2023-12-14 22:54:04 UTC<br/>2023-12-14 22:54:11 UTC</span></div>
</div>]]></description>
		<Style>
			<LineStyle>
				<color>ffffffff</color>
				<width>2</width>
			</LineStyle>
		</Style>
		<MultiGeometry>
			<LineString>
				<tessellate>1</tessellate>
				<coordinates>
					126.792091,37.563759,0 126.79245,37.564041,0 
				</coordinates>
			</LineString>
		</MultiGeometry>
	</Placemark>
	<Placemark>
		<name>P-762</name>
		<visibility>0</visibility>
		<description><![CDATA[<div><div><span><b>Altitude:</b></span> <span>0 ft</span></div>
<div><span><b>Speed:</b></span> <span>12 kt</span></div>
<div><span><b>Timestamp:</b></span><br/><span>2023-12-14 22:54:11 UTC<br/>2023-12-14 22:54:16 UTC</span></div>
</div>]]></description>
		<Style>
			<LineStyle>
				<color>ffffffff</color>
				<width>2</width>
			</LineStyle>
		</Style>
		<MultiGeometry>
			<LineString>
				<tessellate>1</tessellate>
				<coordinates>
					126.79245,37.564041,0 126.792694,37.564224,0 
				</coordinates>
			</LineString>
		</MultiGeometry>
	</Placemark>
	<Placemark>
		<name>P-763</name>
		<visibility>0</visibility>
		<description><![CDATA[<div><div><span><b>Altitude:</b></span> <span>0 ft</span></div>
<div><span><b>Speed:</b></span> <span>12 kt</span></div>
<div><span><b>Timestamp:</b></span><br/><span>2023-12-14 22:54:16 UTC<br/>2023-12-14 22:54:22 UTC</span></div>
</div>]]></description>
		<Style>
			<LineStyle>
				<color>ffffffff</color>
				<width>2</width>
			</LineStyle>
		</Style>
		<MultiGeometry>
			<LineString>
				<tessellate>1</tessellate>
				<coordinates>
					126.792694,37.564224,0 126.793022,37.564487,0 
				</coordinates>
			</LineString>
		</MultiGeometry>
	</Placemark>
	<Placemark>
		<name>P-764</name>
		<visibility>0</visibility>
		<description><![CDATA[<div><div><span><b>Altitude:</b></span> <span>0 ft</span></div>
<div><span><b>Speed:</b></span> <span>12 kt</span></div>
<div><span><b>Timestamp:</b></span><br/><span>2023-12-14 22:54:22 UTC<br/>2023-12-14 22:54:29 UTC</span></div>
</div>]]></description>
		<Style>
			<LineStyle>
				<color>ffffffff</color>
				<width>2</width>
			</LineStyle>
		</Style>
		<MultiGeometry>
			<LineString>
				<tessellate>1</tessellate>
				<coordinates>
					126.793022,37.564487,0 126.793373,37.564774,0 
				</coordinates>
			</LineString>
		</MultiGeometry>
	</Placemark>
	<Placemark>
		<name>P-765</name>
		<visibility>0</visibility>
		<description><![CDATA[<div><div><span><b>Altitude:</b></span> <span>0 ft</span></div>
<div><span><b>Speed:</b></span> <span>12 kt - 11 kt</span></div>
<div><span><b>Timestamp:</b></span><br/><span>2023-12-14 22:54:29 UTC<br/>2023-12-14 22:54:37 UTC</span></div>
</div>]]></description>
		<Style>
			<LineStyle>
				<color>ffffffff</color>
				<width>2</width>
			</LineStyle>
		</Style>
		<MultiGeometry>
			<LineString>
				<tessellate>1</tessellate>
				<coordinates>
					126.793373,37.564774,0 126.793709,37.565025,0 
				</coordinates>
			</LineString>
		</MultiGeometry>
	</Placemark>
	<Placemark>
		<name>P-766</name>
		<visibility>0</visibility>
		<description><![CDATA[<div><div><span><b>Altitude:</b></span> <span>0 ft</span></div>
<div><span><b>Speed:</b></span> <span>11 kt</span></div>
<div><span><b>Timestamp:</b></span><br/><span>2023-12-14 22:54:37 UTC<br/>2023-12-14 22:54:44 UTC</span></div>
</div>]]></description>
		<Style>
			<LineStyle>
				<color>ffffffff</color>
				<width>2</width>
			</LineStyle>
		</Style>
		<MultiGeometry>
			<LineString>
				<tessellate>1</tessellate>
				<coordinates>
					126.793709,37.565025,0 126.794052,37.565304,0 
				</coordinates>
			</LineString>
		</MultiGeometry>
	</Placemark>
	<Placemark>
		<name>P-767</name>
		<visibility>0</visibility>
		<description><![CDATA[<div><div><span><b>Altitude:</b></span> <span>0 ft</span></div>
<div><span><b>Speed:</b></span> <span>11 kt</span></div>
<div><span><b>Timestamp:</b></span><br/><span>2023-12-14 22:54:44 UTC<br/>2023-12-14 22:54:50 UTC</span></div>
</div>]]></description>
		<Style>
			<LineStyle>
				<color>ffffffff</color>
				<width>2</width>
			</LineStyle>
		</Style>
		<MultiGeometry>
			<LineString>
				<tessellate>1</tessellate>
				<coordinates>
					126.794052,37.565304,0 126.794327,37.565529,0 
				</coordinates>
			</LineString>
		</MultiGeometry>
	</Placemark>
	<Placemark>
		<name>P-768</name>
		<visibility>0</visibility>
		<description><![CDATA[<div><div><span><b>Altitude:</b></span> <span>0 ft</span></div>
<div><span><b>Speed:</b></span> <span>11 kt</span></div>
<div><span><b>Timestamp:</b></span><br/><span>2023-12-14 22:54:50 UTC<br/>2023-12-14 22:54:57 UTC</span></div>
</div>]]></description>
		<Style>
			<LineStyle>
				<color>ffffffff</color>
				<width>2</width>
			</LineStyle>
		</Style>
		<MultiGeometry>
			<LineString>
				<tessellate>1</tessellate>
				<coordinates>
					126.794327,37.565529,0 126.794632,37.565769,0 
				</coordinates>
			</LineString>
		</MultiGeometry>
	</Placemark>
	<Placemark>
		<name>P-769</name>
		<visibility>0</visibility>
		<description><![CDATA[<div><div><span><b>Altitude:</b></span> <span>0 ft</span></div>
<div><span><b>Speed:</b></span> <span>11 kt</span></div>
<div><span><b>Timestamp:</b></span><br/><span>2023-12-14 22:54:57 UTC<br/>2023-12-14 22:55:04 UTC</span></div>
</div>]]></description>
		<Style>
			<LineStyle>
				<color>ffffffff</color>
				<width>2</width>
			</LineStyle>
		</Style>
		<MultiGeometry>
			<LineString>
				<tessellate>1</tessellate>
				<coordinates>
					126.794632,37.565769,0 126.794945,37.566013,0 
				</coordinates>
			</LineString>
		</MultiGeometry>
	</Placemark>
	<Placemark>
		<name>P-770</name>
		<visibility>0</visibility>
		<description><![CDATA[<div><div><span><b>Altitude:</b></span> <span>0 ft</span></div>
<div><span><b>Speed:</b></span> <span>11 kt - 10 kt</span></div>
<div><span><b>Timestamp:</b></span><br/><span>2023-12-14 22:55:04 UTC<br/>2023-12-14 22:55:11 UTC</span></div>
</div>]]></description>
		<Style>
			<LineStyle>
				<color>ffffffff</color>
				<width>2</width>
			</LineStyle>
		</Style>
		<MultiGeometry>
			<LineString>
				<tessellate>1</tessellate>
				<coordinates>
					126.794945,37.566013,0 126.795242,37.566257,0 
				</coordinates>
			</LineString>
		</MultiGeometry>
	</Placemark>
	<Placemark>
		<name>P-771</name>
		<visibility>0</visibility>
		<description><![CDATA[<div><div><span><b>Altitude:</b></span> <span>0 ft</span></div>
<div><span><b>Speed:</b></span> <span>10 kt - 9 kt</span></div>
<div><span><b>Timestamp:</b></span><br/><span>2023-12-14 22:55:11 UTC<br/>2023-12-14 22:55:18 UTC</span></div>
</div>]]></description>
		<Style>
			<LineStyle>
				<color>ffffffff</color>
				<width>2</width>
			</LineStyle>
		</Style>
		<MultiGeometry>
			<LineString>
				<tessellate>1</tessellate>
				<coordinates>
					126.795242,37.566257,0 126.795525,37.566479,0 
				</coordinates>
			</LineString>
		</MultiGeometry>
	</Placemark>
	<Placemark>
		<name>P-772</name>
		<visibility>0</visibility>
		<description><![CDATA[<div><div><span><b>Altitude:</b></span> <span>0 ft</span></div>
<div><span><b>Speed:</b></span> <span>9 kt - 6 kt</span></div>
<div><span><b>Timestamp:</b></span><br/><span>2023-12-14 22:55:18 UTC<br/>2023-12-14 22:55:25 UTC</span></div>
</div>]]></description>
		<Style>
			<LineStyle>
				<color>ffffffff</color>
				<width>2</width>
			</LineStyle>
		</Style>
		<MultiGeometry>
			<LineString>
				<tessellate>1</tessellate>
				<coordinates>
					126.795525,37.566479,0 126.795738,37.566639,0 
				</coordinates>
			</LineString>
		</MultiGeometry>
	</Placemark>
	<Placemark>
		<name>P-773</name>
		<visibility>0</visibility>
		<description><![CDATA[<div><div><span><b>Altitude:</b></span> <span>0 ft</span></div>
<div><span><b>Speed:</b></span> <span>6 kt - 3 kt</span></div>
<div><span><b>Timestamp:</b></span><br/><span>2023-12-14 22:55:25 UTC<br/>2023-12-14 22:55:39 UTC</span></div>
</div>]]></description>
		<Style>
			<LineStyle>
				<color>ffffffff</color>
				<width>2</width>
			</LineStyle>
		</Style>
		<MultiGeometry>
			<LineString>
				<tessellate>1</tessellate>
				<coordinates>
					126.795738,37.566639,0 126.795944,37.566811,0 
				</coordinates>
			</LineString>
		</MultiGeometry>
	</Placemark>
	<Placemark>
		<name>P-774</name>
		<visibility>0</visibility>
		<description><![CDATA[<div><div><span><b>Altitude:</b></span> <span>0 ft</span></div>
<div><span><b>Speed:</b></span> <span>3 kt - 5 kt</span></div>
<div><span><b>Timestamp:</b></span><br/><span>2023-12-14 22:55:39 UTC<br/>2023-12-14 22:55:52 UTC</span></div>
</div>]]></description>
		<Style>
			<LineStyle>
				<color>ffffffff</color>
				<width>2</width>
			</LineStyle>
		</Style>
		<MultiGeometry>
			<LineString>
				<tessellate>1</tessellate>
				<coordinates>
					126.795944,37.566811,0 126.79615,37.566994,0 
				</coordinates>
			</LineString>
		</MultiGeometry>
	</Placemark>
	<Placemark>
		<name>P-775</name>
		<visibility>0</visibility>
		<description><![CDATA[<div><div><span><b>Altitude:</b></span> <span>0 ft</span></div>
<div><span><b>Speed:</b></span> <span>5 kt - 6 kt</span></div>
<div><span><b>Timestamp:</b></span><br/><span>2023-12-14 22:55:52 UTC<br/>2023-12-14 22:56:00 UTC</span></div>
</div>]]></description>
		<Style>
			<LineStyle>
				<color>ffffffff</color>
				<width>2</width>
			</LineStyle>
		</Style>
		<MultiGeometry>
			<LineString>
				<tessellate>1</tessellate>
				<coordinates>
					126.79615,37.566994,0 126.796394,37.567097,0 
				</coordinates>
			</LineString>
		</MultiGeometry>
	</Placemark>
	<Placemark>
		<name>P-776</name>
		<visibility>0</visibility>
		<description><![CDATA[<div><div><span><b>Altitude:</b></span> <span>0 ft</span></div>
<div><span><b>Speed:</b></span> <span>6 kt - 7 kt</span></div>
<div><span><b>Timestamp:</b></span><br/><span>2023-12-14 22:56:00 UTC<br/>2023-12-14 22:56:05 UTC</span></div>
</div>]]></description>
		<Style>
			<LineStyle>
				<color>ffffffff</color>
				<width>2</width>
			</LineStyle>
		</Style>
		<MultiGeometry>
			<LineString>
				<tessellate>1</tessellate>
				<coordinates>
					126.796394,37.567097,0 126.7966,37.567097,0 
				</coordinates>
			</LineString>
		</MultiGeometry>
	</Placemark>
	<Placemark>
		<name>P-777</name>
		<visibility>0</visibility>
		<description><![CDATA[<div><div><span><b>Altitude:</b></span> <span>0 ft</span></div>
<div><span><b>Speed:</b></span> <span>7 kt - 6 kt</span></div>
<div><span><b>Timestamp:</b></span><br/><span>2023-12-14 22:56:05 UTC<br/>2023-12-14 22:56:12 UTC</span></div>
</div>]]></description>
		<Style>
			<LineStyle>
				<color>ffffffff</color>
				<width>2</width>
			</LineStyle>
		</Style>
		<MultiGeometry>
			<LineString>
				<tessellate>1</tessellate>
				<coordinates>
					126.7966,37.567097,0 126.796822,37.567005,0 
				</coordinates>
			</LineString>
		</MultiGeometry>
	</Placemark>
	<Placemark>
		<name>P-778</name>
		<visibility>0</visibility>
		<description><![CDATA[<div><div><span><b>Altitude:</b></span> <span>0 ft</span></div>
<div><span><b>Speed:</b></span> <span>6 kt - 4 kt</span></div>
<div><span><b>Timestamp:</b></span><br/><span>2023-12-14 22:56:12 UTC<br/>2023-12-14 22:56:22 UTC</span></div>
</div>]]></description>
		<Style>
			<LineStyle>
				<color>ffffffff</color>
				<width>2</width>
			</LineStyle>
		</Style>
		<MultiGeometry>
			<LineString>
				<tessellate>1</tessellate>
				<coordinates>
					126.796822,37.567005,0 126.797043,37.566822,0 
				</coordinates>
			</LineString>
		</MultiGeometry>
	</Placemark>
	<Placemark>
		<name>P-779</name>
		<visibility>0</visibility>
		<description><![CDATA[<div><div><span><b>Altitude:</b></span> <span>0 ft</span></div>
<div><span><b>Speed:</b></span> <span>4 kt - 1 kt</span></div>
<div><span><b>Timestamp:</b></span><br/><span>2023-12-14 22:56:22 UTC<br/>2023-12-14 22:56:37 UTC</span></div>
</div>]]></description>
		<Style>
			<LineStyle>
				<color>ffffffff</color>
				<width>2</width>
			</LineStyle>
		</Style>
		<MultiGeometry>
			<LineString>
				<tessellate>1</tessellate>
				<coordinates>
					126.797043,37.566822,0 126.797249,37.56665,0 
				</coordinates>
			</LineString>
		</MultiGeometry>
	</Placemark>
	<Placemark>
		<name>P-780</name>
		<visibility>0</visibility>
		<description><![CDATA[<div><div><span><b>Altitude:</b></span> <span>0 ft</span></div>
<div><span><b>Speed:</b></span> <span>1 kt - 7 kt</span></div>
<div><span><b>Timestamp:</b></span><br/><span>2023-12-14 22:56:37 UTC<br/>2023-12-14 23:09:17 UTC</span></div>
</div>]]></description>
		<Style>
			<LineStyle>
				<color>88000000</color>
				<width>2</width>
			</LineStyle>
		</Style>
		<MultiGeometry>
			<LineString>
				<tessellate>1</tessellate>
				<coordinates>
					126.797249,37.56665,0 126.797462,37.566467,0 
				</coordinates>
			</LineString>
		</MultiGeometry>
	</Placemark>
	<Placemark>
		<name>P-781</name>
		<visibility>0</visibility>
		<description><![CDATA[<div><div><span><b>Altitude:</b></span> <span>0 ft</span></div>
<div><span><b>Speed:</b></span> <span>7 kt - 9 kt</span></div>
<div><span><b>Timestamp:</b></span><br/><span>2023-12-14 23:09:17 UTC<br/>2023-12-14 23:09:24 UTC</span></div>
</div>]]></description>
		<Style>
			<LineStyle>
				<color>ffffffff</color>
				<width>2</width>
			</LineStyle>
		</Style>
		<MultiGeometry>
			<LineString>
				<tessellate>1</tessellate>
				<coordinates>
					126.797462,37.566467,0 126.797714,37.566319,0 
				</coordinates>
			</LineString>
		</MultiGeometry>
	</Placemark>
	<Placemark>
		<name>P-782</name>
		<visibility>0</visibility>
		<description><![CDATA[<div><div><span><b>Altitude:</b></span> <span>0 ft</span></div>
<div><span><b>Speed:</b></span> <span>9 kt - 10 kt</span></div>
<div><span><b>Timestamp:</b></span><br/><span>2023-12-14 23:09:24 UTC<br/>2023-12-14 23:09:27 UTC</span></div>
</div>]]></description>
		<Style>
			<LineStyle>
				<color>ffffffff</color>
				<width>2</width>
			</LineStyle>
		</Style>
		<MultiGeometry>
			<LineString>
				<tessellate>1</tessellate>
				<coordinates>
					126.797714,37.566319,0 126.797943,37.566284,0 
				</coordinates>
			</LineString>
		</MultiGeometry>
	</Placemark>
	<Placemark>
		<name>P-783</name>
		<visibility>0</visibility>
		<description><![CDATA[<div><div><span><b>Altitude:</b></span> <span>0 ft</span></div>
<div><span><b>Speed:</b></span> <span>10 kt - 11 kt</span></div>
<div><span><b>Timestamp:</b></span><br/><span>2023-12-14 23:09:27 UTC<br/>2023-12-14 23:09:31 UTC</span></div>
</div>]]></description>
		<Style>
			<LineStyle>
				<color>ffffffff</color>
				<width>2</width>
			</LineStyle>
		</Style>
		<MultiGeometry>
			<LineString>
				<tessellate>1</tessellate>
				<coordinates>
					126.797943,37.566284,0 126.798149,37.566307,0 
				</coordinates>
			</LineString>
		</MultiGeometry>
	</Placemark>
	<Placemark>
		<name>P-784</name>
		<visibility>0</visibility>
		<description><![CDATA[<div><div><span><b>Altitude:</b></span> <span>0 ft</span></div>
<div><span><b>Speed:</b></span> <span>11 kt</span></div>
<div><span><b>Timestamp:</b></span><br/><span>2023-12-14 23:09:31 UTC<br/>2023-12-14 23:09:34 UTC</span></div>
</div>]]></description>
		<Style>
			<LineStyle>
				<color>ffffffff</color>
				<width>2</width>
			</LineStyle>
		</Style>
		<MultiGeometry>
			<LineString>
				<tessellate>1</tessellate>
				<coordinates>
					126.798149,37.566307,0 126.798355,37.56641,0 
				</coordinates>
			</LineString>
		</MultiGeometry>
	</Placemark>
	<Placemark>
		<name>P-785</name>
		<visibility>0</visibility>
		<description><![CDATA[<div><div><span><b>Altitude:</b></span> <span>0 ft</span></div>
<div><span><b>Speed:</b></span> <span>11 kt - 12 kt</span></div>
<div><span><b>Timestamp:</b></span><br/><span>2023-12-14 23:09:34 UTC<br/>2023-12-14 23:09:38 UTC</span></div>
</div>]]></description>
		<Style>
			<LineStyle>
				<color>ffffffff</color>
				<width>2</width>
			</LineStyle>
		</Style>
		<MultiGeometry>
			<LineString>
				<tessellate>1</tessellate>
				<coordinates>
					126.798355,37.56641,0 126.798569,37.566551,0 
				</coordinates>
			</LineString>
		</MultiGeometry>
	</Placemark>
	<Placemark>
		<name>P-786</name>
		<visibility>0</visibility>
		<description><![CDATA[<div><div><span><b>Altitude:</b></span> <span>0 ft</span></div>
<div><span><b>Speed:</b></span> <span>12 kt</span></div>
<div><span><b>Timestamp:</b></span><br/><span>2023-12-14 23:09:38 UTC<br/>2023-12-14 23:09:43 UTC</span></div>
</div>]]></description>
		<Style>
			<LineStyle>
				<color>ffffffff</color>
				<width>2</width>
			</LineStyle>
		</Style>
		<MultiGeometry>
			<LineString>
				<tessellate>1</tessellate>
				<coordinates>
					126.798569,37.566551,0 126.798782,37.566711,0 
				</coordinates>
			</LineString>
		</MultiGeometry>
	</Placemark>
	<Placemark>
		<name>P-787</name>
		<visibility>0</visibility>
		<description><![CDATA[<div><div><span><b>Altitude:</b></span> <span>0 ft</span></div>
<div><span><b>Speed:</b></span> <span>12 kt</span></div>
<div><span><b>Timestamp:</b></span><br/><span>2023-12-14 23:09:43 UTC<br/>2023-12-14 23:09:47 UTC</span></div>
</div>]]></description>
		<Style>
			<LineStyle>
				<color>ffffffff</color>
				<width>2</width>
			</LineStyle>
		</Style>
		<MultiGeometry>
			<LineString>
				<tessellate>1</tessellate>
				<coordinates>
					126.798782,37.566711,0 126.798996,37.566891,0 
				</coordinates>
			</LineString>
		</MultiGeometry>
	</Placemark>
	<Placemark>
		<name>P-788</name>
		<visibility>0</visibility>
		<description><![CDATA[<div><div><span><b>Altitude:</b></span> <span>0 ft</span></div>
<div><span><b>Speed:</b></span> <span>12 kt</span></div>
<div><span><b>Timestamp:</b></span><br/><span>2023-12-14 23:09:47 UTC<br/>2023-12-14 23:09:51 UTC</span></div>
</div>]]></description>
		<Style>
			<LineStyle>
				<color>ffffffff</color>
				<width>2</width>
			</LineStyle>
		</Style>
		<MultiGeometry>
			<LineString>
				<tessellate>1</tessellate>
				<coordinates>
					126.798996,37.566891,0 126.799217,37.567051,0 
				</coordinates>
			</LineString>
		</MultiGeometry>
	</Placemark>
	<Placemark>
		<name>P-789</name>
		<visibility>0</visibility>
		<description><![CDATA[<div><div><span><b>Altitude:</b></span> <span>0 ft</span></div>
<div><span><b>Speed:</b></span> <span>12 kt</span></div>
<div><span><b>Timestamp:</b></span><br/><span>2023-12-14 23:09:51 UTC<br/>2023-12-14 23:09:59 UTC</span></div>
</div>]]></description>
		<Style>
			<LineStyle>
				<color>ffffffff</color>
				<width>2</width>
			</LineStyle>
		</Style>
		<MultiGeometry>
			<LineString>
				<tessellate>1</tessellate>
				<coordinates>
					126.799217,37.567051,0 126.799583,37.567352,0 
				</coordinates>
			</LineString>
		</MultiGeometry>
	</Placemark>
	<Placemark>
		<name>P-790</name>
		<visibility>0</visibility>
		<description><![CDATA[<div><div><span><b>Altitude:</b></span> <span>0 ft</span></div>
<div><span><b>Speed:</b></span> <span>12 kt - 11 kt</span></div>
<div><span><b>Timestamp:</b></span><br/><span>2023-12-14 23:09:59 UTC<br/>2023-12-14 23:10:06 UTC</span></div>
</div>]]></description>
		<Style>
			<LineStyle>
				<color>ffffffff</color>
				<width>2</width>
			</LineStyle>
		</Style>
		<MultiGeometry>
			<LineString>
				<tessellate>1</tessellate>
				<coordinates>
					126.799583,37.567352,0 126.799889,37.567596,0 
				</coordinates>
			</LineString>
		</MultiGeometry>
	</Placemark>
	<Placemark>
		<name>P-791</name>
		<visibility>0</visibility>
		<description><![CDATA[<div><div><span><b>Altitude:</b></span> <span>0 ft</span></div>
<div><span><b>Speed:</b></span> <span>11 kt - 12 kt</span></div>
<div><span><b>Timestamp:</b></span><br/><span>2023-12-14 23:10:06 UTC<br/>2023-12-14 23:10:13 UTC</span></div>
</div>]]></description>
		<Style>
			<LineStyle>
				<color>ffffffff</color>
				<width>2</width>
			</LineStyle>
		</Style>
		<MultiGeometry>
			<LineString>
				<tessellate>1</tessellate>
				<coordinates>
					126.799889,37.567596,0 126.800232,37.567867,0 
				</coordinates>
			</LineString>
		</MultiGeometry>
	</Placemark>
	<Placemark>
		<name>P-792</name>
		<visibility>0</visibility>
		<description><![CDATA[<div><div><span><b>Altitude:</b></span> <span>0 ft</span></div>
<div><span><b>Speed:</b></span> <span>12 kt</span></div>
<div><span><b>Timestamp:</b></span><br/><span>2023-12-14 23:10:13 UTC<br/>2023-12-14 23:10:21 UTC</span></div>
</div>]]></description>
		<Style>
			<LineStyle>
				<color>ffffffff</color>
				<width>2</width>
			</LineStyle>
		</Style>
		<MultiGeometry>
			<LineString>
				<tessellate>1</tessellate>
				<coordinates>
					126.800232,37.567867,0 126.800659,37.568203,0 
				</coordinates>
			</LineString>
		</MultiGeometry>
	</Placemark>
	<Placemark>
		<name>P-793</name>
		<visibility>0</visibility>
		<description><![CDATA[<div><div><span><b>Altitude:</b></span> <span>0 ft</span></div>
<div><span><b>Speed:</b></span> <span>12 kt - 11 kt</span></div>
<div><span><b>Timestamp:</b></span><br/><span>2023-12-14 23:10:21 UTC<br/>2023-12-14 23:10:29 UTC</span></div>
</div>]]></description>
		<Style>
			<LineStyle>
				<color>ffffffff</color>
				<width>2</width>
			</LineStyle>
		</Style>
		<MultiGeometry>
			<LineString>
				<tessellate>1</tessellate>
				<coordinates>
					126.800659,37.568203,0 126.801041,37.568493,0 
				</coordinates>
			</LineString>
		</MultiGeometry>
	</Placemark>
	<Placemark>
		<name>P-794</name>
		<visibility>0</visibility>
		<description><![CDATA[<div><div><span><b>Altitude:</b></span> <span>0 ft</span></div>
<div><span><b>Speed:</b></span> <span>11 kt</span></div>
<div><span><b>Timestamp:</b></span><br/><span>2023-12-14 23:10:29 UTC<br/>2023-12-14 23:10:36 UTC</span></div>
</div>]]></description>
		<Style>
			<LineStyle>
				<color>ffffffff</color>
				<width>2</width>
			</LineStyle>
		</Style>
		<MultiGeometry>
			<LineString>
				<tessellate>1</tessellate>
				<coordinates>
					126.801041,37.568493,0 126.801315,37.568748,0 
				</coordinates>
			</LineString>
		</MultiGeometry>
	</Placemark>
	<Placemark>
		<name>P-795</name>
		<visibility>0</visibility>
		<description><![CDATA[<div><div><span><b>Altitude:</b></span> <span>0 ft</span></div>
<div><span><b>Speed:</b></span> <span>11 kt - 10 kt</span></div>
<div><span><b>Timestamp:</b></span><br/><span>2023-12-14 23:10:36 UTC<br/>2023-12-14 23:10:41 UTC</span></div>
</div>]]></description>
		<Style>
			<LineStyle>
				<color>ffffffff</color>
				<width>2</width>
			</LineStyle>
		</Style>
		<MultiGeometry>
			<LineString>
				<tessellate>1</tessellate>
				<coordinates>
					126.801315,37.568748,0 126.801376,37.56897,0 
				</coordinates>
			</LineString>
		</MultiGeometry>
	</Placemark>
	<Placemark>
		<name>P-796</name>
		<visibility>0</visibility>
		<description><![CDATA[<div><div><span><b>Altitude:</b></span> <span>0 ft</span></div>
<div><span><b>Speed:</b></span> <span>10 kt</span></div>
<div><span><b>Timestamp:</b></span><br/><span>2023-12-14 23:10:41 UTC<br/>2023-12-14 23:10:46 UTC</span></div>
</div>]]></description>
		<Style>
			<LineStyle>
				<color>ffffffff</color>
				<width>2</width>
			</LineStyle>
		</Style>
		<MultiGeometry>
			<LineString>
				<tessellate>1</tessellate>
				<coordinates>
					126.801376,37.56897,0 126.8013,37.56918,0 
				</coordinates>
			</LineString>
		</MultiGeometry>
	</Placemark>
	<Placemark>
		<name>P-797</name>
		<visibility>0</visibility>
		<description><![CDATA[<div><div><span><b>Altitude:</b></span> <span>0 ft</span></div>
<div><span><b>Speed:</b></span> <span>10 kt - 6 kt</span></div>
<div><span><b>Timestamp:</b></span><br/><span>2023-12-14 23:10:46 UTC<br/>2023-12-14 23:10:53 UTC</span></div>
</div>]]></description>
		<Style>
			<LineStyle>
				<color>ffffffff</color>
				<width>2</width>
			</LineStyle>
		</Style>
		<MultiGeometry>
			<LineString>
				<tessellate>1</tessellate>
				<coordinates>
					126.8013,37.56918,0 126.801163,37.56942,0 
				</coordinates>
			</LineString>
		</MultiGeometry>
	</Placemark>
	<Placemark>
		<name>P-798</name>
		<visibility>0</visibility>
		<description><![CDATA[<div><div><span><b>Altitude:</b></span> <span>0 ft</span></div>
<div><span><b>Speed:</b></span> <span>6 kt</span></div>
<div><span><b>Timestamp:</b></span><br/><span>2023-12-14 23:10:53 UTC<br/>2023-12-14 23:11:00 UTC</span></div>
</div>]]></description>
		<Style>
			<LineStyle>
				<color>ffffffff</color>
				<width>2</width>
			</LineStyle>
		</Style>
		<MultiGeometry>
			<LineString>
				<tessellate>1</tessellate>
				<coordinates>
					126.801163,37.56942,0 126.801216,37.569626,0 
				</coordinates>
			</LineString>
		</MultiGeometry>
	</Placemark>
	<Placemark>
		<name>P-799</name>
		<visibility>0</visibility>
		<description><![CDATA[<div><div><span><b>Altitude:</b></span> <span>0 ft</span></div>
<div><span><b>Speed:</b></span> <span>6 kt</span></div>
<div><span><b>Timestamp:</b></span><br/><span>2023-12-14 23:11:00 UTC<br/>2023-12-14 23:11:09 UTC</span></div>
</div>]]></description>
		<Style>
			<LineStyle>
				<color>ffffffff</color>
				<width>2</width>
			</LineStyle>
		</Style>
		<MultiGeometry>
			<LineString>
				<tessellate>1</tessellate>
				<coordinates>
					126.801216,37.569626,0 126.801437,37.569775,0 
				</coordinates>
			</LineString>
		</MultiGeometry>
	</Placemark>
	<Placemark>
		<name>P-800</name>
		<visibility>0</visibility>
		<description><![CDATA[<div><div><span><b>Altitude:</b></span> <span>0 ft</span></div>
<div><span><b>Speed:</b></span> <span>6 kt - 4 kt</span></div>
<div><span><b>Timestamp:</b></span><br/><span>2023-12-14 23:11:09 UTC<br/>2023-12-14 23:11:20 UTC</span></div>
</div>]]></description>
		<Style>
			<LineStyle>
				<color>ffffffff</color>
				<width>2</width>
			</LineStyle>
		</Style>
		<MultiGeometry>
			<LineString>
				<tessellate>1</tessellate>
				<coordinates>
					126.801437,37.569775,0 126.801643,37.56995,0 
				</coordinates>
			</LineString>
		</MultiGeometry>
	</Placemark>
	<Placemark>
		<name>P-801</name>
		<visibility>0</visibility>
		<description><![CDATA[<div><div><span><b>Altitude:</b></span> <span>0 ft</span></div>
<div><span><b>Speed:</b></span> <span>4 kt - 1 kt</span></div>
<div><span><b>Timestamp:</b></span><br/><span>2023-12-14 23:11:20 UTC<br/>2023-12-14 23:11:32 UTC</span></div>
</div>]]></description>
		<Style>
			<LineStyle>
				<color>ffffffff</color>
				<width>2</width>
			</LineStyle>
		</Style>
		<MultiGeometry>
			<LineString>
				<tessellate>1</tessellate>
				<coordinates>
					126.801643,37.56995,0 126.801262,37.56966,0 
				</coordinates>
			</LineString>
		</MultiGeometry>
	</Placemark>
	<atom:link rel="app" href="https://www.google.com/earth/about/versions/#earth-pro" title="Google Earth Pro 7.3.7.1155"></atom:link>
</Folder>
</kml>
