<?xml version="1.0" encoding="UTF-8"?>
<kml xmlns="http://www.opengis.net/kml/2.2" xmlns:gx="http://www.google.com/kml/ext/2.2" xmlns:kml="http://www.opengis.net/kml/2.2" xmlns:atom="http://www.w3.org/2005/Atom">
<Folder>
	<name>CJU-GMP RWY14</name>
	<visibility>0</visibility>
	<Placemark>
		<name>P-1</name>
		<visibility>0</visibility>
		<description><![CDATA[<div><div><span><b>Altitude:</b></span> <span>0 ft</span></div>
<div><span><b>Speed:</b></span> <span>0 kt - 5 kt</span></div>
<div><span><b>Timestamp:</b></span><br/><span>2023-09-13 02:03:51 UTC<br/>2023-09-13 02:12:42 UTC</span></div>
</div>]]></description>
		<Style>
			<LineStyle>
				<color>ffffffff</color>
				<width>2</width>
			</LineStyle>
		</Style>
		<MultiGeometry>
			<LineString>
				<tessellate>1</tessellate>
				<coordinates>
					126.489426,33.507957,0 126.489273,33.508163,0 
				</coordinates>
			</LineString>
		</MultiGeometry>
	</Placemark>
	<Placemark>
		<name>P-2</name>
		<visibility>0</visibility>
		<description><![CDATA[<div><div><span><b>Altitude:</b></span> <span>0 ft</span></div>
<div><span><b>Speed:</b></span> <span>5 kt - 9 kt</span></div>
<div><span><b>Timestamp:</b></span><br/><span>2023-09-13 02:12:42 UTC<br/>2023-09-13 02:12:51 UTC</span></div>
</div>]]></description>
		<Style>
			<LineStyle>
				<color>ffffffff</color>
				<width>2</width>
			</LineStyle>
		</Style>
		<MultiGeometry>
			<LineString>
				<tessellate>1</tessellate>
				<coordinates>
					126.489273,33.508163,0 126.489082,33.508392,0 
				</coordinates>
			</LineString>
		</MultiGeometry>
	</Placemark>
	<Placemark>
		<name>P-3</name>
		<visibility>0</visibility>
		<description><![CDATA[<div><div><span><b>Altitude:</b></span> <span>0 ft</span></div>
<div><span><b>Speed:</b></span> <span>9 kt - 8 kt</span></div>
<div><span><b>Timestamp:</b></span><br/><span>2023-09-13 02:12:51 UTC<br/>2023-09-13 02:12:56 UTC</span></div>
</div>]]></description>
		<Style>
			<LineStyle>
				<color>ffffffff</color>
				<width>2</width>
			</LineStyle>
		</Style>
		<MultiGeometry>
			<LineString>
				<tessellate>1</tessellate>
				<coordinates>
					126.489082,33.508392,0 126.488861,33.508442,0 
				</coordinates>
			</LineString>
		</MultiGeometry>
	</Placemark>
	<Placemark>
		<name>P-4</name>
		<visibility>0</visibility>
		<description><![CDATA[<div><div><span><b>Altitude:</b></span> <span>0 ft</span></div>
<div><span><b>Speed:</b></span> <span>8 kt</span></div>
<div><span><b>Timestamp:</b></span><br/><span>2023-09-13 02:12:56 UTC<br/>2023-09-13 02:13:02 UTC</span></div>
</div>]]></description>
		<Style>
			<LineStyle>
				<color>ffffffff</color>
				<width>2</width>
			</LineStyle>
		</Style>
		<MultiGeometry>
			<LineString>
				<tessellate>1</tessellate>
				<coordinates>
					126.488861,33.508442,0 126.48864,33.508358,0 
				</coordinates>
			</LineString>
		</MultiGeometry>
	</Placemark>
	<Placemark>
		<name>P-5</name>
		<visibility>0</visibility>
		<description><![CDATA[<div><div><span><b>Altitude:</b></span> <span>0 ft</span></div>
<div><span><b>Speed:</b></span> <span>8 kt - 9 kt</span></div>
<div><span><b>Timestamp:</b></span><br/><span>2023-09-13 02:13:02 UTC<br/>2023-09-13 02:13:07 UTC</span></div>
</div>]]></description>
		<Style>
			<LineStyle>
				<color>ffffffff</color>
				<width>2</width>
			</LineStyle>
		</Style>
		<MultiGeometry>
			<LineString>
				<tessellate>1</tessellate>
				<coordinates>
					126.48864,33.508358,0 126.488426,33.508244,0 
				</coordinates>
			</LineString>
		</MultiGeometry>
	</Placemark>
	<Placemark>
		<name>P-6</name>
		<visibility>0</visibility>
		<description><![CDATA[<div><div><span><b>Altitude:</b></span> <span>0 ft</span></div>
<div><span><b>Speed:</b></span> <span>9 kt - 11 kt</span></div>
<div><span><b>Timestamp:</b></span><br/><span>2023-09-13 02:13:07 UTC<br/>2023-09-13 02:13:12 UTC</span></div>
</div>]]></description>
		<Style>
			<LineStyle>
				<color>ffffffff</color>
				<width>2</width>
			</LineStyle>
		</Style>
		<MultiGeometry>
			<LineString>
				<tessellate>1</tessellate>
				<coordinates>
					126.488426,33.508244,0 126.488167,33.508106,0 
				</coordinates>
			</LineString>
		</MultiGeometry>
	</Placemark>
	<Placemark>
		<name>P-7</name>
		<visibility>0</visibility>
		<description><![CDATA[<div><div><span><b>Altitude:</b></span> <span>0 ft</span></div>
<div><span><b>Speed:</b></span> <span>11 kt - 14 kt</span></div>
<div><span><b>Timestamp:</b></span><br/><span>2023-09-13 02:13:12 UTC<br/>2023-09-13 02:13:16 UTC</span></div>
</div>]]></description>
		<Style>
			<LineStyle>
				<color>ffffffff</color>
				<width>2</width>
			</LineStyle>
		</Style>
		<MultiGeometry>
			<LineString>
				<tessellate>1</tessellate>
				<coordinates>
					126.488167,33.508106,0 126.4879,33.507969,0 
				</coordinates>
			</LineString>
		</MultiGeometry>
	</Placemark>
	<Placemark>
		<name>P-8</name>
		<visibility>0</visibility>
		<description><![CDATA[<div><div><span><b>Altitude:</b></span> <span>0 ft</span></div>
<div><span><b>Speed:</b></span> <span>14 kt - 18 kt</span></div>
<div><span><b>Timestamp:</b></span><br/><span>2023-09-13 02:13:16 UTC<br/>2023-09-13 02:13:23 UTC</span></div>
</div>]]></description>
		<Style>
			<LineStyle>
				<color>ffffffff</color>
				<width>2</width>
			</LineStyle>
		</Style>
		<MultiGeometry>
			<LineString>
				<tessellate>1</tessellate>
				<coordinates>
					126.4879,33.507969,0 126.487328,33.50766,0 
				</coordinates>
			</LineString>
		</MultiGeometry>
	</Placemark>
	<Placemark>
		<name>P-9</name>
		<visibility>0</visibility>
		<description><![CDATA[<div><div><span><b>Altitude:</b></span> <span>0 ft</span></div>
<div><span><b>Speed:</b></span> <span>18 kt - 19 kt</span></div>
<div><span><b>Timestamp:</b></span><br/><span>2023-09-13 02:13:23 UTC<br/>2023-09-13 02:13:31 UTC</span></div>
</div>]]></description>
		<Style>
			<LineStyle>
				<color>ffffffff</color>
				<width>2</width>
			</LineStyle>
		</Style>
		<MultiGeometry>
			<LineString>
				<tessellate>1</tessellate>
				<coordinates>
					126.487328,33.50766,0 126.486664,33.507339,0 
				</coordinates>
			</LineString>
		</MultiGeometry>
	</Placemark>
	<Placemark>
		<name>P-10</name>
		<visibility>0</visibility>
		<description><![CDATA[<div><div><span><b>Altitude:</b></span> <span>0 ft</span></div>
<div><span><b>Speed:</b></span> <span>19 kt - 21 kt</span></div>
<div><span><b>Timestamp:</b></span><br/><span>2023-09-13 02:13:31 UTC<br/>2023-09-13 02:13:42 UTC</span></div>
</div>]]></description>
		<Style>
			<LineStyle>
				<color>ffffffff</color>
				<width>2</width>
			</LineStyle>
		</Style>
		<MultiGeometry>
			<LineString>
				<tessellate>1</tessellate>
				<coordinates>
					126.486664,33.507339,0 126.485634,33.506802,0 
				</coordinates>
			</LineString>
		</MultiGeometry>
	</Placemark>
	<Placemark>
		<name>P-11</name>
		<visibility>0</visibility>
		<description><![CDATA[<div><div><span><b>Altitude:</b></span> <span>0 ft</span></div>
<div><span><b>Speed:</b></span> <span>21 kt</span></div>
<div><span><b>Timestamp:</b></span><br/><span>2023-09-13 02:13:42 UTC<br/>2023-09-13 02:13:48 UTC</span></div>
</div>]]></description>
		<Style>
			<LineStyle>
				<color>ffffffff</color>
				<width>2</width>
			</LineStyle>
		</Style>
		<MultiGeometry>
			<LineString>
				<tessellate>1</tessellate>
				<coordinates>
					126.485634,33.506802,0 126.484894,33.506424,0 
				</coordinates>
			</LineString>
		</MultiGeometry>
	</Placemark>
	<Placemark>
		<name>P-12</name>
		<visibility>0</visibility>
		<description><![CDATA[<div><div><span><b>Altitude:</b></span> <span>0 ft</span></div>
<div><span><b>Speed:</b></span> <span>21 kt</span></div>
<div><span><b>Timestamp:</b></span><br/><span>2023-09-13 02:13:48 UTC<br/>2023-09-13 02:13:56 UTC</span></div>
</div>]]></description>
		<Style>
			<LineStyle>
				<color>ffffffff</color>
				<width>2</width>
			</LineStyle>
		</Style>
		<MultiGeometry>
			<LineString>
				<tessellate>1</tessellate>
				<coordinates>
					126.484894,33.506424,0 126.484169,33.506058,0 
				</coordinates>
			</LineString>
		</MultiGeometry>
	</Placemark>
	<Placemark>
		<name>P-13</name>
		<visibility>0</visibility>
		<description><![CDATA[<div><div><span><b>Altitude:</b></span> <span>0 ft</span></div>
<div><span><b>Speed:</b></span> <span>21 kt - 20 kt</span></div>
<div><span><b>Timestamp:</b></span><br/><span>2023-09-13 02:13:56 UTC<br/>2023-09-13 02:14:02 UTC</span></div>
</div>]]></description>
		<Style>
			<LineStyle>
				<color>ffffffff</color>
				<width>2</width>
			</LineStyle>
		</Style>
		<MultiGeometry>
			<LineString>
				<tessellate>1</tessellate>
				<coordinates>
					126.484169,33.506058,0 126.483482,33.505695,0 
				</coordinates>
			</LineString>
		</MultiGeometry>
	</Placemark>
	<Placemark>
		<name>P-14</name>
		<visibility>0</visibility>
		<description><![CDATA[<div><div><span><b>Altitude:</b></span> <span>0 ft</span></div>
<div><span><b>Speed:</b></span> <span>20 kt</span></div>
<div><span><b>Timestamp:</b></span><br/><span>2023-09-13 02:14:02 UTC<br/>2023-09-13 02:14:10 UTC</span></div>
</div>]]></description>
		<Style>
			<LineStyle>
				<color>ffffffff</color>
				<width>2</width>
			</LineStyle>
		</Style>
		<MultiGeometry>
			<LineString>
				<tessellate>1</tessellate>
				<coordinates>
					126.483482,33.505695,0 126.482719,33.50531,0 
				</coordinates>
			</LineString>
		</MultiGeometry>
	</Placemark>
	<Placemark>
		<name>P-15</name>
		<visibility>0</visibility>
		<description><![CDATA[<div><div><span><b>Altitude:</b></span> <span>0 ft</span></div>
<div><span><b>Speed:</b></span> <span>20 kt - 21 kt</span></div>
<div><span><b>Timestamp:</b></span><br/><span>2023-09-13 02:14:10 UTC<br/>2023-09-13 02:14:17 UTC</span></div>
</div>]]></description>
		<Style>
			<LineStyle>
				<color>ffffffff</color>
				<width>2</width>
			</LineStyle>
		</Style>
		<MultiGeometry>
			<LineString>
				<tessellate>1</tessellate>
				<coordinates>
					126.482719,33.50531,0 126.48201,33.504948,0 
				</coordinates>
			</LineString>
		</MultiGeometry>
	</Placemark>
	<Placemark>
		<name>P-16</name>
		<visibility>0</visibility>
		<description><![CDATA[<div><div><span><b>Altitude:</b></span> <span>0 ft</span></div>
<div><span><b>Speed:</b></span> <span>21 kt - 22 kt</span></div>
<div><span><b>Timestamp:</b></span><br/><span>2023-09-13 02:14:17 UTC<br/>2023-09-13 02:14:25 UTC</span></div>
</div>]]></description>
		<Style>
			<LineStyle>
				<color>ffffffff</color>
				<width>2</width>
			</LineStyle>
		</Style>
		<MultiGeometry>
			<LineString>
				<tessellate>1</tessellate>
				<coordinates>
					126.48201,33.504948,0 126.481255,33.504559,0 
				</coordinates>
			</LineString>
		</MultiGeometry>
	</Placemark>
	<Placemark>
		<name>P-17</name>
		<visibility>0</visibility>
		<description><![CDATA[<div><div><span><b>Altitude:</b></span> <span>0 ft</span></div>
<div><span><b>Speed:</b></span> <span>22 kt</span></div>
<div><span><b>Timestamp:</b></span><br/><span>2023-09-13 02:14:25 UTC<br/>2023-09-13 02:14:32 UTC</span></div>
</div>]]></description>
		<Style>
			<LineStyle>
				<color>ffffffff</color>
				<width>2</width>
			</LineStyle>
		</Style>
		<MultiGeometry>
			<LineString>
				<tessellate>1</tessellate>
				<coordinates>
					126.481255,33.504559,0 126.480568,33.504204,0 
				</coordinates>
			</LineString>
		</MultiGeometry>
	</Placemark>
	<Placemark>
		<name>P-18</name>
		<visibility>0</visibility>
		<description><![CDATA[<div><div><span><b>Altitude:</b></span> <span>0 ft</span></div>
<div><span><b>Speed:</b></span> <span>22 kt - 23 kt</span></div>
<div><span><b>Timestamp:</b></span><br/><span>2023-09-13 02:14:32 UTC<br/>2023-09-13 02:14:39 UTC</span></div>
</div>]]></description>
		<Style>
			<LineStyle>
				<color>ffffffff</color>
				<width>2</width>
			</LineStyle>
		</Style>
		<MultiGeometry>
			<LineString>
				<tessellate>1</tessellate>
				<coordinates>
					126.480568,33.504204,0 126.479767,33.503784,0 
				</coordinates>
			</LineString>
		</MultiGeometry>
	</Placemark>
	<Placemark>
		<name>P-19</name>
		<visibility>0</visibility>
		<description><![CDATA[<div><div><span><b>Altitude:</b></span> <span>0 ft</span></div>
<div><span><b>Speed:</b></span> <span>23 kt</span></div>
<div><span><b>Timestamp:</b></span><br/><span>2023-09-13 02:14:39 UTC<br/>2023-09-13 02:14:46 UTC</span></div>
</div>]]></description>
		<Style>
			<LineStyle>
				<color>ffffffff</color>
				<width>2</width>
			</LineStyle>
		</Style>
		<MultiGeometry>
			<LineString>
				<tessellate>1</tessellate>
				<coordinates>
					126.479767,33.503784,0 126.479004,33.503391,0 
				</coordinates>
			</LineString>
		</MultiGeometry>
	</Placemark>
	<Placemark>
		<name>P-20</name>
		<visibility>0</visibility>
		<description><![CDATA[<div><div><span><b>Altitude:</b></span> <span>0 ft</span></div>
<div><span><b>Speed:</b></span> <span>23 kt</span></div>
<div><span><b>Timestamp:</b></span><br/><span>2023-09-13 02:14:46 UTC<br/>2023-09-13 02:14:59 UTC</span></div>
</div>]]></description>
		<Style>
			<LineStyle>
				<color>ffffffff</color>
				<width>2</width>
			</LineStyle>
		</Style>
		<MultiGeometry>
			<LineString>
				<tessellate>1</tessellate>
				<coordinates>
					126.479004,33.503391,0 126.47744,33.50259,0 
				</coordinates>
			</LineString>
		</MultiGeometry>
	</Placemark>
	<Placemark>
		<name>P-21</name>
		<visibility>0</visibility>
		<description><![CDATA[<div><div><span><b>Altitude:</b></span> <span>0 ft</span></div>
<div><span><b>Speed:</b></span> <span>23 kt - 21 kt</span></div>
<div><span><b>Timestamp:</b></span><br/><span>2023-09-13 02:14:59 UTC<br/>2023-09-13 02:15:07 UTC</span></div>
</div>]]></description>
		<Style>
			<LineStyle>
				<color>ffffffff</color>
				<width>2</width>
			</LineStyle>
		</Style>
		<MultiGeometry>
			<LineString>
				<tessellate>1</tessellate>
				<coordinates>
					126.47744,33.50259,0 126.476685,33.502201,0 
				</coordinates>
			</LineString>
		</MultiGeometry>
	</Placemark>
	<Placemark>
		<name>P-22</name>
		<visibility>0</visibility>
		<description><![CDATA[<div><div><span><b>Altitude:</b></span> <span>0 ft</span></div>
<div><span><b>Speed:</b></span> <span>21 kt - 20 kt</span></div>
<div><span><b>Timestamp:</b></span><br/><span>2023-09-13 02:15:07 UTC<br/>2023-09-13 02:15:18 UTC</span></div>
</div>]]></description>
		<Style>
			<LineStyle>
				<color>ffffffff</color>
				<width>2</width>
			</LineStyle>
		</Style>
		<MultiGeometry>
			<LineString>
				<tessellate>1</tessellate>
				<coordinates>
					126.476685,33.502201,0 126.475555,33.501629,0 
				</coordinates>
			</LineString>
		</MultiGeometry>
	</Placemark>
	<Placemark>
		<name>P-23</name>
		<visibility>0</visibility>
		<description><![CDATA[<div><div><span><b>Altitude:</b></span> <span>0 ft</span></div>
<div><span><b>Speed:</b></span> <span>20 kt - 19 kt</span></div>
<div><span><b>Timestamp:</b></span><br/><span>2023-09-13 02:15:18 UTC<br/>2023-09-13 02:15:26 UTC</span></div>
</div>]]></description>
		<Style>
			<LineStyle>
				<color>ffffffff</color>
				<width>2</width>
			</LineStyle>
		</Style>
		<MultiGeometry>
			<LineString>
				<tessellate>1</tessellate>
				<coordinates>
					126.475555,33.501629,0 126.474777,33.501225,0 
				</coordinates>
			</LineString>
		</MultiGeometry>
	</Placemark>
	<Placemark>
		<name>P-24</name>
		<visibility>0</visibility>
		<description><![CDATA[<div><div><span><b>Altitude:</b></span> <span>0 ft</span></div>
<div><span><b>Speed:</b></span> <span>19 kt - 20 kt</span></div>
<div><span><b>Timestamp:</b></span><br/><span>2023-09-13 02:15:26 UTC<br/>2023-09-13 02:15:33 UTC</span></div>
</div>]]></description>
		<Style>
			<LineStyle>
				<color>ffffffff</color>
				<width>2</width>
			</LineStyle>
		</Style>
		<MultiGeometry>
			<LineString>
				<tessellate>1</tessellate>
				<coordinates>
					126.474777,33.501225,0 126.474075,33.500862,0 
				</coordinates>
			</LineString>
		</MultiGeometry>
	</Placemark>
	<Placemark>
		<name>P-25</name>
		<visibility>0</visibility>
		<description><![CDATA[<div><div><span><b>Altitude:</b></span> <span>0 ft</span></div>
<div><span><b>Speed:</b></span> <span>20 kt - 18 kt</span></div>
<div><span><b>Timestamp:</b></span><br/><span>2023-09-13 02:15:33 UTC<br/>2023-09-13 02:15:39 UTC</span></div>
</div>]]></description>
		<Style>
			<LineStyle>
				<color>ffffffff</color>
				<width>2</width>
			</LineStyle>
		</Style>
		<MultiGeometry>
			<LineString>
				<tessellate>1</tessellate>
				<coordinates>
					126.474075,33.500862,0 126.473625,33.500629,0 
				</coordinates>
			</LineString>
		</MultiGeometry>
	</Placemark>
	<Placemark>
		<name>P-26</name>
		<visibility>0</visibility>
		<description><![CDATA[<div><div><span><b>Altitude:</b></span> <span>0 ft</span></div>
<div><span><b>Speed:</b></span> <span>18 kt - 15 kt</span></div>
<div><span><b>Timestamp:</b></span><br/><span>2023-09-13 02:15:39 UTC<br/>2023-09-13 02:15:46 UTC</span></div>
</div>]]></description>
		<Style>
			<LineStyle>
				<color>ffffffff</color>
				<width>2</width>
			</LineStyle>
		</Style>
		<MultiGeometry>
			<LineString>
				<tessellate>1</tessellate>
				<coordinates>
					126.473625,33.500629,0 126.473015,33.500313,0 
				</coordinates>
			</LineString>
		</MultiGeometry>
	</Placemark>
	<Placemark>
		<name>P-27</name>
		<visibility>0</visibility>
		<description><![CDATA[<div><div><span><b>Altitude:</b></span> <span>0 ft</span></div>
<div><span><b>Speed:</b></span> <span>15 kt</span></div>
<div><span><b>Timestamp:</b></span><br/><span>2023-09-13 02:15:46 UTC<br/>2023-09-13 02:15:54 UTC</span></div>
</div>]]></description>
		<Style>
			<LineStyle>
				<color>ffffffff</color>
				<width>2</width>
			</LineStyle>
		</Style>
		<MultiGeometry>
			<LineString>
				<tessellate>1</tessellate>
				<coordinates>
					126.473015,33.500313,0 126.472412,33.500004,0 
				</coordinates>
			</LineString>
		</MultiGeometry>
	</Placemark>
	<Placemark>
		<name>P-28</name>
		<visibility>0</visibility>
		<description><![CDATA[<div><div><span><b>Altitude:</b></span> <span>0 ft</span></div>
<div><span><b>Speed:</b></span> <span>15 kt - 13 kt</span></div>
<div><span><b>Timestamp:</b></span><br/><span>2023-09-13 02:15:54 UTC<br/>2023-09-13 02:16:01 UTC</span></div>
</div>]]></description>
		<Style>
			<LineStyle>
				<color>ffffffff</color>
				<width>2</width>
			</LineStyle>
		</Style>
		<MultiGeometry>
			<LineString>
				<tessellate>1</tessellate>
				<coordinates>
					126.472412,33.500004,0 126.471962,33.499771,0 
				</coordinates>
			</LineString>
		</MultiGeometry>
	</Placemark>
	<Placemark>
		<name>P-29</name>
		<visibility>0</visibility>
		<description><![CDATA[<div><div><span><b>Altitude:</b></span> <span>0 ft</span></div>
<div><span><b>Speed:</b></span> <span>13 kt - 12 kt</span></div>
<div><span><b>Timestamp:</b></span><br/><span>2023-09-13 02:16:01 UTC<br/>2023-09-13 02:16:09 UTC</span></div>
</div>]]></description>
		<Style>
			<LineStyle>
				<color>ffffffff</color>
				<width>2</width>
			</LineStyle>
		</Style>
		<MultiGeometry>
			<LineString>
				<tessellate>1</tessellate>
				<coordinates>
					126.471962,33.499771,0 126.471558,33.499561,0 
				</coordinates>
			</LineString>
		</MultiGeometry>
	</Placemark>
	<Placemark>
		<name>P-30</name>
		<visibility>0</visibility>
		<description><![CDATA[<div><div><span><b>Altitude:</b></span> <span>0 ft</span></div>
<div><span><b>Speed:</b></span> <span>12 kt - 13 kt</span></div>
<div><span><b>Timestamp:</b></span><br/><span>2023-09-13 02:16:09 UTC<br/>2023-09-13 02:16:15 UTC</span></div>
</div>]]></description>
		<Style>
			<LineStyle>
				<color>ffffffff</color>
				<width>2</width>
			</LineStyle>
		</Style>
		<MultiGeometry>
			<LineString>
				<tessellate>1</tessellate>
				<coordinates>
					126.471558,33.499561,0 126.471161,33.499363,0 
				</coordinates>
			</LineString>
		</MultiGeometry>
	</Placemark>
	<Placemark>
		<name>P-31</name>
		<visibility>0</visibility>
		<description><![CDATA[<div><div><span><b>Altitude:</b></span> <span>0 ft</span></div>
<div><span><b>Speed:</b></span> <span>13 kt - 12 kt</span></div>
<div><span><b>Timestamp:</b></span><br/><span>2023-09-13 02:16:15 UTC<br/>2023-09-13 02:16:24 UTC</span></div>
</div>]]></description>
		<Style>
			<LineStyle>
				<color>ffffffff</color>
				<width>2</width>
			</LineStyle>
		</Style>
		<MultiGeometry>
			<LineString>
				<tessellate>1</tessellate>
				<coordinates>
					126.471161,33.499363,0 126.470657,33.4991,0 
				</coordinates>
			</LineString>
		</MultiGeometry>
	</Placemark>
	<Placemark>
		<name>P-32</name>
		<visibility>0</visibility>
		<description><![CDATA[<div><div><span><b>Altitude:</b></span> <span>0 ft</span></div>
<div><span><b>Speed:</b></span> <span>12 kt - 11 kt</span></div>
<div><span><b>Timestamp:</b></span><br/><span>2023-09-13 02:16:24 UTC<br/>2023-09-13 02:16:36 UTC</span></div>
</div>]]></description>
		<Style>
			<LineStyle>
				<color>ffffffff</color>
				<width>2</width>
			</LineStyle>
		</Style>
		<MultiGeometry>
			<LineString>
				<tessellate>1</tessellate>
				<coordinates>
					126.470657,33.4991,0 126.46991,33.498779,0 
				</coordinates>
			</LineString>
		</MultiGeometry>
	</Placemark>
	<Placemark>
		<name>P-33</name>
		<visibility>0</visibility>
		<description><![CDATA[<div><div><span><b>Altitude:</b></span> <span>0 ft</span></div>
<div><span><b>Speed:</b></span> <span>11 kt - 10 kt</span></div>
<div><span><b>Timestamp:</b></span><br/><span>2023-09-13 02:16:36 UTC<br/>2023-09-13 02:16:41 UTC</span></div>
</div>]]></description>
		<Style>
			<LineStyle>
				<color>ffffffff</color>
				<width>2</width>
			</LineStyle>
		</Style>
		<MultiGeometry>
			<LineString>
				<tessellate>1</tessellate>
				<coordinates>
					126.46991,33.498779,0 126.469696,33.498779,0 
				</coordinates>
			</LineString>
		</MultiGeometry>
	</Placemark>
	<Placemark>
		<name>P-34</name>
		<visibility>0</visibility>
		<description><![CDATA[<div><div><span><b>Altitude:</b></span> <span>0 ft</span></div>
<div><span><b>Speed:</b></span> <span>10 kt - 7 kt</span></div>
<div><span><b>Timestamp:</b></span><br/><span>2023-09-13 02:16:41 UTC<br/>2023-09-13 02:16:46 UTC</span></div>
</div>]]></description>
		<Style>
			<LineStyle>
				<color>ffffffff</color>
				<width>2</width>
			</LineStyle>
		</Style>
		<MultiGeometry>
			<LineString>
				<tessellate>1</tessellate>
				<coordinates>
					126.469696,33.498779,0 126.46949,33.498859,0 
				</coordinates>
			</LineString>
		</MultiGeometry>
	</Placemark>
	<Placemark>
		<name>P-35</name>
		<visibility>0</visibility>
		<description><![CDATA[<div><div><span><b>Altitude:</b></span> <span>0 ft</span></div>
<div><span><b>Speed:</b></span> <span>7 kt - 2 kt</span></div>
<div><span><b>Timestamp:</b></span><br/><span>2023-09-13 02:16:46 UTC<br/>2023-09-13 02:17:01 UTC</span></div>
</div>]]></description>
		<Style>
			<LineStyle>
				<color>ffffffff</color>
				<width>2</width>
			</LineStyle>
		</Style>
		<MultiGeometry>
			<LineString>
				<tessellate>1</tessellate>
				<coordinates>
					126.46949,33.498859,0 126.469284,33.499096,0 
				</coordinates>
			</LineString>
		</MultiGeometry>
	</Placemark>
	<Placemark>
		<name>P-36</name>
		<visibility>0</visibility>
		<description><![CDATA[<div><div><span><b>Altitude:</b></span> <span>0 ft</span></div>
<div><span><b>Speed:</b></span> <span>2 kt - 7 kt</span></div>
<div><span><b>Timestamp:</b></span><br/><span>2023-09-13 02:17:01 UTC<br/>2023-09-13 02:18:17 UTC</span></div>
</div>]]></description>
		<Style>
			<LineStyle>
				<color>ffffffff</color>
				<width>2</width>
			</LineStyle>
		</Style>
		<MultiGeometry>
			<LineString>
				<tessellate>1</tessellate>
				<coordinates>
					126.469284,33.499096,0 126.469131,33.499306,0 
				</coordinates>
			</LineString>
		</MultiGeometry>
	</Placemark>
	<Placemark>
		<name>P-37</name>
		<visibility>0</visibility>
		<description><![CDATA[<div><div><span><b>Altitude:</b></span> <span>0 ft</span></div>
<div><span><b>Speed:</b></span> <span>7 kt - 9 kt</span></div>
<div><span><b>Timestamp:</b></span><br/><span>2023-09-13 02:18:17 UTC<br/>2023-09-13 02:18:24 UTC</span></div>
</div>]]></description>
		<Style>
			<LineStyle>
				<color>ffffffff</color>
				<width>2</width>
			</LineStyle>
		</Style>
		<MultiGeometry>
			<LineString>
				<tessellate>1</tessellate>
				<coordinates>
					126.469131,33.499306,0 126.468933,33.499573,0 
				</coordinates>
			</LineString>
		</MultiGeometry>
	</Placemark>
	<Placemark>
		<name>P-38</name>
		<visibility>0</visibility>
		<description><![CDATA[<div><div><span><b>Altitude:</b></span> <span>0 ft</span></div>
<div><span><b>Speed:</b></span> <span>9 kt - 8 kt</span></div>
<div><span><b>Timestamp:</b></span><br/><span>2023-09-13 02:18:24 UTC<br/>2023-09-13 02:18:30 UTC</span></div>
</div>]]></description>
		<Style>
			<LineStyle>
				<color>ffffffff</color>
				<width>2</width>
			</LineStyle>
		</Style>
		<MultiGeometry>
			<LineString>
				<tessellate>1</tessellate>
				<coordinates>
					126.468933,33.499573,0 126.468819,33.499794,0 
				</coordinates>
			</LineString>
		</MultiGeometry>
	</Placemark>
	<Placemark>
		<name>P-39</name>
		<visibility>0</visibility>
		<description><![CDATA[<div><div><span><b>Altitude:</b></span> <span>0 ft</span></div>
<div><span><b>Speed:</b></span> <span>8 kt</span></div>
<div><span><b>Timestamp:</b></span><br/><span>2023-09-13 02:18:30 UTC<br/>2023-09-13 02:18:37 UTC</span></div>
</div>]]></description>
		<Style>
			<LineStyle>
				<color>ffffffff</color>
				<width>2</width>
			</LineStyle>
		</Style>
		<MultiGeometry>
			<LineString>
				<tessellate>1</tessellate>
				<coordinates>
					126.468819,33.499794,0 126.468811,33.500027,0 
				</coordinates>
			</LineString>
		</MultiGeometry>
	</Placemark>
	<Placemark>
		<name>P-40</name>
		<visibility>0</visibility>
		<description><![CDATA[<div><div><span><b>Altitude:</b></span> <span>0 ft</span></div>
<div><span><b>Speed:</b></span> <span>8 kt - 7 kt</span></div>
<div><span><b>Timestamp:</b></span><br/><span>2023-09-13 02:18:37 UTC<br/>2023-09-13 02:18:45 UTC</span></div>
</div>]]></description>
		<Style>
			<LineStyle>
				<color>ffffffff</color>
				<width>2</width>
			</LineStyle>
		</Style>
		<MultiGeometry>
			<LineString>
				<tessellate>1</tessellate>
				<coordinates>
					126.468811,33.500027,0 126.469048,33.500214,0 
				</coordinates>
			</LineString>
		</MultiGeometry>
	</Placemark>
	<Placemark>
		<name>P-41</name>
		<visibility>0</visibility>
		<description><![CDATA[<div><div><span><b>Altitude:</b></span> <span>0 ft</span></div>
<div><span><b>Speed:</b></span> <span>7 kt - 4 kt</span></div>
<div><span><b>Timestamp:</b></span><br/><span>2023-09-13 02:18:45 UTC<br/>2023-09-13 02:19:15 UTC</span></div>
</div>]]></description>
		<Style>
			<LineStyle>
				<color>ffffffff</color>
				<width>2</width>
			</LineStyle>
		</Style>
		<MultiGeometry>
			<LineString>
				<tessellate>1</tessellate>
				<coordinates>
					126.469048,33.500214,0 126.469269,33.500313,0 
				</coordinates>
			</LineString>
		</MultiGeometry>
	</Placemark>
	<Placemark>
		<name>P-42</name>
		<visibility>0</visibility>
		<description><![CDATA[<div><div><span><b>Altitude:</b></span> <span>0 ft</span></div>
<div><span><b>Speed:</b></span> <span>4 kt - 34 kt</span></div>
<div><span><b>Timestamp:</b></span><br/><span>2023-09-13 02:19:15 UTC<br/>2023-09-13 02:19:22 UTC</span></div>
</div>]]></description>
		<Style>
			<LineStyle>
				<color>ffffffff</color>
				<width>2</width>
			</LineStyle>
		</Style>
		<MultiGeometry>
			<LineString>
				<tessellate>1</tessellate>
				<coordinates>
					126.469269,33.500313,0 126.469986,33.500668,0 
				</coordinates>
			</LineString>
		</MultiGeometry>
	</Placemark>
	<Placemark>
		<name>P-43</name>
		<visibility>0</visibility>
		<description><![CDATA[<div><div><span><b>Altitude:</b></span> <span>0 ft</span></div>
<div><span><b>Speed:</b></span> <span>34 kt - 84 kt</span></div>
<div><span><b>Timestamp:</b></span><br/><span>2023-09-13 02:19:22 UTC<br/>2023-09-13 02:19:30 UTC</span></div>
</div>]]></description>
		<Style>
			<LineStyle>
				<color>ffffffff</color>
				<width>2</width>
			</LineStyle>
		</Style>
		<MultiGeometry>
			<LineString>
				<tessellate>1</tessellate>
				<coordinates>
					126.469986,33.500668,0 126.47287,33.502155,0 
				</coordinates>
			</LineString>
		</MultiGeometry>
	</Placemark>
	<Placemark>
		<name>P-44</name>
		<visibility>0</visibility>
		<description><![CDATA[<div><div><span><b>Altitude:</b></span> <span>0 ft - 175 ft</span></div>
<div><span><b>Speed:</b></span> <span>84 kt - 115 kt</span></div>
<div><span><b>Timestamp:</b></span><br/><span>2023-09-13 02:19:30 UTC<br/>2023-09-13 02:19:37 UTC</span></div>
</div>]]></description>
		<Style>
			<LineStyle>
				<color>ffffffff</color>
				<width>2</width>
			</LineStyle>
		</Style>
		<MultiGeometry>
			<LineString>
				<tessellate>1</tessellate>
				<coordinates>
					126.47287,33.502155,0 126.476425,33.503952,53.34 
				</coordinates>
			</LineString>
		</MultiGeometry>
	</Placemark>
	<Placemark>
		<name>P-45</name>
		<visibility>0</visibility>
		<description><![CDATA[<div><div><span><b>Altitude:</b></span> <span>175 ft - 350 ft</span></div>
<div><span><b>Speed:</b></span> <span>115 kt - 151 kt</span></div>
<div><span><b>Timestamp:</b></span><br/><span>2023-09-13 02:19:37 UTC<br/>2023-09-13 02:19:49 UTC</span></div>
</div>]]></description>
		<Style>
			<LineStyle>
				<color>ffffffff</color>
				<width>2</width>
			</LineStyle>
		</Style>
		<MultiGeometry>
			<LineString>
				<tessellate>1</tessellate>
				<altitudeMode>absolute</altitudeMode>
				<coordinates>
					126.476425,33.503952,53.34 126.484497,33.508118,106.68 
				</coordinates>
			</LineString>
		</MultiGeometry>
	</Placemark>
	<Placemark>
		<name>P-46</name>
		<visibility>0</visibility>
		<description><![CDATA[<div><div><span><b>Altitude:</b></span> <span>350 ft - 675 ft</span></div>
<div><span><b>Speed:</b></span> <span>151 kt - 155 kt</span></div>
<div><span><b>Timestamp:</b></span><br/><span>2023-09-13 02:19:49 UTC<br/>2023-09-13 02:19:58 UTC</span></div>
</div>]]></description>
		<Style>
			<LineStyle>
				<color>ffffe062</color>
				<width>2</width>
			</LineStyle>
		</Style>
		<MultiGeometry>
			<LineString>
				<tessellate>1</tessellate>
				<altitudeMode>absolute</altitudeMode>
				<coordinates>
					126.484497,33.508118,106.68 126.491089,33.511513,205.74 
				</coordinates>
			</LineString>
		</MultiGeometry>
	</Placemark>
	<Placemark>
		<name>P-47</name>
		<visibility>0</visibility>
		<description><![CDATA[<div><div><span><b>Altitude:</b></span> <span>675 ft - 1,150 ft</span></div>
<div><span><b>Speed:</b></span> <span>155 kt - 154 kt</span></div>
<div><span><b>Timestamp:</b></span><br/><span>2023-09-13 02:19:58 UTC<br/>2023-09-13 02:20:07 UTC</span></div>
</div>]]></description>
		<Style>
			<LineStyle>
				<color>ffffea00</color>
				<width>2</width>
			</LineStyle>
		</Style>
		<MultiGeometry>
			<LineString>
				<tessellate>1</tessellate>
				<altitudeMode>absolute</altitudeMode>
				<coordinates>
					126.491089,33.511513,205.74 126.497757,33.515003,350.52 
				</coordinates>
			</LineString>
		</MultiGeometry>
	</Placemark>
	<Placemark>
		<name>P-48</name>
		<visibility>0</visibility>
		<description><![CDATA[<div><div><span><b>Altitude:</b></span> <span>1,150 ft - 1,625 ft</span></div>
<div><span><b>Speed:</b></span> <span>154 kt - 151 kt</span></div>
<div><span><b>Timestamp:</b></span><br/><span>2023-09-13 02:20:07 UTC<br/>2023-09-13 02:20:16 UTC</span></div>
</div>]]></description>
		<Style>
			<LineStyle>
				<color>fff0ff00</color>
				<width>2</width>
			</LineStyle>
		</Style>
		<MultiGeometry>
			<LineString>
				<tessellate>1</tessellate>
				<altitudeMode>absolute</altitudeMode>
				<coordinates>
					126.497757,33.515003,350.52 126.504372,33.518448,495.3000000000001 
				</coordinates>
			</LineString>
		</MultiGeometry>
	</Placemark>
	<Placemark>
		<name>P-49</name>
		<visibility>0</visibility>
		<description><![CDATA[<div><div><span><b>Altitude:</b></span> <span>1,625 ft - 1,775 ft</span></div>
<div><span><b>Speed:</b></span> <span>151 kt - 150 kt</span></div>
<div><span><b>Timestamp:</b></span><br/><span>2023-09-13 02:20:16 UTC<br/>2023-09-13 02:20:19 UTC</span></div>
</div>]]></description>
		<Style>
			<LineStyle>
				<color>ffccff00</color>
				<width>2</width>
			</LineStyle>
		</Style>
		<MultiGeometry>
			<LineString>
				<tessellate>1</tessellate>
				<altitudeMode>absolute</altitudeMode>
				<coordinates>
					126.504372,33.518448,495.3000000000001 126.506165,33.519566,541.0199999999999 
				</coordinates>
			</LineString>
		</MultiGeometry>
	</Placemark>
	<Placemark>
		<name>P-50</name>
		<visibility>0</visibility>
		<description><![CDATA[<div><div><span><b>Altitude:</b></span> <span>1,775 ft - 1,925 ft</span></div>
<div><span><b>Speed:</b></span> <span>150 kt - 149 kt</span></div>
<div><span><b>Timestamp:</b></span><br/><span>2023-09-13 02:20:19 UTC<br/>2023-09-13 02:20:22 UTC</span></div>
</div>]]></description>
		<Style>
			<LineStyle>
				<color>ffccff00</color>
				<width>2</width>
			</LineStyle>
		</Style>
		<MultiGeometry>
			<LineString>
				<tessellate>1</tessellate>
				<altitudeMode>absolute</altitudeMode>
				<coordinates>
					126.506165,33.519566,541.0199999999999 126.508339,33.521118,586.74 
				</coordinates>
			</LineString>
		</MultiGeometry>
	</Placemark>
	<Placemark>
		<name>P-51</name>
		<visibility>0</visibility>
		<description><![CDATA[<div><div><span><b>Altitude:</b></span> <span>1,925 ft - 2,075 ft</span></div>
<div><span><b>Speed:</b></span> <span>149 kt - 150 kt</span></div>
<div><span><b>Timestamp:</b></span><br/><span>2023-09-13 02:20:22 UTC<br/>2023-09-13 02:20:25 UTC</span></div>
</div>]]></description>
		<Style>
			<LineStyle>
				<color>ffccff00</color>
				<width>2</width>
			</LineStyle>
		</Style>
		<MultiGeometry>
			<LineString>
				<tessellate>1</tessellate>
				<altitudeMode>absolute</altitudeMode>
				<coordinates>
					126.508339,33.521118,586.74 126.510094,33.52264,632.4599999999999 
				</coordinates>
			</LineString>
		</MultiGeometry>
	</Placemark>
	<Placemark>
		<name>P-52</name>
		<visibility>0</visibility>
		<description><![CDATA[<div><div><span><b>Altitude:</b></span> <span>2,075 ft - 2,225 ft</span></div>
<div><span><b>Speed:</b></span> <span>150 kt - 149 kt</span></div>
<div><span><b>Timestamp:</b></span><br/><span>2023-09-13 02:20:25 UTC<br/>2023-09-13 02:20:28 UTC</span></div>
</div>]]></description>
		<Style>
			<LineStyle>
				<color>ff42ff00</color>
				<width>2</width>
			</LineStyle>
		</Style>
		<MultiGeometry>
			<LineString>
				<tessellate>1</tessellate>
				<altitudeMode>absolute</altitudeMode>
				<coordinates>
					126.510094,33.52264,632.4599999999999 126.511688,33.524094,678.1799999999999 
				</coordinates>
			</LineString>
		</MultiGeometry>
	</Placemark>
	<Placemark>
		<name>P-53</name>
		<visibility>0</visibility>
		<description><![CDATA[<div><div><span><b>Altitude:</b></span> <span>2,225 ft - 2,375 ft</span></div>
<div><span><b>Speed:</b></span> <span>149 kt - 148 kt</span></div>
<div><span><b>Timestamp:</b></span><br/><span>2023-09-13 02:20:28 UTC<br/>2023-09-13 02:20:31 UTC</span></div>
</div>]]></description>
		<Style>
			<LineStyle>
				<color>ff42ff00</color>
				<width>2</width>
			</LineStyle>
		</Style>
		<MultiGeometry>
			<LineString>
				<tessellate>1</tessellate>
				<altitudeMode>absolute</altitudeMode>
				<coordinates>
					126.511688,33.524094,678.1799999999999 126.513283,33.525513,723.8999999999999 
				</coordinates>
			</LineString>
		</MultiGeometry>
	</Placemark>
	<Placemark>
		<name>P-54</name>
		<visibility>0</visibility>
		<description><![CDATA[<div><div><span><b>Altitude:</b></span> <span>2,375 ft - 2,525 ft</span></div>
<div><span><b>Speed:</b></span> <span>148 kt</span></div>
<div><span><b>Timestamp:</b></span><br/><span>2023-09-13 02:20:31 UTC<br/>2023-09-13 02:20:34 UTC</span></div>
</div>]]></description>
		<Style>
			<LineStyle>
				<color>ff42ff00</color>
				<width>2</width>
			</LineStyle>
		</Style>
		<MultiGeometry>
			<LineString>
				<tessellate>1</tessellate>
				<altitudeMode>absolute</altitudeMode>
				<coordinates>
					126.513283,33.525513,723.8999999999999 126.514931,33.527069,769.62 
				</coordinates>
			</LineString>
		</MultiGeometry>
	</Placemark>
	<Placemark>
		<name>P-55</name>
		<visibility>0</visibility>
		<description><![CDATA[<div><div><span><b>Altitude:</b></span> <span>2,525 ft - 2,650 ft</span></div>
<div><span><b>Speed:</b></span> <span>148 kt</span></div>
<div><span><b>Timestamp:</b></span><br/><span>2023-09-13 02:20:34 UTC<br/>2023-09-13 02:20:37 UTC</span></div>
</div>]]></description>
		<Style>
			<LineStyle>
				<color>ff42ff00</color>
				<width>2</width>
			</LineStyle>
		</Style>
		<MultiGeometry>
			<LineString>
				<tessellate>1</tessellate>
				<altitudeMode>absolute</altitudeMode>
				<coordinates>
					126.514931,33.527069,769.62 126.516685,33.528717,807.7199999999999 
				</coordinates>
			</LineString>
		</MultiGeometry>
	</Placemark>
	<Placemark>
		<name>P-56</name>
		<visibility>0</visibility>
		<description><![CDATA[<div><div><span><b>Altitude:</b></span> <span>2,650 ft - 2,800 ft</span></div>
<div><span><b>Speed:</b></span> <span>148 kt - 147 kt</span></div>
<div><span><b>Timestamp:</b></span><br/><span>2023-09-13 02:20:37 UTC<br/>2023-09-13 02:20:41 UTC</span></div>
</div>]]></description>
		<Style>
			<LineStyle>
				<color>ff1eff00</color>
				<width>2</width>
			</LineStyle>
		</Style>
		<MultiGeometry>
			<LineString>
				<tessellate>1</tessellate>
				<altitudeMode>absolute</altitudeMode>
				<coordinates>
					126.516685,33.528717,807.7199999999999 126.518333,33.530228,853.4399999999999 
				</coordinates>
			</LineString>
		</MultiGeometry>
	</Placemark>
	<Placemark>
		<name>P-57</name>
		<visibility>0</visibility>
		<description><![CDATA[<div><div><span><b>Altitude:</b></span> <span>2,800 ft - 2,925 ft</span></div>
<div><span><b>Speed:</b></span> <span>147 kt</span></div>
<div><span><b>Timestamp:</b></span><br/><span>2023-09-13 02:20:41 UTC<br/>2023-09-13 02:20:44 UTC</span></div>
</div>]]></description>
		<Style>
			<LineStyle>
				<color>ff1eff00</color>
				<width>2</width>
			</LineStyle>
		</Style>
		<MultiGeometry>
			<LineString>
				<tessellate>1</tessellate>
				<altitudeMode>absolute</altitudeMode>
				<coordinates>
					126.518333,33.530228,853.4399999999999 126.519981,33.531784,891.5399999999997 
				</coordinates>
			</LineString>
		</MultiGeometry>
	</Placemark>
	<Placemark>
		<name>P-58</name>
		<visibility>0</visibility>
		<description><![CDATA[<div><div><span><b>Altitude:</b></span> <span>2,925 ft - 3,050 ft</span></div>
<div><span><b>Speed:</b></span> <span>147 kt</span></div>
<div><span><b>Timestamp:</b></span><br/><span>2023-09-13 02:20:44 UTC<br/>2023-09-13 02:20:47 UTC</span></div>
</div>]]></description>
		<Style>
			<LineStyle>
				<color>ff1eff00</color>
				<width>2</width>
			</LineStyle>
		</Style>
		<MultiGeometry>
			<LineString>
				<tessellate>1</tessellate>
				<altitudeMode>absolute</altitudeMode>
				<coordinates>
					126.519981,33.531784,891.5399999999997 126.52169,33.533298,929.64 
				</coordinates>
			</LineString>
		</MultiGeometry>
	</Placemark>
	<Placemark>
		<name>P-59</name>
		<visibility>0</visibility>
		<description><![CDATA[<div><div><span><b>Altitude:</b></span> <span>3,050 ft - 3,175 ft</span></div>
<div><span><b>Speed:</b></span> <span>147 kt</span></div>
<div><span><b>Timestamp:</b></span><br/><span>2023-09-13 02:20:47 UTC<br/>2023-09-13 02:20:50 UTC</span></div>
</div>]]></description>
		<Style>
			<LineStyle>
				<color>ff1eff00</color>
				<width>2</width>
			</LineStyle>
		</Style>
		<MultiGeometry>
			<LineString>
				<tessellate>1</tessellate>
				<altitudeMode>absolute</altitudeMode>
				<coordinates>
					126.52169,33.533298,929.64 126.523277,33.534714,967.7399999999999 
				</coordinates>
			</LineString>
		</MultiGeometry>
	</Placemark>
	<Placemark>
		<name>P-60</name>
		<visibility>0</visibility>
		<description><![CDATA[<div><div><span><b>Altitude:</b></span> <span>3,175 ft - 3,300 ft</span></div>
<div><span><b>Speed:</b></span> <span>147 kt</span></div>
<div><span><b>Timestamp:</b></span><br/><span>2023-09-13 02:20:50 UTC<br/>2023-09-13 02:20:53 UTC</span></div>
</div>]]></description>
		<Style>
			<LineStyle>
				<color>ff1eff00</color>
				<width>2</width>
			</LineStyle>
		</Style>
		<MultiGeometry>
			<LineString>
				<tessellate>1</tessellate>
				<altitudeMode>absolute</altitudeMode>
				<coordinates>
					126.523277,33.534714,967.7399999999999 126.525116,33.536419,1005.84 
				</coordinates>
			</LineString>
		</MultiGeometry>
	</Placemark>
	<Placemark>
		<name>P-61</name>
		<visibility>0</visibility>
		<description><![CDATA[<div><div><span><b>Altitude:</b></span> <span>3,300 ft - 3,600 ft</span></div>
<div><span><b>Speed:</b></span> <span>147 kt - 154 kt</span></div>
<div><span><b>Timestamp:</b></span><br/><span>2023-09-13 02:20:53 UTC<br/>2023-09-13 02:21:02 UTC</span></div>
</div>]]></description>
		<Style>
			<LineStyle>
				<color>ff00ff0c</color>
				<width>2</width>
			</LineStyle>
		</Style>
		<MultiGeometry>
			<LineString>
				<tessellate>1</tessellate>
				<altitudeMode>absolute</altitudeMode>
				<coordinates>
					126.525116,33.536419,1005.84 126.530159,33.540848,1097.28 
				</coordinates>
			</LineString>
		</MultiGeometry>
	</Placemark>
	<Placemark>
		<name>P-62</name>
		<visibility>0</visibility>
		<description><![CDATA[<div><div><span><b>Altitude:</b></span> <span>3,600 ft - 3,850 ft</span></div>
<div><span><b>Speed:</b></span> <span>154 kt - 164 kt</span></div>
<div><span><b>Timestamp:</b></span><br/><span>2023-09-13 02:21:02 UTC<br/>2023-09-13 02:21:11 UTC</span></div>
</div>]]></description>
		<Style>
			<LineStyle>
				<color>ff00ff0c</color>
				<width>2</width>
			</LineStyle>
		</Style>
		<MultiGeometry>
			<LineString>
				<tessellate>1</tessellate>
				<altitudeMode>absolute</altitudeMode>
				<coordinates>
					126.530159,33.540848,1097.28 126.536041,33.545975,1173.48 
				</coordinates>
			</LineString>
		</MultiGeometry>
	</Placemark>
	<Placemark>
		<name>P-63</name>
		<visibility>0</visibility>
		<description><![CDATA[<div><div><span><b>Altitude:</b></span> <span>3,850 ft - 4,100 ft</span></div>
<div><span><b>Speed:</b></span> <span>164 kt - 175 kt</span></div>
<div><span><b>Timestamp:</b></span><br/><span>2023-09-13 02:21:11 UTC<br/>2023-09-13 02:21:20 UTC</span></div>
</div>]]></description>
		<Style>
			<LineStyle>
				<color>ff00ff0c</color>
				<width>2</width>
			</LineStyle>
		</Style>
		<MultiGeometry>
			<LineString>
				<tessellate>1</tessellate>
				<altitudeMode>absolute</altitudeMode>
				<coordinates>
					126.536041,33.545975,1173.48 126.541786,33.550991,1249.68 
				</coordinates>
			</LineString>
		</MultiGeometry>
	</Placemark>
	<Placemark>
		<name>P-64</name>
		<visibility>0</visibility>
		<description><![CDATA[<div><div><span><b>Altitude:</b></span> <span>4,100 ft - 4,375 ft</span></div>
<div><span><b>Speed:</b></span> <span>175 kt - 185 kt</span></div>
<div><span><b>Timestamp:</b></span><br/><span>2023-09-13 02:21:20 UTC<br/>2023-09-13 02:21:29 UTC</span></div>
</div>]]></description>
		<Style>
			<LineStyle>
				<color>ff00ff36</color>
				<width>2</width>
			</LineStyle>
		</Style>
		<MultiGeometry>
			<LineString>
				<tessellate>1</tessellate>
				<altitudeMode>absolute</altitudeMode>
				<coordinates>
					126.541786,33.550991,1249.68 126.54837,33.556808,1333.5 
				</coordinates>
			</LineString>
		</MultiGeometry>
	</Placemark>
	<Placemark>
		<name>P-65</name>
		<visibility>0</visibility>
		<description><![CDATA[<div><div><span><b>Altitude:</b></span> <span>4,375 ft - 4,650 ft</span></div>
<div><span><b>Speed:</b></span> <span>185 kt - 195 kt</span></div>
<div><span><b>Timestamp:</b></span><br/><span>2023-09-13 02:21:29 UTC<br/>2023-09-13 02:21:38 UTC</span></div>
</div>]]></description>
		<Style>
			<LineStyle>
				<color>ff00ff36</color>
				<width>2</width>
			</LineStyle>
		</Style>
		<MultiGeometry>
			<LineString>
				<tessellate>1</tessellate>
				<altitudeMode>absolute</altitudeMode>
				<coordinates>
					126.54837,33.556808,1333.5 126.554817,33.562546,1417.32 
				</coordinates>
			</LineString>
		</MultiGeometry>
	</Placemark>
	<Placemark>
		<name>P-66</name>
		<visibility>0</visibility>
		<description><![CDATA[<div><div><span><b>Altitude:</b></span> <span>4,650 ft - 4,950 ft</span></div>
<div><span><b>Speed:</b></span> <span>195 kt - 207 kt</span></div>
<div><span><b>Timestamp:</b></span><br/><span>2023-09-13 02:21:38 UTC<br/>2023-09-13 02:21:47 UTC</span></div>
</div>]]></description>
		<Style>
			<LineStyle>
				<color>ff00ff36</color>
				<width>2</width>
			</LineStyle>
		</Style>
		<MultiGeometry>
			<LineString>
				<tessellate>1</tessellate>
				<altitudeMode>absolute</altitudeMode>
				<coordinates>
					126.554817,33.562546,1417.32 126.561882,33.568863,1508.76 
				</coordinates>
			</LineString>
		</MultiGeometry>
	</Placemark>
	<Placemark>
		<name>P-67</name>
		<visibility>0</visibility>
		<description><![CDATA[<div><div><span><b>Altitude:</b></span> <span>4,950 ft - 5,325 ft</span></div>
<div><span><b>Speed:</b></span> <span>207 kt - 217 kt</span></div>
<div><span><b>Timestamp:</b></span><br/><span>2023-09-13 02:21:47 UTC<br/>2023-09-13 02:21:56 UTC</span></div>
</div>]]></description>
		<Style>
			<LineStyle>
				<color>ff00ff72</color>
				<width>2</width>
			</LineStyle>
		</Style>
		<MultiGeometry>
			<LineString>
				<tessellate>1</tessellate>
				<altitudeMode>absolute</altitudeMode>
				<coordinates>
					126.561882,33.568863,1508.76 126.569077,33.575195,1623.06 
				</coordinates>
			</LineString>
		</MultiGeometry>
	</Placemark>
	<Placemark>
		<name>P-68</name>
		<visibility>0</visibility>
		<description><![CDATA[<div><div><span><b>Altitude:</b></span> <span>5,325 ft - 5,875 ft</span></div>
<div><span><b>Speed:</b></span> <span>217 kt - 236 kt</span></div>
<div><span><b>Timestamp:</b></span><br/><span>2023-09-13 02:21:56 UTC<br/>2023-09-13 02:22:11 UTC</span></div>
</div>]]></description>
		<Style>
			<LineStyle>
				<color>ff00ff72</color>
				<width>2</width>
			</LineStyle>
		</Style>
		<MultiGeometry>
			<LineString>
				<tessellate>1</tessellate>
				<altitudeMode>absolute</altitudeMode>
				<coordinates>
					126.569077,33.575195,1623.06 126.582344,33.586899,1790.7 
				</coordinates>
			</LineString>
		</MultiGeometry>
	</Placemark>
	<Placemark>
		<name>P-69</name>
		<visibility>0</visibility>
		<description><![CDATA[<div><div><span><b>Altitude:</b></span> <span>5,875 ft - 6,425 ft</span></div>
<div><span><b>Speed:</b></span> <span>236 kt - 256 kt</span></div>
<div><span><b>Timestamp:</b></span><br/><span>2023-09-13 02:22:11 UTC<br/>2023-09-13 02:22:26 UTC</span></div>
</div>]]></description>
		<Style>
			<LineStyle>
				<color>ff00ff72</color>
				<width>2</width>
			</LineStyle>
		</Style>
		<MultiGeometry>
			<LineString>
				<tessellate>1</tessellate>
				<altitudeMode>absolute</altitudeMode>
				<coordinates>
					126.582344,33.586899,1790.7 126.596489,33.599495,1958.34 
				</coordinates>
			</LineString>
		</MultiGeometry>
	</Placemark>
	<Placemark>
		<name>P-70</name>
		<visibility>0</visibility>
		<description><![CDATA[<div><div><span><b>Altitude:</b></span> <span>6,425 ft - 6,950 ft</span></div>
<div><span><b>Speed:</b></span> <span>256 kt - 280 kt</span></div>
<div><span><b>Timestamp:</b></span><br/><span>2023-09-13 02:22:26 UTC<br/>2023-09-13 02:22:41 UTC</span></div>
</div>]]></description>
		<Style>
			<LineStyle>
				<color>ff00ff72</color>
				<width>2</width>
			</LineStyle>
		</Style>
		<MultiGeometry>
			<LineString>
				<tessellate>1</tessellate>
				<altitudeMode>absolute</altitudeMode>
				<coordinates>
					126.596489,33.599495,1958.34 126.611938,33.613403,2118.36 
				</coordinates>
			</LineString>
		</MultiGeometry>
	</Placemark>
	<Placemark>
		<name>P-71</name>
		<visibility>0</visibility>
		<description><![CDATA[<div><div><span><b>Altitude:</b></span> <span>6,950 ft - 7,700 ft</span></div>
<div><span><b>Speed:</b></span> <span>280 kt - 290 kt</span></div>
<div><span><b>Timestamp:</b></span><br/><span>2023-09-13 02:22:41 UTC<br/>2023-09-13 02:22:56 UTC</span></div>
</div>]]></description>
		<Style>
			<LineStyle>
				<color>ff00ff9c</color>
				<width>2</width>
			</LineStyle>
		</Style>
		<MultiGeometry>
			<LineString>
				<tessellate>1</tessellate>
				<altitudeMode>absolute</altitudeMode>
				<coordinates>
					126.611938,33.613403,2118.36 126.628479,33.628174,2346.96 
				</coordinates>
			</LineString>
		</MultiGeometry>
	</Placemark>
	<Placemark>
		<name>P-72</name>
		<visibility>0</visibility>
		<description><![CDATA[<div><div><span><b>Altitude:</b></span> <span>7,700 ft - 8,475 ft</span></div>
<div><span><b>Speed:</b></span> <span>290 kt - 299 kt</span></div>
<div><span><b>Timestamp:</b></span><br/><span>2023-09-13 02:22:56 UTC<br/>2023-09-13 02:23:11 UTC</span></div>
</div>]]></description>
		<Style>
			<LineStyle>
				<color>ff00ff9c</color>
				<width>2</width>
			</LineStyle>
		</Style>
		<MultiGeometry>
			<LineString>
				<tessellate>1</tessellate>
				<altitudeMode>absolute</altitudeMode>
				<coordinates>
					126.628479,33.628174,2346.96 126.645416,33.643303,2583.18 
				</coordinates>
			</LineString>
		</MultiGeometry>
	</Placemark>
	<Placemark>
		<name>P-73</name>
		<visibility>0</visibility>
		<description><![CDATA[<div><div><span><b>Altitude:</b></span> <span>8,475 ft - 9,250 ft</span></div>
<div><span><b>Speed:</b></span> <span>299 kt - 307 kt</span></div>
<div><span><b>Timestamp:</b></span><br/><span>2023-09-13 02:23:11 UTC<br/>2023-09-13 02:23:27 UTC</span></div>
</div>]]></description>
		<Style>
			<LineStyle>
				<color>ff00ffd2</color>
				<width>2</width>
			</LineStyle>
		</Style>
		<MultiGeometry>
			<LineString>
				<tessellate>1</tessellate>
				<altitudeMode>absolute</altitudeMode>
				<coordinates>
					126.645416,33.643303,2583.18 126.663269,33.659176,2819.4 
				</coordinates>
			</LineString>
		</MultiGeometry>
	</Placemark>
	<Placemark>
		<name>P-74</name>
		<visibility>0</visibility>
		<description><![CDATA[<div><div><span><b>Altitude:</b></span> <span>9,250 ft - 10,000 ft</span></div>
<div><span><b>Speed:</b></span> <span>307 kt - 316 kt</span></div>
<div><span><b>Timestamp:</b></span><br/><span>2023-09-13 02:23:27 UTC<br/>2023-09-13 02:23:41 UTC</span></div>
</div>]]></description>
		<Style>
			<LineStyle>
				<color>ff00ffd2</color>
				<width>2</width>
			</LineStyle>
		</Style>
		<MultiGeometry>
			<LineString>
				<tessellate>1</tessellate>
				<altitudeMode>absolute</altitudeMode>
				<coordinates>
					126.663269,33.659176,2819.4 126.680717,33.674744,3048 
				</coordinates>
			</LineString>
		</MultiGeometry>
	</Placemark>
	<Placemark>
		<name>P-75</name>
		<visibility>0</visibility>
		<description><![CDATA[<div><div><span><b>Altitude:</b></span> <span>10,000 ft - 10,675 ft</span></div>
<div><span><b>Speed:</b></span> <span>316 kt - 326 kt</span></div>
<div><span><b>Timestamp:</b></span><br/><span>2023-09-13 02:23:41 UTC<br/>2023-09-13 02:23:57 UTC</span></div>
</div>]]></description>
		<Style>
			<LineStyle>
				<color>ff00ffe4</color>
				<width>2</width>
			</LineStyle>
		</Style>
		<MultiGeometry>
			<LineString>
				<tessellate>1</tessellate>
				<altitudeMode>absolute</altitudeMode>
				<coordinates>
					126.680717,33.674744,3048 126.699257,33.691483,3253.74 
				</coordinates>
			</LineString>
		</MultiGeometry>
	</Placemark>
	<Placemark>
		<name>P-76</name>
		<visibility>0</visibility>
		<description><![CDATA[<div><div><span><b>Altitude:</b></span> <span>10,675 ft - 10,850 ft</span></div>
<div><span><b>Speed:</b></span> <span>326 kt - 340 kt</span></div>
<div><span><b>Timestamp:</b></span><br/><span>2023-09-13 02:23:57 UTC<br/>2023-09-13 02:24:06 UTC</span></div>
</div>]]></description>
		<Style>
			<LineStyle>
				<color>ff00ffe4</color>
				<width>2</width>
			</LineStyle>
		</Style>
		<MultiGeometry>
			<LineString>
				<tessellate>1</tessellate>
				<altitudeMode>absolute</altitudeMode>
				<coordinates>
					126.699257,33.691483,3253.74 126.708626,33.703125,3307.079999999999 
				</coordinates>
			</LineString>
		</MultiGeometry>
	</Placemark>
	<Placemark>
		<name>P-77</name>
		<visibility>0</visibility>
		<description><![CDATA[<div><div><span><b>Altitude:</b></span> <span>10,850 ft - 10,925 ft</span></div>
<div><span><b>Speed:</b></span> <span>340 kt - 347 kt</span></div>
<div><span><b>Timestamp:</b></span><br/><span>2023-09-13 02:24:06 UTC<br/>2023-09-13 02:24:09 UTC</span></div>
</div>]]></description>
		<Style>
			<LineStyle>
				<color>ff00ffe4</color>
				<width>2</width>
			</LineStyle>
		</Style>
		<MultiGeometry>
			<LineString>
				<tessellate>1</tessellate>
				<altitudeMode>absolute</altitudeMode>
				<coordinates>
					126.708626,33.703125,3307.079999999999 126.711273,33.707825,3329.94 
				</coordinates>
			</LineString>
		</MultiGeometry>
	</Placemark>
	<Placemark>
		<name>P-78</name>
		<visibility>0</visibility>
		<description><![CDATA[<div><div><span><b>Altitude:</b></span> <span>10,925 ft - 10,975 ft</span></div>
<div><span><b>Speed:</b></span> <span>347 kt - 351 kt</span></div>
<div><span><b>Timestamp:</b></span><br/><span>2023-09-13 02:24:09 UTC<br/>2023-09-13 02:24:12 UTC</span></div>
</div>]]></description>
		<Style>
			<LineStyle>
				<color>ff00ffe4</color>
				<width>2</width>
			</LineStyle>
		</Style>
		<MultiGeometry>
			<LineString>
				<tessellate>1</tessellate>
				<altitudeMode>absolute</altitudeMode>
				<coordinates>
					126.711273,33.707825,3329.94 126.713104,33.711689,3345.18 
				</coordinates>
			</LineString>
		</MultiGeometry>
	</Placemark>
	<Placemark>
		<name>P-79</name>
		<visibility>0</visibility>
		<description><![CDATA[<div><div><span><b>Altitude:</b></span> <span>10,975 ft - 11,025 ft</span></div>
<div><span><b>Speed:</b></span> <span>351 kt - 356 kt</span></div>
<div><span><b>Timestamp:</b></span><br/><span>2023-09-13 02:24:12 UTC<br/>2023-09-13 02:24:15 UTC</span></div>
</div>]]></description>
		<Style>
			<LineStyle>
				<color>ff00ffe4</color>
				<width>2</width>
			</LineStyle>
		</Style>
		<MultiGeometry>
			<LineString>
				<tessellate>1</tessellate>
				<altitudeMode>absolute</altitudeMode>
				<coordinates>
					126.713104,33.711689,3345.18 126.714821,33.716389,3360.42 
				</coordinates>
			</LineString>
		</MultiGeometry>
	</Placemark>
	<Placemark>
		<name>P-80</name>
		<visibility>0</visibility>
		<description><![CDATA[<div><div><span><b>Altitude:</b></span> <span>11,025 ft - 11,075 ft</span></div>
<div><span><b>Speed:</b></span> <span>356 kt - 362 kt</span></div>
<div><span><b>Timestamp:</b></span><br/><span>2023-09-13 02:24:15 UTC<br/>2023-09-13 02:24:18 UTC</span></div>
</div>]]></description>
		<Style>
			<LineStyle>
				<color>ff00ffe4</color>
				<width>2</width>
			</LineStyle>
		</Style>
		<MultiGeometry>
			<LineString>
				<tessellate>1</tessellate>
				<altitudeMode>absolute</altitudeMode>
				<coordinates>
					126.714821,33.716389,3360.42 126.716248,33.721977,3375.659999999998 
				</coordinates>
			</LineString>
		</MultiGeometry>
	</Placemark>
	<Placemark>
		<name>P-81</name>
		<visibility>0</visibility>
		<description><![CDATA[<div><div><span><b>Altitude:</b></span> <span>11,075 ft - 11,150 ft</span></div>
<div><span><b>Speed:</b></span> <span>362 kt - 364 kt</span></div>
<div><span><b>Timestamp:</b></span><br/><span>2023-09-13 02:24:18 UTC<br/>2023-09-13 02:24:21 UTC</span></div>
</div>]]></description>
		<Style>
			<LineStyle>
				<color>ff00ffe4</color>
				<width>2</width>
			</LineStyle>
		</Style>
		<MultiGeometry>
			<LineString>
				<tessellate>1</tessellate>
				<altitudeMode>absolute</altitudeMode>
				<coordinates>
					126.716248,33.721977,3375.659999999998 126.71698,33.726151,3398.52 
				</coordinates>
			</LineString>
		</MultiGeometry>
	</Placemark>
	<Placemark>
		<name>P-82</name>
		<visibility>0</visibility>
		<description><![CDATA[<div><div><span><b>Altitude:</b></span> <span>11,150 ft - 11,225 ft</span></div>
<div><span><b>Speed:</b></span> <span>364 kt - 365 kt</span></div>
<div><span><b>Timestamp:</b></span><br/><span>2023-09-13 02:24:21 UTC<br/>2023-09-13 02:24:24 UTC</span></div>
</div>]]></description>
		<Style>
			<LineStyle>
				<color>ff00ffe4</color>
				<width>2</width>
			</LineStyle>
		</Style>
		<MultiGeometry>
			<LineString>
				<tessellate>1</tessellate>
				<altitudeMode>absolute</altitudeMode>
				<coordinates>
					126.71698,33.726151,3398.52 126.717598,33.731094,3421.38 
				</coordinates>
			</LineString>
		</MultiGeometry>
	</Placemark>
	<Placemark>
		<name>P-83</name>
		<visibility>0</visibility>
		<description><![CDATA[<div><div><span><b>Altitude:</b></span> <span>11,225 ft - 11,325 ft</span></div>
<div><span><b>Speed:</b></span> <span>365 kt - 368 kt</span></div>
<div><span><b>Timestamp:</b></span><br/><span>2023-09-13 02:24:24 UTC<br/>2023-09-13 02:24:27 UTC</span></div>
</div>]]></description>
		<Style>
			<LineStyle>
				<color>ff00ffe4</color>
				<width>2</width>
			</LineStyle>
		</Style>
		<MultiGeometry>
			<LineString>
				<tessellate>1</tessellate>
				<altitudeMode>absolute</altitudeMode>
				<coordinates>
					126.717598,33.731094,3421.38 126.718254,33.737152,3451.86 
				</coordinates>
			</LineString>
		</MultiGeometry>
	</Placemark>
	<Placemark>
		<name>P-84</name>
		<visibility>0</visibility>
		<description><![CDATA[<div><div><span><b>Altitude:</b></span> <span>11,325 ft - 11,375 ft</span></div>
<div><span><b>Speed:</b></span> <span>368 kt - 372 kt</span></div>
<div><span><b>Timestamp:</b></span><br/><span>2023-09-13 02:24:27 UTC<br/>2023-09-13 02:24:29 UTC</span></div>
</div>]]></description>
		<Style>
			<LineStyle>
				<color>ff00ffe4</color>
				<width>2</width>
			</LineStyle>
		</Style>
		<MultiGeometry>
			<LineString>
				<tessellate>1</tessellate>
				<altitudeMode>absolute</altitudeMode>
				<coordinates>
					126.718254,33.737152,3451.86 126.718552,33.740753,3467.099999999999 
				</coordinates>
			</LineString>
		</MultiGeometry>
	</Placemark>
	<Placemark>
		<name>P-85</name>
		<visibility>0</visibility>
		<description><![CDATA[<div><div><span><b>Altitude:</b></span> <span>11,375 ft - 11,500 ft</span></div>
<div><span><b>Speed:</b></span> <span>372 kt - 376 kt</span></div>
<div><span><b>Timestamp:</b></span><br/><span>2023-09-13 02:24:29 UTC<br/>2023-09-13 02:24:33 UTC</span></div>
</div>]]></description>
		<Style>
			<LineStyle>
				<color>ff00ffe4</color>
				<width>2</width>
			</LineStyle>
		</Style>
		<MultiGeometry>
			<LineString>
				<tessellate>1</tessellate>
				<altitudeMode>absolute</altitudeMode>
				<coordinates>
					126.718552,33.740753,3467.099999999999 126.719223,33.747673,3505.2 
				</coordinates>
			</LineString>
		</MultiGeometry>
	</Placemark>
	<Placemark>
		<name>P-86</name>
		<visibility>0</visibility>
		<description><![CDATA[<div><div><span><b>Altitude:</b></span> <span>11,500 ft - 11,575 ft</span></div>
<div><span><b>Speed:</b></span> <span>376 kt</span></div>
<div><span><b>Timestamp:</b></span><br/><span>2023-09-13 02:24:33 UTC<br/>2023-09-13 02:24:36 UTC</span></div>
</div>]]></description>
		<Style>
			<LineStyle>
				<color>ff00eaff</color>
				<width>2</width>
			</LineStyle>
		</Style>
		<MultiGeometry>
			<LineString>
				<tessellate>1</tessellate>
				<altitudeMode>absolute</altitudeMode>
				<coordinates>
					126.719223,33.747673,3505.2 126.719673,33.753067,3528.06 
				</coordinates>
			</LineString>
		</MultiGeometry>
	</Placemark>
	<Placemark>
		<name>P-87</name>
		<visibility>0</visibility>
		<description><![CDATA[<div><div><span><b>Altitude:</b></span> <span>11,575 ft - 11,650 ft</span></div>
<div><span><b>Speed:</b></span> <span>376 kt - 379 kt</span></div>
<div><span><b>Timestamp:</b></span><br/><span>2023-09-13 02:24:36 UTC<br/>2023-09-13 02:24:39 UTC</span></div>
</div>]]></description>
		<Style>
			<LineStyle>
				<color>ff00eaff</color>
				<width>2</width>
			</LineStyle>
		</Style>
		<MultiGeometry>
			<LineString>
				<tessellate>1</tessellate>
				<altitudeMode>absolute</altitudeMode>
				<coordinates>
					126.719673,33.753067,3528.06 126.720062,33.75769,3550.92 
				</coordinates>
			</LineString>
		</MultiGeometry>
	</Placemark>
	<Placemark>
		<name>P-88</name>
		<visibility>0</visibility>
		<description><![CDATA[<div><div><span><b>Altitude:</b></span> <span>11,650 ft - 11,725 ft</span></div>
<div><span><b>Speed:</b></span> <span>379 kt - 384 kt</span></div>
<div><span><b>Timestamp:</b></span><br/><span>2023-09-13 02:24:39 UTC<br/>2023-09-13 02:24:42 UTC</span></div>
</div>]]></description>
		<Style>
			<LineStyle>
				<color>ff00eaff</color>
				<width>2</width>
			</LineStyle>
		</Style>
		<MultiGeometry>
			<LineString>
				<tessellate>1</tessellate>
				<altitudeMode>absolute</altitudeMode>
				<coordinates>
					126.720062,33.75769,3550.92 126.720512,33.763,3573.78 
				</coordinates>
			</LineString>
		</MultiGeometry>
	</Placemark>
	<Placemark>
		<name>P-89</name>
		<visibility>0</visibility>
		<description><![CDATA[<div><div><span><b>Altitude:</b></span> <span>11,725 ft - 11,800 ft</span></div>
<div><span><b>Speed:</b></span> <span>384 kt - 388 kt</span></div>
<div><span><b>Timestamp:</b></span><br/><span>2023-09-13 02:24:42 UTC<br/>2023-09-13 02:24:45 UTC</span></div>
</div>]]></description>
		<Style>
			<LineStyle>
				<color>ff00eaff</color>
				<width>2</width>
			</LineStyle>
		</Style>
		<MultiGeometry>
			<LineString>
				<tessellate>1</tessellate>
				<altitudeMode>absolute</altitudeMode>
				<coordinates>
					126.720512,33.763,3573.78 126.720963,33.768356,3596.64 
				</coordinates>
			</LineString>
		</MultiGeometry>
	</Placemark>
	<Placemark>
		<name>P-90</name>
		<visibility>0</visibility>
		<description><![CDATA[<div><div><span><b>Altitude:</b></span> <span>11,800 ft - 12,200 ft</span></div>
<div><span><b>Speed:</b></span> <span>388 kt - 402 kt</span></div>
<div><span><b>Timestamp:</b></span><br/><span>2023-09-13 02:24:45 UTC<br/>2023-09-13 02:25:00 UTC</span></div>
</div>]]></description>
		<Style>
			<LineStyle>
				<color>ff00eaff</color>
				<width>2</width>
			</LineStyle>
		</Style>
		<MultiGeometry>
			<LineString>
				<tessellate>1</tessellate>
				<altitudeMode>absolute</altitudeMode>
				<coordinates>
					126.720963,33.768356,3596.64 126.723312,33.796646,3718.56 
				</coordinates>
			</LineString>
		</MultiGeometry>
	</Placemark>
	<Placemark>
		<name>P-91</name>
		<visibility>0</visibility>
		<description><![CDATA[<div><div><span><b>Altitude:</b></span> <span>12,200 ft - 13,625 ft</span></div>
<div><span><b>Speed:</b></span> <span>402 kt - 408 kt</span></div>
<div><span><b>Timestamp:</b></span><br/><span>2023-09-13 02:25:00 UTC<br/>2023-09-13 02:25:30 UTC</span></div>
</div>]]></description>
		<Style>
			<LineStyle>
				<color>ff00eaff</color>
				<width>2</width>
			</LineStyle>
		</Style>
		<MultiGeometry>
			<LineString>
				<tessellate>1</tessellate>
				<altitudeMode>absolute</altitudeMode>
				<coordinates>
					126.723312,33.796646,3718.56 126.728836,33.853115,4152.9 
				</coordinates>
			</LineString>
		</MultiGeometry>
	</Placemark>
	<Placemark>
		<name>P-92</name>
		<visibility>0</visibility>
		<description><![CDATA[<div><div><span><b>Altitude:</b></span> <span>13,625 ft - 15,075 ft</span></div>
<div><span><b>Speed:</b></span> <span>408 kt - 416 kt</span></div>
<div><span><b>Timestamp:</b></span><br/><span>2023-09-13 02:25:30 UTC<br/>2023-09-13 02:26:04 UTC</span></div>
</div>]]></description>
		<Style>
			<LineStyle>
				<color>ff00c0ff</color>
				<width>2</width>
			</LineStyle>
		</Style>
		<MultiGeometry>
			<LineString>
				<tessellate>1</tessellate>
				<altitudeMode>absolute</altitudeMode>
				<coordinates>
					126.728836,33.853115,4152.9 126.735649,33.91626,4594.86 
				</coordinates>
			</LineString>
		</MultiGeometry>
	</Placemark>
	<Placemark>
		<name>P-93</name>
		<visibility>0</visibility>
		<description><![CDATA[<div><div><span><b>Altitude:</b></span> <span>15,075 ft - 16,475 ft</span></div>
<div><span><b>Speed:</b></span> <span>416 kt - 422 kt</span></div>
<div><span><b>Timestamp:</b></span><br/><span>2023-09-13 02:26:04 UTC<br/>2023-09-13 02:26:37 UTC</span></div>
</div>]]></description>
		<Style>
			<LineStyle>
				<color>ff00a8ff</color>
				<width>2</width>
			</LineStyle>
		</Style>
		<MultiGeometry>
			<LineString>
				<tessellate>1</tessellate>
				<altitudeMode>absolute</altitudeMode>
				<coordinates>
					126.735649,33.91626,4594.86 126.742744,33.981037,5021.579999999999 
				</coordinates>
			</LineString>
		</MultiGeometry>
	</Placemark>
	<Placemark>
		<name>P-94</name>
		<visibility>0</visibility>
		<description><![CDATA[<div><div><span><b>Altitude:</b></span> <span>16,475 ft - 17,575 ft</span></div>
<div><span><b>Speed:</b></span> <span>422 kt - 432 kt</span></div>
<div><span><b>Timestamp:</b></span><br/><span>2023-09-13 02:26:37 UTC<br/>2023-09-13 02:27:10 UTC</span></div>
</div>]]></description>
		<Style>
			<LineStyle>
				<color>ff0096ff</color>
				<width>2</width>
			</LineStyle>
		</Style>
		<MultiGeometry>
			<LineString>
				<tessellate>1</tessellate>
				<altitudeMode>absolute</altitudeMode>
				<coordinates>
					126.742744,33.981037,5021.579999999999 126.749611,34.045422,5356.86 
				</coordinates>
			</LineString>
		</MultiGeometry>
	</Placemark>
	<Placemark>
		<name>P-95</name>
		<visibility>0</visibility>
		<description><![CDATA[<div><div><span><b>Altitude:</b></span> <span>17,575 ft - 18,650 ft</span></div>
<div><span><b>Speed:</b></span> <span>432 kt - 442 kt</span></div>
<div><span><b>Timestamp:</b></span><br/><span>2023-09-13 02:27:10 UTC<br/>2023-09-13 02:27:43 UTC</span></div>
</div>]]></description>
		<Style>
			<LineStyle>
				<color>ff0096ff</color>
				<width>2</width>
			</LineStyle>
		</Style>
		<MultiGeometry>
			<LineString>
				<tessellate>1</tessellate>
				<altitudeMode>absolute</altitudeMode>
				<coordinates>
					126.749611,34.045422,5356.86 126.756721,34.113602,5684.52 
				</coordinates>
			</LineString>
		</MultiGeometry>
	</Placemark>
	<Placemark>
		<name>P-96</name>
		<visibility>0</visibility>
		<description><![CDATA[<div><div><span><b>Altitude:</b></span> <span>18,650 ft - 19,775 ft</span></div>
<div><span><b>Speed:</b></span> <span>442 kt - 446 kt</span></div>
<div><span><b>Timestamp:</b></span><br/><span>2023-09-13 02:27:43 UTC<br/>2023-09-13 02:28:13 UTC</span></div>
</div>]]></description>
		<Style>
			<LineStyle>
				<color>ff0078ff</color>
				<width>2</width>
			</LineStyle>
		</Style>
		<MultiGeometry>
			<LineString>
				<tessellate>1</tessellate>
				<altitudeMode>absolute</altitudeMode>
				<coordinates>
					126.756721,34.113602,5684.52 126.763397,34.176327,6027.419999999998 
				</coordinates>
			</LineString>
		</MultiGeometry>
	</Placemark>
	<Placemark>
		<name>P-97</name>
		<visibility>0</visibility>
		<description><![CDATA[<div><div><span><b>Altitude:</b></span> <span>19,775 ft - 20,750 ft</span></div>
<div><span><b>Speed:</b></span> <span>446 kt - 452 kt</span></div>
<div><span><b>Timestamp:</b></span><br/><span>2023-09-13 02:28:13 UTC<br/>2023-09-13 02:28:47 UTC</span></div>
</div>]]></description>
		<Style>
			<LineStyle>
				<color>ff0054ff</color>
				<width>2</width>
			</LineStyle>
		</Style>
		<MultiGeometry>
			<LineString>
				<tessellate>1</tessellate>
				<altitudeMode>absolute</altitudeMode>
				<coordinates>
					126.763397,34.176327,6027.419999999998 126.770721,34.244991,6324.6 
				</coordinates>
			</LineString>
		</MultiGeometry>
	</Placemark>
	<Placemark>
		<name>P-98</name>
		<visibility>0</visibility>
		<description><![CDATA[<div><div><span><b>Altitude:</b></span> <span>20,750 ft - 21,700 ft</span></div>
<div><span><b>Speed:</b></span> <span>452 kt - 462 kt</span></div>
<div><span><b>Timestamp:</b></span><br/><span>2023-09-13 02:28:47 UTC<br/>2023-09-13 02:29:20 UTC</span></div>
</div>]]></description>
		<Style>
			<LineStyle>
				<color>ff0054ff</color>
				<width>2</width>
			</LineStyle>
		</Style>
		<MultiGeometry>
			<LineString>
				<tessellate>1</tessellate>
				<altitudeMode>absolute</altitudeMode>
				<coordinates>
					126.770721,34.244991,6324.6 126.778191,34.314926,6614.16 
				</coordinates>
			</LineString>
		</MultiGeometry>
	</Placemark>
	<Placemark>
		<name>P-99</name>
		<visibility>0</visibility>
		<description><![CDATA[<div><div><span><b>Altitude:</b></span> <span>21,700 ft - 22,675 ft</span></div>
<div><span><b>Speed:</b></span> <span>462 kt - 467 kt</span></div>
<div><span><b>Timestamp:</b></span><br/><span>2023-09-13 02:29:20 UTC<br/>2023-09-13 02:29:52 UTC</span></div>
</div>]]></description>
		<Style>
			<LineStyle>
				<color>ff0030ff</color>
				<width>2</width>
			</LineStyle>
		</Style>
		<MultiGeometry>
			<LineString>
				<tessellate>1</tessellate>
				<altitudeMode>absolute</altitudeMode>
				<coordinates>
					126.778191,34.314926,6614.16 126.785423,34.38327,6911.339999999999 
				</coordinates>
			</LineString>
		</MultiGeometry>
	</Placemark>
	<Placemark>
		<name>P-100</name>
		<visibility>0</visibility>
		<description><![CDATA[<div><div><span><b>Altitude:</b></span> <span>22,675 ft - 23,675 ft</span></div>
<div><span><b>Speed:</b></span> <span>467 kt - 470 kt</span></div>
<div><span><b>Timestamp:</b></span><br/><span>2023-09-13 02:29:52 UTC<br/>2023-09-13 02:30:26 UTC</span></div>
</div>]]></description>
		<Style>
			<LineStyle>
				<color>ff0030ff</color>
				<width>2</width>
			</LineStyle>
		</Style>
		<MultiGeometry>
			<LineString>
				<tessellate>1</tessellate>
				<altitudeMode>absolute</altitudeMode>
				<coordinates>
					126.785423,34.38327,6911.339999999999 126.793327,34.457199,7216.139999999999 
				</coordinates>
			</LineString>
		</MultiGeometry>
	</Placemark>
	<Placemark>
		<name>P-101</name>
		<visibility>0</visibility>
		<description><![CDATA[<div><div><span><b>Altitude:</b></span> <span>23,675 ft - 24,350 ft</span></div>
<div><span><b>Speed:</b></span> <span>470 kt - 480 kt</span></div>
<div><span><b>Timestamp:</b></span><br/><span>2023-09-13 02:30:26 UTC<br/>2023-09-13 02:30:58 UTC</span></div>
</div>]]></description>
		<Style>
			<LineStyle>
				<color>ff001eff</color>
				<width>2</width>
			</LineStyle>
		</Style>
		<MultiGeometry>
			<LineString>
				<tessellate>1</tessellate>
				<altitudeMode>absolute</altitudeMode>
				<coordinates>
					126.793327,34.457199,7216.139999999999 126.801064,34.528564,7421.879999999998 
				</coordinates>
			</LineString>
		</MultiGeometry>
	</Placemark>
	<Placemark>
		<name>P-102</name>
		<visibility>0</visibility>
		<description><![CDATA[<div><div><span><b>Altitude:</b></span> <span>24,350 ft - 25,175 ft</span></div>
<div><span><b>Speed:</b></span> <span>480 kt - 484 kt</span></div>
<div><span><b>Timestamp:</b></span><br/><span>2023-09-13 02:30:58 UTC<br/>2023-09-13 02:31:32 UTC</span></div>
</div>]]></description>
		<Style>
			<LineStyle>
				<color>ff001eff</color>
				<width>2</width>
			</LineStyle>
		</Style>
		<MultiGeometry>
			<LineString>
				<tessellate>1</tessellate>
				<altitudeMode>absolute</altitudeMode>
				<coordinates>
					126.801064,34.528564,7421.879999999998 126.809006,34.602932,7673.34 
				</coordinates>
			</LineString>
		</MultiGeometry>
	</Placemark>
	<Placemark>
		<name>P-103</name>
		<visibility>0</visibility>
		<description><![CDATA[<div><div><span><b>Altitude:</b></span> <span>25,175 ft - 26,175 ft</span></div>
<div><span><b>Speed:</b></span> <span>484 kt - 482 kt</span></div>
<div><span><b>Timestamp:</b></span><br/><span>2023-09-13 02:31:32 UTC<br/>2023-09-13 02:32:02 UTC</span></div>
</div>]]></description>
		<Style>
			<LineStyle>
				<color>ff0000ff</color>
				<width>2</width>
			</LineStyle>
		</Style>
		<MultiGeometry>
			<LineString>
				<tessellate>1</tessellate>
				<altitudeMode>absolute</altitudeMode>
				<coordinates>
					126.809006,34.602932,7673.34 126.816162,34.671223,7978.139999999999 
				</coordinates>
			</LineString>
		</MultiGeometry>
	</Placemark>
	<Placemark>
		<name>P-104</name>
		<visibility>0</visibility>
		<description><![CDATA[<div><div><span><b>Altitude:</b></span> <span>26,175 ft - 27,000 ft</span></div>
<div><span><b>Speed:</b></span> <span>482 kt - 468 kt</span></div>
<div><span><b>Timestamp:</b></span><br/><span>2023-09-13 02:32:02 UTC<br/>2023-09-13 02:32:36 UTC</span></div>
</div>]]></description>
		<Style>
			<LineStyle>
				<color>ff0000ff</color>
				<width>2</width>
			</LineStyle>
		</Style>
		<MultiGeometry>
			<LineString>
				<tessellate>1</tessellate>
				<altitudeMode>absolute</altitudeMode>
				<coordinates>
					126.816162,34.671223,7978.139999999999 126.823997,34.744076,8229.6 
				</coordinates>
			</LineString>
		</MultiGeometry>
	</Placemark>
	<Placemark>
		<name>P-105</name>
		<visibility>0</visibility>
		<description><![CDATA[<div><div><span><b>Altitude:</b></span> <span>27,000 ft</span></div>
<div><span><b>Speed:</b></span> <span>468 kt - 470 kt</span></div>
<div><span><b>Timestamp:</b></span><br/><span>2023-09-13 02:32:36 UTC<br/>2023-09-13 02:33:09 UTC</span></div>
</div>]]></description>
		<Style>
			<LineStyle>
				<color>ff0000ff</color>
				<width>2</width>
			</LineStyle>
		</Style>
		<MultiGeometry>
			<LineString>
				<tessellate>1</tessellate>
				<altitudeMode>absolute</altitudeMode>
				<coordinates>
					126.823997,34.744076,8229.6 126.831497,34.814804,8229.6 
				</coordinates>
			</LineString>
		</MultiGeometry>
	</Placemark>
	<Placemark>
		<name>P-106</name>
		<visibility>0</visibility>
		<description><![CDATA[<div><div><span><b>Altitude:</b></span> <span>27,000 ft</span></div>
<div><span><b>Speed:</b></span> <span>470 kt - 471 kt</span></div>
<div><span><b>Timestamp:</b></span><br/><span>2023-09-13 02:33:09 UTC<br/>2023-09-13 02:33:42 UTC</span></div>
</div>]]></description>
		<Style>
			<LineStyle>
				<color>ff0000ff</color>
				<width>2</width>
			</LineStyle>
		</Style>
		<MultiGeometry>
			<LineString>
				<tessellate>1</tessellate>
				<altitudeMode>absolute</altitudeMode>
				<coordinates>
					126.831497,34.814804,8229.6 126.839447,34.888157,8229.6 
				</coordinates>
			</LineString>
		</MultiGeometry>
	</Placemark>
	<Placemark>
		<name>P-107</name>
		<visibility>0</visibility>
		<description><![CDATA[<div><div><span><b>Altitude:</b></span> <span>27,000 ft - 26,975 ft</span></div>
<div><span><b>Speed:</b></span> <span>471 kt - 473 kt</span></div>
<div><span><b>Timestamp:</b></span><br/><span>2023-09-13 02:33:42 UTC<br/>2023-09-13 02:34:15 UTC</span></div>
</div>]]></description>
		<Style>
			<LineStyle>
				<color>ff0000ff</color>
				<width>2</width>
			</LineStyle>
		</Style>
		<MultiGeometry>
			<LineString>
				<tessellate>1</tessellate>
				<altitudeMode>absolute</altitudeMode>
				<coordinates>
					126.839447,34.888157,8229.6 126.847137,34.959915,8221.98 
				</coordinates>
			</LineString>
		</MultiGeometry>
	</Placemark>
	<Placemark>
		<name>P-108</name>
		<visibility>0</visibility>
		<description><![CDATA[<div><div><span><b>Altitude:</b></span> <span>26,975 ft - 27,000 ft</span></div>
<div><span><b>Speed:</b></span> <span>473 kt - 474 kt</span></div>
<div><span><b>Timestamp:</b></span><br/><span>2023-09-13 02:34:15 UTC<br/>2023-09-13 02:34:48 UTC</span></div>
</div>]]></description>
		<Style>
			<LineStyle>
				<color>ff0000ff</color>
				<width>2</width>
			</LineStyle>
		</Style>
		<MultiGeometry>
			<LineString>
				<tessellate>1</tessellate>
				<altitudeMode>absolute</altitudeMode>
				<coordinates>
					126.847137,34.959915,8221.98 126.854759,35.031372,8229.6 
				</coordinates>
			</LineString>
		</MultiGeometry>
	</Placemark>
	<Placemark>
		<name>P-109</name>
		<visibility>0</visibility>
		<description><![CDATA[<div><div><span><b>Altitude:</b></span> <span>27,000 ft</span></div>
<div><span><b>Speed:</b></span> <span>474 kt - 472 kt</span></div>
<div><span><b>Timestamp:</b></span><br/><span>2023-09-13 02:34:48 UTC<br/>2023-09-13 02:35:18 UTC</span></div>
</div>]]></description>
		<Style>
			<LineStyle>
				<color>ff0000ff</color>
				<width>2</width>
			</LineStyle>
		</Style>
		<MultiGeometry>
			<LineString>
				<tessellate>1</tessellate>
				<altitudeMode>absolute</altitudeMode>
				<coordinates>
					126.854759,35.031372,8229.6 126.862045,35.098106,8229.6 
				</coordinates>
			</LineString>
		</MultiGeometry>
	</Placemark>
	<Placemark>
		<name>P-110</name>
		<visibility>0</visibility>
		<description><![CDATA[<div><div><span><b>Altitude:</b></span> <span>27,000 ft - 26,975 ft</span></div>
<div><span><b>Speed:</b></span> <span>472 kt</span></div>
<div><span><b>Timestamp:</b></span><br/><span>2023-09-13 02:35:18 UTC<br/>2023-09-13 02:35:51 UTC</span></div>
</div>]]></description>
		<Style>
			<LineStyle>
				<color>ff0000ff</color>
				<width>2</width>
			</LineStyle>
		</Style>
		<MultiGeometry>
			<LineString>
				<tessellate>1</tessellate>
				<altitudeMode>absolute</altitudeMode>
				<coordinates>
					126.862045,35.098106,8229.6 126.870003,35.170715,8221.98 
				</coordinates>
			</LineString>
		</MultiGeometry>
	</Placemark>
	<Placemark>
		<name>P-111</name>
		<visibility>0</visibility>
		<description><![CDATA[<div><div><span><b>Altitude:</b></span> <span>26,975 ft</span></div>
<div><span><b>Speed:</b></span> <span>472 kt</span></div>
<div><span><b>Timestamp:</b></span><br/><span>2023-09-13 02:35:51 UTC<br/>2023-09-13 02:36:25 UTC</span></div>
</div>]]></description>
		<Style>
			<LineStyle>
				<color>ff0000ff</color>
				<width>2</width>
			</LineStyle>
		</Style>
		<MultiGeometry>
			<LineString>
				<tessellate>1</tessellate>
				<altitudeMode>absolute</altitudeMode>
				<coordinates>
					126.870003,35.170715,8221.98 126.877892,35.243534,8221.98 
				</coordinates>
			</LineString>
		</MultiGeometry>
	</Placemark>
	<Placemark>
		<name>P-112</name>
		<visibility>0</visibility>
		<description><![CDATA[<div><div><span><b>Altitude:</b></span> <span>26,975 ft</span></div>
<div><span><b>Speed:</b></span> <span>472 kt</span></div>
<div><span><b>Timestamp:</b></span><br/><span>2023-09-13 02:36:25 UTC<br/>2023-09-13 02:36:58 UTC</span></div>
</div>]]></description>
		<Style>
			<LineStyle>
				<color>ff0000ff</color>
				<width>2</width>
			</LineStyle>
		</Style>
		<MultiGeometry>
			<LineString>
				<tessellate>1</tessellate>
				<altitudeMode>absolute</altitudeMode>
				<coordinates>
					126.877892,35.243534,8221.98 126.885605,35.315784,8221.98 
				</coordinates>
			</LineString>
		</MultiGeometry>
	</Placemark>
	<Placemark>
		<name>P-113</name>
		<visibility>0</visibility>
		<description><![CDATA[<div><div><span><b>Altitude:</b></span> <span>26,975 ft</span></div>
<div><span><b>Speed:</b></span> <span>472 kt - 474 kt</span></div>
<div><span><b>Timestamp:</b></span><br/><span>2023-09-13 02:36:58 UTC<br/>2023-09-13 02:37:31 UTC</span></div>
</div>]]></description>
		<Style>
			<LineStyle>
				<color>ff0000ff</color>
				<width>2</width>
			</LineStyle>
		</Style>
		<MultiGeometry>
			<LineString>
				<tessellate>1</tessellate>
				<altitudeMode>absolute</altitudeMode>
				<coordinates>
					126.885605,35.315784,8221.98 126.893433,35.387802,8221.98 
				</coordinates>
			</LineString>
		</MultiGeometry>
	</Placemark>
	<Placemark>
		<name>P-114</name>
		<visibility>0</visibility>
		<description><![CDATA[<div><div><span><b>Altitude:</b></span> <span>26,975 ft - 27,000 ft</span></div>
<div><span><b>Speed:</b></span> <span>474 kt</span></div>
<div><span><b>Timestamp:</b></span><br/><span>2023-09-13 02:37:31 UTC<br/>2023-09-13 02:38:01 UTC</span></div>
</div>]]></description>
		<Style>
			<LineStyle>
				<color>ff0000ff</color>
				<width>2</width>
			</LineStyle>
		</Style>
		<MultiGeometry>
			<LineString>
				<tessellate>1</tessellate>
				<altitudeMode>absolute</altitudeMode>
				<coordinates>
					126.893433,35.387802,8221.98 126.900673,35.453888,8229.6 
				</coordinates>
			</LineString>
		</MultiGeometry>
	</Placemark>
	<Placemark>
		<name>P-115</name>
		<visibility>0</visibility>
		<description><![CDATA[<div><div><span><b>Altitude:</b></span> <span>27,000 ft</span></div>
<div><span><b>Speed:</b></span> <span>474 kt - 476 kt</span></div>
<div><span><b>Timestamp:</b></span><br/><span>2023-09-13 02:38:01 UTC<br/>2023-09-13 02:38:35 UTC</span></div>
</div>]]></description>
		<Style>
			<LineStyle>
				<color>ff0000ff</color>
				<width>2</width>
			</LineStyle>
		</Style>
		<MultiGeometry>
			<LineString>
				<tessellate>1</tessellate>
				<altitudeMode>absolute</altitudeMode>
				<coordinates>
					126.900673,35.453888,8229.6 126.908569,35.52713,8229.6 
				</coordinates>
			</LineString>
		</MultiGeometry>
	</Placemark>
	<Placemark>
		<name>P-116</name>
		<visibility>0</visibility>
		<description><![CDATA[<div><div><span><b>Altitude:</b></span> <span>27,000 ft</span></div>
<div><span><b>Speed:</b></span> <span>476 kt</span></div>
<div><span><b>Timestamp:</b></span><br/><span>2023-09-13 02:38:35 UTC<br/>2023-09-13 02:39:08 UTC</span></div>
</div>]]></description>
		<Style>
			<LineStyle>
				<color>ff0000ff</color>
				<width>2</width>
			</LineStyle>
		</Style>
		<MultiGeometry>
			<LineString>
				<tessellate>1</tessellate>
				<altitudeMode>absolute</altitudeMode>
				<coordinates>
					126.908569,35.52713,8229.6 126.916458,35.599289,8229.6 
				</coordinates>
			</LineString>
		</MultiGeometry>
	</Placemark>
	<Placemark>
		<name>P-117</name>
		<visibility>0</visibility>
		<description><![CDATA[<div><div><span><b>Altitude:</b></span> <span>27,000 ft - 27,025 ft</span></div>
<div><span><b>Speed:</b></span> <span>476 kt - 478 kt</span></div>
<div><span><b>Timestamp:</b></span><br/><span>2023-09-13 02:39:08 UTC<br/>2023-09-13 02:39:40 UTC</span></div>
</div>]]></description>
		<Style>
			<LineStyle>
				<color>ff0000ff</color>
				<width>2</width>
			</LineStyle>
		</Style>
		<MultiGeometry>
			<LineString>
				<tessellate>1</tessellate>
				<altitudeMode>absolute</altitudeMode>
				<coordinates>
					126.916458,35.599289,8229.6 126.924408,35.67149,8237.219999999999 
				</coordinates>
			</LineString>
		</MultiGeometry>
	</Placemark>
	<Placemark>
		<name>P-118</name>
		<visibility>0</visibility>
		<description><![CDATA[<div><div><span><b>Altitude:</b></span> <span>27,025 ft - 26,625 ft</span></div>
<div><span><b>Speed:</b></span> <span>478 kt - 470 kt</span></div>
<div><span><b>Timestamp:</b></span><br/><span>2023-09-13 02:39:40 UTC<br/>2023-09-13 02:40:14 UTC</span></div>
</div>]]></description>
		<Style>
			<LineStyle>
				<color>ff0000ff</color>
				<width>2</width>
			</LineStyle>
		</Style>
		<MultiGeometry>
			<LineString>
				<tessellate>1</tessellate>
				<altitudeMode>absolute</altitudeMode>
				<coordinates>
					126.924408,35.67149,8237.219999999999 126.932487,35.744247,8115.300000000001 
				</coordinates>
			</LineString>
		</MultiGeometry>
	</Placemark>
	<Placemark>
		<name>P-119</name>
		<visibility>0</visibility>
		<description><![CDATA[<div><div><span><b>Altitude:</b></span> <span>26,625 ft - 26,100 ft</span></div>
<div><span><b>Speed:</b></span> <span>470 kt - 463 kt</span></div>
<div><span><b>Timestamp:</b></span><br/><span>2023-09-13 02:40:14 UTC<br/>2023-09-13 02:40:46 UTC</span></div>
</div>]]></description>
		<Style>
			<LineStyle>
				<color>ff0000ff</color>
				<width>2</width>
			</LineStyle>
		</Style>
		<MultiGeometry>
			<LineString>
				<tessellate>1</tessellate>
				<altitudeMode>absolute</altitudeMode>
				<coordinates>
					126.932487,35.744247,8115.300000000001 126.940445,35.813644,7955.279999999998 
				</coordinates>
			</LineString>
		</MultiGeometry>
	</Placemark>
	<Placemark>
		<name>P-120</name>
		<visibility>0</visibility>
		<description><![CDATA[<div><div><span><b>Altitude:</b></span> <span>26,100 ft - 25,550 ft</span></div>
<div><span><b>Speed:</b></span> <span>463 kt - 460 kt</span></div>
<div><span><b>Timestamp:</b></span><br/><span>2023-09-13 02:40:46 UTC<br/>2023-09-13 02:41:19 UTC</span></div>
</div>]]></description>
		<Style>
			<LineStyle>
				<color>ff0000ff</color>
				<width>2</width>
			</LineStyle>
		</Style>
		<MultiGeometry>
			<LineString>
				<tessellate>1</tessellate>
				<altitudeMode>absolute</altitudeMode>
				<coordinates>
					126.940445,35.813644,7955.279999999998 126.94796,35.884235,7787.639999999999 
				</coordinates>
			</LineString>
		</MultiGeometry>
	</Placemark>
	<Placemark>
		<name>P-121</name>
		<visibility>0</visibility>
		<description><![CDATA[<div><div><span><b>Altitude:</b></span> <span>25,550 ft - 25,025 ft</span></div>
<div><span><b>Speed:</b></span> <span>460 kt - 458 kt</span></div>
<div><span><b>Timestamp:</b></span><br/><span>2023-09-13 02:41:19 UTC<br/>2023-09-13 02:41:49 UTC</span></div>
</div>]]></description>
		<Style>
			<LineStyle>
				<color>ff0000ff</color>
				<width>2</width>
			</LineStyle>
		</Style>
		<MultiGeometry>
			<LineString>
				<tessellate>1</tessellate>
				<altitudeMode>absolute</altitudeMode>
				<coordinates>
					126.94796,35.884235,7787.639999999999 126.954636,35.947678,7627.62 
				</coordinates>
			</LineString>
		</MultiGeometry>
	</Placemark>
	<Placemark>
		<name>P-122</name>
		<visibility>0</visibility>
		<description><![CDATA[<div><div><span><b>Altitude:</b></span> <span>25,025 ft - 24,475 ft</span></div>
<div><span><b>Speed:</b></span> <span>458 kt - 452 kt</span></div>
<div><span><b>Timestamp:</b></span><br/><span>2023-09-13 02:41:49 UTC<br/>2023-09-13 02:42:23 UTC</span></div>
</div>]]></description>
		<Style>
			<LineStyle>
				<color>ff0000ff</color>
				<width>2</width>
			</LineStyle>
		</Style>
		<MultiGeometry>
			<LineString>
				<tessellate>1</tessellate>
				<altitudeMode>absolute</altitudeMode>
				<coordinates>
					126.954636,35.947678,7627.62 126.962471,36.017624,7459.979999999999 
				</coordinates>
			</LineString>
		</MultiGeometry>
	</Placemark>
	<Placemark>
		<name>P-123</name>
		<visibility>0</visibility>
		<description><![CDATA[<div><div><span><b>Altitude:</b></span> <span>24,475 ft - 23,900 ft</span></div>
<div><span><b>Speed:</b></span> <span>452 kt</span></div>
<div><span><b>Timestamp:</b></span><br/><span>2023-09-13 02:42:23 UTC<br/>2023-09-13 02:42:56 UTC</span></div>
</div>]]></description>
		<Style>
			<LineStyle>
				<color>ff001eff</color>
				<width>2</width>
			</LineStyle>
		</Style>
		<MultiGeometry>
			<LineString>
				<tessellate>1</tessellate>
				<altitudeMode>absolute</altitudeMode>
				<coordinates>
					126.962471,36.017624,7459.979999999999 126.970253,36.086563,7284.719999999998 
				</coordinates>
			</LineString>
		</MultiGeometry>
	</Placemark>
	<Placemark>
		<name>P-124</name>
		<visibility>0</visibility>
		<description><![CDATA[<div><div><span><b>Altitude:</b></span> <span>23,900 ft - 23,075 ft</span></div>
<div><span><b>Speed:</b></span> <span>452 kt - 447 kt</span></div>
<div><span><b>Timestamp:</b></span><br/><span>2023-09-13 02:42:56 UTC<br/>2023-09-13 02:43:29 UTC</span></div>
</div>]]></description>
		<Style>
			<LineStyle>
				<color>ff001eff</color>
				<width>2</width>
			</LineStyle>
		</Style>
		<MultiGeometry>
			<LineString>
				<tessellate>1</tessellate>
				<altitudeMode>absolute</altitudeMode>
				<coordinates>
					126.970253,36.086563,7284.719999999998 126.977753,36.155457,7033.259999999998 
				</coordinates>
			</LineString>
		</MultiGeometry>
	</Placemark>
	<Placemark>
		<name>P-125</name>
		<visibility>0</visibility>
		<description><![CDATA[<div><div><span><b>Altitude:</b></span> <span>23,075 ft - 22,300 ft</span></div>
<div><span><b>Speed:</b></span> <span>447 kt - 442 kt</span></div>
<div><span><b>Timestamp:</b></span><br/><span>2023-09-13 02:43:29 UTC<br/>2023-09-13 02:44:00 UTC</span></div>
</div>]]></description>
		<Style>
			<LineStyle>
				<color>ff001eff</color>
				<width>2</width>
			</LineStyle>
		</Style>
		<MultiGeometry>
			<LineString>
				<tessellate>1</tessellate>
				<altitudeMode>absolute</altitudeMode>
				<coordinates>
					126.977753,36.155457,7033.259999999998 126.984901,36.219315,6797.039999999999 
				</coordinates>
			</LineString>
		</MultiGeometry>
	</Placemark>
	<Placemark>
		<name>P-126</name>
		<visibility>0</visibility>
		<description><![CDATA[<div><div><span><b>Altitude:</b></span> <span>22,300 ft - 21,525 ft</span></div>
<div><span><b>Speed:</b></span> <span>442 kt - 443 kt</span></div>
<div><span><b>Timestamp:</b></span><br/><span>2023-09-13 02:44:00 UTC<br/>2023-09-13 02:44:31 UTC</span></div>
</div>]]></description>
		<Style>
			<LineStyle>
				<color>ff0030ff</color>
				<width>2</width>
			</LineStyle>
		</Style>
		<MultiGeometry>
			<LineString>
				<tessellate>1</tessellate>
				<altitudeMode>absolute</altitudeMode>
				<coordinates>
					126.984901,36.219315,6797.039999999999 126.992134,36.282722,6560.819999999999 
				</coordinates>
			</LineString>
		</MultiGeometry>
	</Placemark>
	<Placemark>
		<name>P-127</name>
		<visibility>0</visibility>
		<description><![CDATA[<div><div><span><b>Altitude:</b></span> <span>21,525 ft - 20,675 ft</span></div>
<div><span><b>Speed:</b></span> <span>443 kt - 433 kt</span></div>
<div><span><b>Timestamp:</b></span><br/><span>2023-09-13 02:44:31 UTC<br/>2023-09-13 02:45:04 UTC</span></div>
</div>]]></description>
		<Style>
			<LineStyle>
				<color>ff0030ff</color>
				<width>2</width>
			</LineStyle>
		</Style>
		<MultiGeometry>
			<LineString>
				<tessellate>1</tessellate>
				<altitudeMode>absolute</altitudeMode>
				<coordinates>
					126.992134,36.282722,6560.819999999999 126.999619,36.349522,6301.739999999999 
				</coordinates>
			</LineString>
		</MultiGeometry>
	</Placemark>
	<Placemark>
		<name>P-128</name>
		<visibility>0</visibility>
		<description><![CDATA[<div><div><span><b>Altitude:</b></span> <span>20,675 ft - 19,950 ft</span></div>
<div><span><b>Speed:</b></span> <span>433 kt - 420 kt</span></div>
<div><span><b>Timestamp:</b></span><br/><span>2023-09-13 02:45:04 UTC<br/>2023-09-13 02:45:34 UTC</span></div>
</div>]]></description>
		<Style>
			<LineStyle>
				<color>ff0054ff</color>
				<width>2</width>
			</LineStyle>
		</Style>
		<MultiGeometry>
			<LineString>
				<tessellate>1</tessellate>
				<altitudeMode>absolute</altitudeMode>
				<coordinates>
					126.999619,36.349522,6301.739999999999 127.002892,36.409203,6080.759999999999 
				</coordinates>
			</LineString>
		</MultiGeometry>
	</Placemark>
	<Placemark>
		<name>P-129</name>
		<visibility>0</visibility>
		<description><![CDATA[<div><div><span><b>Altitude:</b></span> <span>19,950 ft - 19,150 ft</span></div>
<div><span><b>Speed:</b></span> <span>420 kt - 416 kt</span></div>
<div><span><b>Timestamp:</b></span><br/><span>2023-09-13 02:45:34 UTC<br/>2023-09-13 02:46:06 UTC</span></div>
</div>]]></description>
		<Style>
			<LineStyle>
				<color>ff0054ff</color>
				<width>2</width>
			</LineStyle>
		</Style>
		<MultiGeometry>
			<LineString>
				<tessellate>1</tessellate>
				<altitudeMode>absolute</altitudeMode>
				<coordinates>
					127.002892,36.409203,6080.759999999999 127.000259,36.471352,5836.92 
				</coordinates>
			</LineString>
		</MultiGeometry>
	</Placemark>
	<Placemark>
		<name>P-130</name>
		<visibility>0</visibility>
		<description><![CDATA[<div><div><span><b>Altitude:</b></span> <span>19,150 ft - 18,325 ft</span></div>
<div><span><b>Speed:</b></span> <span>416 kt - 408 kt</span></div>
<div><span><b>Timestamp:</b></span><br/><span>2023-09-13 02:46:06 UTC<br/>2023-09-13 02:46:40 UTC</span></div>
</div>]]></description>
		<Style>
			<LineStyle>
				<color>ff0078ff</color>
				<width>2</width>
			</LineStyle>
		</Style>
		<MultiGeometry>
			<LineString>
				<tessellate>1</tessellate>
				<altitudeMode>absolute</altitudeMode>
				<coordinates>
					127.000259,36.471352,5836.92 126.997894,36.535126,5585.459999999999 
				</coordinates>
			</LineString>
		</MultiGeometry>
	</Placemark>
	<Placemark>
		<name>P-131</name>
		<visibility>0</visibility>
		<description><![CDATA[<div><div><span><b>Altitude:</b></span> <span>18,325 ft - 17,500 ft</span></div>
<div><span><b>Speed:</b></span> <span>408 kt - 400 kt</span></div>
<div><span><b>Timestamp:</b></span><br/><span>2023-09-13 02:46:40 UTC<br/>2023-09-13 02:47:13 UTC</span></div>
</div>]]></description>
		<Style>
			<LineStyle>
				<color>ff0078ff</color>
				<width>2</width>
			</LineStyle>
		</Style>
		<MultiGeometry>
			<LineString>
				<tessellate>1</tessellate>
				<altitudeMode>absolute</altitudeMode>
				<coordinates>
					126.997894,36.535126,5585.459999999999 126.995819,36.596901,5333.999999999999 
				</coordinates>
			</LineString>
		</MultiGeometry>
	</Placemark>
	<Placemark>
		<name>P-132</name>
		<visibility>0</visibility>
		<description><![CDATA[<div><div><span><b>Altitude:</b></span> <span>17,500 ft - 17,025 ft</span></div>
<div><span><b>Speed:</b></span> <span>400 kt - 394 kt</span></div>
<div><span><b>Timestamp:</b></span><br/><span>2023-09-13 02:47:13 UTC<br/>2023-09-13 02:47:46 UTC</span></div>
</div>]]></description>
		<Style>
			<LineStyle>
				<color>ff0096ff</color>
				<width>2</width>
			</LineStyle>
		</Style>
		<MultiGeometry>
			<LineString>
				<tessellate>1</tessellate>
				<altitudeMode>absolute</altitudeMode>
				<coordinates>
					126.995819,36.596901,5333.999999999999 126.993713,36.658173,5189.22 
				</coordinates>
			</LineString>
		</MultiGeometry>
	</Placemark>
	<Placemark>
		<name>P-133</name>
		<visibility>0</visibility>
		<description><![CDATA[<div><div><span><b>Altitude:</b></span> <span>17,025 ft - 16,975 ft</span></div>
<div><span><b>Speed:</b></span> <span>394 kt - 397 kt</span></div>
<div><span><b>Timestamp:</b></span><br/><span>2023-09-13 02:47:46 UTC<br/>2023-09-13 02:48:19 UTC</span></div>
</div>]]></description>
		<Style>
			<LineStyle>
				<color>ff0096ff</color>
				<width>2</width>
			</LineStyle>
		</Style>
		<MultiGeometry>
			<LineString>
				<tessellate>1</tessellate>
				<altitudeMode>absolute</altitudeMode>
				<coordinates>
					126.993713,36.658173,5189.22 126.9944,36.718506,5173.979999999999 
				</coordinates>
			</LineString>
		</MultiGeometry>
	</Placemark>
	<Placemark>
		<name>P-134</name>
		<visibility>0</visibility>
		<description><![CDATA[<div><div><span><b>Altitude:</b></span> <span>16,975 ft</span></div>
<div><span><b>Speed:</b></span> <span>397 kt - 400 kt</span></div>
<div><span><b>Timestamp:</b></span><br/><span>2023-09-13 02:48:19 UTC<br/>2023-09-13 02:48:22 UTC</span></div>
</div>]]></description>
		<Style>
			<LineStyle>
				<color>ff0096ff</color>
				<width>2</width>
			</LineStyle>
		</Style>
		<MultiGeometry>
			<LineString>
				<tessellate>1</tessellate>
				<altitudeMode>absolute</altitudeMode>
				<coordinates>
					126.9944,36.718506,5173.979999999999 126.995659,36.723129,5173.979999999999 
				</coordinates>
			</LineString>
		</MultiGeometry>
	</Placemark>
	<Placemark>
		<name>P-135</name>
		<visibility>0</visibility>
		<description><![CDATA[<div><div><span><b>Altitude:</b></span> <span>16,975 ft</span></div>
<div><span><b>Speed:</b></span> <span>400 kt - 399 kt</span></div>
<div><span><b>Timestamp:</b></span><br/><span>2023-09-13 02:48:22 UTC<br/>2023-09-13 02:48:25 UTC</span></div>
</div>]]></description>
		<Style>
			<LineStyle>
				<color>ff0096ff</color>
				<width>2</width>
			</LineStyle>
		</Style>
		<MultiGeometry>
			<LineString>
				<tessellate>1</tessellate>
				<altitudeMode>absolute</altitudeMode>
				<coordinates>
					126.995659,36.723129,5173.979999999999 126.997719,36.729401,5173.979999999999 
				</coordinates>
			</LineString>
		</MultiGeometry>
	</Placemark>
	<Placemark>
		<name>P-136</name>
		<visibility>0</visibility>
		<description><![CDATA[<div><div><span><b>Altitude:</b></span> <span>16,975 ft - 17,000 ft</span></div>
<div><span><b>Speed:</b></span> <span>399 kt - 401 kt</span></div>
<div><span><b>Timestamp:</b></span><br/><span>2023-09-13 02:48:25 UTC<br/>2023-09-13 02:48:29 UTC</span></div>
</div>]]></description>
		<Style>
			<LineStyle>
				<color>ff0096ff</color>
				<width>2</width>
			</LineStyle>
		</Style>
		<MultiGeometry>
			<LineString>
				<tessellate>1</tessellate>
				<altitudeMode>absolute</altitudeMode>
				<coordinates>
					126.997719,36.729401,5173.979999999999 126.999725,36.734116,5181.599999999999 
				</coordinates>
			</LineString>
		</MultiGeometry>
	</Placemark>
	<Placemark>
		<name>P-137</name>
		<visibility>0</visibility>
		<description><![CDATA[<div><div><span><b>Altitude:</b></span> <span>17,000 ft</span></div>
<div><span><b>Speed:</b></span> <span>401 kt - 402 kt</span></div>
<div><span><b>Timestamp:</b></span><br/><span>2023-09-13 02:48:29 UTC<br/>2023-09-13 02:48:32 UTC</span></div>
</div>]]></description>
		<Style>
			<LineStyle>
				<color>ff0096ff</color>
				<width>2</width>
			</LineStyle>
		</Style>
		<MultiGeometry>
			<LineString>
				<tessellate>1</tessellate>
				<altitudeMode>absolute</altitudeMode>
				<coordinates>
					126.999725,36.734116,5181.599999999999 127.001556,36.738052,5181.599999999999 
				</coordinates>
			</LineString>
		</MultiGeometry>
	</Placemark>
	<Placemark>
		<name>P-138</name>
		<visibility>0</visibility>
		<description><![CDATA[<div><div><span><b>Altitude:</b></span> <span>17,000 ft</span></div>
<div><span><b>Speed:</b></span> <span>402 kt - 403 kt</span></div>
<div><span><b>Timestamp:</b></span><br/><span>2023-09-13 02:48:32 UTC<br/>2023-09-13 02:48:35 UTC</span></div>
</div>]]></description>
		<Style>
			<LineStyle>
				<color>ff0096ff</color>
				<width>2</width>
			</LineStyle>
		</Style>
		<MultiGeometry>
			<LineString>
				<tessellate>1</tessellate>
				<altitudeMode>absolute</altitudeMode>
				<coordinates>
					127.001556,36.738052,5181.599999999999 127.005516,36.745029,5181.599999999999 
				</coordinates>
			</LineString>
		</MultiGeometry>
	</Placemark>
	<Placemark>
		<name>P-139</name>
		<visibility>0</visibility>
		<description><![CDATA[<div><div><span><b>Altitude:</b></span> <span>17,000 ft</span></div>
<div><span><b>Speed:</b></span> <span>403 kt - 404 kt</span></div>
<div><span><b>Timestamp:</b></span><br/><span>2023-09-13 02:48:35 UTC<br/>2023-09-13 02:48:39 UTC</span></div>
</div>]]></description>
		<Style>
			<LineStyle>
				<color>ff0096ff</color>
				<width>2</width>
			</LineStyle>
		</Style>
		<MultiGeometry>
			<LineString>
				<tessellate>1</tessellate>
				<altitudeMode>absolute</altitudeMode>
				<coordinates>
					127.005516,36.745029,5181.599999999999 127.010078,36.75164,5181.599999999999 
				</coordinates>
			</LineString>
		</MultiGeometry>
	</Placemark>
	<Placemark>
		<name>P-140</name>
		<visibility>0</visibility>
		<description><![CDATA[<div><div><span><b>Altitude:</b></span> <span>17,000 ft</span></div>
<div><span><b>Speed:</b></span> <span>404 kt</span></div>
<div><span><b>Timestamp:</b></span><br/><span>2023-09-13 02:48:39 UTC<br/>2023-09-13 02:48:42 UTC</span></div>
</div>]]></description>
		<Style>
			<LineStyle>
				<color>ff0096ff</color>
				<width>2</width>
			</LineStyle>
		</Style>
		<MultiGeometry>
			<LineString>
				<tessellate>1</tessellate>
				<altitudeMode>absolute</altitudeMode>
				<coordinates>
					127.010078,36.75164,5181.599999999999 127.014252,36.756638,5181.599999999999 
				</coordinates>
			</LineString>
		</MultiGeometry>
	</Placemark>
	<Placemark>
		<name>P-141</name>
		<visibility>0</visibility>
		<description><![CDATA[<div><div><span><b>Altitude:</b></span> <span>17,000 ft</span></div>
<div><span><b>Speed:</b></span> <span>404 kt - 405 kt</span></div>
<div><span><b>Timestamp:</b></span><br/><span>2023-09-13 02:48:42 UTC<br/>2023-09-13 02:48:45 UTC</span></div>
</div>]]></description>
		<Style>
			<LineStyle>
				<color>ff0096ff</color>
				<width>2</width>
			</LineStyle>
		</Style>
		<MultiGeometry>
			<LineString>
				<tessellate>1</tessellate>
				<altitudeMode>absolute</altitudeMode>
				<coordinates>
					127.014252,36.756638,5181.599999999999 127.01712,36.759842,5181.599999999999 
				</coordinates>
			</LineString>
		</MultiGeometry>
	</Placemark>
	<Placemark>
		<name>P-142</name>
		<visibility>0</visibility>
		<description><![CDATA[<div><div><span><b>Altitude:</b></span> <span>17,000 ft - 16,975 ft</span></div>
<div><span><b>Speed:</b></span> <span>405 kt - 406 kt</span></div>
<div><span><b>Timestamp:</b></span><br/><span>2023-09-13 02:48:45 UTC<br/>2023-09-13 02:48:48 UTC</span></div>
</div>]]></description>
		<Style>
			<LineStyle>
				<color>ff0096ff</color>
				<width>2</width>
			</LineStyle>
		</Style>
		<MultiGeometry>
			<LineString>
				<tessellate>1</tessellate>
				<altitudeMode>absolute</altitudeMode>
				<coordinates>
					127.01712,36.759842,5181.599999999999 127.022438,36.765198,5173.979999999999 
				</coordinates>
			</LineString>
		</MultiGeometry>
	</Placemark>
	<Placemark>
		<name>P-143</name>
		<visibility>0</visibility>
		<description><![CDATA[<div><div><span><b>Altitude:</b></span> <span>16,975 ft</span></div>
<div><span><b>Speed:</b></span> <span>406 kt - 405 kt</span></div>
<div><span><b>Timestamp:</b></span><br/><span>2023-09-13 02:48:48 UTC<br/>2023-09-13 02:48:51 UTC</span></div>
</div>]]></description>
		<Style>
			<LineStyle>
				<color>ff0096ff</color>
				<width>2</width>
			</LineStyle>
		</Style>
		<MultiGeometry>
			<LineString>
				<tessellate>1</tessellate>
				<altitudeMode>absolute</altitudeMode>
				<coordinates>
					127.022438,36.765198,5173.979999999999 127.027374,36.769611,5173.979999999999 
				</coordinates>
			</LineString>
		</MultiGeometry>
	</Placemark>
	<Placemark>
		<name>P-144</name>
		<visibility>0</visibility>
		<description><![CDATA[<div><div><span><b>Altitude:</b></span> <span>16,975 ft</span></div>
<div><span><b>Speed:</b></span> <span>405 kt - 406 kt</span></div>
<div><span><b>Timestamp:</b></span><br/><span>2023-09-13 02:48:51 UTC<br/>2023-09-13 02:48:54 UTC</span></div>
</div>]]></description>
		<Style>
			<LineStyle>
				<color>ff0096ff</color>
				<width>2</width>
			</LineStyle>
		</Style>
		<MultiGeometry>
			<LineString>
				<tessellate>1</tessellate>
				<altitudeMode>absolute</altitudeMode>
				<coordinates>
					127.027374,36.769611,5173.979999999999 127.03302,36.774628,5173.979999999999 
				</coordinates>
			</LineString>
		</MultiGeometry>
	</Placemark>
	<Placemark>
		<name>P-145</name>
		<visibility>0</visibility>
		<description><![CDATA[<div><div><span><b>Altitude:</b></span> <span>16,975 ft</span></div>
<div><span><b>Speed:</b></span> <span>406 kt</span></div>
<div><span><b>Timestamp:</b></span><br/><span>2023-09-13 02:48:54 UTC<br/>2023-09-13 02:48:57 UTC</span></div>
</div>]]></description>
		<Style>
			<LineStyle>
				<color>ff0096ff</color>
				<width>2</width>
			</LineStyle>
		</Style>
		<MultiGeometry>
			<LineString>
				<tessellate>1</tessellate>
				<altitudeMode>absolute</altitudeMode>
				<coordinates>
					127.03302,36.774628,5173.979999999999 127.037773,36.778702,5173.979999999999 
				</coordinates>
			</LineString>
		</MultiGeometry>
	</Placemark>
	<Placemark>
		<name>P-146</name>
		<visibility>0</visibility>
		<description><![CDATA[<div><div><span><b>Altitude:</b></span> <span>16,975 ft</span></div>
<div><span><b>Speed:</b></span> <span>406 kt - 405 kt</span></div>
<div><span><b>Timestamp:</b></span><br/><span>2023-09-13 02:48:57 UTC<br/>2023-09-13 02:49:00 UTC</span></div>
</div>]]></description>
		<Style>
			<LineStyle>
				<color>ff0096ff</color>
				<width>2</width>
			</LineStyle>
		</Style>
		<MultiGeometry>
			<LineString>
				<tessellate>1</tessellate>
				<altitudeMode>absolute</altitudeMode>
				<coordinates>
					127.037773,36.778702,5173.979999999999 127.042336,36.782692,5173.979999999999 
				</coordinates>
			</LineString>
		</MultiGeometry>
	</Placemark>
	<Placemark>
		<name>P-147</name>
		<visibility>0</visibility>
		<description><![CDATA[<div><div><span><b>Altitude:</b></span> <span>16,975 ft - 16,950 ft</span></div>
<div><span><b>Speed:</b></span> <span>405 kt</span></div>
<div><span><b>Timestamp:</b></span><br/><span>2023-09-13 02:49:00 UTC<br/>2023-09-13 02:49:03 UTC</span></div>
</div>]]></description>
		<Style>
			<LineStyle>
				<color>ff0096ff</color>
				<width>2</width>
			</LineStyle>
		</Style>
		<MultiGeometry>
			<LineString>
				<tessellate>1</tessellate>
				<altitudeMode>absolute</altitudeMode>
				<coordinates>
					127.042336,36.782692,5173.979999999999 127.046982,36.786713,5166.36 
				</coordinates>
			</LineString>
		</MultiGeometry>
	</Placemark>
	<Placemark>
		<name>P-148</name>
		<visibility>0</visibility>
		<description><![CDATA[<div><div><span><b>Altitude:</b></span> <span>16,950 ft</span></div>
<div><span><b>Speed:</b></span> <span>405 kt</span></div>
<div><span><b>Timestamp:</b></span><br/><span>2023-09-13 02:49:03 UTC<br/>2023-09-13 02:49:06 UTC</span></div>
</div>]]></description>
		<Style>
			<LineStyle>
				<color>ff0096ff</color>
				<width>2</width>
			</LineStyle>
		</Style>
		<MultiGeometry>
			<LineString>
				<tessellate>1</tessellate>
				<altitudeMode>absolute</altitudeMode>
				<coordinates>
					127.046982,36.786713,5166.36 127.050102,36.789394,5166.36 
				</coordinates>
			</LineString>
		</MultiGeometry>
	</Placemark>
	<Placemark>
		<name>P-149</name>
		<visibility>0</visibility>
		<description><![CDATA[<div><div><span><b>Altitude:</b></span> <span>16,950 ft - 16,900 ft</span></div>
<div><span><b>Speed:</b></span> <span>405 kt</span></div>
<div><span><b>Timestamp:</b></span><br/><span>2023-09-13 02:49:06 UTC<br/>2023-09-13 02:49:09 UTC</span></div>
</div>]]></description>
		<Style>
			<LineStyle>
				<color>ff0096ff</color>
				<width>2</width>
			</LineStyle>
		</Style>
		<MultiGeometry>
			<LineString>
				<tessellate>1</tessellate>
				<altitudeMode>absolute</altitudeMode>
				<coordinates>
					127.050102,36.789394,5166.36 127.054024,36.792747,5151.12 
				</coordinates>
			</LineString>
		</MultiGeometry>
	</Placemark>
	<Placemark>
		<name>P-150</name>
		<visibility>0</visibility>
		<description><![CDATA[<div><div><span><b>Altitude:</b></span> <span>16,900 ft - 16,375 ft</span></div>
<div><span><b>Speed:</b></span> <span>405 kt - 403 kt</span></div>
<div><span><b>Timestamp:</b></span><br/><span>2023-09-13 02:49:09 UTC<br/>2023-09-13 02:49:41 UTC</span></div>
</div>]]></description>
		<Style>
			<LineStyle>
				<color>ff0096ff</color>
				<width>2</width>
			</LineStyle>
		</Style>
		<MultiGeometry>
			<LineString>
				<tessellate>1</tessellate>
				<altitudeMode>absolute</altitudeMode>
				<coordinates>
					127.054024,36.792747,5151.12 127.106155,36.837616,4991.099999999999 
				</coordinates>
			</LineString>
		</MultiGeometry>
	</Placemark>
	<Placemark>
		<name>P-151</name>
		<visibility>0</visibility>
		<description><![CDATA[<div><div><span><b>Altitude:</b></span> <span>16,375 ft - 15,900 ft</span></div>
<div><span><b>Speed:</b></span> <span>403 kt - 399 kt</span></div>
<div><span><b>Timestamp:</b></span><br/><span>2023-09-13 02:49:41 UTC<br/>2023-09-13 02:50:11 UTC</span></div>
</div>]]></description>
		<Style>
			<LineStyle>
				<color>ff00a8ff</color>
				<width>2</width>
			</LineStyle>
		</Style>
		<MultiGeometry>
			<LineString>
				<tessellate>1</tessellate>
				<altitudeMode>absolute</altitudeMode>
				<coordinates>
					127.106155,36.837616,4991.099999999999 127.154999,36.880096,4846.32 
				</coordinates>
			</LineString>
		</MultiGeometry>
	</Placemark>
	<Placemark>
		<name>P-152</name>
		<visibility>0</visibility>
		<description><![CDATA[<div><div><span><b>Altitude:</b></span> <span>15,900 ft - 15,350 ft</span></div>
<div><span><b>Speed:</b></span> <span>399 kt - 392 kt</span></div>
<div><span><b>Timestamp:</b></span><br/><span>2023-09-13 02:50:11 UTC<br/>2023-09-13 02:50:45 UTC</span></div>
</div>]]></description>
		<Style>
			<LineStyle>
				<color>ff00a8ff</color>
				<width>2</width>
			</LineStyle>
		</Style>
		<MultiGeometry>
			<LineString>
				<tessellate>1</tessellate>
				<altitudeMode>absolute</altitudeMode>
				<coordinates>
					127.154999,36.880096,4846.32 127.206337,36.924862,4678.68 
				</coordinates>
			</LineString>
		</MultiGeometry>
	</Placemark>
	<Placemark>
		<name>P-153</name>
		<visibility>0</visibility>
		<description><![CDATA[<div><div><span><b>Altitude:</b></span> <span>15,350 ft - 14,800 ft</span></div>
<div><span><b>Speed:</b></span> <span>392 kt - 384 kt</span></div>
<div><span><b>Timestamp:</b></span><br/><span>2023-09-13 02:50:45 UTC<br/>2023-09-13 02:51:18 UTC</span></div>
</div>]]></description>
		<Style>
			<LineStyle>
				<color>ff00a8ff</color>
				<width>2</width>
			</LineStyle>
		</Style>
		<MultiGeometry>
			<LineString>
				<tessellate>1</tessellate>
				<altitudeMode>absolute</altitudeMode>
				<coordinates>
					127.206337,36.924862,4678.68 127.256683,36.968033,4511.04 
				</coordinates>
			</LineString>
		</MultiGeometry>
	</Placemark>
	<Placemark>
		<name>P-154</name>
		<visibility>0</visibility>
		<description><![CDATA[<div><div><span><b>Altitude:</b></span> <span>14,800 ft - 14,350 ft</span></div>
<div><span><b>Speed:</b></span> <span>384 kt - 364 kt</span></div>
<div><span><b>Timestamp:</b></span><br/><span>2023-09-13 02:51:18 UTC<br/>2023-09-13 02:51:45 UTC</span></div>
</div>]]></description>
		<Style>
			<LineStyle>
				<color>ff00a8ff</color>
				<width>2</width>
			</LineStyle>
		</Style>
		<MultiGeometry>
			<LineString>
				<tessellate>1</tessellate>
				<altitudeMode>absolute</altitudeMode>
				<coordinates>
					127.256683,36.968033,4511.04 127.297241,37.003098,4373.88 
				</coordinates>
			</LineString>
		</MultiGeometry>
	</Placemark>
	<Placemark>
		<name>P-155</name>
		<visibility>0</visibility>
		<description><![CDATA[<div><div><span><b>Altitude:</b></span> <span>14,350 ft - 13,775 ft</span></div>
<div><span><b>Speed:</b></span> <span>364 kt - 343 kt</span></div>
<div><span><b>Timestamp:</b></span><br/><span>2023-09-13 02:51:45 UTC<br/>2023-09-13 02:52:22 UTC</span></div>
</div>]]></description>
		<Style>
			<LineStyle>
				<color>ff00c0ff</color>
				<width>2</width>
			</LineStyle>
		</Style>
		<MultiGeometry>
			<LineString>
				<tessellate>1</tessellate>
				<altitudeMode>absolute</altitudeMode>
				<coordinates>
					127.297241,37.003098,4373.88 127.346794,37.046402,4198.62 
				</coordinates>
			</LineString>
		</MultiGeometry>
	</Placemark>
	<Placemark>
		<name>P-156</name>
		<visibility>0</visibility>
		<description><![CDATA[<div><div><span><b>Altitude:</b></span> <span>13,775 ft - 13,225 ft</span></div>
<div><span><b>Speed:</b></span> <span>343 kt - 334 kt</span></div>
<div><span><b>Timestamp:</b></span><br/><span>2023-09-13 02:52:22 UTC<br/>2023-09-13 02:52:54 UTC</span></div>
</div>]]></description>
		<Style>
			<LineStyle>
				<color>ff00c0ff</color>
				<width>2</width>
			</LineStyle>
		</Style>
		<MultiGeometry>
			<LineString>
				<tessellate>1</tessellate>
				<altitudeMode>absolute</altitudeMode>
				<coordinates>
					127.346794,37.046402,4198.62 127.388985,37.085281,4030.98 
				</coordinates>
			</LineString>
		</MultiGeometry>
	</Placemark>
	<Placemark>
		<name>P-157</name>
		<visibility>0</visibility>
		<description><![CDATA[<div><div><span><b>Altitude:</b></span> <span>13,225 ft - 13,150 ft</span></div>
<div><span><b>Speed:</b></span> <span>334 kt - 335 kt</span></div>
<div><span><b>Timestamp:</b></span><br/><span>2023-09-13 02:52:54 UTC<br/>2023-09-13 02:52:58 UTC</span></div>
</div>]]></description>
		<Style>
			<LineStyle>
				<color>ff00c0ff</color>
				<width>2</width>
			</LineStyle>
		</Style>
		<MultiGeometry>
			<LineString>
				<tessellate>1</tessellate>
				<altitudeMode>absolute</altitudeMode>
				<coordinates>
					127.388985,37.085281,4030.98 127.391731,37.089611,4008.119999999999 
				</coordinates>
			</LineString>
		</MultiGeometry>
	</Placemark>
	<Placemark>
		<name>P-158</name>
		<visibility>0</visibility>
		<description><![CDATA[<div><div><span><b>Altitude:</b></span> <span>13,150 ft - 13,025 ft</span></div>
<div><span><b>Speed:</b></span> <span>335 kt - 333 kt</span></div>
<div><span><b>Timestamp:</b></span><br/><span>2023-09-13 02:52:58 UTC<br/>2023-09-13 02:53:04 UTC</span></div>
</div>]]></description>
		<Style>
			<LineStyle>
				<color>ff00c0ff</color>
				<width>2</width>
			</LineStyle>
		</Style>
		<MultiGeometry>
			<LineString>
				<tessellate>1</tessellate>
				<altitudeMode>absolute</altitudeMode>
				<coordinates>
					127.391731,37.089611,4008.119999999999 127.395729,37.098503,3970.02 
				</coordinates>
			</LineString>
		</MultiGeometry>
	</Placemark>
	<Placemark>
		<name>P-159</name>
		<visibility>0</visibility>
		<description><![CDATA[<div><div><span><b>Altitude:</b></span> <span>13,025 ft - 12,975 ft</span></div>
<div><span><b>Speed:</b></span> <span>333 kt - 331 kt</span></div>
<div><span><b>Timestamp:</b></span><br/><span>2023-09-13 02:53:04 UTC<br/>2023-09-13 02:53:07 UTC</span></div>
</div>]]></description>
		<Style>
			<LineStyle>
				<color>ff00eaff</color>
				<width>2</width>
			</LineStyle>
		</Style>
		<MultiGeometry>
			<LineString>
				<tessellate>1</tessellate>
				<altitudeMode>absolute</altitudeMode>
				<coordinates>
					127.395729,37.098503,3970.02 127.39698,37.103111,3954.78 
				</coordinates>
			</LineString>
		</MultiGeometry>
	</Placemark>
	<Placemark>
		<name>P-160</name>
		<visibility>0</visibility>
		<description><![CDATA[<div><div><span><b>Altitude:</b></span> <span>12,975 ft - 12,925 ft</span></div>
<div><span><b>Speed:</b></span> <span>331 kt - 330 kt</span></div>
<div><span><b>Timestamp:</b></span><br/><span>2023-09-13 02:53:07 UTC<br/>2023-09-13 02:53:10 UTC</span></div>
</div>]]></description>
		<Style>
			<LineStyle>
				<color>ff00eaff</color>
				<width>2</width>
			</LineStyle>
		</Style>
		<MultiGeometry>
			<LineString>
				<tessellate>1</tessellate>
				<altitudeMode>absolute</altitudeMode>
				<coordinates>
					127.39698,37.103111,3954.78 127.397522,37.106735,3939.54 
				</coordinates>
			</LineString>
		</MultiGeometry>
	</Placemark>
	<Placemark>
		<name>P-161</name>
		<visibility>0</visibility>
		<description><![CDATA[<div><div><span><b>Altitude:</b></span> <span>12,925 ft - 12,875 ft</span></div>
<div><span><b>Speed:</b></span> <span>330 kt - 331 kt</span></div>
<div><span><b>Timestamp:</b></span><br/><span>2023-09-13 02:53:10 UTC<br/>2023-09-13 02:53:12 UTC</span></div>
</div>]]></description>
		<Style>
			<LineStyle>
				<color>ff00eaff</color>
				<width>2</width>
			</LineStyle>
		</Style>
		<MultiGeometry>
			<LineString>
				<tessellate>1</tessellate>
				<altitudeMode>absolute</altitudeMode>
				<coordinates>
					127.397522,37.106735,3939.54 127.397942,37.111492,3924.3 
				</coordinates>
			</LineString>
		</MultiGeometry>
	</Placemark>
	<Placemark>
		<name>P-162</name>
		<visibility>0</visibility>
		<description><![CDATA[<div><div><span><b>Altitude:</b></span> <span>12,875 ft - 12,825 ft</span></div>
<div><span><b>Speed:</b></span> <span>331 kt - 330 kt</span></div>
<div><span><b>Timestamp:</b></span><br/><span>2023-09-13 02:53:12 UTC<br/>2023-09-13 02:53:16 UTC</span></div>
</div>]]></description>
		<Style>
			<LineStyle>
				<color>ff00eaff</color>
				<width>2</width>
			</LineStyle>
		</Style>
		<MultiGeometry>
			<LineString>
				<tessellate>1</tessellate>
				<altitudeMode>absolute</altitudeMode>
				<coordinates>
					127.397942,37.111492,3924.3 127.39782,37.116287,3909.059999999999 
				</coordinates>
			</LineString>
		</MultiGeometry>
	</Placemark>
	<Placemark>
		<name>P-163</name>
		<visibility>0</visibility>
		<description><![CDATA[<div><div><span><b>Altitude:</b></span> <span>12,825 ft - 12,775 ft</span></div>
<div><span><b>Speed:</b></span> <span>330 kt - 328 kt</span></div>
<div><span><b>Timestamp:</b></span><br/><span>2023-09-13 02:53:16 UTC<br/>2023-09-13 02:53:19 UTC</span></div>
</div>]]></description>
		<Style>
			<LineStyle>
				<color>ff00eaff</color>
				<width>2</width>
			</LineStyle>
		</Style>
		<MultiGeometry>
			<LineString>
				<tessellate>1</tessellate>
				<altitudeMode>absolute</altitudeMode>
				<coordinates>
					127.39782,37.116287,3909.059999999999 127.397163,37.120846,3893.82 
				</coordinates>
			</LineString>
		</MultiGeometry>
	</Placemark>
	<Placemark>
		<name>P-164</name>
		<visibility>0</visibility>
		<description><![CDATA[<div><div><span><b>Altitude:</b></span> <span>12,775 ft - 12,725 ft</span></div>
<div><span><b>Speed:</b></span> <span>328 kt - 326 kt</span></div>
<div><span><b>Timestamp:</b></span><br/><span>2023-09-13 02:53:19 UTC<br/>2023-09-13 02:53:22 UTC</span></div>
</div>]]></description>
		<Style>
			<LineStyle>
				<color>ff00eaff</color>
				<width>2</width>
			</LineStyle>
		</Style>
		<MultiGeometry>
			<LineString>
				<tessellate>1</tessellate>
				<altitudeMode>absolute</altitudeMode>
				<coordinates>
					127.397163,37.120846,3893.82 127.395912,37.125874,3878.58 
				</coordinates>
			</LineString>
		</MultiGeometry>
	</Placemark>
	<Placemark>
		<name>P-165</name>
		<visibility>0</visibility>
		<description><![CDATA[<div><div><span><b>Altitude:</b></span> <span>12,725 ft - 12,675 ft</span></div>
<div><span><b>Speed:</b></span> <span>326 kt - 323 kt</span></div>
<div><span><b>Timestamp:</b></span><br/><span>2023-09-13 02:53:22 UTC<br/>2023-09-13 02:53:25 UTC</span></div>
</div>]]></description>
		<Style>
			<LineStyle>
				<color>ff00eaff</color>
				<width>2</width>
			</LineStyle>
		</Style>
		<MultiGeometry>
			<LineString>
				<tessellate>1</tessellate>
				<altitudeMode>absolute</altitudeMode>
				<coordinates>
					127.395912,37.125874,3878.58 127.394775,37.129395,3863.34 
				</coordinates>
			</LineString>
		</MultiGeometry>
	</Placemark>
	<Placemark>
		<name>P-166</name>
		<visibility>0</visibility>
		<description><![CDATA[<div><div><span><b>Altitude:</b></span> <span>12,675 ft - 12,625 ft</span></div>
<div><span><b>Speed:</b></span> <span>323 kt - 322 kt</span></div>
<div><span><b>Timestamp:</b></span><br/><span>2023-09-13 02:53:25 UTC<br/>2023-09-13 02:53:27 UTC</span></div>
</div>]]></description>
		<Style>
			<LineStyle>
				<color>ff00eaff</color>
				<width>2</width>
			</LineStyle>
		</Style>
		<MultiGeometry>
			<LineString>
				<tessellate>1</tessellate>
				<altitudeMode>absolute</altitudeMode>
				<coordinates>
					127.394775,37.129395,3863.34 127.393021,37.133331,3848.099999999999 
				</coordinates>
			</LineString>
		</MultiGeometry>
	</Placemark>
	<Placemark>
		<name>P-167</name>
		<visibility>0</visibility>
		<description><![CDATA[<div><div><span><b>Altitude:</b></span> <span>12,625 ft - 12,575 ft</span></div>
<div><span><b>Speed:</b></span> <span>322 kt - 316 kt</span></div>
<div><span><b>Timestamp:</b></span><br/><span>2023-09-13 02:53:27 UTC<br/>2023-09-13 02:53:31 UTC</span></div>
</div>]]></description>
		<Style>
			<LineStyle>
				<color>ff00eaff</color>
				<width>2</width>
			</LineStyle>
		</Style>
		<MultiGeometry>
			<LineString>
				<tessellate>1</tessellate>
				<altitudeMode>absolute</altitudeMode>
				<coordinates>
					127.393021,37.133331,3848.099999999999 127.390419,37.138027,3832.86 
				</coordinates>
			</LineString>
		</MultiGeometry>
	</Placemark>
	<Placemark>
		<name>P-168</name>
		<visibility>0</visibility>
		<description><![CDATA[<div><div><span><b>Altitude:</b></span> <span>12,575 ft - 12,550 ft</span></div>
<div><span><b>Speed:</b></span> <span>316 kt - 314 kt</span></div>
<div><span><b>Timestamp:</b></span><br/><span>2023-09-13 02:53:31 UTC<br/>2023-09-13 02:53:34 UTC</span></div>
</div>]]></description>
		<Style>
			<LineStyle>
				<color>ff00eaff</color>
				<width>2</width>
			</LineStyle>
		</Style>
		<MultiGeometry>
			<LineString>
				<tessellate>1</tessellate>
				<altitudeMode>absolute</altitudeMode>
				<coordinates>
					127.390419,37.138027,3832.86 127.387848,37.141796,3825.24 
				</coordinates>
			</LineString>
		</MultiGeometry>
	</Placemark>
	<Placemark>
		<name>P-169</name>
		<visibility>0</visibility>
		<description><![CDATA[<div><div><span><b>Altitude:</b></span> <span>12,550 ft - 12,500 ft</span></div>
<div><span><b>Speed:</b></span> <span>314 kt - 312 kt</span></div>
<div><span><b>Timestamp:</b></span><br/><span>2023-09-13 02:53:34 UTC<br/>2023-09-13 02:53:37 UTC</span></div>
</div>]]></description>
		<Style>
			<LineStyle>
				<color>ff00eaff</color>
				<width>2</width>
			</LineStyle>
		</Style>
		<MultiGeometry>
			<LineString>
				<tessellate>1</tessellate>
				<altitudeMode>absolute</altitudeMode>
				<coordinates>
					127.387848,37.141796,3825.24 127.384666,37.145782,3810 
				</coordinates>
			</LineString>
		</MultiGeometry>
	</Placemark>
	<Placemark>
		<name>P-170</name>
		<visibility>0</visibility>
		<description><![CDATA[<div><div><span><b>Altitude:</b></span> <span>12,500 ft - 12,450 ft</span></div>
<div><span><b>Speed:</b></span> <span>312 kt - 311 kt</span></div>
<div><span><b>Timestamp:</b></span><br/><span>2023-09-13 02:53:37 UTC<br/>2023-09-13 02:53:40 UTC</span></div>
</div>]]></description>
		<Style>
			<LineStyle>
				<color>ff00eaff</color>
				<width>2</width>
			</LineStyle>
		</Style>
		<MultiGeometry>
			<LineString>
				<tessellate>1</tessellate>
				<altitudeMode>absolute</altitudeMode>
				<coordinates>
					127.384666,37.145782,3810 127.381996,37.149014,3794.76 
				</coordinates>
			</LineString>
		</MultiGeometry>
	</Placemark>
	<Placemark>
		<name>P-171</name>
		<visibility>0</visibility>
		<description><![CDATA[<div><div><span><b>Altitude:</b></span> <span>12,450 ft - 12,400 ft</span></div>
<div><span><b>Speed:</b></span> <span>311 kt - 312 kt</span></div>
<div><span><b>Timestamp:</b></span><br/><span>2023-09-13 02:53:40 UTC<br/>2023-09-13 02:53:43 UTC</span></div>
</div>]]></description>
		<Style>
			<LineStyle>
				<color>ff00eaff</color>
				<width>2</width>
			</LineStyle>
		</Style>
		<MultiGeometry>
			<LineString>
				<tessellate>1</tessellate>
				<altitudeMode>absolute</altitudeMode>
				<coordinates>
					127.381996,37.149014,3794.76 127.379845,37.151478,3779.52 
				</coordinates>
			</LineString>
		</MultiGeometry>
	</Placemark>
	<Placemark>
		<name>P-172</name>
		<visibility>0</visibility>
		<description><![CDATA[<div><div><span><b>Altitude:</b></span> <span>12,400 ft - 12,350 ft</span></div>
<div><span><b>Speed:</b></span> <span>312 kt - 311 kt</span></div>
<div><span><b>Timestamp:</b></span><br/><span>2023-09-13 02:53:43 UTC<br/>2023-09-13 02:53:46 UTC</span></div>
</div>]]></description>
		<Style>
			<LineStyle>
				<color>ff00eaff</color>
				<width>2</width>
			</LineStyle>
		</Style>
		<MultiGeometry>
			<LineString>
				<tessellate>1</tessellate>
				<altitudeMode>absolute</altitudeMode>
				<coordinates>
					127.379845,37.151478,3779.52 127.377754,37.153946,3764.28 
				</coordinates>
			</LineString>
		</MultiGeometry>
	</Placemark>
	<Placemark>
		<name>P-173</name>
		<visibility>0</visibility>
		<description><![CDATA[<div><div><span><b>Altitude:</b></span> <span>12,350 ft - 12,325 ft</span></div>
<div><span><b>Speed:</b></span> <span>311 kt</span></div>
<div><span><b>Timestamp:</b></span><br/><span>2023-09-13 02:53:46 UTC<br/>2023-09-13 02:53:49 UTC</span></div>
</div>]]></description>
		<Style>
			<LineStyle>
				<color>ff00eaff</color>
				<width>2</width>
			</LineStyle>
		</Style>
		<MultiGeometry>
			<LineString>
				<tessellate>1</tessellate>
				<altitudeMode>absolute</altitudeMode>
				<coordinates>
					127.377754,37.153946,3764.28 127.372917,37.15958,3756.659999999999 
				</coordinates>
			</LineString>
		</MultiGeometry>
	</Placemark>
	<Placemark>
		<name>P-174</name>
		<visibility>0</visibility>
		<description><![CDATA[<div><div><span><b>Altitude:</b></span> <span>12,325 ft - 12,275 ft</span></div>
<div><span><b>Speed:</b></span> <span>311 kt</span></div>
<div><span><b>Timestamp:</b></span><br/><span>2023-09-13 02:53:49 UTC<br/>2023-09-13 02:53:52 UTC</span></div>
</div>]]></description>
		<Style>
			<LineStyle>
				<color>ff00eaff</color>
				<width>2</width>
			</LineStyle>
		</Style>
		<MultiGeometry>
			<LineString>
				<tessellate>1</tessellate>
				<altitudeMode>absolute</altitudeMode>
				<coordinates>
					127.372917,37.15958,3756.659999999999 127.3694,37.163723,3741.42 
				</coordinates>
			</LineString>
		</MultiGeometry>
	</Placemark>
	<Placemark>
		<name>P-175</name>
		<visibility>0</visibility>
		<description><![CDATA[<div><div><span><b>Altitude:</b></span> <span>12,275 ft - 12,200 ft</span></div>
<div><span><b>Speed:</b></span> <span>311 kt - 312 kt</span></div>
<div><span><b>Timestamp:</b></span><br/><span>2023-09-13 02:53:52 UTC<br/>2023-09-13 02:53:57 UTC</span></div>
</div>]]></description>
		<Style>
			<LineStyle>
				<color>ff00eaff</color>
				<width>2</width>
			</LineStyle>
		</Style>
		<MultiGeometry>
			<LineString>
				<tessellate>1</tessellate>
				<altitudeMode>absolute</altitudeMode>
				<coordinates>
					127.3694,37.163723,3741.42 127.364502,37.169495,3718.56 
				</coordinates>
			</LineString>
		</MultiGeometry>
	</Placemark>
	<Placemark>
		<name>P-176</name>
		<visibility>0</visibility>
		<description><![CDATA[<div><div><span><b>Altitude:</b></span> <span>12,200 ft - 12,125 ft</span></div>
<div><span><b>Speed:</b></span> <span>312 kt - 310 kt</span></div>
<div><span><b>Timestamp:</b></span><br/><span>2023-09-13 02:53:57 UTC<br/>2023-09-13 02:54:00 UTC</span></div>
</div>]]></description>
		<Style>
			<LineStyle>
				<color>ff00eaff</color>
				<width>2</width>
			</LineStyle>
		</Style>
		<MultiGeometry>
			<LineString>
				<tessellate>1</tessellate>
				<altitudeMode>absolute</altitudeMode>
				<coordinates>
					127.364502,37.169495,3718.56 127.362411,37.172009,3695.699999999999 
				</coordinates>
			</LineString>
		</MultiGeometry>
	</Placemark>
	<Placemark>
		<name>P-177</name>
		<visibility>0</visibility>
		<description><![CDATA[<div><div><span><b>Altitude:</b></span> <span>12,125 ft - 11,975 ft</span></div>
<div><span><b>Speed:</b></span> <span>310 kt - 308 kt</span></div>
<div><span><b>Timestamp:</b></span><br/><span>2023-09-13 02:54:00 UTC<br/>2023-09-13 02:54:33 UTC</span></div>
</div>]]></description>
		<Style>
			<LineStyle>
				<color>ff00eaff</color>
				<width>2</width>
			</LineStyle>
		</Style>
		<MultiGeometry>
			<LineString>
				<tessellate>1</tessellate>
				<altitudeMode>absolute</altitudeMode>
				<coordinates>
					127.362411,37.172009,3695.699999999999 127.328796,37.212936,3649.98 
				</coordinates>
			</LineString>
		</MultiGeometry>
	</Placemark>
	<Placemark>
		<name>P-178</name>
		<visibility>0</visibility>
		<description><![CDATA[<div><div><span><b>Altitude:</b></span> <span>11,975 ft</span></div>
<div><span><b>Speed:</b></span> <span>308 kt - 307 kt</span></div>
<div><span><b>Timestamp:</b></span><br/><span>2023-09-13 02:54:33 UTC<br/>2023-09-13 02:54:49 UTC</span></div>
</div>]]></description>
		<Style>
			<LineStyle>
				<color>ff00eaff</color>
				<width>2</width>
			</LineStyle>
		</Style>
		<MultiGeometry>
			<LineString>
				<tessellate>1</tessellate>
				<altitudeMode>absolute</altitudeMode>
				<coordinates>
					127.328796,37.212936,3649.98 127.31559,37.229141,3649.98 
				</coordinates>
			</LineString>
		</MultiGeometry>
	</Placemark>
	<Placemark>
		<name>P-179</name>
		<visibility>0</visibility>
		<description><![CDATA[<div><div><span><b>Altitude:</b></span> <span>11,975 ft</span></div>
<div><span><b>Speed:</b></span> <span>307 kt - 308 kt</span></div>
<div><span><b>Timestamp:</b></span><br/><span>2023-09-13 02:54:49 UTC<br/>2023-09-13 02:55:04 UTC</span></div>
</div>]]></description>
		<Style>
			<LineStyle>
				<color>ff00eaff</color>
				<width>2</width>
			</LineStyle>
		</Style>
		<MultiGeometry>
			<LineString>
				<tessellate>1</tessellate>
				<altitudeMode>absolute</altitudeMode>
				<coordinates>
					127.31559,37.229141,3649.98 127.299065,37.249378,3649.98 
				</coordinates>
			</LineString>
		</MultiGeometry>
	</Placemark>
	<Placemark>
		<name>P-180</name>
		<visibility>0</visibility>
		<description><![CDATA[<div><div><span><b>Altitude:</b></span> <span>11,975 ft</span></div>
<div><span><b>Speed:</b></span> <span>308 kt - 310 kt</span></div>
<div><span><b>Timestamp:</b></span><br/><span>2023-09-13 02:55:04 UTC<br/>2023-09-13 02:55:19 UTC</span></div>
</div>]]></description>
		<Style>
			<LineStyle>
				<color>ff00eaff</color>
				<width>2</width>
			</LineStyle>
		</Style>
		<MultiGeometry>
			<LineString>
				<tessellate>1</tessellate>
				<altitudeMode>absolute</altitudeMode>
				<coordinates>
					127.299065,37.249378,3649.98 127.284134,37.267487,3649.98 
				</coordinates>
			</LineString>
		</MultiGeometry>
	</Placemark>
	<Placemark>
		<name>P-181</name>
		<visibility>0</visibility>
		<description><![CDATA[<div><div><span><b>Altitude:</b></span> <span>11,975 ft</span></div>
<div><span><b>Speed:</b></span> <span>310 kt - 309 kt</span></div>
<div><span><b>Timestamp:</b></span><br/><span>2023-09-13 02:55:19 UTC<br/>2023-09-13 02:55:34 UTC</span></div>
</div>]]></description>
		<Style>
			<LineStyle>
				<color>ff00eaff</color>
				<width>2</width>
			</LineStyle>
		</Style>
		<MultiGeometry>
			<LineString>
				<tessellate>1</tessellate>
				<altitudeMode>absolute</altitudeMode>
				<coordinates>
					127.284134,37.267487,3649.98 127.269188,37.285446,3649.98 
				</coordinates>
			</LineString>
		</MultiGeometry>
	</Placemark>
	<Placemark>
		<name>P-182</name>
		<visibility>0</visibility>
		<description><![CDATA[<div><div><span><b>Altitude:</b></span> <span>11,975 ft</span></div>
<div><span><b>Speed:</b></span> <span>309 kt - 310 kt</span></div>
<div><span><b>Timestamp:</b></span><br/><span>2023-09-13 02:55:34 UTC<br/>2023-09-13 02:55:49 UTC</span></div>
</div>]]></description>
		<Style>
			<LineStyle>
				<color>ff00eaff</color>
				<width>2</width>
			</LineStyle>
		</Style>
		<MultiGeometry>
			<LineString>
				<tessellate>1</tessellate>
				<altitudeMode>absolute</altitudeMode>
				<coordinates>
					127.269188,37.285446,3649.98 127.253746,37.304123,3649.98 
				</coordinates>
			</LineString>
		</MultiGeometry>
	</Placemark>
	<Placemark>
		<name>P-183</name>
		<visibility>0</visibility>
		<description><![CDATA[<div><div><span><b>Altitude:</b></span> <span>11,975 ft</span></div>
<div><span><b>Speed:</b></span> <span>310 kt - 308 kt</span></div>
<div><span><b>Timestamp:</b></span><br/><span>2023-09-13 02:55:49 UTC<br/>2023-09-13 02:56:04 UTC</span></div>
</div>]]></description>
		<Style>
			<LineStyle>
				<color>ff00eaff</color>
				<width>2</width>
			</LineStyle>
		</Style>
		<MultiGeometry>
			<LineString>
				<tessellate>1</tessellate>
				<altitudeMode>absolute</altitudeMode>
				<coordinates>
					127.253746,37.304123,3649.98 127.239273,37.321701,3649.98 
				</coordinates>
			</LineString>
		</MultiGeometry>
	</Placemark>
	<Placemark>
		<name>P-184</name>
		<visibility>0</visibility>
		<description><![CDATA[<div><div><span><b>Altitude:</b></span> <span>11,975 ft</span></div>
<div><span><b>Speed:</b></span> <span>308 kt - 307 kt</span></div>
<div><span><b>Timestamp:</b></span><br/><span>2023-09-13 02:56:04 UTC<br/>2023-09-13 02:56:19 UTC</span></div>
</div>]]></description>
		<Style>
			<LineStyle>
				<color>ff00eaff</color>
				<width>2</width>
			</LineStyle>
		</Style>
		<MultiGeometry>
			<LineString>
				<tessellate>1</tessellate>
				<altitudeMode>absolute</altitudeMode>
				<coordinates>
					127.239273,37.321701,3649.98 127.224014,37.339966,3649.98 
				</coordinates>
			</LineString>
		</MultiGeometry>
	</Placemark>
	<Placemark>
		<name>P-185</name>
		<visibility>0</visibility>
		<description><![CDATA[<div><div><span><b>Altitude:</b></span> <span>11,975 ft</span></div>
<div><span><b>Speed:</b></span> <span>307 kt - 309 kt</span></div>
<div><span><b>Timestamp:</b></span><br/><span>2023-09-13 02:56:19 UTC<br/>2023-09-13 02:56:35 UTC</span></div>
</div>]]></description>
		<Style>
			<LineStyle>
				<color>ff00eaff</color>
				<width>2</width>
			</LineStyle>
		</Style>
		<MultiGeometry>
			<LineString>
				<tessellate>1</tessellate>
				<altitudeMode>absolute</altitudeMode>
				<coordinates>
					127.224014,37.339966,3649.98 127.207466,37.356636,3649.98 
				</coordinates>
			</LineString>
		</MultiGeometry>
	</Placemark>
	<Placemark>
		<name>P-186</name>
		<visibility>0</visibility>
		<description><![CDATA[<div><div><span><b>Altitude:</b></span> <span>11,975 ft</span></div>
<div><span><b>Speed:</b></span> <span>309 kt - 307 kt</span></div>
<div><span><b>Timestamp:</b></span><br/><span>2023-09-13 02:56:35 UTC<br/>2023-09-13 02:56:38 UTC</span></div>
</div>]]></description>
		<Style>
			<LineStyle>
				<color>ff00eaff</color>
				<width>2</width>
			</LineStyle>
		</Style>
		<MultiGeometry>
			<LineString>
				<tessellate>1</tessellate>
				<altitudeMode>absolute</altitudeMode>
				<coordinates>
					127.207466,37.356636,3649.98 127.203407,37.359383,3649.98 
				</coordinates>
			</LineString>
		</MultiGeometry>
	</Placemark>
	<Placemark>
		<name>P-187</name>
		<visibility>0</visibility>
		<description><![CDATA[<div><div><span><b>Altitude:</b></span> <span>11,975 ft</span></div>
<div><span><b>Speed:</b></span> <span>307 kt - 306 kt</span></div>
<div><span><b>Timestamp:</b></span><br/><span>2023-09-13 02:56:38 UTC<br/>2023-09-13 02:56:41 UTC</span></div>
</div>]]></description>
		<Style>
			<LineStyle>
				<color>ff00eaff</color>
				<width>2</width>
			</LineStyle>
		</Style>
		<MultiGeometry>
			<LineString>
				<tessellate>1</tessellate>
				<altitudeMode>absolute</altitudeMode>
				<coordinates>
					127.203407,37.359383,3649.98 127.198631,37.361988,3649.98 
				</coordinates>
			</LineString>
		</MultiGeometry>
	</Placemark>
	<Placemark>
		<name>P-188</name>
		<visibility>0</visibility>
		<description><![CDATA[<div><div><span><b>Altitude:</b></span> <span>11,975 ft</span></div>
<div><span><b>Speed:</b></span> <span>306 kt - 303 kt</span></div>
<div><span><b>Timestamp:</b></span><br/><span>2023-09-13 02:56:41 UTC<br/>2023-09-13 02:56:44 UTC</span></div>
</div>]]></description>
		<Style>
			<LineStyle>
				<color>ff00eaff</color>
				<width>2</width>
			</LineStyle>
		</Style>
		<MultiGeometry>
			<LineString>
				<tessellate>1</tessellate>
				<altitudeMode>absolute</altitudeMode>
				<coordinates>
					127.198631,37.361988,3649.98 127.194626,37.363724,3649.98 
				</coordinates>
			</LineString>
		</MultiGeometry>
	</Placemark>
	<Placemark>
		<name>P-189</name>
		<visibility>0</visibility>
		<description><![CDATA[<div><div><span><b>Altitude:</b></span> <span>11,975 ft - 11,950 ft</span></div>
<div><span><b>Speed:</b></span> <span>303 kt - 302 kt</span></div>
<div><span><b>Timestamp:</b></span><br/><span>2023-09-13 02:56:44 UTC<br/>2023-09-13 02:56:47 UTC</span></div>
</div>]]></description>
		<Style>
			<LineStyle>
				<color>ff00eaff</color>
				<width>2</width>
			</LineStyle>
		</Style>
		<MultiGeometry>
			<LineString>
				<tessellate>1</tessellate>
				<altitudeMode>absolute</altitudeMode>
				<coordinates>
					127.194626,37.363724,3649.98 127.189857,37.365479,3642.36 
				</coordinates>
			</LineString>
		</MultiGeometry>
	</Placemark>
	<Placemark>
		<name>P-190</name>
		<visibility>0</visibility>
		<description><![CDATA[<div><div><span><b>Altitude:</b></span> <span>11,950 ft</span></div>
<div><span><b>Speed:</b></span> <span>302 kt - 299 kt</span></div>
<div><span><b>Timestamp:</b></span><br/><span>2023-09-13 02:56:47 UTC<br/>2023-09-13 02:56:50 UTC</span></div>
</div>]]></description>
		<Style>
			<LineStyle>
				<color>ff00eaff</color>
				<width>2</width>
			</LineStyle>
		</Style>
		<MultiGeometry>
			<LineString>
				<tessellate>1</tessellate>
				<altitudeMode>absolute</altitudeMode>
				<coordinates>
					127.189857,37.365479,3642.36 127.184601,37.36697,3642.36 
				</coordinates>
			</LineString>
		</MultiGeometry>
	</Placemark>
	<Placemark>
		<name>P-191</name>
		<visibility>0</visibility>
		<description><![CDATA[<div><div><span><b>Altitude:</b></span> <span>11,950 ft</span></div>
<div><span><b>Speed:</b></span> <span>299 kt - 296 kt</span></div>
<div><span><b>Timestamp:</b></span><br/><span>2023-09-13 02:56:50 UTC<br/>2023-09-13 02:56:53 UTC</span></div>
</div>]]></description>
		<Style>
			<LineStyle>
				<color>ff00eaff</color>
				<width>2</width>
			</LineStyle>
		</Style>
		<MultiGeometry>
			<LineString>
				<tessellate>1</tessellate>
				<altitudeMode>absolute</altitudeMode>
				<coordinates>
					127.184601,37.36697,3642.36 127.179169,37.368134,3642.36 
				</coordinates>
			</LineString>
		</MultiGeometry>
	</Placemark>
	<Placemark>
		<name>P-192</name>
		<visibility>0</visibility>
		<description><![CDATA[<div><div><span><b>Altitude:</b></span> <span>11,950 ft</span></div>
<div><span><b>Speed:</b></span> <span>296 kt - 295 kt</span></div>
<div><span><b>Timestamp:</b></span><br/><span>2023-09-13 02:56:53 UTC<br/>2023-09-13 02:56:56 UTC</span></div>
</div>]]></description>
		<Style>
			<LineStyle>
				<color>ff00eaff</color>
				<width>2</width>
			</LineStyle>
		</Style>
		<MultiGeometry>
			<LineString>
				<tessellate>1</tessellate>
				<altitudeMode>absolute</altitudeMode>
				<coordinates>
					127.179169,37.368134,3642.36 127.174149,37.369064,3642.36 
				</coordinates>
			</LineString>
		</MultiGeometry>
	</Placemark>
	<Placemark>
		<name>P-193</name>
		<visibility>0</visibility>
		<description><![CDATA[<div><div><span><b>Altitude:</b></span> <span>11,950 ft - 11,925 ft</span></div>
<div><span><b>Speed:</b></span> <span>295 kt - 294 kt</span></div>
<div><span><b>Timestamp:</b></span><br/><span>2023-09-13 02:56:56 UTC<br/>2023-09-13 02:56:59 UTC</span></div>
</div>]]></description>
		<Style>
			<LineStyle>
				<color>ff00eaff</color>
				<width>2</width>
			</LineStyle>
		</Style>
		<MultiGeometry>
			<LineString>
				<tessellate>1</tessellate>
				<altitudeMode>absolute</altitudeMode>
				<coordinates>
					127.174149,37.369064,3642.36 127.168961,37.369995,3634.739999999999 
				</coordinates>
			</LineString>
		</MultiGeometry>
	</Placemark>
	<Placemark>
		<name>P-194</name>
		<visibility>0</visibility>
		<description><![CDATA[<div><div><span><b>Altitude:</b></span> <span>11,925 ft - 11,900 ft</span></div>
<div><span><b>Speed:</b></span> <span>294 kt - 291 kt</span></div>
<div><span><b>Timestamp:</b></span><br/><span>2023-09-13 02:56:59 UTC<br/>2023-09-13 02:57:02 UTC</span></div>
</div>]]></description>
		<Style>
			<LineStyle>
				<color>ff00eaff</color>
				<width>2</width>
			</LineStyle>
		</Style>
		<MultiGeometry>
			<LineString>
				<tessellate>1</tessellate>
				<altitudeMode>absolute</altitudeMode>
				<coordinates>
					127.168961,37.369995,3634.739999999999 127.164062,37.37088,3627.12 
				</coordinates>
			</LineString>
		</MultiGeometry>
	</Placemark>
	<Placemark>
		<name>P-195</name>
		<visibility>0</visibility>
		<description><![CDATA[<div><div><span><b>Altitude:</b></span> <span>11,900 ft - 11,850 ft</span></div>
<div><span><b>Speed:</b></span> <span>291 kt - 290 kt</span></div>
<div><span><b>Timestamp:</b></span><br/><span>2023-09-13 02:57:02 UTC<br/>2023-09-13 02:57:05 UTC</span></div>
</div>]]></description>
		<Style>
			<LineStyle>
				<color>ff00eaff</color>
				<width>2</width>
			</LineStyle>
		</Style>
		<MultiGeometry>
			<LineString>
				<tessellate>1</tessellate>
				<altitudeMode>absolute</altitudeMode>
				<coordinates>
					127.164062,37.37088,3627.12 127.15921,37.371689,3611.88 
				</coordinates>
			</LineString>
		</MultiGeometry>
	</Placemark>
	<Placemark>
		<name>P-196</name>
		<visibility>0</visibility>
		<description><![CDATA[<div><div><span><b>Altitude:</b></span> <span>11,850 ft - 11,775 ft</span></div>
<div><span><b>Speed:</b></span> <span>290 kt</span></div>
<div><span><b>Timestamp:</b></span><br/><span>2023-09-13 02:57:05 UTC<br/>2023-09-13 02:57:08 UTC</span></div>
</div>]]></description>
		<Style>
			<LineStyle>
				<color>ff00eaff</color>
				<width>2</width>
			</LineStyle>
		</Style>
		<MultiGeometry>
			<LineString>
				<tessellate>1</tessellate>
				<altitudeMode>absolute</altitudeMode>
				<coordinates>
					127.15921,37.371689,3611.88 127.154266,37.372555,3589.02 
				</coordinates>
			</LineString>
		</MultiGeometry>
	</Placemark>
	<Placemark>
		<name>P-197</name>
		<visibility>0</visibility>
		<description><![CDATA[<div><div><span><b>Altitude:</b></span> <span>11,775 ft - 11,700 ft</span></div>
<div><span><b>Speed:</b></span> <span>290 kt - 289 kt</span></div>
<div><span><b>Timestamp:</b></span><br/><span>2023-09-13 02:57:08 UTC<br/>2023-09-13 02:57:11 UTC</span></div>
</div>]]></description>
		<Style>
			<LineStyle>
				<color>ff00eaff</color>
				<width>2</width>
			</LineStyle>
		</Style>
		<MultiGeometry>
			<LineString>
				<tessellate>1</tessellate>
				<altitudeMode>absolute</altitudeMode>
				<coordinates>
					127.154266,37.372555,3589.02 127.149452,37.373383,3566.159999999999 
				</coordinates>
			</LineString>
		</MultiGeometry>
	</Placemark>
	<Placemark>
		<name>P-198</name>
		<visibility>0</visibility>
		<description><![CDATA[<div><div><span><b>Altitude:</b></span> <span>11,700 ft - 11,625 ft</span></div>
<div><span><b>Speed:</b></span> <span>289 kt</span></div>
<div><span><b>Timestamp:</b></span><br/><span>2023-09-13 02:57:11 UTC<br/>2023-09-13 02:57:14 UTC</span></div>
</div>]]></description>
		<Style>
			<LineStyle>
				<color>ff00eaff</color>
				<width>2</width>
			</LineStyle>
		</Style>
		<MultiGeometry>
			<LineString>
				<tessellate>1</tessellate>
				<altitudeMode>absolute</altitudeMode>
				<coordinates>
					127.149452,37.373383,3566.159999999999 127.144539,37.374233,3543.3 
				</coordinates>
			</LineString>
		</MultiGeometry>
	</Placemark>
	<Placemark>
		<name>P-199</name>
		<visibility>0</visibility>
		<description><![CDATA[<div><div><span><b>Altitude:</b></span> <span>11,625 ft - 11,525 ft</span></div>
<div><span><b>Speed:</b></span> <span>289 kt - 290 kt</span></div>
<div><span><b>Timestamp:</b></span><br/><span>2023-09-13 02:57:14 UTC<br/>2023-09-13 02:57:17 UTC</span></div>
</div>]]></description>
		<Style>
			<LineStyle>
				<color>ff00eaff</color>
				<width>2</width>
			</LineStyle>
		</Style>
		<MultiGeometry>
			<LineString>
				<tessellate>1</tessellate>
				<altitudeMode>absolute</altitudeMode>
				<coordinates>
					127.144539,37.374233,3543.3 127.140335,37.374939,3512.82 
				</coordinates>
			</LineString>
		</MultiGeometry>
	</Placemark>
	<Placemark>
		<name>P-200</name>
		<visibility>0</visibility>
		<description><![CDATA[<div><div><span><b>Altitude:</b></span> <span>11,525 ft - 10,975 ft</span></div>
<div><span><b>Speed:</b></span> <span>290 kt - 294 kt</span></div>
<div><span><b>Timestamp:</b></span><br/><span>2023-09-13 02:57:17 UTC<br/>2023-09-13 02:57:32 UTC</span></div>
</div>]]></description>
		<Style>
			<LineStyle>
				<color>ff00eaff</color>
				<width>2</width>
			</LineStyle>
		</Style>
		<MultiGeometry>
			<LineString>
				<tessellate>1</tessellate>
				<altitudeMode>absolute</altitudeMode>
				<coordinates>
					127.140335,37.374939,3512.82 127.114265,37.379444,3345.18 
				</coordinates>
			</LineString>
		</MultiGeometry>
	</Placemark>
	<Placemark>
		<name>P-201</name>
		<visibility>0</visibility>
		<description><![CDATA[<div><div><span><b>Altitude:</b></span> <span>10,975 ft - 10,525 ft</span></div>
<div><span><b>Speed:</b></span> <span>294 kt - 297 kt</span></div>
<div><span><b>Timestamp:</b></span><br/><span>2023-09-13 02:57:32 UTC<br/>2023-09-13 02:57:47 UTC</span></div>
</div>]]></description>
		<Style>
			<LineStyle>
				<color>ff00ffe4</color>
				<width>2</width>
			</LineStyle>
		</Style>
		<MultiGeometry>
			<LineString>
				<tessellate>1</tessellate>
				<altitudeMode>absolute</altitudeMode>
				<coordinates>
					127.114265,37.379444,3345.18 127.089424,37.383961,3208.02 
				</coordinates>
			</LineString>
		</MultiGeometry>
	</Placemark>
	<Placemark>
		<name>P-202</name>
		<visibility>0</visibility>
		<description><![CDATA[<div><div><span><b>Altitude:</b></span> <span>10,525 ft - 10,100 ft</span></div>
<div><span><b>Speed:</b></span> <span>297 kt - 295 kt</span></div>
<div><span><b>Timestamp:</b></span><br/><span>2023-09-13 02:57:47 UTC<br/>2023-09-13 02:58:02 UTC</span></div>
</div>]]></description>
		<Style>
			<LineStyle>
				<color>ff00ffe4</color>
				<width>2</width>
			</LineStyle>
		</Style>
		<MultiGeometry>
			<LineString>
				<tessellate>1</tessellate>
				<altitudeMode>absolute</altitudeMode>
				<coordinates>
					127.089424,37.383961,3208.02 127.063316,37.388763,3078.48 
				</coordinates>
			</LineString>
		</MultiGeometry>
	</Placemark>
	<Placemark>
		<name>P-203</name>
		<visibility>0</visibility>
		<description><![CDATA[<div><div><span><b>Altitude:</b></span> <span>10,100 ft - 9,725 ft</span></div>
<div><span><b>Speed:</b></span> <span>295 kt - 291 kt</span></div>
<div><span><b>Timestamp:</b></span><br/><span>2023-09-13 02:58:02 UTC<br/>2023-09-13 02:58:17 UTC</span></div>
</div>]]></description>
		<Style>
			<LineStyle>
				<color>ff00ffe4</color>
				<width>2</width>
			</LineStyle>
		</Style>
		<MultiGeometry>
			<LineString>
				<tessellate>1</tessellate>
				<altitudeMode>absolute</altitudeMode>
				<coordinates>
					127.063316,37.388763,3078.48 127.039268,37.39304,2964.179999999999 
				</coordinates>
			</LineString>
		</MultiGeometry>
	</Placemark>
	<Placemark>
		<name>P-204</name>
		<visibility>0</visibility>
		<description><![CDATA[<div><div><span><b>Altitude:</b></span> <span>9,725 ft - 9,250 ft</span></div>
<div><span><b>Speed:</b></span> <span>291 kt - 298 kt</span></div>
<div><span><b>Timestamp:</b></span><br/><span>2023-09-13 02:58:17 UTC<br/>2023-09-13 02:58:29 UTC</span></div>
</div>]]></description>
		<Style>
			<LineStyle>
				<color>ff00ffd2</color>
				<width>2</width>
			</LineStyle>
		</Style>
		<MultiGeometry>
			<LineString>
				<tessellate>1</tessellate>
				<altitudeMode>absolute</altitudeMode>
				<coordinates>
					127.039268,37.39304,2964.179999999999 127.018669,37.396809,2819.4 
				</coordinates>
			</LineString>
		</MultiGeometry>
	</Placemark>
	<Placemark>
		<name>P-205</name>
		<visibility>0</visibility>
		<description><![CDATA[<div><div><span><b>Altitude:</b></span> <span>9,250 ft - 8,975 ft</span></div>
<div><span><b>Speed:</b></span> <span>298 kt - 294 kt</span></div>
<div><span><b>Timestamp:</b></span><br/><span>2023-09-13 02:58:29 UTC<br/>2023-09-13 02:58:44 UTC</span></div>
</div>]]></description>
		<Style>
			<LineStyle>
				<color>ff00ffd2</color>
				<width>2</width>
			</LineStyle>
		</Style>
		<MultiGeometry>
			<LineString>
				<tessellate>1</tessellate>
				<altitudeMode>absolute</altitudeMode>
				<coordinates>
					127.018669,37.396809,2819.4 126.993301,37.401535,2735.58 
				</coordinates>
			</LineString>
		</MultiGeometry>
	</Placemark>
	<Placemark>
		<name>P-206</name>
		<visibility>0</visibility>
		<description><![CDATA[<div><div><span><b>Altitude:</b></span> <span>8,975 ft - 8,700 ft</span></div>
<div><span><b>Speed:</b></span> <span>294 kt - 286 kt</span></div>
<div><span><b>Timestamp:</b></span><br/><span>2023-09-13 02:58:44 UTC<br/>2023-09-13 02:58:59 UTC</span></div>
</div>]]></description>
		<Style>
			<LineStyle>
				<color>ff00ffd2</color>
				<width>2</width>
			</LineStyle>
		</Style>
		<MultiGeometry>
			<LineString>
				<tessellate>1</tessellate>
				<altitudeMode>absolute</altitudeMode>
				<coordinates>
					126.993301,37.401535,2735.58 126.969528,37.406025,2651.76 
				</coordinates>
			</LineString>
		</MultiGeometry>
	</Placemark>
	<Placemark>
		<name>P-207</name>
		<visibility>0</visibility>
		<description><![CDATA[<div><div><span><b>Altitude:</b></span> <span>8,700 ft - 8,275 ft</span></div>
<div><span><b>Speed:</b></span> <span>286 kt - 285 kt</span></div>
<div><span><b>Timestamp:</b></span><br/><span>2023-09-13 02:58:59 UTC<br/>2023-09-13 02:59:14 UTC</span></div>
</div>]]></description>
		<Style>
			<LineStyle>
				<color>ff00ffd2</color>
				<width>2</width>
			</LineStyle>
		</Style>
		<MultiGeometry>
			<LineString>
				<tessellate>1</tessellate>
				<altitudeMode>absolute</altitudeMode>
				<coordinates>
					126.969528,37.406025,2651.76 126.944565,37.410599,2522.22 
				</coordinates>
			</LineString>
		</MultiGeometry>
	</Placemark>
	<Placemark>
		<name>P-208</name>
		<visibility>0</visibility>
		<description><![CDATA[<div><div><span><b>Altitude:</b></span> <span>8,275 ft - 8,025 ft</span></div>
<div><span><b>Speed:</b></span> <span>285 kt - 293 kt</span></div>
<div><span><b>Timestamp:</b></span><br/><span>2023-09-13 02:59:14 UTC<br/>2023-09-13 02:59:29 UTC</span></div>
</div>]]></description>
		<Style>
			<LineStyle>
				<color>ff00ffd2</color>
				<width>2</width>
			</LineStyle>
		</Style>
		<MultiGeometry>
			<LineString>
				<tessellate>1</tessellate>
				<altitudeMode>absolute</altitudeMode>
				<coordinates>
					126.944565,37.410599,2522.22 126.920151,37.416313,2446.02 
				</coordinates>
			</LineString>
		</MultiGeometry>
	</Placemark>
	<Placemark>
		<name>P-209</name>
		<visibility>0</visibility>
		<description><![CDATA[<div><div><span><b>Altitude:</b></span> <span>8,025 ft - 8,000 ft</span></div>
<div><span><b>Speed:</b></span> <span>293 kt - 295 kt</span></div>
<div><span><b>Timestamp:</b></span><br/><span>2023-09-13 02:59:29 UTC<br/>2023-09-13 02:59:36 UTC</span></div>
</div>]]></description>
		<Style>
			<LineStyle>
				<color>ff00ff9c</color>
				<width>2</width>
			</LineStyle>
		</Style>
		<MultiGeometry>
			<LineString>
				<tessellate>1</tessellate>
				<altitudeMode>absolute</altitudeMode>
				<coordinates>
					126.920151,37.416313,2446.02 126.910149,37.419708,2438.4 
				</coordinates>
			</LineString>
		</MultiGeometry>
	</Placemark>
	<Placemark>
		<name>P-210</name>
		<visibility>0</visibility>
		<description><![CDATA[<div><div><span><b>Altitude:</b></span> <span>8,000 ft - 7,975 ft</span></div>
<div><span><b>Speed:</b></span> <span>295 kt - 296 kt</span></div>
<div><span><b>Timestamp:</b></span><br/><span>2023-09-13 02:59:36 UTC<br/>2023-09-13 02:59:39 UTC</span></div>
</div>]]></description>
		<Style>
			<LineStyle>
				<color>ff00ff9c</color>
				<width>2</width>
			</LineStyle>
		</Style>
		<MultiGeometry>
			<LineString>
				<tessellate>1</tessellate>
				<altitudeMode>absolute</altitudeMode>
				<coordinates>
					126.910149,37.419708,2438.4 126.90612,37.421108,2430.78 
				</coordinates>
			</LineString>
		</MultiGeometry>
	</Placemark>
	<Placemark>
		<name>P-211</name>
		<visibility>0</visibility>
		<description><![CDATA[<div><div><span><b>Altitude:</b></span> <span>7,975 ft</span></div>
<div><span><b>Speed:</b></span> <span>296 kt - 292 kt</span></div>
<div><span><b>Timestamp:</b></span><br/><span>2023-09-13 02:59:39 UTC<br/>2023-09-13 02:59:42 UTC</span></div>
</div>]]></description>
		<Style>
			<LineStyle>
				<color>ff00ff9c</color>
				<width>2</width>
			</LineStyle>
		</Style>
		<MultiGeometry>
			<LineString>
				<tessellate>1</tessellate>
				<altitudeMode>absolute</altitudeMode>
				<coordinates>
					126.90612,37.421108,2430.78 126.90081,37.423065,2430.78 
				</coordinates>
			</LineString>
		</MultiGeometry>
	</Placemark>
	<Placemark>
		<name>P-212</name>
		<visibility>0</visibility>
		<description><![CDATA[<div><div><span><b>Altitude:</b></span> <span>7,975 ft - 7,950 ft</span></div>
<div><span><b>Speed:</b></span> <span>292 kt - 289 kt</span></div>
<div><span><b>Timestamp:</b></span><br/><span>2023-09-13 02:59:42 UTC<br/>2023-09-13 02:59:45 UTC</span></div>
</div>]]></description>
		<Style>
			<LineStyle>
				<color>ff00ff9c</color>
				<width>2</width>
			</LineStyle>
		</Style>
		<MultiGeometry>
			<LineString>
				<tessellate>1</tessellate>
				<altitudeMode>absolute</altitudeMode>
				<coordinates>
					126.90081,37.423065,2430.78 126.896469,37.424652,2423.16 
				</coordinates>
			</LineString>
		</MultiGeometry>
	</Placemark>
	<Placemark>
		<name>P-213</name>
		<visibility>0</visibility>
		<description><![CDATA[<div><div><span><b>Altitude:</b></span> <span>7,950 ft</span></div>
<div><span><b>Speed:</b></span> <span>289 kt - 286 kt</span></div>
<div><span><b>Timestamp:</b></span><br/><span>2023-09-13 02:59:45 UTC<br/>2023-09-13 02:59:48 UTC</span></div>
</div>]]></description>
		<Style>
			<LineStyle>
				<color>ff00ff9c</color>
				<width>2</width>
			</LineStyle>
		</Style>
		<MultiGeometry>
			<LineString>
				<tessellate>1</tessellate>
				<altitudeMode>absolute</altitudeMode>
				<coordinates>
					126.896469,37.424652,2423.16 126.892387,37.426136,2423.16 
				</coordinates>
			</LineString>
		</MultiGeometry>
	</Placemark>
	<Placemark>
		<name>P-214</name>
		<visibility>0</visibility>
		<description><![CDATA[<div><div><span><b>Altitude:</b></span> <span>7,950 ft</span></div>
<div><span><b>Speed:</b></span> <span>286 kt - 282 kt</span></div>
<div><span><b>Timestamp:</b></span><br/><span>2023-09-13 02:59:48 UTC<br/>2023-09-13 02:59:51 UTC</span></div>
</div>]]></description>
		<Style>
			<LineStyle>
				<color>ff00ff9c</color>
				<width>2</width>
			</LineStyle>
		</Style>
		<MultiGeometry>
			<LineString>
				<tessellate>1</tessellate>
				<altitudeMode>absolute</altitudeMode>
				<coordinates>
					126.892387,37.426136,2423.16 126.887848,37.427814,2423.16 
				</coordinates>
			</LineString>
		</MultiGeometry>
	</Placemark>
	<Placemark>
		<name>P-215</name>
		<visibility>0</visibility>
		<description><![CDATA[<div><div><span><b>Altitude:</b></span> <span>7,950 ft - 7,975 ft</span></div>
<div><span><b>Speed:</b></span> <span>282 kt - 265 kt</span></div>
<div><span><b>Timestamp:</b></span><br/><span>2023-09-13 02:59:51 UTC<br/>2023-09-13 03:00:06 UTC</span></div>
</div>]]></description>
		<Style>
			<LineStyle>
				<color>ff00ff9c</color>
				<width>2</width>
			</LineStyle>
		</Style>
		<MultiGeometry>
			<LineString>
				<tessellate>1</tessellate>
				<altitudeMode>absolute</altitudeMode>
				<coordinates>
					126.887848,37.427814,2423.16 126.865616,37.435913,2430.78 
				</coordinates>
			</LineString>
		</MultiGeometry>
	</Placemark>
	<Placemark>
		<name>P-216</name>
		<visibility>0</visibility>
		<description><![CDATA[<div><div><span><b>Altitude:</b></span> <span>7,975 ft</span></div>
<div><span><b>Speed:</b></span> <span>265 kt - 253 kt</span></div>
<div><span><b>Timestamp:</b></span><br/><span>2023-09-13 03:00:06 UTC<br/>2023-09-13 03:00:21 UTC</span></div>
</div>]]></description>
		<Style>
			<LineStyle>
				<color>ff00ff9c</color>
				<width>2</width>
			</LineStyle>
		</Style>
		<MultiGeometry>
			<LineString>
				<tessellate>1</tessellate>
				<altitudeMode>absolute</altitudeMode>
				<coordinates>
					126.865616,37.435913,2430.78 126.844978,37.443314,2430.78 
				</coordinates>
			</LineString>
		</MultiGeometry>
	</Placemark>
	<Placemark>
		<name>P-217</name>
		<visibility>0</visibility>
		<description><![CDATA[<div><div><span><b>Altitude:</b></span> <span>7,975 ft</span></div>
<div><span><b>Speed:</b></span> <span>253 kt - 247 kt</span></div>
<div><span><b>Timestamp:</b></span><br/><span>2023-09-13 03:00:21 UTC<br/>2023-09-13 03:00:36 UTC</span></div>
</div>]]></description>
		<Style>
			<LineStyle>
				<color>ff00ff9c</color>
				<width>2</width>
			</LineStyle>
		</Style>
		<MultiGeometry>
			<LineString>
				<tessellate>1</tessellate>
				<altitudeMode>absolute</altitudeMode>
				<coordinates>
					126.844978,37.443314,2430.78 126.825005,37.450287,2430.78 
				</coordinates>
			</LineString>
		</MultiGeometry>
	</Placemark>
	<Placemark>
		<name>P-218</name>
		<visibility>0</visibility>
		<description><![CDATA[<div><div><span><b>Altitude:</b></span> <span>7,975 ft</span></div>
<div><span><b>Speed:</b></span> <span>247 kt - 244 kt</span></div>
<div><span><b>Timestamp:</b></span><br/><span>2023-09-13 03:00:36 UTC<br/>2023-09-13 03:00:51 UTC</span></div>
</div>]]></description>
		<Style>
			<LineStyle>
				<color>ff00ff9c</color>
				<width>2</width>
			</LineStyle>
		</Style>
		<MultiGeometry>
			<LineString>
				<tessellate>1</tessellate>
				<altitudeMode>absolute</altitudeMode>
				<coordinates>
					126.825005,37.450287,2430.78 126.80545,37.457047,2430.78 
				</coordinates>
			</LineString>
		</MultiGeometry>
	</Placemark>
	<Placemark>
		<name>P-219</name>
		<visibility>0</visibility>
		<description><![CDATA[<div><div><span><b>Altitude:</b></span> <span>7,975 ft - 7,950 ft</span></div>
<div><span><b>Speed:</b></span> <span>244 kt - 242 kt</span></div>
<div><span><b>Timestamp:</b></span><br/><span>2023-09-13 03:00:51 UTC<br/>2023-09-13 03:01:03 UTC</span></div>
</div>]]></description>
		<Style>
			<LineStyle>
				<color>ff00ff9c</color>
				<width>2</width>
			</LineStyle>
		</Style>
		<MultiGeometry>
			<LineString>
				<tessellate>1</tessellate>
				<altitudeMode>absolute</altitudeMode>
				<coordinates>
					126.80545,37.457047,2430.78 126.789474,37.461777,2423.16 
				</coordinates>
			</LineString>
		</MultiGeometry>
	</Placemark>
	<Placemark>
		<name>P-220</name>
		<visibility>0</visibility>
		<description><![CDATA[<div><div><span><b>Altitude:</b></span> <span>7,950 ft - 7,750 ft</span></div>
<div><span><b>Speed:</b></span> <span>242 kt</span></div>
<div><span><b>Timestamp:</b></span><br/><span>2023-09-13 03:01:03 UTC<br/>2023-09-13 03:01:18 UTC</span></div>
</div>]]></description>
		<Style>
			<LineStyle>
				<color>ff00ff9c</color>
				<width>2</width>
			</LineStyle>
		</Style>
		<MultiGeometry>
			<LineString>
				<tessellate>1</tessellate>
				<altitudeMode>absolute</altitudeMode>
				<coordinates>
					126.789474,37.461777,2423.16 126.769272,37.467243,2362.2 
				</coordinates>
			</LineString>
		</MultiGeometry>
	</Placemark>
	<Placemark>
		<name>P-221</name>
		<visibility>0</visibility>
		<description><![CDATA[<div><div><span><b>Altitude:</b></span> <span>7,750 ft - 7,475 ft</span></div>
<div><span><b>Speed:</b></span> <span>242 kt - 243 kt</span></div>
<div><span><b>Timestamp:</b></span><br/><span>2023-09-13 03:01:18 UTC<br/>2023-09-13 03:01:33 UTC</span></div>
</div>]]></description>
		<Style>
			<LineStyle>
				<color>ff00ff9c</color>
				<width>2</width>
			</LineStyle>
		</Style>
		<MultiGeometry>
			<LineString>
				<tessellate>1</tessellate>
				<altitudeMode>absolute</altitudeMode>
				<coordinates>
					126.769272,37.467243,2362.2 126.749329,37.472736,2278.38 
				</coordinates>
			</LineString>
		</MultiGeometry>
	</Placemark>
	<Placemark>
		<name>P-222</name>
		<visibility>0</visibility>
		<description><![CDATA[<div><div><span><b>Altitude:</b></span> <span>7,475 ft - 7,275 ft</span></div>
<div><span><b>Speed:</b></span> <span>243 kt - 244 kt</span></div>
<div><span><b>Timestamp:</b></span><br/><span>2023-09-13 03:01:33 UTC<br/>2023-09-13 03:01:48 UTC</span></div>
</div>]]></description>
		<Style>
			<LineStyle>
				<color>ff00ff9c</color>
				<width>2</width>
			</LineStyle>
		</Style>
		<MultiGeometry>
			<LineString>
				<tessellate>1</tessellate>
				<altitudeMode>absolute</altitudeMode>
				<coordinates>
					126.749329,37.472736,2278.38 126.729576,37.478165,2217.42 
				</coordinates>
			</LineString>
		</MultiGeometry>
	</Placemark>
	<Placemark>
		<name>P-223</name>
		<visibility>0</visibility>
		<description><![CDATA[<div><div><span><b>Altitude:</b></span> <span>7,275 ft - 7,050 ft</span></div>
<div><span><b>Speed:</b></span> <span>244 kt - 246 kt</span></div>
<div><span><b>Timestamp:</b></span><br/><span>2023-09-13 03:01:48 UTC<br/>2023-09-13 03:02:00 UTC</span></div>
</div>]]></description>
		<Style>
			<LineStyle>
				<color>ff00ff9c</color>
				<width>2</width>
			</LineStyle>
		</Style>
		<MultiGeometry>
			<LineString>
				<tessellate>1</tessellate>
				<altitudeMode>absolute</altitudeMode>
				<coordinates>
					126.729576,37.478165,2217.42 126.713676,37.484116,2148.84 
				</coordinates>
			</LineString>
		</MultiGeometry>
	</Placemark>
	<Placemark>
		<name>P-224</name>
		<visibility>0</visibility>
		<description><![CDATA[<div><div><span><b>Altitude:</b></span> <span>7,050 ft - 7,000 ft</span></div>
<div><span><b>Speed:</b></span> <span>246 kt</span></div>
<div><span><b>Timestamp:</b></span><br/><span>2023-09-13 03:02:00 UTC<br/>2023-09-13 03:02:04 UTC</span></div>
</div>]]></description>
		<Style>
			<LineStyle>
				<color>ff00ff9c</color>
				<width>2</width>
			</LineStyle>
		</Style>
		<MultiGeometry>
			<LineString>
				<tessellate>1</tessellate>
				<altitudeMode>absolute</altitudeMode>
				<coordinates>
					126.713676,37.484116,2148.84 126.710518,37.485958,2133.6 
				</coordinates>
			</LineString>
		</MultiGeometry>
	</Placemark>
	<Placemark>
		<name>P-225</name>
		<visibility>0</visibility>
		<description><![CDATA[<div><div><span><b>Altitude:</b></span> <span>7,000 ft - 6,950 ft</span></div>
<div><span><b>Speed:</b></span> <span>246 kt</span></div>
<div><span><b>Timestamp:</b></span><br/><span>2023-09-13 03:02:04 UTC<br/>2023-09-13 03:02:07 UTC</span></div>
</div>]]></description>
		<Style>
			<LineStyle>
				<color>ff00ff9c</color>
				<width>2</width>
			</LineStyle>
		</Style>
		<MultiGeometry>
			<LineString>
				<tessellate>1</tessellate>
				<altitudeMode>absolute</altitudeMode>
				<coordinates>
					126.710518,37.485958,2133.6 126.707016,37.488327,2118.36 
				</coordinates>
			</LineString>
		</MultiGeometry>
	</Placemark>
	<Placemark>
		<name>P-226</name>
		<visibility>0</visibility>
		<description><![CDATA[<div><div><span><b>Altitude:</b></span> <span>6,950 ft - 6,900 ft</span></div>
<div><span><b>Speed:</b></span> <span>246 kt - 245 kt</span></div>
<div><span><b>Timestamp:</b></span><br/><span>2023-09-13 03:02:07 UTC<br/>2023-09-13 03:02:10 UTC</span></div>
</div>]]></description>
		<Style>
			<LineStyle>
				<color>ff00ff9c</color>
				<width>2</width>
			</LineStyle>
		</Style>
		<MultiGeometry>
			<LineString>
				<tessellate>1</tessellate>
				<altitudeMode>absolute</altitudeMode>
				<coordinates>
					126.707016,37.488327,2118.36 126.703888,37.490566,2103.119999999999 
				</coordinates>
			</LineString>
		</MultiGeometry>
	</Placemark>
	<Placemark>
		<name>P-227</name>
		<visibility>0</visibility>
		<description><![CDATA[<div><div><span><b>Altitude:</b></span> <span>6,900 ft - 6,875 ft</span></div>
<div><span><b>Speed:</b></span> <span>245 kt - 244 kt</span></div>
<div><span><b>Timestamp:</b></span><br/><span>2023-09-13 03:02:10 UTC<br/>2023-09-13 03:02:12 UTC</span></div>
</div>]]></description>
		<Style>
			<LineStyle>
				<color>ff00ff9c</color>
				<width>2</width>
			</LineStyle>
		</Style>
		<MultiGeometry>
			<LineString>
				<tessellate>1</tessellate>
				<altitudeMode>absolute</altitudeMode>
				<coordinates>
					126.703888,37.490566,2103.119999999999 126.700882,37.492767,2095.5 
				</coordinates>
			</LineString>
		</MultiGeometry>
	</Placemark>
	<Placemark>
		<name>P-228</name>
		<visibility>0</visibility>
		<description><![CDATA[<div><div><span><b>Altitude:</b></span> <span>6,875 ft - 6,850 ft</span></div>
<div><span><b>Speed:</b></span> <span>244 kt - 242 kt</span></div>
<div><span><b>Timestamp:</b></span><br/><span>2023-09-13 03:02:12 UTC<br/>2023-09-13 03:02:15 UTC</span></div>
</div>]]></description>
		<Style>
			<LineStyle>
				<color>ff00ff9c</color>
				<width>2</width>
			</LineStyle>
		</Style>
		<MultiGeometry>
			<LineString>
				<tessellate>1</tessellate>
				<altitudeMode>absolute</altitudeMode>
				<coordinates>
					126.700882,37.492767,2095.5 126.697739,37.495174,2087.88 
				</coordinates>
			</LineString>
		</MultiGeometry>
	</Placemark>
	<Placemark>
		<name>P-229</name>
		<visibility>0</visibility>
		<description><![CDATA[<div><div><span><b>Altitude:</b></span> <span>6,850 ft - 6,825 ft</span></div>
<div><span><b>Speed:</b></span> <span>242 kt - 239 kt</span></div>
<div><span><b>Timestamp:</b></span><br/><span>2023-09-13 03:02:15 UTC<br/>2023-09-13 03:02:19 UTC</span></div>
</div>]]></description>
		<Style>
			<LineStyle>
				<color>ff00ff9c</color>
				<width>2</width>
			</LineStyle>
		</Style>
		<MultiGeometry>
			<LineString>
				<tessellate>1</tessellate>
				<altitudeMode>absolute</altitudeMode>
				<coordinates>
					126.697739,37.495174,2087.88 126.694397,37.497665,2080.26 
				</coordinates>
			</LineString>
		</MultiGeometry>
	</Placemark>
	<Placemark>
		<name>P-230</name>
		<visibility>0</visibility>
		<description><![CDATA[<div><div><span><b>Altitude:</b></span> <span>6,825 ft - 6,800 ft</span></div>
<div><span><b>Speed:</b></span> <span>239 kt - 238 kt</span></div>
<div><span><b>Timestamp:</b></span><br/><span>2023-09-13 03:02:19 UTC<br/>2023-09-13 03:02:21 UTC</span></div>
</div>]]></description>
		<Style>
			<LineStyle>
				<color>ff00ff9c</color>
				<width>2</width>
			</LineStyle>
		</Style>
		<MultiGeometry>
			<LineString>
				<tessellate>1</tessellate>
				<altitudeMode>absolute</altitudeMode>
				<coordinates>
					126.694397,37.497665,2080.26 126.691765,37.49968,2072.64 
				</coordinates>
			</LineString>
		</MultiGeometry>
	</Placemark>
	<Placemark>
		<name>P-231</name>
		<visibility>0</visibility>
		<description><![CDATA[<div><div><span><b>Altitude:</b></span> <span>6,800 ft - 6,775 ft</span></div>
<div><span><b>Speed:</b></span> <span>238 kt - 236 kt</span></div>
<div><span><b>Timestamp:</b></span><br/><span>2023-09-13 03:02:21 UTC<br/>2023-09-13 03:02:24 UTC</span></div>
</div>]]></description>
		<Style>
			<LineStyle>
				<color>ff00ff9c</color>
				<width>2</width>
			</LineStyle>
		</Style>
		<MultiGeometry>
			<LineString>
				<tessellate>1</tessellate>
				<altitudeMode>absolute</altitudeMode>
				<coordinates>
					126.691765,37.49968,2072.64 126.688545,37.502155,2065.02 
				</coordinates>
			</LineString>
		</MultiGeometry>
	</Placemark>
	<Placemark>
		<name>P-232</name>
		<visibility>0</visibility>
		<description><![CDATA[<div><div><span><b>Altitude:</b></span> <span>6,775 ft - 6,725 ft</span></div>
<div><span><b>Speed:</b></span> <span>236 kt - 234 kt</span></div>
<div><span><b>Timestamp:</b></span><br/><span>2023-09-13 03:02:24 UTC<br/>2023-09-13 03:02:28 UTC</span></div>
</div>]]></description>
		<Style>
			<LineStyle>
				<color>ff00ff9c</color>
				<width>2</width>
			</LineStyle>
		</Style>
		<MultiGeometry>
			<LineString>
				<tessellate>1</tessellate>
				<altitudeMode>absolute</altitudeMode>
				<coordinates>
					126.688545,37.502155,2065.02 126.685333,37.504623,2049.78 
				</coordinates>
			</LineString>
		</MultiGeometry>
	</Placemark>
	<Placemark>
		<name>P-233</name>
		<visibility>0</visibility>
		<description><![CDATA[<div><div><span><b>Altitude:</b></span> <span>6,725 ft - 6,700 ft</span></div>
<div><span><b>Speed:</b></span> <span>234 kt</span></div>
<div><span><b>Timestamp:</b></span><br/><span>2023-09-13 03:02:28 UTC<br/>2023-09-13 03:02:31 UTC</span></div>
</div>]]></description>
		<Style>
			<LineStyle>
				<color>ff00ff9c</color>
				<width>2</width>
			</LineStyle>
		</Style>
		<MultiGeometry>
			<LineString>
				<tessellate>1</tessellate>
				<altitudeMode>absolute</altitudeMode>
				<coordinates>
					126.685333,37.504623,2049.78 126.682457,37.506859,2042.16 
				</coordinates>
			</LineString>
		</MultiGeometry>
	</Placemark>
	<Placemark>
		<name>P-234</name>
		<visibility>0</visibility>
		<description><![CDATA[<div><div><span><b>Altitude:</b></span> <span>6,700 ft - 6,525 ft</span></div>
<div><span><b>Speed:</b></span> <span>234 kt - 226 kt</span></div>
<div><span><b>Timestamp:</b></span><br/><span>2023-09-13 03:02:31 UTC<br/>2023-09-13 03:02:46 UTC</span></div>
</div>]]></description>
		<Style>
			<LineStyle>
				<color>ff00ff9c</color>
				<width>2</width>
			</LineStyle>
		</Style>
		<MultiGeometry>
			<LineString>
				<tessellate>1</tessellate>
				<altitudeMode>absolute</altitudeMode>
				<coordinates>
					126.682457,37.506859,2042.16 126.668037,37.517899,1988.82 
				</coordinates>
			</LineString>
		</MultiGeometry>
	</Placemark>
	<Placemark>
		<name>P-235</name>
		<visibility>0</visibility>
		<description><![CDATA[<div><div><span><b>Altitude:</b></span> <span>6,525 ft - 6,250 ft</span></div>
<div><span><b>Speed:</b></span> <span>226 kt - 225 kt</span></div>
<div><span><b>Timestamp:</b></span><br/><span>2023-09-13 03:02:46 UTC<br/>2023-09-13 03:03:01 UTC</span></div>
</div>]]></description>
		<Style>
			<LineStyle>
				<color>ff00ff72</color>
				<width>2</width>
			</LineStyle>
		</Style>
		<MultiGeometry>
			<LineString>
				<tessellate>1</tessellate>
				<altitudeMode>absolute</altitudeMode>
				<coordinates>
					126.668037,37.517899,1988.82 126.653854,37.528458,1905 
				</coordinates>
			</LineString>
		</MultiGeometry>
	</Placemark>
	<Placemark>
		<name>P-236</name>
		<visibility>0</visibility>
		<description><![CDATA[<div><div><span><b>Altitude:</b></span> <span>6,250 ft - 5,900 ft</span></div>
<div><span><b>Speed:</b></span> <span>225 kt - 226 kt</span></div>
<div><span><b>Timestamp:</b></span><br/><span>2023-09-13 03:03:01 UTC<br/>2023-09-13 03:03:16 UTC</span></div>
</div>]]></description>
		<Style>
			<LineStyle>
				<color>ff00ff72</color>
				<width>2</width>
			</LineStyle>
		</Style>
		<MultiGeometry>
			<LineString>
				<tessellate>1</tessellate>
				<altitudeMode>absolute</altitudeMode>
				<coordinates>
					126.653854,37.528458,1905 126.639168,37.539444,1798.32 
				</coordinates>
			</LineString>
		</MultiGeometry>
	</Placemark>
	<Placemark>
		<name>P-237</name>
		<visibility>0</visibility>
		<description><![CDATA[<div><div><span><b>Altitude:</b></span> <span>5,900 ft - 5,575 ft</span></div>
<div><span><b>Speed:</b></span> <span>226 kt</span></div>
<div><span><b>Timestamp:</b></span><br/><span>2023-09-13 03:03:16 UTC<br/>2023-09-13 03:03:31 UTC</span></div>
</div>]]></description>
		<Style>
			<LineStyle>
				<color>ff00ff72</color>
				<width>2</width>
			</LineStyle>
		</Style>
		<MultiGeometry>
			<LineString>
				<tessellate>1</tessellate>
				<altitudeMode>absolute</altitudeMode>
				<coordinates>
					126.639168,37.539444,1798.32 126.62468,37.550079,1699.26 
				</coordinates>
			</LineString>
		</MultiGeometry>
	</Placemark>
	<Placemark>
		<name>P-238</name>
		<visibility>0</visibility>
		<description><![CDATA[<div><div><span><b>Altitude:</b></span> <span>5,575 ft - 5,300 ft</span></div>
<div><span><b>Speed:</b></span> <span>226 kt - 220 kt</span></div>
<div><span><b>Timestamp:</b></span><br/><span>2023-09-13 03:03:31 UTC<br/>2023-09-13 03:03:46 UTC</span></div>
</div>]]></description>
		<Style>
			<LineStyle>
				<color>ff00ff72</color>
				<width>2</width>
			</LineStyle>
		</Style>
		<MultiGeometry>
			<LineString>
				<tessellate>1</tessellate>
				<altitudeMode>absolute</altitudeMode>
				<coordinates>
					126.62468,37.550079,1699.26 126.610207,37.561047,1615.44 
				</coordinates>
			</LineString>
		</MultiGeometry>
	</Placemark>
	<Placemark>
		<name>P-239</name>
		<visibility>0</visibility>
		<description><![CDATA[<div><div><span><b>Altitude:</b></span> <span>5,300 ft - 5,100 ft</span></div>
<div><span><b>Speed:</b></span> <span>220 kt - 208 kt</span></div>
<div><span><b>Timestamp:</b></span><br/><span>2023-09-13 03:03:46 UTC<br/>2023-09-13 03:04:01 UTC</span></div>
</div>]]></description>
		<Style>
			<LineStyle>
				<color>ff00ff72</color>
				<width>2</width>
			</LineStyle>
		</Style>
		<MultiGeometry>
			<LineString>
				<tessellate>1</tessellate>
				<altitudeMode>absolute</altitudeMode>
				<coordinates>
					126.610207,37.561047,1615.44 126.596916,37.57132,1554.48 
				</coordinates>
			</LineString>
		</MultiGeometry>
	</Placemark>
	<Placemark>
		<name>P-240</name>
		<visibility>0</visibility>
		<description><![CDATA[<div><div><span><b>Altitude:</b></span> <span>5,100 ft - 4,825 ft</span></div>
<div><span><b>Speed:</b></span> <span>208 kt - 204 kt</span></div>
<div><span><b>Timestamp:</b></span><br/><span>2023-09-13 03:04:01 UTC<br/>2023-09-13 03:04:16 UTC</span></div>
</div>]]></description>
		<Style>
			<LineStyle>
				<color>ff00ff72</color>
				<width>2</width>
			</LineStyle>
		</Style>
		<MultiGeometry>
			<LineString>
				<tessellate>1</tessellate>
				<altitudeMode>absolute</altitudeMode>
				<coordinates>
					126.596916,37.57132,1554.48 126.583939,37.581108,1470.66 
				</coordinates>
			</LineString>
		</MultiGeometry>
	</Placemark>
	<Placemark>
		<name>P-241</name>
		<visibility>0</visibility>
		<description><![CDATA[<div><div><span><b>Altitude:</b></span> <span>4,825 ft - 4,700 ft</span></div>
<div><span><b>Speed:</b></span> <span>204 kt - 202 kt</span></div>
<div><span><b>Timestamp:</b></span><br/><span>2023-09-13 03:04:16 UTC<br/>2023-09-13 03:04:22 UTC</span></div>
</div>]]></description>
		<Style>
			<LineStyle>
				<color>ff00ff36</color>
				<width>2</width>
			</LineStyle>
		</Style>
		<MultiGeometry>
			<LineString>
				<tessellate>1</tessellate>
				<altitudeMode>absolute</altitudeMode>
				<coordinates>
					126.583939,37.581108,1470.66 126.57856,37.585114,1432.56 
				</coordinates>
			</LineString>
		</MultiGeometry>
	</Placemark>
	<Placemark>
		<name>P-242</name>
		<visibility>0</visibility>
		<description><![CDATA[<div><div><span><b>Altitude:</b></span> <span>4,700 ft - 4,500 ft</span></div>
<div><span><b>Speed:</b></span> <span>202 kt</span></div>
<div><span><b>Timestamp:</b></span><br/><span>2023-09-13 03:04:22 UTC<br/>2023-09-13 03:04:31 UTC</span></div>
</div>]]></description>
		<Style>
			<LineStyle>
				<color>ff00ff36</color>
				<width>2</width>
			</LineStyle>
		</Style>
		<MultiGeometry>
			<LineString>
				<tessellate>1</tessellate>
				<altitudeMode>absolute</altitudeMode>
				<coordinates>
					126.57856,37.585114,1432.56 126.57074,37.590977,1371.6 
				</coordinates>
			</LineString>
		</MultiGeometry>
	</Placemark>
	<Placemark>
		<name>P-243</name>
		<visibility>0</visibility>
		<description><![CDATA[<div><div><span><b>Altitude:</b></span> <span>4,500 ft - 4,350 ft</span></div>
<div><span><b>Speed:</b></span> <span>202 kt - 197 kt</span></div>
<div><span><b>Timestamp:</b></span><br/><span>2023-09-13 03:04:31 UTC<br/>2023-09-13 03:04:37 UTC</span></div>
</div>]]></description>
		<Style>
			<LineStyle>
				<color>ff00ff36</color>
				<width>2</width>
			</LineStyle>
		</Style>
		<MultiGeometry>
			<LineString>
				<tessellate>1</tessellate>
				<altitudeMode>absolute</altitudeMode>
				<coordinates>
					126.57074,37.590977,1371.6 126.56665,37.594986,1325.88 
				</coordinates>
			</LineString>
		</MultiGeometry>
	</Placemark>
	<Placemark>
		<name>P-244</name>
		<visibility>0</visibility>
		<description><![CDATA[<div><div><span><b>Altitude:</b></span> <span>4,350 ft - 4,275 ft</span></div>
<div><span><b>Speed:</b></span> <span>197 kt - 196 kt</span></div>
<div><span><b>Timestamp:</b></span><br/><span>2023-09-13 03:04:37 UTC<br/>2023-09-13 03:04:40 UTC</span></div>
</div>]]></description>
		<Style>
			<LineStyle>
				<color>ff00ff36</color>
				<width>2</width>
			</LineStyle>
		</Style>
		<MultiGeometry>
			<LineString>
				<tessellate>1</tessellate>
				<altitudeMode>absolute</altitudeMode>
				<coordinates>
					126.56665,37.594986,1325.88 126.564766,37.597637,1303.02 
				</coordinates>
			</LineString>
		</MultiGeometry>
	</Placemark>
	<Placemark>
		<name>P-245</name>
		<visibility>0</visibility>
		<description><![CDATA[<div><div><span><b>Altitude:</b></span> <span>4,275 ft - 4,200 ft</span></div>
<div><span><b>Speed:</b></span> <span>196 kt - 193 kt</span></div>
<div><span><b>Timestamp:</b></span><br/><span>2023-09-13 03:04:40 UTC<br/>2023-09-13 03:04:43 UTC</span></div>
</div>]]></description>
		<Style>
			<LineStyle>
				<color>ff00ff36</color>
				<width>2</width>
			</LineStyle>
		</Style>
		<MultiGeometry>
			<LineString>
				<tessellate>1</tessellate>
				<altitudeMode>absolute</altitudeMode>
				<coordinates>
					126.564766,37.597637,1303.02 126.563438,37.600433,1280.16 
				</coordinates>
			</LineString>
		</MultiGeometry>
	</Placemark>
	<Placemark>
		<name>P-246</name>
		<visibility>0</visibility>
		<description><![CDATA[<div><div><span><b>Altitude:</b></span> <span>4,200 ft - 4,150 ft</span></div>
<div><span><b>Speed:</b></span> <span>193 kt - 192 kt</span></div>
<div><span><b>Timestamp:</b></span><br/><span>2023-09-13 03:04:43 UTC<br/>2023-09-13 03:04:46 UTC</span></div>
</div>]]></description>
		<Style>
			<LineStyle>
				<color>ff00ff36</color>
				<width>2</width>
			</LineStyle>
		</Style>
		<MultiGeometry>
			<LineString>
				<tessellate>1</tessellate>
				<altitudeMode>absolute</altitudeMode>
				<coordinates>
					126.563438,37.600433,1280.16 126.56279,37.603134,1264.92 
				</coordinates>
			</LineString>
		</MultiGeometry>
	</Placemark>
	<Placemark>
		<name>P-247</name>
		<visibility>0</visibility>
		<description><![CDATA[<div><div><span><b>Altitude:</b></span> <span>4,150 ft - 4,100 ft</span></div>
<div><span><b>Speed:</b></span> <span>192 kt - 193 kt</span></div>
<div><span><b>Timestamp:</b></span><br/><span>2023-09-13 03:04:46 UTC<br/>2023-09-13 03:04:49 UTC</span></div>
</div>]]></description>
		<Style>
			<LineStyle>
				<color>ff00ff36</color>
				<width>2</width>
			</LineStyle>
		</Style>
		<MultiGeometry>
			<LineString>
				<tessellate>1</tessellate>
				<altitudeMode>absolute</altitudeMode>
				<coordinates>
					126.56279,37.603134,1264.92 126.562622,37.605549,1249.68 
				</coordinates>
			</LineString>
		</MultiGeometry>
	</Placemark>
	<Placemark>
		<name>P-248</name>
		<visibility>0</visibility>
		<description><![CDATA[<div><div><span><b>Altitude:</b></span> <span>4,100 ft - 4,025 ft</span></div>
<div><span><b>Speed:</b></span> <span>193 kt - 198 kt</span></div>
<div><span><b>Timestamp:</b></span><br/><span>2023-09-13 03:04:49 UTC<br/>2023-09-13 03:04:52 UTC</span></div>
</div>]]></description>
		<Style>
			<LineStyle>
				<color>ff00ff36</color>
				<width>2</width>
			</LineStyle>
		</Style>
		<MultiGeometry>
			<LineString>
				<tessellate>1</tessellate>
				<altitudeMode>absolute</altitudeMode>
				<coordinates>
					126.562622,37.605549,1249.68 126.562912,37.608627,1226.82 
				</coordinates>
			</LineString>
		</MultiGeometry>
	</Placemark>
	<Placemark>
		<name>P-249</name>
		<visibility>0</visibility>
		<description><![CDATA[<div><div><span><b>Altitude:</b></span> <span>4,025 ft - 3,950 ft</span></div>
<div><span><b>Speed:</b></span> <span>198 kt</span></div>
<div><span><b>Timestamp:</b></span><br/><span>2023-09-13 03:04:52 UTC<br/>2023-09-13 03:04:56 UTC</span></div>
</div>]]></description>
		<Style>
			<LineStyle>
				<color>ff00ff36</color>
				<width>2</width>
			</LineStyle>
		</Style>
		<MultiGeometry>
			<LineString>
				<tessellate>1</tessellate>
				<altitudeMode>absolute</altitudeMode>
				<coordinates>
					126.562912,37.608627,1226.82 126.563698,37.611229,1203.96 
				</coordinates>
			</LineString>
		</MultiGeometry>
	</Placemark>
	<Placemark>
		<name>P-250</name>
		<visibility>0</visibility>
		<description><![CDATA[<div><div><span><b>Altitude:</b></span> <span>3,950 ft - 3,875 ft</span></div>
<div><span><b>Speed:</b></span> <span>198 kt</span></div>
<div><span><b>Timestamp:</b></span><br/><span>2023-09-13 03:04:56 UTC<br/>2023-09-13 03:04:58 UTC</span></div>
</div>]]></description>
		<Style>
			<LineStyle>
				<color>ff00ff36</color>
				<width>2</width>
			</LineStyle>
		</Style>
		<MultiGeometry>
			<LineString>
				<tessellate>1</tessellate>
				<altitudeMode>absolute</altitudeMode>
				<coordinates>
					126.563698,37.611229,1203.96 126.564957,37.613846,1181.1 
				</coordinates>
			</LineString>
		</MultiGeometry>
	</Placemark>
	<Placemark>
		<name>P-251</name>
		<visibility>0</visibility>
		<description><![CDATA[<div><div><span><b>Altitude:</b></span> <span>3,875 ft - 3,775 ft</span></div>
<div><span><b>Speed:</b></span> <span>198 kt - 200 kt</span></div>
<div><span><b>Timestamp:</b></span><br/><span>2023-09-13 03:04:58 UTC<br/>2023-09-13 03:05:02 UTC</span></div>
</div>]]></description>
		<Style>
			<LineStyle>
				<color>ff00ff0c</color>
				<width>2</width>
			</LineStyle>
		</Style>
		<MultiGeometry>
			<LineString>
				<tessellate>1</tessellate>
				<altitudeMode>absolute</altitudeMode>
				<coordinates>
					126.564957,37.613846,1181.1 126.56662,37.616302,1150.62 
				</coordinates>
			</LineString>
		</MultiGeometry>
	</Placemark>
	<Placemark>
		<name>P-252</name>
		<visibility>0</visibility>
		<description><![CDATA[<div><div><span><b>Altitude:</b></span> <span>3,775 ft - 3,675 ft</span></div>
<div><span><b>Speed:</b></span> <span>200 kt - 202 kt</span></div>
<div><span><b>Timestamp:</b></span><br/><span>2023-09-13 03:05:02 UTC<br/>2023-09-13 03:05:04 UTC</span></div>
</div>]]></description>
		<Style>
			<LineStyle>
				<color>ff00ff0c</color>
				<width>2</width>
			</LineStyle>
		</Style>
		<MultiGeometry>
			<LineString>
				<tessellate>1</tessellate>
				<altitudeMode>absolute</altitudeMode>
				<coordinates>
					126.56662,37.616302,1150.62 126.568771,37.618629,1120.14 
				</coordinates>
			</LineString>
		</MultiGeometry>
	</Placemark>
	<Placemark>
		<name>P-253</name>
		<visibility>0</visibility>
		<description><![CDATA[<div><div><span><b>Altitude:</b></span> <span>3,675 ft - 3,600 ft</span></div>
<div><span><b>Speed:</b></span> <span>202 kt - 205 kt</span></div>
<div><span><b>Timestamp:</b></span><br/><span>2023-09-13 03:05:04 UTC<br/>2023-09-13 03:05:07 UTC</span></div>
</div>]]></description>
		<Style>
			<LineStyle>
				<color>ff00ff0c</color>
				<width>2</width>
			</LineStyle>
		</Style>
		<MultiGeometry>
			<LineString>
				<tessellate>1</tessellate>
				<altitudeMode>absolute</altitudeMode>
				<coordinates>
					126.568771,37.618629,1120.14 126.571152,37.620667,1097.28 
				</coordinates>
			</LineString>
		</MultiGeometry>
	</Placemark>
	<Placemark>
		<name>P-254</name>
		<visibility>0</visibility>
		<description><![CDATA[<div><div><span><b>Altitude:</b></span> <span>3,600 ft - 3,550 ft</span></div>
<div><span><b>Speed:</b></span> <span>205 kt</span></div>
<div><span><b>Timestamp:</b></span><br/><span>2023-09-13 03:05:07 UTC<br/>2023-09-13 03:05:11 UTC</span></div>
</div>]]></description>
		<Style>
			<LineStyle>
				<color>ff00ff0c</color>
				<width>2</width>
			</LineStyle>
		</Style>
		<MultiGeometry>
			<LineString>
				<tessellate>1</tessellate>
				<altitudeMode>absolute</altitudeMode>
				<coordinates>
					126.571152,37.620667,1097.28 126.573662,37.622635,1082.04 
				</coordinates>
			</LineString>
		</MultiGeometry>
	</Placemark>
	<Placemark>
		<name>P-255</name>
		<visibility>0</visibility>
		<description><![CDATA[<div><div><span><b>Altitude:</b></span> <span>3,550 ft - 3,500 ft</span></div>
<div><span><b>Speed:</b></span> <span>205 kt</span></div>
<div><span><b>Timestamp:</b></span><br/><span>2023-09-13 03:05:11 UTC<br/>2023-09-13 03:05:14 UTC</span></div>
</div>]]></description>
		<Style>
			<LineStyle>
				<color>ff00ff0c</color>
				<width>2</width>
			</LineStyle>
		</Style>
		<MultiGeometry>
			<LineString>
				<tessellate>1</tessellate>
				<altitudeMode>absolute</altitudeMode>
				<coordinates>
					126.573662,37.622635,1082.04 126.576355,37.624588,1066.8 
				</coordinates>
			</LineString>
		</MultiGeometry>
	</Placemark>
	<Placemark>
		<name>P-256</name>
		<visibility>0</visibility>
		<description><![CDATA[<div><div><span><b>Altitude:</b></span> <span>3,500 ft - 3,475 ft</span></div>
<div><span><b>Speed:</b></span> <span>205 kt - 204 kt</span></div>
<div><span><b>Timestamp:</b></span><br/><span>2023-09-13 03:05:14 UTC<br/>2023-09-13 03:05:17 UTC</span></div>
</div>]]></description>
		<Style>
			<LineStyle>
				<color>ff00ff0c</color>
				<width>2</width>
			</LineStyle>
		</Style>
		<MultiGeometry>
			<LineString>
				<tessellate>1</tessellate>
				<altitudeMode>absolute</altitudeMode>
				<coordinates>
					126.576355,37.624588,1066.8 126.579155,37.626572,1059.18 
				</coordinates>
			</LineString>
		</MultiGeometry>
	</Placemark>
	<Placemark>
		<name>P-257</name>
		<visibility>0</visibility>
		<description><![CDATA[<div><div><span><b>Altitude:</b></span> <span>3,475 ft</span></div>
<div><span><b>Speed:</b></span> <span>204 kt - 201 kt</span></div>
<div><span><b>Timestamp:</b></span><br/><span>2023-09-13 03:05:17 UTC<br/>2023-09-13 03:05:20 UTC</span></div>
</div>]]></description>
		<Style>
			<LineStyle>
				<color>ff00ff0c</color>
				<width>2</width>
			</LineStyle>
		</Style>
		<MultiGeometry>
			<LineString>
				<tessellate>1</tessellate>
				<altitudeMode>absolute</altitudeMode>
				<coordinates>
					126.579155,37.626572,1059.18 126.581848,37.628593,1059.18 
				</coordinates>
			</LineString>
		</MultiGeometry>
	</Placemark>
	<Placemark>
		<name>P-258</name>
		<visibility>0</visibility>
		<description><![CDATA[<div><div><span><b>Altitude:</b></span> <span>3,475 ft - 3,450 ft</span></div>
<div><span><b>Speed:</b></span> <span>201 kt - 198 kt</span></div>
<div><span><b>Timestamp:</b></span><br/><span>2023-09-13 03:05:20 UTC<br/>2023-09-13 03:05:22 UTC</span></div>
</div>]]></description>
		<Style>
			<LineStyle>
				<color>ff00ff0c</color>
				<width>2</width>
			</LineStyle>
		</Style>
		<MultiGeometry>
			<LineString>
				<tessellate>1</tessellate>
				<altitudeMode>absolute</altitudeMode>
				<coordinates>
					126.581848,37.628593,1059.18 126.584297,37.630417,1051.56 
				</coordinates>
			</LineString>
		</MultiGeometry>
	</Placemark>
	<Placemark>
		<name>P-259</name>
		<visibility>0</visibility>
		<description><![CDATA[<div><div><span><b>Altitude:</b></span> <span>3,450 ft - 3,425 ft</span></div>
<div><span><b>Speed:</b></span> <span>198 kt - 196 kt</span></div>
<div><span><b>Timestamp:</b></span><br/><span>2023-09-13 03:05:22 UTC<br/>2023-09-13 03:05:26 UTC</span></div>
</div>]]></description>
		<Style>
			<LineStyle>
				<color>ff00ff0c</color>
				<width>2</width>
			</LineStyle>
		</Style>
		<MultiGeometry>
			<LineString>
				<tessellate>1</tessellate>
				<altitudeMode>absolute</altitudeMode>
				<coordinates>
					126.584297,37.630417,1051.56 126.586052,37.63179,1043.94 
				</coordinates>
			</LineString>
		</MultiGeometry>
	</Placemark>
	<Placemark>
		<name>P-260</name>
		<visibility>0</visibility>
		<description><![CDATA[<div><div><span><b>Altitude:</b></span> <span>3,425 ft - 3,400 ft</span></div>
<div><span><b>Speed:</b></span> <span>196 kt - 193 kt</span></div>
<div><span><b>Timestamp:</b></span><br/><span>2023-09-13 03:05:26 UTC<br/>2023-09-13 03:05:28 UTC</span></div>
</div>]]></description>
		<Style>
			<LineStyle>
				<color>ff00ff0c</color>
				<width>2</width>
			</LineStyle>
		</Style>
		<MultiGeometry>
			<LineString>
				<tessellate>1</tessellate>
				<altitudeMode>absolute</altitudeMode>
				<coordinates>
					126.586052,37.63179,1043.94 126.588951,37.634041,1036.32 
				</coordinates>
			</LineString>
		</MultiGeometry>
	</Placemark>
	<Placemark>
		<name>P-261</name>
		<visibility>0</visibility>
		<description><![CDATA[<div><div><span><b>Altitude:</b></span> <span>3,400 ft - 3,350 ft</span></div>
<div><span><b>Speed:</b></span> <span>193 kt - 192 kt</span></div>
<div><span><b>Timestamp:</b></span><br/><span>2023-09-13 03:05:28 UTC<br/>2023-09-13 03:05:31 UTC</span></div>
</div>]]></description>
		<Style>
			<LineStyle>
				<color>ff00ff0c</color>
				<width>2</width>
			</LineStyle>
		</Style>
		<MultiGeometry>
			<LineString>
				<tessellate>1</tessellate>
				<altitudeMode>absolute</altitudeMode>
				<coordinates>
					126.588951,37.634041,1036.32 126.59137,37.636002,1021.08 
				</coordinates>
			</LineString>
		</MultiGeometry>
	</Placemark>
	<Placemark>
		<name>P-262</name>
		<visibility>0</visibility>
		<description><![CDATA[<div><div><span><b>Altitude:</b></span> <span>3,350 ft - 3,300 ft</span></div>
<div><span><b>Speed:</b></span> <span>192 kt - 193 kt</span></div>
<div><span><b>Timestamp:</b></span><br/><span>2023-09-13 03:05:31 UTC<br/>2023-09-13 03:05:35 UTC</span></div>
</div>]]></description>
		<Style>
			<LineStyle>
				<color>ff00ff0c</color>
				<width>2</width>
			</LineStyle>
		</Style>
		<MultiGeometry>
			<LineString>
				<tessellate>1</tessellate>
				<altitudeMode>absolute</altitudeMode>
				<coordinates>
					126.59137,37.636002,1021.08 126.593651,37.637878,1005.84 
				</coordinates>
			</LineString>
		</MultiGeometry>
	</Placemark>
	<Placemark>
		<name>P-263</name>
		<visibility>0</visibility>
		<description><![CDATA[<div><div><span><b>Altitude:</b></span> <span>3,300 ft - 3,100 ft</span></div>
<div><span><b>Speed:</b></span> <span>193 kt - 189 kt</span></div>
<div><span><b>Timestamp:</b></span><br/><span>2023-09-13 03:05:35 UTC<br/>2023-09-13 03:05:44 UTC</span></div>
</div>]]></description>
		<Style>
			<LineStyle>
				<color>ff00ff0c</color>
				<width>2</width>
			</LineStyle>
		</Style>
		<MultiGeometry>
			<LineString>
				<tessellate>1</tessellate>
				<altitudeMode>absolute</altitudeMode>
				<coordinates>
					126.593651,37.637878,1005.84 126.601013,37.643814,944.8799999999998 
				</coordinates>
			</LineString>
		</MultiGeometry>
	</Placemark>
	<Placemark>
		<name>P-264</name>
		<visibility>0</visibility>
		<description><![CDATA[<div><div><span><b>Altitude:</b></span> <span>3,100 ft - 2,950 ft</span></div>
<div><span><b>Speed:</b></span> <span>189 kt - 188 kt</span></div>
<div><span><b>Timestamp:</b></span><br/><span>2023-09-13 03:05:44 UTC<br/>2023-09-13 03:05:53 UTC</span></div>
</div>]]></description>
		<Style>
			<LineStyle>
				<color>ff1eff00</color>
				<width>2</width>
			</LineStyle>
		</Style>
		<MultiGeometry>
			<LineString>
				<tessellate>1</tessellate>
				<altitudeMode>absolute</altitudeMode>
				<coordinates>
					126.601013,37.643814,944.8799999999998 126.607903,37.649414,899.16 
				</coordinates>
			</LineString>
		</MultiGeometry>
	</Placemark>
	<Placemark>
		<name>P-265</name>
		<visibility>0</visibility>
		<description><![CDATA[<div><div><span><b>Altitude:</b></span> <span>2,950 ft - 2,875 ft</span></div>
<div><span><b>Speed:</b></span> <span>188 kt - 183 kt</span></div>
<div><span><b>Timestamp:</b></span><br/><span>2023-09-13 03:05:53 UTC<br/>2023-09-13 03:06:00 UTC</span></div>
</div>]]></description>
		<Style>
			<LineStyle>
				<color>ff1eff00</color>
				<width>2</width>
			</LineStyle>
		</Style>
		<MultiGeometry>
			<LineString>
				<tessellate>1</tessellate>
				<altitudeMode>absolute</altitudeMode>
				<coordinates>
					126.607903,37.649414,899.16 126.61367,37.654057,876.3 
				</coordinates>
			</LineString>
		</MultiGeometry>
	</Placemark>
	<Placemark>
		<name>P-266</name>
		<visibility>0</visibility>
		<description><![CDATA[<div><div><span><b>Altitude:</b></span> <span>2,875 ft - 2,800 ft</span></div>
<div><span><b>Speed:</b></span> <span>183 kt - 181 kt</span></div>
<div><span><b>Timestamp:</b></span><br/><span>2023-09-13 03:06:00 UTC<br/>2023-09-13 03:06:08 UTC</span></div>
</div>]]></description>
		<Style>
			<LineStyle>
				<color>ff1eff00</color>
				<width>2</width>
			</LineStyle>
		</Style>
		<MultiGeometry>
			<LineString>
				<tessellate>1</tessellate>
				<altitudeMode>absolute</altitudeMode>
				<coordinates>
					126.61367,37.654057,876.3 126.619164,37.658573,853.4399999999999 
				</coordinates>
			</LineString>
		</MultiGeometry>
	</Placemark>
	<Placemark>
		<name>P-267</name>
		<visibility>0</visibility>
		<description><![CDATA[<div><div><span><b>Altitude:</b></span> <span>2,800 ft</span></div>
<div><span><b>Speed:</b></span> <span>181 kt - 178 kt</span></div>
<div><span><b>Timestamp:</b></span><br/><span>2023-09-13 03:06:08 UTC<br/>2023-09-13 03:06:17 UTC</span></div>
</div>]]></description>
		<Style>
			<LineStyle>
				<color>ff1eff00</color>
				<width>2</width>
			</LineStyle>
		</Style>
		<MultiGeometry>
			<LineString>
				<tessellate>1</tessellate>
				<altitudeMode>absolute</altitudeMode>
				<coordinates>
					126.619164,37.658573,853.4399999999999 126.625908,37.664017,853.4399999999999 
				</coordinates>
			</LineString>
		</MultiGeometry>
	</Placemark>
	<Placemark>
		<name>P-268</name>
		<visibility>0</visibility>
		<description><![CDATA[<div><div><span><b>Altitude:</b></span> <span>2,800 ft - 2,775 ft</span></div>
<div><span><b>Speed:</b></span> <span>178 kt</span></div>
<div><span><b>Timestamp:</b></span><br/><span>2023-09-13 03:06:17 UTC<br/>2023-09-13 03:06:20 UTC</span></div>
</div>]]></description>
		<Style>
			<LineStyle>
				<color>ff1eff00</color>
				<width>2</width>
			</LineStyle>
		</Style>
		<MultiGeometry>
			<LineString>
				<tessellate>1</tessellate>
				<altitudeMode>absolute</altitudeMode>
				<coordinates>
					126.625908,37.664017,853.4399999999999 126.628242,37.665604,845.8199999999999 
				</coordinates>
			</LineString>
		</MultiGeometry>
	</Placemark>
	<Placemark>
		<name>P-269</name>
		<visibility>0</visibility>
		<description><![CDATA[<div><div><span><b>Altitude:</b></span> <span>2,775 ft</span></div>
<div><span><b>Speed:</b></span> <span>178 kt</span></div>
<div><span><b>Timestamp:</b></span><br/><span>2023-09-13 03:06:20 UTC<br/>2023-09-13 03:06:23 UTC</span></div>
</div>]]></description>
		<Style>
			<LineStyle>
				<color>ff1eff00</color>
				<width>2</width>
			</LineStyle>
		</Style>
		<MultiGeometry>
			<LineString>
				<tessellate>1</tessellate>
				<altitudeMode>absolute</altitudeMode>
				<coordinates>
					126.628242,37.665604,845.8199999999999 126.63105,37.666992,845.8199999999999 
				</coordinates>
			</LineString>
		</MultiGeometry>
	</Placemark>
	<Placemark>
		<name>P-270</name>
		<visibility>0</visibility>
		<description><![CDATA[<div><div><span><b>Altitude:</b></span> <span>2,775 ft</span></div>
<div><span><b>Speed:</b></span> <span>178 kt</span></div>
<div><span><b>Timestamp:</b></span><br/><span>2023-09-13 03:06:23 UTC<br/>2023-09-13 03:06:26 UTC</span></div>
</div>]]></description>
		<Style>
			<LineStyle>
				<color>ff1eff00</color>
				<width>2</width>
			</LineStyle>
		</Style>
		<MultiGeometry>
			<LineString>
				<tessellate>1</tessellate>
				<altitudeMode>absolute</altitudeMode>
				<coordinates>
					126.63105,37.666992,845.8199999999999 126.633911,37.667789,845.8199999999999 
				</coordinates>
			</LineString>
		</MultiGeometry>
	</Placemark>
	<Placemark>
		<name>P-271</name>
		<visibility>0</visibility>
		<description><![CDATA[<div><div><span><b>Altitude:</b></span> <span>2,775 ft</span></div>
<div><span><b>Speed:</b></span> <span>178 kt - 176 kt</span></div>
<div><span><b>Timestamp:</b></span><br/><span>2023-09-13 03:06:26 UTC<br/>2023-09-13 03:06:32 UTC</span></div>
</div>]]></description>
		<Style>
			<LineStyle>
				<color>ff1eff00</color>
				<width>2</width>
			</LineStyle>
		</Style>
		<MultiGeometry>
			<LineString>
				<tessellate>1</tessellate>
				<altitudeMode>absolute</altitudeMode>
				<coordinates>
					126.633911,37.667789,845.8199999999999 126.639107,37.668209,845.8199999999999 
				</coordinates>
			</LineString>
		</MultiGeometry>
	</Placemark>
	<Placemark>
		<name>P-272</name>
		<visibility>0</visibility>
		<description><![CDATA[<div><div><span><b>Altitude:</b></span> <span>2,775 ft - 2,750 ft</span></div>
<div><span><b>Speed:</b></span> <span>176 kt - 174 kt</span></div>
<div><span><b>Timestamp:</b></span><br/><span>2023-09-13 03:06:32 UTC<br/>2023-09-13 03:06:35 UTC</span></div>
</div>]]></description>
		<Style>
			<LineStyle>
				<color>ff1eff00</color>
				<width>2</width>
			</LineStyle>
		</Style>
		<MultiGeometry>
			<LineString>
				<tessellate>1</tessellate>
				<altitudeMode>absolute</altitudeMode>
				<coordinates>
					126.639107,37.668209,845.8199999999999 126.642792,37.667725,838.2 
				</coordinates>
			</LineString>
		</MultiGeometry>
	</Placemark>
	<Placemark>
		<name>P-273</name>
		<visibility>0</visibility>
		<description><![CDATA[<div><div><span><b>Altitude:</b></span> <span>2,750 ft - 2,725 ft</span></div>
<div><span><b>Speed:</b></span> <span>174 kt</span></div>
<div><span><b>Timestamp:</b></span><br/><span>2023-09-13 03:06:35 UTC<br/>2023-09-13 03:06:38 UTC</span></div>
</div>]]></description>
		<Style>
			<LineStyle>
				<color>ff1eff00</color>
				<width>2</width>
			</LineStyle>
		</Style>
		<MultiGeometry>
			<LineString>
				<tessellate>1</tessellate>
				<altitudeMode>absolute</altitudeMode>
				<coordinates>
					126.642792,37.667725,838.2 126.64566,37.666992,830.5799999999998 
				</coordinates>
			</LineString>
		</MultiGeometry>
	</Placemark>
	<Placemark>
		<name>P-274</name>
		<visibility>0</visibility>
		<description><![CDATA[<div><div><span><b>Altitude:</b></span> <span>2,725 ft - 2,675 ft</span></div>
<div><span><b>Speed:</b></span> <span>174 kt - 173 kt</span></div>
<div><span><b>Timestamp:</b></span><br/><span>2023-09-13 03:06:38 UTC<br/>2023-09-13 03:06:41 UTC</span></div>
</div>]]></description>
		<Style>
			<LineStyle>
				<color>ff1eff00</color>
				<width>2</width>
			</LineStyle>
		</Style>
		<MultiGeometry>
			<LineString>
				<tessellate>1</tessellate>
				<altitudeMode>absolute</altitudeMode>
				<coordinates>
					126.64566,37.666992,830.5799999999998 126.64817,37.666077,815.3399999999998 
				</coordinates>
			</LineString>
		</MultiGeometry>
	</Placemark>
	<Placemark>
		<name>P-275</name>
		<visibility>0</visibility>
		<description><![CDATA[<div><div><span><b>Altitude:</b></span> <span>2,675 ft - 2,650 ft</span></div>
<div><span><b>Speed:</b></span> <span>173 kt - 172 kt</span></div>
<div><span><b>Timestamp:</b></span><br/><span>2023-09-13 03:06:41 UTC<br/>2023-09-13 03:06:44 UTC</span></div>
</div>]]></description>
		<Style>
			<LineStyle>
				<color>ff1eff00</color>
				<width>2</width>
			</LineStyle>
		</Style>
		<MultiGeometry>
			<LineString>
				<tessellate>1</tessellate>
				<altitudeMode>absolute</altitudeMode>
				<coordinates>
					126.64817,37.666077,815.3399999999998 126.65081,37.66481,807.7199999999999 
				</coordinates>
			</LineString>
		</MultiGeometry>
	</Placemark>
	<Placemark>
		<name>P-276</name>
		<visibility>0</visibility>
		<description><![CDATA[<div><div><span><b>Altitude:</b></span> <span>2,650 ft - 2,600 ft</span></div>
<div><span><b>Speed:</b></span> <span>172 kt - 171 kt</span></div>
<div><span><b>Timestamp:</b></span><br/><span>2023-09-13 03:06:44 UTC<br/>2023-09-13 03:06:47 UTC</span></div>
</div>]]></description>
		<Style>
			<LineStyle>
				<color>ff1eff00</color>
				<width>2</width>
			</LineStyle>
		</Style>
		<MultiGeometry>
			<LineString>
				<tessellate>1</tessellate>
				<altitudeMode>absolute</altitudeMode>
				<coordinates>
					126.65081,37.66481,807.7199999999999 126.653374,37.663376,792.48 
				</coordinates>
			</LineString>
		</MultiGeometry>
	</Placemark>
	<Placemark>
		<name>P-277</name>
		<visibility>0</visibility>
		<description><![CDATA[<div><div><span><b>Altitude:</b></span> <span>2,600 ft - 2,550 ft</span></div>
<div><span><b>Speed:</b></span> <span>171 kt - 172 kt</span></div>
<div><span><b>Timestamp:</b></span><br/><span>2023-09-13 03:06:47 UTC<br/>2023-09-13 03:06:50 UTC</span></div>
</div>]]></description>
		<Style>
			<LineStyle>
				<color>ff42ff00</color>
				<width>2</width>
			</LineStyle>
		</Style>
		<MultiGeometry>
			<LineString>
				<tessellate>1</tessellate>
				<altitudeMode>absolute</altitudeMode>
				<coordinates>
					126.653374,37.663376,792.48 126.655823,37.661831,777.2399999999998 
				</coordinates>
			</LineString>
		</MultiGeometry>
	</Placemark>
	<Placemark>
		<name>P-278</name>
		<visibility>0</visibility>
		<description><![CDATA[<div><div><span><b>Altitude:</b></span> <span>2,550 ft - 2,500 ft</span></div>
<div><span><b>Speed:</b></span> <span>172 kt - 171 kt</span></div>
<div><span><b>Timestamp:</b></span><br/><span>2023-09-13 03:06:50 UTC<br/>2023-09-13 03:06:53 UTC</span></div>
</div>]]></description>
		<Style>
			<LineStyle>
				<color>ff42ff00</color>
				<width>2</width>
			</LineStyle>
		</Style>
		<MultiGeometry>
			<LineString>
				<tessellate>1</tessellate>
				<altitudeMode>absolute</altitudeMode>
				<coordinates>
					126.655823,37.661831,777.2399999999998 126.657974,37.660435,761.9999999999999 
				</coordinates>
			</LineString>
		</MultiGeometry>
	</Placemark>
	<Placemark>
		<name>P-279</name>
		<visibility>0</visibility>
		<description><![CDATA[<div><div><span><b>Altitude:</b></span> <span>2,500 ft - 2,450 ft</span></div>
<div><span><b>Speed:</b></span> <span>171 kt - 172 kt</span></div>
<div><span><b>Timestamp:</b></span><br/><span>2023-09-13 03:06:53 UTC<br/>2023-09-13 03:06:56 UTC</span></div>
</div>]]></description>
		<Style>
			<LineStyle>
				<color>ff42ff00</color>
				<width>2</width>
			</LineStyle>
		</Style>
		<MultiGeometry>
			<LineString>
				<tessellate>1</tessellate>
				<altitudeMode>absolute</altitudeMode>
				<coordinates>
					126.657974,37.660435,761.9999999999999 126.660324,37.658844,746.7599999999999 
				</coordinates>
			</LineString>
		</MultiGeometry>
	</Placemark>
	<Placemark>
		<name>P-280</name>
		<visibility>0</visibility>
		<description><![CDATA[<div><div><span><b>Altitude:</b></span> <span>2,450 ft - 2,400 ft</span></div>
<div><span><b>Speed:</b></span> <span>172 kt - 171 kt</span></div>
<div><span><b>Timestamp:</b></span><br/><span>2023-09-13 03:06:56 UTC<br/>2023-09-13 03:06:59 UTC</span></div>
</div>]]></description>
		<Style>
			<LineStyle>
				<color>ff42ff00</color>
				<width>2</width>
			</LineStyle>
		</Style>
		<MultiGeometry>
			<LineString>
				<tessellate>1</tessellate>
				<altitudeMode>absolute</altitudeMode>
				<coordinates>
					126.660324,37.658844,746.7599999999999 126.662689,37.657131,731.52 
				</coordinates>
			</LineString>
		</MultiGeometry>
	</Placemark>
	<Placemark>
		<name>P-281</name>
		<visibility>0</visibility>
		<description><![CDATA[<div><div><span><b>Altitude:</b></span> <span>2,400 ft - 2,325 ft</span></div>
<div><span><b>Speed:</b></span> <span>171 kt - 172 kt</span></div>
<div><span><b>Timestamp:</b></span><br/><span>2023-09-13 03:06:59 UTC<br/>2023-09-13 03:07:02 UTC</span></div>
</div>]]></description>
		<Style>
			<LineStyle>
				<color>ff42ff00</color>
				<width>2</width>
			</LineStyle>
		</Style>
		<MultiGeometry>
			<LineString>
				<tessellate>1</tessellate>
				<altitudeMode>absolute</altitudeMode>
				<coordinates>
					126.662689,37.657131,731.52 126.664764,37.65564,708.6599999999999 
				</coordinates>
			</LineString>
		</MultiGeometry>
	</Placemark>
	<Placemark>
		<name>P-282</name>
		<visibility>0</visibility>
		<description><![CDATA[<div><div><span><b>Altitude:</b></span> <span>2,325 ft - 2,275 ft</span></div>
<div><span><b>Speed:</b></span> <span>172 kt</span></div>
<div><span><b>Timestamp:</b></span><br/><span>2023-09-13 03:07:02 UTC<br/>2023-09-13 03:07:05 UTC</span></div>
</div>]]></description>
		<Style>
			<LineStyle>
				<color>ff42ff00</color>
				<width>2</width>
			</LineStyle>
		</Style>
		<MultiGeometry>
			<LineString>
				<tessellate>1</tessellate>
				<altitudeMode>absolute</altitudeMode>
				<coordinates>
					126.664764,37.65564,708.6599999999999 126.667221,37.653809,693.4199999999998 
				</coordinates>
			</LineString>
		</MultiGeometry>
	</Placemark>
	<Placemark>
		<name>P-283</name>
		<visibility>0</visibility>
		<description><![CDATA[<div><div><span><b>Altitude:</b></span> <span>2,275 ft - 2,250 ft</span></div>
<div><span><b>Speed:</b></span> <span>172 kt</span></div>
<div><span><b>Timestamp:</b></span><br/><span>2023-09-13 03:07:05 UTC<br/>2023-09-13 03:07:08 UTC</span></div>
</div>]]></description>
		<Style>
			<LineStyle>
				<color>ff42ff00</color>
				<width>2</width>
			</LineStyle>
		</Style>
		<MultiGeometry>
			<LineString>
				<tessellate>1</tessellate>
				<altitudeMode>absolute</altitudeMode>
				<coordinates>
					126.667221,37.653809,693.4199999999998 126.668961,37.652473,685.8 
				</coordinates>
			</LineString>
		</MultiGeometry>
	</Placemark>
	<Placemark>
		<name>P-284</name>
		<visibility>0</visibility>
		<description><![CDATA[<div><div><span><b>Altitude:</b></span> <span>2,250 ft - 2,200 ft</span></div>
<div><span><b>Speed:</b></span> <span>172 kt</span></div>
<div><span><b>Timestamp:</b></span><br/><span>2023-09-13 03:07:08 UTC<br/>2023-09-13 03:07:11 UTC</span></div>
</div>]]></description>
		<Style>
			<LineStyle>
				<color>ff42ff00</color>
				<width>2</width>
			</LineStyle>
		</Style>
		<MultiGeometry>
			<LineString>
				<tessellate>1</tessellate>
				<altitudeMode>absolute</altitudeMode>
				<coordinates>
					126.668961,37.652473,685.8 126.671288,37.650753,670.5599999999998 
				</coordinates>
			</LineString>
		</MultiGeometry>
	</Placemark>
	<Placemark>
		<name>P-285</name>
		<visibility>0</visibility>
		<description><![CDATA[<div><div><span><b>Altitude:</b></span> <span>2,200 ft - 2,150 ft</span></div>
<div><span><b>Speed:</b></span> <span>172 kt - 171 kt</span></div>
<div><span><b>Timestamp:</b></span><br/><span>2023-09-13 03:07:11 UTC<br/>2023-09-13 03:07:14 UTC</span></div>
</div>]]></description>
		<Style>
			<LineStyle>
				<color>ff42ff00</color>
				<width>2</width>
			</LineStyle>
		</Style>
		<MultiGeometry>
			<LineString>
				<tessellate>1</tessellate>
				<altitudeMode>absolute</altitudeMode>
				<coordinates>
					126.671288,37.650753,670.5599999999998 126.673653,37.648956,655.3200000000001 
				</coordinates>
			</LineString>
		</MultiGeometry>
	</Placemark>
	<Placemark>
		<name>P-286</name>
		<visibility>0</visibility>
		<description><![CDATA[<div><div><span><b>Altitude:</b></span> <span>2,150 ft - 2,100 ft</span></div>
<div><span><b>Speed:</b></span> <span>171 kt - 170 kt</span></div>
<div><span><b>Timestamp:</b></span><br/><span>2023-09-13 03:07:14 UTC<br/>2023-09-13 03:07:17 UTC</span></div>
</div>]]></description>
		<Style>
			<LineStyle>
				<color>ff42ff00</color>
				<width>2</width>
			</LineStyle>
		</Style>
		<MultiGeometry>
			<LineString>
				<tessellate>1</tessellate>
				<altitudeMode>absolute</altitudeMode>
				<coordinates>
					126.673653,37.648956,655.3200000000001 126.675926,37.647217,640.08 
				</coordinates>
			</LineString>
		</MultiGeometry>
	</Placemark>
	<Placemark>
		<name>P-287</name>
		<visibility>0</visibility>
		<description><![CDATA[<div><div><span><b>Altitude:</b></span> <span>2,100 ft - 2,050 ft</span></div>
<div><span><b>Speed:</b></span> <span>170 kt - 169 kt</span></div>
<div><span><b>Timestamp:</b></span><br/><span>2023-09-13 03:07:17 UTC<br/>2023-09-13 03:07:20 UTC</span></div>
</div>]]></description>
		<Style>
			<LineStyle>
				<color>ff42ff00</color>
				<width>2</width>
			</LineStyle>
		</Style>
		<MultiGeometry>
			<LineString>
				<tessellate>1</tessellate>
				<altitudeMode>absolute</altitudeMode>
				<coordinates>
					126.675926,37.647217,640.08 126.678146,37.645523,624.84 
				</coordinates>
			</LineString>
		</MultiGeometry>
	</Placemark>
	<Placemark>
		<name>P-288</name>
		<visibility>0</visibility>
		<description><![CDATA[<div><div><span><b>Altitude:</b></span> <span>2,050 ft - 1,950 ft</span></div>
<div><span><b>Speed:</b></span> <span>169 kt - 160 kt</span></div>
<div><span><b>Timestamp:</b></span><br/><span>2023-09-13 03:07:20 UTC<br/>2023-09-13 03:07:29 UTC</span></div>
</div>]]></description>
		<Style>
			<LineStyle>
				<color>ff42ff00</color>
				<width>2</width>
			</LineStyle>
		</Style>
		<MultiGeometry>
			<LineString>
				<tessellate>1</tessellate>
				<altitudeMode>absolute</altitudeMode>
				<coordinates>
					126.678146,37.645523,624.84 126.684402,37.640717,594.3599999999999 
				</coordinates>
			</LineString>
		</MultiGeometry>
	</Placemark>
	<Placemark>
		<name>P-289</name>
		<visibility>0</visibility>
		<description><![CDATA[<div><div><span><b>Altitude:</b></span> <span>1,950 ft - 1,825 ft</span></div>
<div><span><b>Speed:</b></span> <span>160 kt - 152 kt</span></div>
<div><span><b>Timestamp:</b></span><br/><span>2023-09-13 03:07:29 UTC<br/>2023-09-13 03:07:38 UTC</span></div>
</div>]]></description>
		<Style>
			<LineStyle>
				<color>ffccff00</color>
				<width>2</width>
			</LineStyle>
		</Style>
		<MultiGeometry>
			<LineString>
				<tessellate>1</tessellate>
				<altitudeMode>absolute</altitudeMode>
				<coordinates>
					126.684402,37.640717,594.3599999999999 126.690247,37.636185,556.26 
				</coordinates>
			</LineString>
		</MultiGeometry>
	</Placemark>
	<Placemark>
		<name>P-290</name>
		<visibility>0</visibility>
		<description><![CDATA[<div><div><span><b>Altitude:</b></span> <span>1,825 ft - 1,725 ft</span></div>
<div><span><b>Speed:</b></span> <span>152 kt - 142 kt</span></div>
<div><span><b>Timestamp:</b></span><br/><span>2023-09-13 03:07:38 UTC<br/>2023-09-13 03:07:47 UTC</span></div>
</div>]]></description>
		<Style>
			<LineStyle>
				<color>ffccff00</color>
				<width>2</width>
			</LineStyle>
		</Style>
		<MultiGeometry>
			<LineString>
				<tessellate>1</tessellate>
				<altitudeMode>absolute</altitudeMode>
				<coordinates>
					126.690247,37.636185,556.26 126.695534,37.631943,525.7799999999999 
				</coordinates>
			</LineString>
		</MultiGeometry>
	</Placemark>
	<Placemark>
		<name>P-291</name>
		<visibility>0</visibility>
		<description><![CDATA[<div><div><span><b>Altitude:</b></span> <span>1,725 ft - 1,650 ft</span></div>
<div><span><b>Speed:</b></span> <span>142 kt - 128 kt</span></div>
<div><span><b>Timestamp:</b></span><br/><span>2023-09-13 03:07:47 UTC<br/>2023-09-13 03:07:56 UTC</span></div>
</div>]]></description>
		<Style>
			<LineStyle>
				<color>ffccff00</color>
				<width>2</width>
			</LineStyle>
		</Style>
		<MultiGeometry>
			<LineString>
				<tessellate>1</tessellate>
				<altitudeMode>absolute</altitudeMode>
				<coordinates>
					126.695534,37.631943,525.7799999999999 126.70047,37.628082,502.92 
				</coordinates>
			</LineString>
		</MultiGeometry>
	</Placemark>
	<Placemark>
		<name>P-292</name>
		<visibility>0</visibility>
		<description><![CDATA[<div><div><span><b>Altitude:</b></span> <span>1,650 ft - 1,550 ft</span></div>
<div><span><b>Speed:</b></span> <span>128 kt - 124 kt</span></div>
<div><span><b>Timestamp:</b></span><br/><span>2023-09-13 03:07:56 UTC<br/>2023-09-13 03:08:06 UTC</span></div>
</div>]]></description>
		<Style>
			<LineStyle>
				<color>ffccff00</color>
				<width>2</width>
			</LineStyle>
		</Style>
		<MultiGeometry>
			<LineString>
				<tessellate>1</tessellate>
				<altitudeMode>absolute</altitudeMode>
				<coordinates>
					126.70047,37.628082,502.92 126.705261,37.624218,472.4399999999999 
				</coordinates>
			</LineString>
		</MultiGeometry>
	</Placemark>
	<Placemark>
		<name>P-293</name>
		<visibility>0</visibility>
		<description><![CDATA[<div><div><span><b>Altitude:</b></span> <span>1,550 ft - 1,450 ft</span></div>
<div><span><b>Speed:</b></span> <span>124 kt</span></div>
<div><span><b>Timestamp:</b></span><br/><span>2023-09-13 03:08:06 UTC<br/>2023-09-13 03:08:15 UTC</span></div>
</div>]]></description>
		<Style>
			<LineStyle>
				<color>ffccff00</color>
				<width>2</width>
			</LineStyle>
		</Style>
		<MultiGeometry>
			<LineString>
				<tessellate>1</tessellate>
				<altitudeMode>absolute</altitudeMode>
				<coordinates>
					126.705261,37.624218,472.4399999999999 126.70974,37.620678,441.9599999999999 
				</coordinates>
			</LineString>
		</MultiGeometry>
	</Placemark>
	<Placemark>
		<name>P-294</name>
		<visibility>0</visibility>
		<description><![CDATA[<div><div><span><b>Altitude:</b></span> <span>1,450 ft - 1,350 ft</span></div>
<div><span><b>Speed:</b></span> <span>124 kt - 122 kt</span></div>
<div><span><b>Timestamp:</b></span><br/><span>2023-09-13 03:08:15 UTC<br/>2023-09-13 03:08:24 UTC</span></div>
</div>]]></description>
		<Style>
			<LineStyle>
				<color>ffccff00</color>
				<width>2</width>
			</LineStyle>
		</Style>
		<MultiGeometry>
			<LineString>
				<tessellate>1</tessellate>
				<altitudeMode>absolute</altitudeMode>
				<coordinates>
					126.70974,37.620678,441.9599999999999 126.714401,37.617046,411.48 
				</coordinates>
			</LineString>
		</MultiGeometry>
	</Placemark>
	<Placemark>
		<name>P-295</name>
		<visibility>0</visibility>
		<description><![CDATA[<div><div><span><b>Altitude:</b></span> <span>1,350 ft - 1,250 ft</span></div>
<div><span><b>Speed:</b></span> <span>122 kt - 120 kt</span></div>
<div><span><b>Timestamp:</b></span><br/><span>2023-09-13 03:08:24 UTC<br/>2023-09-13 03:08:33 UTC</span></div>
</div>]]></description>
		<Style>
			<LineStyle>
				<color>ffccff00</color>
				<width>2</width>
			</LineStyle>
		</Style>
		<MultiGeometry>
			<LineString>
				<tessellate>1</tessellate>
				<altitudeMode>absolute</altitudeMode>
				<coordinates>
					126.714401,37.617046,411.48 126.718941,37.613342,380.9999999999999 
				</coordinates>
			</LineString>
		</MultiGeometry>
	</Placemark>
	<Placemark>
		<name>P-296</name>
		<visibility>0</visibility>
		<description><![CDATA[<div><div><span><b>Altitude:</b></span> <span>1,250 ft - 1,175 ft</span></div>
<div><span><b>Speed:</b></span> <span>120 kt</span></div>
<div><span><b>Timestamp:</b></span><br/><span>2023-09-13 03:08:33 UTC<br/>2023-09-13 03:08:42 UTC</span></div>
</div>]]></description>
		<Style>
			<LineStyle>
				<color>fff0ff00</color>
				<width>2</width>
			</LineStyle>
		</Style>
		<MultiGeometry>
			<LineString>
				<tessellate>1</tessellate>
				<altitudeMode>absolute</altitudeMode>
				<coordinates>
					126.718941,37.613342,380.9999999999999 126.723381,37.609818,358.14 
				</coordinates>
			</LineString>
		</MultiGeometry>
	</Placemark>
	<Placemark>
		<name>P-297</name>
		<visibility>0</visibility>
		<description><![CDATA[<div><div><span><b>Altitude:</b></span> <span>1,175 ft - 1,050 ft</span></div>
<div><span><b>Speed:</b></span> <span>120 kt</span></div>
<div><span><b>Timestamp:</b></span><br/><span>2023-09-13 03:08:42 UTC<br/>2023-09-13 03:08:51 UTC</span></div>
</div>]]></description>
		<Style>
			<LineStyle>
				<color>fff0ff00</color>
				<width>2</width>
			</LineStyle>
		</Style>
		<MultiGeometry>
			<LineString>
				<tessellate>1</tessellate>
				<altitudeMode>absolute</altitudeMode>
				<coordinates>
					126.723381,37.609818,358.14 126.72789,37.606201,320.04 
				</coordinates>
			</LineString>
		</MultiGeometry>
	</Placemark>
	<Placemark>
		<name>P-298</name>
		<visibility>0</visibility>
		<description><![CDATA[<div><div><span><b>Altitude:</b></span> <span>1,050 ft - 975 ft</span></div>
<div><span><b>Speed:</b></span> <span>120 kt</span></div>
<div><span><b>Timestamp:</b></span><br/><span>2023-09-13 03:08:51 UTC<br/>2023-09-13 03:09:00 UTC</span></div>
</div>]]></description>
		<Style>
			<LineStyle>
				<color>fff0ff00</color>
				<width>2</width>
			</LineStyle>
		</Style>
		<MultiGeometry>
			<LineString>
				<tessellate>1</tessellate>
				<altitudeMode>absolute</altitudeMode>
				<coordinates>
					126.72789,37.606201,320.04 126.732552,37.602493,297.1799999999999 
				</coordinates>
			</LineString>
		</MultiGeometry>
	</Placemark>
	<Placemark>
		<name>P-299</name>
		<visibility>0</visibility>
		<description><![CDATA[<div><div><span><b>Altitude:</b></span> <span>975 ft - 875 ft</span></div>
<div><span><b>Speed:</b></span> <span>120 kt - 118 kt</span></div>
<div><span><b>Timestamp:</b></span><br/><span>2023-09-13 03:09:00 UTC<br/>2023-09-13 03:09:09 UTC</span></div>
</div>]]></description>
		<Style>
			<LineStyle>
				<color>ffffea00</color>
				<width>2</width>
			</LineStyle>
		</Style>
		<MultiGeometry>
			<LineString>
				<tessellate>1</tessellate>
				<altitudeMode>absolute</altitudeMode>
				<coordinates>
					126.732552,37.602493,297.1799999999999 126.736908,37.598984,266.7 
				</coordinates>
			</LineString>
		</MultiGeometry>
	</Placemark>
	<Placemark>
		<name>P-300</name>
		<visibility>0</visibility>
		<description><![CDATA[<div><div><span><b>Altitude:</b></span> <span>875 ft - 775 ft</span></div>
<div><span><b>Speed:</b></span> <span>118 kt</span></div>
<div><span><b>Timestamp:</b></span><br/><span>2023-09-13 03:09:09 UTC<br/>2023-09-13 03:09:18 UTC</span></div>
</div>]]></description>
		<Style>
			<LineStyle>
				<color>ffffea00</color>
				<width>2</width>
			</LineStyle>
		</Style>
		<MultiGeometry>
			<LineString>
				<tessellate>1</tessellate>
				<altitudeMode>absolute</altitudeMode>
				<coordinates>
					126.736908,37.598984,266.7 126.741318,37.595535,236.22 
				</coordinates>
			</LineString>
		</MultiGeometry>
	</Placemark>
	<Placemark>
		<name>P-301</name>
		<visibility>0</visibility>
		<description><![CDATA[<div><div><span><b>Altitude:</b></span> <span>775 ft - 725 ft</span></div>
<div><span><b>Speed:</b></span> <span>118 kt - 117 kt</span></div>
<div><span><b>Timestamp:</b></span><br/><span>2023-09-13 03:09:18 UTC<br/>2023-09-13 03:09:24 UTC</span></div>
</div>]]></description>
		<Style>
			<LineStyle>
				<color>ffffea00</color>
				<width>2</width>
			</LineStyle>
		</Style>
		<MultiGeometry>
			<LineString>
				<tessellate>1</tessellate>
				<altitudeMode>absolute</altitudeMode>
				<coordinates>
					126.741318,37.595535,236.22 126.744301,37.593155,220.98 
				</coordinates>
			</LineString>
		</MultiGeometry>
	</Placemark>
	<Placemark>
		<name>P-302</name>
		<visibility>0</visibility>
		<description><![CDATA[<div><div><span><b>Altitude:</b></span> <span>725 ft - 625 ft</span></div>
<div><span><b>Speed:</b></span> <span>117 kt - 118 kt</span></div>
<div><span><b>Timestamp:</b></span><br/><span>2023-09-13 03:09:24 UTC<br/>2023-09-13 03:09:33 UTC</span></div>
</div>]]></description>
		<Style>
			<LineStyle>
				<color>ffffea00</color>
				<width>2</width>
			</LineStyle>
		</Style>
		<MultiGeometry>
			<LineString>
				<tessellate>1</tessellate>
				<altitudeMode>absolute</altitudeMode>
				<coordinates>
					126.744301,37.593155,220.98 126.74855,37.589813,190.5 
				</coordinates>
			</LineString>
		</MultiGeometry>
	</Placemark>
	<Placemark>
		<name>P-303</name>
		<visibility>0</visibility>
		<description><![CDATA[<div><div><span><b>Altitude:</b></span> <span>625 ft - 525 ft</span></div>
<div><span><b>Speed:</b></span> <span>118 kt</span></div>
<div><span><b>Timestamp:</b></span><br/><span>2023-09-13 03:09:33 UTC<br/>2023-09-13 03:09:42 UTC</span></div>
</div>]]></description>
		<Style>
			<LineStyle>
				<color>ffffe062</color>
				<width>2</width>
			</LineStyle>
		</Style>
		<MultiGeometry>
			<LineString>
				<tessellate>1</tessellate>
				<altitudeMode>absolute</altitudeMode>
				<coordinates>
					126.74855,37.589813,190.5 126.752548,37.586601,160.02 
				</coordinates>
			</LineString>
		</MultiGeometry>
	</Placemark>
	<Placemark>
		<name>P-304</name>
		<visibility>0</visibility>
		<description><![CDATA[<div><div><span><b>Altitude:</b></span> <span>525 ft - 450 ft</span></div>
<div><span><b>Speed:</b></span> <span>118 kt</span></div>
<div><span><b>Timestamp:</b></span><br/><span>2023-09-13 03:09:42 UTC<br/>2023-09-13 03:09:51 UTC</span></div>
</div>]]></description>
		<Style>
			<LineStyle>
				<color>ffffe062</color>
				<width>2</width>
			</LineStyle>
		</Style>
		<MultiGeometry>
			<LineString>
				<tessellate>1</tessellate>
				<altitudeMode>absolute</altitudeMode>
				<coordinates>
					126.752548,37.586601,160.02 126.757446,37.582737,137.16 
				</coordinates>
			</LineString>
		</MultiGeometry>
	</Placemark>
	<Placemark>
		<name>P-305</name>
		<visibility>0</visibility>
		<description><![CDATA[<div><div><span><b>Altitude:</b></span> <span>450 ft - 350 ft</span></div>
<div><span><b>Speed:</b></span> <span>118 kt - 119 kt</span></div>
<div><span><b>Timestamp:</b></span><br/><span>2023-09-13 03:09:51 UTC<br/>2023-09-13 03:10:01 UTC</span></div>
</div>]]></description>
		<Style>
			<LineStyle>
				<color>ffffe062</color>
				<width>2</width>
			</LineStyle>
		</Style>
		<MultiGeometry>
			<LineString>
				<tessellate>1</tessellate>
				<altitudeMode>absolute</altitudeMode>
				<coordinates>
					126.757446,37.582737,137.16 126.761986,37.579109,106.68 
				</coordinates>
			</LineString>
		</MultiGeometry>
	</Placemark>
	<Placemark>
		<name>P-306</name>
		<visibility>0</visibility>
		<description><![CDATA[<div><div><span><b>Altitude:</b></span> <span>350 ft - 275 ft</span></div>
<div><span><b>Speed:</b></span> <span>119 kt</span></div>
<div><span><b>Timestamp:</b></span><br/><span>2023-09-13 03:10:01 UTC<br/>2023-09-13 03:10:10 UTC</span></div>
</div>]]></description>
		<Style>
			<LineStyle>
				<color>ffffe062</color>
				<width>2</width>
			</LineStyle>
		</Style>
		<MultiGeometry>
			<LineString>
				<tessellate>1</tessellate>
				<altitudeMode>absolute</altitudeMode>
				<coordinates>
					126.761986,37.579109,106.68 126.766464,37.575523,83.81999999999998 
				</coordinates>
			</LineString>
		</MultiGeometry>
	</Placemark>
	<Placemark>
		<name>P-307</name>
		<visibility>0</visibility>
		<description><![CDATA[<div><div><span><b>Altitude:</b></span> <span>275 ft - 175 ft</span></div>
<div><span><b>Speed:</b></span> <span>119 kt - 118 kt</span></div>
<div><span><b>Timestamp:</b></span><br/><span>2023-09-13 03:10:10 UTC<br/>2023-09-13 03:10:18 UTC</span></div>
</div>]]></description>
		<Style>
			<LineStyle>
				<color>ffffffff</color>
				<width>2</width>
			</LineStyle>
		</Style>
		<MultiGeometry>
			<LineString>
				<tessellate>1</tessellate>
				<altitudeMode>absolute</altitudeMode>
				<coordinates>
					126.766464,37.575523,83.81999999999998 126.770714,37.572189,53.34 
				</coordinates>
			</LineString>
		</MultiGeometry>
	</Placemark>
	<Placemark>
		<name>P-308</name>
		<visibility>0</visibility>
		<description><![CDATA[<div><div><span><b>Altitude:</b></span> <span>175 ft - 75 ft</span></div>
<div><span><b>Speed:</b></span> <span>118 kt</span></div>
<div><span><b>Timestamp:</b></span><br/><span>2023-09-13 03:10:18 UTC<br/>2023-09-13 03:10:28 UTC</span></div>
</div>]]></description>
		<Style>
			<LineStyle>
				<color>ffffffff</color>
				<width>2</width>
			</LineStyle>
		</Style>
		<MultiGeometry>
			<LineString>
				<tessellate>1</tessellate>
				<altitudeMode>absolute</altitudeMode>
				<coordinates>
					126.770714,37.572189,53.34 126.775238,37.568634,22.86 
				</coordinates>
			</LineString>
		</MultiGeometry>
	</Placemark>
	<Placemark>
		<name>P-309</name>
		<visibility>0</visibility>
		<description><![CDATA[<div><div><span><b>Altitude:</b></span> <span>75 ft - 0 ft</span></div>
<div><span><b>Speed:</b></span> <span>118 kt - 117 kt</span></div>
<div><span><b>Timestamp:</b></span><br/><span>2023-09-13 03:10:28 UTC<br/>2023-09-13 03:10:36 UTC</span></div>
</div>]]></description>
		<Style>
			<LineStyle>
				<color>ffffffff</color>
				<width>2</width>
			</LineStyle>
		</Style>
		<MultiGeometry>
			<LineString>
				<tessellate>1</tessellate>
				<coordinates>
					126.775238,37.568634,22.86 126.779358,37.565327,0 
				</coordinates>
			</LineString>
		</MultiGeometry>
	</Placemark>
	<Placemark>
		<name>P-310</name>
		<visibility>0</visibility>
		<description><![CDATA[<div><div><span><b>Altitude:</b></span> <span>0 ft</span></div>
<div><span><b>Speed:</b></span> <span>117 kt - 96 kt</span></div>
<div><span><b>Timestamp:</b></span><br/><span>2023-09-13 03:10:36 UTC<br/>2023-09-13 03:10:44 UTC</span></div>
</div>]]></description>
		<Style>
			<LineStyle>
				<color>ffffffff</color>
				<width>2</width>
			</LineStyle>
		</Style>
		<MultiGeometry>
			<LineString>
				<tessellate>1</tessellate>
				<coordinates>
					126.779358,37.565327,0 126.782944,37.562473,0 
				</coordinates>
			</LineString>
		</MultiGeometry>
	</Placemark>
	<Placemark>
		<name>P-311</name>
		<visibility>0</visibility>
		<description><![CDATA[<div><div><span><b>Altitude:</b></span> <span>0 ft</span></div>
<div><span><b>Speed:</b></span> <span>96 kt - 72 kt</span></div>
<div><span><b>Timestamp:</b></span><br/><span>2023-09-13 03:10:44 UTC<br/>2023-09-13 03:10:51 UTC</span></div>
</div>]]></description>
		<Style>
			<LineStyle>
				<color>ffffffff</color>
				<width>2</width>
			</LineStyle>
		</Style>
		<MultiGeometry>
			<LineString>
				<tessellate>1</tessellate>
				<coordinates>
					126.782944,37.562473,0 126.785255,37.560627,0 
				</coordinates>
			</LineString>
		</MultiGeometry>
	</Placemark>
	<Placemark>
		<name>P-312</name>
		<visibility>0</visibility>
		<description><![CDATA[<div><div><span><b>Altitude:</b></span> <span>0 ft</span></div>
<div><span><b>Speed:</b></span> <span>72 kt - 62 kt</span></div>
<div><span><b>Timestamp:</b></span><br/><span>2023-09-13 03:10:51 UTC<br/>2023-09-13 03:10:58 UTC</span></div>
</div>]]></description>
		<Style>
			<LineStyle>
				<color>ffffffff</color>
				<width>2</width>
			</LineStyle>
		</Style>
		<MultiGeometry>
			<LineString>
				<tessellate>1</tessellate>
				<coordinates>
					126.785255,37.560627,0 126.786957,37.559265,0 
				</coordinates>
			</LineString>
		</MultiGeometry>
	</Placemark>
	<Placemark>
		<name>P-313</name>
		<visibility>0</visibility>
		<description><![CDATA[<div><div><span><b>Altitude:</b></span> <span>0 ft</span></div>
<div><span><b>Speed:</b></span> <span>62 kt - 56 kt</span></div>
<div><span><b>Timestamp:</b></span><br/><span>2023-09-13 03:10:58 UTC<br/>2023-09-13 03:11:05 UTC</span></div>
</div>]]></description>
		<Style>
			<LineStyle>
				<color>ffffffff</color>
				<width>2</width>
			</LineStyle>
		</Style>
		<MultiGeometry>
			<LineString>
				<tessellate>1</tessellate>
				<coordinates>
					126.786957,37.559265,0 126.788521,37.558022,0 
				</coordinates>
			</LineString>
		</MultiGeometry>
	</Placemark>
	<Placemark>
		<name>P-314</name>
		<visibility>0</visibility>
		<description><![CDATA[<div><div><span><b>Altitude:</b></span> <span>0 ft</span></div>
<div><span><b>Speed:</b></span> <span>56 kt - 41 kt</span></div>
<div><span><b>Timestamp:</b></span><br/><span>2023-09-13 03:11:05 UTC<br/>2023-09-13 03:11:17 UTC</span></div>
</div>]]></description>
		<Style>
			<LineStyle>
				<color>ffffffff</color>
				<width>2</width>
			</LineStyle>
		</Style>
		<MultiGeometry>
			<LineString>
				<tessellate>1</tessellate>
				<coordinates>
					126.788521,37.558022,0 126.791016,37.556065,0 
				</coordinates>
			</LineString>
		</MultiGeometry>
	</Placemark>
	<Placemark>
		<name>P-315</name>
		<visibility>0</visibility>
		<description><![CDATA[<div><div><span><b>Altitude:</b></span> <span>0 ft</span></div>
<div><span><b>Speed:</b></span> <span>41 kt - 27 kt</span></div>
<div><span><b>Timestamp:</b></span><br/><span>2023-09-13 03:11:17 UTC<br/>2023-09-13 03:11:31 UTC</span></div>
</div>]]></description>
		<Style>
			<LineStyle>
				<color>ffffffff</color>
				<width>2</width>
			</LineStyle>
		</Style>
		<MultiGeometry>
			<LineString>
				<tessellate>1</tessellate>
				<coordinates>
					126.791016,37.556065,0 126.793152,37.554874,0 
				</coordinates>
			</LineString>
		</MultiGeometry>
	</Placemark>
	<Placemark>
		<name>P-316</name>
		<visibility>0</visibility>
		<description><![CDATA[<div><div><span><b>Altitude:</b></span> <span>0 ft</span></div>
<div><span><b>Speed:</b></span> <span>27 kt - 25 kt</span></div>
<div><span><b>Timestamp:</b></span><br/><span>2023-09-13 03:11:31 UTC<br/>2023-09-13 03:11:35 UTC</span></div>
</div>]]></description>
		<Style>
			<LineStyle>
				<color>ffffffff</color>
				<width>2</width>
			</LineStyle>
		</Style>
		<MultiGeometry>
			<LineString>
				<tessellate>1</tessellate>
				<coordinates>
					126.793152,37.554874,0 126.793648,37.554726,0 
				</coordinates>
			</LineString>
		</MultiGeometry>
	</Placemark>
	<Placemark>
		<name>P-317</name>
		<visibility>0</visibility>
		<description><![CDATA[<div><div><span><b>Altitude:</b></span> <span>0 ft</span></div>
<div><span><b>Speed:</b></span> <span>25 kt - 21 kt</span></div>
<div><span><b>Timestamp:</b></span><br/><span>2023-09-13 03:11:35 UTC<br/>2023-09-13 03:11:44 UTC</span></div>
</div>]]></description>
		<Style>
			<LineStyle>
				<color>ffffffff</color>
				<width>2</width>
			</LineStyle>
		</Style>
		<MultiGeometry>
			<LineString>
				<tessellate>1</tessellate>
				<coordinates>
					126.793648,37.554726,0 126.794823,37.554459,0 
				</coordinates>
			</LineString>
		</MultiGeometry>
	</Placemark>
	<Placemark>
		<name>P-318</name>
		<visibility>0</visibility>
		<description><![CDATA[<div><div><span><b>Altitude:</b></span> <span>0 ft</span></div>
<div><span><b>Speed:</b></span> <span>21 kt - 17 kt</span></div>
<div><span><b>Timestamp:</b></span><br/><span>2023-09-13 03:11:44 UTC<br/>2023-09-13 03:11:48 UTC</span></div>
</div>]]></description>
		<Style>
			<LineStyle>
				<color>ffffffff</color>
				<width>2</width>
			</LineStyle>
		</Style>
		<MultiGeometry>
			<LineString>
				<tessellate>1</tessellate>
				<coordinates>
					126.794823,37.554459,0 126.795273,37.55439,0 
				</coordinates>
			</LineString>
		</MultiGeometry>
	</Placemark>
	<Placemark>
		<name>P-319</name>
		<visibility>0</visibility>
		<description><![CDATA[<div><div><span><b>Altitude:</b></span> <span>0 ft</span></div>
<div><span><b>Speed:</b></span> <span>17 kt - 15 kt</span></div>
<div><span><b>Timestamp:</b></span><br/><span>2023-09-13 03:11:48 UTC<br/>2023-09-13 03:11:51 UTC</span></div>
</div>]]></description>
		<Style>
			<LineStyle>
				<color>ffffffff</color>
				<width>2</width>
			</LineStyle>
		</Style>
		<MultiGeometry>
			<LineString>
				<tessellate>1</tessellate>
				<coordinates>
					126.795273,37.55439,0 126.795555,37.554379,0 
				</coordinates>
			</LineString>
		</MultiGeometry>
	</Placemark>
	<Placemark>
		<name>P-320</name>
		<visibility>0</visibility>
		<description><![CDATA[<div><div><span><b>Altitude:</b></span> <span>0 ft</span></div>
<div><span><b>Speed:</b></span> <span>15 kt - 12 kt</span></div>
<div><span><b>Timestamp:</b></span><br/><span>2023-09-13 03:11:51 UTC<br/>2023-09-13 03:11:57 UTC</span></div>
</div>]]></description>
		<Style>
			<LineStyle>
				<color>ffffffff</color>
				<width>2</width>
			</LineStyle>
		</Style>
		<MultiGeometry>
			<LineString>
				<tessellate>1</tessellate>
				<coordinates>
					126.795555,37.554379,0 126.795959,37.554394,0 
				</coordinates>
			</LineString>
		</MultiGeometry>
	</Placemark>
	<Placemark>
		<name>P-321</name>
		<visibility>0</visibility>
		<description><![CDATA[<div><div><span><b>Altitude:</b></span> <span>0 ft</span></div>
<div><span><b>Speed:</b></span> <span>12 kt - 9 kt</span></div>
<div><span><b>Timestamp:</b></span><br/><span>2023-09-13 03:11:57 UTC<br/>2023-09-13 03:12:01 UTC</span></div>
</div>]]></description>
		<Style>
			<LineStyle>
				<color>ffffffff</color>
				<width>2</width>
			</LineStyle>
		</Style>
		<MultiGeometry>
			<LineString>
				<tessellate>1</tessellate>
				<coordinates>
					126.795959,37.554394,0 126.796196,37.55447,0 
				</coordinates>
			</LineString>
		</MultiGeometry>
	</Placemark>
	<Placemark>
		<name>P-322</name>
		<visibility>0</visibility>
		<description><![CDATA[<div><div><span><b>Altitude:</b></span> <span>0 ft</span></div>
<div><span><b>Speed:</b></span> <span>9 kt - 3 kt</span></div>
<div><span><b>Timestamp:</b></span><br/><span>2023-09-13 03:12:01 UTC<br/>2023-09-13 03:12:09 UTC</span></div>
</div>]]></description>
		<Style>
			<LineStyle>
				<color>ffffffff</color>
				<width>2</width>
			</LineStyle>
		</Style>
		<MultiGeometry>
			<LineString>
				<tessellate>1</tessellate>
				<coordinates>
					126.796196,37.55447,0 126.79641,37.554543,0 
				</coordinates>
			</LineString>
		</MultiGeometry>
	</Placemark>
	<Placemark>
		<name>P-323</name>
		<visibility>0</visibility>
		<description><![CDATA[<div><div><span><b>Altitude:</b></span> <span>0 ft</span></div>
<div><span><b>Speed:</b></span> <span>3 kt - 6 kt</span></div>
<div><span><b>Timestamp:</b></span><br/><span>2023-09-13 03:12:09 UTC<br/>2023-09-13 03:13:35 UTC</span></div>
</div>]]></description>
		<Style>
			<LineStyle>
				<color>ffffffff</color>
				<width>2</width>
			</LineStyle>
		</Style>
		<MultiGeometry>
			<LineString>
				<tessellate>1</tessellate>
				<coordinates>
					126.79641,37.554543,0 126.796616,37.554634,0 
				</coordinates>
			</LineString>
		</MultiGeometry>
	</Placemark>
	<Placemark>
		<name>P-324</name>
		<visibility>0</visibility>
		<description><![CDATA[<div><div><span><b>Altitude:</b></span> <span>0 ft</span></div>
<div><span><b>Speed:</b></span> <span>6 kt - 11 kt</span></div>
<div><span><b>Timestamp:</b></span><br/><span>2023-09-13 03:13:35 UTC<br/>2023-09-13 03:13:40 UTC</span></div>
</div>]]></description>
		<Style>
			<LineStyle>
				<color>ffffffff</color>
				<width>2</width>
			</LineStyle>
		</Style>
		<MultiGeometry>
			<LineString>
				<tessellate>1</tessellate>
				<coordinates>
					126.796616,37.554634,0 126.796852,37.554783,0 
				</coordinates>
			</LineString>
		</MultiGeometry>
	</Placemark>
	<Placemark>
		<name>P-325</name>
		<visibility>0</visibility>
		<description><![CDATA[<div><div><span><b>Altitude:</b></span> <span>0 ft</span></div>
<div><span><b>Speed:</b></span> <span>11 kt - 14 kt</span></div>
<div><span><b>Timestamp:</b></span><br/><span>2023-09-13 03:13:40 UTC<br/>2023-09-13 03:13:44 UTC</span></div>
</div>]]></description>
		<Style>
			<LineStyle>
				<color>ffffffff</color>
				<width>2</width>
			</LineStyle>
		</Style>
		<MultiGeometry>
			<LineString>
				<tessellate>1</tessellate>
				<coordinates>
					126.796852,37.554783,0 126.797066,37.55497,0 
				</coordinates>
			</LineString>
		</MultiGeometry>
	</Placemark>
	<Placemark>
		<name>P-326</name>
		<visibility>0</visibility>
		<description><![CDATA[<div><div><span><b>Altitude:</b></span> <span>0 ft</span></div>
<div><span><b>Speed:</b></span> <span>14 kt - 16 kt</span></div>
<div><span><b>Timestamp:</b></span><br/><span>2023-09-13 03:13:44 UTC<br/>2023-09-13 03:13:47 UTC</span></div>
</div>]]></description>
		<Style>
			<LineStyle>
				<color>ffffffff</color>
				<width>2</width>
			</LineStyle>
		</Style>
		<MultiGeometry>
			<LineString>
				<tessellate>1</tessellate>
				<coordinates>
					126.797066,37.55497,0 126.797218,37.555183,0 
				</coordinates>
			</LineString>
		</MultiGeometry>
	</Placemark>
	<Placemark>
		<name>P-327</name>
		<visibility>0</visibility>
		<description><![CDATA[<div><div><span><b>Altitude:</b></span> <span>0 ft</span></div>
<div><span><b>Speed:</b></span> <span>16 kt</span></div>
<div><span><b>Timestamp:</b></span><br/><span>2023-09-13 03:13:47 UTC<br/>2023-09-13 03:13:50 UTC</span></div>
</div>]]></description>
		<Style>
			<LineStyle>
				<color>ffffffff</color>
				<width>2</width>
			</LineStyle>
		</Style>
		<MultiGeometry>
			<LineString>
				<tessellate>1</tessellate>
				<coordinates>
					126.797218,37.555183,0 126.797256,37.555401,0 
				</coordinates>
			</LineString>
		</MultiGeometry>
	</Placemark>
	<Placemark>
		<name>P-328</name>
		<visibility>0</visibility>
		<description><![CDATA[<div><div><span><b>Altitude:</b></span> <span>0 ft</span></div>
<div><span><b>Speed:</b></span> <span>16 kt - 15 kt</span></div>
<div><span><b>Timestamp:</b></span><br/><span>2023-09-13 03:13:50 UTC<br/>2023-09-13 03:13:53 UTC</span></div>
</div>]]></description>
		<Style>
			<LineStyle>
				<color>ffffffff</color>
				<width>2</width>
			</LineStyle>
		</Style>
		<MultiGeometry>
			<LineString>
				<tessellate>1</tessellate>
				<coordinates>
					126.797256,37.555401,0 126.797234,37.555607,0 
				</coordinates>
			</LineString>
		</MultiGeometry>
	</Placemark>
	<Placemark>
		<name>P-329</name>
		<visibility>0</visibility>
		<description><![CDATA[<div><div><span><b>Altitude:</b></span> <span>0 ft</span></div>
<div><span><b>Speed:</b></span> <span>15 kt</span></div>
<div><span><b>Timestamp:</b></span><br/><span>2023-09-13 03:13:53 UTC<br/>2023-09-13 03:13:56 UTC</span></div>
</div>]]></description>
		<Style>
			<LineStyle>
				<color>ffffffff</color>
				<width>2</width>
			</LineStyle>
		</Style>
		<MultiGeometry>
			<LineString>
				<tessellate>1</tessellate>
				<coordinates>
					126.797234,37.555607,0 126.797157,37.555832,0 
				</coordinates>
			</LineString>
		</MultiGeometry>
	</Placemark>
	<Placemark>
		<name>P-330</name>
		<visibility>0</visibility>
		<description><![CDATA[<div><div><span><b>Altitude:</b></span> <span>0 ft</span></div>
<div><span><b>Speed:</b></span> <span>15 kt</span></div>
<div><span><b>Timestamp:</b></span><br/><span>2023-09-13 03:13:56 UTC<br/>2023-09-13 03:14:00 UTC</span></div>
</div>]]></description>
		<Style>
			<LineStyle>
				<color>ffffffff</color>
				<width>2</width>
			</LineStyle>
		</Style>
		<MultiGeometry>
			<LineString>
				<tessellate>1</tessellate>
				<coordinates>
					126.797157,37.555832,0 126.797058,37.556053,0 
				</coordinates>
			</LineString>
		</MultiGeometry>
	</Placemark>
	<Placemark>
		<name>P-331</name>
		<visibility>0</visibility>
		<description><![CDATA[<div><div><span><b>Altitude:</b></span> <span>0 ft</span></div>
<div><span><b>Speed:</b></span> <span>15 kt - 16 kt</span></div>
<div><span><b>Timestamp:</b></span><br/><span>2023-09-13 03:14:00 UTC<br/>2023-09-13 03:14:04 UTC</span></div>
</div>]]></description>
		<Style>
			<LineStyle>
				<color>ffffffff</color>
				<width>2</width>
			</LineStyle>
		</Style>
		<MultiGeometry>
			<LineString>
				<tessellate>1</tessellate>
				<coordinates>
					126.797058,37.556053,0 126.796898,37.556351,0 
				</coordinates>
			</LineString>
		</MultiGeometry>
	</Placemark>
	<Placemark>
		<name>P-332</name>
		<visibility>0</visibility>
		<description><![CDATA[<div><div><span><b>Altitude:</b></span> <span>0 ft</span></div>
<div><span><b>Speed:</b></span> <span>16 kt</span></div>
<div><span><b>Timestamp:</b></span><br/><span>2023-09-13 03:14:04 UTC<br/>2023-09-13 03:14:09 UTC</span></div>
</div>]]></description>
		<Style>
			<LineStyle>
				<color>ffffffff</color>
				<width>2</width>
			</LineStyle>
		</Style>
		<MultiGeometry>
			<LineString>
				<tessellate>1</tessellate>
				<coordinates>
					126.796898,37.556351,0 126.796707,37.55666,0 
				</coordinates>
			</LineString>
		</MultiGeometry>
	</Placemark>
	<Placemark>
		<name>P-333</name>
		<visibility>0</visibility>
		<description><![CDATA[<div><div><span><b>Altitude:</b></span> <span>0 ft</span></div>
<div><span><b>Speed:</b></span> <span>16 kt</span></div>
<div><span><b>Timestamp:</b></span><br/><span>2023-09-13 03:14:09 UTC<br/>2023-09-13 03:14:13 UTC</span></div>
</div>]]></description>
		<Style>
			<LineStyle>
				<color>ffffffff</color>
				<width>2</width>
			</LineStyle>
		</Style>
		<MultiGeometry>
			<LineString>
				<tessellate>1</tessellate>
				<coordinates>
					126.796707,37.55666,0 126.7966,37.556889,0 
				</coordinates>
			</LineString>
		</MultiGeometry>
	</Placemark>
	<Placemark>
		<name>P-334</name>
		<visibility>0</visibility>
		<description><![CDATA[<div><div><span><b>Altitude:</b></span> <span>0 ft</span></div>
<div><span><b>Speed:</b></span> <span>16 kt - 17 kt</span></div>
<div><span><b>Timestamp:</b></span><br/><span>2023-09-13 03:14:13 UTC<br/>2023-09-13 03:14:20 UTC</span></div>
</div>]]></description>
		<Style>
			<LineStyle>
				<color>ffffffff</color>
				<width>2</width>
			</LineStyle>
		</Style>
		<MultiGeometry>
			<LineString>
				<tessellate>1</tessellate>
				<coordinates>
					126.7966,37.556889,0 126.796371,37.557518,0 
				</coordinates>
			</LineString>
		</MultiGeometry>
	</Placemark>
	<Placemark>
		<name>P-335</name>
		<visibility>0</visibility>
		<description><![CDATA[<div><div><span><b>Altitude:</b></span> <span>0 ft</span></div>
<div><span><b>Speed:</b></span> <span>17 kt</span></div>
<div><span><b>Timestamp:</b></span><br/><span>2023-09-13 03:14:20 UTC<br/>2023-09-13 03:14:24 UTC</span></div>
</div>]]></description>
		<Style>
			<LineStyle>
				<color>ffffffff</color>
				<width>2</width>
			</LineStyle>
		</Style>
		<MultiGeometry>
			<LineString>
				<tessellate>1</tessellate>
				<coordinates>
					126.796371,37.557518,0 126.796265,37.557861,0 
				</coordinates>
			</LineString>
		</MultiGeometry>
	</Placemark>
	<Placemark>
		<name>P-336</name>
		<visibility>0</visibility>
		<description><![CDATA[<div><div><span><b>Altitude:</b></span> <span>0 ft</span></div>
<div><span><b>Speed:</b></span> <span>17 kt</span></div>
<div><span><b>Timestamp:</b></span><br/><span>2023-09-13 03:14:24 UTC<br/>2023-09-13 03:14:28 UTC</span></div>
</div>]]></description>
		<Style>
			<LineStyle>
				<color>ffffffff</color>
				<width>2</width>
			</LineStyle>
		</Style>
		<MultiGeometry>
			<LineString>
				<tessellate>1</tessellate>
				<coordinates>
					126.796265,37.557861,0 126.79615,37.558216,0 
				</coordinates>
			</LineString>
		</MultiGeometry>
	</Placemark>
	<Placemark>
		<name>P-337</name>
		<visibility>0</visibility>
		<description><![CDATA[<div><div><span><b>Altitude:</b></span> <span>0 ft</span></div>
<div><span><b>Speed:</b></span> <span>17 kt</span></div>
<div><span><b>Timestamp:</b></span><br/><span>2023-09-13 03:14:28 UTC<br/>2023-09-13 03:14:31 UTC</span></div>
</div>]]></description>
		<Style>
			<LineStyle>
				<color>ffffffff</color>
				<width>2</width>
			</LineStyle>
		</Style>
		<MultiGeometry>
			<LineString>
				<tessellate>1</tessellate>
				<coordinates>
					126.79615,37.558216,0 126.796059,37.558456,0 
				</coordinates>
			</LineString>
		</MultiGeometry>
	</Placemark>
	<Placemark>
		<name>P-338</name>
		<visibility>0</visibility>
		<description><![CDATA[<div><div><span><b>Altitude:</b></span> <span>0 ft</span></div>
<div><span><b>Speed:</b></span> <span>17 kt - 18 kt</span></div>
<div><span><b>Timestamp:</b></span><br/><span>2023-09-13 03:14:31 UTC<br/>2023-09-13 03:14:36 UTC</span></div>
</div>]]></description>
		<Style>
			<LineStyle>
				<color>ffffffff</color>
				<width>2</width>
			</LineStyle>
		</Style>
		<MultiGeometry>
			<LineString>
				<tessellate>1</tessellate>
				<coordinates>
					126.796059,37.558456,0 126.795898,37.558834,0 
				</coordinates>
			</LineString>
		</MultiGeometry>
	</Placemark>
	<Placemark>
		<name>P-339</name>
		<visibility>0</visibility>
		<description><![CDATA[<div><div><span><b>Altitude:</b></span> <span>0 ft</span></div>
<div><span><b>Speed:</b></span> <span>18 kt - 14 kt</span></div>
<div><span><b>Timestamp:</b></span><br/><span>2023-09-13 03:14:36 UTC<br/>2023-09-13 03:14:44 UTC</span></div>
</div>]]></description>
		<Style>
			<LineStyle>
				<color>ffffffff</color>
				<width>2</width>
			</LineStyle>
		</Style>
		<MultiGeometry>
			<LineString>
				<tessellate>1</tessellate>
				<coordinates>
					126.795898,37.558834,0 126.795586,37.559322,0 
				</coordinates>
			</LineString>
		</MultiGeometry>
	</Placemark>
	<Placemark>
		<name>P-340</name>
		<visibility>0</visibility>
		<description><![CDATA[<div><div><span><b>Altitude:</b></span> <span>0 ft</span></div>
<div><span><b>Speed:</b></span> <span>14 kt</span></div>
<div><span><b>Timestamp:</b></span><br/><span>2023-09-13 03:14:44 UTC<br/>2023-09-13 03:14:54 UTC</span></div>
</div>]]></description>
		<Style>
			<LineStyle>
				<color>ffffffff</color>
				<width>2</width>
			</LineStyle>
		</Style>
		<MultiGeometry>
			<LineString>
				<tessellate>1</tessellate>
				<coordinates>
					126.795586,37.559322,0 126.795036,37.559772,0 
				</coordinates>
			</LineString>
		</MultiGeometry>
	</Placemark>
	<Placemark>
		<name>P-341</name>
		<visibility>0</visibility>
		<description><![CDATA[<div><div><span><b>Altitude:</b></span> <span>0 ft</span></div>
<div><span><b>Speed:</b></span> <span>14 kt - 0 kt</span></div>
<div><span><b>Timestamp:</b></span><br/><span>2023-09-13 03:14:54 UTC<br/>2023-09-13 03:14:59 UTC</span></div>
</div>]]></description>
		<Style>
			<LineStyle>
				<color>ffffffff</color>
				<width>2</width>
			</LineStyle>
		</Style>
		<MultiGeometry>
			<LineString>
				<tessellate>1</tessellate>
				<coordinates>
					126.795036,37.559772,0 126.794724,37.56002,0 
				</coordinates>
			</LineString>
		</MultiGeometry>
	</Placemark>
	<Placemark>
		<name>P-342</name>
		<visibility>0</visibility>
		<description><![CDATA[<div><div><span><b>Altitude:</b></span> <span>0 ft</span></div>
<div><span><b>Speed:</b></span> <span>0 kt - 15 kt</span></div>
<div><span><b>Timestamp:</b></span><br/><span>2023-09-13 03:14:59 UTC<br/>2023-09-13 03:15:05 UTC</span></div>
</div>]]></description>
		<Style>
			<LineStyle>
				<color>ffffffff</color>
				<width>2</width>
			</LineStyle>
		</Style>
		<MultiGeometry>
			<LineString>
				<tessellate>1</tessellate>
				<coordinates>
					126.794724,37.56002,0 126.794365,37.560314,0 
				</coordinates>
			</LineString>
		</MultiGeometry>
	</Placemark>
	<Placemark>
		<name>P-343</name>
		<visibility>0</visibility>
		<description><![CDATA[<div><div><span><b>Altitude:</b></span> <span>0 ft</span></div>
<div><span><b>Speed:</b></span> <span>15 kt</span></div>
<div><span><b>Timestamp:</b></span><br/><span>2023-09-13 03:15:05 UTC<br/>2023-09-13 03:15:09 UTC</span></div>
</div>]]></description>
		<Style>
			<LineStyle>
				<color>ffffffff</color>
				<width>2</width>
			</LineStyle>
		</Style>
		<MultiGeometry>
			<LineString>
				<tessellate>1</tessellate>
				<coordinates>
					126.794365,37.560314,0 126.794121,37.560505,0 
				</coordinates>
			</LineString>
		</MultiGeometry>
	</Placemark>
	<Placemark>
		<name>P-344</name>
		<visibility>0</visibility>
		<description><![CDATA[<div><div><span><b>Altitude:</b></span> <span>0 ft</span></div>
<div><span><b>Speed:</b></span> <span>15 kt - 16 kt</span></div>
<div><span><b>Timestamp:</b></span><br/><span>2023-09-13 03:15:09 UTC<br/>2023-09-13 03:15:21 UTC</span></div>
</div>]]></description>
		<Style>
			<LineStyle>
				<color>ffffffff</color>
				<width>2</width>
			</LineStyle>
		</Style>
		<MultiGeometry>
			<LineString>
				<tessellate>1</tessellate>
				<coordinates>
					126.794121,37.560505,0 126.793381,37.561104,0 
				</coordinates>
			</LineString>
		</MultiGeometry>
	</Placemark>
	<Placemark>
		<name>P-345</name>
		<visibility>0</visibility>
		<description><![CDATA[<div><div><span><b>Altitude:</b></span> <span>0 ft</span></div>
<div><span><b>Speed:</b></span> <span>16 kt - 19 kt</span></div>
<div><span><b>Timestamp:</b></span><br/><span>2023-09-13 03:15:21 UTC<br/>2023-09-13 03:15:37 UTC</span></div>
</div>]]></description>
		<Style>
			<LineStyle>
				<color>ffffffff</color>
				<width>2</width>
			</LineStyle>
		</Style>
		<MultiGeometry>
			<LineString>
				<tessellate>1</tessellate>
				<coordinates>
					126.793381,37.561104,0 126.792145,37.562073,0 
				</coordinates>
			</LineString>
		</MultiGeometry>
	</Placemark>
	<Placemark>
		<name>P-346</name>
		<visibility>0</visibility>
		<description><![CDATA[<div><div><span><b>Altitude:</b></span> <span>0 ft</span></div>
<div><span><b>Speed:</b></span> <span>19 kt - 17 kt</span></div>
<div><span><b>Timestamp:</b></span><br/><span>2023-09-13 03:15:37 UTC<br/>2023-09-13 03:15:44 UTC</span></div>
</div>]]></description>
		<Style>
			<LineStyle>
				<color>ffffffff</color>
				<width>2</width>
			</LineStyle>
		</Style>
		<MultiGeometry>
			<LineString>
				<tessellate>1</tessellate>
				<coordinates>
					126.792145,37.562073,0 126.791649,37.562477,0 
				</coordinates>
			</LineString>
		</MultiGeometry>
	</Placemark>
	<Placemark>
		<name>P-347</name>
		<visibility>0</visibility>
		<description><![CDATA[<div><div><span><b>Altitude:</b></span> <span>0 ft</span></div>
<div><span><b>Speed:</b></span> <span>17 kt - 13 kt</span></div>
<div><span><b>Timestamp:</b></span><br/><span>2023-09-13 03:15:44 UTC<br/>2023-09-13 03:15:49 UTC</span></div>
</div>]]></description>
		<Style>
			<LineStyle>
				<color>ffffffff</color>
				<width>2</width>
			</LineStyle>
		</Style>
		<MultiGeometry>
			<LineString>
				<tessellate>1</tessellate>
				<coordinates>
					126.791649,37.562477,0 126.791344,37.562725,0 
				</coordinates>
			</LineString>
		</MultiGeometry>
	</Placemark>
	<Placemark>
		<name>P-348</name>
		<visibility>0</visibility>
		<description><![CDATA[<div><div><span><b>Altitude:</b></span> <span>0 ft</span></div>
<div><span><b>Speed:</b></span> <span>13 kt</span></div>
<div><span><b>Timestamp:</b></span><br/><span>2023-09-13 03:15:49 UTC<br/>2023-09-13 03:15:54 UTC</span></div>
</div>]]></description>
		<Style>
			<LineStyle>
				<color>ffffffff</color>
				<width>2</width>
			</LineStyle>
		</Style>
		<MultiGeometry>
			<LineString>
				<tessellate>1</tessellate>
				<coordinates>
					126.791344,37.562725,0 126.791252,37.563,0 
				</coordinates>
			</LineString>
		</MultiGeometry>
	</Placemark>
	<Placemark>
		<name>P-349</name>
		<visibility>0</visibility>
		<description><![CDATA[<div><div><span><b>Altitude:</b></span> <span>0 ft</span></div>
<div><span><b>Speed:</b></span> <span>13 kt - 14 kt</span></div>
<div><span><b>Timestamp:</b></span><br/><span>2023-09-13 03:15:54 UTC<br/>2023-09-13 03:15:58 UTC</span></div>
</div>]]></description>
		<Style>
			<LineStyle>
				<color>ffffffff</color>
				<width>2</width>
			</LineStyle>
		</Style>
		<MultiGeometry>
			<LineString>
				<tessellate>1</tessellate>
				<coordinates>
					126.791252,37.563,0 126.791428,37.563263,0 
				</coordinates>
			</LineString>
		</MultiGeometry>
	</Placemark>
	<Placemark>
		<name>P-350</name>
		<visibility>0</visibility>
		<description><![CDATA[<div><div><span><b>Altitude:</b></span> <span>0 ft</span></div>
<div><span><b>Speed:</b></span> <span>14 kt - 15 kt</span></div>
<div><span><b>Timestamp:</b></span><br/><span>2023-09-13 03:15:58 UTC<br/>2023-09-13 03:16:01 UTC</span></div>
</div>]]></description>
		<Style>
			<LineStyle>
				<color>ffffffff</color>
				<width>2</width>
			</LineStyle>
		</Style>
		<MultiGeometry>
			<LineString>
				<tessellate>1</tessellate>
				<coordinates>
					126.791428,37.563263,0 126.791634,37.563419,0 
				</coordinates>
			</LineString>
		</MultiGeometry>
	</Placemark>
	<Placemark>
		<name>P-351</name>
		<visibility>0</visibility>
		<description><![CDATA[<div><div><span><b>Altitude:</b></span> <span>0 ft</span></div>
<div><span><b>Speed:</b></span> <span>15 kt - 16 kt</span></div>
<div><span><b>Timestamp:</b></span><br/><span>2023-09-13 03:16:01 UTC<br/>2023-09-13 03:16:05 UTC</span></div>
</div>]]></description>
		<Style>
			<LineStyle>
				<color>ffffffff</color>
				<width>2</width>
			</LineStyle>
		</Style>
		<MultiGeometry>
			<LineString>
				<tessellate>1</tessellate>
				<coordinates>
					126.791634,37.563419,0 126.79187,37.563606,0 
				</coordinates>
			</LineString>
		</MultiGeometry>
	</Placemark>
	<Placemark>
		<name>P-352</name>
		<visibility>0</visibility>
		<description><![CDATA[<div><div><span><b>Altitude:</b></span> <span>0 ft</span></div>
<div><span><b>Speed:</b></span> <span>16 kt - 17 kt</span></div>
<div><span><b>Timestamp:</b></span><br/><span>2023-09-13 03:16:05 UTC<br/>2023-09-13 03:16:10 UTC</span></div>
</div>]]></description>
		<Style>
			<LineStyle>
				<color>ffffffff</color>
				<width>2</width>
			</LineStyle>
		</Style>
		<MultiGeometry>
			<LineString>
				<tessellate>1</tessellate>
				<coordinates>
					126.79187,37.563606,0 126.792213,37.563885,0 
				</coordinates>
			</LineString>
		</MultiGeometry>
	</Placemark>
	<Placemark>
		<name>P-353</name>
		<visibility>0</visibility>
		<description><![CDATA[<div><div><span><b>Altitude:</b></span> <span>0 ft</span></div>
<div><span><b>Speed:</b></span> <span>17 kt - 18 kt</span></div>
<div><span><b>Timestamp:</b></span><br/><span>2023-09-13 03:16:10 UTC<br/>2023-09-13 03:16:12 UTC</span></div>
</div>]]></description>
		<Style>
			<LineStyle>
				<color>ffffffff</color>
				<width>2</width>
			</LineStyle>
		</Style>
		<MultiGeometry>
			<LineString>
				<tessellate>1</tessellate>
				<coordinates>
					126.792213,37.563885,0 126.792442,37.564064,0 
				</coordinates>
			</LineString>
		</MultiGeometry>
	</Placemark>
	<Placemark>
		<name>P-354</name>
		<visibility>0</visibility>
		<description><![CDATA[<div><div><span><b>Altitude:</b></span> <span>0 ft</span></div>
<div><span><b>Speed:</b></span> <span>18 kt - 19 kt</span></div>
<div><span><b>Timestamp:</b></span><br/><span>2023-09-13 03:16:12 UTC<br/>2023-09-13 03:16:16 UTC</span></div>
</div>]]></description>
		<Style>
			<LineStyle>
				<color>ffffffff</color>
				<width>2</width>
			</LineStyle>
		</Style>
		<MultiGeometry>
			<LineString>
				<tessellate>1</tessellate>
				<coordinates>
					126.792442,37.564064,0 126.792694,37.56427,0 
				</coordinates>
			</LineString>
		</MultiGeometry>
	</Placemark>
	<Placemark>
		<name>P-355</name>
		<visibility>0</visibility>
		<description><![CDATA[<div><div><span><b>Altitude:</b></span> <span>0 ft</span></div>
<div><span><b>Speed:</b></span> <span>19 kt - 20 kt</span></div>
<div><span><b>Timestamp:</b></span><br/><span>2023-09-13 03:16:16 UTC<br/>2023-09-13 03:16:18 UTC</span></div>
</div>]]></description>
		<Style>
			<LineStyle>
				<color>ffffffff</color>
				<width>2</width>
			</LineStyle>
		</Style>
		<MultiGeometry>
			<LineString>
				<tessellate>1</tessellate>
				<coordinates>
					126.792694,37.56427,0 126.7929,37.564434,0 
				</coordinates>
			</LineString>
		</MultiGeometry>
	</Placemark>
	<Placemark>
		<name>P-356</name>
		<visibility>0</visibility>
		<description><![CDATA[<div><div><span><b>Altitude:</b></span> <span>0 ft</span></div>
<div><span><b>Speed:</b></span> <span>20 kt - 21 kt</span></div>
<div><span><b>Timestamp:</b></span><br/><span>2023-09-13 03:16:18 UTC<br/>2023-09-13 03:16:25 UTC</span></div>
</div>]]></description>
		<Style>
			<LineStyle>
				<color>ffffffff</color>
				<width>2</width>
			</LineStyle>
		</Style>
		<MultiGeometry>
			<LineString>
				<tessellate>1</tessellate>
				<coordinates>
					126.7929,37.564434,0 126.793541,37.564945,0 
				</coordinates>
			</LineString>
		</MultiGeometry>
	</Placemark>
	<Placemark>
		<name>P-357</name>
		<visibility>0</visibility>
		<description><![CDATA[<div><div><span><b>Altitude:</b></span> <span>0 ft</span></div>
<div><span><b>Speed:</b></span> <span>21 kt</span></div>
<div><span><b>Timestamp:</b></span><br/><span>2023-09-13 03:16:25 UTC<br/>2023-09-13 03:16:33 UTC</span></div>
</div>]]></description>
		<Style>
			<LineStyle>
				<color>ffffffff</color>
				<width>2</width>
			</LineStyle>
		</Style>
		<MultiGeometry>
			<LineString>
				<tessellate>1</tessellate>
				<coordinates>
					126.793541,37.564945,0 126.794258,37.565514,0 
				</coordinates>
			</LineString>
		</MultiGeometry>
	</Placemark>
	<Placemark>
		<name>P-358</name>
		<visibility>0</visibility>
		<description><![CDATA[<div><div><span><b>Altitude:</b></span> <span>0 ft</span></div>
<div><span><b>Speed:</b></span> <span>21 kt - 18 kt</span></div>
<div><span><b>Timestamp:</b></span><br/><span>2023-09-13 03:16:33 UTC<br/>2023-09-13 03:16:41 UTC</span></div>
</div>]]></description>
		<Style>
			<LineStyle>
				<color>ffffffff</color>
				<width>2</width>
			</LineStyle>
		</Style>
		<MultiGeometry>
			<LineString>
				<tessellate>1</tessellate>
				<coordinates>
					126.794258,37.565514,0 126.794861,37.565998,0 
				</coordinates>
			</LineString>
		</MultiGeometry>
	</Placemark>
	<Placemark>
		<name>P-359</name>
		<visibility>0</visibility>
		<description><![CDATA[<div><div><span><b>Altitude:</b></span> <span>0 ft</span></div>
<div><span><b>Speed:</b></span> <span>18 kt - 16 kt</span></div>
<div><span><b>Timestamp:</b></span><br/><span>2023-09-13 03:16:41 UTC<br/>2023-09-13 03:16:47 UTC</span></div>
</div>]]></description>
		<Style>
			<LineStyle>
				<color>ffffffff</color>
				<width>2</width>
			</LineStyle>
		</Style>
		<MultiGeometry>
			<LineString>
				<tessellate>1</tessellate>
				<coordinates>
					126.794861,37.565998,0 126.795349,37.566387,0 
				</coordinates>
			</LineString>
		</MultiGeometry>
	</Placemark>
	<Placemark>
		<name>P-360</name>
		<visibility>0</visibility>
		<description><![CDATA[<div><div><span><b>Altitude:</b></span> <span>0 ft</span></div>
<div><span><b>Speed:</b></span> <span>16 kt</span></div>
<div><span><b>Timestamp:</b></span><br/><span>2023-09-13 03:16:47 UTC<br/>2023-09-13 03:16:55 UTC</span></div>
</div>]]></description>
		<Style>
			<LineStyle>
				<color>ffffffff</color>
				<width>2</width>
			</LineStyle>
		</Style>
		<MultiGeometry>
			<LineString>
				<tessellate>1</tessellate>
				<coordinates>
					126.795349,37.566387,0 126.795837,37.566784,0 
				</coordinates>
			</LineString>
		</MultiGeometry>
	</Placemark>
	<Placemark>
		<name>P-361</name>
		<visibility>0</visibility>
		<description><![CDATA[<div><div><span><b>Altitude:</b></span> <span>0 ft</span></div>
<div><span><b>Speed:</b></span> <span>16 kt - 15 kt</span></div>
<div><span><b>Timestamp:</b></span><br/><span>2023-09-13 03:16:55 UTC<br/>2023-09-13 03:17:00 UTC</span></div>
</div>]]></description>
		<Style>
			<LineStyle>
				<color>ffffffff</color>
				<width>2</width>
			</LineStyle>
		</Style>
		<MultiGeometry>
			<LineString>
				<tessellate>1</tessellate>
				<coordinates>
					126.795837,37.566784,0 126.796211,37.567039,0 
				</coordinates>
			</LineString>
		</MultiGeometry>
	</Placemark>
	<Placemark>
		<name>P-362</name>
		<visibility>0</visibility>
		<description><![CDATA[<div><div><span><b>Altitude:</b></span> <span>0 ft</span></div>
<div><span><b>Speed:</b></span> <span>15 kt - 16 kt</span></div>
<div><span><b>Timestamp:</b></span><br/><span>2023-09-13 03:17:00 UTC<br/>2023-09-13 03:17:03 UTC</span></div>
</div>]]></description>
		<Style>
			<LineStyle>
				<color>ffffffff</color>
				<width>2</width>
			</LineStyle>
		</Style>
		<MultiGeometry>
			<LineString>
				<tessellate>1</tessellate>
				<coordinates>
					126.796211,37.567039,0 126.796478,37.567097,0 
				</coordinates>
			</LineString>
		</MultiGeometry>
	</Placemark>
	<Placemark>
		<name>P-363</name>
		<visibility>0</visibility>
		<description><![CDATA[<div><div><span><b>Altitude:</b></span> <span>0 ft</span></div>
<div><span><b>Speed:</b></span> <span>16 kt</span></div>
<div><span><b>Timestamp:</b></span><br/><span>2023-09-13 03:17:03 UTC<br/>2023-09-13 03:17:06 UTC</span></div>
</div>]]></description>
		<Style>
			<LineStyle>
				<color>ffffffff</color>
				<width>2</width>
			</LineStyle>
		</Style>
		<MultiGeometry>
			<LineString>
				<tessellate>1</tessellate>
				<coordinates>
					126.796478,37.567097,0 126.796745,37.567051,0 
				</coordinates>
			</LineString>
		</MultiGeometry>
	</Placemark>
	<Placemark>
		<name>P-364</name>
		<visibility>0</visibility>
		<description><![CDATA[<div><div><span><b>Altitude:</b></span> <span>0 ft</span></div>
<div><span><b>Speed:</b></span> <span>16 kt</span></div>
<div><span><b>Timestamp:</b></span><br/><span>2023-09-13 03:17:06 UTC<br/>2023-09-13 03:17:09 UTC</span></div>
</div>]]></description>
		<Style>
			<LineStyle>
				<color>ffffffff</color>
				<width>2</width>
			</LineStyle>
		</Style>
		<MultiGeometry>
			<LineString>
				<tessellate>1</tessellate>
				<coordinates>
					126.796745,37.567051,0 126.796951,37.566948,0 
				</coordinates>
			</LineString>
		</MultiGeometry>
	</Placemark>
	<Placemark>
		<name>P-365</name>
		<visibility>0</visibility>
		<description><![CDATA[<div><div><span><b>Altitude:</b></span> <span>0 ft</span></div>
<div><span><b>Speed:</b></span> <span>16 kt</span></div>
<div><span><b>Timestamp:</b></span><br/><span>2023-09-13 03:17:09 UTC<br/>2023-09-13 03:17:12 UTC</span></div>
</div>]]></description>
		<Style>
			<LineStyle>
				<color>ffffffff</color>
				<width>2</width>
			</LineStyle>
		</Style>
		<MultiGeometry>
			<LineString>
				<tessellate>1</tessellate>
				<coordinates>
					126.796951,37.566948,0 126.797157,37.566772,0 
				</coordinates>
			</LineString>
		</MultiGeometry>
	</Placemark>
	<Placemark>
		<name>P-366</name>
		<visibility>0</visibility>
		<description><![CDATA[<div><div><span><b>Altitude:</b></span> <span>0 ft</span></div>
<div><span><b>Speed:</b></span> <span>16 kt - 15 kt</span></div>
<div><span><b>Timestamp:</b></span><br/><span>2023-09-13 03:17:12 UTC<br/>2023-09-13 03:17:15 UTC</span></div>
</div>]]></description>
		<Style>
			<LineStyle>
				<color>ffffffff</color>
				<width>2</width>
			</LineStyle>
		</Style>
		<MultiGeometry>
			<LineString>
				<tessellate>1</tessellate>
				<coordinates>
					126.797157,37.566772,0 126.797379,37.566597,0 
				</coordinates>
			</LineString>
		</MultiGeometry>
	</Placemark>
	<Placemark>
		<name>P-367</name>
		<visibility>0</visibility>
		<description><![CDATA[<div><div><span><b>Altitude:</b></span> <span>0 ft</span></div>
<div><span><b>Speed:</b></span> <span>15 kt - 14 kt</span></div>
<div><span><b>Timestamp:</b></span><br/><span>2023-09-13 03:17:15 UTC<br/>2023-09-13 03:17:19 UTC</span></div>
</div>]]></description>
		<Style>
			<LineStyle>
				<color>ffffffff</color>
				<width>2</width>
			</LineStyle>
		</Style>
		<MultiGeometry>
			<LineString>
				<tessellate>1</tessellate>
				<coordinates>
					126.797379,37.566597,0 126.797615,37.56641,0 
				</coordinates>
			</LineString>
		</MultiGeometry>
	</Placemark>
	<Placemark>
		<name>P-368</name>
		<visibility>0</visibility>
		<description><![CDATA[<div><div><span><b>Altitude:</b></span> <span>0 ft</span></div>
<div><span><b>Speed:</b></span> <span>14 kt</span></div>
<div><span><b>Timestamp:</b></span><br/><span>2023-09-13 03:17:19 UTC<br/>2023-09-13 03:17:23 UTC</span></div>
</div>]]></description>
		<Style>
			<LineStyle>
				<color>ffffffff</color>
				<width>2</width>
			</LineStyle>
		</Style>
		<MultiGeometry>
			<LineString>
				<tessellate>1</tessellate>
				<coordinates>
					126.797615,37.56641,0 126.797905,37.566296,0 
				</coordinates>
			</LineString>
		</MultiGeometry>
	</Placemark>
	<Placemark>
		<name>P-369</name>
		<visibility>0</visibility>
		<description><![CDATA[<div><div><span><b>Altitude:</b></span> <span>0 ft</span></div>
<div><span><b>Speed:</b></span> <span>14 kt</span></div>
<div><span><b>Timestamp:</b></span><br/><span>2023-09-13 03:17:23 UTC<br/>2023-09-13 03:17:26 UTC</span></div>
</div>]]></description>
		<Style>
			<LineStyle>
				<color>ffffffff</color>
				<width>2</width>
			</LineStyle>
		</Style>
		<MultiGeometry>
			<LineString>
				<tessellate>1</tessellate>
				<coordinates>
					126.797905,37.566296,0 126.798149,37.566307,0 
				</coordinates>
			</LineString>
		</MultiGeometry>
	</Placemark>
	<Placemark>
		<name>P-370</name>
		<visibility>0</visibility>
		<description><![CDATA[<div><div><span><b>Altitude:</b></span> <span>0 ft</span></div>
<div><span><b>Speed:</b></span> <span>14 kt - 15 kt</span></div>
<div><span><b>Timestamp:</b></span><br/><span>2023-09-13 03:17:26 UTC<br/>2023-09-13 03:17:29 UTC</span></div>
</div>]]></description>
		<Style>
			<LineStyle>
				<color>ffffffff</color>
				<width>2</width>
			</LineStyle>
		</Style>
		<MultiGeometry>
			<LineString>
				<tessellate>1</tessellate>
				<coordinates>
					126.798149,37.566307,0 126.798386,37.56641,0 
				</coordinates>
			</LineString>
		</MultiGeometry>
	</Placemark>
	<Placemark>
		<name>P-371</name>
		<visibility>0</visibility>
		<description><![CDATA[<div><div><span><b>Altitude:</b></span> <span>0 ft</span></div>
<div><span><b>Speed:</b></span> <span>15 kt</span></div>
<div><span><b>Timestamp:</b></span><br/><span>2023-09-13 03:17:29 UTC<br/>2023-09-13 03:17:33 UTC</span></div>
</div>]]></description>
		<Style>
			<LineStyle>
				<color>ffffffff</color>
				<width>2</width>
			</LineStyle>
		</Style>
		<MultiGeometry>
			<LineString>
				<tessellate>1</tessellate>
				<coordinates>
					126.798386,37.56641,0 126.79863,37.566631,0 
				</coordinates>
			</LineString>
		</MultiGeometry>
	</Placemark>
	<Placemark>
		<name>P-372</name>
		<visibility>0</visibility>
		<description><![CDATA[<div><div><span><b>Altitude:</b></span> <span>0 ft</span></div>
<div><span><b>Speed:</b></span> <span>15 kt</span></div>
<div><span><b>Timestamp:</b></span><br/><span>2023-09-13 03:17:33 UTC<br/>2023-09-13 03:17:36 UTC</span></div>
</div>]]></description>
		<Style>
			<LineStyle>
				<color>ffffffff</color>
				<width>2</width>
			</LineStyle>
		</Style>
		<MultiGeometry>
			<LineString>
				<tessellate>1</tessellate>
				<coordinates>
					126.79863,37.566631,0 126.798843,37.566795,0 
				</coordinates>
			</LineString>
		</MultiGeometry>
	</Placemark>
	<Placemark>
		<name>P-373</name>
		<visibility>0</visibility>
		<description><![CDATA[<div><div><span><b>Altitude:</b></span> <span>0 ft</span></div>
<div><span><b>Speed:</b></span> <span>15 kt - 16 kt</span></div>
<div><span><b>Timestamp:</b></span><br/><span>2023-09-13 03:17:36 UTC<br/>2023-09-13 03:17:40 UTC</span></div>
</div>]]></description>
		<Style>
			<LineStyle>
				<color>ffffffff</color>
				<width>2</width>
			</LineStyle>
		</Style>
		<MultiGeometry>
			<LineString>
				<tessellate>1</tessellate>
				<coordinates>
					126.798843,37.566795,0 126.799133,37.567028,0 
				</coordinates>
			</LineString>
		</MultiGeometry>
	</Placemark>
	<Placemark>
		<name>P-374</name>
		<visibility>0</visibility>
		<description><![CDATA[<div><div><span><b>Altitude:</b></span> <span>0 ft</span></div>
<div><span><b>Speed:</b></span> <span>16 kt</span></div>
<div><span><b>Timestamp:</b></span><br/><span>2023-09-13 03:17:40 UTC<br/>2023-09-13 03:17:44 UTC</span></div>
</div>]]></description>
		<Style>
			<LineStyle>
				<color>ffffffff</color>
				<width>2</width>
			</LineStyle>
		</Style>
		<MultiGeometry>
			<LineString>
				<tessellate>1</tessellate>
				<coordinates>
					126.799133,37.567028,0 126.799393,37.567245,0 
				</coordinates>
			</LineString>
		</MultiGeometry>
	</Placemark>
	<Placemark>
		<name>P-375</name>
		<visibility>0</visibility>
		<description><![CDATA[<div><div><span><b>Altitude:</b></span> <span>0 ft</span></div>
<div><span><b>Speed:</b></span> <span>16 kt - 17 kt</span></div>
<div><span><b>Timestamp:</b></span><br/><span>2023-09-13 03:17:44 UTC<br/>2023-09-13 03:17:51 UTC</span></div>
</div>]]></description>
		<Style>
			<LineStyle>
				<color>ffffffff</color>
				<width>2</width>
			</LineStyle>
		</Style>
		<MultiGeometry>
			<LineString>
				<tessellate>1</tessellate>
				<coordinates>
					126.799393,37.567245,0 126.799904,37.567646,0 
				</coordinates>
			</LineString>
		</MultiGeometry>
	</Placemark>
	<Placemark>
		<name>P-376</name>
		<visibility>0</visibility>
		<description><![CDATA[<div><div><span><b>Altitude:</b></span> <span>0 ft</span></div>
<div><span><b>Speed:</b></span> <span>17 kt - 18 kt</span></div>
<div><span><b>Timestamp:</b></span><br/><span>2023-09-13 03:17:51 UTC<br/>2023-09-13 03:17:59 UTC</span></div>
</div>]]></description>
		<Style>
			<LineStyle>
				<color>ffffffff</color>
				<width>2</width>
			</LineStyle>
		</Style>
		<MultiGeometry>
			<LineString>
				<tessellate>1</tessellate>
				<coordinates>
					126.799904,37.567646,0 126.800507,37.568127,0 
				</coordinates>
			</LineString>
		</MultiGeometry>
	</Placemark>
	<Placemark>
		<name>P-377</name>
		<visibility>0</visibility>
		<description><![CDATA[<div><div><span><b>Altitude:</b></span> <span>0 ft</span></div>
<div><span><b>Speed:</b></span> <span>18 kt - 17 kt</span></div>
<div><span><b>Timestamp:</b></span><br/><span>2023-09-13 03:17:59 UTC<br/>2023-09-13 03:18:05 UTC</span></div>
</div>]]></description>
		<Style>
			<LineStyle>
				<color>ffffffff</color>
				<width>2</width>
			</LineStyle>
		</Style>
		<MultiGeometry>
			<LineString>
				<tessellate>1</tessellate>
				<coordinates>
					126.800507,37.568127,0 126.800987,37.568504,0 
				</coordinates>
			</LineString>
		</MultiGeometry>
	</Placemark>
	<Placemark>
		<name>P-378</name>
		<visibility>0</visibility>
		<description><![CDATA[<div><div><span><b>Altitude:</b></span> <span>0 ft</span></div>
<div><span><b>Speed:</b></span> <span>17 kt - 15 kt</span></div>
<div><span><b>Timestamp:</b></span><br/><span>2023-09-13 03:18:05 UTC<br/>2023-09-13 03:18:11 UTC</span></div>
</div>]]></description>
		<Style>
			<LineStyle>
				<color>ffffffff</color>
				<width>2</width>
			</LineStyle>
		</Style>
		<MultiGeometry>
			<LineString>
				<tessellate>1</tessellate>
				<coordinates>
					126.800987,37.568504,0 126.801331,37.56881,0 
				</coordinates>
			</LineString>
		</MultiGeometry>
	</Placemark>
	<Placemark>
		<name>P-379</name>
		<visibility>0</visibility>
		<description><![CDATA[<div><div><span><b>Altitude:</b></span> <span>0 ft</span></div>
<div><span><b>Speed:</b></span> <span>15 kt - 13 kt</span></div>
<div><span><b>Timestamp:</b></span><br/><span>2023-09-13 03:18:11 UTC<br/>2023-09-13 03:18:15 UTC</span></div>
</div>]]></description>
		<Style>
			<LineStyle>
				<color>ffffffff</color>
				<width>2</width>
			</LineStyle>
		</Style>
		<MultiGeometry>
			<LineString>
				<tessellate>1</tessellate>
				<coordinates>
					126.801331,37.56881,0 126.801392,37.569042,0 
				</coordinates>
			</LineString>
		</MultiGeometry>
	</Placemark>
	<Placemark>
		<name>P-380</name>
		<visibility>0</visibility>
		<description><![CDATA[<div><div><span><b>Altitude:</b></span> <span>0 ft</span></div>
<div><span><b>Speed:</b></span> <span>13 kt - 11 kt</span></div>
<div><span><b>Timestamp:</b></span><br/><span>2023-09-13 03:18:15 UTC<br/>2023-09-13 03:18:20 UTC</span></div>
</div>]]></description>
		<Style>
			<LineStyle>
				<color>ffffffff</color>
				<width>2</width>
			</LineStyle>
		</Style>
		<MultiGeometry>
			<LineString>
				<tessellate>1</tessellate>
				<coordinates>
					126.801392,37.569042,0 126.801262,37.569283,0 
				</coordinates>
			</LineString>
		</MultiGeometry>
	</Placemark>
	<Placemark>
		<name>P-381</name>
		<visibility>0</visibility>
		<description><![CDATA[<div><div><span><b>Altitude:</b></span> <span>0 ft</span></div>
<div><span><b>Speed:</b></span> <span>11 kt - 9 kt</span></div>
<div><span><b>Timestamp:</b></span><br/><span>2023-09-13 03:18:20 UTC<br/>2023-09-13 03:18:28 UTC</span></div>
</div>]]></description>
		<Style>
			<LineStyle>
				<color>ffffffff</color>
				<width>2</width>
			</LineStyle>
		</Style>
		<MultiGeometry>
			<LineString>
				<tessellate>1</tessellate>
				<coordinates>
					126.801262,37.569283,0 126.801155,37.569576,0 
				</coordinates>
			</LineString>
		</MultiGeometry>
	</Placemark>
	<Placemark>
		<name>P-382</name>
		<visibility>0</visibility>
		<description><![CDATA[<div><div><span><b>Altitude:</b></span> <span>0 ft</span></div>
<div><span><b>Speed:</b></span> <span>9 kt</span></div>
<div><span><b>Timestamp:</b></span><br/><span>2023-09-13 03:18:28 UTC<br/>2023-09-13 03:18:34 UTC</span></div>
</div>]]></description>
		<Style>
			<LineStyle>
				<color>ffffffff</color>
				<width>2</width>
			</LineStyle>
		</Style>
		<MultiGeometry>
			<LineString>
				<tessellate>1</tessellate>
				<coordinates>
					126.801155,37.569576,0 126.801392,37.569775,0 
				</coordinates>
			</LineString>
		</MultiGeometry>
	</Placemark>
	<Placemark>
		<name>P-383</name>
		<visibility>0</visibility>
		<description><![CDATA[<div><div><span><b>Altitude:</b></span> <span>0 ft</span></div>
<div><span><b>Speed:</b></span> <span>9 kt - 6 kt</span></div>
<div><span><b>Timestamp:</b></span><br/><span>2023-09-13 03:18:34 UTC<br/>2023-09-13 03:18:42 UTC</span></div>
</div>]]></description>
		<Style>
			<LineStyle>
				<color>ffffffff</color>
				<width>2</width>
			</LineStyle>
		</Style>
		<MultiGeometry>
			<LineString>
				<tessellate>1</tessellate>
				<coordinates>
					126.801392,37.569775,0 126.801628,37.569969,0 
				</coordinates>
			</LineString>
		</MultiGeometry>
	</Placemark>
	<Placemark>
		<name>P-384</name>
		<visibility>0</visibility>
		<description><![CDATA[<div><div><span><b>Altitude:</b></span> <span>0 ft</span></div>
<div><span><b>Speed:</b></span> <span>6 kt - 0 kt</span></div>
<div><span><b>Timestamp:</b></span><br/><span>2023-09-13 03:18:42 UTC<br/>2023-09-13 03:18:59 UTC</span></div>
</div>]]></description>
		<Style>
			<LineStyle>
				<color>ffffffff</color>
				<width>2</width>
			</LineStyle>
		</Style>
		<MultiGeometry>
			<LineString>
				<tessellate>1</tessellate>
				<coordinates>
					126.801628,37.569969,0 126.801369,37.56974,0 
				</coordinates>
			</LineString>
		</MultiGeometry>
	</Placemark>
	<atom:link rel="app" href="https://www.google.com/earth/about/versions/#earth-pro" title="Google Earth Pro 7.3.7.1155"></atom:link>
</Folder>
</kml>
