<?xml version="1.0" encoding="UTF-8"?>
<kml xmlns="http://www.opengis.net/kml/2.2" xmlns:gx="http://www.google.com/kml/ext/2.2" xmlns:kml="http://www.opengis.net/kml/2.2" xmlns:atom="http://www.w3.org/2005/Atom">
<Folder>
	<name>CJU-GMP RWY32</name>
	<visibility>0</visibility>
	<Placemark>
		<name>P-1</name>
		<visibility>0</visibility>
		<description><![CDATA[<div><div><span><b>Altitude:</b></span> <span>0 ft</span></div>
<div><span><b>Speed:</b></span> <span>0 kt - 6 kt</span></div>
<div><span><b>Timestamp:</b></span><br/><span>2024-03-20 02:51:13 UTC<br/>2024-03-20 03:22:42 UTC</span></div>
</div>]]></description>
		<Style>
			<LineStyle>
				<color>88000000</color>
				<width>2</width>
			</LineStyle>
		</Style>
		<MultiGeometry>
			<LineString>
				<tessellate>1</tessellate>
				<coordinates>
					126.489403,33.507969,0 126.489265,33.508186,0 
				</coordinates>
			</LineString>
		</MultiGeometry>
	</Placemark>
	<Placemark>
		<name>P-2</name>
		<visibility>0</visibility>
		<description><![CDATA[<div><div><span><b>Altitude:</b></span> <span>0 ft</span></div>
<div><span><b>Speed:</b></span> <span>6 kt - 9 kt</span></div>
<div><span><b>Timestamp:</b></span><br/><span>2024-03-20 03:22:42 UTC<br/>2024-03-20 03:22:49 UTC</span></div>
</div>]]></description>
		<Style>
			<LineStyle>
				<color>ffffffff</color>
				<width>2</width>
			</LineStyle>
		</Style>
		<MultiGeometry>
			<LineString>
				<tessellate>1</tessellate>
				<coordinates>
					126.489265,33.508186,0 126.489098,33.508442,0 
				</coordinates>
			</LineString>
		</MultiGeometry>
	</Placemark>
	<Placemark>
		<name>P-3</name>
		<visibility>0</visibility>
		<description><![CDATA[<div><div><span><b>Altitude:</b></span> <span>0 ft</span></div>
<div><span><b>Speed:</b></span> <span>9 kt - 7 kt</span></div>
<div><span><b>Timestamp:</b></span><br/><span>2024-03-20 03:22:49 UTC<br/>2024-03-20 03:22:57 UTC</span></div>
</div>]]></description>
		<Style>
			<LineStyle>
				<color>ffffffff</color>
				<width>2</width>
			</LineStyle>
		</Style>
		<MultiGeometry>
			<LineString>
				<tessellate>1</tessellate>
				<coordinates>
					126.489098,33.508442,0 126.48922,33.508656,0 
				</coordinates>
			</LineString>
		</MultiGeometry>
	</Placemark>
	<Placemark>
		<name>P-4</name>
		<visibility>0</visibility>
		<description><![CDATA[<div><div><span><b>Altitude:</b></span> <span>0 ft</span></div>
<div><span><b>Speed:</b></span> <span>7 kt</span></div>
<div><span><b>Timestamp:</b></span><br/><span>2024-03-20 03:22:57 UTC<br/>2024-03-20 03:23:03 UTC</span></div>
</div>]]></description>
		<Style>
			<LineStyle>
				<color>ffffffff</color>
				<width>2</width>
			</LineStyle>
		</Style>
		<MultiGeometry>
			<LineString>
				<tessellate>1</tessellate>
				<coordinates>
					126.48922,33.508656,0 126.489433,33.508755,0 
				</coordinates>
			</LineString>
		</MultiGeometry>
	</Placemark>
	<Placemark>
		<name>P-5</name>
		<visibility>0</visibility>
		<description><![CDATA[<div><div><span><b>Altitude:</b></span> <span>0 ft</span></div>
<div><span><b>Speed:</b></span> <span>7 kt - 8 kt</span></div>
<div><span><b>Timestamp:</b></span><br/><span>2024-03-20 03:23:03 UTC<br/>2024-03-20 03:23:09 UTC</span></div>
</div>]]></description>
		<Style>
			<LineStyle>
				<color>ffffffff</color>
				<width>2</width>
			</LineStyle>
		</Style>
		<MultiGeometry>
			<LineString>
				<tessellate>1</tessellate>
				<coordinates>
					126.489433,33.508755,0 126.489677,33.508884,0 
				</coordinates>
			</LineString>
		</MultiGeometry>
	</Placemark>
	<Placemark>
		<name>P-6</name>
		<visibility>0</visibility>
		<description><![CDATA[<div><div><span><b>Altitude:</b></span> <span>0 ft</span></div>
<div><span><b>Speed:</b></span> <span>8 kt - 10 kt</span></div>
<div><span><b>Timestamp:</b></span><br/><span>2024-03-20 03:23:09 UTC<br/>2024-03-20 03:23:15 UTC</span></div>
</div>]]></description>
		<Style>
			<LineStyle>
				<color>ffffffff</color>
				<width>2</width>
			</LineStyle>
		</Style>
		<MultiGeometry>
			<LineString>
				<tessellate>1</tessellate>
				<coordinates>
					126.489677,33.508884,0 126.489906,33.508999,0 
				</coordinates>
			</LineString>
		</MultiGeometry>
	</Placemark>
	<Placemark>
		<name>P-7</name>
		<visibility>0</visibility>
		<description><![CDATA[<div><div><span><b>Altitude:</b></span> <span>0 ft</span></div>
<div><span><b>Speed:</b></span> <span>10 kt - 11 kt</span></div>
<div><span><b>Timestamp:</b></span><br/><span>2024-03-20 03:23:15 UTC<br/>2024-03-20 03:23:21 UTC</span></div>
</div>]]></description>
		<Style>
			<LineStyle>
				<color>ffffffff</color>
				<width>2</width>
			</LineStyle>
		</Style>
		<MultiGeometry>
			<LineString>
				<tessellate>1</tessellate>
				<coordinates>
					126.489906,33.508999,0 126.490265,33.509182,0 
				</coordinates>
			</LineString>
		</MultiGeometry>
	</Placemark>
	<Placemark>
		<name>P-8</name>
		<visibility>0</visibility>
		<description><![CDATA[<div><div><span><b>Altitude:</b></span> <span>0 ft</span></div>
<div><span><b>Speed:</b></span> <span>11 kt - 12 kt</span></div>
<div><span><b>Timestamp:</b></span><br/><span>2024-03-20 03:23:21 UTC<br/>2024-03-20 03:23:29 UTC</span></div>
</div>]]></description>
		<Style>
			<LineStyle>
				<color>ffffffff</color>
				<width>2</width>
			</LineStyle>
		</Style>
		<MultiGeometry>
			<LineString>
				<tessellate>1</tessellate>
				<coordinates>
					126.490265,33.509182,0 126.490685,33.509396,0 
				</coordinates>
			</LineString>
		</MultiGeometry>
	</Placemark>
	<Placemark>
		<name>P-9</name>
		<visibility>0</visibility>
		<description><![CDATA[<div><div><span><b>Altitude:</b></span> <span>0 ft</span></div>
<div><span><b>Speed:</b></span> <span>12 kt - 13 kt</span></div>
<div><span><b>Timestamp:</b></span><br/><span>2024-03-20 03:23:29 UTC<br/>2024-03-20 03:23:36 UTC</span></div>
</div>]]></description>
		<Style>
			<LineStyle>
				<color>ffffffff</color>
				<width>2</width>
			</LineStyle>
		</Style>
		<MultiGeometry>
			<LineString>
				<tessellate>1</tessellate>
				<coordinates>
					126.490685,33.509396,0 126.491142,33.50964,0 
				</coordinates>
			</LineString>
		</MultiGeometry>
	</Placemark>
	<Placemark>
		<name>P-10</name>
		<visibility>0</visibility>
		<description><![CDATA[<div><div><span><b>Altitude:</b></span> <span>0 ft</span></div>
<div><span><b>Speed:</b></span> <span>13 kt - 14 kt</span></div>
<div><span><b>Timestamp:</b></span><br/><span>2024-03-20 03:23:36 UTC<br/>2024-03-20 03:23:44 UTC</span></div>
</div>]]></description>
		<Style>
			<LineStyle>
				<color>ffffffff</color>
				<width>2</width>
			</LineStyle>
		</Style>
		<MultiGeometry>
			<LineString>
				<tessellate>1</tessellate>
				<coordinates>
					126.491142,33.50964,0 126.491669,33.509903,0 
				</coordinates>
			</LineString>
		</MultiGeometry>
	</Placemark>
	<Placemark>
		<name>P-11</name>
		<visibility>0</visibility>
		<description><![CDATA[<div><div><span><b>Altitude:</b></span> <span>0 ft</span></div>
<div><span><b>Speed:</b></span> <span>14 kt</span></div>
<div><span><b>Timestamp:</b></span><br/><span>2024-03-20 03:23:44 UTC<br/>2024-03-20 03:23:51 UTC</span></div>
</div>]]></description>
		<Style>
			<LineStyle>
				<color>ffffffff</color>
				<width>2</width>
			</LineStyle>
		</Style>
		<MultiGeometry>
			<LineString>
				<tessellate>1</tessellate>
				<coordinates>
					126.491669,33.509903,0 126.492119,33.510132,0 
				</coordinates>
			</LineString>
		</MultiGeometry>
	</Placemark>
	<Placemark>
		<name>P-12</name>
		<visibility>0</visibility>
		<description><![CDATA[<div><div><span><b>Altitude:</b></span> <span>0 ft</span></div>
<div><span><b>Speed:</b></span> <span>14 kt - 9 kt</span></div>
<div><span><b>Timestamp:</b></span><br/><span>2024-03-20 03:23:51 UTC<br/>2024-03-20 03:23:59 UTC</span></div>
</div>]]></description>
		<Style>
			<LineStyle>
				<color>ffffffff</color>
				<width>2</width>
			</LineStyle>
		</Style>
		<MultiGeometry>
			<LineString>
				<tessellate>1</tessellate>
				<coordinates>
					126.492119,33.510132,0 126.492531,33.510349,0 
				</coordinates>
			</LineString>
		</MultiGeometry>
	</Placemark>
	<Placemark>
		<name>P-13</name>
		<visibility>0</visibility>
		<description><![CDATA[<div><div><span><b>Altitude:</b></span> <span>0 ft</span></div>
<div><span><b>Speed:</b></span> <span>9 kt - 6 kt</span></div>
<div><span><b>Timestamp:</b></span><br/><span>2024-03-20 03:23:59 UTC<br/>2024-03-20 03:24:08 UTC</span></div>
</div>]]></description>
		<Style>
			<LineStyle>
				<color>ffffffff</color>
				<width>2</width>
			</LineStyle>
		</Style>
		<MultiGeometry>
			<LineString>
				<tessellate>1</tessellate>
				<coordinates>
					126.492531,33.510349,0 126.492821,33.510498,0 
				</coordinates>
			</LineString>
		</MultiGeometry>
	</Placemark>
	<Placemark>
		<name>P-14</name>
		<visibility>0</visibility>
		<description><![CDATA[<div><div><span><b>Altitude:</b></span> <span>0 ft</span></div>
<div><span><b>Speed:</b></span> <span>6 kt - 0 kt</span></div>
<div><span><b>Timestamp:</b></span><br/><span>2024-03-20 03:24:08 UTC<br/>2024-03-20 03:24:38 UTC</span></div>
</div>]]></description>
		<Style>
			<LineStyle>
				<color>ffffffff</color>
				<width>2</width>
			</LineStyle>
		</Style>
		<MultiGeometry>
			<LineString>
				<tessellate>1</tessellate>
				<coordinates>
					126.492821,33.510498,0 126.49411,33.511162,0 
				</coordinates>
			</LineString>
		</MultiGeometry>
	</Placemark>
	<Placemark>
		<name>P-15</name>
		<visibility>0</visibility>
		<description><![CDATA[<div><div><span><b>Altitude:</b></span> <span>0 ft</span></div>
<div><span><b>Speed:</b></span> <span>0 kt - 13 kt</span></div>
<div><span><b>Timestamp:</b></span><br/><span>2024-03-20 03:24:38 UTC<br/>2024-03-20 03:24:44 UTC</span></div>
</div>]]></description>
		<Style>
			<LineStyle>
				<color>ffffffff</color>
				<width>2</width>
			</LineStyle>
		</Style>
		<MultiGeometry>
			<LineString>
				<tessellate>1</tessellate>
				<coordinates>
					126.49411,33.511162,0 126.494522,33.511372,0 
				</coordinates>
			</LineString>
		</MultiGeometry>
	</Placemark>
	<Placemark>
		<name>P-16</name>
		<visibility>0</visibility>
		<description><![CDATA[<div><div><span><b>Altitude:</b></span> <span>0 ft</span></div>
<div><span><b>Speed:</b></span> <span>13 kt - 14 kt</span></div>
<div><span><b>Timestamp:</b></span><br/><span>2024-03-20 03:24:44 UTC<br/>2024-03-20 03:25:01 UTC</span></div>
</div>]]></description>
		<Style>
			<LineStyle>
				<color>ffffffff</color>
				<width>2</width>
			</LineStyle>
		</Style>
		<MultiGeometry>
			<LineString>
				<tessellate>1</tessellate>
				<coordinates>
					126.494522,33.511372,0 126.495743,33.512001,0 
				</coordinates>
			</LineString>
		</MultiGeometry>
	</Placemark>
	<Placemark>
		<name>P-17</name>
		<visibility>0</visibility>
		<description><![CDATA[<div><div><span><b>Altitude:</b></span> <span>0 ft</span></div>
<div><span><b>Speed:</b></span> <span>14 kt</span></div>
<div><span><b>Timestamp:</b></span><br/><span>2024-03-20 03:25:01 UTC<br/>2024-03-20 03:25:10 UTC</span></div>
</div>]]></description>
		<Style>
			<LineStyle>
				<color>ffffffff</color>
				<width>2</width>
			</LineStyle>
		</Style>
		<MultiGeometry>
			<LineString>
				<tessellate>1</tessellate>
				<coordinates>
					126.495743,33.512001,0 126.496277,33.512283,0 
				</coordinates>
			</LineString>
		</MultiGeometry>
	</Placemark>
	<Placemark>
		<name>P-18</name>
		<visibility>0</visibility>
		<description><![CDATA[<div><div><span><b>Altitude:</b></span> <span>0 ft</span></div>
<div><span><b>Speed:</b></span> <span>14 kt</span></div>
<div><span><b>Timestamp:</b></span><br/><span>2024-03-20 03:25:10 UTC<br/>2024-03-20 03:25:17 UTC</span></div>
</div>]]></description>
		<Style>
			<LineStyle>
				<color>ffffffff</color>
				<width>2</width>
			</LineStyle>
		</Style>
		<MultiGeometry>
			<LineString>
				<tessellate>1</tessellate>
				<coordinates>
					126.496277,33.512283,0 126.496704,33.512501,0 
				</coordinates>
			</LineString>
		</MultiGeometry>
	</Placemark>
	<Placemark>
		<name>P-19</name>
		<visibility>0</visibility>
		<description><![CDATA[<div><div><span><b>Altitude:</b></span> <span>0 ft</span></div>
<div><span><b>Speed:</b></span> <span>14 kt - 12 kt</span></div>
<div><span><b>Timestamp:</b></span><br/><span>2024-03-20 03:25:17 UTC<br/>2024-03-20 03:25:25 UTC</span></div>
</div>]]></description>
		<Style>
			<LineStyle>
				<color>ffffffff</color>
				<width>2</width>
			</LineStyle>
		</Style>
		<MultiGeometry>
			<LineString>
				<tessellate>1</tessellate>
				<coordinates>
					126.496704,33.512501,0 126.497253,33.512775,0 
				</coordinates>
			</LineString>
		</MultiGeometry>
	</Placemark>
	<Placemark>
		<name>P-20</name>
		<visibility>0</visibility>
		<description><![CDATA[<div><div><span><b>Altitude:</b></span> <span>0 ft</span></div>
<div><span><b>Speed:</b></span> <span>12 kt - 11 kt</span></div>
<div><span><b>Timestamp:</b></span><br/><span>2024-03-20 03:25:25 UTC<br/>2024-03-20 03:25:33 UTC</span></div>
</div>]]></description>
		<Style>
			<LineStyle>
				<color>ffffffff</color>
				<width>2</width>
			</LineStyle>
		</Style>
		<MultiGeometry>
			<LineString>
				<tessellate>1</tessellate>
				<coordinates>
					126.497253,33.512775,0 126.497711,33.513004,0 
				</coordinates>
			</LineString>
		</MultiGeometry>
	</Placemark>
	<Placemark>
		<name>P-21</name>
		<visibility>0</visibility>
		<description><![CDATA[<div><div><span><b>Altitude:</b></span> <span>0 ft</span></div>
<div><span><b>Speed:</b></span> <span>11 kt - 10 kt</span></div>
<div><span><b>Timestamp:</b></span><br/><span>2024-03-20 03:25:33 UTC<br/>2024-03-20 03:25:40 UTC</span></div>
</div>]]></description>
		<Style>
			<LineStyle>
				<color>ffffffff</color>
				<width>2</width>
			</LineStyle>
		</Style>
		<MultiGeometry>
			<LineString>
				<tessellate>1</tessellate>
				<coordinates>
					126.497711,33.513004,0 126.498055,33.513187,0 
				</coordinates>
			</LineString>
		</MultiGeometry>
	</Placemark>
	<Placemark>
		<name>P-22</name>
		<visibility>0</visibility>
		<description><![CDATA[<div><div><span><b>Altitude:</b></span> <span>0 ft</span></div>
<div><span><b>Speed:</b></span> <span>10 kt - 8 kt</span></div>
<div><span><b>Timestamp:</b></span><br/><span>2024-03-20 03:25:40 UTC<br/>2024-03-20 03:25:47 UTC</span></div>
</div>]]></description>
		<Style>
			<LineStyle>
				<color>ffffffff</color>
				<width>2</width>
			</LineStyle>
		</Style>
		<MultiGeometry>
			<LineString>
				<tessellate>1</tessellate>
				<coordinates>
					126.498055,33.513187,0 126.498268,33.513359,0 
				</coordinates>
			</LineString>
		</MultiGeometry>
	</Placemark>
	<Placemark>
		<name>P-23</name>
		<visibility>0</visibility>
		<description><![CDATA[<div><div><span><b>Altitude:</b></span> <span>0 ft</span></div>
<div><span><b>Speed:</b></span> <span>8 kt - 7 kt</span></div>
<div><span><b>Timestamp:</b></span><br/><span>2024-03-20 03:25:47 UTC<br/>2024-03-20 03:25:54 UTC</span></div>
</div>]]></description>
		<Style>
			<LineStyle>
				<color>ffffffff</color>
				<width>2</width>
			</LineStyle>
		</Style>
		<MultiGeometry>
			<LineString>
				<tessellate>1</tessellate>
				<coordinates>
					126.498268,33.513359,0 126.498352,33.513565,0 
				</coordinates>
			</LineString>
		</MultiGeometry>
	</Placemark>
	<Placemark>
		<name>P-24</name>
		<visibility>0</visibility>
		<description><![CDATA[<div><div><span><b>Altitude:</b></span> <span>0 ft</span></div>
<div><span><b>Speed:</b></span> <span>7 kt - 6 kt</span></div>
<div><span><b>Timestamp:</b></span><br/><span>2024-03-20 03:25:54 UTC<br/>2024-03-20 03:26:01 UTC</span></div>
</div>]]></description>
		<Style>
			<LineStyle>
				<color>ffffffff</color>
				<width>2</width>
			</LineStyle>
		</Style>
		<MultiGeometry>
			<LineString>
				<tessellate>1</tessellate>
				<coordinates>
					126.498352,33.513565,0 126.498337,33.513771,0 
				</coordinates>
			</LineString>
		</MultiGeometry>
	</Placemark>
	<Placemark>
		<name>P-25</name>
		<visibility>0</visibility>
		<description><![CDATA[<div><div><span><b>Altitude:</b></span> <span>0 ft</span></div>
<div><span><b>Speed:</b></span> <span>6 kt - 0 kt</span></div>
<div><span><b>Timestamp:</b></span><br/><span>2024-03-20 03:26:01 UTC<br/>2024-03-20 03:30:09 UTC</span></div>
</div>]]></description>
		<Style>
			<LineStyle>
				<color>ffffffff</color>
				<width>2</width>
			</LineStyle>
		</Style>
		<MultiGeometry>
			<LineString>
				<tessellate>1</tessellate>
				<coordinates>
					126.498337,33.513771,0 126.498169,33.513981,0 
				</coordinates>
			</LineString>
		</MultiGeometry>
	</Placemark>
	<Placemark>
		<name>P-26</name>
		<visibility>0</visibility>
		<description><![CDATA[<div><div><span><b>Altitude:</b></span> <span>0 ft</span></div>
<div><span><b>Speed:</b></span> <span>0 kt - 8 kt</span></div>
<div><span><b>Timestamp:</b></span><br/><span>2024-03-20 03:30:09 UTC<br/>2024-03-20 03:30:18 UTC</span></div>
</div>]]></description>
		<Style>
			<LineStyle>
				<color>ffffffff</color>
				<width>2</width>
			</LineStyle>
		</Style>
		<MultiGeometry>
			<LineString>
				<tessellate>1</tessellate>
				<coordinates>
					126.498169,33.513981,0 126.497986,33.514214,0 
				</coordinates>
			</LineString>
		</MultiGeometry>
	</Placemark>
	<Placemark>
		<name>P-27</name>
		<visibility>0</visibility>
		<description><![CDATA[<div><div><span><b>Altitude:</b></span> <span>0 ft</span></div>
<div><span><b>Speed:</b></span> <span>8 kt - 9 kt</span></div>
<div><span><b>Timestamp:</b></span><br/><span>2024-03-20 03:30:18 UTC<br/>2024-03-20 03:30:26 UTC</span></div>
</div>]]></description>
		<Style>
			<LineStyle>
				<color>ffffffff</color>
				<width>2</width>
			</LineStyle>
		</Style>
		<MultiGeometry>
			<LineString>
				<tessellate>1</tessellate>
				<coordinates>
					126.497986,33.514214,0 126.497765,33.514446,0 
				</coordinates>
			</LineString>
		</MultiGeometry>
	</Placemark>
	<Placemark>
		<name>P-28</name>
		<visibility>0</visibility>
		<description><![CDATA[<div><div><span><b>Altitude:</b></span> <span>0 ft</span></div>
<div><span><b>Speed:</b></span> <span>9 kt</span></div>
<div><span><b>Timestamp:</b></span><br/><span>2024-03-20 03:30:26 UTC<br/>2024-03-20 03:30:32 UTC</span></div>
</div>]]></description>
		<Style>
			<LineStyle>
				<color>ffffffff</color>
				<width>2</width>
			</LineStyle>
		</Style>
		<MultiGeometry>
			<LineString>
				<tessellate>1</tessellate>
				<coordinates>
					126.497765,33.514446,0 126.497536,33.514633,0 
				</coordinates>
			</LineString>
		</MultiGeometry>
	</Placemark>
	<Placemark>
		<name>P-29</name>
		<visibility>0</visibility>
		<description><![CDATA[<div><div><span><b>Altitude:</b></span> <span>0 ft</span></div>
<div><span><b>Speed:</b></span> <span>9 kt - 8 kt</span></div>
<div><span><b>Timestamp:</b></span><br/><span>2024-03-20 03:30:32 UTC<br/>2024-03-20 03:30:40 UTC</span></div>
</div>]]></description>
		<Style>
			<LineStyle>
				<color>ffffffff</color>
				<width>2</width>
			</LineStyle>
		</Style>
		<MultiGeometry>
			<LineString>
				<tessellate>1</tessellate>
				<coordinates>
					126.497536,33.514633,0 126.497215,33.514702,0 
				</coordinates>
			</LineString>
		</MultiGeometry>
	</Placemark>
	<Placemark>
		<name>P-30</name>
		<visibility>0</visibility>
		<description><![CDATA[<div><div><span><b>Altitude:</b></span> <span>0 ft</span></div>
<div><span><b>Speed:</b></span> <span>8 kt - 6 kt</span></div>
<div><span><b>Timestamp:</b></span><br/><span>2024-03-20 03:30:40 UTC<br/>2024-03-20 03:30:48 UTC</span></div>
</div>]]></description>
		<Style>
			<LineStyle>
				<color>ffffffff</color>
				<width>2</width>
			</LineStyle>
		</Style>
		<MultiGeometry>
			<LineString>
				<tessellate>1</tessellate>
				<coordinates>
					126.497215,33.514702,0 126.496979,33.514572,0 
				</coordinates>
			</LineString>
		</MultiGeometry>
	</Placemark>
	<Placemark>
		<name>P-31</name>
		<visibility>0</visibility>
		<description><![CDATA[<div><div><span><b>Altitude:</b></span> <span>0 ft</span></div>
<div><span><b>Speed:</b></span> <span>6 kt - 8 kt</span></div>
<div><span><b>Timestamp:</b></span><br/><span>2024-03-20 03:30:48 UTC<br/>2024-03-20 03:31:12 UTC</span></div>
</div>]]></description>
		<Style>
			<LineStyle>
				<color>ffffffff</color>
				<width>2</width>
			</LineStyle>
		</Style>
		<MultiGeometry>
			<LineString>
				<tessellate>1</tessellate>
				<coordinates>
					126.496979,33.514572,0 126.496773,33.514469,0 
				</coordinates>
			</LineString>
		</MultiGeometry>
	</Placemark>
	<Placemark>
		<name>P-32</name>
		<visibility>0</visibility>
		<description><![CDATA[<div><div><span><b>Altitude:</b></span> <span>0 ft</span></div>
<div><span><b>Speed:</b></span> <span>8 kt - 50 kt</span></div>
<div><span><b>Timestamp:</b></span><br/><span>2024-03-20 03:31:12 UTC<br/>2024-03-20 03:31:19 UTC</span></div>
</div>]]></description>
		<Style>
			<LineStyle>
				<color>ffffffff</color>
				<width>2</width>
			</LineStyle>
		</Style>
		<MultiGeometry>
			<LineString>
				<tessellate>1</tessellate>
				<coordinates>
					126.496773,33.514469,0 126.495399,33.51376,0 
				</coordinates>
			</LineString>
		</MultiGeometry>
	</Placemark>
	<Placemark>
		<name>P-33</name>
		<visibility>0</visibility>
		<description><![CDATA[<div><div><span><b>Altitude:</b></span> <span>0 ft</span></div>
<div><span><b>Speed:</b></span> <span>50 kt - 99 kt</span></div>
<div><span><b>Timestamp:</b></span><br/><span>2024-03-20 03:31:19 UTC<br/>2024-03-20 03:31:28 UTC</span></div>
</div>]]></description>
		<Style>
			<LineStyle>
				<color>ffffffff</color>
				<width>2</width>
			</LineStyle>
		</Style>
		<MultiGeometry>
			<LineString>
				<tessellate>1</tessellate>
				<coordinates>
					126.495399,33.51376,0 126.491745,33.511871,0 
				</coordinates>
			</LineString>
		</MultiGeometry>
	</Placemark>
	<Placemark>
		<name>P-34</name>
		<visibility>0</visibility>
		<description><![CDATA[<div><div><span><b>Altitude:</b></span> <span>0 ft</span></div>
<div><span><b>Speed:</b></span> <span>99 kt - 138 kt</span></div>
<div><span><b>Timestamp:</b></span><br/><span>2024-03-20 03:31:28 UTC<br/>2024-03-20 03:31:37 UTC</span></div>
</div>]]></description>
		<Style>
			<LineStyle>
				<color>ffffffff</color>
				<width>2</width>
			</LineStyle>
		</Style>
		<MultiGeometry>
			<LineString>
				<tessellate>1</tessellate>
				<coordinates>
					126.491745,33.511871,0 126.486038,33.509079,0 
				</coordinates>
			</LineString>
		</MultiGeometry>
	</Placemark>
	<Placemark>
		<name>P-35</name>
		<visibility>0</visibility>
		<description><![CDATA[<div><div><span><b>Altitude:</b></span> <span>0 ft - 50 ft</span></div>
<div><span><b>Speed:</b></span> <span>138 kt - 143 kt</span></div>
<div><span><b>Timestamp:</b></span><br/><span>2024-03-20 03:31:37 UTC<br/>2024-03-20 03:31:43 UTC</span></div>
</div>]]></description>
		<Style>
			<LineStyle>
				<color>ffffffff</color>
				<width>2</width>
			</LineStyle>
		</Style>
		<MultiGeometry>
			<LineString>
				<tessellate>1</tessellate>
				<coordinates>
					126.486038,33.509079,0 126.481804,33.507111,15.24 
				</coordinates>
			</LineString>
		</MultiGeometry>
	</Placemark>
	<Placemark>
		<name>P-36</name>
		<visibility>0</visibility>
		<description><![CDATA[<div><div><span><b>Altitude:</b></span> <span>50 ft - 475 ft</span></div>
<div><span><b>Speed:</b></span> <span>143 kt - 148 kt</span></div>
<div><span><b>Timestamp:</b></span><br/><span>2024-03-20 03:31:43 UTC<br/>2024-03-20 03:31:52 UTC</span></div>
</div>]]></description>
		<Style>
			<LineStyle>
				<color>ffffffff</color>
				<width>2</width>
			</LineStyle>
		</Style>
		<MultiGeometry>
			<LineString>
				<tessellate>1</tessellate>
				<altitudeMode>absolute</altitudeMode>
				<coordinates>
					126.481804,33.507111,15.24 126.475105,33.503952,144.78 
				</coordinates>
			</LineString>
		</MultiGeometry>
	</Placemark>
	<Placemark>
		<name>P-37</name>
		<visibility>0</visibility>
		<description><![CDATA[<div><div><span><b>Altitude:</b></span> <span>475 ft - 1,000 ft</span></div>
<div><span><b>Speed:</b></span> <span>148 kt - 146 kt</span></div>
<div><span><b>Timestamp:</b></span><br/><span>2024-03-20 03:31:52 UTC<br/>2024-03-20 03:32:01 UTC</span></div>
</div>]]></description>
		<Style>
			<LineStyle>
				<color>ffffe062</color>
				<width>2</width>
			</LineStyle>
		</Style>
		<MultiGeometry>
			<LineString>
				<tessellate>1</tessellate>
				<altitudeMode>absolute</altitudeMode>
				<coordinates>
					126.475105,33.503952,144.78 126.468842,33.500748,304.8 
				</coordinates>
			</LineString>
		</MultiGeometry>
	</Placemark>
	<Placemark>
		<name>P-38</name>
		<visibility>0</visibility>
		<description><![CDATA[<div><div><span><b>Altitude:</b></span> <span>1,000 ft - 1,550 ft</span></div>
<div><span><b>Speed:</b></span> <span>146 kt - 145 kt</span></div>
<div><span><b>Timestamp:</b></span><br/><span>2024-03-20 03:32:01 UTC<br/>2024-03-20 03:32:11 UTC</span></div>
</div>]]></description>
		<Style>
			<LineStyle>
				<color>fff0ff00</color>
				<width>2</width>
			</LineStyle>
		</Style>
		<MultiGeometry>
			<LineString>
				<tessellate>1</tessellate>
				<altitudeMode>absolute</altitudeMode>
				<coordinates>
					126.468842,33.500748,304.8 126.462631,33.497498,472.4399999999999 
				</coordinates>
			</LineString>
		</MultiGeometry>
	</Placemark>
	<Placemark>
		<name>P-39</name>
		<visibility>0</visibility>
		<description><![CDATA[<div><div><span><b>Altitude:</b></span> <span>1,550 ft - 1,700 ft</span></div>
<div><span><b>Speed:</b></span> <span>145 kt - 144 kt</span></div>
<div><span><b>Timestamp:</b></span><br/><span>2024-03-20 03:32:11 UTC<br/>2024-03-20 03:32:13 UTC</span></div>
</div>]]></description>
		<Style>
			<LineStyle>
				<color>ffccff00</color>
				<width>2</width>
			</LineStyle>
		</Style>
		<MultiGeometry>
			<LineString>
				<tessellate>1</tessellate>
				<altitudeMode>absolute</altitudeMode>
				<coordinates>
					126.462631,33.497498,472.4399999999999 126.460823,33.49649,518.16 
				</coordinates>
			</LineString>
		</MultiGeometry>
	</Placemark>
	<Placemark>
		<name>P-40</name>
		<visibility>0</visibility>
		<description><![CDATA[<div><div><span><b>Altitude:</b></span> <span>1,700 ft - 1,900 ft</span></div>
<div><span><b>Speed:</b></span> <span>144 kt</span></div>
<div><span><b>Timestamp:</b></span><br/><span>2024-03-20 03:32:13 UTC<br/>2024-03-20 03:32:17 UTC</span></div>
</div>]]></description>
		<Style>
			<LineStyle>
				<color>ffccff00</color>
				<width>2</width>
			</LineStyle>
		</Style>
		<MultiGeometry>
			<LineString>
				<tessellate>1</tessellate>
				<altitudeMode>absolute</altitudeMode>
				<coordinates>
					126.460823,33.49649,518.16 126.458786,33.495346,579.1199999999999 
				</coordinates>
			</LineString>
		</MultiGeometry>
	</Placemark>
	<Placemark>
		<name>P-41</name>
		<visibility>0</visibility>
		<description><![CDATA[<div><div><span><b>Altitude:</b></span> <span>1,900 ft - 2,375 ft</span></div>
<div><span><b>Speed:</b></span> <span>144 kt - 142 kt</span></div>
<div><span><b>Timestamp:</b></span><br/><span>2024-03-20 03:32:17 UTC<br/>2024-03-20 03:32:26 UTC</span></div>
</div>]]></description>
		<Style>
			<LineStyle>
				<color>ffccff00</color>
				<width>2</width>
			</LineStyle>
		</Style>
		<MultiGeometry>
			<LineString>
				<tessellate>1</tessellate>
				<altitudeMode>absolute</altitudeMode>
				<coordinates>
					126.458786,33.495346,579.1199999999999 126.45269,33.491913,723.8999999999999 
				</coordinates>
			</LineString>
		</MultiGeometry>
	</Placemark>
	<Placemark>
		<name>P-42</name>
		<visibility>0</visibility>
		<description><![CDATA[<div><div><span><b>Altitude:</b></span> <span>2,375 ft - 2,850 ft</span></div>
<div><span><b>Speed:</b></span> <span>142 kt - 141 kt</span></div>
<div><span><b>Timestamp:</b></span><br/><span>2024-03-20 03:32:26 UTC<br/>2024-03-20 03:32:35 UTC</span></div>
</div>]]></description>
		<Style>
			<LineStyle>
				<color>ff42ff00</color>
				<width>2</width>
			</LineStyle>
		</Style>
		<MultiGeometry>
			<LineString>
				<tessellate>1</tessellate>
				<altitudeMode>absolute</altitudeMode>
				<coordinates>
					126.45269,33.491913,723.8999999999999 126.446693,33.488609,868.6799999999999 
				</coordinates>
			</LineString>
		</MultiGeometry>
	</Placemark>
	<Placemark>
		<name>P-43</name>
		<visibility>0</visibility>
		<description><![CDATA[<div><div><span><b>Altitude:</b></span> <span>2,850 ft - 3,175 ft</span></div>
<div><span><b>Speed:</b></span> <span>141 kt - 145 kt</span></div>
<div><span><b>Timestamp:</b></span><br/><span>2024-03-20 03:32:35 UTC<br/>2024-03-20 03:32:44 UTC</span></div>
</div>]]></description>
		<Style>
			<LineStyle>
				<color>ff1eff00</color>
				<width>2</width>
			</LineStyle>
		</Style>
		<MultiGeometry>
			<LineString>
				<tessellate>1</tessellate>
				<altitudeMode>absolute</altitudeMode>
				<coordinates>
					126.446693,33.488609,868.6799999999999 126.440918,33.485397,967.7399999999999 
				</coordinates>
			</LineString>
		</MultiGeometry>
	</Placemark>
	<Placemark>
		<name>P-44</name>
		<visibility>0</visibility>
		<description><![CDATA[<div><div><span><b>Altitude:</b></span> <span>3,175 ft - 3,450 ft</span></div>
<div><span><b>Speed:</b></span> <span>145 kt - 156 kt</span></div>
<div><span><b>Timestamp:</b></span><br/><span>2024-03-20 03:32:44 UTC<br/>2024-03-20 03:32:53 UTC</span></div>
</div>]]></description>
		<Style>
			<LineStyle>
				<color>ff1eff00</color>
				<width>2</width>
			</LineStyle>
		</Style>
		<MultiGeometry>
			<LineString>
				<tessellate>1</tessellate>
				<altitudeMode>absolute</altitudeMode>
				<coordinates>
					126.440918,33.485397,967.7399999999999 126.434479,33.481907,1051.56 
				</coordinates>
			</LineString>
		</MultiGeometry>
	</Placemark>
	<Placemark>
		<name>P-45</name>
		<visibility>0</visibility>
		<description><![CDATA[<div><div><span><b>Altitude:</b></span> <span>3,450 ft - 3,750 ft</span></div>
<div><span><b>Speed:</b></span> <span>156 kt - 166 kt</span></div>
<div><span><b>Timestamp:</b></span><br/><span>2024-03-20 03:32:53 UTC<br/>2024-03-20 03:33:02 UTC</span></div>
</div>]]></description>
		<Style>
			<LineStyle>
				<color>ff00ff0c</color>
				<width>2</width>
			</LineStyle>
		</Style>
		<MultiGeometry>
			<LineString>
				<tessellate>1</tessellate>
				<altitudeMode>absolute</altitudeMode>
				<coordinates>
					126.434479,33.481907,1051.56 126.427368,33.478271,1143 
				</coordinates>
			</LineString>
		</MultiGeometry>
	</Placemark>
	<Placemark>
		<name>P-46</name>
		<visibility>0</visibility>
		<description><![CDATA[<div><div><span><b>Altitude:</b></span> <span>3,750 ft - 4,075 ft</span></div>
<div><span><b>Speed:</b></span> <span>166 kt - 175 kt</span></div>
<div><span><b>Timestamp:</b></span><br/><span>2024-03-20 03:33:02 UTC<br/>2024-03-20 03:33:11 UTC</span></div>
</div>]]></description>
		<Style>
			<LineStyle>
				<color>ff00ff0c</color>
				<width>2</width>
			</LineStyle>
		</Style>
		<MultiGeometry>
			<LineString>
				<tessellate>1</tessellate>
				<altitudeMode>absolute</altitudeMode>
				<coordinates>
					126.427368,33.478271,1143 126.419678,33.474365,1242.06 
				</coordinates>
			</LineString>
		</MultiGeometry>
	</Placemark>
	<Placemark>
		<name>P-47</name>
		<visibility>0</visibility>
		<description><![CDATA[<div><div><span><b>Altitude:</b></span> <span>4,075 ft - 4,350 ft</span></div>
<div><span><b>Speed:</b></span> <span>175 kt - 186 kt</span></div>
<div><span><b>Timestamp:</b></span><br/><span>2024-03-20 03:33:11 UTC<br/>2024-03-20 03:33:20 UTC</span></div>
</div>]]></description>
		<Style>
			<LineStyle>
				<color>ff00ff36</color>
				<width>2</width>
			</LineStyle>
		</Style>
		<MultiGeometry>
			<LineString>
				<tessellate>1</tessellate>
				<altitudeMode>absolute</altitudeMode>
				<coordinates>
					126.419678,33.474365,1242.06 126.411659,33.470535,1325.88 
				</coordinates>
			</LineString>
		</MultiGeometry>
	</Placemark>
	<Placemark>
		<name>P-48</name>
		<visibility>0</visibility>
		<description><![CDATA[<div><div><span><b>Altitude:</b></span> <span>4,350 ft - 4,650 ft</span></div>
<div><span><b>Speed:</b></span> <span>186 kt - 197 kt</span></div>
<div><span><b>Timestamp:</b></span><br/><span>2024-03-20 03:33:20 UTC<br/>2024-03-20 03:33:29 UTC</span></div>
</div>]]></description>
		<Style>
			<LineStyle>
				<color>ff00ff36</color>
				<width>2</width>
			</LineStyle>
		</Style>
		<MultiGeometry>
			<LineString>
				<tessellate>1</tessellate>
				<altitudeMode>absolute</altitudeMode>
				<coordinates>
					126.411659,33.470535,1325.88 126.403252,33.46645,1417.32 
				</coordinates>
			</LineString>
		</MultiGeometry>
	</Placemark>
	<Placemark>
		<name>P-49</name>
		<visibility>0</visibility>
		<description><![CDATA[<div><div><span><b>Altitude:</b></span> <span>4,650 ft - 5,025 ft</span></div>
<div><span><b>Speed:</b></span> <span>197 kt - 209 kt</span></div>
<div><span><b>Timestamp:</b></span><br/><span>2024-03-20 03:33:29 UTC<br/>2024-03-20 03:33:39 UTC</span></div>
</div>]]></description>
		<Style>
			<LineStyle>
				<color>ff00ff36</color>
				<width>2</width>
			</LineStyle>
		</Style>
		<MultiGeometry>
			<LineString>
				<tessellate>1</tessellate>
				<altitudeMode>absolute</altitudeMode>
				<coordinates>
					126.403252,33.46645,1417.32 126.394287,33.461933,1531.62 
				</coordinates>
			</LineString>
		</MultiGeometry>
	</Placemark>
	<Placemark>
		<name>P-50</name>
		<visibility>0</visibility>
		<description><![CDATA[<div><div><span><b>Altitude:</b></span> <span>5,025 ft - 5,725 ft</span></div>
<div><span><b>Speed:</b></span> <span>209 kt - 226 kt</span></div>
<div><span><b>Timestamp:</b></span><br/><span>2024-03-20 03:33:39 UTC<br/>2024-03-20 03:33:54 UTC</span></div>
</div>]]></description>
		<Style>
			<LineStyle>
				<color>ff00ff72</color>
				<width>2</width>
			</LineStyle>
		</Style>
		<MultiGeometry>
			<LineString>
				<tessellate>1</tessellate>
				<altitudeMode>absolute</altitudeMode>
				<coordinates>
					126.394287,33.461933,1531.62 126.378815,33.453926,1744.98 
				</coordinates>
			</LineString>
		</MultiGeometry>
	</Placemark>
	<Placemark>
		<name>P-51</name>
		<visibility>0</visibility>
		<description><![CDATA[<div><div><span><b>Altitude:</b></span> <span>5,725 ft - 6,325 ft</span></div>
<div><span><b>Speed:</b></span> <span>226 kt - 242 kt</span></div>
<div><span><b>Timestamp:</b></span><br/><span>2024-03-20 03:33:54 UTC<br/>2024-03-20 03:34:09 UTC</span></div>
</div>]]></description>
		<Style>
			<LineStyle>
				<color>ff00ff72</color>
				<width>2</width>
			</LineStyle>
		</Style>
		<MultiGeometry>
			<LineString>
				<tessellate>1</tessellate>
				<altitudeMode>absolute</altitudeMode>
				<coordinates>
					126.378815,33.453926,1744.98 126.36068,33.44696,1927.86 
				</coordinates>
			</LineString>
		</MultiGeometry>
	</Placemark>
	<Placemark>
		<name>P-52</name>
		<visibility>0</visibility>
		<description><![CDATA[<div><div><span><b>Altitude:</b></span> <span>6,325 ft - 6,425 ft</span></div>
<div><span><b>Speed:</b></span> <span>242 kt</span></div>
<div><span><b>Timestamp:</b></span><br/><span>2024-03-20 03:34:09 UTC<br/>2024-03-20 03:34:12 UTC</span></div>
</div>]]></description>
		<Style>
			<LineStyle>
				<color>ff00ff72</color>
				<width>2</width>
			</LineStyle>
		</Style>
		<MultiGeometry>
			<LineString>
				<tessellate>1</tessellate>
				<altitudeMode>absolute</altitudeMode>
				<coordinates>
					126.36068,33.44696,1927.86 126.356728,33.446182,1958.34 
				</coordinates>
			</LineString>
		</MultiGeometry>
	</Placemark>
	<Placemark>
		<name>P-53</name>
		<visibility>0</visibility>
		<description><![CDATA[<div><div><span><b>Altitude:</b></span> <span>6,425 ft - 6,550 ft</span></div>
<div><span><b>Speed:</b></span> <span>242 kt - 244 kt</span></div>
<div><span><b>Timestamp:</b></span><br/><span>2024-03-20 03:34:12 UTC<br/>2024-03-20 03:34:15 UTC</span></div>
</div>]]></description>
		<Style>
			<LineStyle>
				<color>ff00ff72</color>
				<width>2</width>
			</LineStyle>
		</Style>
		<MultiGeometry>
			<LineString>
				<tessellate>1</tessellate>
				<altitudeMode>absolute</altitudeMode>
				<coordinates>
					126.356728,33.446182,1958.34 126.353157,33.445724,1996.44 
				</coordinates>
			</LineString>
		</MultiGeometry>
	</Placemark>
	<Placemark>
		<name>P-54</name>
		<visibility>0</visibility>
		<description><![CDATA[<div><div><span><b>Altitude:</b></span> <span>6,550 ft - 6,700 ft</span></div>
<div><span><b>Speed:</b></span> <span>244 kt</span></div>
<div><span><b>Timestamp:</b></span><br/><span>2024-03-20 03:34:15 UTC<br/>2024-03-20 03:34:18 UTC</span></div>
</div>]]></description>
		<Style>
			<LineStyle>
				<color>ff00ff72</color>
				<width>2</width>
			</LineStyle>
		</Style>
		<MultiGeometry>
			<LineString>
				<tessellate>1</tessellate>
				<altitudeMode>absolute</altitudeMode>
				<coordinates>
					126.353157,33.445724,1996.44 126.348549,33.445595,2042.16 
				</coordinates>
			</LineString>
		</MultiGeometry>
	</Placemark>
	<Placemark>
		<name>P-55</name>
		<visibility>0</visibility>
		<description><![CDATA[<div><div><span><b>Altitude:</b></span> <span>6,700 ft - 6,850 ft</span></div>
<div><span><b>Speed:</b></span> <span>244 kt - 243 kt</span></div>
<div><span><b>Timestamp:</b></span><br/><span>2024-03-20 03:34:18 UTC<br/>2024-03-20 03:34:21 UTC</span></div>
</div>]]></description>
		<Style>
			<LineStyle>
				<color>ff00ff9c</color>
				<width>2</width>
			</LineStyle>
		</Style>
		<MultiGeometry>
			<LineString>
				<tessellate>1</tessellate>
				<altitudeMode>absolute</altitudeMode>
				<coordinates>
					126.348549,33.445595,2042.16 126.344734,33.445736,2087.88 
				</coordinates>
			</LineString>
		</MultiGeometry>
	</Placemark>
	<Placemark>
		<name>P-56</name>
		<visibility>0</visibility>
		<description><![CDATA[<div><div><span><b>Altitude:</b></span> <span>6,850 ft - 7,000 ft</span></div>
<div><span><b>Speed:</b></span> <span>243 kt</span></div>
<div><span><b>Timestamp:</b></span><br/><span>2024-03-20 03:34:21 UTC<br/>2024-03-20 03:34:24 UTC</span></div>
</div>]]></description>
		<Style>
			<LineStyle>
				<color>ff00ff9c</color>
				<width>2</width>
			</LineStyle>
		</Style>
		<MultiGeometry>
			<LineString>
				<tessellate>1</tessellate>
				<altitudeMode>absolute</altitudeMode>
				<coordinates>
					126.344734,33.445736,2087.88 126.341232,33.446182,2133.6 
				</coordinates>
			</LineString>
		</MultiGeometry>
	</Placemark>
	<Placemark>
		<name>P-57</name>
		<visibility>0</visibility>
		<description><![CDATA[<div><div><span><b>Altitude:</b></span> <span>7,000 ft - 7,225 ft</span></div>
<div><span><b>Speed:</b></span> <span>243 kt - 240 kt</span></div>
<div><span><b>Timestamp:</b></span><br/><span>2024-03-20 03:34:24 UTC<br/>2024-03-20 03:34:27 UTC</span></div>
</div>]]></description>
		<Style>
			<LineStyle>
				<color>ff00ff9c</color>
				<width>2</width>
			</LineStyle>
		</Style>
		<MultiGeometry>
			<LineString>
				<tessellate>1</tessellate>
				<altitudeMode>absolute</altitudeMode>
				<coordinates>
					126.341232,33.446182,2133.6 126.336998,33.447086,2202.18 
				</coordinates>
			</LineString>
		</MultiGeometry>
	</Placemark>
	<Placemark>
		<name>P-58</name>
		<visibility>0</visibility>
		<description><![CDATA[<div><div><span><b>Altitude:</b></span> <span>7,225 ft - 7,450 ft</span></div>
<div><span><b>Speed:</b></span> <span>240 kt - 236 kt</span></div>
<div><span><b>Timestamp:</b></span><br/><span>2024-03-20 03:34:27 UTC<br/>2024-03-20 03:34:30 UTC</span></div>
</div>]]></description>
		<Style>
			<LineStyle>
				<color>ff00ff9c</color>
				<width>2</width>
			</LineStyle>
		</Style>
		<MultiGeometry>
			<LineString>
				<tessellate>1</tessellate>
				<altitudeMode>absolute</altitudeMode>
				<coordinates>
					126.336998,33.447086,2202.18 126.333214,33.448196,2270.76 
				</coordinates>
			</LineString>
		</MultiGeometry>
	</Placemark>
	<Placemark>
		<name>P-59</name>
		<visibility>0</visibility>
		<description><![CDATA[<div><div><span><b>Altitude:</b></span> <span>7,450 ft - 7,675 ft</span></div>
<div><span><b>Speed:</b></span> <span>236 kt - 235 kt</span></div>
<div><span><b>Timestamp:</b></span><br/><span>2024-03-20 03:34:30 UTC<br/>2024-03-20 03:34:33 UTC</span></div>
</div>]]></description>
		<Style>
			<LineStyle>
				<color>ff00ff9c</color>
				<width>2</width>
			</LineStyle>
		</Style>
		<MultiGeometry>
			<LineString>
				<tessellate>1</tessellate>
				<altitudeMode>absolute</altitudeMode>
				<coordinates>
					126.333214,33.448196,2270.76 126.330086,33.449432,2339.34 
				</coordinates>
			</LineString>
		</MultiGeometry>
	</Placemark>
	<Placemark>
		<name>P-60</name>
		<visibility>0</visibility>
		<description><![CDATA[<div><div><span><b>Altitude:</b></span> <span>7,675 ft - 7,900 ft</span></div>
<div><span><b>Speed:</b></span> <span>235 kt - 232 kt</span></div>
<div><span><b>Timestamp:</b></span><br/><span>2024-03-20 03:34:33 UTC<br/>2024-03-20 03:34:36 UTC</span></div>
</div>]]></description>
		<Style>
			<LineStyle>
				<color>ff00ff9c</color>
				<width>2</width>
			</LineStyle>
		</Style>
		<MultiGeometry>
			<LineString>
				<tessellate>1</tessellate>
				<altitudeMode>absolute</altitudeMode>
				<coordinates>
					126.330086,33.449432,2339.34 126.326622,33.451035,2407.92 
				</coordinates>
			</LineString>
		</MultiGeometry>
	</Placemark>
	<Placemark>
		<name>P-61</name>
		<visibility>0</visibility>
		<description><![CDATA[<div><div><span><b>Altitude:</b></span> <span>7,900 ft - 8,150 ft</span></div>
<div><span><b>Speed:</b></span> <span>232 kt - 231 kt</span></div>
<div><span><b>Timestamp:</b></span><br/><span>2024-03-20 03:34:36 UTC<br/>2024-03-20 03:34:39 UTC</span></div>
</div>]]></description>
		<Style>
			<LineStyle>
				<color>ff00ff9c</color>
				<width>2</width>
			</LineStyle>
		</Style>
		<MultiGeometry>
			<LineString>
				<tessellate>1</tessellate>
				<altitudeMode>absolute</altitudeMode>
				<coordinates>
					126.326622,33.451035,2407.92 126.322815,33.453228,2484.12 
				</coordinates>
			</LineString>
		</MultiGeometry>
	</Placemark>
	<Placemark>
		<name>P-62</name>
		<visibility>0</visibility>
		<description><![CDATA[<div><div><span><b>Altitude:</b></span> <span>8,150 ft - 8,500 ft</span></div>
<div><span><b>Speed:</b></span> <span>231 kt - 230 kt</span></div>
<div><span><b>Timestamp:</b></span><br/><span>2024-03-20 03:34:39 UTC<br/>2024-03-20 03:34:44 UTC</span></div>
</div>]]></description>
		<Style>
			<LineStyle>
				<color>ff00ff9c</color>
				<width>2</width>
			</LineStyle>
		</Style>
		<MultiGeometry>
			<LineString>
				<tessellate>1</tessellate>
				<altitudeMode>absolute</altitudeMode>
				<coordinates>
					126.322815,33.453228,2484.12 126.318108,33.456535,2590.8 
				</coordinates>
			</LineString>
		</MultiGeometry>
	</Placemark>
	<Placemark>
		<name>P-63</name>
		<visibility>0</visibility>
		<description><![CDATA[<div><div><span><b>Altitude:</b></span> <span>8,500 ft - 8,700 ft</span></div>
<div><span><b>Speed:</b></span> <span>230 kt</span></div>
<div><span><b>Timestamp:</b></span><br/><span>2024-03-20 03:34:44 UTC<br/>2024-03-20 03:34:47 UTC</span></div>
</div>]]></description>
		<Style>
			<LineStyle>
				<color>ff00ffd2</color>
				<width>2</width>
			</LineStyle>
		</Style>
		<MultiGeometry>
			<LineString>
				<tessellate>1</tessellate>
				<altitudeMode>absolute</altitudeMode>
				<coordinates>
					126.318108,33.456535,2590.8 126.315697,33.458538,2651.76 
				</coordinates>
			</LineString>
		</MultiGeometry>
	</Placemark>
	<Placemark>
		<name>P-64</name>
		<visibility>0</visibility>
		<description><![CDATA[<div><div><span><b>Altitude:</b></span> <span>8,700 ft - 8,900 ft</span></div>
<div><span><b>Speed:</b></span> <span>230 kt</span></div>
<div><span><b>Timestamp:</b></span><br/><span>2024-03-20 03:34:47 UTC<br/>2024-03-20 03:34:50 UTC</span></div>
</div>]]></description>
		<Style>
			<LineStyle>
				<color>ff00ffd2</color>
				<width>2</width>
			</LineStyle>
		</Style>
		<MultiGeometry>
			<LineString>
				<tessellate>1</tessellate>
				<altitudeMode>absolute</altitudeMode>
				<coordinates>
					126.315697,33.458538,2651.76 126.313011,33.461098,2712.72 
				</coordinates>
			</LineString>
		</MultiGeometry>
	</Placemark>
	<Placemark>
		<name>P-65</name>
		<visibility>0</visibility>
		<description><![CDATA[<div><div><span><b>Altitude:</b></span> <span>8,900 ft - 9,100 ft</span></div>
<div><span><b>Speed:</b></span> <span>230 kt</span></div>
<div><span><b>Timestamp:</b></span><br/><span>2024-03-20 03:34:50 UTC<br/>2024-03-20 03:34:53 UTC</span></div>
</div>]]></description>
		<Style>
			<LineStyle>
				<color>ff00ffd2</color>
				<width>2</width>
			</LineStyle>
		</Style>
		<MultiGeometry>
			<LineString>
				<tessellate>1</tessellate>
				<altitudeMode>absolute</altitudeMode>
				<coordinates>
					126.313011,33.461098,2712.72 126.310715,33.463799,2773.679999999999 
				</coordinates>
			</LineString>
		</MultiGeometry>
	</Placemark>
	<Placemark>
		<name>P-66</name>
		<visibility>0</visibility>
		<description><![CDATA[<div><div><span><b>Altitude:</b></span> <span>9,100 ft - 9,275 ft</span></div>
<div><span><b>Speed:</b></span> <span>230 kt - 232 kt</span></div>
<div><span><b>Timestamp:</b></span><br/><span>2024-03-20 03:34:53 UTC<br/>2024-03-20 03:34:56 UTC</span></div>
</div>]]></description>
		<Style>
			<LineStyle>
				<color>ff00ffd2</color>
				<width>2</width>
			</LineStyle>
		</Style>
		<MultiGeometry>
			<LineString>
				<tessellate>1</tessellate>
				<altitudeMode>absolute</altitudeMode>
				<coordinates>
					126.310715,33.463799,2773.679999999999 126.308914,33.466125,2827.02 
				</coordinates>
			</LineString>
		</MultiGeometry>
	</Placemark>
	<Placemark>
		<name>P-67</name>
		<visibility>0</visibility>
		<description><![CDATA[<div><div><span><b>Altitude:</b></span> <span>9,275 ft - 9,475 ft</span></div>
<div><span><b>Speed:</b></span> <span>232 kt - 231 kt</span></div>
<div><span><b>Timestamp:</b></span><br/><span>2024-03-20 03:34:56 UTC<br/>2024-03-20 03:34:59 UTC</span></div>
</div>]]></description>
		<Style>
			<LineStyle>
				<color>ff00ffd2</color>
				<width>2</width>
			</LineStyle>
		</Style>
		<MultiGeometry>
			<LineString>
				<tessellate>1</tessellate>
				<altitudeMode>absolute</altitudeMode>
				<coordinates>
					126.308914,33.466125,2827.02 126.3069,33.469162,2887.98 
				</coordinates>
			</LineString>
		</MultiGeometry>
	</Placemark>
	<Placemark>
		<name>P-68</name>
		<visibility>0</visibility>
		<description><![CDATA[<div><div><span><b>Altitude:</b></span> <span>9,475 ft - 9,650 ft</span></div>
<div><span><b>Speed:</b></span> <span>231 kt - 232 kt</span></div>
<div><span><b>Timestamp:</b></span><br/><span>2024-03-20 03:34:59 UTC<br/>2024-03-20 03:35:02 UTC</span></div>
</div>]]></description>
		<Style>
			<LineStyle>
				<color>ff00ffd2</color>
				<width>2</width>
			</LineStyle>
		</Style>
		<MultiGeometry>
			<LineString>
				<tessellate>1</tessellate>
				<altitudeMode>absolute</altitudeMode>
				<coordinates>
					126.3069,33.469162,2887.98 126.305389,33.472084,2941.32 
				</coordinates>
			</LineString>
		</MultiGeometry>
	</Placemark>
	<Placemark>
		<name>P-69</name>
		<visibility>0</visibility>
		<description><![CDATA[<div><div><span><b>Altitude:</b></span> <span>9,650 ft - 9,875 ft</span></div>
<div><span><b>Speed:</b></span> <span>232 kt - 234 kt</span></div>
<div><span><b>Timestamp:</b></span><br/><span>2024-03-20 03:35:02 UTC<br/>2024-03-20 03:35:05 UTC</span></div>
</div>]]></description>
		<Style>
			<LineStyle>
				<color>ff00ffd2</color>
				<width>2</width>
			</LineStyle>
		</Style>
		<MultiGeometry>
			<LineString>
				<tessellate>1</tessellate>
				<altitudeMode>absolute</altitudeMode>
				<coordinates>
					126.305389,33.472084,2941.32 126.304039,33.475716,3009.9 
				</coordinates>
			</LineString>
		</MultiGeometry>
	</Placemark>
	<Placemark>
		<name>P-70</name>
		<visibility>0</visibility>
		<description><![CDATA[<div><div><span><b>Altitude:</b></span> <span>9,875 ft - 10,025 ft</span></div>
<div><span><b>Speed:</b></span> <span>234 kt - 233 kt</span></div>
<div><span><b>Timestamp:</b></span><br/><span>2024-03-20 03:35:05 UTC<br/>2024-03-20 03:35:08 UTC</span></div>
</div>]]></description>
		<Style>
			<LineStyle>
				<color>ff00ffe4</color>
				<width>2</width>
			</LineStyle>
		</Style>
		<MultiGeometry>
			<LineString>
				<tessellate>1</tessellate>
				<altitudeMode>absolute</altitudeMode>
				<coordinates>
					126.304039,33.475716,3009.9 126.303223,33.478317,3055.619999999999 
				</coordinates>
			</LineString>
		</MultiGeometry>
	</Placemark>
	<Placemark>
		<name>P-71</name>
		<visibility>0</visibility>
		<description><![CDATA[<div><div><span><b>Altitude:</b></span> <span>10,025 ft - 10,175 ft</span></div>
<div><span><b>Speed:</b></span> <span>233 kt - 235 kt</span></div>
<div><span><b>Timestamp:</b></span><br/><span>2024-03-20 03:35:08 UTC<br/>2024-03-20 03:35:11 UTC</span></div>
</div>]]></description>
		<Style>
			<LineStyle>
				<color>ff00ffe4</color>
				<width>2</width>
			</LineStyle>
		</Style>
		<MultiGeometry>
			<LineString>
				<tessellate>1</tessellate>
				<altitudeMode>absolute</altitudeMode>
				<coordinates>
					126.303223,33.478317,3055.619999999999 126.302528,33.48172,3101.34 
				</coordinates>
			</LineString>
		</MultiGeometry>
	</Placemark>
	<Placemark>
		<name>P-72</name>
		<visibility>0</visibility>
		<description><![CDATA[<div><div><span><b>Altitude:</b></span> <span>10,175 ft - 10,325 ft</span></div>
<div><span><b>Speed:</b></span> <span>235 kt - 242 kt</span></div>
<div><span><b>Timestamp:</b></span><br/><span>2024-03-20 03:35:11 UTC<br/>2024-03-20 03:35:14 UTC</span></div>
</div>]]></description>
		<Style>
			<LineStyle>
				<color>ff00ffe4</color>
				<width>2</width>
			</LineStyle>
		</Style>
		<MultiGeometry>
			<LineString>
				<tessellate>1</tessellate>
				<altitudeMode>absolute</altitudeMode>
				<coordinates>
					126.302528,33.48172,3101.34 126.302193,33.485443,3147.06 
				</coordinates>
			</LineString>
		</MultiGeometry>
	</Placemark>
	<Placemark>
		<name>P-73</name>
		<visibility>0</visibility>
		<description><![CDATA[<div><div><span><b>Altitude:</b></span> <span>10,325 ft - 10,450 ft</span></div>
<div><span><b>Speed:</b></span> <span>242 kt - 248 kt</span></div>
<div><span><b>Timestamp:</b></span><br/><span>2024-03-20 03:35:14 UTC<br/>2024-03-20 03:35:17 UTC</span></div>
</div>]]></description>
		<Style>
			<LineStyle>
				<color>ff00ffe4</color>
				<width>2</width>
			</LineStyle>
		</Style>
		<MultiGeometry>
			<LineString>
				<tessellate>1</tessellate>
				<altitudeMode>absolute</altitudeMode>
				<coordinates>
					126.302193,33.485443,3147.06 126.302193,33.488983,3185.159999999999 
				</coordinates>
			</LineString>
		</MultiGeometry>
	</Placemark>
	<Placemark>
		<name>P-74</name>
		<visibility>0</visibility>
		<description><![CDATA[<div><div><span><b>Altitude:</b></span> <span>10,450 ft - 10,550 ft</span></div>
<div><span><b>Speed:</b></span> <span>248 kt - 253 kt</span></div>
<div><span><b>Timestamp:</b></span><br/><span>2024-03-20 03:35:17 UTC<br/>2024-03-20 03:35:21 UTC</span></div>
</div>]]></description>
		<Style>
			<LineStyle>
				<color>ff00ffe4</color>
				<width>2</width>
			</LineStyle>
		</Style>
		<MultiGeometry>
			<LineString>
				<tessellate>1</tessellate>
				<altitudeMode>absolute</altitudeMode>
				<coordinates>
					126.302193,33.488983,3185.159999999999 126.302582,33.492474,3215.639999999999 
				</coordinates>
			</LineString>
		</MultiGeometry>
	</Placemark>
	<Placemark>
		<name>P-75</name>
		<visibility>0</visibility>
		<description><![CDATA[<div><div><span><b>Altitude:</b></span> <span>10,550 ft - 10,650 ft</span></div>
<div><span><b>Speed:</b></span> <span>253 kt - 260 kt</span></div>
<div><span><b>Timestamp:</b></span><br/><span>2024-03-20 03:35:21 UTC<br/>2024-03-20 03:35:24 UTC</span></div>
</div>]]></description>
		<Style>
			<LineStyle>
				<color>ff00ffe4</color>
				<width>2</width>
			</LineStyle>
		</Style>
		<MultiGeometry>
			<LineString>
				<tessellate>1</tessellate>
				<altitudeMode>absolute</altitudeMode>
				<coordinates>
					126.302582,33.492474,3215.639999999999 126.303329,33.496399,3246.12 
				</coordinates>
			</LineString>
		</MultiGeometry>
	</Placemark>
	<Placemark>
		<name>P-76</name>
		<visibility>0</visibility>
		<description><![CDATA[<div><div><span><b>Altitude:</b></span> <span>10,650 ft - 10,725 ft</span></div>
<div><span><b>Speed:</b></span> <span>260 kt - 266 kt</span></div>
<div><span><b>Timestamp:</b></span><br/><span>2024-03-20 03:35:24 UTC<br/>2024-03-20 03:35:27 UTC</span></div>
</div>]]></description>
		<Style>
			<LineStyle>
				<color>ff00ffe4</color>
				<width>2</width>
			</LineStyle>
		</Style>
		<MultiGeometry>
			<LineString>
				<tessellate>1</tessellate>
				<altitudeMode>absolute</altitudeMode>
				<coordinates>
					126.303329,33.496399,3246.12 126.304489,33.499924,3268.98 
				</coordinates>
			</LineString>
		</MultiGeometry>
	</Placemark>
	<Placemark>
		<name>P-77</name>
		<visibility>0</visibility>
		<description><![CDATA[<div><div><span><b>Altitude:</b></span> <span>10,725 ft - 10,800 ft</span></div>
<div><span><b>Speed:</b></span> <span>266 kt - 274 kt</span></div>
<div><span><b>Timestamp:</b></span><br/><span>2024-03-20 03:35:27 UTC<br/>2024-03-20 03:35:30 UTC</span></div>
</div>]]></description>
		<Style>
			<LineStyle>
				<color>ff00ffe4</color>
				<width>2</width>
			</LineStyle>
		</Style>
		<MultiGeometry>
			<LineString>
				<tessellate>1</tessellate>
				<altitudeMode>absolute</altitudeMode>
				<coordinates>
					126.304489,33.499924,3268.98 126.306061,33.503738,3291.84 
				</coordinates>
			</LineString>
		</MultiGeometry>
	</Placemark>
	<Placemark>
		<name>P-78</name>
		<visibility>0</visibility>
		<description><![CDATA[<div><div><span><b>Altitude:</b></span> <span>10,800 ft - 10,875 ft</span></div>
<div><span><b>Speed:</b></span> <span>274 kt - 281 kt</span></div>
<div><span><b>Timestamp:</b></span><br/><span>2024-03-20 03:35:30 UTC<br/>2024-03-20 03:35:33 UTC</span></div>
</div>]]></description>
		<Style>
			<LineStyle>
				<color>ff00ffe4</color>
				<width>2</width>
			</LineStyle>
		</Style>
		<MultiGeometry>
			<LineString>
				<tessellate>1</tessellate>
				<altitudeMode>absolute</altitudeMode>
				<coordinates>
					126.306061,33.503738,3291.84 126.307945,33.507339,3314.7 
				</coordinates>
			</LineString>
		</MultiGeometry>
	</Placemark>
	<Placemark>
		<name>P-79</name>
		<visibility>0</visibility>
		<description><![CDATA[<div><div><span><b>Altitude:</b></span> <span>10,875 ft - 10,950 ft</span></div>
<div><span><b>Speed:</b></span> <span>281 kt - 286 kt</span></div>
<div><span><b>Timestamp:</b></span><br/><span>2024-03-20 03:35:33 UTC<br/>2024-03-20 03:35:36 UTC</span></div>
</div>]]></description>
		<Style>
			<LineStyle>
				<color>ff00ffe4</color>
				<width>2</width>
			</LineStyle>
		</Style>
		<MultiGeometry>
			<LineString>
				<tessellate>1</tessellate>
				<altitudeMode>absolute</altitudeMode>
				<coordinates>
					126.307945,33.507339,3314.7 126.309929,33.511002,3337.559999999999 
				</coordinates>
			</LineString>
		</MultiGeometry>
	</Placemark>
	<Placemark>
		<name>P-80</name>
		<visibility>0</visibility>
		<description><![CDATA[<div><div><span><b>Altitude:</b></span> <span>10,950 ft - 11,075 ft</span></div>
<div><span><b>Speed:</b></span> <span>286 kt - 291 kt</span></div>
<div><span><b>Timestamp:</b></span><br/><span>2024-03-20 03:35:36 UTC<br/>2024-03-20 03:35:39 UTC</span></div>
</div>]]></description>
		<Style>
			<LineStyle>
				<color>ff00ffe4</color>
				<width>2</width>
			</LineStyle>
		</Style>
		<MultiGeometry>
			<LineString>
				<tessellate>1</tessellate>
				<altitudeMode>absolute</altitudeMode>
				<coordinates>
					126.309929,33.511002,3337.559999999999 126.312279,33.51519,3375.659999999998 
				</coordinates>
			</LineString>
		</MultiGeometry>
	</Placemark>
	<Placemark>
		<name>P-81</name>
		<visibility>0</visibility>
		<description><![CDATA[<div><div><span><b>Altitude:</b></span> <span>11,075 ft - 11,175 ft</span></div>
<div><span><b>Speed:</b></span> <span>291 kt - 295 kt</span></div>
<div><span><b>Timestamp:</b></span><br/><span>2024-03-20 03:35:39 UTC<br/>2024-03-20 03:35:42 UTC</span></div>
</div>]]></description>
		<Style>
			<LineStyle>
				<color>ff00ffe4</color>
				<width>2</width>
			</LineStyle>
		</Style>
		<MultiGeometry>
			<LineString>
				<tessellate>1</tessellate>
				<altitudeMode>absolute</altitudeMode>
				<coordinates>
					126.312279,33.51519,3375.659999999998 126.314407,33.518822,3406.139999999999 
				</coordinates>
			</LineString>
		</MultiGeometry>
	</Placemark>
	<Placemark>
		<name>P-82</name>
		<visibility>0</visibility>
		<description><![CDATA[<div><div><span><b>Altitude:</b></span> <span>11,175 ft - 11,250 ft</span></div>
<div><span><b>Speed:</b></span> <span>295 kt - 299 kt</span></div>
<div><span><b>Timestamp:</b></span><br/><span>2024-03-20 03:35:42 UTC<br/>2024-03-20 03:35:45 UTC</span></div>
</div>]]></description>
		<Style>
			<LineStyle>
				<color>ff00ffe4</color>
				<width>2</width>
			</LineStyle>
		</Style>
		<MultiGeometry>
			<LineString>
				<tessellate>1</tessellate>
				<altitudeMode>absolute</altitudeMode>
				<coordinates>
					126.314407,33.518822,3406.139999999999 126.316483,33.522453,3429 
				</coordinates>
			</LineString>
		</MultiGeometry>
	</Placemark>
	<Placemark>
		<name>P-83</name>
		<visibility>0</visibility>
		<description><![CDATA[<div><div><span><b>Altitude:</b></span> <span>11,250 ft - 11,350 ft</span></div>
<div><span><b>Speed:</b></span> <span>299 kt - 302 kt</span></div>
<div><span><b>Timestamp:</b></span><br/><span>2024-03-20 03:35:45 UTC<br/>2024-03-20 03:35:48 UTC</span></div>
</div>]]></description>
		<Style>
			<LineStyle>
				<color>ff00ffe4</color>
				<width>2</width>
			</LineStyle>
		</Style>
		<MultiGeometry>
			<LineString>
				<tessellate>1</tessellate>
				<altitudeMode>absolute</altitudeMode>
				<coordinates>
					126.316483,33.522453,3429 126.318878,33.526428,3459.48 
				</coordinates>
			</LineString>
		</MultiGeometry>
	</Placemark>
	<Placemark>
		<name>P-84</name>
		<visibility>0</visibility>
		<description><![CDATA[<div><div><span><b>Altitude:</b></span> <span>11,350 ft - 11,425 ft</span></div>
<div><span><b>Speed:</b></span> <span>302 kt - 305 kt</span></div>
<div><span><b>Timestamp:</b></span><br/><span>2024-03-20 03:35:48 UTC<br/>2024-03-20 03:35:51 UTC</span></div>
</div>]]></description>
		<Style>
			<LineStyle>
				<color>ff00ffe4</color>
				<width>2</width>
			</LineStyle>
		</Style>
		<MultiGeometry>
			<LineString>
				<tessellate>1</tessellate>
				<altitudeMode>absolute</altitudeMode>
				<coordinates>
					126.318878,33.526428,3459.48 126.321129,33.530228,3482.34 
				</coordinates>
			</LineString>
		</MultiGeometry>
	</Placemark>
	<Placemark>
		<name>P-85</name>
		<visibility>0</visibility>
		<description><![CDATA[<div><div><span><b>Altitude:</b></span> <span>11,425 ft - 11,525 ft</span></div>
<div><span><b>Speed:</b></span> <span>305 kt - 310 kt</span></div>
<div><span><b>Timestamp:</b></span><br/><span>2024-03-20 03:35:51 UTC<br/>2024-03-20 03:35:54 UTC</span></div>
</div>]]></description>
		<Style>
			<LineStyle>
				<color>ff00ffe4</color>
				<width>2</width>
			</LineStyle>
		</Style>
		<MultiGeometry>
			<LineString>
				<tessellate>1</tessellate>
				<altitudeMode>absolute</altitudeMode>
				<coordinates>
					126.321129,33.530228,3482.34 126.323715,33.534512,3512.82 
				</coordinates>
			</LineString>
		</MultiGeometry>
	</Placemark>
	<Placemark>
		<name>P-86</name>
		<visibility>0</visibility>
		<description><![CDATA[<div><div><span><b>Altitude:</b></span> <span>11,525 ft - 12,000 ft</span></div>
<div><span><b>Speed:</b></span> <span>310 kt - 326 kt</span></div>
<div><span><b>Timestamp:</b></span><br/><span>2024-03-20 03:35:54 UTC<br/>2024-03-20 03:36:10 UTC</span></div>
</div>]]></description>
		<Style>
			<LineStyle>
				<color>ff00eaff</color>
				<width>2</width>
			</LineStyle>
		</Style>
		<MultiGeometry>
			<LineString>
				<tessellate>1</tessellate>
				<altitudeMode>absolute</altitudeMode>
				<coordinates>
					126.323715,33.534512,3512.82 126.336136,33.554668,3657.599999999999 
				</coordinates>
			</LineString>
		</MultiGeometry>
	</Placemark>
	<Placemark>
		<name>P-87</name>
		<visibility>0</visibility>
		<description><![CDATA[<div><div><span><b>Altitude:</b></span> <span>12,000 ft - 13,375 ft</span></div>
<div><span><b>Speed:</b></span> <span>326 kt - 341 kt</span></div>
<div><span><b>Timestamp:</b></span><br/><span>2024-03-20 03:36:10 UTC<br/>2024-03-20 03:36:41 UTC</span></div>
</div>]]></description>
		<Style>
			<LineStyle>
				<color>ff00eaff</color>
				<width>2</width>
			</LineStyle>
		</Style>
		<MultiGeometry>
			<LineString>
				<tessellate>1</tessellate>
				<altitudeMode>absolute</altitudeMode>
				<coordinates>
					126.336136,33.554668,3657.599999999999 126.362839,33.597107,4076.699999999999 
				</coordinates>
			</LineString>
		</MultiGeometry>
	</Placemark>
	<Placemark>
		<name>P-88</name>
		<visibility>0</visibility>
		<description><![CDATA[<div><div><span><b>Altitude:</b></span> <span>13,375 ft - 15,000 ft</span></div>
<div><span><b>Speed:</b></span> <span>341 kt - 346 kt</span></div>
<div><span><b>Timestamp:</b></span><br/><span>2024-03-20 03:36:41 UTC<br/>2024-03-20 03:37:11 UTC</span></div>
</div>]]></description>
		<Style>
			<LineStyle>
				<color>ff00c0ff</color>
				<width>2</width>
			</LineStyle>
		</Style>
		<MultiGeometry>
			<LineString>
				<tessellate>1</tessellate>
				<altitudeMode>absolute</altitudeMode>
				<coordinates>
					126.362839,33.597107,4076.699999999999 126.390251,33.640823,4572 
				</coordinates>
			</LineString>
		</MultiGeometry>
	</Placemark>
	<Placemark>
		<name>P-89</name>
		<visibility>0</visibility>
		<description><![CDATA[<div><div><span><b>Altitude:</b></span> <span>15,000 ft - 16,375 ft</span></div>
<div><span><b>Speed:</b></span> <span>346 kt - 359 kt</span></div>
<div><span><b>Timestamp:</b></span><br/><span>2024-03-20 03:37:11 UTC<br/>2024-03-20 03:37:44 UTC</span></div>
</div>]]></description>
		<Style>
			<LineStyle>
				<color>ff00a8ff</color>
				<width>2</width>
			</LineStyle>
		</Style>
		<MultiGeometry>
			<LineString>
				<tessellate>1</tessellate>
				<altitudeMode>absolute</altitudeMode>
				<coordinates>
					126.390251,33.640823,4572 126.419617,33.688179,4991.099999999999 
				</coordinates>
			</LineString>
		</MultiGeometry>
	</Placemark>
	<Placemark>
		<name>P-90</name>
		<visibility>0</visibility>
		<description><![CDATA[<div><div><span><b>Altitude:</b></span> <span>16,375 ft - 17,600 ft</span></div>
<div><span><b>Speed:</b></span> <span>359 kt - 369 kt</span></div>
<div><span><b>Timestamp:</b></span><br/><span>2024-03-20 03:37:44 UTC<br/>2024-03-20 03:38:15 UTC</span></div>
</div>]]></description>
		<Style>
			<LineStyle>
				<color>ff00a8ff</color>
				<width>2</width>
			</LineStyle>
		</Style>
		<MultiGeometry>
			<LineString>
				<tessellate>1</tessellate>
				<altitudeMode>absolute</altitudeMode>
				<coordinates>
					126.419617,33.688179,4991.099999999999 126.447647,33.733475,5364.479999999999 
				</coordinates>
			</LineString>
		</MultiGeometry>
	</Placemark>
	<Placemark>
		<name>P-91</name>
		<visibility>0</visibility>
		<description><![CDATA[<div><div><span><b>Altitude:</b></span> <span>17,600 ft - 18,800 ft</span></div>
<div><span><b>Speed:</b></span> <span>369 kt - 383 kt</span></div>
<div><span><b>Timestamp:</b></span><br/><span>2024-03-20 03:38:15 UTC<br/>2024-03-20 03:38:48 UTC</span></div>
</div>]]></description>
		<Style>
			<LineStyle>
				<color>ff0096ff</color>
				<width>2</width>
			</LineStyle>
		</Style>
		<MultiGeometry>
			<LineString>
				<tessellate>1</tessellate>
				<altitudeMode>absolute</altitudeMode>
				<coordinates>
					126.447647,33.733475,5364.479999999999 126.480042,33.785984,5730.24 
				</coordinates>
			</LineString>
		</MultiGeometry>
	</Placemark>
	<Placemark>
		<name>P-92</name>
		<visibility>0</visibility>
		<description><![CDATA[<div><div><span><b>Altitude:</b></span> <span>18,800 ft - 19,900 ft</span></div>
<div><span><b>Speed:</b></span> <span>383 kt - 394 kt</span></div>
<div><span><b>Timestamp:</b></span><br/><span>2024-03-20 03:38:48 UTC<br/>2024-03-20 03:39:18 UTC</span></div>
</div>]]></description>
		<Style>
			<LineStyle>
				<color>ff0078ff</color>
				<width>2</width>
			</LineStyle>
		</Style>
		<MultiGeometry>
			<LineString>
				<tessellate>1</tessellate>
				<altitudeMode>absolute</altitudeMode>
				<coordinates>
					126.480042,33.785984,5730.24 126.510201,33.83477,6065.52 
				</coordinates>
			</LineString>
		</MultiGeometry>
	</Placemark>
	<Placemark>
		<name>P-93</name>
		<visibility>0</visibility>
		<description><![CDATA[<div><div><span><b>Altitude:</b></span> <span>19,900 ft - 21,175 ft</span></div>
<div><span><b>Speed:</b></span> <span>394 kt - 401 kt</span></div>
<div><span><b>Timestamp:</b></span><br/><span>2024-03-20 03:39:18 UTC<br/>2024-03-20 03:39:52 UTC</span></div>
</div>]]></description>
		<Style>
			<LineStyle>
				<color>ff0054ff</color>
				<width>2</width>
			</LineStyle>
		</Style>
		<MultiGeometry>
			<LineString>
				<tessellate>1</tessellate>
				<altitudeMode>absolute</altitudeMode>
				<coordinates>
					126.510201,33.83477,6065.52 126.544281,33.889526,6454.139999999999 
				</coordinates>
			</LineString>
		</MultiGeometry>
	</Placemark>
	<Placemark>
		<name>P-94</name>
		<visibility>0</visibility>
		<description><![CDATA[<div><div><span><b>Altitude:</b></span> <span>21,175 ft - 22,525 ft</span></div>
<div><span><b>Speed:</b></span> <span>401 kt - 402 kt</span></div>
<div><span><b>Timestamp:</b></span><br/><span>2024-03-20 03:39:52 UTC<br/>2024-03-20 03:40:25 UTC</span></div>
</div>]]></description>
		<Style>
			<LineStyle>
				<color>ff0054ff</color>
				<width>2</width>
			</LineStyle>
		</Style>
		<MultiGeometry>
			<LineString>
				<tessellate>1</tessellate>
				<altitudeMode>absolute</altitudeMode>
				<coordinates>
					126.544281,33.889526,6454.139999999999 126.578194,33.943909,6865.619999999999 
				</coordinates>
			</LineString>
		</MultiGeometry>
	</Placemark>
	<Placemark>
		<name>P-95</name>
		<visibility>0</visibility>
		<description><![CDATA[<div><div><span><b>Altitude:</b></span> <span>22,525 ft - 22,975 ft</span></div>
<div><span><b>Speed:</b></span> <span>402 kt - 401 kt</span></div>
<div><span><b>Timestamp:</b></span><br/><span>2024-03-20 03:40:25 UTC<br/>2024-03-20 03:40:55 UTC</span></div>
</div>]]></description>
		<Style>
			<LineStyle>
				<color>ff0030ff</color>
				<width>2</width>
			</LineStyle>
		</Style>
		<MultiGeometry>
			<LineString>
				<tessellate>1</tessellate>
				<altitudeMode>absolute</altitudeMode>
				<coordinates>
					126.578194,33.943909,6865.619999999999 126.609421,33.994122,7002.78 
				</coordinates>
			</LineString>
		</MultiGeometry>
	</Placemark>
	<Placemark>
		<name>P-96</name>
		<visibility>0</visibility>
		<description><![CDATA[<div><div><span><b>Altitude:</b></span> <span>22,975 ft - 23,000 ft</span></div>
<div><span><b>Speed:</b></span> <span>401 kt - 396 kt</span></div>
<div><span><b>Timestamp:</b></span><br/><span>2024-03-20 03:40:55 UTC<br/>2024-03-20 03:41:29 UTC</span></div>
</div>]]></description>
		<Style>
			<LineStyle>
				<color>ff001eff</color>
				<width>2</width>
			</LineStyle>
		</Style>
		<MultiGeometry>
			<LineString>
				<tessellate>1</tessellate>
				<altitudeMode>absolute</altitudeMode>
				<coordinates>
					126.609421,33.994122,7002.78 126.643944,34.049561,7010.4 
				</coordinates>
			</LineString>
		</MultiGeometry>
	</Placemark>
	<Placemark>
		<name>P-97</name>
		<visibility>0</visibility>
		<description><![CDATA[<div><div><span><b>Altitude:</b></span> <span>23,000 ft</span></div>
<div><span><b>Speed:</b></span> <span>396 kt - 395 kt</span></div>
<div><span><b>Timestamp:</b></span><br/><span>2024-03-20 03:41:29 UTC<br/>2024-03-20 03:41:59 UTC</span></div>
</div>]]></description>
		<Style>
			<LineStyle>
				<color>ff001eff</color>
				<width>2</width>
			</LineStyle>
		</Style>
		<MultiGeometry>
			<LineString>
				<tessellate>1</tessellate>
				<altitudeMode>absolute</altitudeMode>
				<coordinates>
					126.643944,34.049561,7010.4 126.67511,34.099327,7010.4 
				</coordinates>
			</LineString>
		</MultiGeometry>
	</Placemark>
	<Placemark>
		<name>P-98</name>
		<visibility>0</visibility>
		<description><![CDATA[<div><div><span><b>Altitude:</b></span> <span>23,000 ft</span></div>
<div><span><b>Speed:</b></span> <span>395 kt - 393 kt</span></div>
<div><span><b>Timestamp:</b></span><br/><span>2024-03-20 03:41:59 UTC<br/>2024-03-20 03:42:33 UTC</span></div>
</div>]]></description>
		<Style>
			<LineStyle>
				<color>ff001eff</color>
				<width>2</width>
			</LineStyle>
		</Style>
		<MultiGeometry>
			<LineString>
				<tessellate>1</tessellate>
				<altitudeMode>absolute</altitudeMode>
				<coordinates>
					126.67511,34.099327,7010.4 126.708527,34.153049,7010.4 
				</coordinates>
			</LineString>
		</MultiGeometry>
	</Placemark>
	<Placemark>
		<name>P-99</name>
		<visibility>0</visibility>
		<description><![CDATA[<div><div><span><b>Altitude:</b></span> <span>23,000 ft</span></div>
<div><span><b>Speed:</b></span> <span>393 kt - 388 kt</span></div>
<div><span><b>Timestamp:</b></span><br/><span>2024-03-20 03:42:33 UTC<br/>2024-03-20 03:43:06 UTC</span></div>
</div>]]></description>
		<Style>
			<LineStyle>
				<color>ff001eff</color>
				<width>2</width>
			</LineStyle>
		</Style>
		<MultiGeometry>
			<LineString>
				<tessellate>1</tessellate>
				<altitudeMode>absolute</altitudeMode>
				<coordinates>
					126.708527,34.153049,7010.4 126.74086,34.206818,7010.4 
				</coordinates>
			</LineString>
		</MultiGeometry>
	</Placemark>
	<Placemark>
		<name>P-100</name>
		<visibility>0</visibility>
		<description><![CDATA[<div><div><span><b>Altitude:</b></span> <span>23,000 ft</span></div>
<div><span><b>Speed:</b></span> <span>388 kt - 377 kt</span></div>
<div><span><b>Timestamp:</b></span><br/><span>2024-03-20 03:43:06 UTC<br/>2024-03-20 03:43:36 UTC</span></div>
</div>]]></description>
		<Style>
			<LineStyle>
				<color>ff001eff</color>
				<width>2</width>
			</LineStyle>
		</Style>
		<MultiGeometry>
			<LineString>
				<tessellate>1</tessellate>
				<altitudeMode>absolute</altitudeMode>
				<coordinates>
					126.74086,34.206818,7010.4 126.762886,34.257278,7010.4 
				</coordinates>
			</LineString>
		</MultiGeometry>
	</Placemark>
	<Placemark>
		<name>P-101</name>
		<visibility>0</visibility>
		<description><![CDATA[<div><div><span><b>Altitude:</b></span> <span>23,000 ft</span></div>
<div><span><b>Speed:</b></span> <span>377 kt - 367 kt</span></div>
<div><span><b>Timestamp:</b></span><br/><span>2024-03-20 03:43:36 UTC<br/>2024-03-20 03:44:10 UTC</span></div>
</div>]]></description>
		<Style>
			<LineStyle>
				<color>ff001eff</color>
				<width>2</width>
			</LineStyle>
		</Style>
		<MultiGeometry>
			<LineString>
				<tessellate>1</tessellate>
				<altitudeMode>absolute</altitudeMode>
				<coordinates>
					126.762886,34.257278,7010.4 126.777802,34.313736,7010.4 
				</coordinates>
			</LineString>
		</MultiGeometry>
	</Placemark>
	<Placemark>
		<name>P-102</name>
		<visibility>0</visibility>
		<description><![CDATA[<div><div><span><b>Altitude:</b></span> <span>23,000 ft</span></div>
<div><span><b>Speed:</b></span> <span>367 kt</span></div>
<div><span><b>Timestamp:</b></span><br/><span>2024-03-20 03:44:10 UTC<br/>2024-03-20 03:44:43 UTC</span></div>
</div>]]></description>
		<Style>
			<LineStyle>
				<color>ff001eff</color>
				<width>2</width>
			</LineStyle>
		</Style>
		<MultiGeometry>
			<LineString>
				<tessellate>1</tessellate>
				<altitudeMode>absolute</altitudeMode>
				<coordinates>
					126.777802,34.313736,7010.4 126.784523,34.369354,7010.4 
				</coordinates>
			</LineString>
		</MultiGeometry>
	</Placemark>
	<Placemark>
		<name>P-103</name>
		<visibility>0</visibility>
		<description><![CDATA[<div><div><span><b>Altitude:</b></span> <span>23,000 ft</span></div>
<div><span><b>Speed:</b></span> <span>367 kt - 365 kt</span></div>
<div><span><b>Timestamp:</b></span><br/><span>2024-03-20 03:44:43 UTC<br/>2024-03-20 03:45:13 UTC</span></div>
</div>]]></description>
		<Style>
			<LineStyle>
				<color>ff001eff</color>
				<width>2</width>
			</LineStyle>
		</Style>
		<MultiGeometry>
			<LineString>
				<tessellate>1</tessellate>
				<altitudeMode>absolute</altitudeMode>
				<coordinates>
					126.784523,34.369354,7010.4 126.789665,34.420773,7010.4 
				</coordinates>
			</LineString>
		</MultiGeometry>
	</Placemark>
	<Placemark>
		<name>P-104</name>
		<visibility>0</visibility>
		<description><![CDATA[<div><div><span><b>Altitude:</b></span> <span>23,000 ft</span></div>
<div><span><b>Speed:</b></span> <span>365 kt - 368 kt</span></div>
<div><span><b>Timestamp:</b></span><br/><span>2024-03-20 03:45:13 UTC<br/>2024-03-20 03:45:46 UTC</span></div>
</div>]]></description>
		<Style>
			<LineStyle>
				<color>ff001eff</color>
				<width>2</width>
			</LineStyle>
		</Style>
		<MultiGeometry>
			<LineString>
				<tessellate>1</tessellate>
				<altitudeMode>absolute</altitudeMode>
				<coordinates>
					126.789665,34.420773,7010.4 126.795227,34.476196,7010.4 
				</coordinates>
			</LineString>
		</MultiGeometry>
	</Placemark>
	<Placemark>
		<name>P-105</name>
		<visibility>0</visibility>
		<description><![CDATA[<div><div><span><b>Altitude:</b></span> <span>23,000 ft</span></div>
<div><span><b>Speed:</b></span> <span>368 kt - 366 kt</span></div>
<div><span><b>Timestamp:</b></span><br/><span>2024-03-20 03:45:46 UTC<br/>2024-03-20 03:46:19 UTC</span></div>
</div>]]></description>
		<Style>
			<LineStyle>
				<color>ff001eff</color>
				<width>2</width>
			</LineStyle>
		</Style>
		<MultiGeometry>
			<LineString>
				<tessellate>1</tessellate>
				<altitudeMode>absolute</altitudeMode>
				<coordinates>
					126.795227,34.476196,7010.4 126.80117,34.532822,7010.4 
				</coordinates>
			</LineString>
		</MultiGeometry>
	</Placemark>
	<Placemark>
		<name>P-106</name>
		<visibility>0</visibility>
		<description><![CDATA[<div><div><span><b>Altitude:</b></span> <span>23,000 ft</span></div>
<div><span><b>Speed:</b></span> <span>366 kt - 367 kt</span></div>
<div><span><b>Timestamp:</b></span><br/><span>2024-03-20 03:46:19 UTC<br/>2024-03-20 03:46:52 UTC</span></div>
</div>]]></description>
		<Style>
			<LineStyle>
				<color>ff001eff</color>
				<width>2</width>
			</LineStyle>
		</Style>
		<MultiGeometry>
			<LineString>
				<tessellate>1</tessellate>
				<altitudeMode>absolute</altitudeMode>
				<coordinates>
					126.80117,34.532822,7010.4 126.807114,34.589035,7010.4 
				</coordinates>
			</LineString>
		</MultiGeometry>
	</Placemark>
	<Placemark>
		<name>P-107</name>
		<visibility>0</visibility>
		<description><![CDATA[<div><div><span><b>Altitude:</b></span> <span>23,000 ft</span></div>
<div><span><b>Speed:</b></span> <span>367 kt - 365 kt</span></div>
<div><span><b>Timestamp:</b></span><br/><span>2024-03-20 03:46:52 UTC<br/>2024-03-20 03:47:23 UTC</span></div>
</div>]]></description>
		<Style>
			<LineStyle>
				<color>ff001eff</color>
				<width>2</width>
			</LineStyle>
		</Style>
		<MultiGeometry>
			<LineString>
				<tessellate>1</tessellate>
				<altitudeMode>absolute</altitudeMode>
				<coordinates>
					126.807114,34.589035,7010.4 126.812668,34.640682,7010.4 
				</coordinates>
			</LineString>
		</MultiGeometry>
	</Placemark>
	<Placemark>
		<name>P-108</name>
		<visibility>0</visibility>
		<description><![CDATA[<div><div><span><b>Altitude:</b></span> <span>23,000 ft</span></div>
<div><span><b>Speed:</b></span> <span>365 kt - 363 kt</span></div>
<div><span><b>Timestamp:</b></span><br/><span>2024-03-20 03:47:23 UTC<br/>2024-03-20 03:47:56 UTC</span></div>
</div>]]></description>
		<Style>
			<LineStyle>
				<color>ff001eff</color>
				<width>2</width>
			</LineStyle>
		</Style>
		<MultiGeometry>
			<LineString>
				<tessellate>1</tessellate>
				<altitudeMode>absolute</altitudeMode>
				<coordinates>
					126.812668,34.640682,7010.4 126.818619,34.696033,7010.4 
				</coordinates>
			</LineString>
		</MultiGeometry>
	</Placemark>
	<Placemark>
		<name>P-109</name>
		<visibility>0</visibility>
		<description><![CDATA[<div><div><span><b>Altitude:</b></span> <span>23,000 ft</span></div>
<div><span><b>Speed:</b></span> <span>363 kt - 368 kt</span></div>
<div><span><b>Timestamp:</b></span><br/><span>2024-03-20 03:47:56 UTC<br/>2024-03-20 03:48:27 UTC</span></div>
</div>]]></description>
		<Style>
			<LineStyle>
				<color>ff001eff</color>
				<width>2</width>
			</LineStyle>
		</Style>
		<MultiGeometry>
			<LineString>
				<tessellate>1</tessellate>
				<altitudeMode>absolute</altitudeMode>
				<coordinates>
					126.818619,34.696033,7010.4 126.824173,34.748173,7010.4 
				</coordinates>
			</LineString>
		</MultiGeometry>
	</Placemark>
	<Placemark>
		<name>P-110</name>
		<visibility>0</visibility>
		<description><![CDATA[<div><div><span><b>Altitude:</b></span> <span>23,000 ft</span></div>
<div><span><b>Speed:</b></span> <span>368 kt - 367 kt</span></div>
<div><span><b>Timestamp:</b></span><br/><span>2024-03-20 03:48:27 UTC<br/>2024-03-20 03:48:59 UTC</span></div>
</div>]]></description>
		<Style>
			<LineStyle>
				<color>ff001eff</color>
				<width>2</width>
			</LineStyle>
		</Style>
		<MultiGeometry>
			<LineString>
				<tessellate>1</tessellate>
				<altitudeMode>absolute</altitudeMode>
				<coordinates>
					126.824173,34.748173,7010.4 126.83004,34.802811,7010.4 
				</coordinates>
			</LineString>
		</MultiGeometry>
	</Placemark>
	<Placemark>
		<name>P-111</name>
		<visibility>0</visibility>
		<description><![CDATA[<div><div><span><b>Altitude:</b></span> <span>23,000 ft</span></div>
<div><span><b>Speed:</b></span> <span>367 kt - 365 kt</span></div>
<div><span><b>Timestamp:</b></span><br/><span>2024-03-20 03:48:59 UTC<br/>2024-03-20 03:49:31 UTC</span></div>
</div>]]></description>
		<Style>
			<LineStyle>
				<color>ff001eff</color>
				<width>2</width>
			</LineStyle>
		</Style>
		<MultiGeometry>
			<LineString>
				<tessellate>1</tessellate>
				<altitudeMode>absolute</altitudeMode>
				<coordinates>
					126.83004,34.802811,7010.4 126.835701,34.855545,7010.4 
				</coordinates>
			</LineString>
		</MultiGeometry>
	</Placemark>
	<Placemark>
		<name>P-112</name>
		<visibility>0</visibility>
		<description><![CDATA[<div><div><span><b>Altitude:</b></span> <span>23,000 ft</span></div>
<div><span><b>Speed:</b></span> <span>365 kt - 363 kt</span></div>
<div><span><b>Timestamp:</b></span><br/><span>2024-03-20 03:49:31 UTC<br/>2024-03-20 03:50:01 UTC</span></div>
</div>]]></description>
		<Style>
			<LineStyle>
				<color>ff001eff</color>
				<width>2</width>
			</LineStyle>
		</Style>
		<MultiGeometry>
			<LineString>
				<tessellate>1</tessellate>
				<altitudeMode>absolute</altitudeMode>
				<coordinates>
					126.835701,34.855545,7010.4 126.841362,34.908005,7010.4 
				</coordinates>
			</LineString>
		</MultiGeometry>
	</Placemark>
	<Placemark>
		<name>P-113</name>
		<visibility>0</visibility>
		<description><![CDATA[<div><div><span><b>Altitude:</b></span> <span>23,000 ft</span></div>
<div><span><b>Speed:</b></span> <span>363 kt - 365 kt</span></div>
<div><span><b>Timestamp:</b></span><br/><span>2024-03-20 03:50:01 UTC<br/>2024-03-20 03:50:34 UTC</span></div>
</div>]]></description>
		<Style>
			<LineStyle>
				<color>ff001eff</color>
				<width>2</width>
			</LineStyle>
		</Style>
		<MultiGeometry>
			<LineString>
				<tessellate>1</tessellate>
				<altitudeMode>absolute</altitudeMode>
				<coordinates>
					126.841362,34.908005,7010.4 126.847343,34.962406,7010.4 
				</coordinates>
			</LineString>
		</MultiGeometry>
	</Placemark>
	<Placemark>
		<name>P-114</name>
		<visibility>0</visibility>
		<description><![CDATA[<div><div><span><b>Altitude:</b></span> <span>23,000 ft</span></div>
<div><span><b>Speed:</b></span> <span>365 kt - 366 kt</span></div>
<div><span><b>Timestamp:</b></span><br/><span>2024-03-20 03:50:34 UTC<br/>2024-03-20 03:51:08 UTC</span></div>
</div>]]></description>
		<Style>
			<LineStyle>
				<color>ff001eff</color>
				<width>2</width>
			</LineStyle>
		</Style>
		<MultiGeometry>
			<LineString>
				<tessellate>1</tessellate>
				<altitudeMode>absolute</altitudeMode>
				<coordinates>
					126.847343,34.962406,7010.4 126.853416,35.019699,7010.4 
				</coordinates>
			</LineString>
		</MultiGeometry>
	</Placemark>
	<Placemark>
		<name>P-115</name>
		<visibility>0</visibility>
		<description><![CDATA[<div><div><span><b>Altitude:</b></span> <span>23,000 ft</span></div>
<div><span><b>Speed:</b></span> <span>366 kt - 359 kt</span></div>
<div><span><b>Timestamp:</b></span><br/><span>2024-03-20 03:51:08 UTC<br/>2024-03-20 03:51:41 UTC</span></div>
</div>]]></description>
		<Style>
			<LineStyle>
				<color>ff001eff</color>
				<width>2</width>
			</LineStyle>
		</Style>
		<MultiGeometry>
			<LineString>
				<tessellate>1</tessellate>
				<altitudeMode>absolute</altitudeMode>
				<coordinates>
					126.853416,35.019699,7010.4 126.85952,35.075363,7010.4 
				</coordinates>
			</LineString>
		</MultiGeometry>
	</Placemark>
	<Placemark>
		<name>P-116</name>
		<visibility>0</visibility>
		<description><![CDATA[<div><div><span><b>Altitude:</b></span> <span>23,000 ft - 22,625 ft</span></div>
<div><span><b>Speed:</b></span> <span>359 kt - 357 kt</span></div>
<div><span><b>Timestamp:</b></span><br/><span>2024-03-20 03:51:41 UTC<br/>2024-03-20 03:52:12 UTC</span></div>
</div>]]></description>
		<Style>
			<LineStyle>
				<color>ff001eff</color>
				<width>2</width>
			</LineStyle>
		</Style>
		<MultiGeometry>
			<LineString>
				<tessellate>1</tessellate>
				<altitudeMode>absolute</altitudeMode>
				<coordinates>
					126.85952,35.075363,7010.4 126.865143,35.125713,6896.1 
				</coordinates>
			</LineString>
		</MultiGeometry>
	</Placemark>
	<Placemark>
		<name>P-117</name>
		<visibility>0</visibility>
		<description><![CDATA[<div><div><span><b>Altitude:</b></span> <span>22,625 ft - 22,075 ft</span></div>
<div><span><b>Speed:</b></span> <span>357 kt - 360 kt</span></div>
<div><span><b>Timestamp:</b></span><br/><span>2024-03-20 03:52:12 UTC<br/>2024-03-20 03:52:45 UTC</span></div>
</div>]]></description>
		<Style>
			<LineStyle>
				<color>ff0030ff</color>
				<width>2</width>
			</LineStyle>
		</Style>
		<MultiGeometry>
			<LineString>
				<tessellate>1</tessellate>
				<altitudeMode>absolute</altitudeMode>
				<coordinates>
					126.865143,35.125713,6896.1 126.870903,35.180466,6728.459999999999 
				</coordinates>
			</LineString>
		</MultiGeometry>
	</Placemark>
	<Placemark>
		<name>P-118</name>
		<visibility>0</visibility>
		<description><![CDATA[<div><div><span><b>Altitude:</b></span> <span>22,075 ft - 21,575 ft</span></div>
<div><span><b>Speed:</b></span> <span>360 kt - 356 kt</span></div>
<div><span><b>Timestamp:</b></span><br/><span>2024-03-20 03:52:45 UTC<br/>2024-03-20 03:53:15 UTC</span></div>
</div>]]></description>
		<Style>
			<LineStyle>
				<color>ff0030ff</color>
				<width>2</width>
			</LineStyle>
		</Style>
		<MultiGeometry>
			<LineString>
				<tessellate>1</tessellate>
				<altitudeMode>absolute</altitudeMode>
				<coordinates>
					126.870903,35.180466,6728.459999999999 126.876312,35.231384,6576.059999999998 
				</coordinates>
			</LineString>
		</MultiGeometry>
	</Placemark>
	<Placemark>
		<name>P-119</name>
		<visibility>0</visibility>
		<description><![CDATA[<div><div><span><b>Altitude:</b></span> <span>21,575 ft - 21,075 ft</span></div>
<div><span><b>Speed:</b></span> <span>356 kt - 353 kt</span></div>
<div><span><b>Timestamp:</b></span><br/><span>2024-03-20 03:53:15 UTC<br/>2024-03-20 03:53:46 UTC</span></div>
</div>]]></description>
		<Style>
			<LineStyle>
				<color>ff0030ff</color>
				<width>2</width>
			</LineStyle>
		</Style>
		<MultiGeometry>
			<LineString>
				<tessellate>1</tessellate>
				<altitudeMode>absolute</altitudeMode>
				<coordinates>
					126.876312,35.231384,6576.059999999998 126.881569,35.280544,6423.66 
				</coordinates>
			</LineString>
		</MultiGeometry>
	</Placemark>
	<Placemark>
		<name>P-120</name>
		<visibility>0</visibility>
		<description><![CDATA[<div><div><span><b>Altitude:</b></span> <span>21,075 ft - 21,000 ft</span></div>
<div><span><b>Speed:</b></span> <span>353 kt</span></div>
<div><span><b>Timestamp:</b></span><br/><span>2024-03-20 03:53:46 UTC<br/>2024-03-20 03:54:17 UTC</span></div>
</div>]]></description>
		<Style>
			<LineStyle>
				<color>ff0054ff</color>
				<width>2</width>
			</LineStyle>
		</Style>
		<MultiGeometry>
			<LineString>
				<tessellate>1</tessellate>
				<altitudeMode>absolute</altitudeMode>
				<coordinates>
					126.881569,35.280544,6423.66 126.887344,35.332489,6400.800000000001 
				</coordinates>
			</LineString>
		</MultiGeometry>
	</Placemark>
	<Placemark>
		<name>P-121</name>
		<visibility>0</visibility>
		<description><![CDATA[<div><div><span><b>Altitude:</b></span> <span>21,000 ft</span></div>
<div><span><b>Speed:</b></span> <span>353 kt - 350 kt</span></div>
<div><span><b>Timestamp:</b></span><br/><span>2024-03-20 03:54:17 UTC<br/>2024-03-20 03:54:48 UTC</span></div>
</div>]]></description>
		<Style>
			<LineStyle>
				<color>ff0054ff</color>
				<width>2</width>
			</LineStyle>
		</Style>
		<MultiGeometry>
			<LineString>
				<tessellate>1</tessellate>
				<altitudeMode>absolute</altitudeMode>
				<coordinates>
					126.887344,35.332489,6400.800000000001 126.892967,35.38282,6400.800000000001 
				</coordinates>
			</LineString>
		</MultiGeometry>
	</Placemark>
	<Placemark>
		<name>P-122</name>
		<visibility>0</visibility>
		<description><![CDATA[<div><div><span><b>Altitude:</b></span> <span>21,000 ft</span></div>
<div><span><b>Speed:</b></span> <span>350 kt - 354 kt</span></div>
<div><span><b>Timestamp:</b></span><br/><span>2024-03-20 03:54:48 UTC<br/>2024-03-20 03:55:21 UTC</span></div>
</div>]]></description>
		<Style>
			<LineStyle>
				<color>ff0054ff</color>
				<width>2</width>
			</LineStyle>
		</Style>
		<MultiGeometry>
			<LineString>
				<tessellate>1</tessellate>
				<altitudeMode>absolute</altitudeMode>
				<coordinates>
					126.892967,35.38282,6400.800000000001 126.898842,35.43663,6400.800000000001 
				</coordinates>
			</LineString>
		</MultiGeometry>
	</Placemark>
	<Placemark>
		<name>P-123</name>
		<visibility>0</visibility>
		<description><![CDATA[<div><div><span><b>Altitude:</b></span> <span>21,000 ft</span></div>
<div><span><b>Speed:</b></span> <span>354 kt - 351 kt</span></div>
<div><span><b>Timestamp:</b></span><br/><span>2024-03-20 03:55:21 UTC<br/>2024-03-20 03:55:52 UTC</span></div>
</div>]]></description>
		<Style>
			<LineStyle>
				<color>ff0054ff</color>
				<width>2</width>
			</LineStyle>
		</Style>
		<MultiGeometry>
			<LineString>
				<tessellate>1</tessellate>
				<altitudeMode>absolute</altitudeMode>
				<coordinates>
					126.898842,35.43663,6400.800000000001 126.904282,35.486893,6400.800000000001 
				</coordinates>
			</LineString>
		</MultiGeometry>
	</Placemark>
	<Placemark>
		<name>P-124</name>
		<visibility>0</visibility>
		<description><![CDATA[<div><div><span><b>Altitude:</b></span> <span>21,000 ft</span></div>
<div><span><b>Speed:</b></span> <span>351 kt - 348 kt</span></div>
<div><span><b>Timestamp:</b></span><br/><span>2024-03-20 03:55:52 UTC<br/>2024-03-20 03:56:26 UTC</span></div>
</div>]]></description>
		<Style>
			<LineStyle>
				<color>ff0054ff</color>
				<width>2</width>
			</LineStyle>
		</Style>
		<MultiGeometry>
			<LineString>
				<tessellate>1</tessellate>
				<altitudeMode>absolute</altitudeMode>
				<coordinates>
					126.904282,35.486893,6400.800000000001 126.910202,35.540585,6400.800000000001 
				</coordinates>
			</LineString>
		</MultiGeometry>
	</Placemark>
	<Placemark>
		<name>P-125</name>
		<visibility>0</visibility>
		<description><![CDATA[<div><div><span><b>Altitude:</b></span> <span>21,000 ft</span></div>
<div><span><b>Speed:</b></span> <span>348 kt</span></div>
<div><span><b>Timestamp:</b></span><br/><span>2024-03-20 03:56:26 UTC<br/>2024-03-20 03:56:58 UTC</span></div>
</div>]]></description>
		<Style>
			<LineStyle>
				<color>ff0054ff</color>
				<width>2</width>
			</LineStyle>
		</Style>
		<MultiGeometry>
			<LineString>
				<tessellate>1</tessellate>
				<altitudeMode>absolute</altitudeMode>
				<coordinates>
					126.910202,35.540585,6400.800000000001 126.915779,35.592773,6400.800000000001 
				</coordinates>
			</LineString>
		</MultiGeometry>
	</Placemark>
	<Placemark>
		<name>P-126</name>
		<visibility>0</visibility>
		<description><![CDATA[<div><div><span><b>Altitude:</b></span> <span>21,000 ft</span></div>
<div><span><b>Speed:</b></span> <span>348 kt</span></div>
<div><span><b>Timestamp:</b></span><br/><span>2024-03-20 03:56:58 UTC<br/>2024-03-20 03:57:30 UTC</span></div>
</div>]]></description>
		<Style>
			<LineStyle>
				<color>ff0054ff</color>
				<width>2</width>
			</LineStyle>
		</Style>
		<MultiGeometry>
			<LineString>
				<tessellate>1</tessellate>
				<altitudeMode>absolute</altitudeMode>
				<coordinates>
					126.915779,35.592773,6400.800000000001 126.921387,35.643631,6400.800000000001 
				</coordinates>
			</LineString>
		</MultiGeometry>
	</Placemark>
	<Placemark>
		<name>P-127</name>
		<visibility>0</visibility>
		<description><![CDATA[<div><div><span><b>Altitude:</b></span> <span>21,000 ft</span></div>
<div><span><b>Speed:</b></span> <span>348 kt</span></div>
<div><span><b>Timestamp:</b></span><br/><span>2024-03-20 03:57:30 UTC<br/>2024-03-20 03:58:01 UTC</span></div>
</div>]]></description>
		<Style>
			<LineStyle>
				<color>ff0054ff</color>
				<width>2</width>
			</LineStyle>
		</Style>
		<MultiGeometry>
			<LineString>
				<tessellate>1</tessellate>
				<altitudeMode>absolute</altitudeMode>
				<coordinates>
					126.921387,35.643631,6400.800000000001 126.92688,35.69339,6400.800000000001 
				</coordinates>
			</LineString>
		</MultiGeometry>
	</Placemark>
	<Placemark>
		<name>P-128</name>
		<visibility>0</visibility>
		<description><![CDATA[<div><div><span><b>Altitude:</b></span> <span>21,000 ft</span></div>
<div><span><b>Speed:</b></span> <span>348 kt</span></div>
<div><span><b>Timestamp:</b></span><br/><span>2024-03-20 03:58:01 UTC<br/>2024-03-20 03:58:32 UTC</span></div>
</div>]]></description>
		<Style>
			<LineStyle>
				<color>ff0054ff</color>
				<width>2</width>
			</LineStyle>
		</Style>
		<MultiGeometry>
			<LineString>
				<tessellate>1</tessellate>
				<altitudeMode>absolute</altitudeMode>
				<coordinates>
					126.92688,35.69339,6400.800000000001 126.93235,35.74374,6400.800000000001 
				</coordinates>
			</LineString>
		</MultiGeometry>
	</Placemark>
	<Placemark>
		<name>P-129</name>
		<visibility>0</visibility>
		<description><![CDATA[<div><div><span><b>Altitude:</b></span> <span>21,000 ft</span></div>
<div><span><b>Speed:</b></span> <span>348 kt</span></div>
<div><span><b>Timestamp:</b></span><br/><span>2024-03-20 03:58:32 UTC<br/>2024-03-20 03:59:03 UTC</span></div>
</div>]]></description>
		<Style>
			<LineStyle>
				<color>ff0054ff</color>
				<width>2</width>
			</LineStyle>
		</Style>
		<MultiGeometry>
			<LineString>
				<tessellate>1</tessellate>
				<altitudeMode>absolute</altitudeMode>
				<coordinates>
					126.93235,35.74374,6400.800000000001 126.937805,35.793594,6400.800000000001 
				</coordinates>
			</LineString>
		</MultiGeometry>
	</Placemark>
	<Placemark>
		<name>P-130</name>
		<visibility>0</visibility>
		<description><![CDATA[<div><div><span><b>Altitude:</b></span> <span>21,000 ft</span></div>
<div><span><b>Speed:</b></span> <span>348 kt</span></div>
<div><span><b>Timestamp:</b></span><br/><span>2024-03-20 03:59:03 UTC<br/>2024-03-20 03:59:33 UTC</span></div>
</div>]]></description>
		<Style>
			<LineStyle>
				<color>ff0054ff</color>
				<width>2</width>
			</LineStyle>
		</Style>
		<MultiGeometry>
			<LineString>
				<tessellate>1</tessellate>
				<altitudeMode>absolute</altitudeMode>
				<coordinates>
					126.937805,35.793594,6400.800000000001 126.943283,35.84243,6400.800000000001 
				</coordinates>
			</LineString>
		</MultiGeometry>
	</Placemark>
	<Placemark>
		<name>P-131</name>
		<visibility>0</visibility>
		<description><![CDATA[<div><div><span><b>Altitude:</b></span> <span>21,000 ft - 20,575 ft</span></div>
<div><span><b>Speed:</b></span> <span>348 kt - 324 kt</span></div>
<div><span><b>Timestamp:</b></span><br/><span>2024-03-20 03:59:33 UTC<br/>2024-03-20 04:00:06 UTC</span></div>
</div>]]></description>
		<Style>
			<LineStyle>
				<color>ff0054ff</color>
				<width>2</width>
			</LineStyle>
		</Style>
		<MultiGeometry>
			<LineString>
				<tessellate>1</tessellate>
				<altitudeMode>absolute</altitudeMode>
				<coordinates>
					126.943283,35.84243,6400.800000000001 126.949181,35.893452,6271.26 
				</coordinates>
			</LineString>
		</MultiGeometry>
	</Placemark>
	<Placemark>
		<name>P-132</name>
		<visibility>0</visibility>
		<description><![CDATA[<div><div><span><b>Altitude:</b></span> <span>20,575 ft - 20,050 ft</span></div>
<div><span><b>Speed:</b></span> <span>324 kt - 304 kt</span></div>
<div><span><b>Timestamp:</b></span><br/><span>2024-03-20 04:00:06 UTC<br/>2024-03-20 04:00:39 UTC</span></div>
</div>]]></description>
		<Style>
			<LineStyle>
				<color>ff0054ff</color>
				<width>2</width>
			</LineStyle>
		</Style>
		<MultiGeometry>
			<LineString>
				<tessellate>1</tessellate>
				<altitudeMode>absolute</altitudeMode>
				<coordinates>
					126.949181,35.893452,6271.26 126.954445,35.940933,6111.239999999999 
				</coordinates>
			</LineString>
		</MultiGeometry>
	</Placemark>
	<Placemark>
		<name>P-133</name>
		<visibility>0</visibility>
		<description><![CDATA[<div><div><span><b>Altitude:</b></span> <span>20,050 ft - 19,525 ft</span></div>
<div><span><b>Speed:</b></span> <span>304 kt - 296 kt</span></div>
<div><span><b>Timestamp:</b></span><br/><span>2024-03-20 04:00:39 UTC<br/>2024-03-20 04:01:10 UTC</span></div>
</div>]]></description>
		<Style>
			<LineStyle>
				<color>ff0054ff</color>
				<width>2</width>
			</LineStyle>
		</Style>
		<MultiGeometry>
			<LineString>
				<tessellate>1</tessellate>
				<altitudeMode>absolute</altitudeMode>
				<coordinates>
					126.954445,35.940933,6111.239999999999 126.959038,35.983932,5951.22 
				</coordinates>
			</LineString>
		</MultiGeometry>
	</Placemark>
	<Placemark>
		<name>P-134</name>
		<visibility>0</visibility>
		<description><![CDATA[<div><div><span><b>Altitude:</b></span> <span>19,525 ft - 19,000 ft</span></div>
<div><span><b>Speed:</b></span> <span>296 kt - 293 kt</span></div>
<div><span><b>Timestamp:</b></span><br/><span>2024-03-20 04:01:10 UTC<br/>2024-03-20 04:01:42 UTC</span></div>
</div>]]></description>
		<Style>
			<LineStyle>
				<color>ff0078ff</color>
				<width>2</width>
			</LineStyle>
		</Style>
		<MultiGeometry>
			<LineString>
				<tessellate>1</tessellate>
				<altitudeMode>absolute</altitudeMode>
				<coordinates>
					126.959038,35.983932,5951.22 126.96344,36.026077,5791.199999999999 
				</coordinates>
			</LineString>
		</MultiGeometry>
	</Placemark>
	<Placemark>
		<name>P-135</name>
		<visibility>0</visibility>
		<description><![CDATA[<div><div><span><b>Altitude:</b></span> <span>19,000 ft - 18,500 ft</span></div>
<div><span><b>Speed:</b></span> <span>293 kt - 292 kt</span></div>
<div><span><b>Timestamp:</b></span><br/><span>2024-03-20 04:01:42 UTC<br/>2024-03-20 04:02:12 UTC</span></div>
</div>]]></description>
		<Style>
			<LineStyle>
				<color>ff0078ff</color>
				<width>2</width>
			</LineStyle>
		</Style>
		<MultiGeometry>
			<LineString>
				<tessellate>1</tessellate>
				<altitudeMode>absolute</altitudeMode>
				<coordinates>
					126.96344,36.026077,5791.199999999999 126.96788,36.066998,5638.799999999999 
				</coordinates>
			</LineString>
		</MultiGeometry>
	</Placemark>
	<Placemark>
		<name>P-136</name>
		<visibility>0</visibility>
		<description><![CDATA[<div><div><span><b>Altitude:</b></span> <span>18,500 ft - 17,950 ft</span></div>
<div><span><b>Speed:</b></span> <span>292 kt - 290 kt</span></div>
<div><span><b>Timestamp:</b></span><br/><span>2024-03-20 04:02:12 UTC<br/>2024-03-20 04:02:46 UTC</span></div>
</div>]]></description>
		<Style>
			<LineStyle>
				<color>ff0078ff</color>
				<width>2</width>
			</LineStyle>
		</Style>
		<MultiGeometry>
			<LineString>
				<tessellate>1</tessellate>
				<altitudeMode>absolute</altitudeMode>
				<coordinates>
					126.96788,36.066998,5638.799999999999 126.972969,36.112152,5471.16 
				</coordinates>
			</LineString>
		</MultiGeometry>
	</Placemark>
	<Placemark>
		<name>P-137</name>
		<visibility>0</visibility>
		<description><![CDATA[<div><div><span><b>Altitude:</b></span> <span>17,950 ft - 17,400 ft</span></div>
<div><span><b>Speed:</b></span> <span>290 kt</span></div>
<div><span><b>Timestamp:</b></span><br/><span>2024-03-20 04:02:46 UTC<br/>2024-03-20 04:03:18 UTC</span></div>
</div>]]></description>
		<Style>
			<LineStyle>
				<color>ff0096ff</color>
				<width>2</width>
			</LineStyle>
		</Style>
		<MultiGeometry>
			<LineString>
				<tessellate>1</tessellate>
				<altitudeMode>absolute</altitudeMode>
				<coordinates>
					126.972969,36.112152,5471.16 126.977699,36.155167,5303.52 
				</coordinates>
			</LineString>
		</MultiGeometry>
	</Placemark>
	<Placemark>
		<name>P-138</name>
		<visibility>0</visibility>
		<description><![CDATA[<div><div><span><b>Altitude:</b></span> <span>17,400 ft - 16,875 ft</span></div>
<div><span><b>Speed:</b></span> <span>290 kt - 288 kt</span></div>
<div><span><b>Timestamp:</b></span><br/><span>2024-03-20 04:03:18 UTC<br/>2024-03-20 04:03:50 UTC</span></div>
</div>]]></description>
		<Style>
			<LineStyle>
				<color>ff0096ff</color>
				<width>2</width>
			</LineStyle>
		</Style>
		<MultiGeometry>
			<LineString>
				<tessellate>1</tessellate>
				<altitudeMode>absolute</altitudeMode>
				<coordinates>
					126.977699,36.155167,5303.52 126.982727,36.198601,5143.499999999999 
				</coordinates>
			</LineString>
		</MultiGeometry>
	</Placemark>
	<Placemark>
		<name>P-139</name>
		<visibility>0</visibility>
		<description><![CDATA[<div><div><span><b>Altitude:</b></span> <span>16,875 ft - 16,350 ft</span></div>
<div><span><b>Speed:</b></span> <span>288 kt</span></div>
<div><span><b>Timestamp:</b></span><br/><span>2024-03-20 04:03:50 UTC<br/>2024-03-20 04:04:21 UTC</span></div>
</div>]]></description>
		<Style>
			<LineStyle>
				<color>ff0096ff</color>
				<width>2</width>
			</LineStyle>
		</Style>
		<MultiGeometry>
			<LineString>
				<tessellate>1</tessellate>
				<altitudeMode>absolute</altitudeMode>
				<coordinates>
					126.982727,36.198601,5143.499999999999 126.987076,36.239914,4983.48 
				</coordinates>
			</LineString>
		</MultiGeometry>
	</Placemark>
	<Placemark>
		<name>P-140</name>
		<visibility>0</visibility>
		<description><![CDATA[<div><div><span><b>Altitude:</b></span> <span>16,350 ft - 16,025 ft</span></div>
<div><span><b>Speed:</b></span> <span>288 kt - 287 kt</span></div>
<div><span><b>Timestamp:</b></span><br/><span>2024-03-20 04:04:21 UTC<br/>2024-03-20 04:04:55 UTC</span></div>
</div>]]></description>
		<Style>
			<LineStyle>
				<color>ff00a8ff</color>
				<width>2</width>
			</LineStyle>
		</Style>
		<MultiGeometry>
			<LineString>
				<tessellate>1</tessellate>
				<altitudeMode>absolute</altitudeMode>
				<coordinates>
					126.987076,36.239914,4983.48 126.99202,36.284443,4884.42 
				</coordinates>
			</LineString>
		</MultiGeometry>
	</Placemark>
	<Placemark>
		<name>P-141</name>
		<visibility>0</visibility>
		<description><![CDATA[<div><div><span><b>Altitude:</b></span> <span>16,025 ft - 16,000 ft</span></div>
<div><span><b>Speed:</b></span> <span>287 kt - 286 kt</span></div>
<div><span><b>Timestamp:</b></span><br/><span>2024-03-20 04:04:55 UTC<br/>2024-03-20 04:05:25 UTC</span></div>
</div>]]></description>
		<Style>
			<LineStyle>
				<color>ff00a8ff</color>
				<width>2</width>
			</LineStyle>
		</Style>
		<MultiGeometry>
			<LineString>
				<tessellate>1</tessellate>
				<altitudeMode>absolute</altitudeMode>
				<coordinates>
					126.99202,36.284443,4884.42 126.996574,36.324875,4876.8 
				</coordinates>
			</LineString>
		</MultiGeometry>
	</Placemark>
	<Placemark>
		<name>P-142</name>
		<visibility>0</visibility>
		<description><![CDATA[<div><div><span><b>Altitude:</b></span> <span>16,000 ft</span></div>
<div><span><b>Speed:</b></span> <span>286 kt - 285 kt</span></div>
<div><span><b>Timestamp:</b></span><br/><span>2024-03-20 04:05:25 UTC<br/>2024-03-20 04:05:58 UTC</span></div>
</div>]]></description>
		<Style>
			<LineStyle>
				<color>ff00a8ff</color>
				<width>2</width>
			</LineStyle>
		</Style>
		<MultiGeometry>
			<LineString>
				<tessellate>1</tessellate>
				<altitudeMode>absolute</altitudeMode>
				<coordinates>
					126.996574,36.324875,4876.8 127.001381,36.367676,4876.8 
				</coordinates>
			</LineString>
		</MultiGeometry>
	</Placemark>
	<Placemark>
		<name>P-143</name>
		<visibility>0</visibility>
		<description><![CDATA[<div><div><span><b>Altitude:</b></span> <span>16,000 ft</span></div>
<div><span><b>Speed:</b></span> <span>285 kt - 280 kt</span></div>
<div><span><b>Timestamp:</b></span><br/><span>2024-03-20 04:05:58 UTC<br/>2024-03-20 04:06:32 UTC</span></div>
</div>]]></description>
		<Style>
			<LineStyle>
				<color>ff00a8ff</color>
				<width>2</width>
			</LineStyle>
		</Style>
		<MultiGeometry>
			<LineString>
				<tessellate>1</tessellate>
				<altitudeMode>absolute</altitudeMode>
				<coordinates>
					127.001381,36.367676,4876.8 127.002769,36.409763,4876.8 
				</coordinates>
			</LineString>
		</MultiGeometry>
	</Placemark>
	<Placemark>
		<name>P-144</name>
		<visibility>0</visibility>
		<description><![CDATA[<div><div><span><b>Altitude:</b></span> <span>16,000 ft</span></div>
<div><span><b>Speed:</b></span> <span>280 kt - 281 kt</span></div>
<div><span><b>Timestamp:</b></span><br/><span>2024-03-20 04:06:32 UTC<br/>2024-03-20 04:07:03 UTC</span></div>
</div>]]></description>
		<Style>
			<LineStyle>
				<color>ff00a8ff</color>
				<width>2</width>
			</LineStyle>
		</Style>
		<MultiGeometry>
			<LineString>
				<tessellate>1</tessellate>
				<altitudeMode>absolute</altitudeMode>
				<coordinates>
					127.002769,36.409763,4876.8 127.001076,36.451847,4876.8 
				</coordinates>
			</LineString>
		</MultiGeometry>
	</Placemark>
	<Placemark>
		<name>P-145</name>
		<visibility>0</visibility>
		<description><![CDATA[<div><div><span><b>Altitude:</b></span> <span>16,000 ft</span></div>
<div><span><b>Speed:</b></span> <span>281 kt - 280 kt</span></div>
<div><span><b>Timestamp:</b></span><br/><span>2024-03-20 04:07:03 UTC<br/>2024-03-20 04:07:34 UTC</span></div>
</div>]]></description>
		<Style>
			<LineStyle>
				<color>ff00a8ff</color>
				<width>2</width>
			</LineStyle>
		</Style>
		<MultiGeometry>
			<LineString>
				<tessellate>1</tessellate>
				<altitudeMode>absolute</altitudeMode>
				<coordinates>
					127.001076,36.451847,4876.8 126.999603,36.491867,4876.8 
				</coordinates>
			</LineString>
		</MultiGeometry>
	</Placemark>
	<Placemark>
		<name>P-146</name>
		<visibility>0</visibility>
		<description><![CDATA[<div><div><span><b>Altitude:</b></span> <span>16,000 ft</span></div>
<div><span><b>Speed:</b></span> <span>280 kt - 282 kt</span></div>
<div><span><b>Timestamp:</b></span><br/><span>2024-03-20 04:07:34 UTC<br/>2024-03-20 04:08:07 UTC</span></div>
</div>]]></description>
		<Style>
			<LineStyle>
				<color>ff00a8ff</color>
				<width>2</width>
			</LineStyle>
		</Style>
		<MultiGeometry>
			<LineString>
				<tessellate>1</tessellate>
				<altitudeMode>absolute</altitudeMode>
				<coordinates>
					126.999603,36.491867,4876.8 126.998039,36.534195,4876.8 
				</coordinates>
			</LineString>
		</MultiGeometry>
	</Placemark>
	<Placemark>
		<name>P-147</name>
		<visibility>0</visibility>
		<description><![CDATA[<div><div><span><b>Altitude:</b></span> <span>16,000 ft</span></div>
<div><span><b>Speed:</b></span> <span>282 kt</span></div>
<div><span><b>Timestamp:</b></span><br/><span>2024-03-20 04:08:07 UTC<br/>2024-03-20 04:08:37 UTC</span></div>
</div>]]></description>
		<Style>
			<LineStyle>
				<color>ff00a8ff</color>
				<width>2</width>
			</LineStyle>
		</Style>
		<MultiGeometry>
			<LineString>
				<tessellate>1</tessellate>
				<altitudeMode>absolute</altitudeMode>
				<coordinates>
					126.998039,36.534195,4876.8 126.996521,36.574631,4876.8 
				</coordinates>
			</LineString>
		</MultiGeometry>
	</Placemark>
	<Placemark>
		<name>P-148</name>
		<visibility>0</visibility>
		<description><![CDATA[<div><div><span><b>Altitude:</b></span> <span>16,000 ft</span></div>
<div><span><b>Speed:</b></span> <span>282 kt - 280 kt</span></div>
<div><span><b>Timestamp:</b></span><br/><span>2024-03-20 04:08:37 UTC<br/>2024-03-20 04:09:12 UTC</span></div>
</div>]]></description>
		<Style>
			<LineStyle>
				<color>ff00a8ff</color>
				<width>2</width>
			</LineStyle>
		</Style>
		<MultiGeometry>
			<LineString>
				<tessellate>1</tessellate>
				<altitudeMode>absolute</altitudeMode>
				<coordinates>
					126.996521,36.574631,4876.8 126.994881,36.61948,4876.8 
				</coordinates>
			</LineString>
		</MultiGeometry>
	</Placemark>
	<Placemark>
		<name>P-149</name>
		<visibility>0</visibility>
		<description><![CDATA[<div><div><span><b>Altitude:</b></span> <span>16,000 ft</span></div>
<div><span><b>Speed:</b></span> <span>280 kt - 281 kt</span></div>
<div><span><b>Timestamp:</b></span><br/><span>2024-03-20 04:09:12 UTC<br/>2024-03-20 04:09:44 UTC</span></div>
</div>]]></description>
		<Style>
			<LineStyle>
				<color>ff00a8ff</color>
				<width>2</width>
			</LineStyle>
		</Style>
		<MultiGeometry>
			<LineString>
				<tessellate>1</tessellate>
				<altitudeMode>absolute</altitudeMode>
				<coordinates>
					126.994881,36.61948,4876.8 126.993362,36.661934,4876.8 
				</coordinates>
			</LineString>
		</MultiGeometry>
	</Placemark>
	<Placemark>
		<name>P-150</name>
		<visibility>0</visibility>
		<description><![CDATA[<div><div><span><b>Altitude:</b></span> <span>16,000 ft</span></div>
<div><span><b>Speed:</b></span> <span>281 kt</span></div>
<div><span><b>Timestamp:</b></span><br/><span>2024-03-20 04:09:44 UTC<br/>2024-03-20 04:10:18 UTC</span></div>
</div>]]></description>
		<Style>
			<LineStyle>
				<color>ff00a8ff</color>
				<width>2</width>
			</LineStyle>
		</Style>
		<MultiGeometry>
			<LineString>
				<tessellate>1</tessellate>
				<altitudeMode>absolute</altitudeMode>
				<coordinates>
					126.993362,36.661934,4876.8 126.991783,36.705276,4876.8 
				</coordinates>
			</LineString>
		</MultiGeometry>
	</Placemark>
	<Placemark>
		<name>P-151</name>
		<visibility>0</visibility>
		<description><![CDATA[<div><div><span><b>Altitude:</b></span> <span>16,000 ft - 15,775 ft</span></div>
<div><span><b>Speed:</b></span> <span>281 kt - 286 kt</span></div>
<div><span><b>Timestamp:</b></span><br/><span>2024-03-20 04:10:18 UTC<br/>2024-03-20 04:10:34 UTC</span></div>
</div>]]></description>
		<Style>
			<LineStyle>
				<color>ff00a8ff</color>
				<width>2</width>
			</LineStyle>
		</Style>
		<MultiGeometry>
			<LineString>
				<tessellate>1</tessellate>
				<altitudeMode>absolute</altitudeMode>
				<coordinates>
					126.991783,36.705276,4876.8 126.992683,36.727615,4808.22 
				</coordinates>
			</LineString>
		</MultiGeometry>
	</Placemark>
	<Placemark>
		<name>P-152</name>
		<visibility>0</visibility>
		<description><![CDATA[<div><div><span><b>Altitude:</b></span> <span>15,775 ft - 15,700 ft</span></div>
<div><span><b>Speed:</b></span> <span>286 kt - 290 kt</span></div>
<div><span><b>Timestamp:</b></span><br/><span>2024-03-20 04:10:34 UTC<br/>2024-03-20 04:10:38 UTC</span></div>
</div>]]></description>
		<Style>
			<LineStyle>
				<color>ff00a8ff</color>
				<width>2</width>
			</LineStyle>
		</Style>
		<MultiGeometry>
			<LineString>
				<tessellate>1</tessellate>
				<altitudeMode>absolute</altitudeMode>
				<coordinates>
					126.992683,36.727615,4808.22 126.993828,36.731598,4785.359999999999 
				</coordinates>
			</LineString>
		</MultiGeometry>
	</Placemark>
	<Placemark>
		<name>P-153</name>
		<visibility>0</visibility>
		<description><![CDATA[<div><div><span><b>Altitude:</b></span> <span>15,700 ft - 15,675 ft</span></div>
<div><span><b>Speed:</b></span> <span>290 kt - 294 kt</span></div>
<div><span><b>Timestamp:</b></span><br/><span>2024-03-20 04:10:38 UTC<br/>2024-03-20 04:10:41 UTC</span></div>
</div>]]></description>
		<Style>
			<LineStyle>
				<color>ff00a8ff</color>
				<width>2</width>
			</LineStyle>
		</Style>
		<MultiGeometry>
			<LineString>
				<tessellate>1</tessellate>
				<altitudeMode>absolute</altitudeMode>
				<coordinates>
					126.993828,36.731598,4785.359999999999 126.994705,36.733906,4777.74 
				</coordinates>
			</LineString>
		</MultiGeometry>
	</Placemark>
	<Placemark>
		<name>P-154</name>
		<visibility>0</visibility>
		<description><![CDATA[<div><div><span><b>Altitude:</b></span> <span>15,675 ft - 15,575 ft</span></div>
<div><span><b>Speed:</b></span> <span>294 kt - 295 kt</span></div>
<div><span><b>Timestamp:</b></span><br/><span>2024-03-20 04:10:41 UTC<br/>2024-03-20 04:10:44 UTC</span></div>
</div>]]></description>
		<Style>
			<LineStyle>
				<color>ff00a8ff</color>
				<width>2</width>
			</LineStyle>
		</Style>
		<MultiGeometry>
			<LineString>
				<tessellate>1</tessellate>
				<altitudeMode>absolute</altitudeMode>
				<coordinates>
					126.994705,36.733906,4777.74 126.997398,36.739536,4747.26 
				</coordinates>
			</LineString>
		</MultiGeometry>
	</Placemark>
	<Placemark>
		<name>P-155</name>
		<visibility>0</visibility>
		<description><![CDATA[<div><div><span><b>Altitude:</b></span> <span>15,575 ft - 15,550 ft</span></div>
<div><span><b>Speed:</b></span> <span>295 kt - 300 kt</span></div>
<div><span><b>Timestamp:</b></span><br/><span>2024-03-20 04:10:44 UTC<br/>2024-03-20 04:10:47 UTC</span></div>
</div>]]></description>
		<Style>
			<LineStyle>
				<color>ff00a8ff</color>
				<width>2</width>
			</LineStyle>
		</Style>
		<MultiGeometry>
			<LineString>
				<tessellate>1</tessellate>
				<altitudeMode>absolute</altitudeMode>
				<coordinates>
					126.997398,36.739536,4747.26 126.998917,36.742004,4739.639999999999 
				</coordinates>
			</LineString>
		</MultiGeometry>
	</Placemark>
	<Placemark>
		<name>P-156</name>
		<visibility>0</visibility>
		<description><![CDATA[<div><div><span><b>Altitude:</b></span> <span>15,550 ft - 15,475 ft</span></div>
<div><span><b>Speed:</b></span> <span>300 kt - 305 kt</span></div>
<div><span><b>Timestamp:</b></span><br/><span>2024-03-20 04:10:47 UTC<br/>2024-03-20 04:10:50 UTC</span></div>
</div>]]></description>
		<Style>
			<LineStyle>
				<color>ff00a8ff</color>
				<width>2</width>
			</LineStyle>
		</Style>
		<MultiGeometry>
			<LineString>
				<tessellate>1</tessellate>
				<altitudeMode>absolute</altitudeMode>
				<coordinates>
					126.998917,36.742004,4739.639999999999 127.003067,36.747498,4716.779999999999 
				</coordinates>
			</LineString>
		</MultiGeometry>
	</Placemark>
	<Placemark>
		<name>P-157</name>
		<visibility>0</visibility>
		<description><![CDATA[<div><div><span><b>Altitude:</b></span> <span>15,475 ft - 15,425 ft</span></div>
<div><span><b>Speed:</b></span> <span>305 kt - 309 kt</span></div>
<div><span><b>Timestamp:</b></span><br/><span>2024-03-20 04:10:50 UTC<br/>2024-03-20 04:10:53 UTC</span></div>
</div>]]></description>
		<Style>
			<LineStyle>
				<color>ff00a8ff</color>
				<width>2</width>
			</LineStyle>
		</Style>
		<MultiGeometry>
			<LineString>
				<tessellate>1</tessellate>
				<altitudeMode>absolute</altitudeMode>
				<coordinates>
					127.003067,36.747498,4716.779999999999 127.006134,36.750824,4701.539999999999 
				</coordinates>
			</LineString>
		</MultiGeometry>
	</Placemark>
	<Placemark>
		<name>P-158</name>
		<visibility>0</visibility>
		<description><![CDATA[<div><div><span><b>Altitude:</b></span> <span>15,425 ft - 15,375 ft</span></div>
<div><span><b>Speed:</b></span> <span>309 kt - 312 kt</span></div>
<div><span><b>Timestamp:</b></span><br/><span>2024-03-20 04:10:53 UTC<br/>2024-03-20 04:10:56 UTC</span></div>
</div>]]></description>
		<Style>
			<LineStyle>
				<color>ff00a8ff</color>
				<width>2</width>
			</LineStyle>
		</Style>
		<MultiGeometry>
			<LineString>
				<tessellate>1</tessellate>
				<altitudeMode>absolute</altitudeMode>
				<coordinates>
					127.006134,36.750824,4701.539999999999 127.009674,36.754211,4686.299999999999 
				</coordinates>
			</LineString>
		</MultiGeometry>
	</Placemark>
	<Placemark>
		<name>P-159</name>
		<visibility>0</visibility>
		<description><![CDATA[<div><div><span><b>Altitude:</b></span> <span>15,375 ft - 15,350 ft</span></div>
<div><span><b>Speed:</b></span> <span>312 kt - 313 kt</span></div>
<div><span><b>Timestamp:</b></span><br/><span>2024-03-20 04:10:56 UTC<br/>2024-03-20 04:11:00 UTC</span></div>
</div>]]></description>
		<Style>
			<LineStyle>
				<color>ff00a8ff</color>
				<width>2</width>
			</LineStyle>
		</Style>
		<MultiGeometry>
			<LineString>
				<tessellate>1</tessellate>
				<altitudeMode>absolute</altitudeMode>
				<coordinates>
					127.009674,36.754211,4686.299999999999 127.013702,36.75774,4678.68 
				</coordinates>
			</LineString>
		</MultiGeometry>
	</Placemark>
	<Placemark>
		<name>P-160</name>
		<visibility>0</visibility>
		<description><![CDATA[<div><div><span><b>Altitude:</b></span> <span>15,350 ft - 15,325 ft</span></div>
<div><span><b>Speed:</b></span> <span>313 kt - 314 kt</span></div>
<div><span><b>Timestamp:</b></span><br/><span>2024-03-20 04:11:00 UTC<br/>2024-03-20 04:11:02 UTC</span></div>
</div>]]></description>
		<Style>
			<LineStyle>
				<color>ff00a8ff</color>
				<width>2</width>
			</LineStyle>
		</Style>
		<MultiGeometry>
			<LineString>
				<tessellate>1</tessellate>
				<altitudeMode>absolute</altitudeMode>
				<coordinates>
					127.013702,36.75774,4678.68 127.017059,36.760666,4671.059999999999 
				</coordinates>
			</LineString>
		</MultiGeometry>
	</Placemark>
	<Placemark>
		<name>P-161</name>
		<visibility>0</visibility>
		<description><![CDATA[<div><div><span><b>Altitude:</b></span> <span>15,325 ft - 15,300 ft</span></div>
<div><span><b>Speed:</b></span> <span>314 kt</span></div>
<div><span><b>Timestamp:</b></span><br/><span>2024-03-20 04:11:02 UTC<br/>2024-03-20 04:11:05 UTC</span></div>
</div>]]></description>
		<Style>
			<LineStyle>
				<color>ff00a8ff</color>
				<width>2</width>
			</LineStyle>
		</Style>
		<MultiGeometry>
			<LineString>
				<tessellate>1</tessellate>
				<altitudeMode>absolute</altitudeMode>
				<coordinates>
					127.017059,36.760666,4671.059999999999 127.020607,36.763733,4663.439999999999 
				</coordinates>
			</LineString>
		</MultiGeometry>
	</Placemark>
	<Placemark>
		<name>P-162</name>
		<visibility>0</visibility>
		<description><![CDATA[<div><div><span><b>Altitude:</b></span> <span>15,300 ft - 15,250 ft</span></div>
<div><span><b>Speed:</b></span> <span>314 kt</span></div>
<div><span><b>Timestamp:</b></span><br/><span>2024-03-20 04:11:05 UTC<br/>2024-03-20 04:11:08 UTC</span></div>
</div>]]></description>
		<Style>
			<LineStyle>
				<color>ff00a8ff</color>
				<width>2</width>
			</LineStyle>
		</Style>
		<MultiGeometry>
			<LineString>
				<tessellate>1</tessellate>
				<altitudeMode>absolute</altitudeMode>
				<coordinates>
					127.020607,36.763733,4663.439999999999 127.024689,36.767284,4648.199999999999 
				</coordinates>
			</LineString>
		</MultiGeometry>
	</Placemark>
	<Placemark>
		<name>P-163</name>
		<visibility>0</visibility>
		<description><![CDATA[<div><div><span><b>Altitude:</b></span> <span>15,250 ft - 15,225 ft</span></div>
<div><span><b>Speed:</b></span> <span>314 kt</span></div>
<div><span><b>Timestamp:</b></span><br/><span>2024-03-20 04:11:08 UTC<br/>2024-03-20 04:11:11 UTC</span></div>
</div>]]></description>
		<Style>
			<LineStyle>
				<color>ff00a8ff</color>
				<width>2</width>
			</LineStyle>
		</Style>
		<MultiGeometry>
			<LineString>
				<tessellate>1</tessellate>
				<altitudeMode>absolute</altitudeMode>
				<coordinates>
					127.024689,36.767284,4648.199999999999 127.028046,36.770187,4640.58 
				</coordinates>
			</LineString>
		</MultiGeometry>
	</Placemark>
	<Placemark>
		<name>P-164</name>
		<visibility>0</visibility>
		<description><![CDATA[<div><div><span><b>Altitude:</b></span> <span>15,225 ft - 15,175 ft</span></div>
<div><span><b>Speed:</b></span> <span>314 kt</span></div>
<div><span><b>Timestamp:</b></span><br/><span>2024-03-20 04:11:11 UTC<br/>2024-03-20 04:11:14 UTC</span></div>
</div>]]></description>
		<Style>
			<LineStyle>
				<color>ff00a8ff</color>
				<width>2</width>
			</LineStyle>
		</Style>
		<MultiGeometry>
			<LineString>
				<tessellate>1</tessellate>
				<altitudeMode>absolute</altitudeMode>
				<coordinates>
					127.028046,36.770187,4640.58 127.032051,36.773666,4625.34 
				</coordinates>
			</LineString>
		</MultiGeometry>
	</Placemark>
	<Placemark>
		<name>P-165</name>
		<visibility>0</visibility>
		<description><![CDATA[<div><div><span><b>Altitude:</b></span> <span>15,175 ft - 15,125 ft</span></div>
<div><span><b>Speed:</b></span> <span>314 kt</span></div>
<div><span><b>Timestamp:</b></span><br/><span>2024-03-20 04:11:14 UTC<br/>2024-03-20 04:11:17 UTC</span></div>
</div>]]></description>
		<Style>
			<LineStyle>
				<color>ff00a8ff</color>
				<width>2</width>
			</LineStyle>
		</Style>
		<MultiGeometry>
			<LineString>
				<tessellate>1</tessellate>
				<altitudeMode>absolute</altitudeMode>
				<coordinates>
					127.032051,36.773666,4625.34 127.035599,36.776733,4610.1 
				</coordinates>
			</LineString>
		</MultiGeometry>
	</Placemark>
	<Placemark>
		<name>P-166</name>
		<visibility>0</visibility>
		<description><![CDATA[<div><div><span><b>Altitude:</b></span> <span>15,125 ft - 15,075 ft</span></div>
<div><span><b>Speed:</b></span> <span>314 kt</span></div>
<div><span><b>Timestamp:</b></span><br/><span>2024-03-20 04:11:17 UTC<br/>2024-03-20 04:11:21 UTC</span></div>
</div>]]></description>
		<Style>
			<LineStyle>
				<color>ff00a8ff</color>
				<width>2</width>
			</LineStyle>
		</Style>
		<MultiGeometry>
			<LineString>
				<tessellate>1</tessellate>
				<altitudeMode>absolute</altitudeMode>
				<coordinates>
					127.035599,36.776733,4610.1 127.039551,36.780167,4594.86 
				</coordinates>
			</LineString>
		</MultiGeometry>
	</Placemark>
	<Placemark>
		<name>P-167</name>
		<visibility>0</visibility>
		<description><![CDATA[<div><div><span><b>Altitude:</b></span> <span>15,075 ft - 14,575 ft</span></div>
<div><span><b>Speed:</b></span> <span>314 kt - 310 kt</span></div>
<div><span><b>Timestamp:</b></span><br/><span>2024-03-20 04:11:21 UTC<br/>2024-03-20 04:11:51 UTC</span></div>
</div>]]></description>
		<Style>
			<LineStyle>
				<color>ff00a8ff</color>
				<width>2</width>
			</LineStyle>
		</Style>
		<MultiGeometry>
			<LineString>
				<tessellate>1</tessellate>
				<altitudeMode>absolute</altitudeMode>
				<coordinates>
					127.039551,36.780167,4594.86 127.076698,36.812531,4442.46 
				</coordinates>
			</LineString>
		</MultiGeometry>
	</Placemark>
	<Placemark>
		<name>P-168</name>
		<visibility>0</visibility>
		<description><![CDATA[<div><div><span><b>Altitude:</b></span> <span>14,575 ft - 14,025 ft</span></div>
<div><span><b>Speed:</b></span> <span>310 kt</span></div>
<div><span><b>Timestamp:</b></span><br/><span>2024-03-20 04:11:51 UTC<br/>2024-03-20 04:12:24 UTC</span></div>
</div>]]></description>
		<Style>
			<LineStyle>
				<color>ff00c0ff</color>
				<width>2</width>
			</LineStyle>
		</Style>
		<MultiGeometry>
			<LineString>
				<tessellate>1</tessellate>
				<altitudeMode>absolute</altitudeMode>
				<coordinates>
					127.076698,36.812531,4442.46 127.116966,36.847412,4274.819999999999 
				</coordinates>
			</LineString>
		</MultiGeometry>
	</Placemark>
	<Placemark>
		<name>P-169</name>
		<visibility>0</visibility>
		<description><![CDATA[<div><div><span><b>Altitude:</b></span> <span>14,025 ft - 13,500 ft</span></div>
<div><span><b>Speed:</b></span> <span>310 kt - 303 kt</span></div>
<div><span><b>Timestamp:</b></span><br/><span>2024-03-20 04:12:24 UTC<br/>2024-03-20 04:12:55 UTC</span></div>
</div>]]></description>
		<Style>
			<LineStyle>
				<color>ff00c0ff</color>
				<width>2</width>
			</LineStyle>
		</Style>
		<MultiGeometry>
			<LineString>
				<tessellate>1</tessellate>
				<altitudeMode>absolute</altitudeMode>
				<coordinates>
					127.116966,36.847412,4274.819999999999 127.154182,36.879822,4114.8 
				</coordinates>
			</LineString>
		</MultiGeometry>
	</Placemark>
	<Placemark>
		<name>P-170</name>
		<visibility>0</visibility>
		<description><![CDATA[<div><div><span><b>Altitude:</b></span> <span>13,500 ft - 12,950 ft</span></div>
<div><span><b>Speed:</b></span> <span>303 kt - 302 kt</span></div>
<div><span><b>Timestamp:</b></span><br/><span>2024-03-20 04:12:55 UTC<br/>2024-03-20 04:13:28 UTC</span></div>
</div>]]></description>
		<Style>
			<LineStyle>
				<color>ff00c0ff</color>
				<width>2</width>
			</LineStyle>
		</Style>
		<MultiGeometry>
			<LineString>
				<tessellate>1</tessellate>
				<altitudeMode>absolute</altitudeMode>
				<coordinates>
					127.154182,36.879822,4114.8 127.193199,36.913971,3947.159999999998 
				</coordinates>
			</LineString>
		</MultiGeometry>
	</Placemark>
	<Placemark>
		<name>P-171</name>
		<visibility>0</visibility>
		<description><![CDATA[<div><div><span><b>Altitude:</b></span> <span>12,950 ft - 12,450 ft</span></div>
<div><span><b>Speed:</b></span> <span>302 kt - 299 kt</span></div>
<div><span><b>Timestamp:</b></span><br/><span>2024-03-20 04:13:28 UTC<br/>2024-03-20 04:13:58 UTC</span></div>
</div>]]></description>
		<Style>
			<LineStyle>
				<color>ff00eaff</color>
				<width>2</width>
			</LineStyle>
		</Style>
		<MultiGeometry>
			<LineString>
				<tessellate>1</tessellate>
				<altitudeMode>absolute</altitudeMode>
				<coordinates>
					127.193199,36.913971,3947.159999999998 127.228249,36.944416,3794.76 
				</coordinates>
			</LineString>
		</MultiGeometry>
	</Placemark>
	<Placemark>
		<name>P-172</name>
		<visibility>0</visibility>
		<description><![CDATA[<div><div><span><b>Altitude:</b></span> <span>12,450 ft - 11,900 ft</span></div>
<div><span><b>Speed:</b></span> <span>299 kt - 296 kt</span></div>
<div><span><b>Timestamp:</b></span><br/><span>2024-03-20 04:13:58 UTC<br/>2024-03-20 04:14:33 UTC</span></div>
</div>]]></description>
		<Style>
			<LineStyle>
				<color>ff00eaff</color>
				<width>2</width>
			</LineStyle>
		</Style>
		<MultiGeometry>
			<LineString>
				<tessellate>1</tessellate>
				<altitudeMode>absolute</altitudeMode>
				<coordinates>
					127.228249,36.944416,3794.76 127.268433,36.979095,3627.12 
				</coordinates>
			</LineString>
		</MultiGeometry>
	</Placemark>
	<Placemark>
		<name>P-173</name>
		<visibility>0</visibility>
		<description><![CDATA[<div><div><span><b>Altitude:</b></span> <span>11,900 ft - 11,700 ft</span></div>
<div><span><b>Speed:</b></span> <span>296 kt - 292 kt</span></div>
<div><span><b>Timestamp:</b></span><br/><span>2024-03-20 04:14:33 UTC<br/>2024-03-20 04:14:45 UTC</span></div>
</div>]]></description>
		<Style>
			<LineStyle>
				<color>ff00eaff</color>
				<width>2</width>
			</LineStyle>
		</Style>
		<MultiGeometry>
			<LineString>
				<tessellate>1</tessellate>
				<altitudeMode>absolute</altitudeMode>
				<coordinates>
					127.268433,36.979095,3627.12 127.283508,36.991974,3566.159999999999 
				</coordinates>
			</LineString>
		</MultiGeometry>
	</Placemark>
	<Placemark>
		<name>P-174</name>
		<visibility>0</visibility>
		<description><![CDATA[<div><div><span><b>Altitude:</b></span> <span>11,700 ft - 11,425 ft</span></div>
<div><span><b>Speed:</b></span> <span>292 kt</span></div>
<div><span><b>Timestamp:</b></span><br/><span>2024-03-20 04:14:45 UTC<br/>2024-03-20 04:15:01 UTC</span></div>
</div>]]></description>
		<Style>
			<LineStyle>
				<color>ff00eaff</color>
				<width>2</width>
			</LineStyle>
		</Style>
		<MultiGeometry>
			<LineString>
				<tessellate>1</tessellate>
				<altitudeMode>absolute</altitudeMode>
				<coordinates>
					127.283508,36.991974,3566.159999999999 127.30162,37.007492,3482.34 
				</coordinates>
			</LineString>
		</MultiGeometry>
	</Placemark>
	<Placemark>
		<name>P-175</name>
		<visibility>0</visibility>
		<description><![CDATA[<div><div><span><b>Altitude:</b></span> <span>11,425 ft - 11,200 ft</span></div>
<div><span><b>Speed:</b></span> <span>292 kt</span></div>
<div><span><b>Timestamp:</b></span><br/><span>2024-03-20 04:15:01 UTC<br/>2024-03-20 04:15:14 UTC</span></div>
</div>]]></description>
		<Style>
			<LineStyle>
				<color>ff00ffe4</color>
				<width>2</width>
			</LineStyle>
		</Style>
		<MultiGeometry>
			<LineString>
				<tessellate>1</tessellate>
				<altitudeMode>absolute</altitudeMode>
				<coordinates>
					127.30162,37.007492,3482.34 127.316177,37.020035,3413.76 
				</coordinates>
			</LineString>
		</MultiGeometry>
	</Placemark>
	<Placemark>
		<name>P-176</name>
		<visibility>0</visibility>
		<description><![CDATA[<div><div><span><b>Altitude:</b></span> <span>11,200 ft - 10,950 ft</span></div>
<div><span><b>Speed:</b></span> <span>292 kt - 288 kt</span></div>
<div><span><b>Timestamp:</b></span><br/><span>2024-03-20 04:15:14 UTC<br/>2024-03-20 04:15:27 UTC</span></div>
</div>]]></description>
		<Style>
			<LineStyle>
				<color>ff00ffe4</color>
				<width>2</width>
			</LineStyle>
		</Style>
		<MultiGeometry>
			<LineString>
				<tessellate>1</tessellate>
				<altitudeMode>absolute</altitudeMode>
				<coordinates>
					127.316177,37.020035,3413.76 127.330315,37.032898,3337.559999999999 
				</coordinates>
			</LineString>
		</MultiGeometry>
	</Placemark>
	<Placemark>
		<name>P-177</name>
		<visibility>0</visibility>
		<description><![CDATA[<div><div><span><b>Altitude:</b></span> <span>10,950 ft - 10,850 ft</span></div>
<div><span><b>Speed:</b></span> <span>288 kt - 275 kt</span></div>
<div><span><b>Timestamp:</b></span><br/><span>2024-03-20 04:15:27 UTC<br/>2024-03-20 04:15:33 UTC</span></div>
</div>]]></description>
		<Style>
			<LineStyle>
				<color>ff00ffe4</color>
				<width>2</width>
			</LineStyle>
		</Style>
		<MultiGeometry>
			<LineString>
				<tessellate>1</tessellate>
				<altitudeMode>absolute</altitudeMode>
				<coordinates>
					127.330315,37.032898,3337.559999999999 127.335182,37.039566,3307.079999999999 
				</coordinates>
			</LineString>
		</MultiGeometry>
	</Placemark>
	<Placemark>
		<name>P-178</name>
		<visibility>0</visibility>
		<description><![CDATA[<div><div><span><b>Altitude:</b></span> <span>10,850 ft - 10,775 ft</span></div>
<div><span><b>Speed:</b></span> <span>275 kt - 273 kt</span></div>
<div><span><b>Timestamp:</b></span><br/><span>2024-03-20 04:15:33 UTC<br/>2024-03-20 04:15:36 UTC</span></div>
</div>]]></description>
		<Style>
			<LineStyle>
				<color>ff00ffe4</color>
				<width>2</width>
			</LineStyle>
		</Style>
		<MultiGeometry>
			<LineString>
				<tessellate>1</tessellate>
				<altitudeMode>absolute</altitudeMode>
				<coordinates>
					127.335182,37.039566,3307.079999999999 127.337212,37.043476,3284.219999999999 
				</coordinates>
			</LineString>
		</MultiGeometry>
	</Placemark>
	<Placemark>
		<name>P-179</name>
		<visibility>0</visibility>
		<description><![CDATA[<div><div><span><b>Altitude:</b></span> <span>10,775 ft - 10,725 ft</span></div>
<div><span><b>Speed:</b></span> <span>273 kt - 267 kt</span></div>
<div><span><b>Timestamp:</b></span><br/><span>2024-03-20 04:15:36 UTC<br/>2024-03-20 04:15:39 UTC</span></div>
</div>]]></description>
		<Style>
			<LineStyle>
				<color>ff00ffe4</color>
				<width>2</width>
			</LineStyle>
		</Style>
		<MultiGeometry>
			<LineString>
				<tessellate>1</tessellate>
				<altitudeMode>absolute</altitudeMode>
				<coordinates>
					127.337212,37.043476,3284.219999999999 127.338493,37.04718,3268.98 
				</coordinates>
			</LineString>
		</MultiGeometry>
	</Placemark>
	<Placemark>
		<name>P-180</name>
		<visibility>0</visibility>
		<description><![CDATA[<div><div><span><b>Altitude:</b></span> <span>10,725 ft - 10,650 ft</span></div>
<div><span><b>Speed:</b></span> <span>267 kt - 263 kt</span></div>
<div><span><b>Timestamp:</b></span><br/><span>2024-03-20 04:15:39 UTC<br/>2024-03-20 04:15:43 UTC</span></div>
</div>]]></description>
		<Style>
			<LineStyle>
				<color>ff00ffe4</color>
				<width>2</width>
			</LineStyle>
		</Style>
		<MultiGeometry>
			<LineString>
				<tessellate>1</tessellate>
				<altitudeMode>absolute</altitudeMode>
				<coordinates>
					127.338493,37.04718,3268.98 127.339668,37.051758,3246.12 
				</coordinates>
			</LineString>
		</MultiGeometry>
	</Placemark>
	<Placemark>
		<name>P-181</name>
		<visibility>0</visibility>
		<description><![CDATA[<div><div><span><b>Altitude:</b></span> <span>10,650 ft - 10,600 ft</span></div>
<div><span><b>Speed:</b></span> <span>263 kt - 260 kt</span></div>
<div><span><b>Timestamp:</b></span><br/><span>2024-03-20 04:15:43 UTC<br/>2024-03-20 04:15:45 UTC</span></div>
</div>]]></description>
		<Style>
			<LineStyle>
				<color>ff00ffe4</color>
				<width>2</width>
			</LineStyle>
		</Style>
		<MultiGeometry>
			<LineString>
				<tessellate>1</tessellate>
				<altitudeMode>absolute</altitudeMode>
				<coordinates>
					127.339668,37.051758,3246.12 127.340019,37.054962,3230.88 
				</coordinates>
			</LineString>
		</MultiGeometry>
	</Placemark>
	<Placemark>
		<name>P-182</name>
		<visibility>0</visibility>
		<description><![CDATA[<div><div><span><b>Altitude:</b></span> <span>10,600 ft - 10,550 ft</span></div>
<div><span><b>Speed:</b></span> <span>260 kt - 257 kt</span></div>
<div><span><b>Timestamp:</b></span><br/><span>2024-03-20 04:15:45 UTC<br/>2024-03-20 04:15:49 UTC</span></div>
</div>]]></description>
		<Style>
			<LineStyle>
				<color>ff00ffe4</color>
				<width>2</width>
			</LineStyle>
		</Style>
		<MultiGeometry>
			<LineString>
				<tessellate>1</tessellate>
				<altitudeMode>absolute</altitudeMode>
				<coordinates>
					127.340019,37.054962,3230.88 127.34008,37.059353,3215.639999999999 
				</coordinates>
			</LineString>
		</MultiGeometry>
	</Placemark>
	<Placemark>
		<name>P-183</name>
		<visibility>0</visibility>
		<description><![CDATA[<div><div><span><b>Altitude:</b></span> <span>10,550 ft - 10,500 ft</span></div>
<div><span><b>Speed:</b></span> <span>257 kt - 254 kt</span></div>
<div><span><b>Timestamp:</b></span><br/><span>2024-03-20 04:15:49 UTC<br/>2024-03-20 04:15:51 UTC</span></div>
</div>]]></description>
		<Style>
			<LineStyle>
				<color>ff00ffe4</color>
				<width>2</width>
			</LineStyle>
		</Style>
		<MultiGeometry>
			<LineString>
				<tessellate>1</tessellate>
				<altitudeMode>absolute</altitudeMode>
				<coordinates>
					127.34008,37.059353,3215.639999999999 127.339897,37.062286,3200.400000000001 
				</coordinates>
			</LineString>
		</MultiGeometry>
	</Placemark>
	<Placemark>
		<name>P-184</name>
		<visibility>0</visibility>
		<description><![CDATA[<div><div><span><b>Altitude:</b></span> <span>10,500 ft - 10,450 ft</span></div>
<div><span><b>Speed:</b></span> <span>254 kt - 253 kt</span></div>
<div><span><b>Timestamp:</b></span><br/><span>2024-03-20 04:15:51 UTC<br/>2024-03-20 04:15:54 UTC</span></div>
</div>]]></description>
		<Style>
			<LineStyle>
				<color>ff00ffe4</color>
				<width>2</width>
			</LineStyle>
		</Style>
		<MultiGeometry>
			<LineString>
				<tessellate>1</tessellate>
				<altitudeMode>absolute</altitudeMode>
				<coordinates>
					127.339897,37.062286,3200.400000000001 127.339371,37.065216,3185.159999999999 
				</coordinates>
			</LineString>
		</MultiGeometry>
	</Placemark>
	<Placemark>
		<name>P-185</name>
		<visibility>0</visibility>
		<description><![CDATA[<div><div><span><b>Altitude:</b></span> <span>10,450 ft - 10,425 ft</span></div>
<div><span><b>Speed:</b></span> <span>253 kt - 252 kt</span></div>
<div><span><b>Timestamp:</b></span><br/><span>2024-03-20 04:15:54 UTC<br/>2024-03-20 04:15:57 UTC</span></div>
</div>]]></description>
		<Style>
			<LineStyle>
				<color>ff00ffe4</color>
				<width>2</width>
			</LineStyle>
		</Style>
		<MultiGeometry>
			<LineString>
				<tessellate>1</tessellate>
				<altitudeMode>absolute</altitudeMode>
				<coordinates>
					127.339371,37.065216,3185.159999999999 127.33873,37.068008,3177.54 
				</coordinates>
			</LineString>
		</MultiGeometry>
	</Placemark>
	<Placemark>
		<name>P-186</name>
		<visibility>0</visibility>
		<description><![CDATA[<div><div><span><b>Altitude:</b></span> <span>10,425 ft - 10,350 ft</span></div>
<div><span><b>Speed:</b></span> <span>252 kt - 251 kt</span></div>
<div><span><b>Timestamp:</b></span><br/><span>2024-03-20 04:15:57 UTC<br/>2024-03-20 04:16:01 UTC</span></div>
</div>]]></description>
		<Style>
			<LineStyle>
				<color>ff00ffe4</color>
				<width>2</width>
			</LineStyle>
		</Style>
		<MultiGeometry>
			<LineString>
				<tessellate>1</tessellate>
				<altitudeMode>absolute</altitudeMode>
				<coordinates>
					127.33873,37.068008,3177.54 127.336678,37.073689,3154.68 
				</coordinates>
			</LineString>
		</MultiGeometry>
	</Placemark>
	<Placemark>
		<name>P-187</name>
		<visibility>0</visibility>
		<description><![CDATA[<div><div><span><b>Altitude:</b></span> <span>10,350 ft - 10,325 ft</span></div>
<div><span><b>Speed:</b></span> <span>251 kt - 249 kt</span></div>
<div><span><b>Timestamp:</b></span><br/><span>2024-03-20 04:16:01 UTC<br/>2024-03-20 04:16:03 UTC</span></div>
</div>]]></description>
		<Style>
			<LineStyle>
				<color>ff00ffe4</color>
				<width>2</width>
			</LineStyle>
		</Style>
		<MultiGeometry>
			<LineString>
				<tessellate>1</tessellate>
				<altitudeMode>absolute</altitudeMode>
				<coordinates>
					127.336678,37.073689,3154.68 127.336502,37.074154,3147.06 
				</coordinates>
			</LineString>
		</MultiGeometry>
	</Placemark>
	<Placemark>
		<name>P-188</name>
		<visibility>0</visibility>
		<description><![CDATA[<div><div><span><b>Altitude:</b></span> <span>10,325 ft - 10,250 ft</span></div>
<div><span><b>Speed:</b></span> <span>249 kt</span></div>
<div><span><b>Timestamp:</b></span><br/><span>2024-03-20 04:16:03 UTC<br/>2024-03-20 04:16:07 UTC</span></div>
</div>]]></description>
		<Style>
			<LineStyle>
				<color>ff00ffe4</color>
				<width>2</width>
			</LineStyle>
		</Style>
		<MultiGeometry>
			<LineString>
				<tessellate>1</tessellate>
				<altitudeMode>absolute</altitudeMode>
				<coordinates>
					127.336502,37.074154,3147.06 127.33345,37.079697,3124.199999999999 
				</coordinates>
			</LineString>
		</MultiGeometry>
	</Placemark>
	<Placemark>
		<name>P-189</name>
		<visibility>0</visibility>
		<description><![CDATA[<div><div><span><b>Altitude:</b></span> <span>10,250 ft - 10,175 ft</span></div>
<div><span><b>Speed:</b></span> <span>249 kt - 247 kt</span></div>
<div><span><b>Timestamp:</b></span><br/><span>2024-03-20 04:16:07 UTC<br/>2024-03-20 04:16:11 UTC</span></div>
</div>]]></description>
		<Style>
			<LineStyle>
				<color>ff00ffe4</color>
				<width>2</width>
			</LineStyle>
		</Style>
		<MultiGeometry>
			<LineString>
				<tessellate>1</tessellate>
				<altitudeMode>absolute</altitudeMode>
				<coordinates>
					127.33345,37.079697,3124.199999999999 127.33078,37.083527,3101.34 
				</coordinates>
			</LineString>
		</MultiGeometry>
	</Placemark>
	<Placemark>
		<name>P-190</name>
		<visibility>0</visibility>
		<description><![CDATA[<div><div><span><b>Altitude:</b></span> <span>10,175 ft - 10,150 ft</span></div>
<div><span><b>Speed:</b></span> <span>247 kt</span></div>
<div><span><b>Timestamp:</b></span><br/><span>2024-03-20 04:16:11 UTC<br/>2024-03-20 04:16:14 UTC</span></div>
</div>]]></description>
		<Style>
			<LineStyle>
				<color>ff00ffe4</color>
				<width>2</width>
			</LineStyle>
		</Style>
		<MultiGeometry>
			<LineString>
				<tessellate>1</tessellate>
				<altitudeMode>absolute</altitudeMode>
				<coordinates>
					127.33078,37.083527,3101.34 127.329216,37.085468,3093.72 
				</coordinates>
			</LineString>
		</MultiGeometry>
	</Placemark>
	<Placemark>
		<name>P-191</name>
		<visibility>0</visibility>
		<description><![CDATA[<div><div><span><b>Altitude:</b></span> <span>10,150 ft - 10,075 ft</span></div>
<div><span><b>Speed:</b></span> <span>247 kt - 249 kt</span></div>
<div><span><b>Timestamp:</b></span><br/><span>2024-03-20 04:16:14 UTC<br/>2024-03-20 04:16:17 UTC</span></div>
</div>]]></description>
		<Style>
			<LineStyle>
				<color>ff00ffe4</color>
				<width>2</width>
			</LineStyle>
		</Style>
		<MultiGeometry>
			<LineString>
				<tessellate>1</tessellate>
				<altitudeMode>absolute</altitudeMode>
				<coordinates>
					127.329216,37.085468,3093.72 127.325233,37.089706,3070.86 
				</coordinates>
			</LineString>
		</MultiGeometry>
	</Placemark>
	<Placemark>
		<name>P-192</name>
		<visibility>0</visibility>
		<description><![CDATA[<div><div><span><b>Altitude:</b></span> <span>10,075 ft - 10,025 ft</span></div>
<div><span><b>Speed:</b></span> <span>249 kt</span></div>
<div><span><b>Timestamp:</b></span><br/><span>2024-03-20 04:16:17 UTC<br/>2024-03-20 04:16:20 UTC</span></div>
</div>]]></description>
		<Style>
			<LineStyle>
				<color>ff00ffe4</color>
				<width>2</width>
			</LineStyle>
		</Style>
		<MultiGeometry>
			<LineString>
				<tessellate>1</tessellate>
				<altitudeMode>absolute</altitudeMode>
				<coordinates>
					127.325233,37.089706,3070.86 127.322487,37.092499,3055.619999999999 
				</coordinates>
			</LineString>
		</MultiGeometry>
	</Placemark>
	<Placemark>
		<name>P-193</name>
		<visibility>0</visibility>
		<description><![CDATA[<div><div><span><b>Altitude:</b></span> <span>10,025 ft - 10,000 ft</span></div>
<div><span><b>Speed:</b></span> <span>249 kt - 250 kt</span></div>
<div><span><b>Timestamp:</b></span><br/><span>2024-03-20 04:16:20 UTC<br/>2024-03-20 04:16:23 UTC</span></div>
</div>]]></description>
		<Style>
			<LineStyle>
				<color>ff00ffe4</color>
				<width>2</width>
			</LineStyle>
		</Style>
		<MultiGeometry>
			<LineString>
				<tessellate>1</tessellate>
				<altitudeMode>absolute</altitudeMode>
				<coordinates>
					127.322487,37.092499,3055.619999999999 127.32032,37.094696,3048 
				</coordinates>
			</LineString>
		</MultiGeometry>
	</Placemark>
	<Placemark>
		<name>P-194</name>
		<visibility>0</visibility>
		<description><![CDATA[<div><div><span><b>Altitude:</b></span> <span>10,000 ft - 9,975 ft</span></div>
<div><span><b>Speed:</b></span> <span>250 kt - 251 kt</span></div>
<div><span><b>Timestamp:</b></span><br/><span>2024-03-20 04:16:23 UTC<br/>2024-03-20 04:16:26 UTC</span></div>
</div>]]></description>
		<Style>
			<LineStyle>
				<color>ff00ffe4</color>
				<width>2</width>
			</LineStyle>
		</Style>
		<MultiGeometry>
			<LineString>
				<tessellate>1</tessellate>
				<altitudeMode>absolute</altitudeMode>
				<coordinates>
					127.32032,37.094696,3048 127.318527,37.096546,3040.38 
				</coordinates>
			</LineString>
		</MultiGeometry>
	</Placemark>
	<Placemark>
		<name>P-195</name>
		<visibility>0</visibility>
		<description><![CDATA[<div><div><span><b>Altitude:</b></span> <span>9,975 ft - 9,850 ft</span></div>
<div><span><b>Speed:</b></span> <span>251 kt - 252 kt</span></div>
<div><span><b>Timestamp:</b></span><br/><span>2024-03-20 04:16:26 UTC<br/>2024-03-20 04:16:32 UTC</span></div>
</div>]]></description>
		<Style>
			<LineStyle>
				<color>ff00ffe4</color>
				<width>2</width>
			</LineStyle>
		</Style>
		<MultiGeometry>
			<LineString>
				<tessellate>1</tessellate>
				<altitudeMode>absolute</altitudeMode>
				<coordinates>
					127.318527,37.096546,3040.38 127.311783,37.103531,3002.28 
				</coordinates>
			</LineString>
		</MultiGeometry>
	</Placemark>
	<Placemark>
		<name>P-196</name>
		<visibility>0</visibility>
		<description><![CDATA[<div><div><span><b>Altitude:</b></span> <span>9,850 ft - 9,825 ft</span></div>
<div><span><b>Speed:</b></span> <span>252 kt - 253 kt</span></div>
<div><span><b>Timestamp:</b></span><br/><span>2024-03-20 04:16:32 UTC<br/>2024-03-20 04:16:36 UTC</span></div>
</div>]]></description>
		<Style>
			<LineStyle>
				<color>ff00ffe4</color>
				<width>2</width>
			</LineStyle>
		</Style>
		<MultiGeometry>
			<LineString>
				<tessellate>1</tessellate>
				<altitudeMode>absolute</altitudeMode>
				<coordinates>
					127.311783,37.103531,3002.28 127.308556,37.106976,2994.659999999999 
				</coordinates>
			</LineString>
		</MultiGeometry>
	</Placemark>
	<Placemark>
		<name>P-197</name>
		<visibility>0</visibility>
		<description><![CDATA[<div><div><span><b>Altitude:</b></span> <span>9,825 ft - 9,800 ft</span></div>
<div><span><b>Speed:</b></span> <span>253 kt - 254 kt</span></div>
<div><span><b>Timestamp:</b></span><br/><span>2024-03-20 04:16:36 UTC<br/>2024-03-20 04:16:48 UTC</span></div>
</div>]]></description>
		<Style>
			<LineStyle>
				<color>ff00ffd2</color>
				<width>2</width>
			</LineStyle>
		</Style>
		<MultiGeometry>
			<LineString>
				<tessellate>1</tessellate>
				<altitudeMode>absolute</altitudeMode>
				<coordinates>
					127.308556,37.106976,2994.659999999999 127.297707,37.118683,2987.04 
				</coordinates>
			</LineString>
		</MultiGeometry>
	</Placemark>
	<Placemark>
		<name>P-198</name>
		<visibility>0</visibility>
		<description><![CDATA[<div><div><span><b>Altitude:</b></span> <span>9,800 ft</span></div>
<div><span><b>Speed:</b></span> <span>254 kt</span></div>
<div><span><b>Timestamp:</b></span><br/><span>2024-03-20 04:16:48 UTC<br/>2024-03-20 04:17:06 UTC</span></div>
</div>]]></description>
		<Style>
			<LineStyle>
				<color>ff00ffd2</color>
				<width>2</width>
			</LineStyle>
		</Style>
		<MultiGeometry>
			<LineString>
				<tessellate>1</tessellate>
				<altitudeMode>absolute</altitudeMode>
				<coordinates>
					127.297707,37.118683,2987.04 127.282455,37.135117,2987.04 
				</coordinates>
			</LineString>
		</MultiGeometry>
	</Placemark>
	<Placemark>
		<name>P-199</name>
		<visibility>0</visibility>
		<description><![CDATA[<div><div><span><b>Altitude:</b></span> <span>9,800 ft - 9,225 ft</span></div>
<div><span><b>Speed:</b></span> <span>254 kt - 255 kt</span></div>
<div><span><b>Timestamp:</b></span><br/><span>2024-03-20 04:17:06 UTC<br/>2024-03-20 04:17:30 UTC</span></div>
</div>]]></description>
		<Style>
			<LineStyle>
				<color>ff00ffd2</color>
				<width>2</width>
			</LineStyle>
		</Style>
		<MultiGeometry>
			<LineString>
				<tessellate>1</tessellate>
				<altitudeMode>absolute</altitudeMode>
				<coordinates>
					127.282455,37.135117,2987.04 127.260788,37.158043,2811.78 
				</coordinates>
			</LineString>
		</MultiGeometry>
	</Placemark>
	<Placemark>
		<name>P-200</name>
		<visibility>0</visibility>
		<description><![CDATA[<div><div><span><b>Altitude:</b></span> <span>9,225 ft - 8,675 ft</span></div>
<div><span><b>Speed:</b></span> <span>255 kt - 248 kt</span></div>
<div><span><b>Timestamp:</b></span><br/><span>2024-03-20 04:17:30 UTC<br/>2024-03-20 04:17:57 UTC</span></div>
</div>]]></description>
		<Style>
			<LineStyle>
				<color>ff00ffd2</color>
				<width>2</width>
			</LineStyle>
		</Style>
		<MultiGeometry>
			<LineString>
				<tessellate>1</tessellate>
				<altitudeMode>absolute</altitudeMode>
				<coordinates>
					127.260788,37.158043,2811.78 127.236961,37.182903,2644.14 
				</coordinates>
			</LineString>
		</MultiGeometry>
	</Placemark>
	<Placemark>
		<name>P-201</name>
		<visibility>0</visibility>
		<description><![CDATA[<div><div><span><b>Altitude:</b></span> <span>8,675 ft - 8,525 ft</span></div>
<div><span><b>Speed:</b></span> <span>248 kt - 242 kt</span></div>
<div><span><b>Timestamp:</b></span><br/><span>2024-03-20 04:17:57 UTC<br/>2024-03-20 04:18:10 UTC</span></div>
</div>]]></description>
		<Style>
			<LineStyle>
				<color>ff00ffd2</color>
				<width>2</width>
			</LineStyle>
		</Style>
		<MultiGeometry>
			<LineString>
				<tessellate>1</tessellate>
				<altitudeMode>absolute</altitudeMode>
				<coordinates>
					127.236961,37.182903,2644.14 127.226471,37.19371,2598.42 
				</coordinates>
			</LineString>
		</MultiGeometry>
	</Placemark>
	<Placemark>
		<name>P-202</name>
		<visibility>0</visibility>
		<description><![CDATA[<div><div><span><b>Altitude:</b></span> <span>8,525 ft - 8,400 ft</span></div>
<div><span><b>Speed:</b></span> <span>242 kt</span></div>
<div><span><b>Timestamp:</b></span><br/><span>2024-03-20 04:18:10 UTC<br/>2024-03-20 04:18:17 UTC</span></div>
</div>]]></description>
		<Style>
			<LineStyle>
				<color>ff00ffd2</color>
				<width>2</width>
			</LineStyle>
		</Style>
		<MultiGeometry>
			<LineString>
				<tessellate>1</tessellate>
				<altitudeMode>absolute</altitudeMode>
				<coordinates>
					127.226471,37.19371,2598.42 127.220978,37.201447,2560.32 
				</coordinates>
			</LineString>
		</MultiGeometry>
	</Placemark>
	<Placemark>
		<name>P-203</name>
		<visibility>0</visibility>
		<description><![CDATA[<div><div><span><b>Altitude:</b></span> <span>8,400 ft - 8,350 ft</span></div>
<div><span><b>Speed:</b></span> <span>242 kt - 236 kt</span></div>
<div><span><b>Timestamp:</b></span><br/><span>2024-03-20 04:18:17 UTC<br/>2024-03-20 04:18:21 UTC</span></div>
</div>]]></description>
		<Style>
			<LineStyle>
				<color>ff00ffd2</color>
				<width>2</width>
			</LineStyle>
		</Style>
		<MultiGeometry>
			<LineString>
				<tessellate>1</tessellate>
				<altitudeMode>absolute</altitudeMode>
				<coordinates>
					127.220978,37.201447,2560.32 127.219231,37.205479,2545.079999999999 
				</coordinates>
			</LineString>
		</MultiGeometry>
	</Placemark>
	<Placemark>
		<name>P-204</name>
		<visibility>0</visibility>
		<description><![CDATA[<div><div><span><b>Altitude:</b></span> <span>8,350 ft - 8,325 ft</span></div>
<div><span><b>Speed:</b></span> <span>236 kt - 231 kt</span></div>
<div><span><b>Timestamp:</b></span><br/><span>2024-03-20 04:18:21 UTC<br/>2024-03-20 04:18:25 UTC</span></div>
</div>]]></description>
		<Style>
			<LineStyle>
				<color>ff00ffd2</color>
				<width>2</width>
			</LineStyle>
		</Style>
		<MultiGeometry>
			<LineString>
				<tessellate>1</tessellate>
				<altitudeMode>absolute</altitudeMode>
				<coordinates>
					127.219231,37.205479,2545.079999999999 127.217621,37.209156,2537.46 
				</coordinates>
			</LineString>
		</MultiGeometry>
	</Placemark>
	<Placemark>
		<name>P-205</name>
		<visibility>0</visibility>
		<description><![CDATA[<div><div><span><b>Altitude:</b></span> <span>8,325 ft - 8,250 ft</span></div>
<div><span><b>Speed:</b></span> <span>231 kt - 228 kt</span></div>
<div><span><b>Timestamp:</b></span><br/><span>2024-03-20 04:18:25 UTC<br/>2024-03-20 04:18:30 UTC</span></div>
</div>]]></description>
		<Style>
			<LineStyle>
				<color>ff00ffd2</color>
				<width>2</width>
			</LineStyle>
		</Style>
		<MultiGeometry>
			<LineString>
				<tessellate>1</tessellate>
				<altitudeMode>absolute</altitudeMode>
				<coordinates>
					127.217621,37.209156,2537.46 127.214638,37.21423,2514.6 
				</coordinates>
			</LineString>
		</MultiGeometry>
	</Placemark>
	<Placemark>
		<name>P-206</name>
		<visibility>0</visibility>
		<description><![CDATA[<div><div><span><b>Altitude:</b></span> <span>8,250 ft - 8,050 ft</span></div>
<div><span><b>Speed:</b></span> <span>228 kt - 220 kt</span></div>
<div><span><b>Timestamp:</b></span><br/><span>2024-03-20 04:18:30 UTC<br/>2024-03-20 04:18:46 UTC</span></div>
</div>]]></description>
		<Style>
			<LineStyle>
				<color>ff00ffd2</color>
				<width>2</width>
			</LineStyle>
		</Style>
		<MultiGeometry>
			<LineString>
				<tessellate>1</tessellate>
				<altitudeMode>absolute</altitudeMode>
				<coordinates>
					127.214638,37.21423,2514.6 127.201988,37.227448,2453.639999999999 
				</coordinates>
			</LineString>
		</MultiGeometry>
	</Placemark>
	<Placemark>
		<name>P-207</name>
		<visibility>0</visibility>
		<description><![CDATA[<div><div><span><b>Altitude:</b></span> <span>8,050 ft - 8,025 ft</span></div>
<div><span><b>Speed:</b></span> <span>220 kt - 219 kt</span></div>
<div><span><b>Timestamp:</b></span><br/><span>2024-03-20 04:18:46 UTC<br/>2024-03-20 04:18:48 UTC</span></div>
</div>]]></description>
		<Style>
			<LineStyle>
				<color>ff00ff9c</color>
				<width>2</width>
			</LineStyle>
		</Style>
		<MultiGeometry>
			<LineString>
				<tessellate>1</tessellate>
				<altitudeMode>absolute</altitudeMode>
				<coordinates>
					127.201988,37.227448,2453.639999999999 127.200058,37.228958,2446.02 
				</coordinates>
			</LineString>
		</MultiGeometry>
	</Placemark>
	<Placemark>
		<name>P-208</name>
		<visibility>0</visibility>
		<description><![CDATA[<div><div><span><b>Altitude:</b></span> <span>8,025 ft - 7,975 ft</span></div>
<div><span><b>Speed:</b></span> <span>219 kt - 218 kt</span></div>
<div><span><b>Timestamp:</b></span><br/><span>2024-03-20 04:18:48 UTC<br/>2024-03-20 04:18:52 UTC</span></div>
</div>]]></description>
		<Style>
			<LineStyle>
				<color>ff00ff9c</color>
				<width>2</width>
			</LineStyle>
		</Style>
		<MultiGeometry>
			<LineString>
				<tessellate>1</tessellate>
				<altitudeMode>absolute</altitudeMode>
				<coordinates>
					127.200058,37.228958,2446.02 127.197083,37.231129,2430.78 
				</coordinates>
			</LineString>
		</MultiGeometry>
	</Placemark>
	<Placemark>
		<name>P-209</name>
		<visibility>0</visibility>
		<description><![CDATA[<div><div><span><b>Altitude:</b></span> <span>7,975 ft - 7,950 ft</span></div>
<div><span><b>Speed:</b></span> <span>218 kt - 217 kt</span></div>
<div><span><b>Timestamp:</b></span><br/><span>2024-03-20 04:18:52 UTC<br/>2024-03-20 04:18:54 UTC</span></div>
</div>]]></description>
		<Style>
			<LineStyle>
				<color>ff00ff9c</color>
				<width>2</width>
			</LineStyle>
		</Style>
		<MultiGeometry>
			<LineString>
				<tessellate>1</tessellate>
				<altitudeMode>absolute</altitudeMode>
				<coordinates>
					127.197083,37.231129,2430.78 127.194336,37.233086,2423.16 
				</coordinates>
			</LineString>
		</MultiGeometry>
	</Placemark>
	<Placemark>
		<name>P-210</name>
		<visibility>0</visibility>
		<description><![CDATA[<div><div><span><b>Altitude:</b></span> <span>7,950 ft - 7,875 ft</span></div>
<div><span><b>Speed:</b></span> <span>217 kt - 216 kt</span></div>
<div><span><b>Timestamp:</b></span><br/><span>2024-03-20 04:18:54 UTC<br/>2024-03-20 04:19:00 UTC</span></div>
</div>]]></description>
		<Style>
			<LineStyle>
				<color>ff00ff9c</color>
				<width>2</width>
			</LineStyle>
		</Style>
		<MultiGeometry>
			<LineString>
				<tessellate>1</tessellate>
				<altitudeMode>absolute</altitudeMode>
				<coordinates>
					127.194336,37.233086,2423.16 127.188606,37.237381,2400.3 
				</coordinates>
			</LineString>
		</MultiGeometry>
	</Placemark>
	<Placemark>
		<name>P-211</name>
		<visibility>0</visibility>
		<description><![CDATA[<div><div><span><b>Altitude:</b></span> <span>7,875 ft - 7,800 ft</span></div>
<div><span><b>Speed:</b></span> <span>216 kt - 205 kt</span></div>
<div><span><b>Timestamp:</b></span><br/><span>2024-03-20 04:19:00 UTC<br/>2024-03-20 04:19:20 UTC</span></div>
</div>]]></description>
		<Style>
			<LineStyle>
				<color>ff00ff9c</color>
				<width>2</width>
			</LineStyle>
		</Style>
		<MultiGeometry>
			<LineString>
				<tessellate>1</tessellate>
				<altitudeMode>absolute</altitudeMode>
				<coordinates>
					127.188606,37.237381,2400.3 127.173233,37.249603,2377.44 
				</coordinates>
			</LineString>
		</MultiGeometry>
	</Placemark>
	<Placemark>
		<name>P-212</name>
		<visibility>0</visibility>
		<description><![CDATA[<div><div><span><b>Altitude:</b></span> <span>7,800 ft</span></div>
<div><span><b>Speed:</b></span> <span>205 kt - 198 kt</span></div>
<div><span><b>Timestamp:</b></span><br/><span>2024-03-20 04:19:20 UTC<br/>2024-03-20 04:19:33 UTC</span></div>
</div>]]></description>
		<Style>
			<LineStyle>
				<color>ff00ff9c</color>
				<width>2</width>
			</LineStyle>
		</Style>
		<MultiGeometry>
			<LineString>
				<tessellate>1</tessellate>
				<altitudeMode>absolute</altitudeMode>
				<coordinates>
					127.173233,37.249603,2377.44 127.161316,37.25948,2377.44 
				</coordinates>
			</LineString>
		</MultiGeometry>
	</Placemark>
	<Placemark>
		<name>P-213</name>
		<visibility>0</visibility>
		<description><![CDATA[<div><div><span><b>Altitude:</b></span> <span>7,800 ft</span></div>
<div><span><b>Speed:</b></span> <span>198 kt - 197 kt</span></div>
<div><span><b>Timestamp:</b></span><br/><span>2024-03-20 04:19:33 UTC<br/>2024-03-20 04:19:46 UTC</span></div>
</div>]]></description>
		<Style>
			<LineStyle>
				<color>ff00ff9c</color>
				<width>2</width>
			</LineStyle>
		</Style>
		<MultiGeometry>
			<LineString>
				<tessellate>1</tessellate>
				<altitudeMode>absolute</altitudeMode>
				<coordinates>
					127.161316,37.25948,2377.44 127.154243,37.265076,2377.44 
				</coordinates>
			</LineString>
		</MultiGeometry>
	</Placemark>
	<Placemark>
		<name>P-214</name>
		<visibility>0</visibility>
		<description><![CDATA[<div><div><span><b>Altitude:</b></span> <span>7,800 ft - 7,725 ft</span></div>
<div><span><b>Speed:</b></span> <span>197 kt - 198 kt</span></div>
<div><span><b>Timestamp:</b></span><br/><span>2024-03-20 04:19:46 UTC<br/>2024-03-20 04:19:58 UTC</span></div>
</div>]]></description>
		<Style>
			<LineStyle>
				<color>ff00ff9c</color>
				<width>2</width>
			</LineStyle>
		</Style>
		<MultiGeometry>
			<LineString>
				<tessellate>1</tessellate>
				<altitudeMode>absolute</altitudeMode>
				<coordinates>
					127.154243,37.265076,2377.44 127.141014,37.275681,2354.58 
				</coordinates>
			</LineString>
		</MultiGeometry>
	</Placemark>
	<Placemark>
		<name>P-215</name>
		<visibility>0</visibility>
		<description><![CDATA[<div><div><span><b>Altitude:</b></span> <span>7,725 ft - 7,400 ft</span></div>
<div><span><b>Speed:</b></span> <span>198 kt - 191 kt</span></div>
<div><span><b>Timestamp:</b></span><br/><span>2024-03-20 04:19:58 UTC<br/>2024-03-20 04:20:23 UTC</span></div>
</div>]]></description>
		<Style>
			<LineStyle>
				<color>ff00ff9c</color>
				<width>2</width>
			</LineStyle>
		</Style>
		<MultiGeometry>
			<LineString>
				<tessellate>1</tessellate>
				<altitudeMode>absolute</altitudeMode>
				<coordinates>
					127.141014,37.275681,2354.58 127.12101,37.291882,2255.52 
				</coordinates>
			</LineString>
		</MultiGeometry>
	</Placemark>
	<Placemark>
		<name>P-216</name>
		<visibility>0</visibility>
		<description><![CDATA[<div><div><span><b>Altitude:</b></span> <span>7,400 ft - 7,075 ft</span></div>
<div><span><b>Speed:</b></span> <span>191 kt - 194 kt</span></div>
<div><span><b>Timestamp:</b></span><br/><span>2024-03-20 04:20:23 UTC<br/>2024-03-20 04:20:42 UTC</span></div>
</div>]]></description>
		<Style>
			<LineStyle>
				<color>ff00ff9c</color>
				<width>2</width>
			</LineStyle>
		</Style>
		<MultiGeometry>
			<LineString>
				<tessellate>1</tessellate>
				<altitudeMode>absolute</altitudeMode>
				<coordinates>
					127.12101,37.291882,2255.52 127.106262,37.303986,2156.46 
				</coordinates>
			</LineString>
		</MultiGeometry>
	</Placemark>
	<Placemark>
		<name>P-217</name>
		<visibility>0</visibility>
		<description><![CDATA[<div><div><span><b>Altitude:</b></span> <span>7,075 ft - 6,875 ft</span></div>
<div><span><b>Speed:</b></span> <span>194 kt - 202 kt</span></div>
<div><span><b>Timestamp:</b></span><br/><span>2024-03-20 04:20:42 UTC<br/>2024-03-20 04:20:52 UTC</span></div>
</div>]]></description>
		<Style>
			<LineStyle>
				<color>ff00ff9c</color>
				<width>2</width>
			</LineStyle>
		</Style>
		<MultiGeometry>
			<LineString>
				<tessellate>1</tessellate>
				<altitudeMode>absolute</altitudeMode>
				<coordinates>
					127.106262,37.303986,2156.46 127.097961,37.31041,2095.5 
				</coordinates>
			</LineString>
		</MultiGeometry>
	</Placemark>
	<Placemark>
		<name>P-218</name>
		<visibility>0</visibility>
		<description><![CDATA[<div><div><span><b>Altitude:</b></span> <span>6,875 ft - 6,525 ft</span></div>
<div><span><b>Speed:</b></span> <span>202 kt - 200 kt</span></div>
<div><span><b>Timestamp:</b></span><br/><span>2024-03-20 04:20:52 UTC<br/>2024-03-20 04:21:11 UTC</span></div>
</div>]]></description>
		<Style>
			<LineStyle>
				<color>ff00ff9c</color>
				<width>2</width>
			</LineStyle>
		</Style>
		<MultiGeometry>
			<LineString>
				<tessellate>1</tessellate>
				<altitudeMode>absolute</altitudeMode>
				<coordinates>
					127.097961,37.31041,2095.5 127.082382,37.322838,1988.82 
				</coordinates>
			</LineString>
		</MultiGeometry>
	</Placemark>
	<Placemark>
		<name>P-219</name>
		<visibility>0</visibility>
		<description><![CDATA[<div><div><span><b>Altitude:</b></span> <span>6,525 ft - 6,200 ft</span></div>
<div><span><b>Speed:</b></span> <span>200 kt - 205 kt</span></div>
<div><span><b>Timestamp:</b></span><br/><span>2024-03-20 04:21:11 UTC<br/>2024-03-20 04:21:24 UTC</span></div>
</div>]]></description>
		<Style>
			<LineStyle>
				<color>ff00ff72</color>
				<width>2</width>
			</LineStyle>
		</Style>
		<MultiGeometry>
			<LineString>
				<tessellate>1</tessellate>
				<altitudeMode>absolute</altitudeMode>
				<coordinates>
					127.082382,37.322838,1988.82 127.071205,37.331818,1889.76 
				</coordinates>
			</LineString>
		</MultiGeometry>
	</Placemark>
	<Placemark>
		<name>P-220</name>
		<visibility>0</visibility>
		<description><![CDATA[<div><div><span><b>Altitude:</b></span> <span>6,200 ft - 5,950 ft</span></div>
<div><span><b>Speed:</b></span> <span>205 kt - 207 kt</span></div>
<div><span><b>Timestamp:</b></span><br/><span>2024-03-20 04:21:24 UTC<br/>2024-03-20 04:21:34 UTC</span></div>
</div>]]></description>
		<Style>
			<LineStyle>
				<color>ff00ff72</color>
				<width>2</width>
			</LineStyle>
		</Style>
		<MultiGeometry>
			<LineString>
				<tessellate>1</tessellate>
				<altitudeMode>absolute</altitudeMode>
				<coordinates>
					127.071205,37.331818,1889.76 127.063095,37.338432,1813.56 
				</coordinates>
			</LineString>
		</MultiGeometry>
	</Placemark>
	<Placemark>
		<name>P-221</name>
		<visibility>0</visibility>
		<description><![CDATA[<div><div><span><b>Altitude:</b></span> <span>5,950 ft - 5,575 ft</span></div>
<div><span><b>Speed:</b></span> <span>207 kt - 204 kt</span></div>
<div><span><b>Timestamp:</b></span><br/><span>2024-03-20 04:21:34 UTC<br/>2024-03-20 04:21:51 UTC</span></div>
</div>]]></description>
		<Style>
			<LineStyle>
				<color>ff00ff72</color>
				<width>2</width>
			</LineStyle>
		</Style>
		<MultiGeometry>
			<LineString>
				<tessellate>1</tessellate>
				<altitudeMode>absolute</altitudeMode>
				<coordinates>
					127.063095,37.338432,1813.56 127.048523,37.350212,1699.26 
				</coordinates>
			</LineString>
		</MultiGeometry>
	</Placemark>
	<Placemark>
		<name>P-222</name>
		<visibility>0</visibility>
		<description><![CDATA[<div><div><span><b>Altitude:</b></span> <span>5,575 ft - 5,275 ft</span></div>
<div><span><b>Speed:</b></span> <span>204 kt - 196 kt</span></div>
<div><span><b>Timestamp:</b></span><br/><span>2024-03-20 04:21:51 UTC<br/>2024-03-20 04:22:05 UTC</span></div>
</div>]]></description>
		<Style>
			<LineStyle>
				<color>ff00ff72</color>
				<width>2</width>
			</LineStyle>
		</Style>
		<MultiGeometry>
			<LineString>
				<tessellate>1</tessellate>
				<altitudeMode>absolute</altitudeMode>
				<coordinates>
					127.048523,37.350212,1699.26 127.037125,37.359383,1607.82 
				</coordinates>
			</LineString>
		</MultiGeometry>
	</Placemark>
	<Placemark>
		<name>P-223</name>
		<visibility>0</visibility>
		<description><![CDATA[<div><div><span><b>Altitude:</b></span> <span>5,275 ft - 4,950 ft</span></div>
<div><span><b>Speed:</b></span> <span>196 kt - 197 kt</span></div>
<div><span><b>Timestamp:</b></span><br/><span>2024-03-20 04:22:05 UTC<br/>2024-03-20 04:22:19 UTC</span></div>
</div>]]></description>
		<Style>
			<LineStyle>
				<color>ff00ff72</color>
				<width>2</width>
			</LineStyle>
		</Style>
		<MultiGeometry>
			<LineString>
				<tessellate>1</tessellate>
				<altitudeMode>absolute</altitudeMode>
				<coordinates>
					127.037125,37.359383,1607.82 127.026558,37.367752,1508.76 
				</coordinates>
			</LineString>
		</MultiGeometry>
	</Placemark>
	<Placemark>
		<name>P-224</name>
		<visibility>0</visibility>
		<description><![CDATA[<div><div><span><b>Altitude:</b></span> <span>4,950 ft - 4,750 ft</span></div>
<div><span><b>Speed:</b></span> <span>197 kt - 194 kt</span></div>
<div><span><b>Timestamp:</b></span><br/><span>2024-03-20 04:22:19 UTC<br/>2024-03-20 04:22:29 UTC</span></div>
</div>]]></description>
		<Style>
			<LineStyle>
				<color>ff00ff72</color>
				<width>2</width>
			</LineStyle>
		</Style>
		<MultiGeometry>
			<LineString>
				<tessellate>1</tessellate>
				<altitudeMode>absolute</altitudeMode>
				<coordinates>
					127.026558,37.367752,1508.76 127.018257,37.37439,1447.8 
				</coordinates>
			</LineString>
		</MultiGeometry>
	</Placemark>
	<Placemark>
		<name>P-225</name>
		<visibility>0</visibility>
		<description><![CDATA[<div><div><span><b>Altitude:</b></span> <span>4,750 ft - 4,550 ft</span></div>
<div><span><b>Speed:</b></span> <span>194 kt - 190 kt</span></div>
<div><span><b>Timestamp:</b></span><br/><span>2024-03-20 04:22:29 UTC<br/>2024-03-20 04:22:38 UTC</span></div>
</div>]]></description>
		<Style>
			<LineStyle>
				<color>ff00ff36</color>
				<width>2</width>
			</LineStyle>
		</Style>
		<MultiGeometry>
			<LineString>
				<tessellate>1</tessellate>
				<altitudeMode>absolute</altitudeMode>
				<coordinates>
					127.018257,37.37439,1447.8 127.010551,37.380516,1386.84 
				</coordinates>
			</LineString>
		</MultiGeometry>
	</Placemark>
	<Placemark>
		<name>P-226</name>
		<visibility>0</visibility>
		<description><![CDATA[<div><div><span><b>Altitude:</b></span> <span>4,550 ft - 4,450 ft</span></div>
<div><span><b>Speed:</b></span> <span>190 kt - 188 kt</span></div>
<div><span><b>Timestamp:</b></span><br/><span>2024-03-20 04:22:38 UTC<br/>2024-03-20 04:22:45 UTC</span></div>
</div>]]></description>
		<Style>
			<LineStyle>
				<color>ff00ff36</color>
				<width>2</width>
			</LineStyle>
		</Style>
		<MultiGeometry>
			<LineString>
				<tessellate>1</tessellate>
				<altitudeMode>absolute</altitudeMode>
				<coordinates>
					127.010551,37.380516,1386.84 127.005295,37.38475,1356.36 
				</coordinates>
			</LineString>
		</MultiGeometry>
	</Placemark>
	<Placemark>
		<name>P-227</name>
		<visibility>0</visibility>
		<description><![CDATA[<div><div><span><b>Altitude:</b></span> <span>4,450 ft - 4,350 ft</span></div>
<div><span><b>Speed:</b></span> <span>188 kt - 185 kt</span></div>
<div><span><b>Timestamp:</b></span><br/><span>2024-03-20 04:22:45 UTC<br/>2024-03-20 04:22:52 UTC</span></div>
</div>]]></description>
		<Style>
			<LineStyle>
				<color>ff00ff36</color>
				<width>2</width>
			</LineStyle>
		</Style>
		<MultiGeometry>
			<LineString>
				<tessellate>1</tessellate>
				<altitudeMode>absolute</altitudeMode>
				<coordinates>
					127.005295,37.38475,1356.36 127.00016,37.388897,1325.88 
				</coordinates>
			</LineString>
		</MultiGeometry>
	</Placemark>
	<Placemark>
		<name>P-228</name>
		<visibility>0</visibility>
		<description><![CDATA[<div><div><span><b>Altitude:</b></span> <span>4,350 ft - 4,200 ft</span></div>
<div><span><b>Speed:</b></span> <span>185 kt - 181 kt</span></div>
<div><span><b>Timestamp:</b></span><br/><span>2024-03-20 04:22:52 UTC<br/>2024-03-20 04:23:00 UTC</span></div>
</div>]]></description>
		<Style>
			<LineStyle>
				<color>ff00ff36</color>
				<width>2</width>
			</LineStyle>
		</Style>
		<MultiGeometry>
			<LineString>
				<tessellate>1</tessellate>
				<altitudeMode>absolute</altitudeMode>
				<coordinates>
					127.00016,37.388897,1325.88 126.994308,37.393505,1280.16 
				</coordinates>
			</LineString>
		</MultiGeometry>
	</Placemark>
	<Placemark>
		<name>P-229</name>
		<visibility>0</visibility>
		<description><![CDATA[<div><div><span><b>Altitude:</b></span> <span>4,200 ft - 4,100 ft</span></div>
<div><span><b>Speed:</b></span> <span>181 kt - 176 kt</span></div>
<div><span><b>Timestamp:</b></span><br/><span>2024-03-20 04:23:00 UTC<br/>2024-03-20 04:23:07 UTC</span></div>
</div>]]></description>
		<Style>
			<LineStyle>
				<color>ff00ff36</color>
				<width>2</width>
			</LineStyle>
		</Style>
		<MultiGeometry>
			<LineString>
				<tessellate>1</tessellate>
				<altitudeMode>absolute</altitudeMode>
				<coordinates>
					126.994308,37.393505,1280.16 126.988922,37.397919,1249.68 
				</coordinates>
			</LineString>
		</MultiGeometry>
	</Placemark>
	<Placemark>
		<name>P-230</name>
		<visibility>0</visibility>
		<description><![CDATA[<div><div><span><b>Altitude:</b></span> <span>4,100 ft - 4,000 ft</span></div>
<div><span><b>Speed:</b></span> <span>176 kt - 174 kt</span></div>
<div><span><b>Timestamp:</b></span><br/><span>2024-03-20 04:23:07 UTC<br/>2024-03-20 04:23:14 UTC</span></div>
</div>]]></description>
		<Style>
			<LineStyle>
				<color>ff00ff36</color>
				<width>2</width>
			</LineStyle>
		</Style>
		<MultiGeometry>
			<LineString>
				<tessellate>1</tessellate>
				<altitudeMode>absolute</altitudeMode>
				<coordinates>
					126.988922,37.397919,1249.68 126.984161,37.401699,1219.2 
				</coordinates>
			</LineString>
		</MultiGeometry>
	</Placemark>
	<Placemark>
		<name>P-231</name>
		<visibility>0</visibility>
		<description><![CDATA[<div><div><span><b>Altitude:</b></span> <span>4,000 ft - 3,875 ft</span></div>
<div><span><b>Speed:</b></span> <span>174 kt - 172 kt</span></div>
<div><span><b>Timestamp:</b></span><br/><span>2024-03-20 04:23:14 UTC<br/>2024-03-20 04:23:20 UTC</span></div>
</div>]]></description>
		<Style>
			<LineStyle>
				<color>ff00ff36</color>
				<width>2</width>
			</LineStyle>
		</Style>
		<MultiGeometry>
			<LineString>
				<tessellate>1</tessellate>
				<altitudeMode>absolute</altitudeMode>
				<coordinates>
					126.984161,37.401699,1219.2 126.979622,37.405327,1181.1 
				</coordinates>
			</LineString>
		</MultiGeometry>
	</Placemark>
	<Placemark>
		<name>P-232</name>
		<visibility>0</visibility>
		<description><![CDATA[<div><div><span><b>Altitude:</b></span> <span>3,875 ft - 3,750 ft</span></div>
<div><span><b>Speed:</b></span> <span>172 kt - 166 kt</span></div>
<div><span><b>Timestamp:</b></span><br/><span>2024-03-20 04:23:20 UTC<br/>2024-03-20 04:23:30 UTC</span></div>
</div>]]></description>
		<Style>
			<LineStyle>
				<color>ff00ff0c</color>
				<width>2</width>
			</LineStyle>
		</Style>
		<MultiGeometry>
			<LineString>
				<tessellate>1</tessellate>
				<altitudeMode>absolute</altitudeMode>
				<coordinates>
					126.979622,37.405327,1181.1 126.973198,37.410507,1143 
				</coordinates>
			</LineString>
		</MultiGeometry>
	</Placemark>
	<Placemark>
		<name>P-233</name>
		<visibility>0</visibility>
		<description><![CDATA[<div><div><span><b>Altitude:</b></span> <span>3,750 ft - 3,600 ft</span></div>
<div><span><b>Speed:</b></span> <span>166 kt - 169 kt</span></div>
<div><span><b>Timestamp:</b></span><br/><span>2024-03-20 04:23:30 UTC<br/>2024-03-20 04:23:36 UTC</span></div>
</div>]]></description>
		<Style>
			<LineStyle>
				<color>ff00ff0c</color>
				<width>2</width>
			</LineStyle>
		</Style>
		<MultiGeometry>
			<LineString>
				<tessellate>1</tessellate>
				<altitudeMode>absolute</altitudeMode>
				<coordinates>
					126.973198,37.410507,1143 126.968353,37.414352,1097.28 
				</coordinates>
			</LineString>
		</MultiGeometry>
	</Placemark>
	<Placemark>
		<name>P-234</name>
		<visibility>0</visibility>
		<description><![CDATA[<div><div><span><b>Altitude:</b></span> <span>3,600 ft - 3,450 ft</span></div>
<div><span><b>Speed:</b></span> <span>169 kt - 172 kt</span></div>
<div><span><b>Timestamp:</b></span><br/><span>2024-03-20 04:23:36 UTC<br/>2024-03-20 04:23:46 UTC</span></div>
</div>]]></description>
		<Style>
			<LineStyle>
				<color>ff00ff0c</color>
				<width>2</width>
			</LineStyle>
		</Style>
		<MultiGeometry>
			<LineString>
				<tessellate>1</tessellate>
				<altitudeMode>absolute</altitudeMode>
				<coordinates>
					126.968353,37.414352,1097.28 126.961632,37.419617,1051.56 
				</coordinates>
			</LineString>
		</MultiGeometry>
	</Placemark>
	<Placemark>
		<name>P-235</name>
		<visibility>0</visibility>
		<description><![CDATA[<div><div><span><b>Altitude:</b></span> <span>3,450 ft - 3,400 ft</span></div>
<div><span><b>Speed:</b></span> <span>172 kt - 169 kt</span></div>
<div><span><b>Timestamp:</b></span><br/><span>2024-03-20 04:23:46 UTC<br/>2024-03-20 04:23:52 UTC</span></div>
</div>]]></description>
		<Style>
			<LineStyle>
				<color>ff00ff0c</color>
				<width>2</width>
			</LineStyle>
		</Style>
		<MultiGeometry>
			<LineString>
				<tessellate>1</tessellate>
				<altitudeMode>absolute</altitudeMode>
				<coordinates>
					126.961632,37.419617,1051.56 126.957481,37.422958,1036.32 
				</coordinates>
			</LineString>
		</MultiGeometry>
	</Placemark>
	<Placemark>
		<name>P-236</name>
		<visibility>0</visibility>
		<description><![CDATA[<div><div><span><b>Altitude:</b></span> <span>3,400 ft - 3,325 ft</span></div>
<div><span><b>Speed:</b></span> <span>169 kt - 160 kt</span></div>
<div><span><b>Timestamp:</b></span><br/><span>2024-03-20 04:23:52 UTC<br/>2024-03-20 04:23:59 UTC</span></div>
</div>]]></description>
		<Style>
			<LineStyle>
				<color>ff00ff0c</color>
				<width>2</width>
			</LineStyle>
		</Style>
		<MultiGeometry>
			<LineString>
				<tessellate>1</tessellate>
				<altitudeMode>absolute</altitudeMode>
				<coordinates>
					126.957481,37.422958,1036.32 126.95269,37.426849,1013.46 
				</coordinates>
			</LineString>
		</MultiGeometry>
	</Placemark>
	<Placemark>
		<name>P-237</name>
		<visibility>0</visibility>
		<description><![CDATA[<div><div><span><b>Altitude:</b></span> <span>3,325 ft - 3,175 ft</span></div>
<div><span><b>Speed:</b></span> <span>160 kt</span></div>
<div><span><b>Timestamp:</b></span><br/><span>2024-03-20 04:23:59 UTC<br/>2024-03-20 04:24:06 UTC</span></div>
</div>]]></description>
		<Style>
			<LineStyle>
				<color>ff00ff0c</color>
				<width>2</width>
			</LineStyle>
		</Style>
		<MultiGeometry>
			<LineString>
				<tessellate>1</tessellate>
				<altitudeMode>absolute</altitudeMode>
				<coordinates>
					126.95269,37.426849,1013.46 126.948013,37.430603,967.7399999999999 
				</coordinates>
			</LineString>
		</MultiGeometry>
	</Placemark>
	<Placemark>
		<name>P-238</name>
		<visibility>0</visibility>
		<description><![CDATA[<div><div><span><b>Altitude:</b></span> <span>3,175 ft - 3,000 ft</span></div>
<div><span><b>Speed:</b></span> <span>160 kt - 158 kt</span></div>
<div><span><b>Timestamp:</b></span><br/><span>2024-03-20 04:24:06 UTC<br/>2024-03-20 04:24:17 UTC</span></div>
</div>]]></description>
		<Style>
			<LineStyle>
				<color>ff1eff00</color>
				<width>2</width>
			</LineStyle>
		</Style>
		<MultiGeometry>
			<LineString>
				<tessellate>1</tessellate>
				<altitudeMode>absolute</altitudeMode>
				<coordinates>
					126.948013,37.430603,967.7399999999999 126.941238,37.43605,914.3999999999999 
				</coordinates>
			</LineString>
		</MultiGeometry>
	</Placemark>
	<Placemark>
		<name>P-239</name>
		<visibility>0</visibility>
		<description><![CDATA[<div><div><span><b>Altitude:</b></span> <span>3,000 ft - 2,875 ft</span></div>
<div><span><b>Speed:</b></span> <span>158 kt</span></div>
<div><span><b>Timestamp:</b></span><br/><span>2024-03-20 04:24:17 UTC<br/>2024-03-20 04:24:23 UTC</span></div>
</div>]]></description>
		<Style>
			<LineStyle>
				<color>ff1eff00</color>
				<width>2</width>
			</LineStyle>
		</Style>
		<MultiGeometry>
			<LineString>
				<tessellate>1</tessellate>
				<altitudeMode>absolute</altitudeMode>
				<coordinates>
					126.941238,37.43605,914.3999999999999 126.937325,37.439255,876.3 
				</coordinates>
			</LineString>
		</MultiGeometry>
	</Placemark>
	<Placemark>
		<name>P-240</name>
		<visibility>0</visibility>
		<description><![CDATA[<div><div><span><b>Altitude:</b></span> <span>2,875 ft - 2,750 ft</span></div>
<div><span><b>Speed:</b></span> <span>158 kt - 157 kt</span></div>
<div><span><b>Timestamp:</b></span><br/><span>2024-03-20 04:24:23 UTC<br/>2024-03-20 04:24:33 UTC</span></div>
</div>]]></description>
		<Style>
			<LineStyle>
				<color>ff1eff00</color>
				<width>2</width>
			</LineStyle>
		</Style>
		<MultiGeometry>
			<LineString>
				<tessellate>1</tessellate>
				<altitudeMode>absolute</altitudeMode>
				<coordinates>
					126.937325,37.439255,876.3 126.931198,37.444199,838.2 
				</coordinates>
			</LineString>
		</MultiGeometry>
	</Placemark>
	<Placemark>
		<name>P-241</name>
		<visibility>0</visibility>
		<description><![CDATA[<div><div><span><b>Altitude:</b></span> <span>2,750 ft - 2,625 ft</span></div>
<div><span><b>Speed:</b></span> <span>157 kt - 160 kt</span></div>
<div><span><b>Timestamp:</b></span><br/><span>2024-03-20 04:24:33 UTC<br/>2024-03-20 04:24:42 UTC</span></div>
</div>]]></description>
		<Style>
			<LineStyle>
				<color>ff1eff00</color>
				<width>2</width>
			</LineStyle>
		</Style>
		<MultiGeometry>
			<LineString>
				<tessellate>1</tessellate>
				<altitudeMode>absolute</altitudeMode>
				<coordinates>
					126.931198,37.444199,838.2 126.924873,37.449188,800.1000000000001 
				</coordinates>
			</LineString>
		</MultiGeometry>
	</Placemark>
	<Placemark>
		<name>P-242</name>
		<visibility>0</visibility>
		<description><![CDATA[<div><div><span><b>Altitude:</b></span> <span>2,625 ft - 2,525 ft</span></div>
<div><span><b>Speed:</b></span> <span>160 kt - 162 kt</span></div>
<div><span><b>Timestamp:</b></span><br/><span>2024-03-20 04:24:42 UTC<br/>2024-03-20 04:24:49 UTC</span></div>
</div>]]></description>
		<Style>
			<LineStyle>
				<color>ff1eff00</color>
				<width>2</width>
			</LineStyle>
		</Style>
		<MultiGeometry>
			<LineString>
				<tessellate>1</tessellate>
				<altitudeMode>absolute</altitudeMode>
				<coordinates>
					126.924873,37.449188,800.1000000000001 126.92067,37.452576,769.62 
				</coordinates>
			</LineString>
		</MultiGeometry>
	</Placemark>
	<Placemark>
		<name>P-243</name>
		<visibility>0</visibility>
		<description><![CDATA[<div><div><span><b>Altitude:</b></span> <span>2,525 ft - 2,375 ft</span></div>
<div><span><b>Speed:</b></span> <span>162 kt - 158 kt</span></div>
<div><span><b>Timestamp:</b></span><br/><span>2024-03-20 04:24:49 UTC<br/>2024-03-20 04:24:58 UTC</span></div>
</div>]]></description>
		<Style>
			<LineStyle>
				<color>ff42ff00</color>
				<width>2</width>
			</LineStyle>
		</Style>
		<MultiGeometry>
			<LineString>
				<tessellate>1</tessellate>
				<altitudeMode>absolute</altitudeMode>
				<coordinates>
					126.92067,37.452576,769.62 126.91478,37.457329,723.8999999999999 
				</coordinates>
			</LineString>
		</MultiGeometry>
	</Placemark>
	<Placemark>
		<name>P-244</name>
		<visibility>0</visibility>
		<description><![CDATA[<div><div><span><b>Altitude:</b></span> <span>2,375 ft - 2,300 ft</span></div>
<div><span><b>Speed:</b></span> <span>158 kt - 152 kt</span></div>
<div><span><b>Timestamp:</b></span><br/><span>2024-03-20 04:24:58 UTC<br/>2024-03-20 04:25:04 UTC</span></div>
</div>]]></description>
		<Style>
			<LineStyle>
				<color>ff42ff00</color>
				<width>2</width>
			</LineStyle>
		</Style>
		<MultiGeometry>
			<LineString>
				<tessellate>1</tessellate>
				<altitudeMode>absolute</altitudeMode>
				<coordinates>
					126.91478,37.457329,723.8999999999999 126.910477,37.460632,701.04 
				</coordinates>
			</LineString>
		</MultiGeometry>
	</Placemark>
	<Placemark>
		<name>P-245</name>
		<visibility>0</visibility>
		<description><![CDATA[<div><div><span><b>Altitude:</b></span> <span>2,300 ft - 2,150 ft</span></div>
<div><span><b>Speed:</b></span> <span>152 kt - 144 kt</span></div>
<div><span><b>Timestamp:</b></span><br/><span>2024-03-20 04:25:04 UTC<br/>2024-03-20 04:25:14 UTC</span></div>
</div>]]></description>
		<Style>
			<LineStyle>
				<color>ff42ff00</color>
				<width>2</width>
			</LineStyle>
		</Style>
		<MultiGeometry>
			<LineString>
				<tessellate>1</tessellate>
				<altitudeMode>absolute</altitudeMode>
				<coordinates>
					126.910477,37.460632,701.04 126.90506,37.464935,655.3200000000001 
				</coordinates>
			</LineString>
		</MultiGeometry>
	</Placemark>
	<Placemark>
		<name>P-246</name>
		<visibility>0</visibility>
		<description><![CDATA[<div><div><span><b>Altitude:</b></span> <span>2,150 ft - 2,075 ft</span></div>
<div><span><b>Speed:</b></span> <span>144 kt - 136 kt</span></div>
<div><span><b>Timestamp:</b></span><br/><span>2024-03-20 04:25:14 UTC<br/>2024-03-20 04:25:20 UTC</span></div>
</div>]]></description>
		<Style>
			<LineStyle>
				<color>ff42ff00</color>
				<width>2</width>
			</LineStyle>
		</Style>
		<MultiGeometry>
			<LineString>
				<tessellate>1</tessellate>
				<altitudeMode>absolute</altitudeMode>
				<coordinates>
					126.90506,37.464935,655.3200000000001 126.901093,37.468094,632.4599999999999 
				</coordinates>
			</LineString>
		</MultiGeometry>
	</Placemark>
	<Placemark>
		<name>P-247</name>
		<visibility>0</visibility>
		<description><![CDATA[<div><div><span><b>Altitude:</b></span> <span>2,075 ft - 2,025 ft</span></div>
<div><span><b>Speed:</b></span> <span>136 kt - 127 kt</span></div>
<div><span><b>Timestamp:</b></span><br/><span>2024-03-20 04:25:20 UTC<br/>2024-03-20 04:25:26 UTC</span></div>
</div>]]></description>
		<Style>
			<LineStyle>
				<color>ff42ff00</color>
				<width>2</width>
			</LineStyle>
		</Style>
		<MultiGeometry>
			<LineString>
				<tessellate>1</tessellate>
				<altitudeMode>absolute</altitudeMode>
				<coordinates>
					126.901093,37.468094,632.4599999999999 126.897758,37.470779,617.2199999999999 
				</coordinates>
			</LineString>
		</MultiGeometry>
	</Placemark>
	<Placemark>
		<name>P-248</name>
		<visibility>0</visibility>
		<description><![CDATA[<div><div><span><b>Altitude:</b></span> <span>2,025 ft - 1,925 ft</span></div>
<div><span><b>Speed:</b></span> <span>127 kt - 118 kt</span></div>
<div><span><b>Timestamp:</b></span><br/><span>2024-03-20 04:25:26 UTC<br/>2024-03-20 04:25:37 UTC</span></div>
</div>]]></description>
		<Style>
			<LineStyle>
				<color>ff42ff00</color>
				<width>2</width>
			</LineStyle>
		</Style>
		<MultiGeometry>
			<LineString>
				<tessellate>1</tessellate>
				<altitudeMode>absolute</altitudeMode>
				<coordinates>
					126.897758,37.470779,617.2199999999999 126.893227,37.474506,586.74 
				</coordinates>
			</LineString>
		</MultiGeometry>
	</Placemark>
	<Placemark>
		<name>P-249</name>
		<visibility>0</visibility>
		<description><![CDATA[<div><div><span><b>Altitude:</b></span> <span>1,925 ft - 1,800 ft</span></div>
<div><span><b>Speed:</b></span> <span>118 kt - 116 kt</span></div>
<div><span><b>Timestamp:</b></span><br/><span>2024-03-20 04:25:37 UTC<br/>2024-03-20 04:25:46 UTC</span></div>
</div>]]></description>
		<Style>
			<LineStyle>
				<color>ffccff00</color>
				<width>2</width>
			</LineStyle>
		</Style>
		<MultiGeometry>
			<LineString>
				<tessellate>1</tessellate>
				<altitudeMode>absolute</altitudeMode>
				<coordinates>
					126.893227,37.474506,586.74 126.888329,37.478321,548.64 
				</coordinates>
			</LineString>
		</MultiGeometry>
	</Placemark>
	<Placemark>
		<name>P-250</name>
		<visibility>0</visibility>
		<description><![CDATA[<div><div><span><b>Altitude:</b></span> <span>1,800 ft - 1,750 ft</span></div>
<div><span><b>Speed:</b></span> <span>116 kt - 114 kt</span></div>
<div><span><b>Timestamp:</b></span><br/><span>2024-03-20 04:25:46 UTC<br/>2024-03-20 04:25:52 UTC</span></div>
</div>]]></description>
		<Style>
			<LineStyle>
				<color>ffccff00</color>
				<width>2</width>
			</LineStyle>
		</Style>
		<MultiGeometry>
			<LineString>
				<tessellate>1</tessellate>
				<altitudeMode>absolute</altitudeMode>
				<coordinates>
					126.888329,37.478321,548.64 126.885941,37.480324,533.4 
				</coordinates>
			</LineString>
		</MultiGeometry>
	</Placemark>
	<Placemark>
		<name>P-251</name>
		<visibility>0</visibility>
		<description><![CDATA[<div><div><span><b>Altitude:</b></span> <span>1,750 ft - 1,675 ft</span></div>
<div><span><b>Speed:</b></span> <span>114 kt - 118 kt</span></div>
<div><span><b>Timestamp:</b></span><br/><span>2024-03-20 04:25:52 UTC<br/>2024-03-20 04:26:02 UTC</span></div>
</div>]]></description>
		<Style>
			<LineStyle>
				<color>ffccff00</color>
				<width>2</width>
			</LineStyle>
		</Style>
		<MultiGeometry>
			<LineString>
				<tessellate>1</tessellate>
				<altitudeMode>absolute</altitudeMode>
				<coordinates>
					126.885941,37.480324,533.4 126.881165,37.484188,510.54 
				</coordinates>
			</LineString>
		</MultiGeometry>
	</Placemark>
	<Placemark>
		<name>P-252</name>
		<visibility>0</visibility>
		<description><![CDATA[<div><div><span><b>Altitude:</b></span> <span>1,675 ft - 1,600 ft</span></div>
<div><span><b>Speed:</b></span> <span>118 kt - 116 kt</span></div>
<div><span><b>Timestamp:</b></span><br/><span>2024-03-20 04:26:02 UTC<br/>2024-03-20 04:26:08 UTC</span></div>
</div>]]></description>
		<Style>
			<LineStyle>
				<color>ffccff00</color>
				<width>2</width>
			</LineStyle>
		</Style>
		<MultiGeometry>
			<LineString>
				<tessellate>1</tessellate>
				<altitudeMode>absolute</altitudeMode>
				<coordinates>
					126.881165,37.484188,510.54 126.877716,37.486954,487.6799999999999 
				</coordinates>
			</LineString>
		</MultiGeometry>
	</Placemark>
	<Placemark>
		<name>P-253</name>
		<visibility>0</visibility>
		<description><![CDATA[<div><div><span><b>Altitude:</b></span> <span>1,600 ft - 1,525 ft</span></div>
<div><span><b>Speed:</b></span> <span>116 kt - 114 kt</span></div>
<div><span><b>Timestamp:</b></span><br/><span>2024-03-20 04:26:08 UTC<br/>2024-03-20 04:26:16 UTC</span></div>
</div>]]></description>
		<Style>
			<LineStyle>
				<color>ffccff00</color>
				<width>2</width>
			</LineStyle>
		</Style>
		<MultiGeometry>
			<LineString>
				<tessellate>1</tessellate>
				<altitudeMode>absolute</altitudeMode>
				<coordinates>
					126.877716,37.486954,487.6799999999999 126.874474,37.489353,464.82 
				</coordinates>
			</LineString>
		</MultiGeometry>
	</Placemark>
	<Placemark>
		<name>P-254</name>
		<visibility>0</visibility>
		<description><![CDATA[<div><div><span><b>Altitude:</b></span> <span>1,525 ft - 1,450 ft</span></div>
<div><span><b>Speed:</b></span> <span>114 kt - 116 kt</span></div>
<div><span><b>Timestamp:</b></span><br/><span>2024-03-20 04:26:16 UTC<br/>2024-03-20 04:26:23 UTC</span></div>
</div>]]></description>
		<Style>
			<LineStyle>
				<color>ffccff00</color>
				<width>2</width>
			</LineStyle>
		</Style>
		<MultiGeometry>
			<LineString>
				<tessellate>1</tessellate>
				<altitudeMode>absolute</altitudeMode>
				<coordinates>
					126.874474,37.489353,464.82 126.870468,37.492493,441.9599999999999 
				</coordinates>
			</LineString>
		</MultiGeometry>
	</Placemark>
	<Placemark>
		<name>P-255</name>
		<visibility>0</visibility>
		<description><![CDATA[<div><div><span><b>Altitude:</b></span> <span>1,450 ft - 1,300 ft</span></div>
<div><span><b>Speed:</b></span> <span>116 kt - 120 kt</span></div>
<div><span><b>Timestamp:</b></span><br/><span>2024-03-20 04:26:23 UTC<br/>2024-03-20 04:26:34 UTC</span></div>
</div>]]></description>
		<Style>
			<LineStyle>
				<color>ffccff00</color>
				<width>2</width>
			</LineStyle>
		</Style>
		<MultiGeometry>
			<LineString>
				<tessellate>1</tessellate>
				<altitudeMode>absolute</altitudeMode>
				<coordinates>
					126.870468,37.492493,441.9599999999999 126.865517,37.496571,396.24 
				</coordinates>
			</LineString>
		</MultiGeometry>
	</Placemark>
	<Placemark>
		<name>P-256</name>
		<visibility>0</visibility>
		<description><![CDATA[<div><div><span><b>Altitude:</b></span> <span>1,300 ft - 1,225 ft</span></div>
<div><span><b>Speed:</b></span> <span>120 kt - 115 kt</span></div>
<div><span><b>Timestamp:</b></span><br/><span>2024-03-20 04:26:34 UTC<br/>2024-03-20 04:26:43 UTC</span></div>
</div>]]></description>
		<Style>
			<LineStyle>
				<color>fff0ff00</color>
				<width>2</width>
			</LineStyle>
		</Style>
		<MultiGeometry>
			<LineString>
				<tessellate>1</tessellate>
				<altitudeMode>absolute</altitudeMode>
				<coordinates>
					126.865517,37.496571,396.24 126.861115,37.500092,373.3799999999999 
				</coordinates>
			</LineString>
		</MultiGeometry>
	</Placemark>
	<Placemark>
		<name>P-257</name>
		<visibility>0</visibility>
		<description><![CDATA[<div><div><span><b>Altitude:</b></span> <span>1,225 ft - 1,100 ft</span></div>
<div><span><b>Speed:</b></span> <span>115 kt - 116 kt</span></div>
<div><span><b>Timestamp:</b></span><br/><span>2024-03-20 04:26:43 UTC<br/>2024-03-20 04:26:53 UTC</span></div>
</div>]]></description>
		<Style>
			<LineStyle>
				<color>fff0ff00</color>
				<width>2</width>
			</LineStyle>
		</Style>
		<MultiGeometry>
			<LineString>
				<tessellate>1</tessellate>
				<altitudeMode>absolute</altitudeMode>
				<coordinates>
					126.861115,37.500092,373.3799999999999 126.856209,37.504074,335.2799999999999 
				</coordinates>
			</LineString>
		</MultiGeometry>
	</Placemark>
	<Placemark>
		<name>P-258</name>
		<visibility>0</visibility>
		<description><![CDATA[<div><div><span><b>Altitude:</b></span> <span>1,100 ft - 1,025 ft</span></div>
<div><span><b>Speed:</b></span> <span>116 kt</span></div>
<div><span><b>Timestamp:</b></span><br/><span>2024-03-20 04:26:53 UTC<br/>2024-03-20 04:27:00 UTC</span></div>
</div>]]></description>
		<Style>
			<LineStyle>
				<color>fff0ff00</color>
				<width>2</width>
			</LineStyle>
		</Style>
		<MultiGeometry>
			<LineString>
				<tessellate>1</tessellate>
				<altitudeMode>absolute</altitudeMode>
				<coordinates>
					126.856209,37.504074,335.2799999999999 126.853043,37.506535,312.42 
				</coordinates>
			</LineString>
		</MultiGeometry>
	</Placemark>
	<Placemark>
		<name>P-259</name>
		<visibility>0</visibility>
		<description><![CDATA[<div><div><span><b>Altitude:</b></span> <span>1,025 ft - 925 ft</span></div>
<div><span><b>Speed:</b></span> <span>116 kt - 112 kt</span></div>
<div><span><b>Timestamp:</b></span><br/><span>2024-03-20 04:27:00 UTC<br/>2024-03-20 04:27:09 UTC</span></div>
</div>]]></description>
		<Style>
			<LineStyle>
				<color>fff0ff00</color>
				<width>2</width>
			</LineStyle>
		</Style>
		<MultiGeometry>
			<LineString>
				<tessellate>1</tessellate>
				<altitudeMode>absolute</altitudeMode>
				<coordinates>
					126.853043,37.506535,312.42 126.848671,37.510071,281.94 
				</coordinates>
			</LineString>
		</MultiGeometry>
	</Placemark>
	<Placemark>
		<name>P-260</name>
		<visibility>0</visibility>
		<description><![CDATA[<div><div><span><b>Altitude:</b></span> <span>925 ft - 850 ft</span></div>
<div><span><b>Speed:</b></span> <span>112 kt - 114 kt</span></div>
<div><span><b>Timestamp:</b></span><br/><span>2024-03-20 04:27:09 UTC<br/>2024-03-20 04:27:16 UTC</span></div>
</div>]]></description>
		<Style>
			<LineStyle>
				<color>ffffea00</color>
				<width>2</width>
			</LineStyle>
		</Style>
		<MultiGeometry>
			<LineString>
				<tessellate>1</tessellate>
				<altitudeMode>absolute</altitudeMode>
				<coordinates>
					126.848671,37.510071,281.94 126.845459,37.51268,259.08 
				</coordinates>
			</LineString>
		</MultiGeometry>
	</Placemark>
	<Placemark>
		<name>P-261</name>
		<visibility>0</visibility>
		<description><![CDATA[<div><div><span><b>Altitude:</b></span> <span>850 ft - 725 ft</span></div>
<div><span><b>Speed:</b></span> <span>114 kt - 112 kt</span></div>
<div><span><b>Timestamp:</b></span><br/><span>2024-03-20 04:27:16 UTC<br/>2024-03-20 04:27:25 UTC</span></div>
</div>]]></description>
		<Style>
			<LineStyle>
				<color>ffffea00</color>
				<width>2</width>
			</LineStyle>
		</Style>
		<MultiGeometry>
			<LineString>
				<tessellate>1</tessellate>
				<altitudeMode>absolute</altitudeMode>
				<coordinates>
					126.845459,37.51268,259.08 126.840981,37.516216,220.98 
				</coordinates>
			</LineString>
		</MultiGeometry>
	</Placemark>
	<Placemark>
		<name>P-262</name>
		<visibility>0</visibility>
		<description><![CDATA[<div><div><span><b>Altitude:</b></span> <span>725 ft - 625 ft</span></div>
<div><span><b>Speed:</b></span> <span>112 kt - 113 kt</span></div>
<div><span><b>Timestamp:</b></span><br/><span>2024-03-20 04:27:25 UTC<br/>2024-03-20 04:27:35 UTC</span></div>
</div>]]></description>
		<Style>
			<LineStyle>
				<color>ffffea00</color>
				<width>2</width>
			</LineStyle>
		</Style>
		<MultiGeometry>
			<LineString>
				<tessellate>1</tessellate>
				<altitudeMode>absolute</altitudeMode>
				<coordinates>
					126.840981,37.516216,220.98 126.836746,37.519592,190.5 
				</coordinates>
			</LineString>
		</MultiGeometry>
	</Placemark>
	<Placemark>
		<name>P-263</name>
		<visibility>0</visibility>
		<description><![CDATA[<div><div><span><b>Altitude:</b></span> <span>625 ft - 550 ft</span></div>
<div><span><b>Speed:</b></span> <span>113 kt - 111 kt</span></div>
<div><span><b>Timestamp:</b></span><br/><span>2024-03-20 04:27:35 UTC<br/>2024-03-20 04:27:44 UTC</span></div>
</div>]]></description>
		<Style>
			<LineStyle>
				<color>ffffe062</color>
				<width>2</width>
			</LineStyle>
		</Style>
		<MultiGeometry>
			<LineString>
				<tessellate>1</tessellate>
				<altitudeMode>absolute</altitudeMode>
				<coordinates>
					126.836746,37.519592,190.5 126.832443,37.522919,167.64 
				</coordinates>
			</LineString>
		</MultiGeometry>
	</Placemark>
	<Placemark>
		<name>P-264</name>
		<visibility>0</visibility>
		<description><![CDATA[<div><div><span><b>Altitude:</b></span> <span>550 ft - 450 ft</span></div>
<div><span><b>Speed:</b></span> <span>111 kt - 113 kt</span></div>
<div><span><b>Timestamp:</b></span><br/><span>2024-03-20 04:27:44 UTC<br/>2024-03-20 04:27:53 UTC</span></div>
</div>]]></description>
		<Style>
			<LineStyle>
				<color>ffffe062</color>
				<width>2</width>
			</LineStyle>
		</Style>
		<MultiGeometry>
			<LineString>
				<tessellate>1</tessellate>
				<altitudeMode>absolute</altitudeMode>
				<coordinates>
					126.832443,37.522919,167.64 126.828201,37.526363,137.16 
				</coordinates>
			</LineString>
		</MultiGeometry>
	</Placemark>
	<Placemark>
		<name>P-265</name>
		<visibility>0</visibility>
		<description><![CDATA[<div><div><span><b>Altitude:</b></span> <span>450 ft - 375 ft</span></div>
<div><span><b>Speed:</b></span> <span>113 kt</span></div>
<div><span><b>Timestamp:</b></span><br/><span>2024-03-20 04:27:53 UTC<br/>2024-03-20 04:28:02 UTC</span></div>
</div>]]></description>
		<Style>
			<LineStyle>
				<color>ffffe062</color>
				<width>2</width>
			</LineStyle>
		</Style>
		<MultiGeometry>
			<LineString>
				<tessellate>1</tessellate>
				<altitudeMode>absolute</altitudeMode>
				<coordinates>
					126.828201,37.526363,137.16 126.823952,37.5298,114.3 
				</coordinates>
			</LineString>
		</MultiGeometry>
	</Placemark>
	<Placemark>
		<name>P-266</name>
		<visibility>0</visibility>
		<description><![CDATA[<div><div><span><b>Altitude:</b></span> <span>375 ft - 275 ft</span></div>
<div><span><b>Speed:</b></span> <span>113 kt - 118 kt</span></div>
<div><span><b>Timestamp:</b></span><br/><span>2024-03-20 04:28:02 UTC<br/>2024-03-20 04:28:11 UTC</span></div>
</div>]]></description>
		<Style>
			<LineStyle>
				<color>ffffe062</color>
				<width>2</width>
			</LineStyle>
		</Style>
		<MultiGeometry>
			<LineString>
				<tessellate>1</tessellate>
				<altitudeMode>absolute</altitudeMode>
				<coordinates>
					126.823952,37.5298,114.3 126.819366,37.533394,83.81999999999998 
				</coordinates>
			</LineString>
		</MultiGeometry>
	</Placemark>
	<Placemark>
		<name>P-267</name>
		<visibility>0</visibility>
		<description><![CDATA[<div><div><span><b>Altitude:</b></span> <span>275 ft - 175 ft</span></div>
<div><span><b>Speed:</b></span> <span>118 kt - 116 kt</span></div>
<div><span><b>Timestamp:</b></span><br/><span>2024-03-20 04:28:11 UTC<br/>2024-03-20 04:28:20 UTC</span></div>
</div>]]></description>
		<Style>
			<LineStyle>
				<color>ffffffff</color>
				<width>2</width>
			</LineStyle>
		</Style>
		<MultiGeometry>
			<LineString>
				<tessellate>1</tessellate>
				<altitudeMode>absolute</altitudeMode>
				<coordinates>
					126.819366,37.533394,83.81999999999998 126.815071,37.536804,53.34 
				</coordinates>
			</LineString>
		</MultiGeometry>
	</Placemark>
	<Placemark>
		<name>P-268</name>
		<visibility>0</visibility>
		<description><![CDATA[<div><div><span><b>Altitude:</b></span> <span>175 ft - 100 ft</span></div>
<div><span><b>Speed:</b></span> <span>116 kt - 113 kt</span></div>
<div><span><b>Timestamp:</b></span><br/><span>2024-03-20 04:28:20 UTC<br/>2024-03-20 04:28:32 UTC</span></div>
</div>]]></description>
		<Style>
			<LineStyle>
				<color>ffffffff</color>
				<width>2</width>
			</LineStyle>
		</Style>
		<MultiGeometry>
			<LineString>
				<tessellate>1</tessellate>
				<altitudeMode>absolute</altitudeMode>
				<coordinates>
					126.815071,37.536804,53.34 126.811035,37.540009,30.48 
				</coordinates>
			</LineString>
		</MultiGeometry>
	</Placemark>
	<Placemark>
		<name>P-269</name>
		<visibility>0</visibility>
		<description><![CDATA[<div><div><span><b>Altitude:</b></span> <span>100 ft - 0 ft</span></div>
<div><span><b>Speed:</b></span> <span>113 kt - 114 kt</span></div>
<div><span><b>Timestamp:</b></span><br/><span>2024-03-20 04:28:32 UTC<br/>2024-03-20 04:28:42 UTC</span></div>
</div>]]></description>
		<Style>
			<LineStyle>
				<color>ffffffff</color>
				<width>2</width>
			</LineStyle>
		</Style>
		<MultiGeometry>
			<LineString>
				<tessellate>1</tessellate>
				<coordinates>
					126.811035,37.540009,30.48 126.805191,37.544678,0 
				</coordinates>
			</LineString>
		</MultiGeometry>
	</Placemark>
	<Placemark>
		<name>P-270</name>
		<visibility>0</visibility>
		<description><![CDATA[<div><div><span><b>Altitude:</b></span> <span>0 ft</span></div>
<div><span><b>Speed:</b></span> <span>114 kt - 115 kt</span></div>
<div><span><b>Timestamp:</b></span><br/><span>2024-03-20 04:28:42 UTC<br/>2024-03-20 04:28:51 UTC</span></div>
</div>]]></description>
		<Style>
			<LineStyle>
				<color>ffffffff</color>
				<width>2</width>
			</LineStyle>
		</Style>
		<MultiGeometry>
			<LineString>
				<tessellate>1</tessellate>
				<coordinates>
					126.805191,37.544678,0 126.80069,37.548294,0 
				</coordinates>
			</LineString>
		</MultiGeometry>
	</Placemark>
	<Placemark>
		<name>P-271</name>
		<visibility>0</visibility>
		<description><![CDATA[<div><div><span><b>Altitude:</b></span> <span>0 ft</span></div>
<div><span><b>Speed:</b></span> <span>115 kt - 111 kt</span></div>
<div><span><b>Timestamp:</b></span><br/><span>2024-03-20 04:28:51 UTC<br/>2024-03-20 04:29:00 UTC</span></div>
</div>]]></description>
		<Style>
			<LineStyle>
				<color>ffffffff</color>
				<width>2</width>
			</LineStyle>
		</Style>
		<MultiGeometry>
			<LineString>
				<tessellate>1</tessellate>
				<coordinates>
					126.80069,37.548294,0 126.796486,37.551636,0 
				</coordinates>
			</LineString>
		</MultiGeometry>
	</Placemark>
	<Placemark>
		<name>P-272</name>
		<visibility>0</visibility>
		<description><![CDATA[<div><div><span><b>Altitude:</b></span> <span>0 ft</span></div>
<div><span><b>Speed:</b></span> <span>111 kt - 92 kt</span></div>
<div><span><b>Timestamp:</b></span><br/><span>2024-03-20 04:29:00 UTC<br/>2024-03-20 04:29:08 UTC</span></div>
</div>]]></description>
		<Style>
			<LineStyle>
				<color>ffffffff</color>
				<width>2</width>
			</LineStyle>
		</Style>
		<MultiGeometry>
			<LineString>
				<tessellate>1</tessellate>
				<coordinates>
					126.796486,37.551636,0 126.793098,37.554348,0 
				</coordinates>
			</LineString>
		</MultiGeometry>
	</Placemark>
	<Placemark>
		<name>P-273</name>
		<visibility>0</visibility>
		<description><![CDATA[<div><div><span><b>Altitude:</b></span> <span>0 ft</span></div>
<div><span><b>Speed:</b></span> <span>92 kt - 74 kt</span></div>
<div><span><b>Timestamp:</b></span><br/><span>2024-03-20 04:29:08 UTC<br/>2024-03-20 04:29:16 UTC</span></div>
</div>]]></description>
		<Style>
			<LineStyle>
				<color>ffffffff</color>
				<width>2</width>
			</LineStyle>
		</Style>
		<MultiGeometry>
			<LineString>
				<tessellate>1</tessellate>
				<coordinates>
					126.793098,37.554348,0 126.790794,37.556194,0 
				</coordinates>
			</LineString>
		</MultiGeometry>
	</Placemark>
	<Placemark>
		<name>P-274</name>
		<visibility>0</visibility>
		<description><![CDATA[<div><div><span><b>Altitude:</b></span> <span>0 ft</span></div>
<div><span><b>Speed:</b></span> <span>74 kt - 60 kt</span></div>
<div><span><b>Timestamp:</b></span><br/><span>2024-03-20 04:29:16 UTC<br/>2024-03-20 04:29:23 UTC</span></div>
</div>]]></description>
		<Style>
			<LineStyle>
				<color>ffffffff</color>
				<width>2</width>
			</LineStyle>
		</Style>
		<MultiGeometry>
			<LineString>
				<tessellate>1</tessellate>
				<coordinates>
					126.790794,37.556194,0 126.788872,37.557716,0 
				</coordinates>
			</LineString>
		</MultiGeometry>
	</Placemark>
	<Placemark>
		<name>P-275</name>
		<visibility>0</visibility>
		<description><![CDATA[<div><div><span><b>Altitude:</b></span> <span>0 ft</span></div>
<div><span><b>Speed:</b></span> <span>60 kt - 52 kt</span></div>
<div><span><b>Timestamp:</b></span><br/><span>2024-03-20 04:29:23 UTC<br/>2024-03-20 04:29:30 UTC</span></div>
</div>]]></description>
		<Style>
			<LineStyle>
				<color>ffffffff</color>
				<width>2</width>
			</LineStyle>
		</Style>
		<MultiGeometry>
			<LineString>
				<tessellate>1</tessellate>
				<coordinates>
					126.788872,37.557716,0 126.787315,37.558952,0 
				</coordinates>
			</LineString>
		</MultiGeometry>
	</Placemark>
	<Placemark>
		<name>P-276</name>
		<visibility>0</visibility>
		<description><![CDATA[<div><div><span><b>Altitude:</b></span> <span>0 ft</span></div>
<div><span><b>Speed:</b></span> <span>52 kt - 44 kt</span></div>
<div><span><b>Timestamp:</b></span><br/><span>2024-03-20 04:29:30 UTC<br/>2024-03-20 04:29:38 UTC</span></div>
</div>]]></description>
		<Style>
			<LineStyle>
				<color>ffffffff</color>
				<width>2</width>
			</LineStyle>
		</Style>
		<MultiGeometry>
			<LineString>
				<tessellate>1</tessellate>
				<coordinates>
					126.787315,37.558952,0 126.785881,37.560066,0 
				</coordinates>
			</LineString>
		</MultiGeometry>
	</Placemark>
	<Placemark>
		<name>P-277</name>
		<visibility>0</visibility>
		<description><![CDATA[<div><div><span><b>Altitude:</b></span> <span>0 ft</span></div>
<div><span><b>Speed:</b></span> <span>44 kt - 28 kt</span></div>
<div><span><b>Timestamp:</b></span><br/><span>2024-03-20 04:29:38 UTC<br/>2024-03-20 04:29:50 UTC</span></div>
</div>]]></description>
		<Style>
			<LineStyle>
				<color>ffffffff</color>
				<width>2</width>
			</LineStyle>
		</Style>
		<MultiGeometry>
			<LineString>
				<tessellate>1</tessellate>
				<coordinates>
					126.785881,37.560066,0 126.784302,37.561626,0 
				</coordinates>
			</LineString>
		</MultiGeometry>
	</Placemark>
	<Placemark>
		<name>P-278</name>
		<visibility>0</visibility>
		<description><![CDATA[<div><div><span><b>Altitude:</b></span> <span>0 ft</span></div>
<div><span><b>Speed:</b></span> <span>28 kt - 27 kt</span></div>
<div><span><b>Timestamp:</b></span><br/><span>2024-03-20 04:29:50 UTC<br/>2024-03-20 04:29:57 UTC</span></div>
</div>]]></description>
		<Style>
			<LineStyle>
				<color>ffffffff</color>
				<width>2</width>
			</LineStyle>
		</Style>
		<MultiGeometry>
			<LineString>
				<tessellate>1</tessellate>
				<coordinates>
					126.784302,37.561626,0 126.783806,37.562477,0 
				</coordinates>
			</LineString>
		</MultiGeometry>
	</Placemark>
	<Placemark>
		<name>P-279</name>
		<visibility>0</visibility>
		<description><![CDATA[<div><div><span><b>Altitude:</b></span> <span>0 ft</span></div>
<div><span><b>Speed:</b></span> <span>27 kt</span></div>
<div><span><b>Timestamp:</b></span><br/><span>2024-03-20 04:29:57 UTC<br/>2024-03-20 04:29:59 UTC</span></div>
</div>]]></description>
		<Style>
			<LineStyle>
				<color>ffffffff</color>
				<width>2</width>
			</LineStyle>
		</Style>
		<MultiGeometry>
			<LineString>
				<tessellate>1</tessellate>
				<coordinates>
					126.783806,37.562477,0 126.783722,37.56271,0 
				</coordinates>
			</LineString>
		</MultiGeometry>
	</Placemark>
	<Placemark>
		<name>P-280</name>
		<visibility>0</visibility>
		<description><![CDATA[<div><div><span><b>Altitude:</b></span> <span>0 ft</span></div>
<div><span><b>Speed:</b></span> <span>27 kt - 26 kt</span></div>
<div><span><b>Timestamp:</b></span><br/><span>2024-03-20 04:29:59 UTC<br/>2024-03-20 04:30:02 UTC</span></div>
</div>]]></description>
		<Style>
			<LineStyle>
				<color>ffffffff</color>
				<width>2</width>
			</LineStyle>
		</Style>
		<MultiGeometry>
			<LineString>
				<tessellate>1</tessellate>
				<coordinates>
					126.783722,37.56271,0 126.783585,37.563046,0 
				</coordinates>
			</LineString>
		</MultiGeometry>
	</Placemark>
	<Placemark>
		<name>P-281</name>
		<visibility>0</visibility>
		<description><![CDATA[<div><div><span><b>Altitude:</b></span> <span>0 ft</span></div>
<div><span><b>Speed:</b></span> <span>26 kt - 19 kt</span></div>
<div><span><b>Timestamp:</b></span><br/><span>2024-03-20 04:30:02 UTC<br/>2024-03-20 04:30:09 UTC</span></div>
</div>]]></description>
		<Style>
			<LineStyle>
				<color>ffffffff</color>
				<width>2</width>
			</LineStyle>
		</Style>
		<MultiGeometry>
			<LineString>
				<tessellate>1</tessellate>
				<coordinates>
					126.783585,37.563046,0 126.783394,37.563663,0 
				</coordinates>
			</LineString>
		</MultiGeometry>
	</Placemark>
	<Placemark>
		<name>P-282</name>
		<visibility>0</visibility>
		<description><![CDATA[<div><div><span><b>Altitude:</b></span> <span>0 ft</span></div>
<div><span><b>Speed:</b></span> <span>19 kt - 16 kt</span></div>
<div><span><b>Timestamp:</b></span><br/><span>2024-03-20 04:30:09 UTC<br/>2024-03-20 04:30:12 UTC</span></div>
</div>]]></description>
		<Style>
			<LineStyle>
				<color>ffffffff</color>
				<width>2</width>
			</LineStyle>
		</Style>
		<MultiGeometry>
			<LineString>
				<tessellate>1</tessellate>
				<coordinates>
					126.783394,37.563663,0 126.78334,37.563915,0 
				</coordinates>
			</LineString>
		</MultiGeometry>
	</Placemark>
	<Placemark>
		<name>P-283</name>
		<visibility>0</visibility>
		<description><![CDATA[<div><div><span><b>Altitude:</b></span> <span>0 ft</span></div>
<div><span><b>Speed:</b></span> <span>16 kt - 13 kt</span></div>
<div><span><b>Timestamp:</b></span><br/><span>2024-03-20 04:30:12 UTC<br/>2024-03-20 04:30:19 UTC</span></div>
</div>]]></description>
		<Style>
			<LineStyle>
				<color>ffffffff</color>
				<width>2</width>
			</LineStyle>
		</Style>
		<MultiGeometry>
			<LineString>
				<tessellate>1</tessellate>
				<coordinates>
					126.78334,37.563915,0 126.783348,37.564327,0 
				</coordinates>
			</LineString>
		</MultiGeometry>
	</Placemark>
	<Placemark>
		<name>P-284</name>
		<visibility>0</visibility>
		<description><![CDATA[<div><div><span><b>Altitude:</b></span> <span>0 ft</span></div>
<div><span><b>Speed:</b></span> <span>13 kt - 8 kt</span></div>
<div><span><b>Timestamp:</b></span><br/><span>2024-03-20 04:30:19 UTC<br/>2024-03-20 04:30:25 UTC</span></div>
</div>]]></description>
		<Style>
			<LineStyle>
				<color>ffffffff</color>
				<width>2</width>
			</LineStyle>
		</Style>
		<MultiGeometry>
			<LineString>
				<tessellate>1</tessellate>
				<coordinates>
					126.783348,37.564327,0 126.78344,37.564579,0 
				</coordinates>
			</LineString>
		</MultiGeometry>
	</Placemark>
	<Placemark>
		<name>P-285</name>
		<visibility>0</visibility>
		<description><![CDATA[<div><div><span><b>Altitude:</b></span> <span>0 ft</span></div>
<div><span><b>Speed:</b></span> <span>8 kt - 13 kt</span></div>
<div><span><b>Timestamp:</b></span><br/><span>2024-03-20 04:30:25 UTC<br/>2024-03-20 04:30:39 UTC</span></div>
</div>]]></description>
		<Style>
			<LineStyle>
				<color>ffffffff</color>
				<width>2</width>
			</LineStyle>
		</Style>
		<MultiGeometry>
			<LineString>
				<tessellate>1</tessellate>
				<coordinates>
					126.78344,37.564579,0 126.783791,37.565083,0 
				</coordinates>
			</LineString>
		</MultiGeometry>
	</Placemark>
	<Placemark>
		<name>P-286</name>
		<visibility>0</visibility>
		<description><![CDATA[<div><div><span><b>Altitude:</b></span> <span>0 ft</span></div>
<div><span><b>Speed:</b></span> <span>13 kt - 15 kt</span></div>
<div><span><b>Timestamp:</b></span><br/><span>2024-03-20 04:30:39 UTC<br/>2024-03-20 04:30:47 UTC</span></div>
</div>]]></description>
		<Style>
			<LineStyle>
				<color>ffffffff</color>
				<width>2</width>
			</LineStyle>
		</Style>
		<MultiGeometry>
			<LineString>
				<tessellate>1</tessellate>
				<coordinates>
					126.783791,37.565083,0 126.784302,37.565491,0 
				</coordinates>
			</LineString>
		</MultiGeometry>
	</Placemark>
	<Placemark>
		<name>P-287</name>
		<visibility>0</visibility>
		<description><![CDATA[<div><div><span><b>Altitude:</b></span> <span>0 ft</span></div>
<div><span><b>Speed:</b></span> <span>15 kt</span></div>
<div><span><b>Timestamp:</b></span><br/><span>2024-03-20 04:30:47 UTC<br/>2024-03-20 04:30:52 UTC</span></div>
</div>]]></description>
		<Style>
			<LineStyle>
				<color>ffffffff</color>
				<width>2</width>
			</LineStyle>
		</Style>
		<MultiGeometry>
			<LineString>
				<tessellate>1</tessellate>
				<coordinates>
					126.784302,37.565491,0 126.784607,37.565735,0 
				</coordinates>
			</LineString>
		</MultiGeometry>
	</Placemark>
	<Placemark>
		<name>P-288</name>
		<visibility>0</visibility>
		<description><![CDATA[<div><div><span><b>Altitude:</b></span> <span>0 ft</span></div>
<div><span><b>Speed:</b></span> <span>15 kt</span></div>
<div><span><b>Timestamp:</b></span><br/><span>2024-03-20 04:30:52 UTC<br/>2024-03-20 04:30:58 UTC</span></div>
</div>]]></description>
		<Style>
			<LineStyle>
				<color>ffffffff</color>
				<width>2</width>
			</LineStyle>
		</Style>
		<MultiGeometry>
			<LineString>
				<tessellate>1</tessellate>
				<coordinates>
					126.784607,37.565735,0 126.784958,37.566021,0 
				</coordinates>
			</LineString>
		</MultiGeometry>
	</Placemark>
	<Placemark>
		<name>P-289</name>
		<visibility>0</visibility>
		<description><![CDATA[<div><div><span><b>Altitude:</b></span> <span>0 ft</span></div>
<div><span><b>Speed:</b></span> <span>15 kt - 0 kt</span></div>
<div><span><b>Timestamp:</b></span><br/><span>2024-03-20 04:30:58 UTC<br/>2024-03-20 04:31:15 UTC</span></div>
</div>]]></description>
		<Style>
			<LineStyle>
				<color>ffffffff</color>
				<width>2</width>
			</LineStyle>
		</Style>
		<MultiGeometry>
			<LineString>
				<tessellate>1</tessellate>
				<coordinates>
					126.784958,37.566021,0 126.78611,37.566696,0 
				</coordinates>
			</LineString>
		</MultiGeometry>
	</Placemark>
	<Placemark>
		<name>P-290</name>
		<visibility>0</visibility>
		<description><![CDATA[<div><div><span><b>Altitude:</b></span> <span>0 ft</span></div>
<div><span><b>Speed:</b></span> <span>0 kt - 13 kt</span></div>
<div><span><b>Timestamp:</b></span><br/><span>2024-03-20 04:31:15 UTC<br/>2024-03-20 04:31:18 UTC</span></div>
</div>]]></description>
		<Style>
			<LineStyle>
				<color>ffffffff</color>
				<width>2</width>
			</LineStyle>
		</Style>
		<MultiGeometry>
			<LineString>
				<tessellate>1</tessellate>
				<coordinates>
					126.78611,37.566696,0 126.786316,37.566654,0 
				</coordinates>
			</LineString>
		</MultiGeometry>
	</Placemark>
	<Placemark>
		<name>P-291</name>
		<visibility>0</visibility>
		<description><![CDATA[<div><div><span><b>Altitude:</b></span> <span>0 ft</span></div>
<div><span><b>Speed:</b></span> <span>13 kt</span></div>
<div><span><b>Timestamp:</b></span><br/><span>2024-03-20 04:31:18 UTC<br/>2024-03-20 04:31:22 UTC</span></div>
</div>]]></description>
		<Style>
			<LineStyle>
				<color>ffffffff</color>
				<width>2</width>
			</LineStyle>
		</Style>
		<MultiGeometry>
			<LineString>
				<tessellate>1</tessellate>
				<coordinates>
					126.786316,37.566654,0 126.786552,37.566505,0 
				</coordinates>
			</LineString>
		</MultiGeometry>
	</Placemark>
	<Placemark>
		<name>P-292</name>
		<visibility>0</visibility>
		<description><![CDATA[<div><div><span><b>Altitude:</b></span> <span>0 ft</span></div>
<div><span><b>Speed:</b></span> <span>13 kt - 14 kt</span></div>
<div><span><b>Timestamp:</b></span><br/><span>2024-03-20 04:31:22 UTC<br/>2024-03-20 04:31:30 UTC</span></div>
</div>]]></description>
		<Style>
			<LineStyle>
				<color>ffffffff</color>
				<width>2</width>
			</LineStyle>
		</Style>
		<MultiGeometry>
			<LineString>
				<tessellate>1</tessellate>
				<coordinates>
					126.786552,37.566505,0 126.786987,37.566154,0 
				</coordinates>
			</LineString>
		</MultiGeometry>
	</Placemark>
	<Placemark>
		<name>P-293</name>
		<visibility>0</visibility>
		<description><![CDATA[<div><div><span><b>Altitude:</b></span> <span>0 ft</span></div>
<div><span><b>Speed:</b></span> <span>14 kt - 16 kt</span></div>
<div><span><b>Timestamp:</b></span><br/><span>2024-03-20 04:31:30 UTC<br/>2024-03-20 04:31:33 UTC</span></div>
</div>]]></description>
		<Style>
			<LineStyle>
				<color>ffffffff</color>
				<width>2</width>
			</LineStyle>
		</Style>
		<MultiGeometry>
			<LineString>
				<tessellate>1</tessellate>
				<coordinates>
					126.786987,37.566154,0 126.787201,37.56599,0 
				</coordinates>
			</LineString>
		</MultiGeometry>
	</Placemark>
	<Placemark>
		<name>P-294</name>
		<visibility>0</visibility>
		<description><![CDATA[<div><div><span><b>Altitude:</b></span> <span>0 ft</span></div>
<div><span><b>Speed:</b></span> <span>16 kt - 17 kt</span></div>
<div><span><b>Timestamp:</b></span><br/><span>2024-03-20 04:31:33 UTC<br/>2024-03-20 04:31:36 UTC</span></div>
</div>]]></description>
		<Style>
			<LineStyle>
				<color>ffffffff</color>
				<width>2</width>
			</LineStyle>
		</Style>
		<MultiGeometry>
			<LineString>
				<tessellate>1</tessellate>
				<coordinates>
					126.787201,37.56599,0 126.787468,37.565781,0 
				</coordinates>
			</LineString>
		</MultiGeometry>
	</Placemark>
	<Placemark>
		<name>P-295</name>
		<visibility>0</visibility>
		<description><![CDATA[<div><div><span><b>Altitude:</b></span> <span>0 ft</span></div>
<div><span><b>Speed:</b></span> <span>17 kt - 18 kt</span></div>
<div><span><b>Timestamp:</b></span><br/><span>2024-03-20 04:31:36 UTC<br/>2024-03-20 04:31:42 UTC</span></div>
</div>]]></description>
		<Style>
			<LineStyle>
				<color>ffffffff</color>
				<width>2</width>
			</LineStyle>
		</Style>
		<MultiGeometry>
			<LineString>
				<tessellate>1</tessellate>
				<coordinates>
					126.787468,37.565781,0 126.78788,37.565449,0 
				</coordinates>
			</LineString>
		</MultiGeometry>
	</Placemark>
	<Placemark>
		<name>P-296</name>
		<visibility>0</visibility>
		<description><![CDATA[<div><div><span><b>Altitude:</b></span> <span>0 ft</span></div>
<div><span><b>Speed:</b></span> <span>18 kt</span></div>
<div><span><b>Timestamp:</b></span><br/><span>2024-03-20 04:31:42 UTC<br/>2024-03-20 04:31:45 UTC</span></div>
</div>]]></description>
		<Style>
			<LineStyle>
				<color>ffffffff</color>
				<width>2</width>
			</LineStyle>
		</Style>
		<MultiGeometry>
			<LineString>
				<tessellate>1</tessellate>
				<coordinates>
					126.78788,37.565449,0 126.788147,37.565243,0 
				</coordinates>
			</LineString>
		</MultiGeometry>
	</Placemark>
	<Placemark>
		<name>P-297</name>
		<visibility>0</visibility>
		<description><![CDATA[<div><div><span><b>Altitude:</b></span> <span>0 ft</span></div>
<div><span><b>Speed:</b></span> <span>18 kt - 19 kt</span></div>
<div><span><b>Timestamp:</b></span><br/><span>2024-03-20 04:31:45 UTC<br/>2024-03-20 04:31:48 UTC</span></div>
</div>]]></description>
		<Style>
			<LineStyle>
				<color>ffffffff</color>
				<width>2</width>
			</LineStyle>
		</Style>
		<MultiGeometry>
			<LineString>
				<tessellate>1</tessellate>
				<coordinates>
					126.788147,37.565243,0 126.788376,37.56506,0 
				</coordinates>
			</LineString>
		</MultiGeometry>
	</Placemark>
	<Placemark>
		<name>P-298</name>
		<visibility>0</visibility>
		<description><![CDATA[<div><div><span><b>Altitude:</b></span> <span>0 ft</span></div>
<div><span><b>Speed:</b></span> <span>19 kt</span></div>
<div><span><b>Timestamp:</b></span><br/><span>2024-03-20 04:31:48 UTC<br/>2024-03-20 04:31:56 UTC</span></div>
</div>]]></description>
		<Style>
			<LineStyle>
				<color>ffffffff</color>
				<width>2</width>
			</LineStyle>
		</Style>
		<MultiGeometry>
			<LineString>
				<tessellate>1</tessellate>
				<coordinates>
					126.788376,37.56506,0 126.789032,37.564533,0 
				</coordinates>
			</LineString>
		</MultiGeometry>
	</Placemark>
	<Placemark>
		<name>P-299</name>
		<visibility>0</visibility>
		<description><![CDATA[<div><div><span><b>Altitude:</b></span> <span>0 ft</span></div>
<div><span><b>Speed:</b></span> <span>19 kt - 20 kt</span></div>
<div><span><b>Timestamp:</b></span><br/><span>2024-03-20 04:31:56 UTC<br/>2024-03-20 04:32:04 UTC</span></div>
</div>]]></description>
		<Style>
			<LineStyle>
				<color>ffffffff</color>
				<width>2</width>
			</LineStyle>
		</Style>
		<MultiGeometry>
			<LineString>
				<tessellate>1</tessellate>
				<coordinates>
					126.789032,37.564533,0 126.78965,37.564041,0 
				</coordinates>
			</LineString>
		</MultiGeometry>
	</Placemark>
	<Placemark>
		<name>P-300</name>
		<visibility>0</visibility>
		<description><![CDATA[<div><div><span><b>Altitude:</b></span> <span>0 ft</span></div>
<div><span><b>Speed:</b></span> <span>20 kt - 21 kt</span></div>
<div><span><b>Timestamp:</b></span><br/><span>2024-03-20 04:32:04 UTC<br/>2024-03-20 04:32:11 UTC</span></div>
</div>]]></description>
		<Style>
			<LineStyle>
				<color>ffffffff</color>
				<width>2</width>
			</LineStyle>
		</Style>
		<MultiGeometry>
			<LineString>
				<tessellate>1</tessellate>
				<coordinates>
					126.78965,37.564041,0 126.79026,37.56356,0 
				</coordinates>
			</LineString>
		</MultiGeometry>
	</Placemark>
	<Placemark>
		<name>P-301</name>
		<visibility>0</visibility>
		<description><![CDATA[<div><div><span><b>Altitude:</b></span> <span>0 ft</span></div>
<div><span><b>Speed:</b></span> <span>21 kt - 17 kt</span></div>
<div><span><b>Timestamp:</b></span><br/><span>2024-03-20 04:32:11 UTC<br/>2024-03-20 04:32:17 UTC</span></div>
</div>]]></description>
		<Style>
			<LineStyle>
				<color>ffffffff</color>
				<width>2</width>
			</LineStyle>
		</Style>
		<MultiGeometry>
			<LineString>
				<tessellate>1</tessellate>
				<coordinates>
					126.79026,37.56356,0 126.790764,37.563175,0 
				</coordinates>
			</LineString>
		</MultiGeometry>
	</Placemark>
	<Placemark>
		<name>P-302</name>
		<visibility>0</visibility>
		<description><![CDATA[<div><div><span><b>Altitude:</b></span> <span>0 ft</span></div>
<div><span><b>Speed:</b></span> <span>17 kt - 16 kt</span></div>
<div><span><b>Timestamp:</b></span><br/><span>2024-03-20 04:32:17 UTC<br/>2024-03-20 04:32:23 UTC</span></div>
</div>]]></description>
		<Style>
			<LineStyle>
				<color>ffffffff</color>
				<width>2</width>
			</LineStyle>
		</Style>
		<MultiGeometry>
			<LineString>
				<tessellate>1</tessellate>
				<coordinates>
					126.790764,37.563175,0 126.791321,37.563152,0 
				</coordinates>
			</LineString>
		</MultiGeometry>
	</Placemark>
	<Placemark>
		<name>P-303</name>
		<visibility>0</visibility>
		<description><![CDATA[<div><div><span><b>Altitude:</b></span> <span>0 ft</span></div>
<div><span><b>Speed:</b></span> <span>16 kt - 17 kt</span></div>
<div><span><b>Timestamp:</b></span><br/><span>2024-03-20 04:32:23 UTC<br/>2024-03-20 04:32:27 UTC</span></div>
</div>]]></description>
		<Style>
			<LineStyle>
				<color>ffffffff</color>
				<width>2</width>
			</LineStyle>
		</Style>
		<MultiGeometry>
			<LineString>
				<tessellate>1</tessellate>
				<coordinates>
					126.791321,37.563152,0 126.791618,37.563366,0 
				</coordinates>
			</LineString>
		</MultiGeometry>
	</Placemark>
	<Placemark>
		<name>P-304</name>
		<visibility>0</visibility>
		<description><![CDATA[<div><div><span><b>Altitude:</b></span> <span>0 ft</span></div>
<div><span><b>Speed:</b></span> <span>17 kt - 18 kt</span></div>
<div><span><b>Timestamp:</b></span><br/><span>2024-03-20 04:32:27 UTC<br/>2024-03-20 04:32:30 UTC</span></div>
</div>]]></description>
		<Style>
			<LineStyle>
				<color>ffffffff</color>
				<width>2</width>
			</LineStyle>
		</Style>
		<MultiGeometry>
			<LineString>
				<tessellate>1</tessellate>
				<coordinates>
					126.791618,37.563366,0 126.791855,37.563572,0 
				</coordinates>
			</LineString>
		</MultiGeometry>
	</Placemark>
	<Placemark>
		<name>P-305</name>
		<visibility>0</visibility>
		<description><![CDATA[<div><div><span><b>Altitude:</b></span> <span>0 ft</span></div>
<div><span><b>Speed:</b></span> <span>18 kt</span></div>
<div><span><b>Timestamp:</b></span><br/><span>2024-03-20 04:32:30 UTC<br/>2024-03-20 04:32:33 UTC</span></div>
</div>]]></description>
		<Style>
			<LineStyle>
				<color>ffffffff</color>
				<width>2</width>
			</LineStyle>
		</Style>
		<MultiGeometry>
			<LineString>
				<tessellate>1</tessellate>
				<coordinates>
					126.791855,37.563572,0 126.792076,37.563747,0 
				</coordinates>
			</LineString>
		</MultiGeometry>
	</Placemark>
	<Placemark>
		<name>P-306</name>
		<visibility>0</visibility>
		<description><![CDATA[<div><div><span><b>Altitude:</b></span> <span>0 ft</span></div>
<div><span><b>Speed:</b></span> <span>18 kt - 19 kt</span></div>
<div><span><b>Timestamp:</b></span><br/><span>2024-03-20 04:32:33 UTC<br/>2024-03-20 04:32:36 UTC</span></div>
</div>]]></description>
		<Style>
			<LineStyle>
				<color>ffffffff</color>
				<width>2</width>
			</LineStyle>
		</Style>
		<MultiGeometry>
			<LineString>
				<tessellate>1</tessellate>
				<coordinates>
					126.792076,37.563747,0 126.792305,37.563931,0 
				</coordinates>
			</LineString>
		</MultiGeometry>
	</Placemark>
	<Placemark>
		<name>P-307</name>
		<visibility>0</visibility>
		<description><![CDATA[<div><div><span><b>Altitude:</b></span> <span>0 ft</span></div>
<div><span><b>Speed:</b></span> <span>19 kt - 20 kt</span></div>
<div><span><b>Timestamp:</b></span><br/><span>2024-03-20 04:32:36 UTC<br/>2024-03-20 04:32:39 UTC</span></div>
</div>]]></description>
		<Style>
			<LineStyle>
				<color>ffffffff</color>
				<width>2</width>
			</LineStyle>
		</Style>
		<MultiGeometry>
			<LineString>
				<tessellate>1</tessellate>
				<coordinates>
					126.792305,37.563931,0 126.792603,37.564156,0 
				</coordinates>
			</LineString>
		</MultiGeometry>
	</Placemark>
	<Placemark>
		<name>P-308</name>
		<visibility>0</visibility>
		<description><![CDATA[<div><div><span><b>Altitude:</b></span> <span>0 ft</span></div>
<div><span><b>Speed:</b></span> <span>20 kt - 22 kt</span></div>
<div><span><b>Timestamp:</b></span><br/><span>2024-03-20 04:32:39 UTC<br/>2024-03-20 04:32:45 UTC</span></div>
</div>]]></description>
		<Style>
			<LineStyle>
				<color>ffffffff</color>
				<width>2</width>
			</LineStyle>
		</Style>
		<MultiGeometry>
			<LineString>
				<tessellate>1</tessellate>
				<coordinates>
					126.792603,37.564156,0 126.793129,37.564579,0 
				</coordinates>
			</LineString>
		</MultiGeometry>
	</Placemark>
	<Placemark>
		<name>P-309</name>
		<visibility>0</visibility>
		<description><![CDATA[<div><div><span><b>Altitude:</b></span> <span>0 ft</span></div>
<div><span><b>Speed:</b></span> <span>22 kt - 21 kt</span></div>
<div><span><b>Timestamp:</b></span><br/><span>2024-03-20 04:32:45 UTC<br/>2024-03-20 04:32:52 UTC</span></div>
</div>]]></description>
		<Style>
			<LineStyle>
				<color>ffffffff</color>
				<width>2</width>
			</LineStyle>
		</Style>
		<MultiGeometry>
			<LineString>
				<tessellate>1</tessellate>
				<coordinates>
					126.793129,37.564579,0 126.793785,37.565105,0 
				</coordinates>
			</LineString>
		</MultiGeometry>
	</Placemark>
	<Placemark>
		<name>P-310</name>
		<visibility>0</visibility>
		<description><![CDATA[<div><div><span><b>Altitude:</b></span> <span>0 ft</span></div>
<div><span><b>Speed:</b></span> <span>21 kt</span></div>
<div><span><b>Timestamp:</b></span><br/><span>2024-03-20 04:32:52 UTC<br/>2024-03-20 04:32:58 UTC</span></div>
</div>]]></description>
		<Style>
			<LineStyle>
				<color>ffffffff</color>
				<width>2</width>
			</LineStyle>
		</Style>
		<MultiGeometry>
			<LineString>
				<tessellate>1</tessellate>
				<coordinates>
					126.793785,37.565105,0 126.794334,37.565536,0 
				</coordinates>
			</LineString>
		</MultiGeometry>
	</Placemark>
	<Placemark>
		<name>P-311</name>
		<visibility>0</visibility>
		<description><![CDATA[<div><div><span><b>Altitude:</b></span> <span>0 ft</span></div>
<div><span><b>Speed:</b></span> <span>21 kt</span></div>
<div><span><b>Timestamp:</b></span><br/><span>2024-03-20 04:32:58 UTC<br/>2024-03-20 04:33:05 UTC</span></div>
</div>]]></description>
		<Style>
			<LineStyle>
				<color>ffffffff</color>
				<width>2</width>
			</LineStyle>
		</Style>
		<MultiGeometry>
			<LineString>
				<tessellate>1</tessellate>
				<coordinates>
					126.794334,37.565536,0 126.794907,37.565998,0 
				</coordinates>
			</LineString>
		</MultiGeometry>
	</Placemark>
	<Placemark>
		<name>P-312</name>
		<visibility>0</visibility>
		<description><![CDATA[<div><div><span><b>Altitude:</b></span> <span>0 ft</span></div>
<div><span><b>Speed:</b></span> <span>21 kt - 22 kt</span></div>
<div><span><b>Timestamp:</b></span><br/><span>2024-03-20 04:33:05 UTC<br/>2024-03-20 04:33:12 UTC</span></div>
</div>]]></description>
		<Style>
			<LineStyle>
				<color>ffffffff</color>
				<width>2</width>
			</LineStyle>
		</Style>
		<MultiGeometry>
			<LineString>
				<tessellate>1</tessellate>
				<coordinates>
					126.794907,37.565998,0 126.795609,37.566559,0 
				</coordinates>
			</LineString>
		</MultiGeometry>
	</Placemark>
	<Placemark>
		<name>P-313</name>
		<visibility>0</visibility>
		<description><![CDATA[<div><div><span><b>Altitude:</b></span> <span>0 ft</span></div>
<div><span><b>Speed:</b></span> <span>22 kt - 19 kt</span></div>
<div><span><b>Timestamp:</b></span><br/><span>2024-03-20 04:33:12 UTC<br/>2024-03-20 04:33:20 UTC</span></div>
</div>]]></description>
		<Style>
			<LineStyle>
				<color>ffffffff</color>
				<width>2</width>
			</LineStyle>
		</Style>
		<MultiGeometry>
			<LineString>
				<tessellate>1</tessellate>
				<coordinates>
					126.795609,37.566559,0 126.796211,37.567039,0 
				</coordinates>
			</LineString>
		</MultiGeometry>
	</Placemark>
	<Placemark>
		<name>P-314</name>
		<visibility>0</visibility>
		<description><![CDATA[<div><div><span><b>Altitude:</b></span> <span>0 ft</span></div>
<div><span><b>Speed:</b></span> <span>19 kt - 17 kt</span></div>
<div><span><b>Timestamp:</b></span><br/><span>2024-03-20 04:33:20 UTC<br/>2024-03-20 04:33:27 UTC</span></div>
</div>]]></description>
		<Style>
			<LineStyle>
				<color>ffffffff</color>
				<width>2</width>
			</LineStyle>
		</Style>
		<MultiGeometry>
			<LineString>
				<tessellate>1</tessellate>
				<coordinates>
					126.796211,37.567039,0 126.796722,37.567448,0 
				</coordinates>
			</LineString>
		</MultiGeometry>
	</Placemark>
	<Placemark>
		<name>P-315</name>
		<visibility>0</visibility>
		<description><![CDATA[<div><div><span><b>Altitude:</b></span> <span>0 ft</span></div>
<div><span><b>Speed:</b></span> <span>17 kt - 15 kt</span></div>
<div><span><b>Timestamp:</b></span><br/><span>2024-03-20 04:33:27 UTC<br/>2024-03-20 04:33:34 UTC</span></div>
</div>]]></description>
		<Style>
			<LineStyle>
				<color>ffffffff</color>
				<width>2</width>
			</LineStyle>
		</Style>
		<MultiGeometry>
			<LineString>
				<tessellate>1</tessellate>
				<coordinates>
					126.796722,37.567448,0 126.79718,37.567818,0 
				</coordinates>
			</LineString>
		</MultiGeometry>
	</Placemark>
	<Placemark>
		<name>P-316</name>
		<visibility>0</visibility>
		<description><![CDATA[<div><div><span><b>Altitude:</b></span> <span>0 ft</span></div>
<div><span><b>Speed:</b></span> <span>15 kt - 14 kt</span></div>
<div><span><b>Timestamp:</b></span><br/><span>2024-03-20 04:33:34 UTC<br/>2024-03-20 04:33:38 UTC</span></div>
</div>]]></description>
		<Style>
			<LineStyle>
				<color>ffffffff</color>
				<width>2</width>
			</LineStyle>
		</Style>
		<MultiGeometry>
			<LineString>
				<tessellate>1</tessellate>
				<coordinates>
					126.79718,37.567818,0 126.797447,37.567955,0 
				</coordinates>
			</LineString>
		</MultiGeometry>
	</Placemark>
	<Placemark>
		<name>P-317</name>
		<visibility>0</visibility>
		<description><![CDATA[<div><div><span><b>Altitude:</b></span> <span>0 ft</span></div>
<div><span><b>Speed:</b></span> <span>14 kt - 15 kt</span></div>
<div><span><b>Timestamp:</b></span><br/><span>2024-03-20 04:33:38 UTC<br/>2024-03-20 04:33:40 UTC</span></div>
</div>]]></description>
		<Style>
			<LineStyle>
				<color>ffffffff</color>
				<width>2</width>
			</LineStyle>
		</Style>
		<MultiGeometry>
			<LineString>
				<tessellate>1</tessellate>
				<coordinates>
					126.797447,37.567955,0 126.797661,37.56797,0 
				</coordinates>
			</LineString>
		</MultiGeometry>
	</Placemark>
	<Placemark>
		<name>P-318</name>
		<visibility>0</visibility>
		<description><![CDATA[<div><div><span><b>Altitude:</b></span> <span>0 ft</span></div>
<div><span><b>Speed:</b></span> <span>15 kt</span></div>
<div><span><b>Timestamp:</b></span><br/><span>2024-03-20 04:33:40 UTC<br/>2024-03-20 04:33:43 UTC</span></div>
</div>]]></description>
		<Style>
			<LineStyle>
				<color>ffffffff</color>
				<width>2</width>
			</LineStyle>
		</Style>
		<MultiGeometry>
			<LineString>
				<tessellate>1</tessellate>
				<coordinates>
					126.797661,37.56797,0 126.797913,37.567902,0 
				</coordinates>
			</LineString>
		</MultiGeometry>
	</Placemark>
	<Placemark>
		<name>P-319</name>
		<visibility>0</visibility>
		<description><![CDATA[<div><div><span><b>Altitude:</b></span> <span>0 ft</span></div>
<div><span><b>Speed:</b></span> <span>15 kt</span></div>
<div><span><b>Timestamp:</b></span><br/><span>2024-03-20 04:33:43 UTC<br/>2024-03-20 04:33:47 UTC</span></div>
</div>]]></description>
		<Style>
			<LineStyle>
				<color>ffffffff</color>
				<width>2</width>
			</LineStyle>
		</Style>
		<MultiGeometry>
			<LineString>
				<tessellate>1</tessellate>
				<coordinates>
					126.797913,37.567902,0 126.798172,37.567726,0 
				</coordinates>
			</LineString>
		</MultiGeometry>
	</Placemark>
	<Placemark>
		<name>P-320</name>
		<visibility>0</visibility>
		<description><![CDATA[<div><div><span><b>Altitude:</b></span> <span>0 ft</span></div>
<div><span><b>Speed:</b></span> <span>15 kt</span></div>
<div><span><b>Timestamp:</b></span><br/><span>2024-03-20 04:33:47 UTC<br/>2024-03-20 04:33:51 UTC</span></div>
</div>]]></description>
		<Style>
			<LineStyle>
				<color>ffffffff</color>
				<width>2</width>
			</LineStyle>
		</Style>
		<MultiGeometry>
			<LineString>
				<tessellate>1</tessellate>
				<coordinates>
					126.798172,37.567726,0 126.798439,37.567493,0 
				</coordinates>
			</LineString>
		</MultiGeometry>
	</Placemark>
	<Placemark>
		<name>P-321</name>
		<visibility>0</visibility>
		<description><![CDATA[<div><div><span><b>Altitude:</b></span> <span>0 ft</span></div>
<div><span><b>Speed:</b></span> <span>15 kt</span></div>
<div><span><b>Timestamp:</b></span><br/><span>2024-03-20 04:33:51 UTC<br/>2024-03-20 04:33:55 UTC</span></div>
</div>]]></description>
		<Style>
			<LineStyle>
				<color>ffffffff</color>
				<width>2</width>
			</LineStyle>
		</Style>
		<MultiGeometry>
			<LineString>
				<tessellate>1</tessellate>
				<coordinates>
					126.798439,37.567493,0 126.798676,37.567314,0 
				</coordinates>
			</LineString>
		</MultiGeometry>
	</Placemark>
	<Placemark>
		<name>P-322</name>
		<visibility>0</visibility>
		<description><![CDATA[<div><div><span><b>Altitude:</b></span> <span>0 ft</span></div>
<div><span><b>Speed:</b></span> <span>15 kt - 14 kt</span></div>
<div><span><b>Timestamp:</b></span><br/><span>2024-03-20 04:33:55 UTC<br/>2024-03-20 04:34:00 UTC</span></div>
</div>]]></description>
		<Style>
			<LineStyle>
				<color>ffffffff</color>
				<width>2</width>
			</LineStyle>
		</Style>
		<MultiGeometry>
			<LineString>
				<tessellate>1</tessellate>
				<coordinates>
					126.798676,37.567314,0 126.799088,37.567154,0 
				</coordinates>
			</LineString>
		</MultiGeometry>
	</Placemark>
	<Placemark>
		<name>P-323</name>
		<visibility>0</visibility>
		<description><![CDATA[<div><div><span><b>Altitude:</b></span> <span>0 ft</span></div>
<div><span><b>Speed:</b></span> <span>14 kt - 15 kt</span></div>
<div><span><b>Timestamp:</b></span><br/><span>2024-03-20 04:34:00 UTC<br/>2024-03-20 04:34:03 UTC</span></div>
</div>]]></description>
		<Style>
			<LineStyle>
				<color>ffffffff</color>
				<width>2</width>
			</LineStyle>
		</Style>
		<MultiGeometry>
			<LineString>
				<tessellate>1</tessellate>
				<coordinates>
					126.799088,37.567154,0 126.799332,37.567192,0 
				</coordinates>
			</LineString>
		</MultiGeometry>
	</Placemark>
	<Placemark>
		<name>P-324</name>
		<visibility>0</visibility>
		<description><![CDATA[<div><div><span><b>Altitude:</b></span> <span>0 ft</span></div>
<div><span><b>Speed:</b></span> <span>15 kt</span></div>
<div><span><b>Timestamp:</b></span><br/><span>2024-03-20 04:34:03 UTC<br/>2024-03-20 04:34:07 UTC</span></div>
</div>]]></description>
		<Style>
			<LineStyle>
				<color>ffffffff</color>
				<width>2</width>
			</LineStyle>
		</Style>
		<MultiGeometry>
			<LineString>
				<tessellate>1</tessellate>
				<coordinates>
					126.799332,37.567192,0 126.799583,37.56736,0 
				</coordinates>
			</LineString>
		</MultiGeometry>
	</Placemark>
	<Placemark>
		<name>P-325</name>
		<visibility>0</visibility>
		<description><![CDATA[<div><div><span><b>Altitude:</b></span> <span>0 ft</span></div>
<div><span><b>Speed:</b></span> <span>15 kt</span></div>
<div><span><b>Timestamp:</b></span><br/><span>2024-03-20 04:34:07 UTC<br/>2024-03-20 04:34:11 UTC</span></div>
</div>]]></description>
		<Style>
			<LineStyle>
				<color>ffffffff</color>
				<width>2</width>
			</LineStyle>
		</Style>
		<MultiGeometry>
			<LineString>
				<tessellate>1</tessellate>
				<coordinates>
					126.799583,37.56736,0 126.799843,37.567574,0 
				</coordinates>
			</LineString>
		</MultiGeometry>
	</Placemark>
	<Placemark>
		<name>P-326</name>
		<visibility>0</visibility>
		<description><![CDATA[<div><div><span><b>Altitude:</b></span> <span>0 ft</span></div>
<div><span><b>Speed:</b></span> <span>15 kt</span></div>
<div><span><b>Timestamp:</b></span><br/><span>2024-03-20 04:34:11 UTC<br/>2024-03-20 04:34:15 UTC</span></div>
</div>]]></description>
		<Style>
			<LineStyle>
				<color>ffffffff</color>
				<width>2</width>
			</LineStyle>
		</Style>
		<MultiGeometry>
			<LineString>
				<tessellate>1</tessellate>
				<coordinates>
					126.799843,37.567574,0 126.800095,37.567783,0 
				</coordinates>
			</LineString>
		</MultiGeometry>
	</Placemark>
	<Placemark>
		<name>P-327</name>
		<visibility>0</visibility>
		<description><![CDATA[<div><div><span><b>Altitude:</b></span> <span>0 ft</span></div>
<div><span><b>Speed:</b></span> <span>15 kt - 16 kt</span></div>
<div><span><b>Timestamp:</b></span><br/><span>2024-03-20 04:34:15 UTC<br/>2024-03-20 04:34:18 UTC</span></div>
</div>]]></description>
		<Style>
			<LineStyle>
				<color>ffffffff</color>
				<width>2</width>
			</LineStyle>
		</Style>
		<MultiGeometry>
			<LineString>
				<tessellate>1</tessellate>
				<coordinates>
					126.800095,37.567783,0 126.800316,37.567944,0 
				</coordinates>
			</LineString>
		</MultiGeometry>
	</Placemark>
	<Placemark>
		<name>P-328</name>
		<visibility>0</visibility>
		<description><![CDATA[<div><div><span><b>Altitude:</b></span> <span>0 ft</span></div>
<div><span><b>Speed:</b></span> <span>16 kt</span></div>
<div><span><b>Timestamp:</b></span><br/><span>2024-03-20 04:34:18 UTC<br/>2024-03-20 04:34:22 UTC</span></div>
</div>]]></description>
		<Style>
			<LineStyle>
				<color>ffffffff</color>
				<width>2</width>
			</LineStyle>
		</Style>
		<MultiGeometry>
			<LineString>
				<tessellate>1</tessellate>
				<coordinates>
					126.800316,37.567944,0 126.800545,37.568138,0 
				</coordinates>
			</LineString>
		</MultiGeometry>
	</Placemark>
	<Placemark>
		<name>P-329</name>
		<visibility>0</visibility>
		<description><![CDATA[<div><div><span><b>Altitude:</b></span> <span>0 ft</span></div>
<div><span><b>Speed:</b></span> <span>16 kt - 13 kt</span></div>
<div><span><b>Timestamp:</b></span><br/><span>2024-03-20 04:34:22 UTC<br/>2024-03-20 04:34:31 UTC</span></div>
</div>]]></description>
		<Style>
			<LineStyle>
				<color>ffffffff</color>
				<width>2</width>
			</LineStyle>
		</Style>
		<MultiGeometry>
			<LineString>
				<tessellate>1</tessellate>
				<coordinates>
					126.800545,37.568138,0 126.801064,37.568554,0 
				</coordinates>
			</LineString>
		</MultiGeometry>
	</Placemark>
	<Placemark>
		<name>P-330</name>
		<visibility>0</visibility>
		<description><![CDATA[<div><div><span><b>Altitude:</b></span> <span>0 ft</span></div>
<div><span><b>Speed:</b></span> <span>13 kt - 12 kt</span></div>
<div><span><b>Timestamp:</b></span><br/><span>2024-03-20 04:34:31 UTC<br/>2024-03-20 04:34:35 UTC</span></div>
</div>]]></description>
		<Style>
			<LineStyle>
				<color>ffffffff</color>
				<width>2</width>
			</LineStyle>
		</Style>
		<MultiGeometry>
			<LineString>
				<tessellate>1</tessellate>
				<coordinates>
					126.801064,37.568554,0 126.8013,37.568737,0 
				</coordinates>
			</LineString>
		</MultiGeometry>
	</Placemark>
	<Placemark>
		<name>P-331</name>
		<visibility>0</visibility>
		<description><![CDATA[<div><div><span><b>Altitude:</b></span> <span>0 ft</span></div>
<div><span><b>Speed:</b></span> <span>12 kt - 13 kt</span></div>
<div><span><b>Timestamp:</b></span><br/><span>2024-03-20 04:34:35 UTC<br/>2024-03-20 04:34:40 UTC</span></div>
</div>]]></description>
		<Style>
			<LineStyle>
				<color>ffffffff</color>
				<width>2</width>
			</LineStyle>
		</Style>
		<MultiGeometry>
			<LineString>
				<tessellate>1</tessellate>
				<coordinates>
					126.8013,37.568737,0 126.801407,37.568974,0 
				</coordinates>
			</LineString>
		</MultiGeometry>
	</Placemark>
	<Placemark>
		<name>P-332</name>
		<visibility>0</visibility>
		<description><![CDATA[<div><div><span><b>Altitude:</b></span> <span>0 ft</span></div>
<div><span><b>Speed:</b></span> <span>13 kt - 12 kt</span></div>
<div><span><b>Timestamp:</b></span><br/><span>2024-03-20 04:34:40 UTC<br/>2024-03-20 04:34:44 UTC</span></div>
</div>]]></description>
		<Style>
			<LineStyle>
				<color>ffffffff</color>
				<width>2</width>
			</LineStyle>
		</Style>
		<MultiGeometry>
			<LineString>
				<tessellate>1</tessellate>
				<coordinates>
					126.801407,37.568974,0 126.801308,37.569225,0 
				</coordinates>
			</LineString>
		</MultiGeometry>
	</Placemark>
	<Placemark>
		<name>P-333</name>
		<visibility>0</visibility>
		<description><![CDATA[<div><div><span><b>Altitude:</b></span> <span>0 ft</span></div>
<div><span><b>Speed:</b></span> <span>12 kt</span></div>
<div><span><b>Timestamp:</b></span><br/><span>2024-03-20 04:34:44 UTC<br/>2024-03-20 04:34:49 UTC</span></div>
</div>]]></description>
		<Style>
			<LineStyle>
				<color>ffffffff</color>
				<width>2</width>
			</LineStyle>
		</Style>
		<MultiGeometry>
			<LineString>
				<tessellate>1</tessellate>
				<coordinates>
					126.801308,37.569225,0 126.801056,37.569431,0 
				</coordinates>
			</LineString>
		</MultiGeometry>
	</Placemark>
	<Placemark>
		<name>P-334</name>
		<visibility>0</visibility>
		<description><![CDATA[<div><div><span><b>Altitude:</b></span> <span>0 ft</span></div>
<div><span><b>Speed:</b></span> <span>12 kt - 10 kt</span></div>
<div><span><b>Timestamp:</b></span><br/><span>2024-03-20 04:34:49 UTC<br/>2024-03-20 04:34:55 UTC</span></div>
</div>]]></description>
		<Style>
			<LineStyle>
				<color>ffffffff</color>
				<width>2</width>
			</LineStyle>
		</Style>
		<MultiGeometry>
			<LineString>
				<tessellate>1</tessellate>
				<coordinates>
					126.801056,37.569431,0 126.800827,37.569637,0 
				</coordinates>
			</LineString>
		</MultiGeometry>
	</Placemark>
	<Placemark>
		<name>P-335</name>
		<visibility>0</visibility>
		<description><![CDATA[<div><div><span><b>Altitude:</b></span> <span>0 ft</span></div>
<div><span><b>Speed:</b></span> <span>10 kt</span></div>
<div><span><b>Timestamp:</b></span><br/><span>2024-03-20 04:34:55 UTC<br/>2024-03-20 04:35:00 UTC</span></div>
</div>]]></description>
		<Style>
			<LineStyle>
				<color>ffffffff</color>
				<width>2</width>
			</LineStyle>
		</Style>
		<MultiGeometry>
			<LineString>
				<tessellate>1</tessellate>
				<coordinates>
					126.800827,37.569637,0 126.80088,37.569855,0 
				</coordinates>
			</LineString>
		</MultiGeometry>
	</Placemark>
	<Placemark>
		<name>P-336</name>
		<visibility>0</visibility>
		<description><![CDATA[<div><div><span><b>Altitude:</b></span> <span>0 ft</span></div>
<div><span><b>Speed:</b></span> <span>10 kt</span></div>
<div><span><b>Timestamp:</b></span><br/><span>2024-03-20 04:35:00 UTC<br/>2024-03-20 04:35:05 UTC</span></div>
</div>]]></description>
		<Style>
			<LineStyle>
				<color>ffffffff</color>
				<width>2</width>
			</LineStyle>
		</Style>
		<MultiGeometry>
			<LineString>
				<tessellate>1</tessellate>
				<coordinates>
					126.80088,37.569855,0 126.801086,37.570026,0 
				</coordinates>
			</LineString>
		</MultiGeometry>
	</Placemark>
	<Placemark>
		<name>P-337</name>
		<visibility>0</visibility>
		<description><![CDATA[<div><div><span><b>Altitude:</b></span> <span>0 ft</span></div>
<div><span><b>Speed:</b></span> <span>10 kt - 7 kt</span></div>
<div><span><b>Timestamp:</b></span><br/><span>2024-03-20 04:35:05 UTC<br/>2024-03-20 04:35:12 UTC</span></div>
</div>]]></description>
		<Style>
			<LineStyle>
				<color>ffffffff</color>
				<width>2</width>
			</LineStyle>
		</Style>
		<MultiGeometry>
			<LineString>
				<tessellate>1</tessellate>
				<coordinates>
					126.801086,37.570026,0 126.801315,37.570206,0 
				</coordinates>
			</LineString>
		</MultiGeometry>
	</Placemark>
	<Placemark>
		<name>P-338</name>
		<visibility>0</visibility>
		<description><![CDATA[<div><div><span><b>Altitude:</b></span> <span>0 ft</span></div>
<div><span><b>Speed:</b></span> <span>7 kt - 3 kt</span></div>
<div><span><b>Timestamp:</b></span><br/><span>2024-03-20 04:35:12 UTC<br/>2024-03-20 04:35:21 UTC</span></div>
</div>]]></description>
		<Style>
			<LineStyle>
				<color>ffffffff</color>
				<width>2</width>
			</LineStyle>
		</Style>
		<MultiGeometry>
			<LineString>
				<tessellate>1</tessellate>
				<coordinates>
					126.801315,37.570206,0 126.801231,37.56868,0 
				</coordinates>
			</LineString>
		</MultiGeometry>
	</Placemark>
	<atom:link rel="app" href="https://www.google.com/earth/about/versions/#earth-pro" title="Google Earth Pro 7.3.7.1155"></atom:link>
</Folder>
</kml>
