<?xml version="1.0" encoding="UTF-8"?>
<kml xmlns="http://www.opengis.net/kml/2.2" xmlns:gx="http://www.google.com/kml/ext/2.2" xmlns:kml="http://www.opengis.net/kml/2.2" xmlns:atom="http://www.w3.org/2005/Atom">
<Document>
	<name>GMP-KAE방향 RWY14.kml</name>
	<StyleMap id="m_ylw-pushpin100">
		<Pair>
			<key>normal</key>
			<styleUrl>#s_ylw-pushpin01</styleUrl>
		</Pair>
		<Pair>
			<key>highlight</key>
			<styleUrl>#s_ylw-pushpin_hl1000</styleUrl>
		</Pair>
	</StyleMap>
	<Style id="s_ylw-pushpin01">
		<IconStyle>
			<scale>1.2</scale>
			<Icon>
				<href>http://maps.google.com/mapfiles/kml/shapes/arrow.png</href>
			</Icon>
			<hotSpot x="32" y="1" xunits="pixels" yunits="pixels"/>
		</IconStyle>
		<LabelStyle>
			<color>ffffaaff</color>
		</LabelStyle>
	</Style>
	<Style id="s_ylw-pushpin_hl1000">
		<IconStyle>
			<scale>1.4</scale>
			<Icon>
				<href>http://maps.google.com/mapfiles/kml/shapes/arrow.png</href>
			</Icon>
			<hotSpot x="32" y="1" xunits="pixels" yunits="pixels"/>
		</IconStyle>
		<LabelStyle>
			<color>ffffaaff</color>
		</LabelStyle>
	</Style>
	<Folder>
		<name>GMP-KAE방향 RWY14</name>
		<visibility>0</visibility>
		<Placemark>
			<name>P-1</name>
			<visibility>0</visibility>
			<description><![CDATA[<div><div><span><b>Altitude:</b></span> <span>0 ft</span></div>
<div><span><b>Speed:</b></span> <span>0 kt - 2 kt</span></div>
<div><span><b>Timestamp:</b></span><br/><span>2023-12-03 22:53:43 UTC<br/>2023-12-03 23:09:35 UTC</span></div>
</div>]]></description>
			<Style>
				<LineStyle>
					<color>88000000</color>
					<width>2</width>
				</LineStyle>
			</Style>
			<MultiGeometry>
				<LineString>
					<tessellate>1</tessellate>
					<coordinates>
						126.80217,37.569729,0 126.801888,37.569496,0 
					</coordinates>
				</LineString>
			</MultiGeometry>
		</Placemark>
		<Placemark>
			<name>P-2</name>
			<visibility>0</visibility>
			<description><![CDATA[<div><div><span><b>Altitude:</b></span> <span>0 ft</span></div>
<div><span><b>Speed:</b></span> <span>2 kt - 0 kt</span></div>
<div><span><b>Timestamp:</b></span><br/><span>2023-12-03 23:09:35 UTC<br/>2023-12-03 23:09:58 UTC</span></div>
</div>]]></description>
			<Style>
				<LineStyle>
					<color>ffffffff</color>
					<width>2</width>
				</LineStyle>
			</Style>
			<MultiGeometry>
				<LineString>
					<tessellate>1</tessellate>
					<coordinates>
						126.801888,37.569496,0 126.801613,37.569397,0 
					</coordinates>
				</LineString>
			</MultiGeometry>
		</Placemark>
		<Placemark>
			<name>P-3</name>
			<visibility>0</visibility>
			<description><![CDATA[<div><div><span><b>Altitude:</b></span> <span>0 ft</span></div>
<div><span><b>Speed:</b></span> <span>0 kt - 2 kt</span></div>
<div><span><b>Timestamp:</b></span><br/><span>2023-12-03 23:09:58 UTC<br/>2023-12-03 23:10:13 UTC</span></div>
</div>]]></description>
			<Style>
				<LineStyle>
					<color>ffffffff</color>
					<width>2</width>
				</LineStyle>
			</Style>
			<MultiGeometry>
				<LineString>
					<tessellate>1</tessellate>
					<coordinates>
						126.801613,37.569397,0 126.801407,37.569386,0 
					</coordinates>
				</LineString>
			</MultiGeometry>
		</Placemark>
		<Placemark>
			<name>P-4</name>
			<visibility>0</visibility>
			<description><![CDATA[<div><div><span><b>Altitude:</b></span> <span>0 ft</span></div>
<div><span><b>Speed:</b></span> <span>2 kt - 1 kt</span></div>
<div><span><b>Timestamp:</b></span><br/><span>2023-12-03 23:10:13 UTC<br/>2023-12-03 23:10:32 UTC</span></div>
</div>]]></description>
			<Style>
				<LineStyle>
					<color>ffffffff</color>
					<width>2</width>
				</LineStyle>
			</Style>
			<MultiGeometry>
				<LineString>
					<tessellate>1</tessellate>
					<coordinates>
						126.801407,37.569386,0 126.801186,37.569424,0 
					</coordinates>
				</LineString>
			</MultiGeometry>
		</Placemark>
		<Placemark>
			<name>P-5</name>
			<visibility>0</visibility>
			<description><![CDATA[<div><div><span><b>Altitude:</b></span> <span>0 ft</span></div>
<div><span><b>Speed:</b></span> <span>1 kt - 2 kt</span></div>
<div><span><b>Timestamp:</b></span><br/><span>2023-12-03 23:10:32 UTC<br/>2023-12-03 23:11:37 UTC</span></div>
</div>]]></description>
			<Style>
				<LineStyle>
					<color>ffffffff</color>
					<width>2</width>
				</LineStyle>
			</Style>
			<MultiGeometry>
				<LineString>
					<tessellate>1</tessellate>
					<coordinates>
						126.801186,37.569424,0 126.801392,37.569214,0 
					</coordinates>
				</LineString>
			</MultiGeometry>
		</Placemark>
		<Placemark>
			<name>P-6</name>
			<visibility>0</visibility>
			<description><![CDATA[<div><div><span><b>Altitude:</b></span> <span>0 ft</span></div>
<div><span><b>Speed:</b></span> <span>2 kt</span></div>
<div><span><b>Timestamp:</b></span><br/><span>2023-12-03 23:11:37 UTC<br/>2023-12-03 23:11:59 UTC</span></div>
</div>]]></description>
			<Style>
				<LineStyle>
					<color>ffffffff</color>
					<width>2</width>
				</LineStyle>
			</Style>
			<MultiGeometry>
				<LineString>
					<tessellate>1</tessellate>
					<coordinates>
						126.801392,37.569214,0 126.801468,37.569008,0 
					</coordinates>
				</LineString>
			</MultiGeometry>
		</Placemark>
		<Placemark>
			<name>P-7</name>
			<visibility>0</visibility>
			<description><![CDATA[<div><div><span><b>Altitude:</b></span> <span>0 ft</span></div>
<div><span><b>Speed:</b></span> <span>2 kt</span></div>
<div><span><b>Timestamp:</b></span><br/><span>2023-12-03 23:11:59 UTC<br/>2023-12-03 23:12:22 UTC</span></div>
</div>]]></description>
			<Style>
				<LineStyle>
					<color>ffffffff</color>
					<width>2</width>
				</LineStyle>
			</Style>
			<MultiGeometry>
				<LineString>
					<tessellate>1</tessellate>
					<coordinates>
						126.801468,37.569008,0 126.801468,37.568798,0 
					</coordinates>
				</LineString>
			</MultiGeometry>
		</Placemark>
		<Placemark>
			<name>P-8</name>
			<visibility>0</visibility>
			<description><![CDATA[<div><div><span><b>Altitude:</b></span> <span>0 ft</span></div>
<div><span><b>Speed:</b></span> <span>2 kt</span></div>
<div><span><b>Timestamp:</b></span><br/><span>2023-12-03 23:12:22 UTC<br/>2023-12-03 23:12:48 UTC</span></div>
</div>]]></description>
			<Style>
				<LineStyle>
					<color>ffffffff</color>
					<width>2</width>
				</LineStyle>
			</Style>
			<MultiGeometry>
				<LineString>
					<tessellate>1</tessellate>
					<coordinates>
						126.801468,37.568798,0 126.801247,37.56863,0 
					</coordinates>
				</LineString>
			</MultiGeometry>
		</Placemark>
		<Placemark>
			<name>P-9</name>
			<visibility>0</visibility>
			<description><![CDATA[<div><div><span><b>Altitude:</b></span> <span>0 ft</span></div>
<div><span><b>Speed:</b></span> <span>2 kt</span></div>
<div><span><b>Timestamp:</b></span><br/><span>2023-12-03 23:12:48 UTC<br/>2023-12-03 23:13:09 UTC</span></div>
</div>]]></description>
			<Style>
				<LineStyle>
					<color>ffffffff</color>
					<width>2</width>
				</LineStyle>
			</Style>
			<MultiGeometry>
				<LineString>
					<tessellate>1</tessellate>
					<coordinates>
						126.801247,37.56863,0 126.801041,37.56847,0 
					</coordinates>
				</LineString>
			</MultiGeometry>
		</Placemark>
		<Placemark>
			<name>P-10</name>
			<visibility>0</visibility>
			<description><![CDATA[<div><div><span><b>Altitude:</b></span> <span>0 ft</span></div>
<div><span><b>Speed:</b></span> <span>2 kt</span></div>
<div><span><b>Timestamp:</b></span><br/><span>2023-12-03 23:13:09 UTC<br/>2023-12-03 23:13:32 UTC</span></div>
</div>]]></description>
			<Style>
				<LineStyle>
					<color>ffffffff</color>
					<width>2</width>
				</LineStyle>
			</Style>
			<MultiGeometry>
				<LineString>
					<tessellate>1</tessellate>
					<coordinates>
						126.801041,37.56847,0 126.800827,37.568321,0 
					</coordinates>
				</LineString>
			</MultiGeometry>
		</Placemark>
		<Placemark>
			<name>P-11</name>
			<visibility>0</visibility>
			<description><![CDATA[<div><div><span><b>Altitude:</b></span> <span>0 ft</span></div>
<div><span><b>Speed:</b></span> <span>2 kt</span></div>
<div><span><b>Timestamp:</b></span><br/><span>2023-12-03 23:13:32 UTC<br/>2023-12-03 23:13:56 UTC</span></div>
</div>]]></description>
			<Style>
				<LineStyle>
					<color>ffffffff</color>
					<width>2</width>
				</LineStyle>
			</Style>
			<MultiGeometry>
				<LineString>
					<tessellate>1</tessellate>
					<coordinates>
						126.800827,37.568321,0 126.800621,37.568172,0 
					</coordinates>
				</LineString>
			</MultiGeometry>
		</Placemark>
		<Placemark>
			<name>P-12</name>
			<visibility>0</visibility>
			<description><![CDATA[<div><div><span><b>Altitude:</b></span> <span>0 ft</span></div>
<div><span><b>Speed:</b></span> <span>2 kt - 0 kt</span></div>
<div><span><b>Timestamp:</b></span><br/><span>2023-12-03 23:13:56 UTC<br/>2023-12-03 23:17:31 UTC</span></div>
</div>]]></description>
			<Style>
				<LineStyle>
					<color>ffffffff</color>
					<width>2</width>
				</LineStyle>
			</Style>
			<MultiGeometry>
				<LineString>
					<tessellate>1</tessellate>
					<coordinates>
						126.800621,37.568172,0 126.800377,37.56797,0 
					</coordinates>
				</LineString>
			</MultiGeometry>
		</Placemark>
		<Placemark>
			<name>P-13</name>
			<visibility>0</visibility>
			<description><![CDATA[<div><div><span><b>Altitude:</b></span> <span>0 ft</span></div>
<div><span><b>Speed:</b></span> <span>0 kt - 8 kt</span></div>
<div><span><b>Timestamp:</b></span><br/><span>2023-12-03 23:17:31 UTC<br/>2023-12-03 23:17:40 UTC</span></div>
</div>]]></description>
			<Style>
				<LineStyle>
					<color>ffffffff</color>
					<width>2</width>
				</LineStyle>
			</Style>
			<MultiGeometry>
				<LineString>
					<tessellate>1</tessellate>
					<coordinates>
						126.800377,37.56797,0 126.80011,37.56776,0 
					</coordinates>
				</LineString>
			</MultiGeometry>
		</Placemark>
		<Placemark>
			<name>P-14</name>
			<visibility>0</visibility>
			<description><![CDATA[<div><div><span><b>Altitude:</b></span> <span>0 ft</span></div>
<div><span><b>Speed:</b></span> <span>8 kt - 10 kt</span></div>
<div><span><b>Timestamp:</b></span><br/><span>2023-12-03 23:17:40 UTC<br/>2023-12-03 23:17:47 UTC</span></div>
</div>]]></description>
			<Style>
				<LineStyle>
					<color>ffffffff</color>
					<width>2</width>
				</LineStyle>
			</Style>
			<MultiGeometry>
				<LineString>
					<tessellate>1</tessellate>
					<coordinates>
						126.80011,37.56776,0 126.799858,37.567551,0 
					</coordinates>
				</LineString>
			</MultiGeometry>
		</Placemark>
		<Placemark>
			<name>P-15</name>
			<visibility>0</visibility>
			<description><![CDATA[<div><div><span><b>Altitude:</b></span> <span>0 ft</span></div>
<div><span><b>Speed:</b></span> <span>10 kt - 12 kt</span></div>
<div><span><b>Timestamp:</b></span><br/><span>2023-12-03 23:17:47 UTC<br/>2023-12-03 23:17:55 UTC</span></div>
</div>]]></description>
			<Style>
				<LineStyle>
					<color>ffffffff</color>
					<width>2</width>
				</LineStyle>
			</Style>
			<MultiGeometry>
				<LineString>
					<tessellate>1</tessellate>
					<coordinates>
						126.799858,37.567551,0 126.799469,37.567257,0 
					</coordinates>
				</LineString>
			</MultiGeometry>
		</Placemark>
		<Placemark>
			<name>P-16</name>
			<visibility>0</visibility>
			<description><![CDATA[<div><div><span><b>Altitude:</b></span> <span>0 ft</span></div>
<div><span><b>Speed:</b></span> <span>12 kt</span></div>
<div><span><b>Timestamp:</b></span><br/><span>2023-12-03 23:17:55 UTC<br/>2023-12-03 23:18:02 UTC</span></div>
</div>]]></description>
			<Style>
				<LineStyle>
					<color>ffffffff</color>
					<width>2</width>
				</LineStyle>
			</Style>
			<MultiGeometry>
				<LineString>
					<tessellate>1</tessellate>
					<coordinates>
						126.799469,37.567257,0 126.79911,37.566971,0 
					</coordinates>
				</LineString>
			</MultiGeometry>
		</Placemark>
		<Placemark>
			<name>P-17</name>
			<visibility>0</visibility>
			<description><![CDATA[<div><div><span><b>Altitude:</b></span> <span>0 ft</span></div>
<div><span><b>Speed:</b></span> <span>12 kt - 13 kt</span></div>
<div><span><b>Timestamp:</b></span><br/><span>2023-12-03 23:18:02 UTC<br/>2023-12-03 23:18:09 UTC</span></div>
</div>]]></description>
			<Style>
				<LineStyle>
					<color>ffffffff</color>
					<width>2</width>
				</LineStyle>
			</Style>
			<MultiGeometry>
				<LineString>
					<tessellate>1</tessellate>
					<coordinates>
						126.79911,37.566971,0 126.798737,37.566685,0 
					</coordinates>
				</LineString>
			</MultiGeometry>
		</Placemark>
		<Placemark>
			<name>P-18</name>
			<visibility>0</visibility>
			<description><![CDATA[<div><div><span><b>Altitude:</b></span> <span>0 ft</span></div>
<div><span><b>Speed:</b></span> <span>13 kt</span></div>
<div><span><b>Timestamp:</b></span><br/><span>2023-12-03 23:18:09 UTC<br/>2023-12-03 23:18:16 UTC</span></div>
</div>]]></description>
			<Style>
				<LineStyle>
					<color>ffffffff</color>
					<width>2</width>
				</LineStyle>
			</Style>
			<MultiGeometry>
				<LineString>
					<tessellate>1</tessellate>
					<coordinates>
						126.798737,37.566685,0 126.798363,37.566376,0 
					</coordinates>
				</LineString>
			</MultiGeometry>
		</Placemark>
		<Placemark>
			<name>P-19</name>
			<visibility>0</visibility>
			<description><![CDATA[<div><div><span><b>Altitude:</b></span> <span>0 ft</span></div>
<div><span><b>Speed:</b></span> <span>13 kt</span></div>
<div><span><b>Timestamp:</b></span><br/><span>2023-12-03 23:18:16 UTC<br/>2023-12-03 23:18:23 UTC</span></div>
</div>]]></description>
			<Style>
				<LineStyle>
					<color>ffffffff</color>
					<width>2</width>
				</LineStyle>
			</Style>
			<MultiGeometry>
				<LineString>
					<tessellate>1</tessellate>
					<coordinates>
						126.798363,37.566376,0 126.797989,37.566078,0 
					</coordinates>
				</LineString>
			</MultiGeometry>
		</Placemark>
		<Placemark>
			<name>P-20</name>
			<visibility>0</visibility>
			<description><![CDATA[<div><div><span><b>Altitude:</b></span> <span>0 ft</span></div>
<div><span><b>Speed:</b></span> <span>13 kt</span></div>
<div><span><b>Timestamp:</b></span><br/><span>2023-12-03 23:18:23 UTC<br/>2023-12-03 23:18:30 UTC</span></div>
</div>]]></description>
			<Style>
				<LineStyle>
					<color>ffffffff</color>
					<width>2</width>
				</LineStyle>
			</Style>
			<MultiGeometry>
				<LineString>
					<tessellate>1</tessellate>
					<coordinates>
						126.797989,37.566078,0 126.797592,37.565758,0 
					</coordinates>
				</LineString>
			</MultiGeometry>
		</Placemark>
		<Placemark>
			<name>P-21</name>
			<visibility>0</visibility>
			<description><![CDATA[<div><div><span><b>Altitude:</b></span> <span>0 ft</span></div>
<div><span><b>Speed:</b></span> <span>13 kt - 14 kt</span></div>
<div><span><b>Timestamp:</b></span><br/><span>2023-12-03 23:18:30 UTC<br/>2023-12-03 23:18:37 UTC</span></div>
</div>]]></description>
			<Style>
				<LineStyle>
					<color>ffffffff</color>
					<width>2</width>
				</LineStyle>
			</Style>
			<MultiGeometry>
				<LineString>
					<tessellate>1</tessellate>
					<coordinates>
						126.797592,37.565758,0 126.797188,37.565449,0 
					</coordinates>
				</LineString>
			</MultiGeometry>
		</Placemark>
		<Placemark>
			<name>P-22</name>
			<visibility>0</visibility>
			<description><![CDATA[<div><div><span><b>Altitude:</b></span> <span>0 ft</span></div>
<div><span><b>Speed:</b></span> <span>14 kt</span></div>
<div><span><b>Timestamp:</b></span><br/><span>2023-12-03 23:18:37 UTC<br/>2023-12-03 23:18:45 UTC</span></div>
</div>]]></description>
			<Style>
				<LineStyle>
					<color>ffffffff</color>
					<width>2</width>
				</LineStyle>
			</Style>
			<MultiGeometry>
				<LineString>
					<tessellate>1</tessellate>
					<coordinates>
						126.797188,37.565449,0 126.796745,37.565105,0 
					</coordinates>
				</LineString>
			</MultiGeometry>
		</Placemark>
		<Placemark>
			<name>P-23</name>
			<visibility>0</visibility>
			<description><![CDATA[<div><div><span><b>Altitude:</b></span> <span>0 ft</span></div>
<div><span><b>Speed:</b></span> <span>14 kt</span></div>
<div><span><b>Timestamp:</b></span><br/><span>2023-12-03 23:18:45 UTC<br/>2023-12-03 23:18:51 UTC</span></div>
</div>]]></description>
			<Style>
				<LineStyle>
					<color>ffffffff</color>
					<width>2</width>
				</LineStyle>
			</Style>
			<MultiGeometry>
				<LineString>
					<tessellate>1</tessellate>
					<coordinates>
						126.796745,37.565105,0 126.796356,37.564774,0 
					</coordinates>
				</LineString>
			</MultiGeometry>
		</Placemark>
		<Placemark>
			<name>P-24</name>
			<visibility>0</visibility>
			<description><![CDATA[<div><div><span><b>Altitude:</b></span> <span>0 ft</span></div>
<div><span><b>Speed:</b></span> <span>14 kt</span></div>
<div><span><b>Timestamp:</b></span><br/><span>2023-12-03 23:18:51 UTC<br/>2023-12-03 23:18:59 UTC</span></div>
</div>]]></description>
			<Style>
				<LineStyle>
					<color>ffffffff</color>
					<width>2</width>
				</LineStyle>
			</Style>
			<MultiGeometry>
				<LineString>
					<tessellate>1</tessellate>
					<coordinates>
						126.796356,37.564774,0 126.795944,37.564445,0 
					</coordinates>
				</LineString>
			</MultiGeometry>
		</Placemark>
		<Placemark>
			<name>P-25</name>
			<visibility>0</visibility>
			<description><![CDATA[<div><div><span><b>Altitude:</b></span> <span>0 ft</span></div>
<div><span><b>Speed:</b></span> <span>14 kt - 13 kt</span></div>
<div><span><b>Timestamp:</b></span><br/><span>2023-12-03 23:18:59 UTC<br/>2023-12-03 23:19:07 UTC</span></div>
</div>]]></description>
			<Style>
				<LineStyle>
					<color>ffffffff</color>
					<width>2</width>
				</LineStyle>
			</Style>
			<MultiGeometry>
				<LineString>
					<tessellate>1</tessellate>
					<coordinates>
						126.795944,37.564445,0 126.795464,37.564072,0 
					</coordinates>
				</LineString>
			</MultiGeometry>
		</Placemark>
		<Placemark>
			<name>P-26</name>
			<visibility>0</visibility>
			<description><![CDATA[<div><div><span><b>Altitude:</b></span> <span>0 ft</span></div>
<div><span><b>Speed:</b></span> <span>13 kt - 12 kt</span></div>
<div><span><b>Timestamp:</b></span><br/><span>2023-12-03 23:19:07 UTC<br/>2023-12-03 23:19:16 UTC</span></div>
</div>]]></description>
			<Style>
				<LineStyle>
					<color>ffffffff</color>
					<width>2</width>
				</LineStyle>
			</Style>
			<MultiGeometry>
				<LineString>
					<tessellate>1</tessellate>
					<coordinates>
						126.795464,37.564072,0 126.795013,37.563709,0 
					</coordinates>
				</LineString>
			</MultiGeometry>
		</Placemark>
		<Placemark>
			<name>P-27</name>
			<visibility>0</visibility>
			<description><![CDATA[<div><div><span><b>Altitude:</b></span> <span>0 ft</span></div>
<div><span><b>Speed:</b></span> <span>12 kt - 11 kt</span></div>
<div><span><b>Timestamp:</b></span><br/><span>2023-12-03 23:19:16 UTC<br/>2023-12-03 23:19:25 UTC</span></div>
</div>]]></description>
			<Style>
				<LineStyle>
					<color>ffffffff</color>
					<width>2</width>
				</LineStyle>
			</Style>
			<MultiGeometry>
				<LineString>
					<tessellate>1</tessellate>
					<coordinates>
						126.795013,37.563709,0 126.794601,37.563374,0 
					</coordinates>
				</LineString>
			</MultiGeometry>
		</Placemark>
		<Placemark>
			<name>P-28</name>
			<visibility>0</visibility>
			<description><![CDATA[<div><div><span><b>Altitude:</b></span> <span>0 ft</span></div>
<div><span><b>Speed:</b></span> <span>11 kt - 10 kt</span></div>
<div><span><b>Timestamp:</b></span><br/><span>2023-12-03 23:19:25 UTC<br/>2023-12-03 23:19:31 UTC</span></div>
</div>]]></description>
			<Style>
				<LineStyle>
					<color>ffffffff</color>
					<width>2</width>
				</LineStyle>
			</Style>
			<MultiGeometry>
				<LineString>
					<tessellate>1</tessellate>
					<coordinates>
						126.794601,37.563374,0 126.794319,37.563152,0 
					</coordinates>
				</LineString>
			</MultiGeometry>
		</Placemark>
		<Placemark>
			<name>P-29</name>
			<visibility>0</visibility>
			<description><![CDATA[<div><div><span><b>Altitude:</b></span> <span>0 ft</span></div>
<div><span><b>Speed:</b></span> <span>10 kt - 9 kt</span></div>
<div><span><b>Timestamp:</b></span><br/><span>2023-12-03 23:19:31 UTC<br/>2023-12-03 23:19:40 UTC</span></div>
</div>]]></description>
			<Style>
				<LineStyle>
					<color>ffffffff</color>
					<width>2</width>
				</LineStyle>
			</Style>
			<MultiGeometry>
				<LineString>
					<tessellate>1</tessellate>
					<coordinates>
						126.794319,37.563152,0 126.79393,37.562851,0 
					</coordinates>
				</LineString>
			</MultiGeometry>
		</Placemark>
		<Placemark>
			<name>P-30</name>
			<visibility>0</visibility>
			<description><![CDATA[<div><div><span><b>Altitude:</b></span> <span>0 ft</span></div>
<div><span><b>Speed:</b></span> <span>9 kt - 8 kt</span></div>
<div><span><b>Timestamp:</b></span><br/><span>2023-12-03 23:19:40 UTC<br/>2023-12-03 23:19:48 UTC</span></div>
</div>]]></description>
			<Style>
				<LineStyle>
					<color>ffffffff</color>
					<width>2</width>
				</LineStyle>
			</Style>
			<MultiGeometry>
				<LineString>
					<tessellate>1</tessellate>
					<coordinates>
						126.79393,37.562851,0 126.793663,37.562634,0 
					</coordinates>
				</LineString>
			</MultiGeometry>
		</Placemark>
		<Placemark>
			<name>P-31</name>
			<visibility>0</visibility>
			<description><![CDATA[<div><div><span><b>Altitude:</b></span> <span>0 ft</span></div>
<div><span><b>Speed:</b></span> <span>8 kt - 7 kt</span></div>
<div><span><b>Timestamp:</b></span><br/><span>2023-12-03 23:19:48 UTC<br/>2023-12-03 23:19:56 UTC</span></div>
</div>]]></description>
			<Style>
				<LineStyle>
					<color>ffffffff</color>
					<width>2</width>
				</LineStyle>
			</Style>
			<MultiGeometry>
				<LineString>
					<tessellate>1</tessellate>
					<coordinates>
						126.793663,37.562634,0 126.793419,37.562439,0 
					</coordinates>
				</LineString>
			</MultiGeometry>
		</Placemark>
		<Placemark>
			<name>P-32</name>
			<visibility>0</visibility>
			<description><![CDATA[<div><div><span><b>Altitude:</b></span> <span>0 ft</span></div>
<div><span><b>Speed:</b></span> <span>7 kt - 0 kt</span></div>
<div><span><b>Timestamp:</b></span><br/><span>2023-12-03 23:19:56 UTC<br/>2023-12-03 23:21:03 UTC</span></div>
</div>]]></description>
			<Style>
				<LineStyle>
					<color>ffffffff</color>
					<width>2</width>
				</LineStyle>
			</Style>
			<MultiGeometry>
				<LineString>
					<tessellate>1</tessellate>
					<coordinates>
						126.793419,37.562439,0 126.793198,37.562256,0 
					</coordinates>
				</LineString>
			</MultiGeometry>
		</Placemark>
		<Placemark>
			<name>P-33</name>
			<visibility>0</visibility>
			<description><![CDATA[<div><div><span><b>Altitude:</b></span> <span>0 ft</span></div>
<div><span><b>Speed:</b></span> <span>0 kt - 8 kt</span></div>
<div><span><b>Timestamp:</b></span><br/><span>2023-12-03 23:21:03 UTC<br/>2023-12-03 23:21:27 UTC</span></div>
</div>]]></description>
			<Style>
				<LineStyle>
					<color>ffffffff</color>
					<width>2</width>
				</LineStyle>
			</Style>
			<MultiGeometry>
				<LineString>
					<tessellate>1</tessellate>
					<coordinates>
						126.793198,37.562256,0 126.79248,37.561882,0 
					</coordinates>
				</LineString>
			</MultiGeometry>
		</Placemark>
		<Placemark>
			<name>P-34</name>
			<visibility>0</visibility>
			<description><![CDATA[<div><div><span><b>Altitude:</b></span> <span>0 ft</span></div>
<div><span><b>Speed:</b></span> <span>8 kt - 0 kt</span></div>
<div><span><b>Timestamp:</b></span><br/><span>2023-12-03 23:21:27 UTC<br/>2023-12-03 23:21:39 UTC</span></div>
</div>]]></description>
			<Style>
				<LineStyle>
					<color>ffffffff</color>
					<width>2</width>
				</LineStyle>
			</Style>
			<MultiGeometry>
				<LineString>
					<tessellate>1</tessellate>
					<coordinates>
						126.79248,37.561882,0 126.791985,37.562141,0 
					</coordinates>
				</LineString>
			</MultiGeometry>
		</Placemark>
		<Placemark>
			<name>P-35</name>
			<visibility>0</visibility>
			<description><![CDATA[<div><div><span><b>Altitude:</b></span> <span>0 ft</span></div>
<div><span><b>Speed:</b></span> <span>0 kt - 12 kt</span></div>
<div><span><b>Timestamp:</b></span><br/><span>2023-12-03 23:21:39 UTC<br/>2023-12-03 23:21:51 UTC</span></div>
</div>]]></description>
			<Style>
				<LineStyle>
					<color>ffffffff</color>
					<width>2</width>
				</LineStyle>
			</Style>
			<MultiGeometry>
				<LineString>
					<tessellate>1</tessellate>
					<coordinates>
						126.791985,37.562141,0 126.791466,37.562557,0 
					</coordinates>
				</LineString>
			</MultiGeometry>
		</Placemark>
		<Placemark>
			<name>P-36</name>
			<visibility>0</visibility>
			<description><![CDATA[<div><div><span><b>Altitude:</b></span> <span>0 ft</span></div>
<div><span><b>Speed:</b></span> <span>12 kt - 13 kt</span></div>
<div><span><b>Timestamp:</b></span><br/><span>2023-12-03 23:21:51 UTC<br/>2023-12-03 23:21:59 UTC</span></div>
</div>]]></description>
			<Style>
				<LineStyle>
					<color>ffffffff</color>
					<width>2</width>
				</LineStyle>
			</Style>
			<MultiGeometry>
				<LineString>
					<tessellate>1</tessellate>
					<coordinates>
						126.791466,37.562557,0 126.791054,37.562897,0 
					</coordinates>
				</LineString>
			</MultiGeometry>
		</Placemark>
		<Placemark>
			<name>P-37</name>
			<visibility>0</visibility>
			<description><![CDATA[<div><div><span><b>Altitude:</b></span> <span>0 ft</span></div>
<div><span><b>Speed:</b></span> <span>13 kt - 14 kt</span></div>
<div><span><b>Timestamp:</b></span><br/><span>2023-12-03 23:21:59 UTC<br/>2023-12-03 23:22:06 UTC</span></div>
</div>]]></description>
			<Style>
				<LineStyle>
					<color>ffffffff</color>
					<width>2</width>
				</LineStyle>
			</Style>
			<MultiGeometry>
				<LineString>
					<tessellate>1</tessellate>
					<coordinates>
						126.791054,37.562897,0 126.790642,37.563217,0 
					</coordinates>
				</LineString>
			</MultiGeometry>
		</Placemark>
		<Placemark>
			<name>P-38</name>
			<visibility>0</visibility>
			<description><![CDATA[<div><div><span><b>Altitude:</b></span> <span>0 ft</span></div>
<div><span><b>Speed:</b></span> <span>14 kt - 15 kt</span></div>
<div><span><b>Timestamp:</b></span><br/><span>2023-12-03 23:22:06 UTC<br/>2023-12-03 23:22:13 UTC</span></div>
</div>]]></description>
			<Style>
				<LineStyle>
					<color>ffffffff</color>
					<width>2</width>
				</LineStyle>
			</Style>
			<MultiGeometry>
				<LineString>
					<tessellate>1</tessellate>
					<coordinates>
						126.790642,37.563217,0 126.790184,37.563572,0 
					</coordinates>
				</LineString>
			</MultiGeometry>
		</Placemark>
		<Placemark>
			<name>P-39</name>
			<visibility>0</visibility>
			<description><![CDATA[<div><div><span><b>Altitude:</b></span> <span>0 ft</span></div>
<div><span><b>Speed:</b></span> <span>15 kt</span></div>
<div><span><b>Timestamp:</b></span><br/><span>2023-12-03 23:22:13 UTC<br/>2023-12-03 23:22:20 UTC</span></div>
</div>]]></description>
			<Style>
				<LineStyle>
					<color>ffffffff</color>
					<width>2</width>
				</LineStyle>
			</Style>
			<MultiGeometry>
				<LineString>
					<tessellate>1</tessellate>
					<coordinates>
						126.790184,37.563572,0 126.789734,37.563942,0 
					</coordinates>
				</LineString>
			</MultiGeometry>
		</Placemark>
		<Placemark>
			<name>P-40</name>
			<visibility>0</visibility>
			<description><![CDATA[<div><div><span><b>Altitude:</b></span> <span>0 ft</span></div>
<div><span><b>Speed:</b></span> <span>15 kt</span></div>
<div><span><b>Timestamp:</b></span><br/><span>2023-12-03 23:22:20 UTC<br/>2023-12-03 23:22:28 UTC</span></div>
</div>]]></description>
			<Style>
				<LineStyle>
					<color>ffffffff</color>
					<width>2</width>
				</LineStyle>
			</Style>
			<MultiGeometry>
				<LineString>
					<tessellate>1</tessellate>
					<coordinates>
						126.789734,37.563942,0 126.78923,37.564339,0 
					</coordinates>
				</LineString>
			</MultiGeometry>
		</Placemark>
		<Placemark>
			<name>P-41</name>
			<visibility>0</visibility>
			<description><![CDATA[<div><div><span><b>Altitude:</b></span> <span>0 ft</span></div>
<div><span><b>Speed:</b></span> <span>15 kt - 16 kt</span></div>
<div><span><b>Timestamp:</b></span><br/><span>2023-12-03 23:22:28 UTC<br/>2023-12-03 23:22:36 UTC</span></div>
</div>]]></description>
			<Style>
				<LineStyle>
					<color>ffffffff</color>
					<width>2</width>
				</LineStyle>
			</Style>
			<MultiGeometry>
				<LineString>
					<tessellate>1</tessellate>
					<coordinates>
						126.78923,37.564339,0 126.788719,37.564747,0 
					</coordinates>
				</LineString>
			</MultiGeometry>
		</Placemark>
		<Placemark>
			<name>P-42</name>
			<visibility>0</visibility>
			<description><![CDATA[<div><div><span><b>Altitude:</b></span> <span>0 ft</span></div>
<div><span><b>Speed:</b></span> <span>16 kt</span></div>
<div><span><b>Timestamp:</b></span><br/><span>2023-12-03 23:22:36 UTC<br/>2023-12-03 23:22:44 UTC</span></div>
</div>]]></description>
			<Style>
				<LineStyle>
					<color>ffffffff</color>
					<width>2</width>
				</LineStyle>
			</Style>
			<MultiGeometry>
				<LineString>
					<tessellate>1</tessellate>
					<coordinates>
						126.788719,37.564747,0 126.788185,37.565178,0 
					</coordinates>
				</LineString>
			</MultiGeometry>
		</Placemark>
		<Placemark>
			<name>P-43</name>
			<visibility>0</visibility>
			<description><![CDATA[<div><div><span><b>Altitude:</b></span> <span>0 ft</span></div>
<div><span><b>Speed:</b></span> <span>16 kt - 17 kt</span></div>
<div><span><b>Timestamp:</b></span><br/><span>2023-12-03 23:22:44 UTC<br/>2023-12-03 23:22:51 UTC</span></div>
</div>]]></description>
			<Style>
				<LineStyle>
					<color>ffffffff</color>
					<width>2</width>
				</LineStyle>
			</Style>
			<MultiGeometry>
				<LineString>
					<tessellate>1</tessellate>
					<coordinates>
						126.788185,37.565178,0 126.787636,37.565609,0 
					</coordinates>
				</LineString>
			</MultiGeometry>
		</Placemark>
		<Placemark>
			<name>P-44</name>
			<visibility>0</visibility>
			<description><![CDATA[<div><div><span><b>Altitude:</b></span> <span>0 ft</span></div>
<div><span><b>Speed:</b></span> <span>17 kt - 18 kt</span></div>
<div><span><b>Timestamp:</b></span><br/><span>2023-12-03 23:22:51 UTC<br/>2023-12-03 23:22:59 UTC</span></div>
</div>]]></description>
			<Style>
				<LineStyle>
					<color>ffffffff</color>
					<width>2</width>
				</LineStyle>
			</Style>
			<MultiGeometry>
				<LineString>
					<tessellate>1</tessellate>
					<coordinates>
						126.787636,37.565609,0 126.787048,37.566078,0 
					</coordinates>
				</LineString>
			</MultiGeometry>
		</Placemark>
		<Placemark>
			<name>P-45</name>
			<visibility>0</visibility>
			<description><![CDATA[<div><div><span><b>Altitude:</b></span> <span>0 ft</span></div>
<div><span><b>Speed:</b></span> <span>18 kt - 19 kt</span></div>
<div><span><b>Timestamp:</b></span><br/><span>2023-12-03 23:22:59 UTC<br/>2023-12-03 23:23:06 UTC</span></div>
</div>]]></description>
			<Style>
				<LineStyle>
					<color>ffffffff</color>
					<width>2</width>
				</LineStyle>
			</Style>
			<MultiGeometry>
				<LineString>
					<tessellate>1</tessellate>
					<coordinates>
						126.787048,37.566078,0 126.786499,37.566517,0 
					</coordinates>
				</LineString>
			</MultiGeometry>
		</Placemark>
		<Placemark>
			<name>P-46</name>
			<visibility>0</visibility>
			<description><![CDATA[<div><div><span><b>Altitude:</b></span> <span>0 ft</span></div>
<div><span><b>Speed:</b></span> <span>19 kt - 21 kt</span></div>
<div><span><b>Timestamp:</b></span><br/><span>2023-12-03 23:23:06 UTC<br/>2023-12-03 23:23:16 UTC</span></div>
</div>]]></description>
			<Style>
				<LineStyle>
					<color>ffffffff</color>
					<width>2</width>
				</LineStyle>
			</Style>
			<MultiGeometry>
				<LineString>
					<tessellate>1</tessellate>
					<coordinates>
						126.786499,37.566517,0 126.785583,37.567234,0 
					</coordinates>
				</LineString>
			</MultiGeometry>
		</Placemark>
		<Placemark>
			<name>P-47</name>
			<visibility>0</visibility>
			<description><![CDATA[<div><div><span><b>Altitude:</b></span> <span>0 ft</span></div>
<div><span><b>Speed:</b></span> <span>21 kt - 22 kt</span></div>
<div><span><b>Timestamp:</b></span><br/><span>2023-12-03 23:23:16 UTC<br/>2023-12-03 23:23:24 UTC</span></div>
</div>]]></description>
			<Style>
				<LineStyle>
					<color>ffffffff</color>
					<width>2</width>
				</LineStyle>
			</Style>
			<MultiGeometry>
				<LineString>
					<tessellate>1</tessellate>
					<coordinates>
						126.785583,37.567234,0 126.784889,37.567795,0 
					</coordinates>
				</LineString>
			</MultiGeometry>
		</Placemark>
		<Placemark>
			<name>P-48</name>
			<visibility>0</visibility>
			<description><![CDATA[<div><div><span><b>Altitude:</b></span> <span>0 ft</span></div>
<div><span><b>Speed:</b></span> <span>22 kt - 23 kt</span></div>
<div><span><b>Timestamp:</b></span><br/><span>2023-12-03 23:23:24 UTC<br/>2023-12-03 23:23:30 UTC</span></div>
</div>]]></description>
			<Style>
				<LineStyle>
					<color>ffffffff</color>
					<width>2</width>
				</LineStyle>
			</Style>
			<MultiGeometry>
				<LineString>
					<tessellate>1</tessellate>
					<coordinates>
						126.784889,37.567795,0 126.784271,37.568287,0 
					</coordinates>
				</LineString>
			</MultiGeometry>
		</Placemark>
		<Placemark>
			<name>P-49</name>
			<visibility>0</visibility>
			<description><![CDATA[<div><div><span><b>Altitude:</b></span> <span>0 ft</span></div>
<div><span><b>Speed:</b></span> <span>23 kt</span></div>
<div><span><b>Timestamp:</b></span><br/><span>2023-12-03 23:23:30 UTC<br/>2023-12-03 23:23:39 UTC</span></div>
</div>]]></description>
			<Style>
				<LineStyle>
					<color>ffffffff</color>
					<width>2</width>
				</LineStyle>
			</Style>
			<MultiGeometry>
				<LineString>
					<tessellate>1</tessellate>
					<coordinates>
						126.784271,37.568287,0 126.783424,37.568962,0 
					</coordinates>
				</LineString>
			</MultiGeometry>
		</Placemark>
		<Placemark>
			<name>P-50</name>
			<visibility>0</visibility>
			<description><![CDATA[<div><div><span><b>Altitude:</b></span> <span>0 ft</span></div>
<div><span><b>Speed:</b></span> <span>23 kt - 24 kt</span></div>
<div><span><b>Timestamp:</b></span><br/><span>2023-12-03 23:23:39 UTC<br/>2023-12-03 23:23:47 UTC</span></div>
</div>]]></description>
			<Style>
				<LineStyle>
					<color>ffffffff</color>
					<width>2</width>
				</LineStyle>
			</Style>
			<MultiGeometry>
				<LineString>
					<tessellate>1</tessellate>
					<coordinates>
						126.783424,37.568962,0 126.782623,37.569603,0 
					</coordinates>
				</LineString>
			</MultiGeometry>
		</Placemark>
		<Placemark>
			<name>P-51</name>
			<visibility>0</visibility>
			<description><![CDATA[<div><div><span><b>Altitude:</b></span> <span>0 ft</span></div>
<div><span><b>Speed:</b></span> <span>24 kt</span></div>
<div><span><b>Timestamp:</b></span><br/><span>2023-12-03 23:23:47 UTC<br/>2023-12-03 23:23:55 UTC</span></div>
</div>]]></description>
			<Style>
				<LineStyle>
					<color>ffffffff</color>
					<width>2</width>
				</LineStyle>
			</Style>
			<MultiGeometry>
				<LineString>
					<tessellate>1</tessellate>
					<coordinates>
						126.782623,37.569603,0 126.781815,37.570244,0 
					</coordinates>
				</LineString>
			</MultiGeometry>
		</Placemark>
		<Placemark>
			<name>P-52</name>
			<visibility>0</visibility>
			<description><![CDATA[<div><div><span><b>Altitude:</b></span> <span>0 ft</span></div>
<div><span><b>Speed:</b></span> <span>24 kt - 21 kt</span></div>
<div><span><b>Timestamp:</b></span><br/><span>2023-12-03 23:23:55 UTC<br/>2023-12-03 23:24:01 UTC</span></div>
</div>]]></description>
			<Style>
				<LineStyle>
					<color>ffffffff</color>
					<width>2</width>
				</LineStyle>
			</Style>
			<MultiGeometry>
				<LineString>
					<tessellate>1</tessellate>
					<coordinates>
						126.781815,37.570244,0 126.781219,37.570724,0 
					</coordinates>
				</LineString>
			</MultiGeometry>
		</Placemark>
		<Placemark>
			<name>P-53</name>
			<visibility>0</visibility>
			<description><![CDATA[<div><div><span><b>Altitude:</b></span> <span>0 ft</span></div>
<div><span><b>Speed:</b></span> <span>21 kt - 16 kt</span></div>
<div><span><b>Timestamp:</b></span><br/><span>2023-12-03 23:24:01 UTC<br/>2023-12-03 23:24:09 UTC</span></div>
</div>]]></description>
			<Style>
				<LineStyle>
					<color>ffffffff</color>
					<width>2</width>
				</LineStyle>
			</Style>
			<MultiGeometry>
				<LineString>
					<tessellate>1</tessellate>
					<coordinates>
						126.781219,37.570724,0 126.780647,37.571171,0 
					</coordinates>
				</LineString>
			</MultiGeometry>
		</Placemark>
		<Placemark>
			<name>P-54</name>
			<visibility>0</visibility>
			<description><![CDATA[<div><div><span><b>Altitude:</b></span> <span>0 ft</span></div>
<div><span><b>Speed:</b></span> <span>16 kt - 10 kt</span></div>
<div><span><b>Timestamp:</b></span><br/><span>2023-12-03 23:24:09 UTC<br/>2023-12-03 23:24:19 UTC</span></div>
</div>]]></description>
			<Style>
				<LineStyle>
					<color>ffffffff</color>
					<width>2</width>
				</LineStyle>
			</Style>
			<MultiGeometry>
				<LineString>
					<tessellate>1</tessellate>
					<coordinates>
						126.780647,37.571171,0 126.780167,37.571537,0 
					</coordinates>
				</LineString>
			</MultiGeometry>
		</Placemark>
		<Placemark>
			<name>P-55</name>
			<visibility>0</visibility>
			<description><![CDATA[<div><div><span><b>Altitude:</b></span> <span>0 ft</span></div>
<div><span><b>Speed:</b></span> <span>10 kt - 0 kt</span></div>
<div><span><b>Timestamp:</b></span><br/><span>2023-12-03 23:24:19 UTC<br/>2023-12-03 23:24:28 UTC</span></div>
</div>]]></description>
			<Style>
				<LineStyle>
					<color>ffffffff</color>
					<width>2</width>
				</LineStyle>
			</Style>
			<MultiGeometry>
				<LineString>
					<tessellate>1</tessellate>
					<coordinates>
						126.780167,37.571537,0 126.779755,37.571583,0 
					</coordinates>
				</LineString>
			</MultiGeometry>
		</Placemark>
		<Placemark>
			<name>P-56</name>
			<visibility>0</visibility>
			<description><![CDATA[<div><div><span><b>Altitude:</b></span> <span>0 ft</span></div>
<div><span><b>Speed:</b></span> <span>0 kt - 5 kt</span></div>
<div><span><b>Timestamp:</b></span><br/><span>2023-12-03 23:24:28 UTC<br/>2023-12-03 23:24:40 UTC</span></div>
</div>]]></description>
			<Style>
				<LineStyle>
					<color>ffffffff</color>
					<width>2</width>
				</LineStyle>
			</Style>
			<MultiGeometry>
				<LineString>
					<tessellate>1</tessellate>
					<coordinates>
						126.779755,37.571583,0 126.779396,37.571354,0 
					</coordinates>
				</LineString>
			</MultiGeometry>
		</Placemark>
		<Placemark>
			<name>P-57</name>
			<visibility>0</visibility>
			<description><![CDATA[<div><div><span><b>Altitude:</b></span> <span>0 ft</span></div>
<div><span><b>Speed:</b></span> <span>5 kt - 0 kt</span></div>
<div><span><b>Timestamp:</b></span><br/><span>2023-12-03 23:24:40 UTC<br/>2023-12-03 23:25:38 UTC</span></div>
</div>]]></description>
			<Style>
				<LineStyle>
					<color>ffffffff</color>
					<width>2</width>
				</LineStyle>
			</Style>
			<MultiGeometry>
				<LineString>
					<tessellate>1</tessellate>
					<coordinates>
						126.779396,37.571354,0 126.779167,37.571171,0 
					</coordinates>
				</LineString>
			</MultiGeometry>
		</Placemark>
		<Placemark>
			<name>P-58</name>
			<visibility>0</visibility>
			<description><![CDATA[<div><div><span><b>Altitude:</b></span> <span>0 ft</span></div>
<div><span><b>Speed:</b></span> <span>0 kt - 10 kt</span></div>
<div><span><b>Timestamp:</b></span><br/><span>2023-12-03 23:25:38 UTC<br/>2023-12-03 23:25:47 UTC</span></div>
</div>]]></description>
			<Style>
				<LineStyle>
					<color>ffffffff</color>
					<width>2</width>
				</LineStyle>
			</Style>
			<MultiGeometry>
				<LineString>
					<tessellate>1</tessellate>
					<coordinates>
						126.779167,37.571171,0 126.778854,37.570927,0 
					</coordinates>
				</LineString>
			</MultiGeometry>
		</Placemark>
		<Placemark>
			<name>P-59</name>
			<visibility>0</visibility>
			<description><![CDATA[<div><div><span><b>Altitude:</b></span> <span>0 ft</span></div>
<div><span><b>Speed:</b></span> <span>10 kt - 7 kt</span></div>
<div><span><b>Timestamp:</b></span><br/><span>2023-12-03 23:25:47 UTC<br/>2023-12-03 23:25:56 UTC</span></div>
</div>]]></description>
			<Style>
				<LineStyle>
					<color>ffffffff</color>
					<width>2</width>
				</LineStyle>
			</Style>
			<MultiGeometry>
				<LineString>
					<tessellate>1</tessellate>
					<coordinates>
						126.778854,37.570927,0 126.778542,37.57066,0 
					</coordinates>
				</LineString>
			</MultiGeometry>
		</Placemark>
		<Placemark>
			<name>P-60</name>
			<visibility>0</visibility>
			<description><![CDATA[<div><div><span><b>Altitude:</b></span> <span>0 ft</span></div>
<div><span><b>Speed:</b></span> <span>7 kt - 6 kt</span></div>
<div><span><b>Timestamp:</b></span><br/><span>2023-12-03 23:25:56 UTC<br/>2023-12-03 23:26:05 UTC</span></div>
</div>]]></description>
			<Style>
				<LineStyle>
					<color>ffffffff</color>
					<width>2</width>
				</LineStyle>
			</Style>
			<MultiGeometry>
				<LineString>
					<tessellate>1</tessellate>
					<coordinates>
						126.778542,37.57066,0 126.778587,37.57045,0 
					</coordinates>
				</LineString>
			</MultiGeometry>
		</Placemark>
		<Placemark>
			<name>P-61</name>
			<visibility>0</visibility>
			<description><![CDATA[<div><div><span><b>Altitude:</b></span> <span>0 ft</span></div>
<div><span><b>Speed:</b></span> <span>6 kt - 5 kt</span></div>
<div><span><b>Timestamp:</b></span><br/><span>2023-12-03 23:26:05 UTC<br/>2023-12-03 23:27:04 UTC</span></div>
</div>]]></description>
			<Style>
				<LineStyle>
					<color>ffffffff</color>
					<width>2</width>
				</LineStyle>
			</Style>
			<MultiGeometry>
				<LineString>
					<tessellate>1</tessellate>
					<coordinates>
						126.778587,37.57045,0 126.778824,37.570274,0 
					</coordinates>
				</LineString>
			</MultiGeometry>
		</Placemark>
		<Placemark>
			<name>P-62</name>
			<visibility>0</visibility>
			<description><![CDATA[<div><div><span><b>Altitude:</b></span> <span>0 ft</span></div>
<div><span><b>Speed:</b></span> <span>5 kt - 38 kt</span></div>
<div><span><b>Timestamp:</b></span><br/><span>2023-12-03 23:27:04 UTC<br/>2023-12-03 23:27:11 UTC</span></div>
</div>]]></description>
			<Style>
				<LineStyle>
					<color>ffffffff</color>
					<width>2</width>
				</LineStyle>
			</Style>
			<MultiGeometry>
				<LineString>
					<tessellate>1</tessellate>
					<coordinates>
						126.778824,37.570274,0 126.779655,37.569611,0 
					</coordinates>
				</LineString>
			</MultiGeometry>
		</Placemark>
		<Placemark>
			<name>P-63</name>
			<visibility>0</visibility>
			<description><![CDATA[<div><div><span><b>Altitude:</b></span> <span>0 ft</span></div>
<div><span><b>Speed:</b></span> <span>38 kt - 74 kt</span></div>
<div><span><b>Timestamp:</b></span><br/><span>2023-12-03 23:27:11 UTC<br/>2023-12-03 23:27:20 UTC</span></div>
</div>]]></description>
			<Style>
				<LineStyle>
					<color>ffffffff</color>
					<width>2</width>
				</LineStyle>
			</Style>
			<MultiGeometry>
				<LineString>
					<tessellate>1</tessellate>
					<coordinates>
						126.779655,37.569611,0 126.781799,37.567898,0 
					</coordinates>
				</LineString>
			</MultiGeometry>
		</Placemark>
		<Placemark>
			<name>P-64</name>
			<visibility>0</visibility>
			<description><![CDATA[<div><div><span><b>Altitude:</b></span> <span>0 ft</span></div>
<div><span><b>Speed:</b></span> <span>74 kt - 106 kt</span></div>
<div><span><b>Timestamp:</b></span><br/><span>2023-12-03 23:27:20 UTC<br/>2023-12-03 23:27:27 UTC</span></div>
</div>]]></description>
			<Style>
				<LineStyle>
					<color>ffffffff</color>
					<width>2</width>
				</LineStyle>
			</Style>
			<MultiGeometry>
				<LineString>
					<tessellate>1</tessellate>
					<coordinates>
						126.781799,37.567898,0 126.785034,37.565327,0 
					</coordinates>
				</LineString>
			</MultiGeometry>
		</Placemark>
		<Placemark>
			<name>P-65</name>
			<visibility>0</visibility>
			<description><![CDATA[<div><div><span><b>Altitude:</b></span> <span>0 ft</span></div>
<div><span><b>Speed:</b></span> <span>106 kt - 134 kt</span></div>
<div><span><b>Timestamp:</b></span><br/><span>2023-12-03 23:27:27 UTC<br/>2023-12-03 23:27:36 UTC</span></div>
</div>]]></description>
			<Style>
				<LineStyle>
					<color>ffffffff</color>
					<width>2</width>
				</LineStyle>
			</Style>
			<MultiGeometry>
				<LineString>
					<tessellate>1</tessellate>
					<coordinates>
						126.785034,37.565327,0 126.789764,37.561523,0 
					</coordinates>
				</LineString>
			</MultiGeometry>
		</Placemark>
		<Placemark>
			<name>P-66</name>
			<visibility>0</visibility>
			<description><![CDATA[<div><div><span><b>Altitude:</b></span> <span>0 ft</span></div>
<div><span><b>Speed:</b></span> <span>134 kt - 159 kt</span></div>
<div><span><b>Timestamp:</b></span><br/><span>2023-12-03 23:27:36 UTC<br/>2023-12-03 23:27:47 UTC</span></div>
</div>]]></description>
			<Style>
				<LineStyle>
					<color>ffffffff</color>
					<width>2</width>
				</LineStyle>
			</Style>
			<MultiGeometry>
				<LineString>
					<tessellate>1</tessellate>
					<coordinates>
						126.789764,37.561523,0 126.794792,37.557541,0 
					</coordinates>
				</LineString>
			</MultiGeometry>
		</Placemark>
		<Placemark>
			<name>P-67</name>
			<visibility>0</visibility>
			<description><![CDATA[<div><div><span><b>Altitude:</b></span> <span>0 ft - 375 ft</span></div>
<div><span><b>Speed:</b></span> <span>159 kt - 154 kt</span></div>
<div><span><b>Timestamp:</b></span><br/><span>2023-12-03 23:27:47 UTC<br/>2023-12-03 23:27:56 UTC</span></div>
</div>]]></description>
			<Style>
				<LineStyle>
					<color>ffffffff</color>
					<width>2</width>
				</LineStyle>
			</Style>
			<MultiGeometry>
				<LineString>
					<tessellate>1</tessellate>
					<coordinates>
						126.794792,37.557541,0 126.802406,37.551361,114.3 
					</coordinates>
				</LineString>
			</MultiGeometry>
		</Placemark>
		<Placemark>
			<name>P-68</name>
			<visibility>0</visibility>
			<description><![CDATA[<div><div><span><b>Altitude:</b></span> <span>375 ft - 825 ft</span></div>
<div><span><b>Speed:</b></span> <span>154 kt - 152 kt</span></div>
<div><span><b>Timestamp:</b></span><br/><span>2023-12-03 23:27:56 UTC<br/>2023-12-03 23:28:05 UTC</span></div>
</div>]]></description>
			<Style>
				<LineStyle>
					<color>ffffe062</color>
					<width>2</width>
				</LineStyle>
			</Style>
			<MultiGeometry>
				<LineString>
					<tessellate>1</tessellate>
					<altitudeMode>absolute</altitudeMode>
					<coordinates>
						126.802406,37.551361,114.3 126.808235,37.546646,251.46 
					</coordinates>
				</LineString>
			</MultiGeometry>
		</Placemark>
		<Placemark>
			<name>P-69</name>
			<visibility>0</visibility>
			<description><![CDATA[<div><div><span><b>Altitude:</b></span> <span>825 ft - 1,175 ft</span></div>
<div><span><b>Speed:</b></span> <span>152 kt - 154 kt</span></div>
<div><span><b>Timestamp:</b></span><br/><span>2023-12-03 23:28:05 UTC<br/>2023-12-03 23:28:14 UTC</span></div>
</div>]]></description>
			<Style>
				<LineStyle>
					<color>ffffea00</color>
					<width>2</width>
				</LineStyle>
			</Style>
			<MultiGeometry>
				<LineString>
					<tessellate>1</tessellate>
					<altitudeMode>absolute</altitudeMode>
					<coordinates>
						126.808235,37.546646,251.46 126.813873,37.542099,358.14 
					</coordinates>
				</LineString>
			</MultiGeometry>
		</Placemark>
		<Placemark>
			<name>P-70</name>
			<visibility>0</visibility>
			<description><![CDATA[<div><div><span><b>Altitude:</b></span> <span>1,175 ft - 1,450 ft</span></div>
<div><span><b>Speed:</b></span> <span>154 kt - 156 kt</span></div>
<div><span><b>Timestamp:</b></span><br/><span>2023-12-03 23:28:14 UTC<br/>2023-12-03 23:28:22 UTC</span></div>
</div>]]></description>
			<Style>
				<LineStyle>
					<color>fff0ff00</color>
					<width>2</width>
				</LineStyle>
			</Style>
			<MultiGeometry>
				<LineString>
					<tessellate>1</tessellate>
					<altitudeMode>absolute</altitudeMode>
					<coordinates>
						126.813873,37.542099,358.14 126.818886,37.538094,441.9599999999999 
					</coordinates>
				</LineString>
			</MultiGeometry>
		</Placemark>
		<Placemark>
			<name>P-71</name>
			<visibility>0</visibility>
			<description><![CDATA[<div><div><span><b>Altitude:</b></span> <span>1,450 ft - 1,850 ft</span></div>
<div><span><b>Speed:</b></span> <span>156 kt - 158 kt</span></div>
<div><span><b>Timestamp:</b></span><br/><span>2023-12-03 23:28:22 UTC<br/>2023-12-03 23:28:34 UTC</span></div>
</div>]]></description>
			<Style>
				<LineStyle>
					<color>ffccff00</color>
					<width>2</width>
				</LineStyle>
			</Style>
			<MultiGeometry>
				<LineString>
					<tessellate>1</tessellate>
					<altitudeMode>absolute</altitudeMode>
					<coordinates>
						126.818886,37.538094,441.9599999999999 126.826347,37.532135,563.88 
					</coordinates>
				</LineString>
			</MultiGeometry>
		</Placemark>
		<Placemark>
			<name>P-72</name>
			<visibility>0</visibility>
			<description><![CDATA[<div><div><span><b>Altitude:</b></span> <span>1,850 ft - 2,075 ft</span></div>
<div><span><b>Speed:</b></span> <span>158 kt - 156 kt</span></div>
<div><span><b>Timestamp:</b></span><br/><span>2023-12-03 23:28:34 UTC<br/>2023-12-03 23:28:41 UTC</span></div>
</div>]]></description>
			<Style>
				<LineStyle>
					<color>ffccff00</color>
					<width>2</width>
				</LineStyle>
			</Style>
			<MultiGeometry>
				<LineString>
					<tessellate>1</tessellate>
					<altitudeMode>absolute</altitudeMode>
					<coordinates>
						126.826347,37.532135,563.88 126.830589,37.528786,632.4599999999999 
					</coordinates>
				</LineString>
			</MultiGeometry>
		</Placemark>
		<Placemark>
			<name>P-73</name>
			<visibility>0</visibility>
			<description><![CDATA[<div><div><span><b>Altitude:</b></span> <span>2,075 ft - 2,300 ft</span></div>
<div><span><b>Speed:</b></span> <span>156 kt - 158 kt</span></div>
<div><span><b>Timestamp:</b></span><br/><span>2023-12-03 23:28:41 UTC<br/>2023-12-03 23:28:48 UTC</span></div>
</div>]]></description>
			<Style>
				<LineStyle>
					<color>ff42ff00</color>
					<width>2</width>
				</LineStyle>
			</Style>
			<MultiGeometry>
				<LineString>
					<tessellate>1</tessellate>
					<altitudeMode>absolute</altitudeMode>
					<coordinates>
						126.830589,37.528786,632.4599999999999 126.834938,37.52536,701.04 
					</coordinates>
				</LineString>
			</MultiGeometry>
		</Placemark>
		<Placemark>
			<name>P-74</name>
			<visibility>0</visibility>
			<description><![CDATA[<div><div><span><b>Altitude:</b></span> <span>2,300 ft - 2,525 ft</span></div>
<div><span><b>Speed:</b></span> <span>158 kt</span></div>
<div><span><b>Timestamp:</b></span><br/><span>2023-12-03 23:28:48 UTC<br/>2023-12-03 23:28:55 UTC</span></div>
</div>]]></description>
			<Style>
				<LineStyle>
					<color>ff42ff00</color>
					<width>2</width>
				</LineStyle>
			</Style>
			<MultiGeometry>
				<LineString>
					<tessellate>1</tessellate>
					<altitudeMode>absolute</altitudeMode>
					<coordinates>
						126.834938,37.52536,701.04 126.840141,37.521194,769.62 
					</coordinates>
				</LineString>
			</MultiGeometry>
		</Placemark>
		<Placemark>
			<name>P-75</name>
			<visibility>0</visibility>
			<description><![CDATA[<div><div><span><b>Altitude:</b></span> <span>2,525 ft - 2,825 ft</span></div>
<div><span><b>Speed:</b></span> <span>158 kt - 160 kt</span></div>
<div><span><b>Timestamp:</b></span><br/><span>2023-12-03 23:28:55 UTC<br/>2023-12-03 23:29:05 UTC</span></div>
</div>]]></description>
			<Style>
				<LineStyle>
					<color>ff42ff00</color>
					<width>2</width>
				</LineStyle>
			</Style>
			<MultiGeometry>
				<LineString>
					<tessellate>1</tessellate>
					<altitudeMode>absolute</altitudeMode>
					<coordinates>
						126.840141,37.521194,769.62 126.846176,37.516403,861.0600000000001 
					</coordinates>
				</LineString>
			</MultiGeometry>
		</Placemark>
		<Placemark>
			<name>P-76</name>
			<visibility>0</visibility>
			<description><![CDATA[<div><div><span><b>Altitude:</b></span> <span>2,825 ft - 3,000 ft</span></div>
<div><span><b>Speed:</b></span> <span>160 kt - 166 kt</span></div>
<div><span><b>Timestamp:</b></span><br/><span>2023-12-03 23:29:05 UTC<br/>2023-12-03 23:29:12 UTC</span></div>
</div>]]></description>
			<Style>
				<LineStyle>
					<color>ff1eff00</color>
					<width>2</width>
				</LineStyle>
			</Style>
			<MultiGeometry>
				<LineString>
					<tessellate>1</tessellate>
					<altitudeMode>absolute</altitudeMode>
					<coordinates>
						126.846176,37.516403,861.0600000000001 126.851067,37.512497,914.3999999999999 
					</coordinates>
				</LineString>
			</MultiGeometry>
		</Placemark>
		<Placemark>
			<name>P-77</name>
			<visibility>0</visibility>
			<description><![CDATA[<div><div><span><b>Altitude:</b></span> <span>3,000 ft - 3,100 ft</span></div>
<div><span><b>Speed:</b></span> <span>166 kt - 174 kt</span></div>
<div><span><b>Timestamp:</b></span><br/><span>2023-12-03 23:29:12 UTC<br/>2023-12-03 23:29:19 UTC</span></div>
</div>]]></description>
			<Style>
				<LineStyle>
					<color>ff1eff00</color>
					<width>2</width>
				</LineStyle>
			</Style>
			<MultiGeometry>
				<LineString>
					<tessellate>1</tessellate>
					<altitudeMode>absolute</altitudeMode>
					<coordinates>
						126.851067,37.512497,914.3999999999999 126.855919,37.508652,944.8799999999998 
					</coordinates>
				</LineString>
			</MultiGeometry>
		</Placemark>
		<Placemark>
			<name>P-78</name>
			<visibility>0</visibility>
			<description><![CDATA[<div><div><span><b>Altitude:</b></span> <span>3,100 ft - 3,200 ft</span></div>
<div><span><b>Speed:</b></span> <span>174 kt - 181 kt</span></div>
<div><span><b>Timestamp:</b></span><br/><span>2023-12-03 23:29:19 UTC<br/>2023-12-03 23:29:26 UTC</span></div>
</div>]]></description>
			<Style>
				<LineStyle>
					<color>ff1eff00</color>
					<width>2</width>
				</LineStyle>
			</Style>
			<MultiGeometry>
				<LineString>
					<tessellate>1</tessellate>
					<altitudeMode>absolute</altitudeMode>
					<coordinates>
						126.855919,37.508652,944.8799999999998 126.860504,37.504902,975.3599999999998 
					</coordinates>
				</LineString>
			</MultiGeometry>
		</Placemark>
		<Placemark>
			<name>P-79</name>
			<visibility>0</visibility>
			<description><![CDATA[<div><div><span><b>Altitude:</b></span> <span>3,200 ft - 3,350 ft</span></div>
<div><span><b>Speed:</b></span> <span>181 kt - 190 kt</span></div>
<div><span><b>Timestamp:</b></span><br/><span>2023-12-03 23:29:26 UTC<br/>2023-12-03 23:29:33 UTC</span></div>
</div>]]></description>
			<Style>
				<LineStyle>
					<color>ff1eff00</color>
					<width>2</width>
				</LineStyle>
			</Style>
			<MultiGeometry>
				<LineString>
					<tessellate>1</tessellate>
					<altitudeMode>absolute</altitudeMode>
					<coordinates>
						126.860504,37.504902,975.3599999999998 126.865639,37.500481,1021.08 
					</coordinates>
				</LineString>
			</MultiGeometry>
		</Placemark>
		<Placemark>
			<name>P-80</name>
			<visibility>0</visibility>
			<description><![CDATA[<div><div><span><b>Altitude:</b></span> <span>3,350 ft - 3,400 ft</span></div>
<div><span><b>Speed:</b></span> <span>190 kt - 192 kt</span></div>
<div><span><b>Timestamp:</b></span><br/><span>2023-12-03 23:29:33 UTC<br/>2023-12-03 23:29:36 UTC</span></div>
</div>]]></description>
			<Style>
				<LineStyle>
					<color>ff00ff0c</color>
					<width>2</width>
				</LineStyle>
			</Style>
			<MultiGeometry>
				<LineString>
					<tessellate>1</tessellate>
					<altitudeMode>absolute</altitudeMode>
					<coordinates>
						126.865639,37.500481,1021.08 126.868248,37.497757,1036.32 
					</coordinates>
				</LineString>
			</MultiGeometry>
		</Placemark>
		<Placemark>
			<name>P-81</name>
			<visibility>0</visibility>
			<description><![CDATA[<div><div><span><b>Altitude:</b></span> <span>3,400 ft - 3,475 ft</span></div>
<div><span><b>Speed:</b></span> <span>192 kt - 195 kt</span></div>
<div><span><b>Timestamp:</b></span><br/><span>2023-12-03 23:29:36 UTC<br/>2023-12-03 23:29:40 UTC</span></div>
</div>]]></description>
			<Style>
				<LineStyle>
					<color>ff00ff0c</color>
					<width>2</width>
				</LineStyle>
			</Style>
			<MultiGeometry>
				<LineString>
					<tessellate>1</tessellate>
					<altitudeMode>absolute</altitudeMode>
					<coordinates>
						126.868248,37.497757,1036.32 126.870537,37.494987,1059.18 
					</coordinates>
				</LineString>
			</MultiGeometry>
		</Placemark>
		<Placemark>
			<name>P-82</name>
			<visibility>0</visibility>
			<description><![CDATA[<div><div><span><b>Altitude:</b></span> <span>3,475 ft - 3,550 ft</span></div>
<div><span><b>Speed:</b></span> <span>195 kt - 198 kt</span></div>
<div><span><b>Timestamp:</b></span><br/><span>2023-12-03 23:29:40 UTC<br/>2023-12-03 23:29:43 UTC</span></div>
</div>]]></description>
			<Style>
				<LineStyle>
					<color>ff00ff0c</color>
					<width>2</width>
				</LineStyle>
			</Style>
			<MultiGeometry>
				<LineString>
					<tessellate>1</tessellate>
					<altitudeMode>absolute</altitudeMode>
					<coordinates>
						126.870537,37.494987,1059.18 126.872574,37.492264,1082.04 
					</coordinates>
				</LineString>
			</MultiGeometry>
		</Placemark>
		<Placemark>
			<name>P-83</name>
			<visibility>0</visibility>
			<description><![CDATA[<div><div><span><b>Altitude:</b></span> <span>3,550 ft - 3,625 ft</span></div>
<div><span><b>Speed:</b></span> <span>198 kt - 201 kt</span></div>
<div><span><b>Timestamp:</b></span><br/><span>2023-12-03 23:29:43 UTC<br/>2023-12-03 23:29:46 UTC</span></div>
</div>]]></description>
			<Style>
				<LineStyle>
					<color>ff00ff0c</color>
					<width>2</width>
				</LineStyle>
			</Style>
			<MultiGeometry>
				<LineString>
					<tessellate>1</tessellate>
					<altitudeMode>absolute</altitudeMode>
					<coordinates>
						126.872574,37.492264,1082.04 126.874619,37.489471,1104.9 
					</coordinates>
				</LineString>
			</MultiGeometry>
		</Placemark>
		<Placemark>
			<name>P-84</name>
			<visibility>0</visibility>
			<description><![CDATA[<div><div><span><b>Altitude:</b></span> <span>3,625 ft - 3,700 ft</span></div>
<div><span><b>Speed:</b></span> <span>201 kt - 204 kt</span></div>
<div><span><b>Timestamp:</b></span><br/><span>2023-12-03 23:29:46 UTC<br/>2023-12-03 23:29:50 UTC</span></div>
</div>]]></description>
			<Style>
				<LineStyle>
					<color>ff00ff0c</color>
					<width>2</width>
				</LineStyle>
			</Style>
			<MultiGeometry>
				<LineString>
					<tessellate>1</tessellate>
					<altitudeMode>absolute</altitudeMode>
					<coordinates>
						126.874619,37.489471,1104.9 126.876625,37.486656,1127.76 
					</coordinates>
				</LineString>
			</MultiGeometry>
		</Placemark>
		<Placemark>
			<name>P-85</name>
			<visibility>0</visibility>
			<description><![CDATA[<div><div><span><b>Altitude:</b></span> <span>3,700 ft - 3,750 ft</span></div>
<div><span><b>Speed:</b></span> <span>204 kt - 206 kt</span></div>
<div><span><b>Timestamp:</b></span><br/><span>2023-12-03 23:29:50 UTC<br/>2023-12-03 23:29:52 UTC</span></div>
</div>]]></description>
			<Style>
				<LineStyle>
					<color>ff00ff0c</color>
					<width>2</width>
				</LineStyle>
			</Style>
			<MultiGeometry>
				<LineString>
					<tessellate>1</tessellate>
					<altitudeMode>absolute</altitudeMode>
					<coordinates>
						126.876625,37.486656,1127.76 126.878059,37.484608,1143 
					</coordinates>
				</LineString>
			</MultiGeometry>
		</Placemark>
		<Placemark>
			<name>P-86</name>
			<visibility>0</visibility>
			<description><![CDATA[<div><div><span><b>Altitude:</b></span> <span>3,750 ft - 3,775 ft</span></div>
<div><span><b>Speed:</b></span> <span>206 kt - 208 kt</span></div>
<div><span><b>Timestamp:</b></span><br/><span>2023-12-03 23:29:52 UTC<br/>2023-12-03 23:29:53 UTC</span></div>
</div>]]></description>
			<Style>
				<LineStyle>
					<color>ff00ff0c</color>
					<width>2</width>
				</LineStyle>
			</Style>
			<MultiGeometry>
				<LineString>
					<tessellate>1</tessellate>
					<altitudeMode>absolute</altitudeMode>
					<coordinates>
						126.878059,37.484608,1143 126.878883,37.483429,1150.62 
					</coordinates>
				</LineString>
			</MultiGeometry>
		</Placemark>
		<Placemark>
			<name>P-87</name>
			<visibility>0</visibility>
			<description><![CDATA[<div><div><span><b>Altitude:</b></span> <span>3,775 ft - 3,850 ft</span></div>
<div><span><b>Speed:</b></span> <span>208 kt - 212 kt</span></div>
<div><span><b>Timestamp:</b></span><br/><span>2023-12-03 23:29:53 UTC<br/>2023-12-03 23:29:57 UTC</span></div>
</div>]]></description>
			<Style>
				<LineStyle>
					<color>ff00ff0c</color>
					<width>2</width>
				</LineStyle>
			</Style>
			<MultiGeometry>
				<LineString>
					<tessellate>1</tessellate>
					<altitudeMode>absolute</altitudeMode>
					<coordinates>
						126.878883,37.483429,1150.62 126.880867,37.480511,1173.48 
					</coordinates>
				</LineString>
			</MultiGeometry>
		</Placemark>
		<Placemark>
			<name>P-88</name>
			<visibility>0</visibility>
			<description><![CDATA[<div><div><span><b>Altitude:</b></span> <span>3,850 ft - 3,875 ft</span></div>
<div><span><b>Speed:</b></span> <span>212 kt - 213 kt</span></div>
<div><span><b>Timestamp:</b></span><br/><span>2023-12-03 23:29:57 UTC<br/>2023-12-03 23:29:58 UTC</span></div>
</div>]]></description>
			<Style>
				<LineStyle>
					<color>ff00ff0c</color>
					<width>2</width>
				</LineStyle>
			</Style>
			<MultiGeometry>
				<LineString>
					<tessellate>1</tessellate>
					<altitudeMode>absolute</altitudeMode>
					<coordinates>
						126.880867,37.480511,1173.48 126.881218,37.480087,1181.1 
					</coordinates>
				</LineString>
			</MultiGeometry>
		</Placemark>
		<Placemark>
			<name>P-89</name>
			<visibility>0</visibility>
			<description><![CDATA[<div><div><span><b>Altitude:</b></span> <span>3,875 ft - 3,950 ft</span></div>
<div><span><b>Speed:</b></span> <span>213 kt - 216 kt</span></div>
<div><span><b>Timestamp:</b></span><br/><span>2023-12-03 23:29:58 UTC<br/>2023-12-03 23:30:02 UTC</span></div>
</div>]]></description>
			<Style>
				<LineStyle>
					<color>ff00ff0c</color>
					<width>2</width>
				</LineStyle>
			</Style>
			<MultiGeometry>
				<LineString>
					<tessellate>1</tessellate>
					<altitudeMode>absolute</altitudeMode>
					<coordinates>
						126.881218,37.480087,1181.1 126.883728,37.47646,1203.96 
					</coordinates>
				</LineString>
			</MultiGeometry>
		</Placemark>
		<Placemark>
			<name>P-90</name>
			<visibility>0</visibility>
			<description><![CDATA[<div><div><span><b>Altitude:</b></span> <span>3,950 ft - 3,975 ft</span></div>
<div><span><b>Speed:</b></span> <span>216 kt - 217 kt</span></div>
<div><span><b>Timestamp:</b></span><br/><span>2023-12-03 23:30:02 UTC<br/>2023-12-03 23:30:03 UTC</span></div>
</div>]]></description>
			<Style>
				<LineStyle>
					<color>ff00ff36</color>
					<width>2</width>
				</LineStyle>
			</Style>
			<MultiGeometry>
				<LineString>
					<tessellate>1</tessellate>
					<altitudeMode>absolute</altitudeMode>
					<coordinates>
						126.883728,37.47646,1203.96 126.884331,37.475529,1211.58 
					</coordinates>
				</LineString>
			</MultiGeometry>
		</Placemark>
		<Placemark>
			<name>P-91</name>
			<visibility>0</visibility>
			<description><![CDATA[<div><div><span><b>Altitude:</b></span> <span>3,975 ft - 4,275 ft</span></div>
<div><span><b>Speed:</b></span> <span>217 kt - 230 kt</span></div>
<div><span><b>Timestamp:</b></span><br/><span>2023-12-03 23:30:03 UTC<br/>2023-12-03 23:30:14 UTC</span></div>
</div>]]></description>
			<Style>
				<LineStyle>
					<color>ff00ff36</color>
					<width>2</width>
				</LineStyle>
			</Style>
			<MultiGeometry>
				<LineString>
					<tessellate>1</tessellate>
					<altitudeMode>absolute</altitudeMode>
					<coordinates>
						126.884331,37.475529,1211.58 126.891449,37.465302,1303.02 
					</coordinates>
				</LineString>
			</MultiGeometry>
		</Placemark>
		<Placemark>
			<name>P-92</name>
			<visibility>0</visibility>
			<description><![CDATA[<div><div><span><b>Altitude:</b></span> <span>4,275 ft - 4,475 ft</span></div>
<div><span><b>Speed:</b></span> <span>230 kt - 239 kt</span></div>
<div><span><b>Timestamp:</b></span><br/><span>2023-12-03 23:30:14 UTC<br/>2023-12-03 23:30:21 UTC</span></div>
</div>]]></description>
			<Style>
				<LineStyle>
					<color>ff00ff36</color>
					<width>2</width>
				</LineStyle>
			</Style>
			<MultiGeometry>
				<LineString>
					<tessellate>1</tessellate>
					<altitudeMode>absolute</altitudeMode>
					<coordinates>
						126.891449,37.465302,1303.02 126.896065,37.458664,1363.98 
					</coordinates>
				</LineString>
			</MultiGeometry>
		</Placemark>
		<Placemark>
			<name>P-93</name>
			<visibility>0</visibility>
			<description><![CDATA[<div><div><span><b>Altitude:</b></span> <span>4,475 ft - 4,725 ft</span></div>
<div><span><b>Speed:</b></span> <span>239 kt - 250 kt</span></div>
<div><span><b>Timestamp:</b></span><br/><span>2023-12-03 23:30:21 UTC<br/>2023-12-03 23:30:31 UTC</span></div>
</div>]]></description>
			<Style>
				<LineStyle>
					<color>ff00ff36</color>
					<width>2</width>
				</LineStyle>
			</Style>
			<MultiGeometry>
				<LineString>
					<tessellate>1</tessellate>
					<altitudeMode>absolute</altitudeMode>
					<coordinates>
						126.896065,37.458664,1363.98 126.902298,37.449692,1440.18 
					</coordinates>
				</LineString>
			</MultiGeometry>
		</Placemark>
		<Placemark>
			<name>P-94</name>
			<visibility>0</visibility>
			<description><![CDATA[<div><div><span><b>Altitude:</b></span> <span>4,725 ft - 4,875 ft</span></div>
<div><span><b>Speed:</b></span> <span>250 kt - 259 kt</span></div>
<div><span><b>Timestamp:</b></span><br/><span>2023-12-03 23:30:31 UTC<br/>2023-12-03 23:30:37 UTC</span></div>
</div>]]></description>
			<Style>
				<LineStyle>
					<color>ff00ff36</color>
					<width>2</width>
				</LineStyle>
			</Style>
			<MultiGeometry>
				<LineString>
					<tessellate>1</tessellate>
					<altitudeMode>absolute</altitudeMode>
					<coordinates>
						126.902298,37.449692,1440.18 126.907913,37.44178,1485.9 
					</coordinates>
				</LineString>
			</MultiGeometry>
		</Placemark>
		<Placemark>
			<name>P-95</name>
			<visibility>0</visibility>
			<description><![CDATA[<div><div><span><b>Altitude:</b></span> <span>4,875 ft - 5,000 ft</span></div>
<div><span><b>Speed:</b></span> <span>259 kt - 268 kt</span></div>
<div><span><b>Timestamp:</b></span><br/><span>2023-12-03 23:30:37 UTC<br/>2023-12-03 23:30:44 UTC</span></div>
</div>]]></description>
			<Style>
				<LineStyle>
					<color>ff00ff36</color>
					<width>2</width>
				</LineStyle>
			</Style>
			<MultiGeometry>
				<LineString>
					<tessellate>1</tessellate>
					<altitudeMode>absolute</altitudeMode>
					<coordinates>
						126.907913,37.44178,1485.9 126.912132,37.436325,1524 
					</coordinates>
				</LineString>
			</MultiGeometry>
		</Placemark>
		<Placemark>
			<name>P-96</name>
			<visibility>0</visibility>
			<description><![CDATA[<div><div><span><b>Altitude:</b></span> <span>5,000 ft - 5,125 ft</span></div>
<div><span><b>Speed:</b></span> <span>268 kt - 274 kt</span></div>
<div><span><b>Timestamp:</b></span><br/><span>2023-12-03 23:30:44 UTC<br/>2023-12-03 23:30:47 UTC</span></div>
</div>]]></description>
			<Style>
				<LineStyle>
					<color>ff00ff72</color>
					<width>2</width>
				</LineStyle>
			</Style>
			<MultiGeometry>
				<LineString>
					<tessellate>1</tessellate>
					<altitudeMode>absolute</altitudeMode>
					<coordinates>
						126.912132,37.436325,1524 126.917107,37.431351,1562.1 
					</coordinates>
				</LineString>
			</MultiGeometry>
		</Placemark>
		<Placemark>
			<name>P-97</name>
			<visibility>0</visibility>
			<description><![CDATA[<div><div><span><b>Altitude:</b></span> <span>5,125 ft - 5,250 ft</span></div>
<div><span><b>Speed:</b></span> <span>274 kt - 279 kt</span></div>
<div><span><b>Timestamp:</b></span><br/><span>2023-12-03 23:30:47 UTC<br/>2023-12-03 23:30:51 UTC</span></div>
</div>]]></description>
			<Style>
				<LineStyle>
					<color>ff00ff72</color>
					<width>2</width>
				</LineStyle>
			</Style>
			<MultiGeometry>
				<LineString>
					<tessellate>1</tessellate>
					<altitudeMode>absolute</altitudeMode>
					<coordinates>
						126.917107,37.431351,1562.1 126.921425,37.428177,1600.2 
					</coordinates>
				</LineString>
			</MultiGeometry>
		</Placemark>
		<Placemark>
			<name>P-98</name>
			<visibility>0</visibility>
			<description><![CDATA[<div><div><span><b>Altitude:</b></span> <span>5,250 ft - 5,350 ft</span></div>
<div><span><b>Speed:</b></span> <span>279 kt - 282 kt</span></div>
<div><span><b>Timestamp:</b></span><br/><span>2023-12-03 23:30:51 UTC<br/>2023-12-03 23:30:54 UTC</span></div>
</div>]]></description>
			<Style>
				<LineStyle>
					<color>ff00ff72</color>
					<width>2</width>
				</LineStyle>
			</Style>
			<MultiGeometry>
				<LineString>
					<tessellate>1</tessellate>
					<altitudeMode>absolute</altitudeMode>
					<coordinates>
						126.921425,37.428177,1600.2 126.925529,37.425671,1630.68 
					</coordinates>
				</LineString>
			</MultiGeometry>
		</Placemark>
		<Placemark>
			<name>P-99</name>
			<visibility>0</visibility>
			<description><![CDATA[<div><div><span><b>Altitude:</b></span> <span>5,350 ft - 5,400 ft</span></div>
<div><span><b>Speed:</b></span> <span>282 kt - 283 kt</span></div>
<div><span><b>Timestamp:</b></span><br/><span>2023-12-03 23:30:54 UTC<br/>2023-12-03 23:30:58 UTC</span></div>
</div>]]></description>
			<Style>
				<LineStyle>
					<color>ff00ff72</color>
					<width>2</width>
				</LineStyle>
			</Style>
			<MultiGeometry>
				<LineString>
					<tessellate>1</tessellate>
					<altitudeMode>absolute</altitudeMode>
					<coordinates>
						126.925529,37.425671,1630.68 126.929604,37.423645,1645.92 
					</coordinates>
				</LineString>
			</MultiGeometry>
		</Placemark>
		<Placemark>
			<name>P-100</name>
			<visibility>0</visibility>
			<description><![CDATA[<div><div><span><b>Altitude:</b></span> <span>5,400 ft - 5,475 ft</span></div>
<div><span><b>Speed:</b></span> <span>283 kt - 281 kt</span></div>
<div><span><b>Timestamp:</b></span><br/><span>2023-12-03 23:30:58 UTC<br/>2023-12-03 23:31:01 UTC</span></div>
</div>]]></description>
			<Style>
				<LineStyle>
					<color>ff00ff72</color>
					<width>2</width>
				</LineStyle>
			</Style>
			<MultiGeometry>
				<LineString>
					<tessellate>1</tessellate>
					<altitudeMode>absolute</altitudeMode>
					<coordinates>
						126.929604,37.423645,1645.92 126.935509,37.421402,1668.78 
					</coordinates>
				</LineString>
			</MultiGeometry>
		</Placemark>
		<Placemark>
			<name>P-101</name>
			<visibility>0</visibility>
			<description><![CDATA[<div><div><span><b>Altitude:</b></span> <span>5,475 ft - 5,525 ft</span></div>
<div><span><b>Speed:</b></span> <span>281 kt - 282 kt</span></div>
<div><span><b>Timestamp:</b></span><br/><span>2023-12-03 23:31:01 UTC<br/>2023-12-03 23:31:03 UTC</span></div>
</div>]]></description>
			<Style>
				<LineStyle>
					<color>ff00ff72</color>
					<width>2</width>
				</LineStyle>
			</Style>
			<MultiGeometry>
				<LineString>
					<tessellate>1</tessellate>
					<altitudeMode>absolute</altitudeMode>
					<coordinates>
						126.935509,37.421402,1668.78 126.938667,37.420486,1684.02 
					</coordinates>
				</LineString>
			</MultiGeometry>
		</Placemark>
		<Placemark>
			<name>P-102</name>
			<visibility>0</visibility>
			<description><![CDATA[<div><div><span><b>Altitude:</b></span> <span>5,525 ft - 5,575 ft</span></div>
<div><span><b>Speed:</b></span> <span>282 kt - 280 kt</span></div>
<div><span><b>Timestamp:</b></span><br/><span>2023-12-03 23:31:03 UTC<br/>2023-12-03 23:31:07 UTC</span></div>
</div>]]></description>
			<Style>
				<LineStyle>
					<color>ff00ff72</color>
					<width>2</width>
				</LineStyle>
			</Style>
			<MultiGeometry>
				<LineString>
					<tessellate>1</tessellate>
					<altitudeMode>absolute</altitudeMode>
					<coordinates>
						126.938667,37.420486,1684.02 126.944756,37.419247,1699.26 
					</coordinates>
				</LineString>
			</MultiGeometry>
		</Placemark>
		<Placemark>
			<name>P-103</name>
			<visibility>0</visibility>
			<description><![CDATA[<div><div><span><b>Altitude:</b></span> <span>5,575 ft - 5,600 ft</span></div>
<div><span><b>Speed:</b></span> <span>280 kt</span></div>
<div><span><b>Timestamp:</b></span><br/><span>2023-12-03 23:31:07 UTC<br/>2023-12-03 23:31:10 UTC</span></div>
</div>]]></description>
			<Style>
				<LineStyle>
					<color>ff00ff72</color>
					<width>2</width>
				</LineStyle>
			</Style>
			<MultiGeometry>
				<LineString>
					<tessellate>1</tessellate>
					<altitudeMode>absolute</altitudeMode>
					<coordinates>
						126.944756,37.419247,1699.26 126.949829,37.41861,1706.88 
					</coordinates>
				</LineString>
			</MultiGeometry>
		</Placemark>
		<Placemark>
			<name>P-104</name>
			<visibility>0</visibility>
			<description><![CDATA[<div><div><span><b>Altitude:</b></span> <span>5,600 ft - 5,625 ft</span></div>
<div><span><b>Speed:</b></span> <span>280 kt - 279 kt</span></div>
<div><span><b>Timestamp:</b></span><br/><span>2023-12-03 23:31:10 UTC<br/>2023-12-03 23:31:14 UTC</span></div>
</div>]]></description>
			<Style>
				<LineStyle>
					<color>ff00ff72</color>
					<width>2</width>
				</LineStyle>
			</Style>
			<MultiGeometry>
				<LineString>
					<tessellate>1</tessellate>
					<altitudeMode>absolute</altitudeMode>
					<coordinates>
						126.949829,37.41861,1706.88 126.954849,37.418381,1714.5 
					</coordinates>
				</LineString>
			</MultiGeometry>
		</Placemark>
		<Placemark>
			<name>P-105</name>
			<visibility>0</visibility>
			<description><![CDATA[<div><div><span><b>Altitude:</b></span> <span>5,625 ft - 5,650 ft</span></div>
<div><span><b>Speed:</b></span> <span>279 kt</span></div>
<div><span><b>Timestamp:</b></span><br/><span>2023-12-03 23:31:14 UTC<br/>2023-12-03 23:31:17 UTC</span></div>
</div>]]></description>
			<Style>
				<LineStyle>
					<color>ff00ff72</color>
					<width>2</width>
				</LineStyle>
			</Style>
			<MultiGeometry>
				<LineString>
					<tessellate>1</tessellate>
					<altitudeMode>absolute</altitudeMode>
					<coordinates>
						126.954849,37.418381,1714.5 126.961533,37.418644,1722.12 
					</coordinates>
				</LineString>
			</MultiGeometry>
		</Placemark>
		<Placemark>
			<name>P-106</name>
			<visibility>0</visibility>
			<description><![CDATA[<div><div><span><b>Altitude:</b></span> <span>5,650 ft</span></div>
<div><span><b>Speed:</b></span> <span>279 kt - 278 kt</span></div>
<div><span><b>Timestamp:</b></span><br/><span>2023-12-03 23:31:17 UTC<br/>2023-12-03 23:31:20 UTC</span></div>
</div>]]></description>
			<Style>
				<LineStyle>
					<color>ff00ff72</color>
					<width>2</width>
				</LineStyle>
			</Style>
			<MultiGeometry>
				<LineString>
					<tessellate>1</tessellate>
					<altitudeMode>absolute</altitudeMode>
					<coordinates>
						126.961533,37.418644,1722.12 126.966423,37.41925,1722.12 
					</coordinates>
				</LineString>
			</MultiGeometry>
		</Placemark>
		<Placemark>
			<name>P-107</name>
			<visibility>0</visibility>
			<description><![CDATA[<div><div><span><b>Altitude:</b></span> <span>5,650 ft - 5,675 ft</span></div>
<div><span><b>Speed:</b></span> <span>278 kt</span></div>
<div><span><b>Timestamp:</b></span><br/><span>2023-12-03 23:31:20 UTC<br/>2023-12-03 23:31:23 UTC</span></div>
</div>]]></description>
			<Style>
				<LineStyle>
					<color>ff00ff72</color>
					<width>2</width>
				</LineStyle>
			</Style>
			<MultiGeometry>
				<LineString>
					<tessellate>1</tessellate>
					<altitudeMode>absolute</altitudeMode>
					<coordinates>
						126.966423,37.41925,1722.12 126.970428,37.419945,1729.74 
					</coordinates>
				</LineString>
			</MultiGeometry>
		</Placemark>
		<Placemark>
			<name>P-108</name>
			<visibility>0</visibility>
			<description><![CDATA[<div><div><span><b>Altitude:</b></span> <span>5,675 ft</span></div>
<div><span><b>Speed:</b></span> <span>278 kt</span></div>
<div><span><b>Timestamp:</b></span><br/><span>2023-12-03 23:31:23 UTC<br/>2023-12-03 23:31:27 UTC</span></div>
</div>]]></description>
			<Style>
				<LineStyle>
					<color>ff00ff72</color>
					<width>2</width>
				</LineStyle>
			</Style>
			<MultiGeometry>
				<LineString>
					<tessellate>1</tessellate>
					<altitudeMode>absolute</altitudeMode>
					<coordinates>
						126.970428,37.419945,1729.74 126.976341,37.421108,1729.74 
					</coordinates>
				</LineString>
			</MultiGeometry>
		</Placemark>
		<Placemark>
			<name>P-109</name>
			<visibility>0</visibility>
			<description><![CDATA[<div><div><span><b>Altitude:</b></span> <span>5,675 ft - 5,750 ft</span></div>
<div><span><b>Speed:</b></span> <span>278 kt</span></div>
<div><span><b>Timestamp:</b></span><br/><span>2023-12-03 23:31:27 UTC<br/>2023-12-03 23:31:32 UTC</span></div>
</div>]]></description>
			<Style>
				<LineStyle>
					<color>ff00ff72</color>
					<width>2</width>
				</LineStyle>
			</Style>
			<MultiGeometry>
				<LineString>
					<tessellate>1</tessellate>
					<altitudeMode>absolute</altitudeMode>
					<coordinates>
						126.976341,37.421108,1729.74 126.984596,37.422821,1752.6 
					</coordinates>
				</LineString>
			</MultiGeometry>
		</Placemark>
		<Placemark>
			<name>P-110</name>
			<visibility>0</visibility>
			<description><![CDATA[<div><div><span><b>Altitude:</b></span> <span>5,750 ft - 5,825 ft</span></div>
<div><span><b>Speed:</b></span> <span>278 kt - 277 kt</span></div>
<div><span><b>Timestamp:</b></span><br/><span>2023-12-03 23:31:32 UTC<br/>2023-12-03 23:31:35 UTC</span></div>
</div>]]></description>
			<Style>
				<LineStyle>
					<color>ff00ff72</color>
					<width>2</width>
				</LineStyle>
			</Style>
			<MultiGeometry>
				<LineString>
					<tessellate>1</tessellate>
					<altitudeMode>absolute</altitudeMode>
					<coordinates>
						126.984596,37.422821,1752.6 126.989677,37.423828,1775.46 
					</coordinates>
				</LineString>
			</MultiGeometry>
		</Placemark>
		<Placemark>
			<name>P-111</name>
			<visibility>0</visibility>
			<description><![CDATA[<div><div><span><b>Altitude:</b></span> <span>5,825 ft - 5,925 ft</span></div>
<div><span><b>Speed:</b></span> <span>277 kt - 278 kt</span></div>
<div><span><b>Timestamp:</b></span><br/><span>2023-12-03 23:31:35 UTC<br/>2023-12-03 23:31:38 UTC</span></div>
</div>]]></description>
			<Style>
				<LineStyle>
					<color>ff00ff72</color>
					<width>2</width>
				</LineStyle>
			</Style>
			<MultiGeometry>
				<LineString>
					<tessellate>1</tessellate>
					<altitudeMode>absolute</altitudeMode>
					<coordinates>
						126.989677,37.423828,1775.46 126.99453,37.424744,1805.94 
					</coordinates>
				</LineString>
			</MultiGeometry>
		</Placemark>
		<Placemark>
			<name>P-112</name>
			<visibility>0</visibility>
			<description><![CDATA[<div><div><span><b>Altitude:</b></span> <span>5,925 ft - 6,050 ft</span></div>
<div><span><b>Speed:</b></span> <span>278 kt</span></div>
<div><span><b>Timestamp:</b></span><br/><span>2023-12-03 23:31:38 UTC<br/>2023-12-03 23:31:41 UTC</span></div>
</div>]]></description>
			<Style>
				<LineStyle>
					<color>ff00ff72</color>
					<width>2</width>
				</LineStyle>
			</Style>
			<MultiGeometry>
				<LineString>
					<tessellate>1</tessellate>
					<altitudeMode>absolute</altitudeMode>
					<coordinates>
						126.99453,37.424744,1805.94 126.999443,37.425671,1844.04 
					</coordinates>
				</LineString>
			</MultiGeometry>
		</Placemark>
		<Placemark>
			<name>P-113</name>
			<visibility>0</visibility>
			<description><![CDATA[<div><div><span><b>Altitude:</b></span> <span>6,050 ft - 6,175 ft</span></div>
<div><span><b>Speed:</b></span> <span>278 kt - 280 kt</span></div>
<div><span><b>Timestamp:</b></span><br/><span>2023-12-03 23:31:41 UTC<br/>2023-12-03 23:31:44 UTC</span></div>
</div>]]></description>
			<Style>
				<LineStyle>
					<color>ff00ff72</color>
					<width>2</width>
				</LineStyle>
			</Style>
			<MultiGeometry>
				<LineString>
					<tessellate>1</tessellate>
					<altitudeMode>absolute</altitudeMode>
					<coordinates>
						126.999443,37.425671,1844.04 127.004044,37.42651,1882.14 
					</coordinates>
				</LineString>
			</MultiGeometry>
		</Placemark>
		<Placemark>
			<name>P-114</name>
			<visibility>0</visibility>
			<description><![CDATA[<div><div><span><b>Altitude:</b></span> <span>6,175 ft - 6,725 ft</span></div>
<div><span><b>Speed:</b></span> <span>280 kt - 287 kt</span></div>
<div><span><b>Timestamp:</b></span><br/><span>2023-12-03 23:31:44 UTC<br/>2023-12-03 23:31:59 UTC</span></div>
</div>]]></description>
			<Style>
				<LineStyle>
					<color>ff00ff72</color>
					<width>2</width>
				</LineStyle>
			</Style>
			<MultiGeometry>
				<LineString>
					<tessellate>1</tessellate>
					<altitudeMode>absolute</altitudeMode>
					<coordinates>
						127.004044,37.42651,1882.14 127.027786,37.430511,2049.78 
					</coordinates>
				</LineString>
			</MultiGeometry>
		</Placemark>
		<Placemark>
			<name>P-115</name>
			<visibility>0</visibility>
			<description><![CDATA[<div><div><span><b>Altitude:</b></span> <span>6,725 ft - 7,375 ft</span></div>
<div><span><b>Speed:</b></span> <span>287 kt - 295 kt</span></div>
<div><span><b>Timestamp:</b></span><br/><span>2023-12-03 23:31:59 UTC<br/>2023-12-03 23:32:15 UTC</span></div>
</div>]]></description>
			<Style>
				<LineStyle>
					<color>ff00ff9c</color>
					<width>2</width>
				</LineStyle>
			</Style>
			<MultiGeometry>
				<LineString>
					<tessellate>1</tessellate>
					<altitudeMode>absolute</altitudeMode>
					<coordinates>
						127.027786,37.430511,2049.78 127.054138,37.434723,2247.9 
					</coordinates>
				</LineString>
			</MultiGeometry>
		</Placemark>
		<Placemark>
			<name>P-116</name>
			<visibility>0</visibility>
			<description><![CDATA[<div><div><span><b>Altitude:</b></span> <span>7,375 ft - 8,025 ft</span></div>
<div><span><b>Speed:</b></span> <span>295 kt - 299 kt</span></div>
<div><span><b>Timestamp:</b></span><br/><span>2023-12-03 23:32:15 UTC<br/>2023-12-03 23:32:30 UTC</span></div>
</div>]]></description>
			<Style>
				<LineStyle>
					<color>ff00ff9c</color>
					<width>2</width>
				</LineStyle>
			</Style>
			<MultiGeometry>
				<LineString>
					<tessellate>1</tessellate>
					<altitudeMode>absolute</altitudeMode>
					<coordinates>
						127.054138,37.434723,2247.9 127.080376,37.438889,2446.02 
					</coordinates>
				</LineString>
			</MultiGeometry>
		</Placemark>
		<Placemark>
			<name>P-117</name>
			<visibility>0</visibility>
			<description><![CDATA[<div><div><span><b>Altitude:</b></span> <span>8,025 ft - 8,525 ft</span></div>
<div><span><b>Speed:</b></span> <span>299 kt - 303 kt</span></div>
<div><span><b>Timestamp:</b></span><br/><span>2023-12-03 23:32:30 UTC<br/>2023-12-03 23:32:42 UTC</span></div>
</div>]]></description>
			<Style>
				<LineStyle>
					<color>ff00ff9c</color>
					<width>2</width>
				</LineStyle>
			</Style>
			<MultiGeometry>
				<LineString>
					<tessellate>1</tessellate>
					<altitudeMode>absolute</altitudeMode>
					<coordinates>
						127.080376,37.438889,2446.02 127.101189,37.442196,2598.42 
					</coordinates>
				</LineString>
			</MultiGeometry>
		</Placemark>
		<Placemark>
			<name>P-118</name>
			<visibility>0</visibility>
			<description><![CDATA[<div><div><span><b>Altitude:</b></span> <span>8,525 ft - 9,075 ft</span></div>
<div><span><b>Speed:</b></span> <span>303 kt - 311 kt</span></div>
<div><span><b>Timestamp:</b></span><br/><span>2023-12-03 23:32:42 UTC<br/>2023-12-03 23:32:57 UTC</span></div>
</div>]]></description>
			<Style>
				<LineStyle>
					<color>ff00ffd2</color>
					<width>2</width>
				</LineStyle>
			</Style>
			<MultiGeometry>
				<LineString>
					<tessellate>1</tessellate>
					<altitudeMode>absolute</altitudeMode>
					<coordinates>
						127.101189,37.442196,2598.42 127.127045,37.446342,2766.059999999999 
					</coordinates>
				</LineString>
			</MultiGeometry>
		</Placemark>
		<Placemark>
			<name>P-119</name>
			<visibility>0</visibility>
			<description><![CDATA[<div><div><span><b>Altitude:</b></span> <span>9,075 ft - 9,800 ft</span></div>
<div><span><b>Speed:</b></span> <span>311 kt - 312 kt</span></div>
<div><span><b>Timestamp:</b></span><br/><span>2023-12-03 23:32:57 UTC<br/>2023-12-03 23:33:12 UTC</span></div>
</div>]]></description>
			<Style>
				<LineStyle>
					<color>ff00ffd2</color>
					<width>2</width>
				</LineStyle>
			</Style>
			<MultiGeometry>
				<LineString>
					<tessellate>1</tessellate>
					<altitudeMode>absolute</altitudeMode>
					<coordinates>
						127.127045,37.446342,2766.059999999999 127.154564,37.450809,2987.04 
					</coordinates>
				</LineString>
			</MultiGeometry>
		</Placemark>
		<Placemark>
			<name>P-120</name>
			<visibility>0</visibility>
			<description><![CDATA[<div><div><span><b>Altitude:</b></span> <span>9,800 ft - 10,475 ft</span></div>
<div><span><b>Speed:</b></span> <span>312 kt - 316 kt</span></div>
<div><span><b>Timestamp:</b></span><br/><span>2023-12-03 23:33:12 UTC<br/>2023-12-03 23:33:28 UTC</span></div>
</div>]]></description>
			<Style>
				<LineStyle>
					<color>ff00ffd2</color>
					<width>2</width>
				</LineStyle>
			</Style>
			<MultiGeometry>
				<LineString>
					<tessellate>1</tessellate>
					<altitudeMode>absolute</altitudeMode>
					<coordinates>
						127.154564,37.450809,2987.04 127.182747,37.455463,3192.78 
					</coordinates>
				</LineString>
			</MultiGeometry>
		</Placemark>
		<Placemark>
			<name>P-121</name>
			<visibility>0</visibility>
			<description><![CDATA[<div><div><span><b>Altitude:</b></span> <span>10,475 ft - 11,150 ft</span></div>
<div><span><b>Speed:</b></span> <span>316 kt - 317 kt</span></div>
<div><span><b>Timestamp:</b></span><br/><span>2023-12-03 23:33:28 UTC<br/>2023-12-03 23:33:43 UTC</span></div>
</div>]]></description>
			<Style>
				<LineStyle>
					<color>ff00ffe4</color>
					<width>2</width>
				</LineStyle>
			</Style>
			<MultiGeometry>
				<LineString>
					<tessellate>1</tessellate>
					<altitudeMode>absolute</altitudeMode>
					<coordinates>
						127.182747,37.455463,3192.78 127.209618,37.459793,3398.52 
					</coordinates>
				</LineString>
			</MultiGeometry>
		</Placemark>
		<Placemark>
			<name>P-122</name>
			<visibility>0</visibility>
			<description><![CDATA[<div><div><span><b>Altitude:</b></span> <span>11,150 ft - 11,625 ft</span></div>
<div><span><b>Speed:</b></span> <span>317 kt - 320 kt</span></div>
<div><span><b>Timestamp:</b></span><br/><span>2023-12-03 23:33:43 UTC<br/>2023-12-03 23:33:55 UTC</span></div>
</div>]]></description>
			<Style>
				<LineStyle>
					<color>ff00ffe4</color>
					<width>2</width>
				</LineStyle>
			</Style>
			<MultiGeometry>
				<LineString>
					<tessellate>1</tessellate>
					<altitudeMode>absolute</altitudeMode>
					<coordinates>
						127.209618,37.459793,3398.52 127.231613,37.463379,3543.3 
					</coordinates>
				</LineString>
			</MultiGeometry>
		</Placemark>
		<Placemark>
			<name>P-123</name>
			<visibility>0</visibility>
			<description><![CDATA[<div><div><span><b>Altitude:</b></span> <span>11,625 ft - 12,250 ft</span></div>
<div><span><b>Speed:</b></span> <span>320 kt - 323 kt</span></div>
<div><span><b>Timestamp:</b></span><br/><span>2023-12-03 23:33:55 UTC<br/>2023-12-03 23:34:10 UTC</span></div>
</div>]]></description>
			<Style>
				<LineStyle>
					<color>ff00eaff</color>
					<width>2</width>
				</LineStyle>
			</Style>
			<MultiGeometry>
				<LineString>
					<tessellate>1</tessellate>
					<altitudeMode>absolute</altitudeMode>
					<coordinates>
						127.231613,37.463379,3543.3 127.259712,37.467941,3733.8 
					</coordinates>
				</LineString>
			</MultiGeometry>
		</Placemark>
		<Placemark>
			<name>P-124</name>
			<visibility>0</visibility>
			<description><![CDATA[<div><div><span><b>Altitude:</b></span> <span>12,250 ft - 13,550 ft</span></div>
<div><span><b>Speed:</b></span> <span>323 kt - 332 kt</span></div>
<div><span><b>Timestamp:</b></span><br/><span>2023-12-03 23:34:10 UTC<br/>2023-12-03 23:34:44 UTC</span></div>
</div>]]></description>
			<Style>
				<LineStyle>
					<color>ff00eaff</color>
					<width>2</width>
				</LineStyle>
			</Style>
			<MultiGeometry>
				<LineString>
					<tessellate>1</tessellate>
					<altitudeMode>absolute</altitudeMode>
					<coordinates>
						127.259712,37.467941,3733.8 127.321548,37.478027,4130.04 
					</coordinates>
				</LineString>
			</MultiGeometry>
		</Placemark>
		<Placemark>
			<name>P-125</name>
			<visibility>0</visibility>
			<description><![CDATA[<div><div><span><b>Altitude:</b></span> <span>13,550 ft - 14,800 ft</span></div>
<div><span><b>Speed:</b></span> <span>332 kt - 333 kt</span></div>
<div><span><b>Timestamp:</b></span><br/><span>2023-12-03 23:34:44 UTC<br/>2023-12-03 23:35:16 UTC</span></div>
</div>]]></description>
			<Style>
				<LineStyle>
					<color>ff00c0ff</color>
					<width>2</width>
				</LineStyle>
			</Style>
			<MultiGeometry>
				<LineString>
					<tessellate>1</tessellate>
					<altitudeMode>absolute</altitudeMode>
					<coordinates>
						127.321548,37.478027,4130.04 127.381874,37.48782,4511.04 
					</coordinates>
				</LineString>
			</MultiGeometry>
		</Placemark>
		<Placemark>
			<name>P-126</name>
			<visibility>0</visibility>
			<description><![CDATA[<div><div><span><b>Altitude:</b></span> <span>14,800 ft - 15,875 ft</span></div>
<div><span><b>Speed:</b></span> <span>333 kt - 341 kt</span></div>
<div><span><b>Timestamp:</b></span><br/><span>2023-12-03 23:35:16 UTC<br/>2023-12-03 23:35:46 UTC</span></div>
</div>]]></description>
			<Style>
				<LineStyle>
					<color>ff00a8ff</color>
					<width>2</width>
				</LineStyle>
			</Style>
			<MultiGeometry>
				<LineString>
					<tessellate>1</tessellate>
					<altitudeMode>absolute</altitudeMode>
					<coordinates>
						127.381874,37.48782,4511.04 127.439972,37.497128,4838.699999999999 
					</coordinates>
				</LineString>
			</MultiGeometry>
		</Placemark>
		<Placemark>
			<name>P-127</name>
			<visibility>0</visibility>
			<description><![CDATA[<div><div><span><b>Altitude:</b></span> <span>15,875 ft - 17,075 ft</span></div>
<div><span><b>Speed:</b></span> <span>341 kt - 350 kt</span></div>
<div><span><b>Timestamp:</b></span><br/><span>2023-12-03 23:35:46 UTC<br/>2023-12-03 23:36:23 UTC</span></div>
</div>]]></description>
			<Style>
				<LineStyle>
					<color>ff00a8ff</color>
					<width>2</width>
				</LineStyle>
			</Style>
			<MultiGeometry>
				<LineString>
					<tessellate>1</tessellate>
					<altitudeMode>absolute</altitudeMode>
					<coordinates>
						127.439972,37.497128,4838.699999999999 127.51416,37.509064,5204.46 
					</coordinates>
				</LineString>
			</MultiGeometry>
		</Placemark>
		<Placemark>
			<name>P-128</name>
			<visibility>0</visibility>
			<description><![CDATA[<div><div><span><b>Altitude:</b></span> <span>17,075 ft - 18,175 ft</span></div>
<div><span><b>Speed:</b></span> <span>350 kt - 355 kt</span></div>
<div><span><b>Timestamp:</b></span><br/><span>2023-12-03 23:36:23 UTC<br/>2023-12-03 23:36:55 UTC</span></div>
</div>]]></description>
			<Style>
				<LineStyle>
					<color>ff0096ff</color>
					<width>2</width>
				</LineStyle>
			</Style>
			<MultiGeometry>
				<LineString>
					<tessellate>1</tessellate>
					<altitudeMode>absolute</altitudeMode>
					<coordinates>
						127.51416,37.509064,5204.46 127.578911,37.519409,5539.74 
					</coordinates>
				</LineString>
			</MultiGeometry>
		</Placemark>
		<Placemark>
			<name>P-129</name>
			<visibility>0</visibility>
			<description><![CDATA[<div><div><span><b>Altitude:</b></span> <span>18,175 ft - 19,275 ft</span></div>
<div><span><b>Speed:</b></span> <span>355 kt - 360 kt</span></div>
<div><span><b>Timestamp:</b></span><br/><span>2023-12-03 23:36:55 UTC<br/>2023-12-03 23:37:27 UTC</span></div>
</div>]]></description>
			<Style>
				<LineStyle>
					<color>ff0078ff</color>
					<width>2</width>
				</LineStyle>
			</Style>
			<MultiGeometry>
				<LineString>
					<tessellate>1</tessellate>
					<altitudeMode>absolute</altitudeMode>
					<coordinates>
						127.578911,37.519409,5539.74 127.644188,37.529755,5875.02 
					</coordinates>
				</LineString>
			</MultiGeometry>
		</Placemark>
		<Placemark>
			<name>P-130</name>
			<visibility>0</visibility>
			<description><![CDATA[<div><div><span><b>Altitude:</b></span> <span>19,275 ft - 20,225 ft</span></div>
<div><span><b>Speed:</b></span> <span>360 kt - 367 kt</span></div>
<div><span><b>Timestamp:</b></span><br/><span>2023-12-03 23:37:27 UTC<br/>2023-12-03 23:37:59 UTC</span></div>
</div>]]></description>
			<Style>
				<LineStyle>
					<color>ff0078ff</color>
					<width>2</width>
				</LineStyle>
			</Style>
			<MultiGeometry>
				<LineString>
					<tessellate>1</tessellate>
					<altitudeMode>absolute</altitudeMode>
					<coordinates>
						127.644188,37.529755,5875.02 127.710632,37.540283,6164.579999999999 
					</coordinates>
				</LineString>
			</MultiGeometry>
		</Placemark>
		<Placemark>
			<name>P-131</name>
			<visibility>0</visibility>
			<description><![CDATA[<div><div><span><b>Altitude:</b></span> <span>20,225 ft - 21,050 ft</span></div>
<div><span><b>Speed:</b></span> <span>367 kt - 376 kt</span></div>
<div><span><b>Timestamp:</b></span><br/><span>2023-12-03 23:37:59 UTC<br/>2023-12-03 23:38:31 UTC</span></div>
</div>]]></description>
			<Style>
				<LineStyle>
					<color>ff0054ff</color>
					<width>2</width>
				</LineStyle>
			</Style>
			<MultiGeometry>
				<LineString>
					<tessellate>1</tessellate>
					<altitudeMode>absolute</altitudeMode>
					<coordinates>
						127.710632,37.540283,6164.579999999999 127.777893,37.550949,6416.039999999998 
					</coordinates>
				</LineString>
			</MultiGeometry>
		</Placemark>
		<Placemark>
			<name>P-132</name>
			<visibility>0</visibility>
			<description><![CDATA[<div><div><span><b>Altitude:</b></span> <span>21,050 ft - 21,925 ft</span></div>
<div><span><b>Speed:</b></span> <span>376 kt - 383 kt</span></div>
<div><span><b>Timestamp:</b></span><br/><span>2023-12-03 23:38:31 UTC<br/>2023-12-03 23:39:02 UTC</span></div>
</div>]]></description>
			<Style>
				<LineStyle>
					<color>ff0054ff</color>
					<width>2</width>
				</LineStyle>
			</Style>
			<MultiGeometry>
				<LineString>
					<tessellate>1</tessellate>
					<altitudeMode>absolute</altitudeMode>
					<coordinates>
						127.777893,37.550949,6416.039999999998 127.846291,37.561699,6682.74 
					</coordinates>
				</LineString>
			</MultiGeometry>
		</Placemark>
		<Placemark>
			<name>P-133</name>
			<visibility>0</visibility>
			<description><![CDATA[<div><div><span><b>Altitude:</b></span> <span>21,925 ft - 22,775 ft</span></div>
<div><span><b>Speed:</b></span> <span>383 kt - 389 kt</span></div>
<div><span><b>Timestamp:</b></span><br/><span>2023-12-03 23:39:02 UTC<br/>2023-12-03 23:39:34 UTC</span></div>
</div>]]></description>
			<Style>
				<LineStyle>
					<color>ff0030ff</color>
					<width>2</width>
				</LineStyle>
			</Style>
			<MultiGeometry>
				<LineString>
					<tessellate>1</tessellate>
					<altitudeMode>absolute</altitudeMode>
					<coordinates>
						127.846291,37.561699,6682.74 127.91674,37.572777,6941.819999999999 
					</coordinates>
				</LineString>
			</MultiGeometry>
		</Placemark>
		<Placemark>
			<name>P-134</name>
			<visibility>0</visibility>
			<description><![CDATA[<div><div><span><b>Altitude:</b></span> <span>22,775 ft - 23,575 ft</span></div>
<div><span><b>Speed:</b></span> <span>389 kt - 396 kt</span></div>
<div><span><b>Timestamp:</b></span><br/><span>2023-12-03 23:39:34 UTC<br/>2023-12-03 23:40:06 UTC</span></div>
</div>]]></description>
			<Style>
				<LineStyle>
					<color>ff0030ff</color>
					<width>2</width>
				</LineStyle>
			</Style>
			<MultiGeometry>
				<LineString>
					<tessellate>1</tessellate>
					<altitudeMode>absolute</altitudeMode>
					<coordinates>
						127.91674,37.572777,6941.819999999999 127.987564,37.583862,7185.66 
					</coordinates>
				</LineString>
			</MultiGeometry>
		</Placemark>
		<Placemark>
			<name>P-135</name>
			<visibility>0</visibility>
			<description><![CDATA[<div><div><span><b>Altitude:</b></span> <span>23,575 ft - 24,175 ft</span></div>
<div><span><b>Speed:</b></span> <span>396 kt - 409 kt</span></div>
<div><span><b>Timestamp:</b></span><br/><span>2023-12-03 23:40:06 UTC<br/>2023-12-03 23:40:40 UTC</span></div>
</div>]]></description>
			<Style>
				<LineStyle>
					<color>ff001eff</color>
					<width>2</width>
				</LineStyle>
			</Style>
			<MultiGeometry>
				<LineString>
					<tessellate>1</tessellate>
					<altitudeMode>absolute</altitudeMode>
					<coordinates>
						127.987564,37.583862,7185.66 128.065292,37.596039,7368.539999999999 
					</coordinates>
				</LineString>
			</MultiGeometry>
		</Placemark>
		<Placemark>
			<name>P-136</name>
			<visibility>0</visibility>
			<description><![CDATA[<div><div><span><b>Altitude:</b></span> <span>24,175 ft - 24,575 ft</span></div>
<div><span><b>Speed:</b></span> <span>409 kt - 424 kt</span></div>
<div><span><b>Timestamp:</b></span><br/><span>2023-12-03 23:40:40 UTC<br/>2023-12-03 23:41:10 UTC</span></div>
</div>]]></description>
			<Style>
				<LineStyle>
					<color>ff001eff</color>
					<width>2</width>
				</LineStyle>
			</Style>
			<MultiGeometry>
				<LineString>
					<tessellate>1</tessellate>
					<altitudeMode>absolute</altitudeMode>
					<coordinates>
						128.065292,37.596039,7368.539999999999 128.138199,37.60741,7490.46 
					</coordinates>
				</LineString>
			</MultiGeometry>
		</Placemark>
		<Placemark>
			<name>P-137</name>
			<visibility>0</visibility>
			<description><![CDATA[<div><div><span><b>Altitude:</b></span> <span>24,575 ft - 24,975 ft</span></div>
<div><span><b>Speed:</b></span> <span>424 kt - 440 kt</span></div>
<div><span><b>Timestamp:</b></span><br/><span>2023-12-03 23:41:10 UTC<br/>2023-12-03 23:41:41 UTC</span></div>
</div>]]></description>
			<Style>
				<LineStyle>
					<color>ff001eff</color>
					<width>2</width>
				</LineStyle>
			</Style>
			<MultiGeometry>
				<LineString>
					<tessellate>1</tessellate>
					<altitudeMode>absolute</altitudeMode>
					<coordinates>
						128.138199,37.60741,7490.46 128.213547,37.618973,7612.379999999998 
					</coordinates>
				</LineString>
			</MultiGeometry>
		</Placemark>
		<Placemark>
			<name>P-138</name>
			<visibility>0</visibility>
			<description><![CDATA[<div><div><span><b>Altitude:</b></span> <span>24,975 ft - 25,350 ft</span></div>
<div><span><b>Speed:</b></span> <span>440 kt - 454 kt</span></div>
<div><span><b>Timestamp:</b></span><br/><span>2023-12-03 23:41:41 UTC<br/>2023-12-03 23:42:12 UTC</span></div>
</div>]]></description>
			<Style>
				<LineStyle>
					<color>ff0000ff</color>
					<width>2</width>
				</LineStyle>
			</Style>
			<MultiGeometry>
				<LineString>
					<tessellate>1</tessellate>
					<altitudeMode>absolute</altitudeMode>
					<coordinates>
						128.213547,37.618973,7612.379999999998 128.294754,37.631432,7726.68 
					</coordinates>
				</LineString>
			</MultiGeometry>
		</Placemark>
		<Placemark>
			<name>P-139</name>
			<visibility>0</visibility>
			<description><![CDATA[<div><div><span><b>Altitude:</b></span> <span>25,350 ft - 25,700 ft</span></div>
<div><span><b>Speed:</b></span> <span>454 kt - 467 kt</span></div>
<div><span><b>Timestamp:</b></span><br/><span>2023-12-03 23:42:12 UTC<br/>2023-12-03 23:42:43 UTC</span></div>
</div>]]></description>
			<Style>
				<LineStyle>
					<color>ff0000ff</color>
					<width>2</width>
				</LineStyle>
			</Style>
			<MultiGeometry>
				<LineString>
					<tessellate>1</tessellate>
					<altitudeMode>absolute</altitudeMode>
					<coordinates>
						128.294754,37.631432,7726.68 128.376587,37.644012,7833.359999999999 
					</coordinates>
				</LineString>
			</MultiGeometry>
		</Placemark>
		<Placemark>
			<name>P-140</name>
			<visibility>0</visibility>
			<description><![CDATA[<div><div><span><b>Altitude:</b></span> <span>25,700 ft - 26,050 ft</span></div>
<div><span><b>Speed:</b></span> <span>467 kt - 480 kt</span></div>
<div><span><b>Timestamp:</b></span><br/><span>2023-12-03 23:42:43 UTC<br/>2023-12-03 23:43:14 UTC</span></div>
</div>]]></description>
			<Style>
				<LineStyle>
					<color>ff0000ff</color>
					<width>2</width>
				</LineStyle>
			</Style>
			<MultiGeometry>
				<LineString>
					<tessellate>1</tessellate>
					<altitudeMode>absolute</altitudeMode>
					<coordinates>
						128.376587,37.644012,7833.359999999999 128.460632,37.656757,7940.039999999998 
					</coordinates>
				</LineString>
			</MultiGeometry>
		</Placemark>
		<Placemark>
			<name>P-141</name>
			<visibility>0</visibility>
			<description><![CDATA[<div><div><span><b>Altitude:</b></span> <span>26,050 ft - 26,425 ft</span></div>
<div><span><b>Speed:</b></span> <span>480 kt - 491 kt</span></div>
<div><span><b>Timestamp:</b></span><br/><span>2023-12-03 23:43:14 UTC<br/>2023-12-03 23:43:45 UTC</span></div>
</div>]]></description>
			<Style>
				<LineStyle>
					<color>ff0000ff</color>
					<width>2</width>
				</LineStyle>
			</Style>
			<MultiGeometry>
				<LineString>
					<tessellate>1</tessellate>
					<altitudeMode>absolute</altitudeMode>
					<coordinates>
						128.460632,37.656757,7940.039999999998 128.547256,37.669838,8054.34 
					</coordinates>
				</LineString>
			</MultiGeometry>
		</Placemark>
		<Placemark>
			<name>P-142</name>
			<visibility>0</visibility>
			<description><![CDATA[<div><div><span><b>Altitude:</b></span> <span>26,425 ft - 27,200 ft</span></div>
<div><span><b>Speed:</b></span> <span>491 kt - 493 kt</span></div>
<div><span><b>Timestamp:</b></span><br/><span>2023-12-03 23:43:45 UTC<br/>2023-12-03 23:44:17 UTC</span></div>
</div>]]></description>
			<Style>
				<LineStyle>
					<color>ff0000ff</color>
					<width>2</width>
				</LineStyle>
			</Style>
			<MultiGeometry>
				<LineString>
					<tessellate>1</tessellate>
					<altitudeMode>absolute</altitudeMode>
					<coordinates>
						128.547256,37.669838,8054.34 128.635345,37.681183,8290.559999999999 
					</coordinates>
				</LineString>
			</MultiGeometry>
		</Placemark>
		<Placemark>
			<name>P-143</name>
			<visibility>0</visibility>
			<description><![CDATA[<div><div><span><b>Altitude:</b></span> <span>27,200 ft - 27,500 ft</span></div>
<div><span><b>Speed:</b></span> <span>493 kt - 494 kt</span></div>
<div><span><b>Timestamp:</b></span><br/><span>2023-12-03 23:44:17 UTC<br/>2023-12-03 23:44:29 UTC</span></div>
</div>]]></description>
			<Style>
				<LineStyle>
					<color>ff0000ff</color>
					<width>2</width>
				</LineStyle>
			</Style>
			<MultiGeometry>
				<LineString>
					<tessellate>1</tessellate>
					<altitudeMode>absolute</altitudeMode>
					<coordinates>
						128.635345,37.681183,8290.559999999999 128.669479,37.68219,8381.999999999998 
					</coordinates>
				</LineString>
			</MultiGeometry>
		</Placemark>
		<Placemark>
			<name>P-144</name>
			<visibility>0</visibility>
			<description><![CDATA[<div><div><span><b>Altitude:</b></span> <span>27,500 ft - 27,575 ft</span></div>
<div><span><b>Speed:</b></span> <span>494 kt - 495 kt</span></div>
<div><span><b>Timestamp:</b></span><br/><span>2023-12-03 23:44:29 UTC<br/>2023-12-03 23:44:32 UTC</span></div>
</div>]]></description>
			<Style>
				<LineStyle>
					<color>ff0000ff</color>
					<width>2</width>
				</LineStyle>
			</Style>
			<MultiGeometry>
				<LineString>
					<tessellate>1</tessellate>
					<altitudeMode>absolute</altitudeMode>
					<coordinates>
						128.669479,37.68219,8381.999999999998 128.678207,37.682083,8404.859999999999 
					</coordinates>
				</LineString>
			</MultiGeometry>
		</Placemark>
		<Placemark>
			<name>P-145</name>
			<visibility>0</visibility>
			<description><![CDATA[<div><div><span><b>Altitude:</b></span> <span>27,575 ft - 27,650 ft</span></div>
<div><span><b>Speed:</b></span> <span>495 kt</span></div>
<div><span><b>Timestamp:</b></span><br/><span>2023-12-03 23:44:32 UTC<br/>2023-12-03 23:44:35 UTC</span></div>
</div>]]></description>
			<Style>
				<LineStyle>
					<color>ff0000ff</color>
					<width>2</width>
				</LineStyle>
			</Style>
			<MultiGeometry>
				<LineString>
					<tessellate>1</tessellate>
					<altitudeMode>absolute</altitudeMode>
					<coordinates>
						128.678207,37.682083,8404.859999999999 128.687164,37.68185,8427.719999999999 
					</coordinates>
				</LineString>
			</MultiGeometry>
		</Placemark>
		<Placemark>
			<name>P-146</name>
			<visibility>0</visibility>
			<description><![CDATA[<div><div><span><b>Altitude:</b></span> <span>27,650 ft - 27,725 ft</span></div>
<div><span><b>Speed:</b></span> <span>495 kt</span></div>
<div><span><b>Timestamp:</b></span><br/><span>2023-12-03 23:44:35 UTC<br/>2023-12-03 23:44:38 UTC</span></div>
</div>]]></description>
			<Style>
				<LineStyle>
					<color>ff0000ff</color>
					<width>2</width>
				</LineStyle>
			</Style>
			<MultiGeometry>
				<LineString>
					<tessellate>1</tessellate>
					<altitudeMode>absolute</altitudeMode>
					<coordinates>
						128.687164,37.68185,8427.719999999999 128.695892,37.681458,8450.58 
					</coordinates>
				</LineString>
			</MultiGeometry>
		</Placemark>
		<Placemark>
			<name>P-147</name>
			<visibility>0</visibility>
			<description><![CDATA[<div><div><span><b>Altitude:</b></span> <span>27,725 ft - 27,825 ft</span></div>
<div><span><b>Speed:</b></span> <span>495 kt</span></div>
<div><span><b>Timestamp:</b></span><br/><span>2023-12-03 23:44:38 UTC<br/>2023-12-03 23:44:41 UTC</span></div>
</div>]]></description>
			<Style>
				<LineStyle>
					<color>ff0000ff</color>
					<width>2</width>
				</LineStyle>
			</Style>
			<MultiGeometry>
				<LineString>
					<tessellate>1</tessellate>
					<altitudeMode>absolute</altitudeMode>
					<coordinates>
						128.695892,37.681458,8450.58 128.705826,37.680862,8481.059999999999 
					</coordinates>
				</LineString>
			</MultiGeometry>
		</Placemark>
		<Placemark>
			<name>P-148</name>
			<visibility>0</visibility>
			<description><![CDATA[<div><div><span><b>Altitude:</b></span> <span>27,825 ft - 27,900 ft</span></div>
<div><span><b>Speed:</b></span> <span>495 kt - 496 kt</span></div>
<div><span><b>Timestamp:</b></span><br/><span>2023-12-03 23:44:41 UTC<br/>2023-12-03 23:44:45 UTC</span></div>
</div>]]></description>
			<Style>
				<LineStyle>
					<color>ff0000ff</color>
					<width>2</width>
				</LineStyle>
			</Style>
			<MultiGeometry>
				<LineString>
					<tessellate>1</tessellate>
					<altitudeMode>absolute</altitudeMode>
					<coordinates>
						128.705826,37.680862,8481.059999999999 128.715881,37.680084,8503.92 
					</coordinates>
				</LineString>
			</MultiGeometry>
		</Placemark>
		<Placemark>
			<name>P-149</name>
			<visibility>0</visibility>
			<description><![CDATA[<div><div><span><b>Altitude:</b></span> <span>27,900 ft - 27,975 ft</span></div>
<div><span><b>Speed:</b></span> <span>496 kt</span></div>
<div><span><b>Timestamp:</b></span><br/><span>2023-12-03 23:44:45 UTC<br/>2023-12-03 23:44:48 UTC</span></div>
</div>]]></description>
			<Style>
				<LineStyle>
					<color>ff2400ff</color>
					<width>2</width>
				</LineStyle>
			</Style>
			<MultiGeometry>
				<LineString>
					<tessellate>1</tessellate>
					<altitudeMode>absolute</altitudeMode>
					<coordinates>
						128.715881,37.680084,8503.92 128.724899,37.679195,8526.780000000001 
					</coordinates>
				</LineString>
			</MultiGeometry>
		</Placemark>
		<Placemark>
			<name>P-150</name>
			<visibility>0</visibility>
			<description><![CDATA[<div><div><span><b>Altitude:</b></span> <span>27,975 ft - 28,025 ft</span></div>
<div><span><b>Speed:</b></span> <span>496 kt</span></div>
<div><span><b>Timestamp:</b></span><br/><span>2023-12-03 23:44:48 UTC<br/>2023-12-03 23:44:51 UTC</span></div>
</div>]]></description>
			<Style>
				<LineStyle>
					<color>ff2400ff</color>
					<width>2</width>
				</LineStyle>
			</Style>
			<MultiGeometry>
				<LineString>
					<tessellate>1</tessellate>
					<altitudeMode>absolute</altitudeMode>
					<coordinates>
						128.724899,37.679195,8526.780000000001 128.732178,37.678356,8542.019999999999 
					</coordinates>
				</LineString>
			</MultiGeometry>
		</Placemark>
		<Placemark>
			<name>P-151</name>
			<visibility>0</visibility>
			<description><![CDATA[<div><div><span><b>Altitude:</b></span> <span>28,025 ft - 28,100 ft</span></div>
<div><span><b>Speed:</b></span> <span>496 kt</span></div>
<div><span><b>Timestamp:</b></span><br/><span>2023-12-03 23:44:51 UTC<br/>2023-12-03 23:44:54 UTC</span></div>
</div>]]></description>
			<Style>
				<LineStyle>
					<color>ff2400ff</color>
					<width>2</width>
				</LineStyle>
			</Style>
			<MultiGeometry>
				<LineString>
					<tessellate>1</tessellate>
					<altitudeMode>absolute</altitudeMode>
					<coordinates>
						128.732178,37.678356,8542.019999999999 128.740845,37.677288,8564.879999999999 
					</coordinates>
				</LineString>
			</MultiGeometry>
		</Placemark>
		<Placemark>
			<name>P-152</name>
			<visibility>0</visibility>
			<description><![CDATA[<div><div><span><b>Altitude:</b></span> <span>28,100 ft - 28,175 ft</span></div>
<div><span><b>Speed:</b></span> <span>496 kt</span></div>
<div><span><b>Timestamp:</b></span><br/><span>2023-12-03 23:44:54 UTC<br/>2023-12-03 23:44:57 UTC</span></div>
</div>]]></description>
			<Style>
				<LineStyle>
					<color>ff2400ff</color>
					<width>2</width>
				</LineStyle>
			</Style>
			<MultiGeometry>
				<LineString>
					<tessellate>1</tessellate>
					<altitudeMode>absolute</altitudeMode>
					<coordinates>
						128.740845,37.677288,8564.879999999999 128.749069,37.676102,8587.74 
					</coordinates>
				</LineString>
			</MultiGeometry>
		</Placemark>
		<Placemark>
			<name>P-153</name>
			<visibility>0</visibility>
			<description><![CDATA[<div><div><span><b>Altitude:</b></span> <span>28,175 ft - 28,275 ft</span></div>
<div><span><b>Speed:</b></span> <span>496 kt</span></div>
<div><span><b>Timestamp:</b></span><br/><span>2023-12-03 23:44:57 UTC<br/>2023-12-03 23:45:00 UTC</span></div>
</div>]]></description>
			<Style>
				<LineStyle>
					<color>ff2400ff</color>
					<width>2</width>
				</LineStyle>
			</Style>
			<MultiGeometry>
				<LineString>
					<tessellate>1</tessellate>
					<altitudeMode>absolute</altitudeMode>
					<coordinates>
						128.749069,37.676102,8587.74 128.757797,37.674725,8618.219999999999 
					</coordinates>
				</LineString>
			</MultiGeometry>
		</Placemark>
		<Placemark>
			<name>P-154</name>
			<visibility>0</visibility>
			<description><![CDATA[<div><div><span><b>Altitude:</b></span> <span>28,275 ft - 28,350 ft</span></div>
<div><span><b>Speed:</b></span> <span>496 kt</span></div>
<div><span><b>Timestamp:</b></span><br/><span>2023-12-03 23:45:00 UTC<br/>2023-12-03 23:45:03 UTC</span></div>
</div>]]></description>
			<Style>
				<LineStyle>
					<color>ff2400ff</color>
					<width>2</width>
				</LineStyle>
			</Style>
			<MultiGeometry>
				<LineString>
					<tessellate>1</tessellate>
					<altitudeMode>absolute</altitudeMode>
					<coordinates>
						128.757797,37.674725,8618.219999999999 128.767365,37.67308,8641.08 
					</coordinates>
				</LineString>
			</MultiGeometry>
		</Placemark>
		<Placemark>
			<name>P-155</name>
			<visibility>0</visibility>
			<description><![CDATA[<div><div><span><b>Altitude:</b></span> <span>28,350 ft - 28,425 ft</span></div>
<div><span><b>Speed:</b></span> <span>496 kt</span></div>
<div><span><b>Timestamp:</b></span><br/><span>2023-12-03 23:45:03 UTC<br/>2023-12-03 23:45:06 UTC</span></div>
</div>]]></description>
			<Style>
				<LineStyle>
					<color>ff2400ff</color>
					<width>2</width>
				</LineStyle>
			</Style>
			<MultiGeometry>
				<LineString>
					<tessellate>1</tessellate>
					<altitudeMode>absolute</altitudeMode>
					<coordinates>
						128.767365,37.67308,8641.08 128.775467,37.671513,8663.940000000001 
					</coordinates>
				</LineString>
			</MultiGeometry>
		</Placemark>
		<Placemark>
			<name>P-156</name>
			<visibility>0</visibility>
			<description><![CDATA[<div><div><span><b>Altitude:</b></span> <span>28,425 ft - 28,500 ft</span></div>
<div><span><b>Speed:</b></span> <span>496 kt</span></div>
<div><span><b>Timestamp:</b></span><br/><span>2023-12-03 23:45:06 UTC<br/>2023-12-03 23:45:09 UTC</span></div>
</div>]]></description>
			<Style>
				<LineStyle>
					<color>ff2400ff</color>
					<width>2</width>
				</LineStyle>
			</Style>
			<MultiGeometry>
				<LineString>
					<tessellate>1</tessellate>
					<altitudeMode>absolute</altitudeMode>
					<coordinates>
						128.775467,37.671513,8663.940000000001 128.785599,37.669373,8686.799999999997 
					</coordinates>
				</LineString>
			</MultiGeometry>
		</Placemark>
		<Placemark>
			<name>P-157</name>
			<visibility>0</visibility>
			<description><![CDATA[<div><div><span><b>Altitude:</b></span> <span>28,500 ft - 28,575 ft</span></div>
<div><span><b>Speed:</b></span> <span>496 kt</span></div>
<div><span><b>Timestamp:</b></span><br/><span>2023-12-03 23:45:09 UTC<br/>2023-12-03 23:45:12 UTC</span></div>
</div>]]></description>
			<Style>
				<LineStyle>
					<color>ff2400ff</color>
					<width>2</width>
				</LineStyle>
			</Style>
			<MultiGeometry>
				<LineString>
					<tessellate>1</tessellate>
					<altitudeMode>absolute</altitudeMode>
					<coordinates>
						128.785599,37.669373,8686.799999999997 128.794098,37.667416,8709.659999999998 
					</coordinates>
				</LineString>
			</MultiGeometry>
		</Placemark>
		<Placemark>
			<name>P-158</name>
			<visibility>0</visibility>
			<description><![CDATA[<div><div><span><b>Altitude:</b></span> <span>28,575 ft - 28,675 ft</span></div>
<div><span><b>Speed:</b></span> <span>496 kt</span></div>
<div><span><b>Timestamp:</b></span><br/><span>2023-12-03 23:45:12 UTC<br/>2023-12-03 23:45:15 UTC</span></div>
</div>]]></description>
			<Style>
				<LineStyle>
					<color>ff2400ff</color>
					<width>2</width>
				</LineStyle>
			</Style>
			<MultiGeometry>
				<LineString>
					<tessellate>1</tessellate>
					<altitudeMode>absolute</altitudeMode>
					<coordinates>
						128.794098,37.667416,8709.659999999998 128.803009,37.665298,8740.139999999998 
					</coordinates>
				</LineString>
			</MultiGeometry>
		</Placemark>
		<Placemark>
			<name>P-159</name>
			<visibility>0</visibility>
			<description><![CDATA[<div><div><span><b>Altitude:</b></span> <span>28,675 ft - 28,725 ft</span></div>
<div><span><b>Speed:</b></span> <span>496 kt</span></div>
<div><span><b>Timestamp:</b></span><br/><span>2023-12-03 23:45:15 UTC<br/>2023-12-03 23:45:18 UTC</span></div>
</div>]]></description>
			<Style>
				<LineStyle>
					<color>ff2400ff</color>
					<width>2</width>
				</LineStyle>
			</Style>
			<MultiGeometry>
				<LineString>
					<tessellate>1</tessellate>
					<altitudeMode>absolute</altitudeMode>
					<coordinates>
						128.803009,37.665298,8740.139999999998 128.811111,37.663181,8755.379999999999 
					</coordinates>
				</LineString>
			</MultiGeometry>
		</Placemark>
		<Placemark>
			<name>P-160</name>
			<visibility>0</visibility>
			<description><![CDATA[<div><div><span><b>Altitude:</b></span> <span>28,725 ft - 28,800 ft</span></div>
<div><span><b>Speed:</b></span> <span>496 kt</span></div>
<div><span><b>Timestamp:</b></span><br/><span>2023-12-03 23:45:18 UTC<br/>2023-12-03 23:45:22 UTC</span></div>
</div>]]></description>
			<Style>
				<LineStyle>
					<color>ff2400ff</color>
					<width>2</width>
				</LineStyle>
			</Style>
			<MultiGeometry>
				<LineString>
					<tessellate>1</tessellate>
					<altitudeMode>absolute</altitudeMode>
					<coordinates>
						128.811111,37.663181,8755.379999999999 128.820007,37.660713,8778.24 
					</coordinates>
				</LineString>
			</MultiGeometry>
		</Placemark>
		<Placemark>
			<name>P-161</name>
			<visibility>0</visibility>
			<description><![CDATA[<div><div><span><b>Altitude:</b></span> <span>28,800 ft - 28,950 ft</span></div>
<div><span><b>Speed:</b></span> <span>496 kt - 495 kt</span></div>
<div><span><b>Timestamp:</b></span><br/><span>2023-12-03 23:45:22 UTC<br/>2023-12-03 23:45:28 UTC</span></div>
</div>]]></description>
			<Style>
				<LineStyle>
					<color>ff2400ff</color>
					<width>2</width>
				</LineStyle>
			</Style>
			<MultiGeometry>
				<LineString>
					<tessellate>1</tessellate>
					<altitudeMode>absolute</altitudeMode>
					<coordinates>
						128.820007,37.660713,8778.24 128.834229,37.656384,8823.959999999997 
					</coordinates>
				</LineString>
			</MultiGeometry>
		</Placemark>
		<Placemark>
			<name>P-162</name>
			<visibility>0</visibility>
			<description><![CDATA[<div><div><span><b>Altitude:</b></span> <span>28,950 ft - 29,025 ft</span></div>
<div><span><b>Speed:</b></span> <span>495 kt</span></div>
<div><span><b>Timestamp:</b></span><br/><span>2023-12-03 23:45:28 UTC<br/>2023-12-03 23:45:31 UTC</span></div>
</div>]]></description>
			<Style>
				<LineStyle>
					<color>ff2400ff</color>
					<width>2</width>
				</LineStyle>
			</Style>
			<MultiGeometry>
				<LineString>
					<tessellate>1</tessellate>
					<altitudeMode>absolute</altitudeMode>
					<coordinates>
						128.834229,37.656384,8823.959999999997 128.844437,37.653034,8846.82 
					</coordinates>
				</LineString>
			</MultiGeometry>
		</Placemark>
		<Placemark>
			<name>P-163</name>
			<visibility>0</visibility>
			<description><![CDATA[<div><div><span><b>Altitude:</b></span> <span>29,025 ft - 29,100 ft</span></div>
<div><span><b>Speed:</b></span> <span>495 kt - 496 kt</span></div>
<div><span><b>Timestamp:</b></span><br/><span>2023-12-03 23:45:31 UTC<br/>2023-12-03 23:45:34 UTC</span></div>
</div>]]></description>
			<Style>
				<LineStyle>
					<color>ff2400ff</color>
					<width>2</width>
				</LineStyle>
			</Style>
			<MultiGeometry>
				<LineString>
					<tessellate>1</tessellate>
					<altitudeMode>absolute</altitudeMode>
					<coordinates>
						128.844437,37.653034,8846.82 128.852097,37.650375,8869.68 
					</coordinates>
				</LineString>
			</MultiGeometry>
		</Placemark>
		<Placemark>
			<name>P-164</name>
			<visibility>0</visibility>
			<description><![CDATA[<div><div><span><b>Altitude:</b></span> <span>29,100 ft - 29,175 ft</span></div>
<div><span><b>Speed:</b></span> <span>496 kt - 495 kt</span></div>
<div><span><b>Timestamp:</b></span><br/><span>2023-12-03 23:45:34 UTC<br/>2023-12-03 23:45:37 UTC</span></div>
</div>]]></description>
			<Style>
				<LineStyle>
					<color>ff2400ff</color>
					<width>2</width>
				</LineStyle>
			</Style>
			<MultiGeometry>
				<LineString>
					<tessellate>1</tessellate>
					<altitudeMode>absolute</altitudeMode>
					<coordinates>
						128.852097,37.650375,8869.68 128.861206,37.64698,8892.540000000001 
					</coordinates>
				</LineString>
			</MultiGeometry>
		</Placemark>
		<Placemark>
			<name>P-165</name>
			<visibility>0</visibility>
			<description><![CDATA[<div><div><span><b>Altitude:</b></span> <span>29,175 ft - 29,250 ft</span></div>
<div><span><b>Speed:</b></span> <span>495 kt - 494 kt</span></div>
<div><span><b>Timestamp:</b></span><br/><span>2023-12-03 23:45:37 UTC<br/>2023-12-03 23:45:40 UTC</span></div>
</div>]]></description>
			<Style>
				<LineStyle>
					<color>ff2400ff</color>
					<width>2</width>
				</LineStyle>
			</Style>
			<MultiGeometry>
				<LineString>
					<tessellate>1</tessellate>
					<altitudeMode>absolute</altitudeMode>
					<coordinates>
						128.861206,37.64698,8892.540000000001 128.867935,37.644424,8915.4 
					</coordinates>
				</LineString>
			</MultiGeometry>
		</Placemark>
		<Placemark>
			<name>P-166</name>
			<visibility>0</visibility>
			<description><![CDATA[<div><div><span><b>Altitude:</b></span> <span>29,250 ft - 29,325 ft</span></div>
<div><span><b>Speed:</b></span> <span>494 kt</span></div>
<div><span><b>Timestamp:</b></span><br/><span>2023-12-03 23:45:40 UTC<br/>2023-12-03 23:45:43 UTC</span></div>
</div>]]></description>
			<Style>
				<LineStyle>
					<color>ff2400ff</color>
					<width>2</width>
				</LineStyle>
			</Style>
			<MultiGeometry>
				<LineString>
					<tessellate>1</tessellate>
					<altitudeMode>absolute</altitudeMode>
					<coordinates>
						128.867935,37.644424,8915.4 128.876343,37.640991,8938.26 
					</coordinates>
				</LineString>
			</MultiGeometry>
		</Placemark>
		<Placemark>
			<name>P-167</name>
			<visibility>0</visibility>
			<description><![CDATA[<div><div><span><b>Altitude:</b></span> <span>29,325 ft - 29,425 ft</span></div>
<div><span><b>Speed:</b></span> <span>494 kt - 493 kt</span></div>
<div><span><b>Timestamp:</b></span><br/><span>2023-12-03 23:45:43 UTC<br/>2023-12-03 23:45:46 UTC</span></div>
</div>]]></description>
			<Style>
				<LineStyle>
					<color>ff2400ff</color>
					<width>2</width>
				</LineStyle>
			</Style>
			<MultiGeometry>
				<LineString>
					<tessellate>1</tessellate>
					<altitudeMode>absolute</altitudeMode>
					<coordinates>
						128.876343,37.640991,8938.26 128.885284,37.637146,8968.74 
					</coordinates>
				</LineString>
			</MultiGeometry>
		</Placemark>
		<Placemark>
			<name>P-168</name>
			<visibility>0</visibility>
			<description><![CDATA[<div><div><span><b>Altitude:</b></span> <span>29,425 ft - 29,500 ft</span></div>
<div><span><b>Speed:</b></span> <span>493 kt - 492 kt</span></div>
<div><span><b>Timestamp:</b></span><br/><span>2023-12-03 23:45:46 UTC<br/>2023-12-03 23:45:50 UTC</span></div>
</div>]]></description>
			<Style>
				<LineStyle>
					<color>ff2400ff</color>
					<width>2</width>
				</LineStyle>
			</Style>
			<MultiGeometry>
				<LineString>
					<tessellate>1</tessellate>
					<altitudeMode>absolute</altitudeMode>
					<coordinates>
						128.885284,37.637146,8968.74 128.892319,37.633991,8991.599999999999 
					</coordinates>
				</LineString>
			</MultiGeometry>
		</Placemark>
		<Placemark>
			<name>P-169</name>
			<visibility>0</visibility>
			<description><![CDATA[<div><div><span><b>Altitude:</b></span> <span>29,500 ft - 29,575 ft</span></div>
<div><span><b>Speed:</b></span> <span>492 kt</span></div>
<div><span><b>Timestamp:</b></span><br/><span>2023-12-03 23:45:50 UTC<br/>2023-12-03 23:45:53 UTC</span></div>
</div>]]></description>
			<Style>
				<LineStyle>
					<color>ff2400ff</color>
					<width>2</width>
				</LineStyle>
			</Style>
			<MultiGeometry>
				<LineString>
					<tessellate>1</tessellate>
					<altitudeMode>absolute</altitudeMode>
					<coordinates>
						128.892319,37.633991,8991.599999999999 128.900192,37.630325,9014.459999999999 
					</coordinates>
				</LineString>
			</MultiGeometry>
		</Placemark>
		<Placemark>
			<name>P-170</name>
			<visibility>0</visibility>
			<description><![CDATA[<div><div><span><b>Altitude:</b></span> <span>29,575 ft - 29,650 ft</span></div>
<div><span><b>Speed:</b></span> <span>492 kt</span></div>
<div><span><b>Timestamp:</b></span><br/><span>2023-12-03 23:45:53 UTC<br/>2023-12-03 23:45:56 UTC</span></div>
</div>]]></description>
			<Style>
				<LineStyle>
					<color>ff3600ff</color>
					<width>2</width>
				</LineStyle>
			</Style>
			<MultiGeometry>
				<LineString>
					<tessellate>1</tessellate>
					<altitudeMode>absolute</altitudeMode>
					<coordinates>
						128.900192,37.630325,9014.459999999999 128.907959,37.626545,9037.32 
					</coordinates>
				</LineString>
			</MultiGeometry>
		</Placemark>
		<Placemark>
			<name>P-171</name>
			<visibility>0</visibility>
			<description><![CDATA[<div><div><span><b>Altitude:</b></span> <span>29,650 ft - 30,425 ft</span></div>
<div><span><b>Speed:</b></span> <span>492 kt - 494 kt</span></div>
<div><span><b>Timestamp:</b></span><br/><span>2023-12-03 23:45:56 UTC<br/>2023-12-03 23:46:27 UTC</span></div>
</div>]]></description>
			<Style>
				<LineStyle>
					<color>ff3600ff</color>
					<width>2</width>
				</LineStyle>
			</Style>
			<MultiGeometry>
				<LineString>
					<tessellate>1</tessellate>
					<altitudeMode>absolute</altitudeMode>
					<coordinates>
						128.907959,37.626545,9037.32 128.983307,37.589954,9273.540000000001 
					</coordinates>
				</LineString>
			</MultiGeometry>
		</Placemark>
		<Placemark>
			<name>P-172</name>
			<visibility>0</visibility>
			<description><![CDATA[<div><div><span><b>Altitude:</b></span> <span>30,425 ft - 31,200 ft</span></div>
<div><span><b>Speed:</b></span> <span>494 kt</span></div>
<div><span><b>Timestamp:</b></span><br/><span>2023-12-03 23:46:27 UTC<br/>2023-12-03 23:46:57 UTC</span></div>
</div>]]></description>
			<Style>
				<LineStyle>
					<color>ff3600ff</color>
					<width>2</width>
				</LineStyle>
			</Style>
			<MultiGeometry>
				<LineString>
					<tessellate>1</tessellate>
					<altitudeMode>absolute</altitudeMode>
					<coordinates>
						128.983307,37.589954,9273.540000000001 129.059433,37.553741,9509.759999999998 
					</coordinates>
				</LineString>
			</MultiGeometry>
		</Placemark>
		<Placemark>
			<name>P-173</name>
			<visibility>0</visibility>
			<description><![CDATA[<div><div><span><b>Altitude:</b></span> <span>31,200 ft - 32,025 ft</span></div>
<div><span><b>Speed:</b></span> <span>494 kt</span></div>
<div><span><b>Timestamp:</b></span><br/><span>2023-12-03 23:46:57 UTC<br/>2023-12-03 23:47:31 UTC</span></div>
</div>]]></description>
			<Style>
				<LineStyle>
					<color>ff4e00ff</color>
					<width>2</width>
				</LineStyle>
			</Style>
			<MultiGeometry>
				<LineString>
					<tessellate>1</tessellate>
					<altitudeMode>absolute</altitudeMode>
					<coordinates>
						129.059433,37.553741,9509.759999999998 129.142441,37.514072,9761.219999999998 
					</coordinates>
				</LineString>
			</MultiGeometry>
		</Placemark>
		<Placemark>
			<name>P-174</name>
			<visibility>0</visibility>
			<description><![CDATA[<div><div><span><b>Altitude:</b></span> <span>32,025 ft - 32,875 ft</span></div>
<div><span><b>Speed:</b></span> <span>494 kt</span></div>
<div><span><b>Timestamp:</b></span><br/><span>2023-12-03 23:47:31 UTC<br/>2023-12-03 23:48:05 UTC</span></div>
</div>]]></description>
			<Style>
				<LineStyle>
					<color>ff4e00ff</color>
					<width>2</width>
				</LineStyle>
			</Style>
			<MultiGeometry>
				<LineString>
					<tessellate>1</tessellate>
					<altitudeMode>absolute</altitudeMode>
					<coordinates>
						129.142441,37.514072,9761.219999999998 129.225922,37.473404,10020.3 
					</coordinates>
				</LineString>
			</MultiGeometry>
		</Placemark>
		<Placemark>
			<name>P-175</name>
			<visibility>0</visibility>
			<description><![CDATA[<div><div><span><b>Altitude:</b></span> <span>32,875 ft - 33,625 ft</span></div>
<div><span><b>Speed:</b></span> <span>494 kt</span></div>
<div><span><b>Timestamp:</b></span><br/><span>2023-12-03 23:48:05 UTC<br/>2023-12-03 23:48:35 UTC</span></div>
</div>]]></description>
			<Style>
				<LineStyle>
					<color>ff6000ff</color>
					<width>2</width>
				</LineStyle>
			</Style>
			<MultiGeometry>
				<LineString>
					<tessellate>1</tessellate>
					<altitudeMode>absolute</altitudeMode>
					<coordinates>
						129.225922,37.473404,10020.3 129.299377,37.437744,10248.9 
					</coordinates>
				</LineString>
			</MultiGeometry>
		</Placemark>
		<Placemark>
			<name>P-176</name>
			<visibility>0</visibility>
			<description><![CDATA[<div><div><span><b>Altitude:</b></span> <span>33,625 ft - 34,400 ft</span></div>
<div><span><b>Speed:</b></span> <span>494 kt - 493 kt</span></div>
<div><span><b>Timestamp:</b></span><br/><span>2023-12-03 23:48:35 UTC<br/>2023-12-03 23:49:09 UTC</span></div>
</div>]]></description>
			<Style>
				<LineStyle>
					<color>ff6000ff</color>
					<width>2</width>
				</LineStyle>
			</Style>
			<MultiGeometry>
				<LineString>
					<tessellate>1</tessellate>
					<altitudeMode>absolute</altitudeMode>
					<coordinates>
						129.299377,37.437744,10248.9 129.381454,37.398067,10485.12 
					</coordinates>
				</LineString>
			</MultiGeometry>
		</Placemark>
		<Placemark>
			<name>P-177</name>
			<visibility>0</visibility>
			<description><![CDATA[<div><div><span><b>Altitude:</b></span> <span>34,400 ft - 35,250 ft</span></div>
<div><span><b>Speed:</b></span> <span>493 kt - 489 kt</span></div>
<div><span><b>Timestamp:</b></span><br/><span>2023-12-03 23:49:09 UTC<br/>2023-12-03 23:49:43 UTC</span></div>
</div>]]></description>
			<Style>
				<LineStyle>
					<color>ff6000ff</color>
					<width>2</width>
				</LineStyle>
			</Style>
			<MultiGeometry>
				<LineString>
					<tessellate>1</tessellate>
					<altitudeMode>absolute</altitudeMode>
					<coordinates>
						129.381454,37.398067,10485.12 129.46611,37.357285,10744.2 
					</coordinates>
				</LineString>
			</MultiGeometry>
		</Placemark>
		<Placemark>
			<name>P-178</name>
			<visibility>0</visibility>
			<description><![CDATA[<div><div><span><b>Altitude:</b></span> <span>35,250 ft - 35,875 ft</span></div>
<div><span><b>Speed:</b></span> <span>489 kt - 488 kt</span></div>
<div><span><b>Timestamp:</b></span><br/><span>2023-12-03 23:49:43 UTC<br/>2023-12-03 23:50:13 UTC</span></div>
</div>]]></description>
			<Style>
				<LineStyle>
					<color>ff7800ff</color>
					<width>2</width>
				</LineStyle>
			</Style>
			<MultiGeometry>
				<LineString>
					<tessellate>1</tessellate>
					<altitudeMode>absolute</altitudeMode>
					<coordinates>
						129.46611,37.357285,10744.2 129.538116,37.322186,10934.7 
					</coordinates>
				</LineString>
			</MultiGeometry>
		</Placemark>
		<Placemark>
			<name>P-179</name>
			<visibility>0</visibility>
			<description><![CDATA[<div><div><span><b>Altitude:</b></span> <span>35,875 ft - 36,250 ft</span></div>
<div><span><b>Speed:</b></span> <span>488 kt - 489 kt</span></div>
<div><span><b>Timestamp:</b></span><br/><span>2023-12-03 23:50:13 UTC<br/>2023-12-03 23:50:47 UTC</span></div>
</div>]]></description>
			<Style>
				<LineStyle>
					<color>ff7800ff</color>
					<width>2</width>
				</LineStyle>
			</Style>
			<MultiGeometry>
				<LineString>
					<tessellate>1</tessellate>
					<altitudeMode>absolute</altitudeMode>
					<coordinates>
						129.538116,37.322186,10934.7 129.618851,37.282616,11049 
					</coordinates>
				</LineString>
			</MultiGeometry>
		</Placemark>
		<Placemark>
			<name>P-180</name>
			<visibility>0</visibility>
			<description><![CDATA[<div><div><span><b>Altitude:</b></span> <span>36,250 ft - 36,550 ft</span></div>
<div><span><b>Speed:</b></span> <span>489 kt - 495 kt</span></div>
<div><span><b>Timestamp:</b></span><br/><span>2023-12-03 23:50:47 UTC<br/>2023-12-03 23:51:18 UTC</span></div>
</div>]]></description>
			<Style>
				<LineStyle>
					<color>ff9600ff</color>
					<width>2</width>
				</LineStyle>
			</Style>
			<MultiGeometry>
				<LineString>
					<tessellate>1</tessellate>
					<altitudeMode>absolute</altitudeMode>
					<coordinates>
						129.618851,37.282616,11049 129.693604,37.245895,11140.44 
					</coordinates>
				</LineString>
			</MultiGeometry>
		</Placemark>
		<Placemark>
			<name>P-181</name>
			<visibility>0</visibility>
			<description><![CDATA[<div><div><span><b>Altitude:</b></span> <span>36,550 ft - 36,800 ft</span></div>
<div><span><b>Speed:</b></span> <span>495 kt - 501 kt</span></div>
<div><span><b>Timestamp:</b></span><br/><span>2023-12-03 23:51:18 UTC<br/>2023-12-03 23:51:50 UTC</span></div>
</div>]]></description>
			<Style>
				<LineStyle>
					<color>ff9600ff</color>
					<width>2</width>
				</LineStyle>
			</Style>
			<MultiGeometry>
				<LineString>
					<tessellate>1</tessellate>
					<altitudeMode>absolute</altitudeMode>
					<coordinates>
						129.693604,37.245895,11140.44 129.77301,37.207016,11216.64 
					</coordinates>
				</LineString>
			</MultiGeometry>
		</Placemark>
		<Placemark>
			<name>P-182</name>
			<visibility>0</visibility>
			<description><![CDATA[<div><div><span><b>Altitude:</b></span> <span>36,800 ft - 37,000 ft</span></div>
<div><span><b>Speed:</b></span> <span>501 kt - 508 kt</span></div>
<div><span><b>Timestamp:</b></span><br/><span>2023-12-03 23:51:50 UTC<br/>2023-12-03 23:52:21 UTC</span></div>
</div>]]></description>
			<Style>
				<LineStyle>
					<color>ff9600ff</color>
					<width>2</width>
				</LineStyle>
			</Style>
			<MultiGeometry>
				<LineString>
					<tessellate>1</tessellate>
					<altitudeMode>absolute</altitudeMode>
					<coordinates>
						129.77301,37.207016,11216.64 129.851288,37.168331,11277.6 
					</coordinates>
				</LineString>
			</MultiGeometry>
		</Placemark>
		<Placemark>
			<name>P-183</name>
			<visibility>0</visibility>
			<description><![CDATA[<div><div><span><b>Altitude:</b></span> <span>37,000 ft</span></div>
<div><span><b>Speed:</b></span> <span>508 kt - 516 kt</span></div>
<div><span><b>Timestamp:</b></span><br/><span>2023-12-03 23:52:21 UTC<br/>2023-12-03 23:52:52 UTC</span></div>
</div>]]></description>
			<Style>
				<LineStyle>
					<color>ff9600ff</color>
					<width>2</width>
				</LineStyle>
			</Style>
			<MultiGeometry>
				<LineString>
					<tessellate>1</tessellate>
					<altitudeMode>absolute</altitudeMode>
					<coordinates>
						129.851288,37.168331,11277.6 129.930344,37.129318,11277.6 
					</coordinates>
				</LineString>
			</MultiGeometry>
		</Placemark>
		<Placemark>
			<name>P-184</name>
			<visibility>0</visibility>
			<description><![CDATA[<div><div><span><b>Altitude:</b></span> <span>37,000 ft</span></div>
<div><span><b>Speed:</b></span> <span>516 kt - 521 kt</span></div>
<div><span><b>Timestamp:</b></span><br/><span>2023-12-03 23:52:52 UTC<br/>2023-12-03 23:53:25 UTC</span></div>
</div>]]></description>
			<Style>
				<LineStyle>
					<color>ff9600ff</color>
					<width>2</width>
				</LineStyle>
			</Style>
			<MultiGeometry>
				<LineString>
					<tessellate>1</tessellate>
					<altitudeMode>absolute</altitudeMode>
					<coordinates>
						129.930344,37.129318,11277.6 130.013824,37.088028,11277.6 
					</coordinates>
				</LineString>
			</MultiGeometry>
		</Placemark>
		<Placemark>
			<name>P-185</name>
			<visibility>0</visibility>
			<description><![CDATA[<div><div><span><b>Altitude:</b></span> <span>37,000 ft - 37,025 ft</span></div>
<div><span><b>Speed:</b></span> <span>521 kt - 518 kt</span></div>
<div><span><b>Timestamp:</b></span><br/><span>2023-12-03 23:53:25 UTC<br/>2023-12-03 23:53:57 UTC</span></div>
</div>]]></description>
			<Style>
				<LineStyle>
					<color>ff9600ff</color>
					<width>2</width>
				</LineStyle>
			</Style>
			<MultiGeometry>
				<LineString>
					<tessellate>1</tessellate>
					<altitudeMode>absolute</altitudeMode>
					<coordinates>
						130.013824,37.088028,11277.6 130.095779,37.047226,11285.22 
					</coordinates>
				</LineString>
			</MultiGeometry>
		</Placemark>
		<Placemark>
			<name>P-186</name>
			<visibility>0</visibility>
			<description><![CDATA[<div><div><span><b>Altitude:</b></span> <span>37,025 ft</span></div>
<div><span><b>Speed:</b></span> <span>518 kt</span></div>
<div><span><b>Timestamp:</b></span><br/><span>2023-12-03 23:53:57 UTC<br/>2023-12-03 23:54:28 UTC</span></div>
</div>]]></description>
			<Style>
				<LineStyle>
					<color>ff9600ff</color>
					<width>2</width>
				</LineStyle>
			</Style>
			<MultiGeometry>
				<LineString>
					<tessellate>1</tessellate>
					<altitudeMode>absolute</altitudeMode>
					<coordinates>
						130.095779,37.047226,11285.22 130.175446,37.00782,11285.22 
					</coordinates>
				</LineString>
			</MultiGeometry>
		</Placemark>
		<Placemark>
			<name>P-187</name>
			<visibility>0</visibility>
			<description><![CDATA[<div><div><span><b>Altitude:</b></span> <span>37,025 ft - 37,000 ft</span></div>
<div><span><b>Speed:</b></span> <span>518 kt - 522 kt</span></div>
<div><span><b>Timestamp:</b></span><br/><span>2023-12-03 23:54:28 UTC<br/>2023-12-03 23:55:03 UTC</span></div>
</div>]]></description>
			<Style>
				<LineStyle>
					<color>ff9600ff</color>
					<width>2</width>
				</LineStyle>
			</Style>
			<MultiGeometry>
				<LineString>
					<tessellate>1</tessellate>
					<altitudeMode>absolute</altitudeMode>
					<coordinates>
						130.175446,37.00782,11285.22 130.258087,36.966713,11277.6 
					</coordinates>
				</LineString>
			</MultiGeometry>
		</Placemark>
		<Placemark>
			<name>P-188</name>
			<visibility>0</visibility>
			<description><![CDATA[<div><div><span><b>Altitude:</b></span> <span>37,000 ft - 37,025 ft</span></div>
<div><span><b>Speed:</b></span> <span>522 kt - 526 kt</span></div>
<div><span><b>Timestamp:</b></span><br/><span>2023-12-03 23:55:03 UTC<br/>2023-12-03 23:55:36 UTC</span></div>
</div>]]></description>
			<Style>
				<LineStyle>
					<color>ff9600ff</color>
					<width>2</width>
				</LineStyle>
			</Style>
			<MultiGeometry>
				<LineString>
					<tessellate>1</tessellate>
					<altitudeMode>absolute</altitudeMode>
					<coordinates>
						130.258087,36.966713,11277.6 130.34758,36.921844,11285.22 
					</coordinates>
				</LineString>
			</MultiGeometry>
		</Placemark>
		<Placemark>
			<name>P-189</name>
			<visibility>0</visibility>
			<description><![CDATA[<div><div><span><b>Altitude:</b></span> <span>37,025 ft - 37,050 ft</span></div>
<div><span><b>Speed:</b></span> <span>526 kt - 528 kt</span></div>
<div><span><b>Timestamp:</b></span><br/><span>2023-12-03 23:55:36 UTC<br/>2023-12-03 23:56:07 UTC</span></div>
</div>]]></description>
			<Style>
				<LineStyle>
					<color>ff9600ff</color>
					<width>2</width>
				</LineStyle>
			</Style>
			<MultiGeometry>
				<LineString>
					<tessellate>1</tessellate>
					<altitudeMode>absolute</altitudeMode>
					<coordinates>
						130.34758,36.921844,11285.22 130.428253,36.881756,11292.84 
					</coordinates>
				</LineString>
			</MultiGeometry>
		</Placemark>
		<Placemark>
			<name>P-190</name>
			<visibility>0</visibility>
			<description><![CDATA[<div><div><span><b>Altitude:</b></span> <span>37,050 ft</span></div>
<div><span><b>Speed:</b></span> <span>528 kt - 529 kt</span></div>
<div><span><b>Timestamp:</b></span><br/><span>2023-12-03 23:56:07 UTC<br/>2023-12-03 23:56:39 UTC</span></div>
</div>]]></description>
			<Style>
				<LineStyle>
					<color>ff9600ff</color>
					<width>2</width>
				</LineStyle>
			</Style>
			<MultiGeometry>
				<LineString>
					<tessellate>1</tessellate>
					<altitudeMode>absolute</altitudeMode>
					<coordinates>
						130.428253,36.881756,11292.84 130.511856,36.839718,11292.84 
					</coordinates>
				</LineString>
			</MultiGeometry>
		</Placemark>
		<Placemark>
			<name>P-191</name>
			<visibility>0</visibility>
			<description><![CDATA[<div><div><span><b>Altitude:</b></span> <span>37,050 ft - 37,025 ft</span></div>
<div><span><b>Speed:</b></span> <span>529 kt - 530 kt</span></div>
<div><span><b>Timestamp:</b></span><br/><span>2023-12-03 23:56:39 UTC<br/>2023-12-03 23:57:12 UTC</span></div>
</div>]]></description>
			<Style>
				<LineStyle>
					<color>ff9600ff</color>
					<width>2</width>
				</LineStyle>
			</Style>
			<MultiGeometry>
				<LineString>
					<tessellate>1</tessellate>
					<altitudeMode>absolute</altitudeMode>
					<coordinates>
						130.511856,36.839718,11292.84 130.596237,36.797123,11285.22 
					</coordinates>
				</LineString>
			</MultiGeometry>
		</Placemark>
		<Placemark>
			<name>P-192</name>
			<visibility>0</visibility>
			<description><![CDATA[<div><div><span><b>Altitude:</b></span> <span>37,025 ft - 37,000 ft</span></div>
<div><span><b>Speed:</b></span> <span>530 kt</span></div>
<div><span><b>Timestamp:</b></span><br/><span>2023-12-03 23:57:12 UTC<br/>2023-12-03 23:57:45 UTC</span></div>
</div>]]></description>
			<Style>
				<LineStyle>
					<color>ff9600ff</color>
					<width>2</width>
				</LineStyle>
			</Style>
			<MultiGeometry>
				<LineString>
					<tessellate>1</tessellate>
					<altitudeMode>absolute</altitudeMode>
					<coordinates>
						130.596237,36.797123,11285.22 130.682541,36.753662,11277.6 
					</coordinates>
				</LineString>
			</MultiGeometry>
		</Placemark>
		<Placemark>
			<name>P-193</name>
			<visibility>0</visibility>
			<description><![CDATA[<div><div><span><b>Altitude:</b></span> <span>37,000 ft</span></div>
<div><span><b>Speed:</b></span> <span>530 kt</span></div>
<div><span><b>Timestamp:</b></span><br/><span>2023-12-03 23:57:45 UTC<br/>2023-12-03 23:58:17 UTC</span></div>
</div>]]></description>
			<Style>
				<LineStyle>
					<color>ff9600ff</color>
					<width>2</width>
				</LineStyle>
			</Style>
			<MultiGeometry>
				<LineString>
					<tessellate>1</tessellate>
					<altitudeMode>absolute</altitudeMode>
					<coordinates>
						130.682541,36.753662,11277.6 130.764999,36.712257,11277.6 
					</coordinates>
				</LineString>
			</MultiGeometry>
		</Placemark>
		<Placemark>
			<name>P-194</name>
			<visibility>0</visibility>
			<description><![CDATA[<div><div><span><b>Altitude:</b></span> <span>37,000 ft</span></div>
<div><span><b>Speed:</b></span> <span>530 kt - 529 kt</span></div>
<div><span><b>Timestamp:</b></span><br/><span>2023-12-03 23:58:17 UTC<br/>2023-12-03 23:58:50 UTC</span></div>
</div>]]></description>
			<Style>
				<LineStyle>
					<color>ff9600ff</color>
					<width>2</width>
				</LineStyle>
			</Style>
			<MultiGeometry>
				<LineString>
					<tessellate>1</tessellate>
					<altitudeMode>absolute</altitudeMode>
					<coordinates>
						130.764999,36.712257,11277.6 130.848877,36.669434,11277.6 
					</coordinates>
				</LineString>
			</MultiGeometry>
		</Placemark>
		<Placemark>
			<name>P-195</name>
			<visibility>0</visibility>
			<description><![CDATA[<div><div><span><b>Altitude:</b></span> <span>37,000 ft</span></div>
<div><span><b>Speed:</b></span> <span>529 kt</span></div>
<div><span><b>Timestamp:</b></span><br/><span>2023-12-03 23:58:50 UTC<br/>2023-12-03 23:59:22 UTC</span></div>
</div>]]></description>
			<Style>
				<LineStyle>
					<color>ff9600ff</color>
					<width>2</width>
				</LineStyle>
			</Style>
			<MultiGeometry>
				<LineString>
					<tessellate>1</tessellate>
					<altitudeMode>absolute</altitudeMode>
					<coordinates>
						130.848877,36.669434,11277.6 130.930496,36.627766,11277.6 
					</coordinates>
				</LineString>
			</MultiGeometry>
		</Placemark>
		<Placemark>
			<name>P-196</name>
			<visibility>0</visibility>
			<description><![CDATA[<div><div><span><b>Altitude:</b></span> <span>37,000 ft - 36,975 ft</span></div>
<div><span><b>Speed:</b></span> <span>529 kt</span></div>
<div><span><b>Timestamp:</b></span><br/><span>2023-12-03 23:59:22 UTC<br/>2023-12-03 23:59:54 UTC</span></div>
</div>]]></description>
			<Style>
				<LineStyle>
					<color>ff9600ff</color>
					<width>2</width>
				</LineStyle>
			</Style>
			<MultiGeometry>
				<LineString>
					<tessellate>1</tessellate>
					<altitudeMode>absolute</altitudeMode>
					<coordinates>
						130.930496,36.627766,11277.6 131.012543,36.586121,11269.98 
					</coordinates>
				</LineString>
			</MultiGeometry>
		</Placemark>
		<Placemark>
			<name>P-197</name>
			<visibility>0</visibility>
			<description><![CDATA[<div><div><span><b>Altitude:</b></span> <span>36,975 ft - 37,000 ft</span></div>
<div><span><b>Speed:</b></span> <span>529 kt - 528 kt</span></div>
<div><span><b>Timestamp:</b></span><br/><span>2023-12-03 23:59:54 UTC<br/>2023-12-04 00:00:25 UTC</span></div>
</div>]]></description>
			<Style>
				<LineStyle>
					<color>ff9600ff</color>
					<width>2</width>
				</LineStyle>
			</Style>
			<MultiGeometry>
				<LineString>
					<tessellate>1</tessellate>
					<altitudeMode>absolute</altitudeMode>
					<coordinates>
						131.012543,36.586121,11269.98 131.094131,36.544601,11277.6 
					</coordinates>
				</LineString>
			</MultiGeometry>
		</Placemark>
		<Placemark>
			<name>P-198</name>
			<visibility>0</visibility>
			<description><![CDATA[<div><div><span><b>Altitude:</b></span> <span>37,000 ft - 36,975 ft</span></div>
<div><span><b>Speed:</b></span> <span>528 kt</span></div>
<div><span><b>Timestamp:</b></span><br/><span>2023-12-04 00:00:25 UTC<br/>2023-12-04 00:00:57 UTC</span></div>
</div>]]></description>
			<Style>
				<LineStyle>
					<color>ff9600ff</color>
					<width>2</width>
				</LineStyle>
			</Style>
			<MultiGeometry>
				<LineString>
					<tessellate>1</tessellate>
					<altitudeMode>absolute</altitudeMode>
					<coordinates>
						131.094131,36.544601,11277.6 131.17424,36.503632,11269.98 
					</coordinates>
				</LineString>
			</MultiGeometry>
		</Placemark>
		<Placemark>
			<name>P-199</name>
			<visibility>0</visibility>
			<description><![CDATA[<div><div><span><b>Altitude:</b></span> <span>36,975 ft - 37,000 ft</span></div>
<div><span><b>Speed:</b></span> <span>528 kt - 530 kt</span></div>
<div><span><b>Timestamp:</b></span><br/><span>2023-12-04 00:00:57 UTC<br/>2023-12-04 00:01:28 UTC</span></div>
</div>]]></description>
			<Style>
				<LineStyle>
					<color>ff9600ff</color>
					<width>2</width>
				</LineStyle>
			</Style>
			<MultiGeometry>
				<LineString>
					<tessellate>1</tessellate>
					<altitudeMode>absolute</altitudeMode>
					<coordinates>
						131.17424,36.503632,11269.98 131.255951,36.463623,11277.6 
					</coordinates>
				</LineString>
			</MultiGeometry>
		</Placemark>
		<Placemark>
			<name>P-200</name>
			<visibility>0</visibility>
			<description><![CDATA[<div><div><span><b>Altitude:</b></span> <span>37,000 ft</span></div>
<div><span><b>Speed:</b></span> <span>530 kt - 534 kt</span></div>
<div><span><b>Timestamp:</b></span><br/><span>2023-12-04 00:01:28 UTC<br/>2023-12-04 00:02:01 UTC</span></div>
</div>]]></description>
			<Style>
				<LineStyle>
					<color>ff9600ff</color>
					<width>2</width>
				</LineStyle>
			</Style>
			<MultiGeometry>
				<LineString>
					<tessellate>1</tessellate>
					<altitudeMode>absolute</altitudeMode>
					<coordinates>
						131.255951,36.463623,11277.6 131.346283,36.428474,11277.6 
					</coordinates>
				</LineString>
			</MultiGeometry>
		</Placemark>
		<Placemark>
			<name>P-201</name>
			<visibility>0</visibility>
			<description><![CDATA[<div><div><span><b>Altitude:</b></span> <span>37,000 ft</span></div>
<div><span><b>Speed:</b></span> <span>534 kt - 535 kt</span></div>
<div><span><b>Timestamp:</b></span><br/><span>2023-12-04 00:02:01 UTC<br/>2023-12-04 00:02:30 UTC</span></div>
</div>]]></description>
			<Style>
				<LineStyle>
					<color>ff9600ff</color>
					<width>2</width>
				</LineStyle>
			</Style>
			<MultiGeometry>
				<LineString>
					<tessellate>1</tessellate>
					<altitudeMode>absolute</altitudeMode>
					<coordinates>
						131.346283,36.428474,11277.6 131.429276,36.403572,11277.6 
					</coordinates>
				</LineString>
			</MultiGeometry>
		</Placemark>
		<Placemark>
			<name>P-202</name>
			<visibility>0</visibility>
			<description><![CDATA[<div><div><span><b>Altitude:</b></span> <span>37,000 ft - 36,975 ft</span></div>
<div><span><b>Speed:</b></span> <span>535 kt - 538 kt</span></div>
<div><span><b>Timestamp:</b></span><br/><span>2023-12-04 00:02:30 UTC<br/>2023-12-04 00:03:04 UTC</span></div>
</div>]]></description>
			<Style>
				<LineStyle>
					<color>ff9600ff</color>
					<width>2</width>
				</LineStyle>
			</Style>
			<MultiGeometry>
				<LineString>
					<tessellate>1</tessellate>
					<altitudeMode>absolute</altitudeMode>
					<coordinates>
						131.429276,36.403572,11277.6 131.531235,36.381691,11269.98 
					</coordinates>
				</LineString>
			</MultiGeometry>
		</Placemark>
		<Placemark>
			<name>P-203</name>
			<visibility>0</visibility>
			<description><![CDATA[<div><div><span><b>Altitude:</b></span> <span>36,975 ft</span></div>
<div><span><b>Speed:</b></span> <span>538 kt - 539 kt</span></div>
<div><span><b>Timestamp:</b></span><br/><span>2023-12-04 00:03:04 UTC<br/>2023-12-04 00:03:37 UTC</span></div>
</div>]]></description>
			<Style>
				<LineStyle>
					<color>ff9600ff</color>
					<width>2</width>
				</LineStyle>
			</Style>
			<MultiGeometry>
				<LineString>
					<tessellate>1</tessellate>
					<altitudeMode>absolute</altitudeMode>
					<coordinates>
						131.531235,36.381691,11269.98 131.630356,36.368984,11269.98 
					</coordinates>
				</LineString>
			</MultiGeometry>
		</Placemark>
		<Placemark>
			<name>P-204</name>
			<visibility>0</visibility>
			<description><![CDATA[<div><div><span><b>Altitude:</b></span> <span>36,975 ft</span></div>
<div><span><b>Speed:</b></span> <span>539 kt - 540 kt</span></div>
<div><span><b>Timestamp:</b></span><br/><span>2023-12-04 00:03:37 UTC<br/>2023-12-04 00:04:08 UTC</span></div>
</div>]]></description>
			<Style>
				<LineStyle>
					<color>ff9600ff</color>
					<width>2</width>
				</LineStyle>
			</Style>
			<MultiGeometry>
				<LineString>
					<tessellate>1</tessellate>
					<altitudeMode>absolute</altitudeMode>
					<coordinates>
						131.630356,36.368984,11269.98 131.725906,36.364105,11269.98 
					</coordinates>
				</LineString>
			</MultiGeometry>
		</Placemark>
		<Placemark>
			<name>P-205</name>
			<visibility>0</visibility>
			<description><![CDATA[<div><div><span><b>Altitude:</b></span> <span>36,975 ft - 37,000 ft</span></div>
<div><span><b>Speed:</b></span> <span>540 kt - 538 kt</span></div>
<div><span><b>Timestamp:</b></span><br/><span>2023-12-04 00:04:08 UTC<br/>2023-12-04 00:04:41 UTC</span></div>
</div>]]></description>
			<Style>
				<LineStyle>
					<color>ff9600ff</color>
					<width>2</width>
				</LineStyle>
			</Style>
			<MultiGeometry>
				<LineString>
					<tessellate>1</tessellate>
					<altitudeMode>absolute</altitudeMode>
					<coordinates>
						131.725906,36.364105,11269.98 131.827866,36.361038,11277.6 
					</coordinates>
				</LineString>
			</MultiGeometry>
		</Placemark>
		<Placemark>
			<name>P-206</name>
			<visibility>0</visibility>
			<description><![CDATA[<div><div><span><b>Altitude:</b></span> <span>37,000 ft - 37,025 ft</span></div>
<div><span><b>Speed:</b></span> <span>538 kt - 537 kt</span></div>
<div><span><b>Timestamp:</b></span><br/><span>2023-12-04 00:04:41 UTC<br/>2023-12-04 00:05:13 UTC</span></div>
</div>]]></description>
			<Style>
				<LineStyle>
					<color>ff9600ff</color>
					<width>2</width>
				</LineStyle>
			</Style>
			<MultiGeometry>
				<LineString>
					<tessellate>1</tessellate>
					<altitudeMode>absolute</altitudeMode>
					<coordinates>
						131.827866,36.361038,11277.6 131.925232,36.357578,11285.22 
					</coordinates>
				</LineString>
			</MultiGeometry>
		</Placemark>
		<Placemark>
			<name>P-207</name>
			<visibility>0</visibility>
			<description><![CDATA[<div><div><span><b>Altitude:</b></span> <span>37,025 ft</span></div>
<div><span><b>Speed:</b></span> <span>537 kt - 536 kt</span></div>
<div><span><b>Timestamp:</b></span><br/><span>2023-12-04 00:05:13 UTC<br/>2023-12-04 00:05:43 UTC</span></div>
</div>]]></description>
			<Style>
				<LineStyle>
					<color>ff9600ff</color>
					<width>2</width>
				</LineStyle>
			</Style>
			<MultiGeometry>
				<LineString>
					<tessellate>1</tessellate>
					<altitudeMode>absolute</altitudeMode>
					<coordinates>
						131.925232,36.357578,11285.22 132.019485,36.354458,11285.22 
					</coordinates>
				</LineString>
			</MultiGeometry>
		</Placemark>
		<Placemark>
			<name>P-208</name>
			<visibility>0</visibility>
			<description><![CDATA[<div><div><span><b>Altitude:</b></span> <span>37,025 ft - 36,975 ft</span></div>
<div><span><b>Speed:</b></span> <span>536 kt</span></div>
<div><span><b>Timestamp:</b></span><br/><span>2023-12-04 00:05:43 UTC<br/>2023-12-04 00:06:14 UTC</span></div>
</div>]]></description>
			<Style>
				<LineStyle>
					<color>ff9600ff</color>
					<width>2</width>
				</LineStyle>
			</Style>
			<MultiGeometry>
				<LineString>
					<tessellate>1</tessellate>
					<altitudeMode>absolute</altitudeMode>
					<coordinates>
						132.019485,36.354458,11285.22 132.113968,36.35083,11269.98 
					</coordinates>
				</LineString>
			</MultiGeometry>
		</Placemark>
		<Placemark>
			<name>P-209</name>
			<visibility>0</visibility>
			<description><![CDATA[<div><div><span><b>Altitude:</b></span> <span>36,975 ft</span></div>
<div><span><b>Speed:</b></span> <span>536 kt - 537 kt</span></div>
<div><span><b>Timestamp:</b></span><br/><span>2023-12-04 00:06:14 UTC<br/>2023-12-04 00:06:45 UTC</span></div>
</div>]]></description>
			<Style>
				<LineStyle>
					<color>ff9600ff</color>
					<width>2</width>
				</LineStyle>
			</Style>
			<MultiGeometry>
				<LineString>
					<tessellate>1</tessellate>
					<altitudeMode>absolute</altitudeMode>
					<coordinates>
						132.113968,36.35083,11269.98 132.208496,36.347443,11269.98 
					</coordinates>
				</LineString>
			</MultiGeometry>
		</Placemark>
		<Placemark>
			<name>P-210</name>
			<visibility>0</visibility>
			<description><![CDATA[<div><div><span><b>Altitude:</b></span> <span>36,975 ft</span></div>
<div><span><b>Speed:</b></span> <span>537 kt - 538 kt</span></div>
<div><span><b>Timestamp:</b></span><br/><span>2023-12-04 00:06:45 UTC<br/>2023-12-04 00:07:18 UTC</span></div>
</div>]]></description>
			<Style>
				<LineStyle>
					<color>ff9600ff</color>
					<width>2</width>
				</LineStyle>
			</Style>
			<MultiGeometry>
				<LineString>
					<tessellate>1</tessellate>
					<altitudeMode>absolute</altitudeMode>
					<coordinates>
						132.208496,36.347443,11269.98 132.310516,36.343937,11269.98 
					</coordinates>
				</LineString>
			</MultiGeometry>
		</Placemark>
		<Placemark>
			<name>P-211</name>
			<visibility>0</visibility>
			<description><![CDATA[<div><div><span><b>Altitude:</b></span> <span>36,975 ft - 37,000 ft</span></div>
<div><span><b>Speed:</b></span> <span>538 kt</span></div>
<div><span><b>Timestamp:</b></span><br/><span>2023-12-04 00:07:18 UTC<br/>2023-12-04 00:07:51 UTC</span></div>
</div>]]></description>
			<Style>
				<LineStyle>
					<color>ff9600ff</color>
					<width>2</width>
				</LineStyle>
			</Style>
			<MultiGeometry>
				<LineString>
					<tessellate>1</tessellate>
					<altitudeMode>absolute</altitudeMode>
					<coordinates>
						132.310516,36.343937,11269.98 132.412308,36.339794,11277.6 
					</coordinates>
				</LineString>
			</MultiGeometry>
		</Placemark>
		<Placemark>
			<name>P-212</name>
			<visibility>0</visibility>
			<description><![CDATA[<div><div><span><b>Altitude:</b></span> <span>37,000 ft</span></div>
<div><span><b>Speed:</b></span> <span>538 kt - 537 kt</span></div>
<div><span><b>Timestamp:</b></span><br/><span>2023-12-04 00:07:51 UTC<br/>2023-12-04 00:08:23 UTC</span></div>
</div>]]></description>
			<Style>
				<LineStyle>
					<color>ff9600ff</color>
					<width>2</width>
				</LineStyle>
			</Style>
			<MultiGeometry>
				<LineString>
					<tessellate>1</tessellate>
					<altitudeMode>absolute</altitudeMode>
					<coordinates>
						132.412308,36.339794,11277.6 132.509537,36.335953,11277.6 
					</coordinates>
				</LineString>
			</MultiGeometry>
		</Placemark>
		<Placemark>
			<name>P-213</name>
			<visibility>0</visibility>
			<description><![CDATA[<div><div><span><b>Altitude:</b></span> <span>37,000 ft</span></div>
<div><span><b>Speed:</b></span> <span>537 kt</span></div>
<div><span><b>Timestamp:</b></span><br/><span>2023-12-04 00:08:23 UTC<br/>2023-12-04 00:08:55 UTC</span></div>
</div>]]></description>
			<Style>
				<LineStyle>
					<color>ff9600ff</color>
					<width>2</width>
				</LineStyle>
			</Style>
			<MultiGeometry>
				<LineString>
					<tessellate>1</tessellate>
					<altitudeMode>absolute</altitudeMode>
					<coordinates>
						132.509537,36.335953,11277.6 132.608597,36.332344,11277.6 
					</coordinates>
				</LineString>
			</MultiGeometry>
		</Placemark>
		<Placemark>
			<name>P-214</name>
			<visibility>0</visibility>
			<description><![CDATA[<div><div><span><b>Altitude:</b></span> <span>37,000 ft</span></div>
<div><span><b>Speed:</b></span> <span>537 kt</span></div>
<div><span><b>Timestamp:</b></span><br/><span>2023-12-04 00:08:55 UTC<br/>2023-12-04 00:09:28 UTC</span></div>
</div>]]></description>
			<Style>
				<LineStyle>
					<color>ff9600ff</color>
					<width>2</width>
				</LineStyle>
			</Style>
			<MultiGeometry>
				<LineString>
					<tessellate>1</tessellate>
					<altitudeMode>absolute</altitudeMode>
					<coordinates>
						132.608597,36.332344,11277.6 132.709641,36.328484,11277.6 
					</coordinates>
				</LineString>
			</MultiGeometry>
		</Placemark>
		<Placemark>
			<name>P-215</name>
			<visibility>0</visibility>
			<description><![CDATA[<div><div><span><b>Altitude:</b></span> <span>37,000 ft</span></div>
<div><span><b>Speed:</b></span> <span>537 kt</span></div>
<div><span><b>Timestamp:</b></span><br/><span>2023-12-04 00:09:28 UTC<br/>2023-12-04 00:09:59 UTC</span></div>
</div>]]></description>
			<Style>
				<LineStyle>
					<color>ff9600ff</color>
					<width>2</width>
				</LineStyle>
			</Style>
			<MultiGeometry>
				<LineString>
					<tessellate>1</tessellate>
					<altitudeMode>absolute</altitudeMode>
					<coordinates>
						132.709641,36.328484,11277.6 132.804306,36.32457,11277.6 
					</coordinates>
				</LineString>
			</MultiGeometry>
		</Placemark>
		<Placemark>
			<name>P-216</name>
			<visibility>0</visibility>
			<description><![CDATA[<div><div><span><b>Altitude:</b></span> <span>37,000 ft</span></div>
<div><span><b>Speed:</b></span> <span>537 kt - 538 kt</span></div>
<div><span><b>Timestamp:</b></span><br/><span>2023-12-04 00:09:59 UTC<br/>2023-12-04 00:10:30 UTC</span></div>
</div>]]></description>
			<Style>
				<LineStyle>
					<color>ff9600ff</color>
					<width>2</width>
				</LineStyle>
			</Style>
			<MultiGeometry>
				<LineString>
					<tessellate>1</tessellate>
					<altitudeMode>absolute</altitudeMode>
					<coordinates>
						132.804306,36.32457,11277.6 132.899155,36.320709,11277.6 
					</coordinates>
				</LineString>
			</MultiGeometry>
		</Placemark>
		<Placemark>
			<name>P-217</name>
			<visibility>0</visibility>
			<description><![CDATA[<div><div><span><b>Altitude:</b></span> <span>37,000 ft</span></div>
<div><span><b>Speed:</b></span> <span>538 kt</span></div>
<div><span><b>Timestamp:</b></span><br/><span>2023-12-04 00:10:30 UTC<br/>2023-12-04 00:11:03 UTC</span></div>
</div>]]></description>
			<Style>
				<LineStyle>
					<color>ff9600ff</color>
					<width>2</width>
				</LineStyle>
			</Style>
			<MultiGeometry>
				<LineString>
					<tessellate>1</tessellate>
					<altitudeMode>absolute</altitudeMode>
					<coordinates>
						132.899155,36.320709,11277.6 133.001831,36.316471,11277.6 
					</coordinates>
				</LineString>
			</MultiGeometry>
		</Placemark>
		<Placemark>
			<name>P-218</name>
			<visibility>0</visibility>
			<description><![CDATA[<div><div><span><b>Altitude:</b></span> <span>37,000 ft</span></div>
<div><span><b>Speed:</b></span> <span>538 kt - 539 kt</span></div>
<div><span><b>Timestamp:</b></span><br/><span>2023-12-04 00:11:03 UTC<br/>2023-12-04 00:11:37 UTC</span></div>
</div>]]></description>
			<Style>
				<LineStyle>
					<color>ff9600ff</color>
					<width>2</width>
				</LineStyle>
			</Style>
			<MultiGeometry>
				<LineString>
					<tessellate>1</tessellate>
					<altitudeMode>absolute</altitudeMode>
					<coordinates>
						133.001831,36.316471,11277.6 133.105942,36.311691,11277.6 
					</coordinates>
				</LineString>
			</MultiGeometry>
		</Placemark>
		<Placemark>
			<name>P-219</name>
			<visibility>0</visibility>
			<description><![CDATA[<div><div><span><b>Altitude:</b></span> <span>37,000 ft - 37,025 ft</span></div>
<div><span><b>Speed:</b></span> <span>539 kt - 537 kt</span></div>
<div><span><b>Timestamp:</b></span><br/><span>2023-12-04 00:11:37 UTC<br/>2023-12-04 00:12:08 UTC</span></div>
</div>]]></description>
			<Style>
				<LineStyle>
					<color>ff9600ff</color>
					<width>2</width>
				</LineStyle>
			</Style>
			<MultiGeometry>
				<LineString>
					<tessellate>1</tessellate>
					<altitudeMode>absolute</altitudeMode>
					<coordinates>
						133.105942,36.311691,11277.6 133.200241,36.307526,11285.22 
					</coordinates>
				</LineString>
			</MultiGeometry>
		</Placemark>
		<Placemark>
			<name>P-220</name>
			<visibility>0</visibility>
			<description><![CDATA[<div><div><span><b>Altitude:</b></span> <span>37,025 ft - 37,000 ft</span></div>
<div><span><b>Speed:</b></span> <span>537 kt</span></div>
<div><span><b>Timestamp:</b></span><br/><span>2023-12-04 00:12:08 UTC<br/>2023-12-04 00:12:41 UTC</span></div>
</div>]]></description>
			<Style>
				<LineStyle>
					<color>ff9600ff</color>
					<width>2</width>
				</LineStyle>
			</Style>
			<MultiGeometry>
				<LineString>
					<tessellate>1</tessellate>
					<altitudeMode>absolute</altitudeMode>
					<coordinates>
						133.200241,36.307526,11285.22 133.302444,36.303158,11277.6 
					</coordinates>
				</LineString>
			</MultiGeometry>
		</Placemark>
		<Placemark>
			<name>P-221</name>
			<visibility>0</visibility>
			<description><![CDATA[<div><div><span><b>Altitude:</b></span> <span>37,000 ft</span></div>
<div><span><b>Speed:</b></span> <span>537 kt - 536 kt</span></div>
<div><span><b>Timestamp:</b></span><br/><span>2023-12-04 00:12:41 UTC<br/>2023-12-04 00:13:11 UTC</span></div>
</div>]]></description>
			<Style>
				<LineStyle>
					<color>ff9600ff</color>
					<width>2</width>
				</LineStyle>
			</Style>
			<MultiGeometry>
				<LineString>
					<tessellate>1</tessellate>
					<altitudeMode>absolute</altitudeMode>
					<coordinates>
						133.302444,36.303158,11277.6 133.396225,36.298874,11277.6 
					</coordinates>
				</LineString>
			</MultiGeometry>
		</Placemark>
		<Placemark>
			<name>P-222</name>
			<visibility>0</visibility>
			<description><![CDATA[<div><div><span><b>Altitude:</b></span> <span>37,000 ft</span></div>
<div><span><b>Speed:</b></span> <span>536 kt - 535 kt</span></div>
<div><span><b>Timestamp:</b></span><br/><span>2023-12-04 00:13:11 UTC<br/>2023-12-04 00:13:43 UTC</span></div>
</div>]]></description>
			<Style>
				<LineStyle>
					<color>ff9600ff</color>
					<width>2</width>
				</LineStyle>
			</Style>
			<MultiGeometry>
				<LineString>
					<tessellate>1</tessellate>
					<altitudeMode>absolute</altitudeMode>
					<coordinates>
						133.396225,36.298874,11277.6 133.492065,36.294479,11277.6 
					</coordinates>
				</LineString>
			</MultiGeometry>
		</Placemark>
		<Placemark>
			<name>P-223</name>
			<visibility>0</visibility>
			<description><![CDATA[<div><div><span><b>Altitude:</b></span> <span>37,000 ft</span></div>
<div><span><b>Speed:</b></span> <span>535 kt - 534 kt</span></div>
<div><span><b>Timestamp:</b></span><br/><span>2023-12-04 00:13:43 UTC<br/>2023-12-04 00:14:16 UTC</span></div>
</div>]]></description>
			<Style>
				<LineStyle>
					<color>ff9600ff</color>
					<width>2</width>
				</LineStyle>
			</Style>
			<MultiGeometry>
				<LineString>
					<tessellate>1</tessellate>
					<altitudeMode>absolute</altitudeMode>
					<coordinates>
						133.492065,36.294479,11277.6 133.594864,36.289566,11277.6 
					</coordinates>
				</LineString>
			</MultiGeometry>
		</Placemark>
		<Placemark>
			<name>P-224</name>
			<visibility>0</visibility>
			<description><![CDATA[<div><div><span><b>Altitude:</b></span> <span>37,000 ft</span></div>
<div><span><b>Speed:</b></span> <span>534 kt - 533 kt</span></div>
<div><span><b>Timestamp:</b></span><br/><span>2023-12-04 00:14:16 UTC<br/>2023-12-04 00:14:50 UTC</span></div>
</div>]]></description>
			<Style>
				<LineStyle>
					<color>ff9600ff</color>
					<width>2</width>
				</LineStyle>
			</Style>
			<MultiGeometry>
				<LineString>
					<tessellate>1</tessellate>
					<altitudeMode>absolute</altitudeMode>
					<coordinates>
						133.594864,36.289566,11277.6 133.695953,36.28463,11277.6 
					</coordinates>
				</LineString>
			</MultiGeometry>
		</Placemark>
		<Placemark>
			<name>P-225</name>
			<visibility>0</visibility>
			<description><![CDATA[<div><div><span><b>Altitude:</b></span> <span>37,000 ft</span></div>
<div><span><b>Speed:</b></span> <span>533 kt - 534 kt</span></div>
<div><span><b>Timestamp:</b></span><br/><span>2023-12-04 00:14:50 UTC<br/>2023-12-04 00:15:20 UTC</span></div>
</div>]]></description>
			<Style>
				<LineStyle>
					<color>ff9600ff</color>
					<width>2</width>
				</LineStyle>
			</Style>
			<MultiGeometry>
				<LineString>
					<tessellate>1</tessellate>
					<altitudeMode>absolute</altitudeMode>
					<coordinates>
						133.695953,36.28463,11277.6 133.789047,36.280014,11277.6 
					</coordinates>
				</LineString>
			</MultiGeometry>
		</Placemark>
		<Placemark>
			<name>P-226</name>
			<visibility>0</visibility>
			<description><![CDATA[<div><div><span><b>Altitude:</b></span> <span>37,000 ft</span></div>
<div><span><b>Speed:</b></span> <span>534 kt</span></div>
<div><span><b>Timestamp:</b></span><br/><span>2023-12-04 00:15:20 UTC<br/>2023-12-04 00:15:54 UTC</span></div>
</div>]]></description>
			<Style>
				<LineStyle>
					<color>ff9600ff</color>
					<width>2</width>
				</LineStyle>
			</Style>
			<MultiGeometry>
				<LineString>
					<tessellate>1</tessellate>
					<altitudeMode>absolute</altitudeMode>
					<coordinates>
						133.789047,36.280014,11277.6 133.891983,36.27475,11277.6 
					</coordinates>
				</LineString>
			</MultiGeometry>
		</Placemark>
		<Placemark>
			<name>P-227</name>
			<visibility>0</visibility>
			<description><![CDATA[<div><div><span><b>Altitude:</b></span> <span>37,000 ft - 36,975 ft</span></div>
<div><span><b>Speed:</b></span> <span>534 kt - 532 kt</span></div>
<div><span><b>Timestamp:</b></span><br/><span>2023-12-04 00:15:54 UTC<br/>2023-12-04 00:16:25 UTC</span></div>
</div>]]></description>
			<Style>
				<LineStyle>
					<color>ff9600ff</color>
					<width>2</width>
				</LineStyle>
			</Style>
			<MultiGeometry>
				<LineString>
					<tessellate>1</tessellate>
					<altitudeMode>absolute</altitudeMode>
					<coordinates>
						133.891983,36.27475,11277.6 133.985291,36.270153,11269.98 
					</coordinates>
				</LineString>
			</MultiGeometry>
		</Placemark>
		<Placemark>
			<name>P-228</name>
			<visibility>0</visibility>
			<description><![CDATA[<div><div><span><b>Altitude:</b></span> <span>36,975 ft</span></div>
<div><span><b>Speed:</b></span> <span>532 kt - 534 kt</span></div>
<div><span><b>Timestamp:</b></span><br/><span>2023-12-04 00:16:25 UTC<br/>2023-12-04 00:16:56 UTC</span></div>
</div>]]></description>
			<Style>
				<LineStyle>
					<color>ff9600ff</color>
					<width>2</width>
				</LineStyle>
			</Style>
			<MultiGeometry>
				<LineString>
					<tessellate>1</tessellate>
					<altitudeMode>absolute</altitudeMode>
					<coordinates>
						133.985291,36.270153,11269.98 134.079437,36.265594,11269.98 
					</coordinates>
				</LineString>
			</MultiGeometry>
		</Placemark>
		<Placemark>
			<name>P-229</name>
			<visibility>0</visibility>
			<description><![CDATA[<div><div><span><b>Altitude:</b></span> <span>36,975 ft - 37,000 ft</span></div>
<div><span><b>Speed:</b></span> <span>534 kt - 533 kt</span></div>
<div><span><b>Timestamp:</b></span><br/><span>2023-12-04 00:16:56 UTC<br/>2023-12-04 00:17:26 UTC</span></div>
</div>]]></description>
			<Style>
				<LineStyle>
					<color>ff9600ff</color>
					<width>2</width>
				</LineStyle>
			</Style>
			<MultiGeometry>
				<LineString>
					<tessellate>1</tessellate>
					<altitudeMode>absolute</altitudeMode>
					<coordinates>
						134.079437,36.265594,11269.98 134.172821,36.260742,11277.6 
					</coordinates>
				</LineString>
			</MultiGeometry>
		</Placemark>
		<Placemark>
			<name>P-230</name>
			<visibility>0</visibility>
			<description><![CDATA[<div><div><span><b>Altitude:</b></span> <span>37,000 ft</span></div>
<div><span><b>Speed:</b></span> <span>533 kt - 534 kt</span></div>
<div><span><b>Timestamp:</b></span><br/><span>2023-12-04 00:17:26 UTC<br/>2023-12-04 00:18:00 UTC</span></div>
</div>]]></description>
			<Style>
				<LineStyle>
					<color>ff9600ff</color>
					<width>2</width>
				</LineStyle>
			</Style>
			<MultiGeometry>
				<LineString>
					<tessellate>1</tessellate>
					<altitudeMode>absolute</altitudeMode>
					<coordinates>
						134.172821,36.260742,11277.6 134.275833,36.255348,11277.6 
					</coordinates>
				</LineString>
			</MultiGeometry>
		</Placemark>
		<Placemark>
			<name>P-231</name>
			<visibility>0</visibility>
			<description><![CDATA[<div><div><span><b>Altitude:</b></span> <span>37,000 ft</span></div>
<div><span><b>Speed:</b></span> <span>534 kt - 533 kt</span></div>
<div><span><b>Timestamp:</b></span><br/><span>2023-12-04 00:18:00 UTC<br/>2023-12-04 00:18:30 UTC</span></div>
</div>]]></description>
			<Style>
				<LineStyle>
					<color>ff9600ff</color>
					<width>2</width>
				</LineStyle>
			</Style>
			<MultiGeometry>
				<LineString>
					<tessellate>1</tessellate>
					<altitudeMode>absolute</altitudeMode>
					<coordinates>
						134.275833,36.255348,11277.6 134.367035,36.256714,11277.6 
					</coordinates>
				</LineString>
			</MultiGeometry>
		</Placemark>
		<Placemark>
			<name>P-232</name>
			<visibility>0</visibility>
			<description><![CDATA[<div><div><span><b>Altitude:</b></span> <span>37,000 ft</span></div>
<div><span><b>Speed:</b></span> <span>533 kt - 532 kt</span></div>
<div><span><b>Timestamp:</b></span><br/><span>2023-12-04 00:18:30 UTC<br/>2023-12-04 00:19:03 UTC</span></div>
</div>]]></description>
			<Style>
				<LineStyle>
					<color>ff9600ff</color>
					<width>2</width>
				</LineStyle>
			</Style>
			<MultiGeometry>
				<LineString>
					<tessellate>1</tessellate>
					<altitudeMode>absolute</altitudeMode>
					<coordinates>
						134.367035,36.256714,11277.6 134.467163,36.266148,11277.6 
					</coordinates>
				</LineString>
			</MultiGeometry>
		</Placemark>
		<Placemark>
			<name>P-233</name>
			<visibility>0</visibility>
			<description><![CDATA[<div><div><span><b>Altitude:</b></span> <span>37,000 ft - 37,025 ft</span></div>
<div><span><b>Speed:</b></span> <span>532 kt - 529 kt</span></div>
<div><span><b>Timestamp:</b></span><br/><span>2023-12-04 00:19:03 UTC<br/>2023-12-04 00:19:36 UTC</span></div>
</div>]]></description>
			<Style>
				<LineStyle>
					<color>ff9600ff</color>
					<width>2</width>
				</LineStyle>
			</Style>
			<MultiGeometry>
				<LineString>
					<tessellate>1</tessellate>
					<altitudeMode>absolute</altitudeMode>
					<coordinates>
						134.467163,36.266148,11277.6 134.562469,36.283138,11285.22 
					</coordinates>
				</LineString>
			</MultiGeometry>
		</Placemark>
		<Placemark>
			<name>P-234</name>
			<visibility>0</visibility>
			<description><![CDATA[<div><div><span><b>Altitude:</b></span> <span>37,025 ft - 37,000 ft</span></div>
<div><span><b>Speed:</b></span> <span>529 kt - 525 kt</span></div>
<div><span><b>Timestamp:</b></span><br/><span>2023-12-04 00:19:36 UTC<br/>2023-12-04 00:20:10 UTC</span></div>
</div>]]></description>
			<Style>
				<LineStyle>
					<color>ff9600ff</color>
					<width>2</width>
				</LineStyle>
			</Style>
			<MultiGeometry>
				<LineString>
					<tessellate>1</tessellate>
					<altitudeMode>absolute</altitudeMode>
					<coordinates>
						134.562469,36.283138,11285.22 134.662292,36.309769,11277.6 
					</coordinates>
				</LineString>
			</MultiGeometry>
		</Placemark>
		<Placemark>
			<name>P-235</name>
			<visibility>0</visibility>
			<description><![CDATA[<div><div><span><b>Altitude:</b></span> <span>37,000 ft</span></div>
<div><span><b>Speed:</b></span> <span>525 kt - 520 kt</span></div>
<div><span><b>Timestamp:</b></span><br/><span>2023-12-04 00:20:10 UTC<br/>2023-12-04 00:20:42 UTC</span></div>
</div>]]></description>
			<Style>
				<LineStyle>
					<color>ff9600ff</color>
					<width>2</width>
				</LineStyle>
			</Style>
			<MultiGeometry>
				<LineString>
					<tessellate>1</tessellate>
					<altitudeMode>absolute</altitudeMode>
					<coordinates>
						134.662292,36.309769,11277.6 134.749771,36.341171,11277.6 
					</coordinates>
				</LineString>
			</MultiGeometry>
		</Placemark>
		<Placemark>
			<name>P-236</name>
			<visibility>0</visibility>
			<description><![CDATA[<div><div><span><b>Altitude:</b></span> <span>37,000 ft - 37,025 ft</span></div>
<div><span><b>Speed:</b></span> <span>520 kt - 521 kt</span></div>
<div><span><b>Timestamp:</b></span><br/><span>2023-12-04 00:20:42 UTC<br/>2023-12-04 00:21:13 UTC</span></div>
</div>]]></description>
			<Style>
				<LineStyle>
					<color>ff9600ff</color>
					<width>2</width>
				</LineStyle>
			</Style>
			<MultiGeometry>
				<LineString>
					<tessellate>1</tessellate>
					<altitudeMode>absolute</altitudeMode>
					<coordinates>
						134.749771,36.341171,11277.6 134.828171,36.372482,11285.22 
					</coordinates>
				</LineString>
			</MultiGeometry>
		</Placemark>
		<Placemark>
			<name>P-237</name>
			<visibility>0</visibility>
			<description><![CDATA[<div><div><span><b>Altitude:</b></span> <span>37,025 ft - 37,000 ft</span></div>
<div><span><b>Speed:</b></span> <span>521 kt</span></div>
<div><span><b>Timestamp:</b></span><br/><span>2023-12-04 00:21:13 UTC<br/>2023-12-04 00:21:43 UTC</span></div>
</div>]]></description>
			<Style>
				<LineStyle>
					<color>ff9600ff</color>
					<width>2</width>
				</LineStyle>
			</Style>
			<MultiGeometry>
				<LineString>
					<tessellate>1</tessellate>
					<altitudeMode>absolute</altitudeMode>
					<coordinates>
						134.828171,36.372482,11285.22 134.911987,36.40535,11277.6 
					</coordinates>
				</LineString>
			</MultiGeometry>
		</Placemark>
		<Placemark>
			<name>P-238</name>
			<visibility>0</visibility>
			<description><![CDATA[<div><div><span><b>Altitude:</b></span> <span>37,000 ft</span></div>
<div><span><b>Speed:</b></span> <span>521 kt</span></div>
<div><span><b>Timestamp:</b></span><br/><span>2023-12-04 00:21:43 UTC<br/>2023-12-04 00:22:16 UTC</span></div>
</div>]]></description>
			<Style>
				<LineStyle>
					<color>ff9600ff</color>
					<width>2</width>
				</LineStyle>
			</Style>
			<MultiGeometry>
				<LineString>
					<tessellate>1</tessellate>
					<altitudeMode>absolute</altitudeMode>
					<coordinates>
						134.911987,36.40535,11277.6 135.001999,36.440598,11277.6 
					</coordinates>
				</LineString>
			</MultiGeometry>
		</Placemark>
		<Placemark>
			<name>P-239</name>
			<visibility>0</visibility>
			<description><![CDATA[<div><div><span><b>Altitude:</b></span> <span>37,000 ft</span></div>
<div><span><b>Speed:</b></span> <span>521 kt - 520 kt</span></div>
<div><span><b>Timestamp:</b></span><br/><span>2023-12-04 00:22:16 UTC<br/>2023-12-04 00:22:47 UTC</span></div>
</div>]]></description>
			<Style>
				<LineStyle>
					<color>ff9600ff</color>
					<width>2</width>
				</LineStyle>
			</Style>
			<MultiGeometry>
				<LineString>
					<tessellate>1</tessellate>
					<altitudeMode>absolute</altitudeMode>
					<coordinates>
						135.001999,36.440598,11277.6 135.080292,36.471584,11277.6 
					</coordinates>
				</LineString>
			</MultiGeometry>
		</Placemark>
		<Placemark>
			<name>P-240</name>
			<visibility>0</visibility>
			<description><![CDATA[<div><div><span><b>Altitude:</b></span> <span>37,000 ft</span></div>
<div><span><b>Speed:</b></span> <span>520 kt</span></div>
<div><span><b>Timestamp:</b></span><br/><span>2023-12-04 00:22:47 UTC<br/>2023-12-04 00:23:21 UTC</span></div>
</div>]]></description>
			<Style>
				<LineStyle>
					<color>ff9600ff</color>
					<width>2</width>
				</LineStyle>
			</Style>
			<MultiGeometry>
				<LineString>
					<tessellate>1</tessellate>
					<altitudeMode>absolute</altitudeMode>
					<coordinates>
						135.080292,36.471584,11277.6 135.174255,36.508591,11277.6 
					</coordinates>
				</LineString>
			</MultiGeometry>
		</Placemark>
		<Placemark>
			<name>P-241</name>
			<visibility>0</visibility>
			<description><![CDATA[<div><div><span><b>Altitude:</b></span> <span>37,000 ft</span></div>
<div><span><b>Speed:</b></span> <span>520 kt</span></div>
<div><span><b>Timestamp:</b></span><br/><span>2023-12-04 00:23:21 UTC<br/>2023-12-04 00:23:54 UTC</span></div>
</div>]]></description>
			<Style>
				<LineStyle>
					<color>ff9600ff</color>
					<width>2</width>
				</LineStyle>
			</Style>
			<MultiGeometry>
				<LineString>
					<tessellate>1</tessellate>
					<altitudeMode>absolute</altitudeMode>
					<coordinates>
						135.174255,36.508591,11277.6 135.262741,36.543182,11277.6 
					</coordinates>
				</LineString>
			</MultiGeometry>
		</Placemark>
		<Placemark>
			<name>P-242</name>
			<visibility>0</visibility>
			<description><![CDATA[<div><div><span><b>Altitude:</b></span> <span>37,000 ft</span></div>
<div><span><b>Speed:</b></span> <span>520 kt - 519 kt</span></div>
<div><span><b>Timestamp:</b></span><br/><span>2023-12-04 00:23:54 UTC<br/>2023-12-04 00:24:28 UTC</span></div>
</div>]]></description>
			<Style>
				<LineStyle>
					<color>ff9600ff</color>
					<width>2</width>
				</LineStyle>
			</Style>
			<MultiGeometry>
				<LineString>
					<tessellate>1</tessellate>
					<altitudeMode>absolute</altitudeMode>
					<coordinates>
						135.262741,36.543182,11277.6 135.35022,36.577305,11277.6 
					</coordinates>
				</LineString>
			</MultiGeometry>
		</Placemark>
		<Placemark>
			<name>P-243</name>
			<visibility>0</visibility>
			<description><![CDATA[<div><div><span><b>Altitude:</b></span> <span>37,000 ft</span></div>
<div><span><b>Speed:</b></span> <span>519 kt - 520 kt</span></div>
<div><span><b>Timestamp:</b></span><br/><span>2023-12-04 00:24:28 UTC<br/>2023-12-04 00:25:00 UTC</span></div>
</div>]]></description>
			<Style>
				<LineStyle>
					<color>ff9600ff</color>
					<width>2</width>
				</LineStyle>
			</Style>
			<MultiGeometry>
				<LineString>
					<tessellate>1</tessellate>
					<altitudeMode>absolute</altitudeMode>
					<coordinates>
						135.35022,36.577305,11277.6 135.439621,36.612076,11277.6 
					</coordinates>
				</LineString>
			</MultiGeometry>
		</Placemark>
		<Placemark>
			<name>P-244</name>
			<visibility>0</visibility>
			<description><![CDATA[<div><div><span><b>Altitude:</b></span> <span>37,000 ft</span></div>
<div><span><b>Speed:</b></span> <span>520 kt</span></div>
<div><span><b>Timestamp:</b></span><br/><span>2023-12-04 00:25:00 UTC<br/>2023-12-04 00:25:32 UTC</span></div>
</div>]]></description>
			<Style>
				<LineStyle>
					<color>ff9600ff</color>
					<width>2</width>
				</LineStyle>
			</Style>
			<MultiGeometry>
				<LineString>
					<tessellate>1</tessellate>
					<altitudeMode>absolute</altitudeMode>
					<coordinates>
						135.439621,36.612076,11277.6 135.525589,36.64513,11277.6 
					</coordinates>
				</LineString>
			</MultiGeometry>
		</Placemark>
		<Placemark>
			<name>P-245</name>
			<visibility>0</visibility>
			<description><![CDATA[<div><div><span><b>Altitude:</b></span> <span>37,000 ft - 37,025 ft</span></div>
<div><span><b>Speed:</b></span> <span>520 kt</span></div>
<div><span><b>Timestamp:</b></span><br/><span>2023-12-04 00:25:32 UTC<br/>2023-12-04 00:26:02 UTC</span></div>
</div>]]></description>
			<Style>
				<LineStyle>
					<color>ff9600ff</color>
					<width>2</width>
				</LineStyle>
			</Style>
			<MultiGeometry>
				<LineString>
					<tessellate>1</tessellate>
					<altitudeMode>absolute</altitudeMode>
					<coordinates>
						135.525589,36.64513,11277.6 135.609344,36.677719,11285.22 
					</coordinates>
				</LineString>
			</MultiGeometry>
		</Placemark>
		<Placemark>
			<name>P-246</name>
			<visibility>0</visibility>
			<description><![CDATA[<div><div><span><b>Altitude:</b></span> <span>37,025 ft</span></div>
<div><span><b>Speed:</b></span> <span>520 kt</span></div>
<div><span><b>Timestamp:</b></span><br/><span>2023-12-04 00:26:02 UTC<br/>2023-12-04 00:26:36 UTC</span></div>
</div>]]></description>
			<Style>
				<LineStyle>
					<color>ff9600ff</color>
					<width>2</width>
				</LineStyle>
			</Style>
			<MultiGeometry>
				<LineString>
					<tessellate>1</tessellate>
					<altitudeMode>absolute</altitudeMode>
					<coordinates>
						135.609344,36.677719,11285.22 135.699158,36.711838,11285.22 
					</coordinates>
				</LineString>
			</MultiGeometry>
		</Placemark>
		<Placemark>
			<name>P-247</name>
			<visibility>0</visibility>
			<description><![CDATA[<div><div><span><b>Altitude:</b></span> <span>37,025 ft - 37,000 ft</span></div>
<div><span><b>Speed:</b></span> <span>520 kt - 519 kt</span></div>
<div><span><b>Timestamp:</b></span><br/><span>2023-12-04 00:26:36 UTC<br/>2023-12-04 00:27:07 UTC</span></div>
</div>]]></description>
			<Style>
				<LineStyle>
					<color>ff9600ff</color>
					<width>2</width>
				</LineStyle>
			</Style>
			<MultiGeometry>
				<LineString>
					<tessellate>1</tessellate>
					<altitudeMode>absolute</altitudeMode>
					<coordinates>
						135.699158,36.711838,11285.22 135.782074,36.743774,11277.6 
					</coordinates>
				</LineString>
			</MultiGeometry>
		</Placemark>
		<Placemark>
			<name>P-248</name>
			<visibility>0</visibility>
			<description><![CDATA[<div><div><span><b>Altitude:</b></span> <span>37,000 ft</span></div>
<div><span><b>Speed:</b></span> <span>519 kt</span></div>
<div><span><b>Timestamp:</b></span><br/><span>2023-12-04 00:27:07 UTC<br/>2023-12-04 00:27:40 UTC</span></div>
</div>]]></description>
			<Style>
				<LineStyle>
					<color>ff9600ff</color>
					<width>2</width>
				</LineStyle>
			</Style>
			<MultiGeometry>
				<LineString>
					<tessellate>1</tessellate>
					<altitudeMode>absolute</altitudeMode>
					<coordinates>
						135.782074,36.743774,11277.6 135.871658,36.778408,11277.6 
					</coordinates>
				</LineString>
			</MultiGeometry>
		</Placemark>
		<Placemark>
			<name>P-249</name>
			<visibility>0</visibility>
			<description><![CDATA[<div><div><span><b>Altitude:</b></span> <span>37,000 ft - 36,975 ft</span></div>
<div><span><b>Speed:</b></span> <span>519 kt - 521 kt</span></div>
<div><span><b>Timestamp:</b></span><br/><span>2023-12-04 00:27:40 UTC<br/>2023-12-04 00:28:10 UTC</span></div>
</div>]]></description>
			<Style>
				<LineStyle>
					<color>ff9600ff</color>
					<width>2</width>
				</LineStyle>
			</Style>
			<MultiGeometry>
				<LineString>
					<tessellate>1</tessellate>
					<altitudeMode>absolute</altitudeMode>
					<coordinates>
						135.871658,36.778408,11277.6 135.954437,36.810425,11269.98 
					</coordinates>
				</LineString>
			</MultiGeometry>
		</Placemark>
		<Placemark>
			<name>P-250</name>
			<visibility>0</visibility>
			<description><![CDATA[<div><div><span><b>Altitude:</b></span> <span>36,975 ft</span></div>
<div><span><b>Speed:</b></span> <span>521 kt - 523 kt</span></div>
<div><span><b>Timestamp:</b></span><br/><span>2023-12-04 00:28:10 UTC<br/>2023-12-04 00:28:44 UTC</span></div>
</div>]]></description>
			<Style>
				<LineStyle>
					<color>ff9600ff</color>
					<width>2</width>
				</LineStyle>
			</Style>
			<MultiGeometry>
				<LineString>
					<tessellate>1</tessellate>
					<altitudeMode>absolute</altitudeMode>
					<coordinates>
						135.954437,36.810425,11269.98 136.045105,36.845074,11269.98 
					</coordinates>
				</LineString>
			</MultiGeometry>
		</Placemark>
		<Placemark>
			<name>P-251</name>
			<visibility>0</visibility>
			<description><![CDATA[<div><div><span><b>Altitude:</b></span> <span>36,975 ft - 37,000 ft</span></div>
<div><span><b>Speed:</b></span> <span>523 kt - 524 kt</span></div>
<div><span><b>Timestamp:</b></span><br/><span>2023-12-04 00:28:44 UTC<br/>2023-12-04 00:29:14 UTC</span></div>
</div>]]></description>
			<Style>
				<LineStyle>
					<color>ff9600ff</color>
					<width>2</width>
				</LineStyle>
			</Style>
			<MultiGeometry>
				<LineString>
					<tessellate>1</tessellate>
					<altitudeMode>absolute</altitudeMode>
					<coordinates>
						136.045105,36.845074,11269.98 136.127121,36.876122,11277.6 
					</coordinates>
				</LineString>
			</MultiGeometry>
		</Placemark>
		<Placemark>
			<name>P-252</name>
			<visibility>0</visibility>
			<description><![CDATA[<div><div><span><b>Altitude:</b></span> <span>37,000 ft - 37,025 ft</span></div>
<div><span><b>Speed:</b></span> <span>524 kt - 525 kt</span></div>
<div><span><b>Timestamp:</b></span><br/><span>2023-12-04 00:29:14 UTC<br/>2023-12-04 00:29:48 UTC</span></div>
</div>]]></description>
			<Style>
				<LineStyle>
					<color>ff9600ff</color>
					<width>2</width>
				</LineStyle>
			</Style>
			<MultiGeometry>
				<LineString>
					<tessellate>1</tessellate>
					<altitudeMode>absolute</altitudeMode>
					<coordinates>
						136.127121,36.876122,11277.6 136.219482,36.911224,11285.22 
					</coordinates>
				</LineString>
			</MultiGeometry>
		</Placemark>
		<Placemark>
			<name>P-253</name>
			<visibility>0</visibility>
			<description><![CDATA[<div><div><span><b>Altitude:</b></span> <span>37,025 ft</span></div>
<div><span><b>Speed:</b></span> <span>525 kt</span></div>
<div><span><b>Timestamp:</b></span><br/><span>2023-12-04 00:29:48 UTC<br/>2023-12-04 00:30:21 UTC</span></div>
</div>]]></description>
			<Style>
				<LineStyle>
					<color>ff9600ff</color>
					<width>2</width>
				</LineStyle>
			</Style>
			<MultiGeometry>
				<LineString>
					<tessellate>1</tessellate>
					<altitudeMode>absolute</altitudeMode>
					<coordinates>
						136.219482,36.911224,11285.22 136.310638,36.945694,11285.22 
					</coordinates>
				</LineString>
			</MultiGeometry>
		</Placemark>
		<Placemark>
			<name>P-254</name>
			<visibility>0</visibility>
			<description><![CDATA[<div><div><span><b>Altitude:</b></span> <span>37,025 ft</span></div>
<div><span><b>Speed:</b></span> <span>525 kt</span></div>
<div><span><b>Timestamp:</b></span><br/><span>2023-12-04 00:30:21 UTC<br/>2023-12-04 00:30:52 UTC</span></div>
</div>]]></description>
			<Style>
				<LineStyle>
					<color>ff9600ff</color>
					<width>2</width>
				</LineStyle>
			</Style>
			<MultiGeometry>
				<LineString>
					<tessellate>1</tessellate>
					<altitudeMode>absolute</altitudeMode>
					<coordinates>
						136.310638,36.945694,11285.22 136.394745,36.977509,11285.22 
					</coordinates>
				</LineString>
			</MultiGeometry>
		</Placemark>
		<Placemark>
			<name>P-255</name>
			<visibility>0</visibility>
			<description><![CDATA[<div><div><span><b>Altitude:</b></span> <span>37,025 ft - 37,000 ft</span></div>
<div><span><b>Speed:</b></span> <span>525 kt - 524 kt</span></div>
<div><span><b>Timestamp:</b></span><br/><span>2023-12-04 00:30:52 UTC<br/>2023-12-04 00:31:25 UTC</span></div>
</div>]]></description>
			<Style>
				<LineStyle>
					<color>ff9600ff</color>
					<width>2</width>
				</LineStyle>
			</Style>
			<MultiGeometry>
				<LineString>
					<tessellate>1</tessellate>
					<altitudeMode>absolute</altitudeMode>
					<coordinates>
						136.394745,36.977509,11285.22 136.486374,37.011963,11277.6 
					</coordinates>
				</LineString>
			</MultiGeometry>
		</Placemark>
		<Placemark>
			<name>P-256</name>
			<visibility>0</visibility>
			<description><![CDATA[<div><div><span><b>Altitude:</b></span> <span>37,000 ft</span></div>
<div><span><b>Speed:</b></span> <span>524 kt</span></div>
<div><span><b>Timestamp:</b></span><br/><span>2023-12-04 00:31:25 UTC<br/>2023-12-04 00:31:56 UTC</span></div>
</div>]]></description>
			<Style>
				<LineStyle>
					<color>ff9600ff</color>
					<width>2</width>
				</LineStyle>
			</Style>
			<MultiGeometry>
				<LineString>
					<tessellate>1</tessellate>
					<altitudeMode>absolute</altitudeMode>
					<coordinates>
						136.486374,37.011963,11277.6 136.570023,37.043243,11277.6 
					</coordinates>
				</LineString>
			</MultiGeometry>
		</Placemark>
		<Placemark>
			<name>P-257</name>
			<visibility>0</visibility>
			<description><![CDATA[<div><div><span><b>Altitude:</b></span> <span>37,000 ft</span></div>
<div><span><b>Speed:</b></span> <span>524 kt - 522 kt</span></div>
<div><span><b>Timestamp:</b></span><br/><span>2023-12-04 00:31:56 UTC<br/>2023-12-04 00:32:29 UTC</span></div>
</div>]]></description>
			<Style>
				<LineStyle>
					<color>ff9600ff</color>
					<width>2</width>
				</LineStyle>
			</Style>
			<MultiGeometry>
				<LineString>
					<tessellate>1</tessellate>
					<altitudeMode>absolute</altitudeMode>
					<coordinates>
						136.570023,37.043243,11277.6 136.66185,37.077484,11277.6 
					</coordinates>
				</LineString>
			</MultiGeometry>
		</Placemark>
		<Placemark>
			<name>P-258</name>
			<visibility>0</visibility>
			<description><![CDATA[<div><div><span><b>Altitude:</b></span> <span>37,000 ft - 37,025 ft</span></div>
<div><span><b>Speed:</b></span> <span>522 kt</span></div>
<div><span><b>Timestamp:</b></span><br/><span>2023-12-04 00:32:29 UTC<br/>2023-12-04 00:32:59 UTC</span></div>
</div>]]></description>
			<Style>
				<LineStyle>
					<color>ff9600ff</color>
					<width>2</width>
				</LineStyle>
			</Style>
			<MultiGeometry>
				<LineString>
					<tessellate>1</tessellate>
					<altitudeMode>absolute</altitudeMode>
					<coordinates>
						136.66185,37.077484,11277.6 136.74295,37.107815,11285.22 
					</coordinates>
				</LineString>
			</MultiGeometry>
		</Placemark>
		<Placemark>
			<name>P-259</name>
			<visibility>0</visibility>
			<description><![CDATA[<div><div><span><b>Altitude:</b></span> <span>37,025 ft - 37,000 ft</span></div>
<div><span><b>Speed:</b></span> <span>522 kt</span></div>
<div><span><b>Timestamp:</b></span><br/><span>2023-12-04 00:32:59 UTC<br/>2023-12-04 00:33:33 UTC</span></div>
</div>]]></description>
			<Style>
				<LineStyle>
					<color>ff9600ff</color>
					<width>2</width>
				</LineStyle>
			</Style>
			<MultiGeometry>
				<LineString>
					<tessellate>1</tessellate>
					<altitudeMode>absolute</altitudeMode>
					<coordinates>
						136.74295,37.107815,11285.22 136.83609,37.14254,11277.6 
					</coordinates>
				</LineString>
			</MultiGeometry>
		</Placemark>
		<Placemark>
			<name>P-260</name>
			<visibility>0</visibility>
			<description><![CDATA[<div><div><span><b>Altitude:</b></span> <span>37,000 ft</span></div>
<div><span><b>Speed:</b></span> <span>522 kt - 520 kt</span></div>
<div><span><b>Timestamp:</b></span><br/><span>2023-12-04 00:33:33 UTC<br/>2023-12-04 00:34:06 UTC</span></div>
</div>]]></description>
			<Style>
				<LineStyle>
					<color>ff9600ff</color>
					<width>2</width>
				</LineStyle>
			</Style>
			<MultiGeometry>
				<LineString>
					<tessellate>1</tessellate>
					<altitudeMode>absolute</altitudeMode>
					<coordinates>
						136.83609,37.14254,11277.6 136.92601,37.175964,11277.6 
					</coordinates>
				</LineString>
			</MultiGeometry>
		</Placemark>
		<Placemark>
			<name>P-261</name>
			<visibility>0</visibility>
			<description><![CDATA[<div><div><span><b>Altitude:</b></span> <span>37,000 ft</span></div>
<div><span><b>Speed:</b></span> <span>520 kt</span></div>
<div><span><b>Timestamp:</b></span><br/><span>2023-12-04 00:34:06 UTC<br/>2023-12-04 00:34:40 UTC</span></div>
</div>]]></description>
			<Style>
				<LineStyle>
					<color>ff9600ff</color>
					<width>2</width>
				</LineStyle>
			</Style>
			<MultiGeometry>
				<LineString>
					<tessellate>1</tessellate>
					<altitudeMode>absolute</altitudeMode>
					<coordinates>
						136.92601,37.175964,11277.6 137.019089,37.210281,11277.6 
					</coordinates>
				</LineString>
			</MultiGeometry>
		</Placemark>
		<Placemark>
			<name>P-262</name>
			<visibility>0</visibility>
			<description><![CDATA[<div><div><span><b>Altitude:</b></span> <span>37,000 ft - 36,975 ft</span></div>
<div><span><b>Speed:</b></span> <span>520 kt</span></div>
<div><span><b>Timestamp:</b></span><br/><span>2023-12-04 00:34:40 UTC<br/>2023-12-04 00:35:13 UTC</span></div>
</div>]]></description>
			<Style>
				<LineStyle>
					<color>ff9600ff</color>
					<width>2</width>
				</LineStyle>
			</Style>
			<MultiGeometry>
				<LineString>
					<tessellate>1</tessellate>
					<altitudeMode>absolute</altitudeMode>
					<coordinates>
						137.019089,37.210281,11277.6 137.110626,37.243931,11269.98 
					</coordinates>
				</LineString>
			</MultiGeometry>
		</Placemark>
		<Placemark>
			<name>P-263</name>
			<visibility>0</visibility>
			<description><![CDATA[<div><div><span><b>Altitude:</b></span> <span>36,975 ft</span></div>
<div><span><b>Speed:</b></span> <span>520 kt - 521 kt</span></div>
<div><span><b>Timestamp:</b></span><br/><span>2023-12-04 00:35:13 UTC<br/>2023-12-04 00:35:44 UTC</span></div>
</div>]]></description>
			<Style>
				<LineStyle>
					<color>ff9600ff</color>
					<width>2</width>
				</LineStyle>
			</Style>
			<MultiGeometry>
				<LineString>
					<tessellate>1</tessellate>
					<altitudeMode>absolute</altitudeMode>
					<coordinates>
						137.110626,37.243931,11269.98 137.194336,37.274887,11269.98 
					</coordinates>
				</LineString>
			</MultiGeometry>
		</Placemark>
		<Placemark>
			<name>P-264</name>
			<visibility>0</visibility>
			<description><![CDATA[<div><div><span><b>Altitude:</b></span> <span>36,975 ft - 37,000 ft</span></div>
<div><span><b>Speed:</b></span> <span>521 kt - 520 kt</span></div>
<div><span><b>Timestamp:</b></span><br/><span>2023-12-04 00:35:44 UTC<br/>2023-12-04 00:36:17 UTC</span></div>
</div>]]></description>
			<Style>
				<LineStyle>
					<color>ff9600ff</color>
					<width>2</width>
				</LineStyle>
			</Style>
			<MultiGeometry>
				<LineString>
					<tessellate>1</tessellate>
					<altitudeMode>absolute</altitudeMode>
					<coordinates>
						137.194336,37.274887,11269.98 137.285507,37.308361,11277.6 
					</coordinates>
				</LineString>
			</MultiGeometry>
		</Placemark>
		<Placemark>
			<name>P-265</name>
			<visibility>0</visibility>
			<description><![CDATA[<div><div><span><b>Altitude:</b></span> <span>37,000 ft</span></div>
<div><span><b>Speed:</b></span> <span>520 kt</span></div>
<div><span><b>Timestamp:</b></span><br/><span>2023-12-04 00:36:17 UTC<br/>2023-12-04 00:36:50 UTC</span></div>
</div>]]></description>
			<Style>
				<LineStyle>
					<color>ff9600ff</color>
					<width>2</width>
				</LineStyle>
			</Style>
			<MultiGeometry>
				<LineString>
					<tessellate>1</tessellate>
					<altitudeMode>absolute</altitudeMode>
					<coordinates>
						137.285507,37.308361,11277.6 137.376083,37.341385,11277.6 
					</coordinates>
				</LineString>
			</MultiGeometry>
		</Placemark>
		<Placemark>
			<name>P-266</name>
			<visibility>0</visibility>
			<description><![CDATA[<div><div><span><b>Altitude:</b></span> <span>37,000 ft</span></div>
<div><span><b>Speed:</b></span> <span>520 kt - 521 kt</span></div>
<div><span><b>Timestamp:</b></span><br/><span>2023-12-04 00:36:50 UTC<br/>2023-12-04 00:37:24 UTC</span></div>
</div>]]></description>
			<Style>
				<LineStyle>
					<color>ff9600ff</color>
					<width>2</width>
				</LineStyle>
			</Style>
			<MultiGeometry>
				<LineString>
					<tessellate>1</tessellate>
					<altitudeMode>absolute</altitudeMode>
					<coordinates>
						137.376083,37.341385,11277.6 137.468994,37.375301,11277.6 
					</coordinates>
				</LineString>
			</MultiGeometry>
		</Placemark>
		<Placemark>
			<name>P-267</name>
			<visibility>0</visibility>
			<description><![CDATA[<div><div><span><b>Altitude:</b></span> <span>37,000 ft</span></div>
<div><span><b>Speed:</b></span> <span>521 kt - 522 kt</span></div>
<div><span><b>Timestamp:</b></span><br/><span>2023-12-04 00:37:24 UTC<br/>2023-12-04 00:37:57 UTC</span></div>
</div>]]></description>
			<Style>
				<LineStyle>
					<color>ff9600ff</color>
					<width>2</width>
				</LineStyle>
			</Style>
			<MultiGeometry>
				<LineString>
					<tessellate>1</tessellate>
					<altitudeMode>absolute</altitudeMode>
					<coordinates>
						137.468994,37.375301,11277.6 137.561127,37.408867,11277.6 
					</coordinates>
				</LineString>
			</MultiGeometry>
		</Placemark>
		<Placemark>
			<name>P-268</name>
			<visibility>0</visibility>
			<description><![CDATA[<div><div><span><b>Altitude:</b></span> <span>37,000 ft - 37,025 ft</span></div>
<div><span><b>Speed:</b></span> <span>522 kt</span></div>
<div><span><b>Timestamp:</b></span><br/><span>2023-12-04 00:37:57 UTC<br/>2023-12-04 00:38:27 UTC</span></div>
</div>]]></description>
			<Style>
				<LineStyle>
					<color>ff9600ff</color>
					<width>2</width>
				</LineStyle>
			</Style>
			<MultiGeometry>
				<LineString>
					<tessellate>1</tessellate>
					<altitudeMode>absolute</altitudeMode>
					<coordinates>
						137.561127,37.408867,11277.6 137.643555,37.438751,11285.22 
					</coordinates>
				</LineString>
			</MultiGeometry>
		</Placemark>
		<Placemark>
			<name>P-269</name>
			<visibility>0</visibility>
			<description><![CDATA[<div><div><span><b>Altitude:</b></span> <span>37,025 ft</span></div>
<div><span><b>Speed:</b></span> <span>522 kt - 521 kt</span></div>
<div><span><b>Timestamp:</b></span><br/><span>2023-12-04 00:38:27 UTC<br/>2023-12-04 00:39:00 UTC</span></div>
</div>]]></description>
			<Style>
				<LineStyle>
					<color>ff9600ff</color>
					<width>2</width>
				</LineStyle>
			</Style>
			<MultiGeometry>
				<LineString>
					<tessellate>1</tessellate>
					<altitudeMode>absolute</altitudeMode>
					<coordinates>
						137.643555,37.438751,11285.22 137.735596,37.472031,11285.22 
					</coordinates>
				</LineString>
			</MultiGeometry>
		</Placemark>
		<Placemark>
			<name>P-270</name>
			<visibility>0</visibility>
			<description><![CDATA[<div><div><span><b>Altitude:</b></span> <span>37,025 ft</span></div>
<div><span><b>Speed:</b></span> <span>521 kt - 520 kt</span></div>
<div><span><b>Timestamp:</b></span><br/><span>2023-12-04 00:39:00 UTC<br/>2023-12-04 00:39:31 UTC</span></div>
</div>]]></description>
			<Style>
				<LineStyle>
					<color>ff9600ff</color>
					<width>2</width>
				</LineStyle>
			</Style>
			<MultiGeometry>
				<LineString>
					<tessellate>1</tessellate>
					<altitudeMode>absolute</altitudeMode>
					<coordinates>
						137.735596,37.472031,11285.22 137.820801,37.502655,11285.22 
					</coordinates>
				</LineString>
			</MultiGeometry>
		</Placemark>
		<Placemark>
			<name>P-271</name>
			<visibility>0</visibility>
			<description><![CDATA[<div><div><span><b>Altitude:</b></span> <span>37,025 ft - 37,000 ft</span></div>
<div><span><b>Speed:</b></span> <span>520 kt - 522 kt</span></div>
<div><span><b>Timestamp:</b></span><br/><span>2023-12-04 00:39:31 UTC<br/>2023-12-04 00:40:05 UTC</span></div>
</div>]]></description>
			<Style>
				<LineStyle>
					<color>ff9600ff</color>
					<width>2</width>
				</LineStyle>
			</Style>
			<MultiGeometry>
				<LineString>
					<tessellate>1</tessellate>
					<altitudeMode>absolute</altitudeMode>
					<coordinates>
						137.820801,37.502655,11285.22 137.913589,37.533951,11277.6 
					</coordinates>
				</LineString>
			</MultiGeometry>
		</Placemark>
		<Placemark>
			<name>P-272</name>
			<visibility>0</visibility>
			<description><![CDATA[<div><div><span><b>Altitude:</b></span> <span>37,000 ft</span></div>
<div><span><b>Speed:</b></span> <span>522 kt - 524 kt</span></div>
<div><span><b>Timestamp:</b></span><br/><span>2023-12-04 00:40:05 UTC<br/>2023-12-04 00:40:19 UTC</span></div>
</div>]]></description>
			<Style>
				<LineStyle>
					<color>ff9600ff</color>
					<width>2</width>
				</LineStyle>
			</Style>
			<MultiGeometry>
				<LineString>
					<tessellate>1</tessellate>
					<altitudeMode>absolute</altitudeMode>
					<coordinates>
						137.913589,37.533951,11277.6 137.955032,37.543304,11277.6 
					</coordinates>
				</LineString>
			</MultiGeometry>
		</Placemark>
		<Placemark>
			<name>P-273</name>
			<visibility>0</visibility>
			<description><![CDATA[<div><div><span><b>Altitude:</b></span> <span>37,000 ft - 36,975 ft</span></div>
<div><span><b>Speed:</b></span> <span>524 kt</span></div>
<div><span><b>Timestamp:</b></span><br/><span>2023-12-04 00:40:19 UTC<br/>2023-12-04 00:40:50 UTC</span></div>
</div>]]></description>
			<Style>
				<LineStyle>
					<color>ff9600ff</color>
					<width>2</width>
				</LineStyle>
			</Style>
			<MultiGeometry>
				<LineString>
					<tessellate>1</tessellate>
					<altitudeMode>absolute</altitudeMode>
					<coordinates>
						137.955032,37.543304,11277.6 138.048294,37.562439,11269.98 
					</coordinates>
				</LineString>
			</MultiGeometry>
		</Placemark>
		<Placemark>
			<name>P-274</name>
			<visibility>0</visibility>
			<description><![CDATA[<div><div><span><b>Altitude:</b></span> <span>36,975 ft - 37,000 ft</span></div>
<div><span><b>Speed:</b></span> <span>524 kt</span></div>
<div><span><b>Timestamp:</b></span><br/><span>2023-12-04 00:40:50 UTC<br/>2023-12-04 00:41:23 UTC</span></div>
</div>]]></description>
			<Style>
				<LineStyle>
					<color>ff9600ff</color>
					<width>2</width>
				</LineStyle>
			</Style>
			<MultiGeometry>
				<LineString>
					<tessellate>1</tessellate>
					<altitudeMode>absolute</altitudeMode>
					<coordinates>
						138.048294,37.562439,11269.98 138.142151,37.582645,11277.6 
					</coordinates>
				</LineString>
			</MultiGeometry>
		</Placemark>
		<Placemark>
			<name>P-275</name>
			<visibility>0</visibility>
			<description><![CDATA[<div><div><span><b>Altitude:</b></span> <span>37,000 ft</span></div>
<div><span><b>Speed:</b></span> <span>524 kt</span></div>
<div><span><b>Timestamp:</b></span><br/><span>2023-12-04 00:41:23 UTC<br/>2023-12-04 00:41:54 UTC</span></div>
</div>]]></description>
			<Style>
				<LineStyle>
					<color>ff9600ff</color>
					<width>2</width>
				</LineStyle>
			</Style>
			<MultiGeometry>
				<LineString>
					<tessellate>1</tessellate>
					<altitudeMode>absolute</altitudeMode>
					<coordinates>
						138.142151,37.582645,11277.6 138.237045,37.603043,11277.6 
					</coordinates>
				</LineString>
			</MultiGeometry>
		</Placemark>
		<Placemark>
			<name>P-276</name>
			<visibility>0</visibility>
			<description><![CDATA[<div><div><span><b>Altitude:</b></span> <span>37,000 ft - 37,025 ft</span></div>
<div><span><b>Speed:</b></span> <span>524 kt - 523 kt</span></div>
<div><span><b>Timestamp:</b></span><br/><span>2023-12-04 00:41:54 UTC<br/>2023-12-04 00:42:27 UTC</span></div>
</div>]]></description>
			<Style>
				<LineStyle>
					<color>ff9600ff</color>
					<width>2</width>
				</LineStyle>
			</Style>
			<MultiGeometry>
				<LineString>
					<tessellate>1</tessellate>
					<altitudeMode>absolute</altitudeMode>
					<coordinates>
						138.237045,37.603043,11277.6 138.332306,37.62323,11285.22 
					</coordinates>
				</LineString>
			</MultiGeometry>
		</Placemark>
		<Placemark>
			<name>P-277</name>
			<visibility>0</visibility>
			<description><![CDATA[<div><div><span><b>Altitude:</b></span> <span>37,025 ft</span></div>
<div><span><b>Speed:</b></span> <span>523 kt</span></div>
<div><span><b>Timestamp:</b></span><br/><span>2023-12-04 00:42:27 UTC<br/>2023-12-04 00:42:59 UTC</span></div>
</div>]]></description>
			<Style>
				<LineStyle>
					<color>ff9600ff</color>
					<width>2</width>
				</LineStyle>
			</Style>
			<MultiGeometry>
				<LineString>
					<tessellate>1</tessellate>
					<altitudeMode>absolute</altitudeMode>
					<coordinates>
						138.332306,37.62323,11285.22 138.425049,37.64296,11285.22 
					</coordinates>
				</LineString>
			</MultiGeometry>
		</Placemark>
		<Placemark>
			<name>P-278</name>
			<visibility>0</visibility>
			<description><![CDATA[<div><div><span><b>Altitude:</b></span> <span>37,025 ft - 37,000 ft</span></div>
<div><span><b>Speed:</b></span> <span>523 kt - 524 kt</span></div>
<div><span><b>Timestamp:</b></span><br/><span>2023-12-04 00:42:59 UTC<br/>2023-12-04 00:43:30 UTC</span></div>
</div>]]></description>
			<Style>
				<LineStyle>
					<color>ff9600ff</color>
					<width>2</width>
				</LineStyle>
			</Style>
			<MultiGeometry>
				<LineString>
					<tessellate>1</tessellate>
					<altitudeMode>absolute</altitudeMode>
					<coordinates>
						138.425049,37.64296,11285.22 138.519592,37.662735,11277.6 
					</coordinates>
				</LineString>
			</MultiGeometry>
		</Placemark>
		<Placemark>
			<name>P-279</name>
			<visibility>0</visibility>
			<description><![CDATA[<div><div><span><b>Altitude:</b></span> <span>37,000 ft</span></div>
<div><span><b>Speed:</b></span> <span>524 kt - 523 kt</span></div>
<div><span><b>Timestamp:</b></span><br/><span>2023-12-04 00:43:30 UTC<br/>2023-12-04 00:44:03 UTC</span></div>
</div>]]></description>
			<Style>
				<LineStyle>
					<color>ff9600ff</color>
					<width>2</width>
				</LineStyle>
			</Style>
			<MultiGeometry>
				<LineString>
					<tessellate>1</tessellate>
					<altitudeMode>absolute</altitudeMode>
					<coordinates>
						138.519592,37.662735,11277.6 138.617065,37.683105,11277.6 
					</coordinates>
				</LineString>
			</MultiGeometry>
		</Placemark>
		<Placemark>
			<name>P-280</name>
			<visibility>0</visibility>
			<description><![CDATA[<div><div><span><b>Altitude:</b></span> <span>37,000 ft</span></div>
<div><span><b>Speed:</b></span> <span>523 kt - 522 kt</span></div>
<div><span><b>Timestamp:</b></span><br/><span>2023-12-04 00:44:03 UTC<br/>2023-12-04 00:44:35 UTC</span></div>
</div>]]></description>
			<Style>
				<LineStyle>
					<color>ff9600ff</color>
					<width>2</width>
				</LineStyle>
			</Style>
			<MultiGeometry>
				<LineString>
					<tessellate>1</tessellate>
					<altitudeMode>absolute</altitudeMode>
					<coordinates>
						138.617065,37.683105,11277.6 138.707016,37.70192,11277.6 
					</coordinates>
				</LineString>
			</MultiGeometry>
		</Placemark>
		<Placemark>
			<name>P-281</name>
			<visibility>0</visibility>
			<description><![CDATA[<div><div><span><b>Altitude:</b></span> <span>37,000 ft</span></div>
<div><span><b>Speed:</b></span> <span>522 kt - 524 kt</span></div>
<div><span><b>Timestamp:</b></span><br/><span>2023-12-04 00:44:35 UTC<br/>2023-12-04 00:45:05 UTC</span></div>
</div>]]></description>
			<Style>
				<LineStyle>
					<color>ff9600ff</color>
					<width>2</width>
				</LineStyle>
			</Style>
			<MultiGeometry>
				<LineString>
					<tessellate>1</tessellate>
					<altitudeMode>absolute</altitudeMode>
					<coordinates>
						138.707016,37.70192,11277.6 138.799362,37.721184,11277.6 
					</coordinates>
				</LineString>
			</MultiGeometry>
		</Placemark>
		<Placemark>
			<name>P-282</name>
			<visibility>0</visibility>
			<description><![CDATA[<div><div><span><b>Altitude:</b></span> <span>37,000 ft</span></div>
<div><span><b>Speed:</b></span> <span>524 kt - 521 kt</span></div>
<div><span><b>Timestamp:</b></span><br/><span>2023-12-04 00:45:05 UTC<br/>2023-12-04 00:45:37 UTC</span></div>
</div>]]></description>
			<Style>
				<LineStyle>
					<color>ff9600ff</color>
					<width>2</width>
				</LineStyle>
			</Style>
			<MultiGeometry>
				<LineString>
					<tessellate>1</tessellate>
					<altitudeMode>absolute</altitudeMode>
					<coordinates>
						138.799362,37.721184,11277.6 138.892807,37.740643,11277.6 
					</coordinates>
				</LineString>
			</MultiGeometry>
		</Placemark>
		<Placemark>
			<name>P-283</name>
			<visibility>0</visibility>
			<description><![CDATA[<div><div><span><b>Altitude:</b></span> <span>37,000 ft - 36,975 ft</span></div>
<div><span><b>Speed:</b></span> <span>521 kt</span></div>
<div><span><b>Timestamp:</b></span><br/><span>2023-12-04 00:45:37 UTC<br/>2023-12-04 00:46:09 UTC</span></div>
</div>]]></description>
			<Style>
				<LineStyle>
					<color>ff9600ff</color>
					<width>2</width>
				</LineStyle>
			</Style>
			<MultiGeometry>
				<LineString>
					<tessellate>1</tessellate>
					<altitudeMode>absolute</altitudeMode>
					<coordinates>
						138.892807,37.740643,11277.6 138.986511,37.759918,11269.98 
					</coordinates>
				</LineString>
			</MultiGeometry>
		</Placemark>
		<Placemark>
			<name>P-284</name>
			<visibility>0</visibility>
			<description><![CDATA[<div><div><span><b>Altitude:</b></span> <span>36,975 ft</span></div>
<div><span><b>Speed:</b></span> <span>521 kt - 522 kt</span></div>
<div><span><b>Timestamp:</b></span><br/><span>2023-12-04 00:46:09 UTC<br/>2023-12-04 00:46:40 UTC</span></div>
</div>]]></description>
			<Style>
				<LineStyle>
					<color>ff9600ff</color>
					<width>2</width>
				</LineStyle>
			</Style>
			<MultiGeometry>
				<LineString>
					<tessellate>1</tessellate>
					<altitudeMode>absolute</altitudeMode>
					<coordinates>
						138.986511,37.759918,11269.98 139.078369,37.778679,11269.98 
					</coordinates>
				</LineString>
			</MultiGeometry>
		</Placemark>
		<Placemark>
			<name>P-285</name>
			<visibility>0</visibility>
			<description><![CDATA[<div><div><span><b>Altitude:</b></span> <span>36,975 ft</span></div>
<div><span><b>Speed:</b></span> <span>522 kt - 523 kt</span></div>
<div><span><b>Timestamp:</b></span><br/><span>2023-12-04 00:46:40 UTC<br/>2023-12-04 00:47:11 UTC</span></div>
</div>]]></description>
			<Style>
				<LineStyle>
					<color>ff9600ff</color>
					<width>2</width>
				</LineStyle>
			</Style>
			<MultiGeometry>
				<LineString>
					<tessellate>1</tessellate>
					<altitudeMode>absolute</altitudeMode>
					<coordinates>
						139.078369,37.778679,11269.98 139.170364,37.797272,11269.98 
					</coordinates>
				</LineString>
			</MultiGeometry>
		</Placemark>
		<Placemark>
			<name>P-286</name>
			<visibility>0</visibility>
			<description><![CDATA[<div><div><span><b>Altitude:</b></span> <span>36,975 ft - 37,025 ft</span></div>
<div><span><b>Speed:</b></span> <span>523 kt</span></div>
<div><span><b>Timestamp:</b></span><br/><span>2023-12-04 00:47:11 UTC<br/>2023-12-04 00:47:44 UTC</span></div>
</div>]]></description>
			<Style>
				<LineStyle>
					<color>ff9600ff</color>
					<width>2</width>
				</LineStyle>
			</Style>
			<MultiGeometry>
				<LineString>
					<tessellate>1</tessellate>
					<altitudeMode>absolute</altitudeMode>
					<coordinates>
						139.170364,37.797272,11269.98 139.268372,37.817036,11285.22 
					</coordinates>
				</LineString>
			</MultiGeometry>
		</Placemark>
		<Placemark>
			<name>P-287</name>
			<visibility>0</visibility>
			<description><![CDATA[<div><div><span><b>Altitude:</b></span> <span>37,025 ft</span></div>
<div><span><b>Speed:</b></span> <span>523 kt</span></div>
<div><span><b>Timestamp:</b></span><br/><span>2023-12-04 00:47:44 UTC<br/>2023-12-04 00:48:16 UTC</span></div>
</div>]]></description>
			<Style>
				<LineStyle>
					<color>ff9600ff</color>
					<width>2</width>
				</LineStyle>
			</Style>
			<MultiGeometry>
				<LineString>
					<tessellate>1</tessellate>
					<altitudeMode>absolute</altitudeMode>
					<coordinates>
						139.268372,37.817036,11285.22 139.360641,37.835632,11285.22 
					</coordinates>
				</LineString>
			</MultiGeometry>
		</Placemark>
		<Placemark>
			<name>P-288</name>
			<visibility>0</visibility>
			<description><![CDATA[<div><div><span><b>Altitude:</b></span> <span>37,025 ft - 37,000 ft</span></div>
<div><span><b>Speed:</b></span> <span>523 kt</span></div>
<div><span><b>Timestamp:</b></span><br/><span>2023-12-04 00:48:16 UTC<br/>2023-12-04 00:48:49 UTC</span></div>
</div>]]></description>
			<Style>
				<LineStyle>
					<color>ff9600ff</color>
					<width>2</width>
				</LineStyle>
			</Style>
			<MultiGeometry>
				<LineString>
					<tessellate>1</tessellate>
					<altitudeMode>absolute</altitudeMode>
					<coordinates>
						139.360641,37.835632,11285.22 139.458878,37.855362,11277.6 
					</coordinates>
				</LineString>
			</MultiGeometry>
		</Placemark>
		<Placemark>
			<name>P-289</name>
			<visibility>0</visibility>
			<description><![CDATA[<div><div><span><b>Altitude:</b></span> <span>37,000 ft - 37,025 ft</span></div>
<div><span><b>Speed:</b></span> <span>523 kt - 524 kt</span></div>
<div><span><b>Timestamp:</b></span><br/><span>2023-12-04 00:48:49 UTC<br/>2023-12-04 00:49:19 UTC</span></div>
</div>]]></description>
			<Style>
				<LineStyle>
					<color>ff9600ff</color>
					<width>2</width>
				</LineStyle>
			</Style>
			<MultiGeometry>
				<LineString>
					<tessellate>1</tessellate>
					<altitudeMode>absolute</altitudeMode>
					<coordinates>
						139.458878,37.855362,11277.6 139.549744,37.873627,11285.22 
					</coordinates>
				</LineString>
			</MultiGeometry>
		</Placemark>
		<Placemark>
			<name>P-290</name>
			<visibility>0</visibility>
			<description><![CDATA[<div><div><span><b>Altitude:</b></span> <span>37,025 ft</span></div>
<div><span><b>Speed:</b></span> <span>524 kt</span></div>
<div><span><b>Timestamp:</b></span><br/><span>2023-12-04 00:49:19 UTC<br/>2023-12-04 00:49:52 UTC</span></div>
</div>]]></description>
			<Style>
				<LineStyle>
					<color>ff9600ff</color>
					<width>2</width>
				</LineStyle>
			</Style>
			<MultiGeometry>
				<LineString>
					<tessellate>1</tessellate>
					<altitudeMode>absolute</altitudeMode>
					<coordinates>
						139.549744,37.873627,11285.22 139.647095,37.892899,11285.22 
					</coordinates>
				</LineString>
			</MultiGeometry>
		</Placemark>
		<Placemark>
			<name>P-291</name>
			<visibility>0</visibility>
			<description><![CDATA[<div><div><span><b>Altitude:</b></span> <span>37,025 ft</span></div>
<div><span><b>Speed:</b></span> <span>524 kt - 523 kt</span></div>
<div><span><b>Timestamp:</b></span><br/><span>2023-12-04 00:49:52 UTC<br/>2023-12-04 00:50:24 UTC</span></div>
</div>]]></description>
			<Style>
				<LineStyle>
					<color>ff9600ff</color>
					<width>2</width>
				</LineStyle>
			</Style>
			<MultiGeometry>
				<LineString>
					<tessellate>1</tessellate>
					<altitudeMode>absolute</altitudeMode>
					<coordinates>
						139.647095,37.892899,11285.22 139.741074,37.911255,11285.22 
					</coordinates>
				</LineString>
			</MultiGeometry>
		</Placemark>
		<Placemark>
			<name>P-292</name>
			<visibility>0</visibility>
			<description><![CDATA[<div><div><span><b>Altitude:</b></span> <span>37,025 ft</span></div>
<div><span><b>Speed:</b></span> <span>523 kt - 522 kt</span></div>
<div><span><b>Timestamp:</b></span><br/><span>2023-12-04 00:50:24 UTC<br/>2023-12-04 00:50:56 UTC</span></div>
</div>]]></description>
			<Style>
				<LineStyle>
					<color>ff9600ff</color>
					<width>2</width>
				</LineStyle>
			</Style>
			<MultiGeometry>
				<LineString>
					<tessellate>1</tessellate>
					<altitudeMode>absolute</altitudeMode>
					<coordinates>
						139.741074,37.911255,11285.22 139.835114,37.929832,11285.22 
					</coordinates>
				</LineString>
			</MultiGeometry>
		</Placemark>
		<Placemark>
			<name>P-293</name>
			<visibility>0</visibility>
			<description><![CDATA[<div><div><span><b>Altitude:</b></span> <span>37,025 ft - 37,000 ft</span></div>
<div><span><b>Speed:</b></span> <span>522 kt</span></div>
<div><span><b>Timestamp:</b></span><br/><span>2023-12-04 00:50:56 UTC<br/>2023-12-04 00:51:27 UTC</span></div>
</div>]]></description>
			<Style>
				<LineStyle>
					<color>ff9600ff</color>
					<width>2</width>
				</LineStyle>
			</Style>
			<MultiGeometry>
				<LineString>
					<tessellate>1</tessellate>
					<altitudeMode>absolute</altitudeMode>
					<coordinates>
						139.835114,37.929832,11285.22 139.926544,37.948105,11277.6 
					</coordinates>
				</LineString>
			</MultiGeometry>
		</Placemark>
		<Placemark>
			<name>P-294</name>
			<visibility>0</visibility>
			<description><![CDATA[<div><div><span><b>Altitude:</b></span> <span>37,000 ft - 36,975 ft</span></div>
<div><span><b>Speed:</b></span> <span>522 kt - 521 kt</span></div>
<div><span><b>Timestamp:</b></span><br/><span>2023-12-04 00:51:27 UTC<br/>2023-12-04 00:52:01 UTC</span></div>
</div>]]></description>
			<Style>
				<LineStyle>
					<color>ff9600ff</color>
					<width>2</width>
				</LineStyle>
			</Style>
			<MultiGeometry>
				<LineString>
					<tessellate>1</tessellate>
					<altitudeMode>absolute</altitudeMode>
					<coordinates>
						139.926544,37.948105,11277.6 140.027298,37.968063,11269.98 
					</coordinates>
				</LineString>
			</MultiGeometry>
		</Placemark>
		<Placemark>
			<name>P-295</name>
			<visibility>0</visibility>
			<description><![CDATA[<div><div><span><b>Altitude:</b></span> <span>36,975 ft - 37,000 ft</span></div>
<div><span><b>Speed:</b></span> <span>521 kt - 522 kt</span></div>
<div><span><b>Timestamp:</b></span><br/><span>2023-12-04 00:52:01 UTC<br/>2023-12-04 00:52:32 UTC</span></div>
</div>]]></description>
			<Style>
				<LineStyle>
					<color>ff9600ff</color>
					<width>2</width>
				</LineStyle>
			</Style>
			<MultiGeometry>
				<LineString>
					<tessellate>1</tessellate>
					<altitudeMode>absolute</altitudeMode>
					<coordinates>
						140.027298,37.968063,11269.98 140.121033,37.986649,11277.6 
					</coordinates>
				</LineString>
			</MultiGeometry>
		</Placemark>
		<Placemark>
			<name>P-296</name>
			<visibility>0</visibility>
			<description><![CDATA[<div><div><span><b>Altitude:</b></span> <span>37,000 ft</span></div>
<div><span><b>Speed:</b></span> <span>522 kt - 520 kt</span></div>
<div><span><b>Timestamp:</b></span><br/><span>2023-12-04 00:52:32 UTC<br/>2023-12-04 00:53:04 UTC</span></div>
</div>]]></description>
			<Style>
				<LineStyle>
					<color>ff9600ff</color>
					<width>2</width>
				</LineStyle>
			</Style>
			<MultiGeometry>
				<LineString>
					<tessellate>1</tessellate>
					<altitudeMode>absolute</altitudeMode>
					<coordinates>
						140.121033,37.986649,11277.6 140.215408,38.00473,11277.6 
					</coordinates>
				</LineString>
			</MultiGeometry>
		</Placemark>
		<Placemark>
			<name>P-297</name>
			<visibility>0</visibility>
			<description><![CDATA[<div><div><span><b>Altitude:</b></span> <span>37,000 ft - 36,975 ft</span></div>
<div><span><b>Speed:</b></span> <span>520 kt - 521 kt</span></div>
<div><span><b>Timestamp:</b></span><br/><span>2023-12-04 00:53:04 UTC<br/>2023-12-04 00:53:36 UTC</span></div>
</div>]]></description>
			<Style>
				<LineStyle>
					<color>ff9600ff</color>
					<width>2</width>
				</LineStyle>
			</Style>
			<MultiGeometry>
				<LineString>
					<tessellate>1</tessellate>
					<altitudeMode>absolute</altitudeMode>
					<coordinates>
						140.215408,38.00473,11277.6 140.309845,38.022858,11269.98 
					</coordinates>
				</LineString>
			</MultiGeometry>
		</Placemark>
		<Placemark>
			<name>P-298</name>
			<visibility>0</visibility>
			<description><![CDATA[<div><div><span><b>Altitude:</b></span> <span>36,975 ft</span></div>
<div><span><b>Speed:</b></span> <span>521 kt - 524 kt</span></div>
<div><span><b>Timestamp:</b></span><br/><span>2023-12-04 00:53:36 UTC<br/>2023-12-04 00:54:06 UTC</span></div>
</div>]]></description>
			<Style>
				<LineStyle>
					<color>ff9600ff</color>
					<width>2</width>
				</LineStyle>
			</Style>
			<MultiGeometry>
				<LineString>
					<tessellate>1</tessellate>
					<altitudeMode>absolute</altitudeMode>
					<coordinates>
						140.309845,38.022858,11269.98 140.399002,38.039787,11269.98 
					</coordinates>
				</LineString>
			</MultiGeometry>
		</Placemark>
		<Placemark>
			<name>P-299</name>
			<visibility>0</visibility>
			<description><![CDATA[<div><div><span><b>Altitude:</b></span> <span>36,975 ft - 37,000 ft</span></div>
<div><span><b>Speed:</b></span> <span>524 kt</span></div>
<div><span><b>Timestamp:</b></span><br/><span>2023-12-04 00:54:06 UTC<br/>2023-12-04 00:54:40 UTC</span></div>
</div>]]></description>
			<Style>
				<LineStyle>
					<color>ff9600ff</color>
					<width>2</width>
				</LineStyle>
			</Style>
			<MultiGeometry>
				<LineString>
					<tessellate>1</tessellate>
					<altitudeMode>absolute</altitudeMode>
					<coordinates>
						140.399002,38.039787,11269.98 140.500931,38.059067,11277.6 
					</coordinates>
				</LineString>
			</MultiGeometry>
		</Placemark>
		<Placemark>
			<name>P-300</name>
			<visibility>0</visibility>
			<description><![CDATA[<div><div><span><b>Altitude:</b></span> <span>37,000 ft</span></div>
<div><span><b>Speed:</b></span> <span>524 kt - 523 kt</span></div>
<div><span><b>Timestamp:</b></span><br/><span>2023-12-04 00:54:40 UTC<br/>2023-12-04 00:55:11 UTC</span></div>
</div>]]></description>
			<Style>
				<LineStyle>
					<color>ff9600ff</color>
					<width>2</width>
				</LineStyle>
			</Style>
			<MultiGeometry>
				<LineString>
					<tessellate>1</tessellate>
					<altitudeMode>absolute</altitudeMode>
					<coordinates>
						140.500931,38.059067,11277.6 140.593948,38.076843,11277.6 
					</coordinates>
				</LineString>
			</MultiGeometry>
		</Placemark>
		<Placemark>
			<name>P-301</name>
			<visibility>0</visibility>
			<description><![CDATA[<div><div><span><b>Altitude:</b></span> <span>37,000 ft</span></div>
<div><span><b>Speed:</b></span> <span>523 kt - 525 kt</span></div>
<div><span><b>Timestamp:</b></span><br/><span>2023-12-04 00:55:11 UTC<br/>2023-12-04 00:55:43 UTC</span></div>
</div>]]></description>
			<Style>
				<LineStyle>
					<color>ff9600ff</color>
					<width>2</width>
				</LineStyle>
			</Style>
			<MultiGeometry>
				<LineString>
					<tessellate>1</tessellate>
					<altitudeMode>absolute</altitudeMode>
					<coordinates>
						140.593948,38.076843,11277.6 140.687408,38.094772,11277.6 
					</coordinates>
				</LineString>
			</MultiGeometry>
		</Placemark>
		<Placemark>
			<name>P-302</name>
			<visibility>0</visibility>
			<description><![CDATA[<div><div><span><b>Altitude:</b></span> <span>37,000 ft - 37,025 ft</span></div>
<div><span><b>Speed:</b></span> <span>525 kt - 527 kt</span></div>
<div><span><b>Timestamp:</b></span><br/><span>2023-12-04 00:55:43 UTC<br/>2023-12-04 00:56:16 UTC</span></div>
</div>]]></description>
			<Style>
				<LineStyle>
					<color>ff9600ff</color>
					<width>2</width>
				</LineStyle>
			</Style>
			<MultiGeometry>
				<LineString>
					<tessellate>1</tessellate>
					<altitudeMode>absolute</altitudeMode>
					<coordinates>
						140.687408,38.094772,11277.6 140.786514,38.112827,11285.22 
					</coordinates>
				</LineString>
			</MultiGeometry>
		</Placemark>
		<Placemark>
			<name>P-303</name>
			<visibility>0</visibility>
			<description><![CDATA[<div><div><span><b>Altitude:</b></span> <span>37,025 ft</span></div>
<div><span><b>Speed:</b></span> <span>527 kt</span></div>
<div><span><b>Timestamp:</b></span><br/><span>2023-12-04 00:56:16 UTC<br/>2023-12-04 00:56:47 UTC</span></div>
</div>]]></description>
			<Style>
				<LineStyle>
					<color>ff9600ff</color>
					<width>2</width>
				</LineStyle>
			</Style>
			<MultiGeometry>
				<LineString>
					<tessellate>1</tessellate>
					<altitudeMode>absolute</altitudeMode>
					<coordinates>
						140.786514,38.112827,11285.22 140.881149,38.12307,11285.22 
					</coordinates>
				</LineString>
			</MultiGeometry>
		</Placemark>
		<Placemark>
			<name>P-304</name>
			<visibility>0</visibility>
			<description><![CDATA[<div><div><span><b>Altitude:</b></span> <span>37,025 ft</span></div>
<div><span><b>Speed:</b></span> <span>527 kt - 525 kt</span></div>
<div><span><b>Timestamp:</b></span><br/><span>2023-12-04 00:56:47 UTC<br/>2023-12-04 00:57:17 UTC</span></div>
</div>]]></description>
			<Style>
				<LineStyle>
					<color>ff9600ff</color>
					<width>2</width>
				</LineStyle>
			</Style>
			<MultiGeometry>
				<LineString>
					<tessellate>1</tessellate>
					<altitudeMode>absolute</altitudeMode>
					<coordinates>
						140.881149,38.12307,11285.22 140.975128,38.125679,11285.22 
					</coordinates>
				</LineString>
			</MultiGeometry>
		</Placemark>
		<Placemark>
			<name>P-305</name>
			<visibility>0</visibility>
			<description><![CDATA[<div><div><span><b>Altitude:</b></span> <span>37,025 ft</span></div>
<div><span><b>Speed:</b></span> <span>525 kt - 524 kt</span></div>
<div><span><b>Timestamp:</b></span><br/><span>2023-12-04 00:57:17 UTC<br/>2023-12-04 00:57:48 UTC</span></div>
</div>]]></description>
			<Style>
				<LineStyle>
					<color>ff9600ff</color>
					<width>2</width>
				</LineStyle>
			</Style>
			<MultiGeometry>
				<LineString>
					<tessellate>1</tessellate>
					<altitudeMode>absolute</altitudeMode>
					<coordinates>
						140.975128,38.125679,11285.22 141.070297,38.121208,11285.22 
					</coordinates>
				</LineString>
			</MultiGeometry>
		</Placemark>
		<Placemark>
			<name>P-306</name>
			<visibility>0</visibility>
			<description><![CDATA[<div><div><span><b>Altitude:</b></span> <span>37,025 ft - 37,000 ft</span></div>
<div><span><b>Speed:</b></span> <span>524 kt - 523 kt</span></div>
<div><span><b>Timestamp:</b></span><br/><span>2023-12-04 00:57:48 UTC<br/>2023-12-04 00:58:22 UTC</span></div>
</div>]]></description>
			<Style>
				<LineStyle>
					<color>ff9600ff</color>
					<width>2</width>
				</LineStyle>
			</Style>
			<MultiGeometry>
				<LineString>
					<tessellate>1</tessellate>
					<altitudeMode>absolute</altitudeMode>
					<coordinates>
						141.070297,38.121208,11285.22 141.172943,38.109943,11277.6 
					</coordinates>
				</LineString>
			</MultiGeometry>
		</Placemark>
		<Placemark>
			<name>P-307</name>
			<visibility>0</visibility>
			<description><![CDATA[<div><div><span><b>Altitude:</b></span> <span>37,000 ft</span></div>
<div><span><b>Speed:</b></span> <span>523 kt - 522 kt</span></div>
<div><span><b>Timestamp:</b></span><br/><span>2023-12-04 00:58:22 UTC<br/>2023-12-04 00:58:53 UTC</span></div>
</div>]]></description>
			<Style>
				<LineStyle>
					<color>ff9600ff</color>
					<width>2</width>
				</LineStyle>
			</Style>
			<MultiGeometry>
				<LineString>
					<tessellate>1</tessellate>
					<altitudeMode>absolute</altitudeMode>
					<coordinates>
						141.172943,38.109943,11277.6 141.264648,38.099609,11277.6 
					</coordinates>
				</LineString>
			</MultiGeometry>
		</Placemark>
		<Placemark>
			<name>P-308</name>
			<visibility>0</visibility>
			<description><![CDATA[<div><div><span><b>Altitude:</b></span> <span>37,000 ft - 36,975 ft</span></div>
<div><span><b>Speed:</b></span> <span>522 kt</span></div>
<div><span><b>Timestamp:</b></span><br/><span>2023-12-04 00:58:53 UTC<br/>2023-12-04 00:59:26 UTC</span></div>
</div>]]></description>
			<Style>
				<LineStyle>
					<color>ff9600ff</color>
					<width>2</width>
				</LineStyle>
			</Style>
			<MultiGeometry>
				<LineString>
					<tessellate>1</tessellate>
					<altitudeMode>absolute</altitudeMode>
					<coordinates>
						141.264648,38.099609,11277.6 141.365265,38.087925,11269.98 
					</coordinates>
				</LineString>
			</MultiGeometry>
		</Placemark>
		<Placemark>
			<name>P-309</name>
			<visibility>0</visibility>
			<description><![CDATA[<div><div><span><b>Altitude:</b></span> <span>36,975 ft - 37,000 ft</span></div>
<div><span><b>Speed:</b></span> <span>522 kt</span></div>
<div><span><b>Timestamp:</b></span><br/><span>2023-12-04 00:59:26 UTC<br/>2023-12-04 00:59:56 UTC</span></div>
</div>]]></description>
			<Style>
				<LineStyle>
					<color>ff9600ff</color>
					<width>2</width>
				</LineStyle>
			</Style>
			<MultiGeometry>
				<LineString>
					<tessellate>1</tessellate>
					<altitudeMode>absolute</altitudeMode>
					<coordinates>
						141.365265,38.087925,11269.98 141.455872,38.077606,11277.6 
					</coordinates>
				</LineString>
			</MultiGeometry>
		</Placemark>
		<Placemark>
			<name>P-310</name>
			<visibility>0</visibility>
			<description><![CDATA[<div><div><span><b>Altitude:</b></span> <span>37,000 ft</span></div>
<div><span><b>Speed:</b></span> <span>522 kt - 521 kt</span></div>
<div><span><b>Timestamp:</b></span><br/><span>2023-12-04 00:59:56 UTC<br/>2023-12-04 01:00:29 UTC</span></div>
</div>]]></description>
			<Style>
				<LineStyle>
					<color>ff9600ff</color>
					<width>2</width>
				</LineStyle>
			</Style>
			<MultiGeometry>
				<LineString>
					<tessellate>1</tessellate>
					<altitudeMode>absolute</altitudeMode>
					<coordinates>
						141.455872,38.077606,11277.6 141.556793,38.066025,11277.6 
					</coordinates>
				</LineString>
			</MultiGeometry>
		</Placemark>
		<Placemark>
			<name>P-311</name>
			<visibility>0</visibility>
			<description><![CDATA[<div><div><span><b>Altitude:</b></span> <span>37,000 ft</span></div>
<div><span><b>Speed:</b></span> <span>521 kt</span></div>
<div><span><b>Timestamp:</b></span><br/><span>2023-12-04 01:00:29 UTC<br/>2023-12-04 01:01:01 UTC</span></div>
</div>]]></description>
			<Style>
				<LineStyle>
					<color>ff9600ff</color>
					<width>2</width>
				</LineStyle>
			</Style>
			<MultiGeometry>
				<LineString>
					<tessellate>1</tessellate>
					<altitudeMode>absolute</altitudeMode>
					<coordinates>
						141.556793,38.066025,11277.6 141.651398,38.05513,11277.6 
					</coordinates>
				</LineString>
			</MultiGeometry>
		</Placemark>
		<Placemark>
			<name>P-312</name>
			<visibility>0</visibility>
			<description><![CDATA[<div><div><span><b>Altitude:</b></span> <span>37,000 ft</span></div>
<div><span><b>Speed:</b></span> <span>521 kt - 520 kt</span></div>
<div><span><b>Timestamp:</b></span><br/><span>2023-12-04 01:01:01 UTC<br/>2023-12-04 01:01:32 UTC</span></div>
</div>]]></description>
			<Style>
				<LineStyle>
					<color>ff9600ff</color>
					<width>2</width>
				</LineStyle>
			</Style>
			<MultiGeometry>
				<LineString>
					<tessellate>1</tessellate>
					<altitudeMode>absolute</altitudeMode>
					<coordinates>
						141.651398,38.05513,11277.6 141.747391,38.044117,11277.6 
					</coordinates>
				</LineString>
			</MultiGeometry>
		</Placemark>
		<Placemark>
			<name>P-313</name>
			<visibility>0</visibility>
			<description><![CDATA[<div><div><span><b>Altitude:</b></span> <span>37,000 ft</span></div>
<div><span><b>Speed:</b></span> <span>520 kt - 519 kt</span></div>
<div><span><b>Timestamp:</b></span><br/><span>2023-12-04 01:01:32 UTC<br/>2023-12-04 01:02:03 UTC</span></div>
</div>]]></description>
			<Style>
				<LineStyle>
					<color>ff9600ff</color>
					<width>2</width>
				</LineStyle>
			</Style>
			<MultiGeometry>
				<LineString>
					<tessellate>1</tessellate>
					<altitudeMode>absolute</altitudeMode>
					<coordinates>
						141.747391,38.044117,11277.6 141.841034,38.032379,11277.6 
					</coordinates>
				</LineString>
			</MultiGeometry>
		</Placemark>
		<Placemark>
			<name>P-314</name>
			<visibility>0</visibility>
			<description><![CDATA[<div><div><span><b>Altitude:</b></span> <span>37,000 ft - 37,025 ft</span></div>
<div><span><b>Speed:</b></span> <span>519 kt - 517 kt</span></div>
<div><span><b>Timestamp:</b></span><br/><span>2023-12-04 01:02:03 UTC<br/>2023-12-04 01:02:36 UTC</span></div>
</div>]]></description>
			<Style>
				<LineStyle>
					<color>ff9600ff</color>
					<width>2</width>
				</LineStyle>
			</Style>
			<MultiGeometry>
				<LineString>
					<tessellate>1</tessellate>
					<altitudeMode>absolute</altitudeMode>
					<coordinates>
						141.841034,38.032379,11277.6 141.937271,38.020657,11285.22 
					</coordinates>
				</LineString>
			</MultiGeometry>
		</Placemark>
		<Placemark>
			<name>P-315</name>
			<visibility>0</visibility>
			<description><![CDATA[<div><div><span><b>Altitude:</b></span> <span>37,025 ft</span></div>
<div><span><b>Speed:</b></span> <span>517 kt - 516 kt</span></div>
<div><span><b>Timestamp:</b></span><br/><span>2023-12-04 01:02:36 UTC<br/>2023-12-04 01:03:08 UTC</span></div>
</div>]]></description>
			<Style>
				<LineStyle>
					<color>ff9600ff</color>
					<width>2</width>
				</LineStyle>
			</Style>
			<MultiGeometry>
				<LineString>
					<tessellate>1</tessellate>
					<altitudeMode>absolute</altitudeMode>
					<coordinates>
						141.937271,38.020657,11285.22 142.034958,38.009109,11285.22 
					</coordinates>
				</LineString>
			</MultiGeometry>
		</Placemark>
		<Placemark>
			<name>P-316</name>
			<visibility>0</visibility>
			<description><![CDATA[<div><div><span><b>Altitude:</b></span> <span>37,025 ft - 37,000 ft</span></div>
<div><span><b>Speed:</b></span> <span>516 kt</span></div>
<div><span><b>Timestamp:</b></span><br/><span>2023-12-04 01:03:08 UTC<br/>2023-12-04 01:03:41 UTC</span></div>
</div>]]></description>
			<Style>
				<LineStyle>
					<color>ff9600ff</color>
					<width>2</width>
				</LineStyle>
			</Style>
			<MultiGeometry>
				<LineString>
					<tessellate>1</tessellate>
					<altitudeMode>absolute</altitudeMode>
					<coordinates>
						142.034958,38.009109,11285.22 142.131561,37.997425,11277.6 
					</coordinates>
				</LineString>
			</MultiGeometry>
		</Placemark>
		<Placemark>
			<name>P-317</name>
			<visibility>0</visibility>
			<description><![CDATA[<div><div><span><b>Altitude:</b></span> <span>37,000 ft - 36,975 ft</span></div>
<div><span><b>Speed:</b></span> <span>516 kt</span></div>
<div><span><b>Timestamp:</b></span><br/><span>2023-12-04 01:03:41 UTC<br/>2023-12-04 01:04:14 UTC</span></div>
</div>]]></description>
			<Style>
				<LineStyle>
					<color>ff9600ff</color>
					<width>2</width>
				</LineStyle>
			</Style>
			<MultiGeometry>
				<LineString>
					<tessellate>1</tessellate>
					<altitudeMode>absolute</altitudeMode>
					<coordinates>
						142.131561,37.997425,11277.6 142.23111,37.985046,11269.98 
					</coordinates>
				</LineString>
			</MultiGeometry>
		</Placemark>
		<Placemark>
			<name>P-318</name>
			<visibility>0</visibility>
			<description><![CDATA[<div><div><span><b>Altitude:</b></span> <span>36,975 ft</span></div>
<div><span><b>Speed:</b></span> <span>516 kt</span></div>
<div><span><b>Timestamp:</b></span><br/><span>2023-12-04 01:04:14 UTC<br/>2023-12-04 01:04:47 UTC</span></div>
</div>]]></description>
			<Style>
				<LineStyle>
					<color>ff9600ff</color>
					<width>2</width>
				</LineStyle>
			</Style>
			<MultiGeometry>
				<LineString>
					<tessellate>1</tessellate>
					<altitudeMode>absolute</altitudeMode>
					<coordinates>
						142.23111,37.985046,11269.98 142.328598,37.972847,11269.98 
					</coordinates>
				</LineString>
			</MultiGeometry>
		</Placemark>
		<Placemark>
			<name>P-319</name>
			<visibility>0</visibility>
			<description><![CDATA[<div><div><span><b>Altitude:</b></span> <span>36,975 ft</span></div>
<div><span><b>Speed:</b></span> <span>516 kt</span></div>
<div><span><b>Timestamp:</b></span><br/><span>2023-12-04 01:04:47 UTC<br/>2023-12-04 01:05:21 UTC</span></div>
</div>]]></description>
			<Style>
				<LineStyle>
					<color>ff9600ff</color>
					<width>2</width>
				</LineStyle>
			</Style>
			<MultiGeometry>
				<LineString>
					<tessellate>1</tessellate>
					<altitudeMode>absolute</altitudeMode>
					<coordinates>
						142.328598,37.972847,11269.98 142.430557,37.960327,11269.98 
					</coordinates>
				</LineString>
			</MultiGeometry>
		</Placemark>
		<Placemark>
			<name>P-320</name>
			<visibility>0</visibility>
			<description><![CDATA[<div><div><span><b>Altitude:</b></span> <span>36,975 ft</span></div>
<div><span><b>Speed:</b></span> <span>516 kt - 518 kt</span></div>
<div><span><b>Timestamp:</b></span><br/><span>2023-12-04 01:05:21 UTC<br/>2023-12-04 01:05:53 UTC</span></div>
</div>]]></description>
			<Style>
				<LineStyle>
					<color>ff9600ff</color>
					<width>2</width>
				</LineStyle>
			</Style>
			<MultiGeometry>
				<LineString>
					<tessellate>1</tessellate>
					<altitudeMode>absolute</altitudeMode>
					<coordinates>
						142.430557,37.960327,11269.98 142.526154,37.94838,11269.98 
					</coordinates>
				</LineString>
			</MultiGeometry>
		</Placemark>
		<Placemark>
			<name>P-321</name>
			<visibility>0</visibility>
			<description><![CDATA[<div><div><span><b>Altitude:</b></span> <span>36,975 ft - 37,000 ft</span></div>
<div><span><b>Speed:</b></span> <span>518 kt - 519 kt</span></div>
<div><span><b>Timestamp:</b></span><br/><span>2023-12-04 01:05:53 UTC<br/>2023-12-04 01:06:24 UTC</span></div>
</div>]]></description>
			<Style>
				<LineStyle>
					<color>ff9600ff</color>
					<width>2</width>
				</LineStyle>
			</Style>
			<MultiGeometry>
				<LineString>
					<tessellate>1</tessellate>
					<altitudeMode>absolute</altitudeMode>
					<coordinates>
						142.526154,37.94838,11269.98 142.619858,37.936443,11277.6 
					</coordinates>
				</LineString>
			</MultiGeometry>
		</Placemark>
		<Placemark>
			<name>P-322</name>
			<visibility>0</visibility>
			<description><![CDATA[<div><div><span><b>Altitude:</b></span> <span>37,000 ft</span></div>
<div><span><b>Speed:</b></span> <span>519 kt - 520 kt</span></div>
<div><span><b>Timestamp:</b></span><br/><span>2023-12-04 01:06:24 UTC<br/>2023-12-04 01:06:57 UTC</span></div>
</div>]]></description>
			<Style>
				<LineStyle>
					<color>ff9600ff</color>
					<width>2</width>
				</LineStyle>
			</Style>
			<MultiGeometry>
				<LineString>
					<tessellate>1</tessellate>
					<altitudeMode>absolute</altitudeMode>
					<coordinates>
						142.619858,37.936443,11277.6 142.717056,37.924107,11277.6 
					</coordinates>
				</LineString>
			</MultiGeometry>
		</Placemark>
		<Placemark>
			<name>P-323</name>
			<visibility>0</visibility>
			<description><![CDATA[<div><div><span><b>Altitude:</b></span> <span>37,000 ft</span></div>
<div><span><b>Speed:</b></span> <span>520 kt - 523 kt</span></div>
<div><span><b>Timestamp:</b></span><br/><span>2023-12-04 01:06:57 UTC<br/>2023-12-04 01:07:29 UTC</span></div>
</div>]]></description>
			<Style>
				<LineStyle>
					<color>ff9600ff</color>
					<width>2</width>
				</LineStyle>
			</Style>
			<MultiGeometry>
				<LineString>
					<tessellate>1</tessellate>
					<altitudeMode>absolute</altitudeMode>
					<coordinates>
						142.717056,37.924107,11277.6 142.81485,37.911484,11277.6 
					</coordinates>
				</LineString>
			</MultiGeometry>
		</Placemark>
		<Placemark>
			<name>P-324</name>
			<visibility>0</visibility>
			<description><![CDATA[<div><div><span><b>Altitude:</b></span> <span>37,000 ft - 37,025 ft</span></div>
<div><span><b>Speed:</b></span> <span>523 kt - 522 kt</span></div>
<div><span><b>Timestamp:</b></span><br/><span>2023-12-04 01:07:29 UTC<br/>2023-12-04 01:08:01 UTC</span></div>
</div>]]></description>
			<Style>
				<LineStyle>
					<color>ff9600ff</color>
					<width>2</width>
				</LineStyle>
			</Style>
			<MultiGeometry>
				<LineString>
					<tessellate>1</tessellate>
					<altitudeMode>absolute</altitudeMode>
					<coordinates>
						142.81485,37.911484,11277.6 142.912033,37.899124,11285.22 
					</coordinates>
				</LineString>
			</MultiGeometry>
		</Placemark>
		<Placemark>
			<name>P-325</name>
			<visibility>0</visibility>
			<description><![CDATA[<div><div><span><b>Altitude:</b></span> <span>37,025 ft</span></div>
<div><span><b>Speed:</b></span> <span>522 kt</span></div>
<div><span><b>Timestamp:</b></span><br/><span>2023-12-04 01:08:01 UTC<br/>2023-12-04 01:08:34 UTC</span></div>
</div>]]></description>
			<Style>
				<LineStyle>
					<color>ff9600ff</color>
					<width>2</width>
				</LineStyle>
			</Style>
			<MultiGeometry>
				<LineString>
					<tessellate>1</tessellate>
					<altitudeMode>absolute</altitudeMode>
					<coordinates>
						142.912033,37.899124,11285.22 143.008911,37.886627,11285.22 
					</coordinates>
				</LineString>
			</MultiGeometry>
		</Placemark>
		<Placemark>
			<name>P-326</name>
			<visibility>0</visibility>
			<description><![CDATA[<div><div><span><b>Altitude:</b></span> <span>37,025 ft - 37,000 ft</span></div>
<div><span><b>Speed:</b></span> <span>522 kt - 523 kt</span></div>
<div><span><b>Timestamp:</b></span><br/><span>2023-12-04 01:08:34 UTC<br/>2023-12-04 01:09:04 UTC</span></div>
</div>]]></description>
			<Style>
				<LineStyle>
					<color>ff9600ff</color>
					<width>2</width>
				</LineStyle>
			</Style>
			<MultiGeometry>
				<LineString>
					<tessellate>1</tessellate>
					<altitudeMode>absolute</altitudeMode>
					<coordinates>
						143.008911,37.886627,11285.22 143.100739,37.874809,11277.6 
					</coordinates>
				</LineString>
			</MultiGeometry>
		</Placemark>
		<Placemark>
			<name>P-327</name>
			<visibility>0</visibility>
			<description><![CDATA[<div><div><span><b>Altitude:</b></span> <span>37,000 ft - 37,225 ft</span></div>
<div><span><b>Speed:</b></span> <span>523 kt - 521 kt</span></div>
<div><span><b>Timestamp:</b></span><br/><span>2023-12-04 01:09:04 UTC<br/>2023-12-04 01:09:35 UTC</span></div>
</div>]]></description>
			<Style>
				<LineStyle>
					<color>ff9600ff</color>
					<width>2</width>
				</LineStyle>
			</Style>
			<MultiGeometry>
				<LineString>
					<tessellate>1</tessellate>
					<altitudeMode>absolute</altitudeMode>
					<coordinates>
						143.100739,37.874809,11277.6 143.193115,37.862984,11346.18 
					</coordinates>
				</LineString>
			</MultiGeometry>
		</Placemark>
		<Placemark>
			<name>P-328</name>
			<visibility>0</visibility>
			<description><![CDATA[<div><div><span><b>Altitude:</b></span> <span>37,225 ft - 37,950 ft</span></div>
<div><span><b>Speed:</b></span> <span>521 kt - 515 kt</span></div>
<div><span><b>Timestamp:</b></span><br/><span>2023-12-04 01:09:35 UTC<br/>2023-12-04 01:10:06 UTC</span></div>
</div>]]></description>
			<Style>
				<LineStyle>
					<color>ff9600ff</color>
					<width>2</width>
				</LineStyle>
			</Style>
			<MultiGeometry>
				<LineString>
					<tessellate>1</tessellate>
					<altitudeMode>absolute</altitudeMode>
					<coordinates>
						143.193115,37.862984,11346.18 143.285965,37.850555,11567.16 
					</coordinates>
				</LineString>
			</MultiGeometry>
		</Placemark>
		<Placemark>
			<name>P-329</name>
			<visibility>0</visibility>
			<description><![CDATA[<div><div><span><b>Altitude:</b></span> <span>37,950 ft - 38,700 ft</span></div>
<div><span><b>Speed:</b></span> <span>515 kt - 509 kt</span></div>
<div><span><b>Timestamp:</b></span><br/><span>2023-12-04 01:10:06 UTC<br/>2023-12-04 01:10:38 UTC</span></div>
</div>]]></description>
			<Style>
				<LineStyle>
					<color>ffae00ff</color>
					<width>2</width>
				</LineStyle>
			</Style>
			<MultiGeometry>
				<LineString>
					<tessellate>1</tessellate>
					<altitudeMode>absolute</altitudeMode>
					<coordinates>
						143.285965,37.850555,11567.16 143.380722,37.840405,11795.76 
					</coordinates>
				</LineString>
			</MultiGeometry>
		</Placemark>
		<Placemark>
			<name>P-330</name>
			<visibility>0</visibility>
			<description><![CDATA[<div><div><span><b>Altitude:</b></span> <span>38,700 ft - 38,975 ft</span></div>
<div><span><b>Speed:</b></span> <span>509 kt - 512 kt</span></div>
<div><span><b>Timestamp:</b></span><br/><span>2023-12-04 01:10:38 UTC<br/>2023-12-04 01:11:10 UTC</span></div>
</div>]]></description>
			<Style>
				<LineStyle>
					<color>ffae00ff</color>
					<width>2</width>
				</LineStyle>
			</Style>
			<MultiGeometry>
				<LineString>
					<tessellate>1</tessellate>
					<altitudeMode>absolute</altitudeMode>
					<coordinates>
						143.380722,37.840405,11795.76 143.476974,37.838078,11879.58 
					</coordinates>
				</LineString>
			</MultiGeometry>
		</Placemark>
		<Placemark>
			<name>P-331</name>
			<visibility>0</visibility>
			<description><![CDATA[<div><div><span><b>Altitude:</b></span> <span>38,975 ft - 39,000 ft</span></div>
<div><span><b>Speed:</b></span> <span>512 kt - 520 kt</span></div>
<div><span><b>Timestamp:</b></span><br/><span>2023-12-04 01:11:10 UTC<br/>2023-12-04 01:11:42 UTC</span></div>
</div>]]></description>
			<Style>
				<LineStyle>
					<color>ffae00ff</color>
					<width>2</width>
				</LineStyle>
			</Style>
			<MultiGeometry>
				<LineString>
					<tessellate>1</tessellate>
					<altitudeMode>absolute</altitudeMode>
					<coordinates>
						143.476974,37.838078,11879.58 143.571609,37.843479,11887.2 
					</coordinates>
				</LineString>
			</MultiGeometry>
		</Placemark>
		<Placemark>
			<name>P-332</name>
			<visibility>0</visibility>
			<description><![CDATA[<div><div><span><b>Altitude:</b></span> <span>39,000 ft</span></div>
<div><span><b>Speed:</b></span> <span>520 kt - 527 kt</span></div>
<div><span><b>Timestamp:</b></span><br/><span>2023-12-04 01:11:42 UTC<br/>2023-12-04 01:12:13 UTC</span></div>
</div>]]></description>
			<Style>
				<LineStyle>
					<color>ffae00ff</color>
					<width>2</width>
				</LineStyle>
			</Style>
			<MultiGeometry>
				<LineString>
					<tessellate>1</tessellate>
					<altitudeMode>absolute</altitudeMode>
					<coordinates>
						143.571609,37.843479,11887.2 143.666809,37.856277,11887.2 
					</coordinates>
				</LineString>
			</MultiGeometry>
		</Placemark>
		<Placemark>
			<name>P-333</name>
			<visibility>0</visibility>
			<description><![CDATA[<div><div><span><b>Altitude:</b></span> <span>39,000 ft</span></div>
<div><span><b>Speed:</b></span> <span>527 kt - 526 kt</span></div>
<div><span><b>Timestamp:</b></span><br/><span>2023-12-04 01:12:13 UTC<br/>2023-12-04 01:16:54 UTC</span></div>
</div>]]></description>
			<Style>
				<LineStyle>
					<color>ffae00ff</color>
					<width>2</width>
				</LineStyle>
			</Style>
			<MultiGeometry>
				<LineString>
					<tessellate>1</tessellate>
					<altitudeMode>absolute</altitudeMode>
					<coordinates>
						143.666809,37.856277,11887.2 144.487625,38.068451,11887.2 
					</coordinates>
				</LineString>
			</MultiGeometry>
		</Placemark>
		<Placemark>
			<name>P-334</name>
			<visibility>0</visibility>
			<description><![CDATA[<div><div><span><b>Altitude:</b></span> <span>39,000 ft</span></div>
<div><span><b>Speed:</b></span> <span>526 kt - 487 kt</span></div>
<div><span><b>Timestamp:</b></span><br/><span>2023-12-04 01:16:54 UTC<br/>2023-12-04 05:22:04 UTC</span></div>
</div>]]></description>
			<Style>
				<LineStyle>
					<color>88000000</color>
					<width>2</width>
				</LineStyle>
			</Style>
			<MultiGeometry>
				<LineString>
					<tessellate>1</tessellate>
					<coordinates>
						144.487625,38.068451,11887.2 -172.781204,57.537094,11887.2 
					</coordinates>
				</LineString>
			</MultiGeometry>
		</Placemark>
		<Placemark>
			<name>P-335</name>
			<visibility>0</visibility>
			<description><![CDATA[<div><div><span><b>Altitude:</b></span> <span>39,000 ft - 39,025 ft</span></div>
<div><span><b>Speed:</b></span> <span>487 kt</span></div>
<div><span><b>Timestamp:</b></span><br/><span>2023-12-04 05:22:04 UTC<br/>2023-12-04 05:22:16 UTC</span></div>
</div>]]></description>
			<Style>
				<LineStyle>
					<color>ffae00ff</color>
					<width>2</width>
				</LineStyle>
			</Style>
			<MultiGeometry>
				<LineString>
					<tessellate>1</tessellate>
					<altitudeMode>absolute</altitudeMode>
					<coordinates>
						-172.781204,57.537094,11887.2 -172.735199,57.547211,11894.82 
					</coordinates>
				</LineString>
			</MultiGeometry>
		</Placemark>
		<Placemark>
			<name>P-336</name>
			<visibility>0</visibility>
			<description><![CDATA[<div><div><span><b>Altitude:</b></span> <span>39,025 ft - 39,000 ft</span></div>
<div><span><b>Speed:</b></span> <span>487 kt - 488 kt</span></div>
<div><span><b>Timestamp:</b></span><br/><span>2023-12-04 05:22:16 UTC<br/>2023-12-04 05:23:52 UTC</span></div>
</div>]]></description>
			<Style>
				<LineStyle>
					<color>ffae00ff</color>
					<width>2</width>
				</LineStyle>
			</Style>
			<MultiGeometry>
				<LineString>
					<tessellate>1</tessellate>
					<altitudeMode>absolute</altitudeMode>
					<coordinates>
						-172.735199,57.547211,11894.82 -172.36937,57.62617900000001,11887.2 
					</coordinates>
				</LineString>
			</MultiGeometry>
		</Placemark>
		<Placemark>
			<name>P-337</name>
			<visibility>0</visibility>
			<description><![CDATA[<div><div><span><b>Altitude:</b></span> <span>39,000 ft</span></div>
<div><span><b>Speed:</b></span> <span>488 kt - 489 kt</span></div>
<div><span><b>Timestamp:</b></span><br/><span>2023-12-04 05:23:52 UTC<br/>2023-12-04 05:24:24 UTC</span></div>
</div>]]></description>
			<Style>
				<LineStyle>
					<color>ffae00ff</color>
					<width>2</width>
				</LineStyle>
			</Style>
			<MultiGeometry>
				<LineString>
					<tessellate>1</tessellate>
					<altitudeMode>absolute</altitudeMode>
					<coordinates>
						-172.36937,57.62617900000001,11887.2 -172.2379,57.65429300000001,11887.2 
					</coordinates>
				</LineString>
			</MultiGeometry>
		</Placemark>
		<Placemark>
			<name>P-338</name>
			<visibility>0</visibility>
			<description><![CDATA[<div><div><span><b>Altitude:</b></span> <span>39,000 ft</span></div>
<div><span><b>Speed:</b></span> <span>489 kt - 487 kt</span></div>
<div><span><b>Timestamp:</b></span><br/><span>2023-12-04 05:24:24 UTC<br/>2023-12-04 05:25:05 UTC</span></div>
</div>]]></description>
			<Style>
				<LineStyle>
					<color>ffae00ff</color>
					<width>2</width>
				</LineStyle>
			</Style>
			<MultiGeometry>
				<LineString>
					<tessellate>1</tessellate>
					<altitudeMode>absolute</altitudeMode>
					<coordinates>
						-172.2379,57.65429300000001,11887.2 -172.079636,57.688248,11887.2 
					</coordinates>
				</LineString>
			</MultiGeometry>
		</Placemark>
		<Placemark>
			<name>P-339</name>
			<visibility>0</visibility>
			<description><![CDATA[<div><div><span><b>Altitude:</b></span> <span>39,000 ft - 39,025 ft</span></div>
<div><span><b>Speed:</b></span> <span>487 kt - 485 kt</span></div>
<div><span><b>Timestamp:</b></span><br/><span>2023-12-04 05:25:05 UTC<br/>2023-12-04 05:25:48 UTC</span></div>
</div>]]></description>
			<Style>
				<LineStyle>
					<color>ffae00ff</color>
					<width>2</width>
				</LineStyle>
			</Style>
			<MultiGeometry>
				<LineString>
					<tessellate>1</tessellate>
					<altitudeMode>absolute</altitudeMode>
					<coordinates>
						-172.079636,57.688248,11887.2 -171.909348,57.72413600000001,11894.82 
					</coordinates>
				</LineString>
			</MultiGeometry>
		</Placemark>
		<Placemark>
			<name>P-340</name>
			<visibility>0</visibility>
			<description><![CDATA[<div><div><span><b>Altitude:</b></span> <span>39,025 ft - 39,000 ft</span></div>
<div><span><b>Speed:</b></span> <span>485 kt - 450 kt</span></div>
<div><span><b>Timestamp:</b></span><br/><span>2023-12-04 05:25:48 UTC<br/>2023-12-04 05:26:27 UTC</span></div>
</div>]]></description>
			<Style>
				<LineStyle>
					<color>ffae00ff</color>
					<width>2</width>
				</LineStyle>
			</Style>
			<MultiGeometry>
				<LineString>
					<tessellate>1</tessellate>
					<altitudeMode>absolute</altitudeMode>
					<coordinates>
						-171.909348,57.72413600000001,11894.82 -171.76265,57.75444,11887.2 
					</coordinates>
				</LineString>
			</MultiGeometry>
		</Placemark>
		<Placemark>
			<name>P-341</name>
			<visibility>0</visibility>
			<description><![CDATA[<div><div><span><b>Altitude:</b></span> <span>39,000 ft</span></div>
<div><span><b>Speed:</b></span> <span>450 kt - 483 kt</span></div>
<div><span><b>Timestamp:</b></span><br/><span>2023-12-04 05:26:27 UTC<br/>2023-12-04 05:27:00 UTC</span></div>
</div>]]></description>
			<Style>
				<LineStyle>
					<color>ffae00ff</color>
					<width>2</width>
				</LineStyle>
			</Style>
			<MultiGeometry>
				<LineString>
					<tessellate>1</tessellate>
					<altitudeMode>absolute</altitudeMode>
					<coordinates>
						-171.76265,57.75444,11887.2 -171.628326,57.782173,11887.2 
					</coordinates>
				</LineString>
			</MultiGeometry>
		</Placemark>
		<Placemark>
			<name>P-342</name>
			<visibility>0</visibility>
			<description><![CDATA[<div><div><span><b>Altitude:</b></span> <span>39,000 ft - 39,025 ft</span></div>
<div><span><b>Speed:</b></span> <span>483 kt - 481 kt</span></div>
<div><span><b>Timestamp:</b></span><br/><span>2023-12-04 05:27:00 UTC<br/>2023-12-04 05:27:34 UTC</span></div>
</div>]]></description>
			<Style>
				<LineStyle>
					<color>ffae00ff</color>
					<width>2</width>
				</LineStyle>
			</Style>
			<MultiGeometry>
				<LineString>
					<tessellate>1</tessellate>
					<altitudeMode>absolute</altitudeMode>
					<coordinates>
						-171.628326,57.782173,11887.2 -171.495667,57.809361,11894.82 
					</coordinates>
				</LineString>
			</MultiGeometry>
		</Placemark>
		<Placemark>
			<name>P-343</name>
			<visibility>0</visibility>
			<description><![CDATA[<div><div><span><b>Altitude:</b></span> <span>39,025 ft - 39,000 ft</span></div>
<div><span><b>Speed:</b></span> <span>481 kt - 480 kt</span></div>
<div><span><b>Timestamp:</b></span><br/><span>2023-12-04 05:27:34 UTC<br/>2023-12-04 05:28:07 UTC</span></div>
</div>]]></description>
			<Style>
				<LineStyle>
					<color>ffae00ff</color>
					<width>2</width>
				</LineStyle>
			</Style>
			<MultiGeometry>
				<LineString>
					<tessellate>1</tessellate>
					<altitudeMode>absolute</altitudeMode>
					<coordinates>
						-171.495667,57.809361,11894.82 -171.37674,57.833706,11887.2 
					</coordinates>
				</LineString>
			</MultiGeometry>
		</Placemark>
		<Placemark>
			<name>P-344</name>
			<visibility>0</visibility>
			<description><![CDATA[<div><div><span><b>Altitude:</b></span> <span>39,000 ft - 38,975 ft</span></div>
<div><span><b>Speed:</b></span> <span>480 kt - 481 kt</span></div>
<div><span><b>Timestamp:</b></span><br/><span>2023-12-04 05:28:07 UTC<br/>2023-12-04 05:28:52 UTC</span></div>
</div>]]></description>
			<Style>
				<LineStyle>
					<color>ffae00ff</color>
					<width>2</width>
				</LineStyle>
			</Style>
			<MultiGeometry>
				<LineString>
					<tessellate>1</tessellate>
					<altitudeMode>absolute</altitudeMode>
					<coordinates>
						-171.37674,57.833706,11887.2 -171.205978,57.868973,11879.58 
					</coordinates>
				</LineString>
			</MultiGeometry>
		</Placemark>
		<Placemark>
			<name>P-345</name>
			<visibility>0</visibility>
			<description><![CDATA[<div><div><span><b>Altitude:</b></span> <span>38,975 ft - 39,000 ft</span></div>
<div><span><b>Speed:</b></span> <span>481 kt - 480 kt</span></div>
<div><span><b>Timestamp:</b></span><br/><span>2023-12-04 05:28:52 UTC<br/>2023-12-04 05:29:27 UTC</span></div>
</div>]]></description>
			<Style>
				<LineStyle>
					<color>ffae00ff</color>
					<width>2</width>
				</LineStyle>
			</Style>
			<MultiGeometry>
				<LineString>
					<tessellate>1</tessellate>
					<altitudeMode>absolute</altitudeMode>
					<coordinates>
						-171.205978,57.868973,11879.58 -171.056213,57.899204,11887.2 
					</coordinates>
				</LineString>
			</MultiGeometry>
		</Placemark>
		<Placemark>
			<name>P-346</name>
			<visibility>0</visibility>
			<description><![CDATA[<div><div><span><b>Altitude:</b></span> <span>39,000 ft - 38,975 ft</span></div>
<div><span><b>Speed:</b></span> <span>480 kt - 481 kt</span></div>
<div><span><b>Timestamp:</b></span><br/><span>2023-12-04 05:29:27 UTC<br/>2023-12-04 05:30:00 UTC</span></div>
</div>]]></description>
			<Style>
				<LineStyle>
					<color>ffae00ff</color>
					<width>2</width>
				</LineStyle>
			</Style>
			<MultiGeometry>
				<LineString>
					<tessellate>1</tessellate>
					<altitudeMode>absolute</altitudeMode>
					<coordinates>
						-171.056213,57.899204,11887.2 -170.929688,57.924438,11879.58 
					</coordinates>
				</LineString>
			</MultiGeometry>
		</Placemark>
		<Placemark>
			<name>P-347</name>
			<visibility>0</visibility>
			<description><![CDATA[<div><div><span><b>Altitude:</b></span> <span>38,975 ft</span></div>
<div><span><b>Speed:</b></span> <span>481 kt - 482 kt</span></div>
<div><span><b>Timestamp:</b></span><br/><span>2023-12-04 05:30:00 UTC<br/>2023-12-04 05:30:32 UTC</span></div>
</div>]]></description>
			<Style>
				<LineStyle>
					<color>ffae00ff</color>
					<width>2</width>
				</LineStyle>
			</Style>
			<MultiGeometry>
				<LineString>
					<tessellate>1</tessellate>
					<altitudeMode>absolute</altitudeMode>
					<coordinates>
						-170.929688,57.924438,11879.58 -170.801163,57.949951,11879.58 
					</coordinates>
				</LineString>
			</MultiGeometry>
		</Placemark>
		<Placemark>
			<name>P-348</name>
			<visibility>0</visibility>
			<description><![CDATA[<div><div><span><b>Altitude:</b></span> <span>38,975 ft - 39,000 ft</span></div>
<div><span><b>Speed:</b></span> <span>482 kt</span></div>
<div><span><b>Timestamp:</b></span><br/><span>2023-12-04 05:30:32 UTC<br/>2023-12-04 05:31:07 UTC</span></div>
</div>]]></description>
			<Style>
				<LineStyle>
					<color>ffae00ff</color>
					<width>2</width>
				</LineStyle>
			</Style>
			<MultiGeometry>
				<LineString>
					<tessellate>1</tessellate>
					<altitudeMode>absolute</altitudeMode>
					<coordinates>
						-170.801163,57.949951,11879.58 -170.667023,57.976959,11887.2 
					</coordinates>
				</LineString>
			</MultiGeometry>
		</Placemark>
		<Placemark>
			<name>P-349</name>
			<visibility>0</visibility>
			<description><![CDATA[<div><div><span><b>Altitude:</b></span> <span>39,000 ft</span></div>
<div><span><b>Speed:</b></span> <span>482 kt - 483 kt</span></div>
<div><span><b>Timestamp:</b></span><br/><span>2023-12-04 05:31:07 UTC<br/>2023-12-04 05:31:39 UTC</span></div>
</div>]]></description>
			<Style>
				<LineStyle>
					<color>ffae00ff</color>
					<width>2</width>
				</LineStyle>
			</Style>
			<MultiGeometry>
				<LineString>
					<tessellate>1</tessellate>
					<altitudeMode>absolute</altitudeMode>
					<coordinates>
						-170.667023,57.976959,11887.2 -170.542282,58.004379,11887.2 
					</coordinates>
				</LineString>
			</MultiGeometry>
		</Placemark>
		<Placemark>
			<name>P-350</name>
			<visibility>0</visibility>
			<description><![CDATA[<div><div><span><b>Altitude:</b></span> <span>39,000 ft</span></div>
<div><span><b>Speed:</b></span> <span>483 kt</span></div>
<div><span><b>Timestamp:</b></span><br/><span>2023-12-04 05:31:39 UTC<br/>2023-12-04 05:32:05 UTC</span></div>
</div>]]></description>
			<Style>
				<LineStyle>
					<color>ffae00ff</color>
					<width>2</width>
				</LineStyle>
			</Style>
			<MultiGeometry>
				<LineString>
					<tessellate>1</tessellate>
					<altitudeMode>absolute</altitudeMode>
					<coordinates>
						-170.542282,58.004379,11887.2 -170.441452,58.026352,11887.2 
					</coordinates>
				</LineString>
			</MultiGeometry>
		</Placemark>
		<Placemark>
			<name>P-351</name>
			<visibility>0</visibility>
			<description><![CDATA[<div><div><span><b>Altitude:</b></span> <span>39,000 ft - 39,025 ft</span></div>
<div><span><b>Speed:</b></span> <span>483 kt</span></div>
<div><span><b>Timestamp:</b></span><br/><span>2023-12-04 05:32:05 UTC<br/>2023-12-04 05:33:14 UTC</span></div>
</div>]]></description>
			<Style>
				<LineStyle>
					<color>ffae00ff</color>
					<width>2</width>
				</LineStyle>
			</Style>
			<MultiGeometry>
				<LineString>
					<tessellate>1</tessellate>
					<altitudeMode>absolute</altitudeMode>
					<coordinates>
						-170.441452,58.026352,11887.2 -170.170609,58.083893,11894.82 
					</coordinates>
				</LineString>
			</MultiGeometry>
		</Placemark>
		<Placemark>
			<name>P-352</name>
			<visibility>0</visibility>
			<description><![CDATA[<div><div><span><b>Altitude:</b></span> <span>39,025 ft</span></div>
<div><span><b>Speed:</b></span> <span>483 kt</span></div>
<div><span><b>Timestamp:</b></span><br/><span>2023-12-04 05:33:14 UTC<br/>2023-12-04 05:33:48 UTC</span></div>
</div>]]></description>
			<Style>
				<LineStyle>
					<color>ffae00ff</color>
					<width>2</width>
				</LineStyle>
			</Style>
			<MultiGeometry>
				<LineString>
					<tessellate>1</tessellate>
					<altitudeMode>absolute</altitudeMode>
					<coordinates>
						-170.170609,58.083893,11894.82 -170.036682,58.11222799999999,11894.82 
					</coordinates>
				</LineString>
			</MultiGeometry>
		</Placemark>
		<Placemark>
			<name>P-353</name>
			<visibility>0</visibility>
			<description><![CDATA[<div><div><span><b>Altitude:</b></span> <span>39,025 ft - 39,000 ft</span></div>
<div><span><b>Speed:</b></span> <span>483 kt - 482 kt</span></div>
<div><span><b>Timestamp:</b></span><br/><span>2023-12-04 05:33:48 UTC<br/>2023-12-04 05:34:21 UTC</span></div>
</div>]]></description>
			<Style>
				<LineStyle>
					<color>ffae00ff</color>
					<width>2</width>
				</LineStyle>
			</Style>
			<MultiGeometry>
				<LineString>
					<tessellate>1</tessellate>
					<altitudeMode>absolute</altitudeMode>
					<coordinates>
						-170.036682,58.11222799999999,11894.82 -169.908264,58.139053,11887.2 
					</coordinates>
				</LineString>
			</MultiGeometry>
		</Placemark>
		<Placemark>
			<name>P-354</name>
			<visibility>0</visibility>
			<description><![CDATA[<div><div><span><b>Altitude:</b></span> <span>39,000 ft - 39,025 ft</span></div>
<div><span><b>Speed:</b></span> <span>482 kt - 481 kt</span></div>
<div><span><b>Timestamp:</b></span><br/><span>2023-12-04 05:34:21 UTC<br/>2023-12-04 05:34:37 UTC</span></div>
</div>]]></description>
			<Style>
				<LineStyle>
					<color>ffae00ff</color>
					<width>2</width>
				</LineStyle>
			</Style>
			<MultiGeometry>
				<LineString>
					<tessellate>1</tessellate>
					<altitudeMode>absolute</altitudeMode>
					<coordinates>
						-169.908264,58.139053,11887.2 -169.844818,58.152145,11894.82 
					</coordinates>
				</LineString>
			</MultiGeometry>
		</Placemark>
		<Placemark>
			<name>P-355</name>
			<visibility>0</visibility>
			<description><![CDATA[<div><div><span><b>Altitude:</b></span> <span>39,025 ft - 39,000 ft</span></div>
<div><span><b>Speed:</b></span> <span>481 kt</span></div>
<div><span><b>Timestamp:</b></span><br/><span>2023-12-04 05:34:37 UTC<br/>2023-12-04 05:35:39 UTC</span></div>
</div>]]></description>
			<Style>
				<LineStyle>
					<color>ffae00ff</color>
					<width>2</width>
				</LineStyle>
			</Style>
			<MultiGeometry>
				<LineString>
					<tessellate>1</tessellate>
					<altitudeMode>absolute</altitudeMode>
					<coordinates>
						-169.844818,58.152145,11894.82 -169.603363,58.201611,11887.2 
					</coordinates>
				</LineString>
			</MultiGeometry>
		</Placemark>
		<Placemark>
			<name>P-356</name>
			<visibility>0</visibility>
			<description><![CDATA[<div><div><span><b>Altitude:</b></span> <span>39,000 ft - 38,975 ft</span></div>
<div><span><b>Speed:</b></span> <span>481 kt - 483 kt</span></div>
<div><span><b>Timestamp:</b></span><br/><span>2023-12-04 05:35:39 UTC<br/>2023-12-04 05:36:13 UTC</span></div>
</div>]]></description>
			<Style>
				<LineStyle>
					<color>ffae00ff</color>
					<width>2</width>
				</LineStyle>
			</Style>
			<MultiGeometry>
				<LineString>
					<tessellate>1</tessellate>
					<altitudeMode>absolute</altitudeMode>
					<coordinates>
						-169.603363,58.201611,11887.2 -169.467682,58.22954200000001,11879.58 
					</coordinates>
				</LineString>
			</MultiGeometry>
		</Placemark>
		<Placemark>
			<name>P-357</name>
			<visibility>0</visibility>
			<description><![CDATA[<div><div><span><b>Altitude:</b></span> <span>38,975 ft - 39,000 ft</span></div>
<div><span><b>Speed:</b></span> <span>483 kt</span></div>
<div><span><b>Timestamp:</b></span><br/><span>2023-12-04 05:36:13 UTC<br/>2023-12-04 05:36:45 UTC</span></div>
</div>]]></description>
			<Style>
				<LineStyle>
					<color>ffae00ff</color>
					<width>2</width>
				</LineStyle>
			</Style>
			<MultiGeometry>
				<LineString>
					<tessellate>1</tessellate>
					<altitudeMode>absolute</altitudeMode>
					<coordinates>
						-169.467682,58.22954200000001,11879.58 -169.341614,58.25519200000001,11887.2 
					</coordinates>
				</LineString>
			</MultiGeometry>
		</Placemark>
		<Placemark>
			<name>P-358</name>
			<visibility>0</visibility>
			<description><![CDATA[<div><div><span><b>Altitude:</b></span> <span>39,000 ft</span></div>
<div><span><b>Speed:</b></span> <span>483 kt - 484 kt</span></div>
<div><span><b>Timestamp:</b></span><br/><span>2023-12-04 05:36:45 UTC<br/>2023-12-04 05:37:27 UTC</span></div>
</div>]]></description>
			<Style>
				<LineStyle>
					<color>ffae00ff</color>
					<width>2</width>
				</LineStyle>
			</Style>
			<MultiGeometry>
				<LineString>
					<tessellate>1</tessellate>
					<altitudeMode>absolute</altitudeMode>
					<coordinates>
						-169.341614,58.25519200000001,11887.2 -169.176544,58.288288,11887.2 
					</coordinates>
				</LineString>
			</MultiGeometry>
		</Placemark>
		<Placemark>
			<name>P-359</name>
			<visibility>0</visibility>
			<description><![CDATA[<div><div><span><b>Altitude:</b></span> <span>39,000 ft</span></div>
<div><span><b>Speed:</b></span> <span>484 kt</span></div>
<div><span><b>Timestamp:</b></span><br/><span>2023-12-04 05:37:27 UTC<br/>2023-12-04 05:38:18 UTC</span></div>
</div>]]></description>
			<Style>
				<LineStyle>
					<color>ffae00ff</color>
					<width>2</width>
				</LineStyle>
			</Style>
			<MultiGeometry>
				<LineString>
					<tessellate>1</tessellate>
					<altitudeMode>absolute</altitudeMode>
					<coordinates>
						-169.176544,58.288288,11887.2 -168.975677,58.328465,11887.2 
					</coordinates>
				</LineString>
			</MultiGeometry>
		</Placemark>
		<Placemark>
			<name>P-360</name>
			<visibility>0</visibility>
			<description><![CDATA[<div><div><span><b>Altitude:</b></span> <span>39,000 ft</span></div>
<div><span><b>Speed:</b></span> <span>484 kt</span></div>
<div><span><b>Timestamp:</b></span><br/><span>2023-12-04 05:38:18 UTC<br/>2023-12-04 05:38:48 UTC</span></div>
</div>]]></description>
			<Style>
				<LineStyle>
					<color>ffae00ff</color>
					<width>2</width>
				</LineStyle>
			</Style>
			<MultiGeometry>
				<LineString>
					<tessellate>1</tessellate>
					<altitudeMode>absolute</altitudeMode>
					<coordinates>
						-168.975677,58.328465,11887.2 -168.854004,58.352673,11887.2 
					</coordinates>
				</LineString>
			</MultiGeometry>
		</Placemark>
		<Placemark>
			<name>P-361</name>
			<visibility>0</visibility>
			<description><![CDATA[<div><div><span><b>Altitude:</b></span> <span>39,000 ft - 39,025 ft</span></div>
<div><span><b>Speed:</b></span> <span>484 kt - 483 kt</span></div>
<div><span><b>Timestamp:</b></span><br/><span>2023-12-04 05:38:48 UTC<br/>2023-12-04 05:39:20 UTC</span></div>
</div>]]></description>
			<Style>
				<LineStyle>
					<color>ffae00ff</color>
					<width>2</width>
				</LineStyle>
			</Style>
			<MultiGeometry>
				<LineString>
					<tessellate>1</tessellate>
					<altitudeMode>absolute</altitudeMode>
					<coordinates>
						-168.854004,58.352673,11887.2 -168.728821,58.377228,11894.82 
					</coordinates>
				</LineString>
			</MultiGeometry>
		</Placemark>
		<Placemark>
			<name>P-362</name>
			<visibility>0</visibility>
			<description><![CDATA[<div><div><span><b>Altitude:</b></span> <span>39,025 ft</span></div>
<div><span><b>Speed:</b></span> <span>483 kt - 480 kt</span></div>
<div><span><b>Timestamp:</b></span><br/><span>2023-12-04 05:39:20 UTC<br/>2023-12-04 05:39:52 UTC</span></div>
</div>]]></description>
			<Style>
				<LineStyle>
					<color>ffae00ff</color>
					<width>2</width>
				</LineStyle>
			</Style>
			<MultiGeometry>
				<LineString>
					<tessellate>1</tessellate>
					<altitudeMode>absolute</altitudeMode>
					<coordinates>
						-168.728821,58.377228,11894.82 -168.601501,58.40187800000001,11894.82 
					</coordinates>
				</LineString>
			</MultiGeometry>
		</Placemark>
		<Placemark>
			<name>P-363</name>
			<visibility>0</visibility>
			<description><![CDATA[<div><div><span><b>Altitude:</b></span> <span>39,025 ft - 39,000 ft</span></div>
<div><span><b>Speed:</b></span> <span>480 kt - 478 kt</span></div>
<div><span><b>Timestamp:</b></span><br/><span>2023-12-04 05:39:52 UTC<br/>2023-12-04 05:40:26 UTC</span></div>
</div>]]></description>
			<Style>
				<LineStyle>
					<color>ffae00ff</color>
					<width>2</width>
				</LineStyle>
			</Style>
			<MultiGeometry>
				<LineString>
					<tessellate>1</tessellate>
					<altitudeMode>absolute</altitudeMode>
					<coordinates>
						-168.601501,58.40187800000001,11894.82 -168.468079,58.427673,11887.2 
					</coordinates>
				</LineString>
			</MultiGeometry>
		</Placemark>
		<Placemark>
			<name>P-364</name>
			<visibility>0</visibility>
			<description><![CDATA[<div><div><span><b>Altitude:</b></span> <span>39,000 ft</span></div>
<div><span><b>Speed:</b></span> <span>478 kt - 477 kt</span></div>
<div><span><b>Timestamp:</b></span><br/><span>2023-12-04 05:40:26 UTC<br/>2023-12-04 05:40:58 UTC</span></div>
</div>]]></description>
			<Style>
				<LineStyle>
					<color>ffae00ff</color>
					<width>2</width>
				</LineStyle>
			</Style>
			<MultiGeometry>
				<LineString>
					<tessellate>1</tessellate>
					<altitudeMode>absolute</altitudeMode>
					<coordinates>
						-168.468079,58.427673,11887.2 -168.341644,58.452026,11887.2 
					</coordinates>
				</LineString>
			</MultiGeometry>
		</Placemark>
		<Placemark>
			<name>P-365</name>
			<visibility>0</visibility>
			<description><![CDATA[<div><div><span><b>Altitude:</b></span> <span>39,000 ft</span></div>
<div><span><b>Speed:</b></span> <span>477 kt - 475 kt</span></div>
<div><span><b>Timestamp:</b></span><br/><span>2023-12-04 05:40:58 UTC<br/>2023-12-04 05:41:31 UTC</span></div>
</div>]]></description>
			<Style>
				<LineStyle>
					<color>ffae00ff</color>
					<width>2</width>
				</LineStyle>
			</Style>
			<MultiGeometry>
				<LineString>
					<tessellate>1</tessellate>
					<altitudeMode>absolute</altitudeMode>
					<coordinates>
						-168.341644,58.452026,11887.2 -168.211029,58.4772,11887.2 
					</coordinates>
				</LineString>
			</MultiGeometry>
		</Placemark>
		<Placemark>
			<name>P-366</name>
			<visibility>0</visibility>
			<description><![CDATA[<div><div><span><b>Altitude:</b></span> <span>39,000 ft - 38,975 ft</span></div>
<div><span><b>Speed:</b></span> <span>475 kt - 474 kt</span></div>
<div><span><b>Timestamp:</b></span><br/><span>2023-12-04 05:41:31 UTC<br/>2023-12-04 05:42:03 UTC</span></div>
</div>]]></description>
			<Style>
				<LineStyle>
					<color>ffae00ff</color>
					<width>2</width>
				</LineStyle>
			</Style>
			<MultiGeometry>
				<LineString>
					<tessellate>1</tessellate>
					<altitudeMode>absolute</altitudeMode>
					<coordinates>
						-168.211029,58.4772,11887.2 -168.086426,58.501034,11879.58 
					</coordinates>
				</LineString>
			</MultiGeometry>
		</Placemark>
		<Placemark>
			<name>P-367</name>
			<visibility>0</visibility>
			<description><![CDATA[<div><div><span><b>Altitude:</b></span> <span>38,975 ft</span></div>
<div><span><b>Speed:</b></span> <span>474 kt</span></div>
<div><span><b>Timestamp:</b></span><br/><span>2023-12-04 05:42:03 UTC<br/>2023-12-04 05:42:36 UTC</span></div>
</div>]]></description>
			<Style>
				<LineStyle>
					<color>ffae00ff</color>
					<width>2</width>
				</LineStyle>
			</Style>
			<MultiGeometry>
				<LineString>
					<tessellate>1</tessellate>
					<altitudeMode>absolute</altitudeMode>
					<coordinates>
						-168.086426,58.501034,11879.58 -167.954956,58.525753,11879.58 
					</coordinates>
				</LineString>
			</MultiGeometry>
		</Placemark>
		<Placemark>
			<name>P-368</name>
			<visibility>0</visibility>
			<description><![CDATA[<div><div><span><b>Altitude:</b></span> <span>38,975 ft</span></div>
<div><span><b>Speed:</b></span> <span>474 kt - 475 kt</span></div>
<div><span><b>Timestamp:</b></span><br/><span>2023-12-04 05:42:36 UTC<br/>2023-12-04 05:43:02 UTC</span></div>
</div>]]></description>
			<Style>
				<LineStyle>
					<color>ffae00ff</color>
					<width>2</width>
				</LineStyle>
			</Style>
			<MultiGeometry>
				<LineString>
					<tessellate>1</tessellate>
					<altitudeMode>absolute</altitudeMode>
					<coordinates>
						-167.954956,58.525753,11879.58 -167.858688,58.543762,11879.58 
					</coordinates>
				</LineString>
			</MultiGeometry>
		</Placemark>
		<Placemark>
			<name>P-369</name>
			<visibility>0</visibility>
			<description><![CDATA[<div><div><span><b>Altitude:</b></span> <span>38,975 ft</span></div>
<div><span><b>Speed:</b></span> <span>475 kt - 477 kt</span></div>
<div><span><b>Timestamp:</b></span><br/><span>2023-12-04 05:43:02 UTC<br/>2023-12-04 05:44:01 UTC</span></div>
</div>]]></description>
			<Style>
				<LineStyle>
					<color>ffae00ff</color>
					<width>2</width>
				</LineStyle>
			</Style>
			<MultiGeometry>
				<LineString>
					<tessellate>1</tessellate>
					<altitudeMode>absolute</altitudeMode>
					<coordinates>
						-167.858688,58.543762,11879.58 -167.626648,58.586838,11879.58 
					</coordinates>
				</LineString>
			</MultiGeometry>
		</Placemark>
		<Placemark>
			<name>P-370</name>
			<visibility>0</visibility>
			<description><![CDATA[<div><div><span><b>Altitude:</b></span> <span>38,975 ft - 39,000 ft</span></div>
<div><span><b>Speed:</b></span> <span>477 kt - 479 kt</span></div>
<div><span><b>Timestamp:</b></span><br/><span>2023-12-04 05:44:01 UTC<br/>2023-12-04 05:44:33 UTC</span></div>
</div>]]></description>
			<Style>
				<LineStyle>
					<color>ffae00ff</color>
					<width>2</width>
				</LineStyle>
			</Style>
			<MultiGeometry>
				<LineString>
					<tessellate>1</tessellate>
					<altitudeMode>absolute</altitudeMode>
					<coordinates>
						-167.626648,58.586838,11879.58 -167.491272,58.612015,11887.2 
					</coordinates>
				</LineString>
			</MultiGeometry>
		</Placemark>
		<Placemark>
			<name>P-371</name>
			<visibility>0</visibility>
			<description><![CDATA[<div><div><span><b>Altitude:</b></span> <span>39,000 ft</span></div>
<div><span><b>Speed:</b></span> <span>479 kt - 481 kt</span></div>
<div><span><b>Timestamp:</b></span><br/><span>2023-12-04 05:44:33 UTC<br/>2023-12-04 05:45:05 UTC</span></div>
</div>]]></description>
			<Style>
				<LineStyle>
					<color>ffae00ff</color>
					<width>2</width>
				</LineStyle>
			</Style>
			<MultiGeometry>
				<LineString>
					<tessellate>1</tessellate>
					<altitudeMode>absolute</altitudeMode>
					<coordinates>
						-167.491272,58.612015,11887.2 -167.36142,58.635803,11887.2 
					</coordinates>
				</LineString>
			</MultiGeometry>
		</Placemark>
		<Placemark>
			<name>P-372</name>
			<visibility>0</visibility>
			<description><![CDATA[<div><div><span><b>Altitude:</b></span> <span>39,000 ft - 39,025 ft</span></div>
<div><span><b>Speed:</b></span> <span>481 kt</span></div>
<div><span><b>Timestamp:</b></span><br/><span>2023-12-04 05:45:05 UTC<br/>2023-12-04 05:45:38 UTC</span></div>
</div>]]></description>
			<Style>
				<LineStyle>
					<color>ffae00ff</color>
					<width>2</width>
				</LineStyle>
			</Style>
			<MultiGeometry>
				<LineString>
					<tessellate>1</tessellate>
					<altitudeMode>absolute</altitudeMode>
					<coordinates>
						-167.36142,58.635803,11887.2 -167.231766,58.659348,11894.82 
					</coordinates>
				</LineString>
			</MultiGeometry>
		</Placemark>
		<Placemark>
			<name>P-373</name>
			<visibility>0</visibility>
			<description><![CDATA[<div><div><span><b>Altitude:</b></span> <span>39,025 ft - 39,050 ft</span></div>
<div><span><b>Speed:</b></span> <span>481 kt</span></div>
<div><span><b>Timestamp:</b></span><br/><span>2023-12-04 05:45:38 UTC<br/>2023-12-04 05:46:11 UTC</span></div>
</div>]]></description>
			<Style>
				<LineStyle>
					<color>ffae00ff</color>
					<width>2</width>
				</LineStyle>
			</Style>
			<MultiGeometry>
				<LineString>
					<tessellate>1</tessellate>
					<altitudeMode>absolute</altitudeMode>
					<coordinates>
						-167.231766,58.659348,11894.82 -167.098297,58.683517,11902.44 
					</coordinates>
				</LineString>
			</MultiGeometry>
		</Placemark>
		<Placemark>
			<name>P-374</name>
			<visibility>0</visibility>
			<description><![CDATA[<div><div><span><b>Altitude:</b></span> <span>39,050 ft - 39,025 ft</span></div>
<div><span><b>Speed:</b></span> <span>481 kt - 480 kt</span></div>
<div><span><b>Timestamp:</b></span><br/><span>2023-12-04 05:46:11 UTC<br/>2023-12-04 05:46:43 UTC</span></div>
</div>]]></description>
			<Style>
				<LineStyle>
					<color>ffae00ff</color>
					<width>2</width>
				</LineStyle>
			</Style>
			<MultiGeometry>
				<LineString>
					<tessellate>1</tessellate>
					<altitudeMode>absolute</altitudeMode>
					<coordinates>
						-167.098297,58.683517,11902.44 -166.967743,58.706936,11894.82 
					</coordinates>
				</LineString>
			</MultiGeometry>
		</Placemark>
		<Placemark>
			<name>P-375</name>
			<visibility>0</visibility>
			<description><![CDATA[<div><div><span><b>Altitude:</b></span> <span>39,025 ft</span></div>
<div><span><b>Speed:</b></span> <span>480 kt - 481 kt</span></div>
<div><span><b>Timestamp:</b></span><br/><span>2023-12-04 05:46:43 UTC<br/>2023-12-04 05:47:15 UTC</span></div>
</div>]]></description>
			<Style>
				<LineStyle>
					<color>ffae00ff</color>
					<width>2</width>
				</LineStyle>
			</Style>
			<MultiGeometry>
				<LineString>
					<tessellate>1</tessellate>
					<altitudeMode>absolute</altitudeMode>
					<coordinates>
						-166.967743,58.706936,11894.82 -166.83812,58.730301,11894.82 
					</coordinates>
				</LineString>
			</MultiGeometry>
		</Placemark>
		<Placemark>
			<name>P-376</name>
			<visibility>0</visibility>
			<description><![CDATA[<div><div><span><b>Altitude:</b></span> <span>39,025 ft</span></div>
<div><span><b>Speed:</b></span> <span>481 kt - 479 kt</span></div>
<div><span><b>Timestamp:</b></span><br/><span>2023-12-04 05:47:15 UTC<br/>2023-12-04 05:47:47 UTC</span></div>
</div>]]></description>
			<Style>
				<LineStyle>
					<color>ffae00ff</color>
					<width>2</width>
				</LineStyle>
			</Style>
			<MultiGeometry>
				<LineString>
					<tessellate>1</tessellate>
					<altitudeMode>absolute</altitudeMode>
					<coordinates>
						-166.83812,58.730301,11894.82 -166.712036,58.752914,11894.82 
					</coordinates>
				</LineString>
			</MultiGeometry>
		</Placemark>
		<Placemark>
			<name>P-377</name>
			<visibility>0</visibility>
			<description><![CDATA[<div><div><span><b>Altitude:</b></span> <span>39,025 ft</span></div>
<div><span><b>Speed:</b></span> <span>479 kt - 477 kt</span></div>
<div><span><b>Timestamp:</b></span><br/><span>2023-12-04 05:47:47 UTC<br/>2023-12-04 05:48:20 UTC</span></div>
</div>]]></description>
			<Style>
				<LineStyle>
					<color>ffae00ff</color>
					<width>2</width>
				</LineStyle>
			</Style>
			<MultiGeometry>
				<LineString>
					<tessellate>1</tessellate>
					<altitudeMode>absolute</altitudeMode>
					<coordinates>
						-166.712036,58.752914,11894.82 -166.577179,58.777275,11894.82 
					</coordinates>
				</LineString>
			</MultiGeometry>
		</Placemark>
		<Placemark>
			<name>P-378</name>
			<visibility>0</visibility>
			<description><![CDATA[<div><div><span><b>Altitude:</b></span> <span>39,025 ft - 39,000 ft</span></div>
<div><span><b>Speed:</b></span> <span>477 kt</span></div>
<div><span><b>Timestamp:</b></span><br/><span>2023-12-04 05:48:20 UTC<br/>2023-12-04 05:48:54 UTC</span></div>
</div>]]></description>
			<Style>
				<LineStyle>
					<color>ffae00ff</color>
					<width>2</width>
				</LineStyle>
			</Style>
			<MultiGeometry>
				<LineString>
					<tessellate>1</tessellate>
					<altitudeMode>absolute</altitudeMode>
					<coordinates>
						-166.577179,58.777275,11894.82 -166.442078,58.801529,11887.2 
					</coordinates>
				</LineString>
			</MultiGeometry>
		</Placemark>
		<Placemark>
			<name>P-379</name>
			<visibility>0</visibility>
			<description><![CDATA[<div><div><span><b>Altitude:</b></span> <span>39,000 ft</span></div>
<div><span><b>Speed:</b></span> <span>477 kt - 476 kt</span></div>
<div><span><b>Timestamp:</b></span><br/><span>2023-12-04 05:48:54 UTC<br/>2023-12-04 05:49:27 UTC</span></div>
</div>]]></description>
			<Style>
				<LineStyle>
					<color>ffae00ff</color>
					<width>2</width>
				</LineStyle>
			</Style>
			<MultiGeometry>
				<LineString>
					<tessellate>1</tessellate>
					<altitudeMode>absolute</altitudeMode>
					<coordinates>
						-166.442078,58.801529,11887.2 -166.30838,58.82501199999999,11887.2 
					</coordinates>
				</LineString>
			</MultiGeometry>
		</Placemark>
		<Placemark>
			<name>P-380</name>
			<visibility>0</visibility>
			<description><![CDATA[<div><div><span><b>Altitude:</b></span> <span>39,000 ft - 38,975 ft</span></div>
<div><span><b>Speed:</b></span> <span>476 kt</span></div>
<div><span><b>Timestamp:</b></span><br/><span>2023-12-04 05:49:27 UTC<br/>2023-12-04 05:50:00 UTC</span></div>
</div>]]></description>
			<Style>
				<LineStyle>
					<color>ffae00ff</color>
					<width>2</width>
				</LineStyle>
			</Style>
			<MultiGeometry>
				<LineString>
					<tessellate>1</tessellate>
					<altitudeMode>absolute</altitudeMode>
					<coordinates>
						-166.30838,58.82501199999999,11887.2 -166.176163,58.848312,11879.58 
					</coordinates>
				</LineString>
			</MultiGeometry>
		</Placemark>
		<Placemark>
			<name>P-381</name>
			<visibility>0</visibility>
			<description><![CDATA[<div><div><span><b>Altitude:</b></span> <span>38,975 ft</span></div>
<div><span><b>Speed:</b></span> <span>476 kt - 477 kt</span></div>
<div><span><b>Timestamp:</b></span><br/><span>2023-12-04 05:50:00 UTC<br/>2023-12-04 05:50:32 UTC</span></div>
</div>]]></description>
			<Style>
				<LineStyle>
					<color>ffae00ff</color>
					<width>2</width>
				</LineStyle>
			</Style>
			<MultiGeometry>
				<LineString>
					<tessellate>1</tessellate>
					<altitudeMode>absolute</altitudeMode>
					<coordinates>
						-166.176163,58.848312,11879.58 -166.046722,58.87074299999999,11879.58 
					</coordinates>
				</LineString>
			</MultiGeometry>
		</Placemark>
		<Placemark>
			<name>P-382</name>
			<visibility>0</visibility>
			<description><![CDATA[<div><div><span><b>Altitude:</b></span> <span>38,975 ft</span></div>
<div><span><b>Speed:</b></span> <span>477 kt</span></div>
<div><span><b>Timestamp:</b></span><br/><span>2023-12-04 05:50:32 UTC<br/>2023-12-04 05:51:02 UTC</span></div>
</div>]]></description>
			<Style>
				<LineStyle>
					<color>ffae00ff</color>
					<width>2</width>
				</LineStyle>
			</Style>
			<MultiGeometry>
				<LineString>
					<tessellate>1</tessellate>
					<altitudeMode>absolute</altitudeMode>
					<coordinates>
						-166.046722,58.87074299999999,11879.58 -165.93541,58.890072,11879.58 
					</coordinates>
				</LineString>
			</MultiGeometry>
		</Placemark>
		<Placemark>
			<name>P-383</name>
			<visibility>0</visibility>
			<description><![CDATA[<div><div><span><b>Altitude:</b></span> <span>38,975 ft</span></div>
<div><span><b>Speed:</b></span> <span>477 kt - 479 kt</span></div>
<div><span><b>Timestamp:</b></span><br/><span>2023-12-04 05:51:02 UTC<br/>2023-12-04 05:51:59 UTC</span></div>
</div>]]></description>
			<Style>
				<LineStyle>
					<color>ffae00ff</color>
					<width>2</width>
				</LineStyle>
			</Style>
			<MultiGeometry>
				<LineString>
					<tessellate>1</tessellate>
					<altitudeMode>absolute</altitudeMode>
					<coordinates>
						-165.93541,58.890072,11879.58 -165.700165,58.930618,11879.58 
					</coordinates>
				</LineString>
			</MultiGeometry>
		</Placemark>
		<Placemark>
			<name>P-384</name>
			<visibility>0</visibility>
			<description><![CDATA[<div><div><span><b>Altitude:</b></span> <span>38,975 ft - 39,000 ft</span></div>
<div><span><b>Speed:</b></span> <span>479 kt - 480 kt</span></div>
<div><span><b>Timestamp:</b></span><br/><span>2023-12-04 05:51:59 UTC<br/>2023-12-04 05:52:32 UTC</span></div>
</div>]]></description>
			<Style>
				<LineStyle>
					<color>ffae00ff</color>
					<width>2</width>
				</LineStyle>
			</Style>
			<MultiGeometry>
				<LineString>
					<tessellate>1</tessellate>
					<altitudeMode>absolute</altitudeMode>
					<coordinates>
						-165.700165,58.930618,11879.58 -165.563873,58.95417399999999,11887.2 
					</coordinates>
				</LineString>
			</MultiGeometry>
		</Placemark>
		<Placemark>
			<name>P-385</name>
			<visibility>0</visibility>
			<description><![CDATA[<div><div><span><b>Altitude:</b></span> <span>39,000 ft - 39,025 ft</span></div>
<div><span><b>Speed:</b></span> <span>480 kt - 479 kt</span></div>
<div><span><b>Timestamp:</b></span><br/><span>2023-12-04 05:52:32 UTC<br/>2023-12-04 05:53:03 UTC</span></div>
</div>]]></description>
			<Style>
				<LineStyle>
					<color>ffae00ff</color>
					<width>2</width>
				</LineStyle>
			</Style>
			<MultiGeometry>
				<LineString>
					<tessellate>1</tessellate>
					<altitudeMode>absolute</altitudeMode>
					<coordinates>
						-165.563873,58.95417399999999,11887.2 -165.436859,58.975399,11894.82 
					</coordinates>
				</LineString>
			</MultiGeometry>
		</Placemark>
		<Placemark>
			<name>P-386</name>
			<visibility>0</visibility>
			<description><![CDATA[<div><div><span><b>Altitude:</b></span> <span>39,025 ft</span></div>
<div><span><b>Speed:</b></span> <span>479 kt - 478 kt</span></div>
<div><span><b>Timestamp:</b></span><br/><span>2023-12-04 05:53:03 UTC<br/>2023-12-04 05:53:36 UTC</span></div>
</div>]]></description>
			<Style>
				<LineStyle>
					<color>ffae00ff</color>
					<width>2</width>
				</LineStyle>
			</Style>
			<MultiGeometry>
				<LineString>
					<tessellate>1</tessellate>
					<altitudeMode>absolute</altitudeMode>
					<coordinates>
						-165.436859,58.975399,11894.82 -165.301575,58.99786399999999,11894.82 
					</coordinates>
				</LineString>
			</MultiGeometry>
		</Placemark>
		<Placemark>
			<name>P-387</name>
			<visibility>0</visibility>
			<description><![CDATA[<div><div><span><b>Altitude:</b></span> <span>39,025 ft</span></div>
<div><span><b>Speed:</b></span> <span>478 kt - 477 kt</span></div>
<div><span><b>Timestamp:</b></span><br/><span>2023-12-04 05:53:36 UTC<br/>2023-12-04 05:54:08 UTC</span></div>
</div>]]></description>
			<Style>
				<LineStyle>
					<color>ffae00ff</color>
					<width>2</width>
				</LineStyle>
			</Style>
			<MultiGeometry>
				<LineString>
					<tessellate>1</tessellate>
					<altitudeMode>absolute</altitudeMode>
					<coordinates>
						-165.301575,58.99786399999999,11894.82 -165.171204,59.019859,11894.82 
					</coordinates>
				</LineString>
			</MultiGeometry>
		</Placemark>
		<Placemark>
			<name>P-388</name>
			<visibility>0</visibility>
			<description><![CDATA[<div><div><span><b>Altitude:</b></span> <span>39,025 ft</span></div>
<div><span><b>Speed:</b></span> <span>477 kt - 476 kt</span></div>
<div><span><b>Timestamp:</b></span><br/><span>2023-12-04 05:54:08 UTC<br/>2023-12-04 05:54:41 UTC</span></div>
</div>]]></description>
			<Style>
				<LineStyle>
					<color>ffae00ff</color>
					<width>2</width>
				</LineStyle>
			</Style>
			<MultiGeometry>
				<LineString>
					<tessellate>1</tessellate>
					<altitudeMode>absolute</altitudeMode>
					<coordinates>
						-165.171204,59.019859,11894.82 -165.039551,59.041855,11894.82 
					</coordinates>
				</LineString>
			</MultiGeometry>
		</Placemark>
		<Placemark>
			<name>P-389</name>
			<visibility>0</visibility>
			<description><![CDATA[<div><div><span><b>Altitude:</b></span> <span>39,025 ft - 39,000 ft</span></div>
<div><span><b>Speed:</b></span> <span>476 kt</span></div>
<div><span><b>Timestamp:</b></span><br/><span>2023-12-04 05:54:41 UTC<br/>2023-12-04 05:55:13 UTC</span></div>
</div>]]></description>
			<Style>
				<LineStyle>
					<color>ffae00ff</color>
					<width>2</width>
				</LineStyle>
			</Style>
			<MultiGeometry>
				<LineString>
					<tessellate>1</tessellate>
					<altitudeMode>absolute</altitudeMode>
					<coordinates>
						-165.039551,59.041855,11894.82 -164.908295,59.06328999999999,11887.2 
					</coordinates>
				</LineString>
			</MultiGeometry>
		</Placemark>
		<Placemark>
			<name>P-390</name>
			<visibility>0</visibility>
			<description><![CDATA[<div><div><span><b>Altitude:</b></span> <span>39,000 ft</span></div>
<div><span><b>Speed:</b></span> <span>476 kt - 475 kt</span></div>
<div><span><b>Timestamp:</b></span><br/><span>2023-12-04 05:55:13 UTC<br/>2023-12-04 05:55:46 UTC</span></div>
</div>]]></description>
			<Style>
				<LineStyle>
					<color>ffae00ff</color>
					<width>2</width>
				</LineStyle>
			</Style>
			<MultiGeometry>
				<LineString>
					<tessellate>1</tessellate>
					<altitudeMode>absolute</altitudeMode>
					<coordinates>
						-164.908295,59.06328999999999,11887.2 -164.773773,59.085251,11887.2 
					</coordinates>
				</LineString>
			</MultiGeometry>
		</Placemark>
		<Placemark>
			<name>P-391</name>
			<visibility>0</visibility>
			<description><![CDATA[<div><div><span><b>Altitude:</b></span> <span>39,000 ft - 38,975 ft</span></div>
<div><span><b>Speed:</b></span> <span>475 kt</span></div>
<div><span><b>Timestamp:</b></span><br/><span>2023-12-04 05:55:46 UTC<br/>2023-12-04 05:56:18 UTC</span></div>
</div>]]></description>
			<Style>
				<LineStyle>
					<color>ffae00ff</color>
					<width>2</width>
				</LineStyle>
			</Style>
			<MultiGeometry>
				<LineString>
					<tessellate>1</tessellate>
					<altitudeMode>absolute</altitudeMode>
					<coordinates>
						-164.773773,59.085251,11887.2 -164.643036,59.106308,11879.58 
					</coordinates>
				</LineString>
			</MultiGeometry>
		</Placemark>
		<Placemark>
			<name>P-392</name>
			<visibility>0</visibility>
			<description><![CDATA[<div><div><span><b>Altitude:</b></span> <span>38,975 ft</span></div>
<div><span><b>Speed:</b></span> <span>475 kt - 476 kt</span></div>
<div><span><b>Timestamp:</b></span><br/><span>2023-12-04 05:56:18 UTC<br/>2023-12-04 05:56:49 UTC</span></div>
</div>]]></description>
			<Style>
				<LineStyle>
					<color>ffae00ff</color>
					<width>2</width>
				</LineStyle>
			</Style>
			<MultiGeometry>
				<LineString>
					<tessellate>1</tessellate>
					<altitudeMode>absolute</altitudeMode>
					<coordinates>
						-164.643036,59.106308,11879.58 -164.517044,59.126694,11879.58 
					</coordinates>
				</LineString>
			</MultiGeometry>
		</Placemark>
		<Placemark>
			<name>P-393</name>
			<visibility>0</visibility>
			<description><![CDATA[<div><div><span><b>Altitude:</b></span> <span>38,975 ft</span></div>
<div><span><b>Speed:</b></span> <span>476 kt</span></div>
<div><span><b>Timestamp:</b></span><br/><span>2023-12-04 05:56:49 UTC<br/>2023-12-04 05:57:21 UTC</span></div>
</div>]]></description>
			<Style>
				<LineStyle>
					<color>ffae00ff</color>
					<width>2</width>
				</LineStyle>
			</Style>
			<MultiGeometry>
				<LineString>
					<tessellate>1</tessellate>
					<altitudeMode>absolute</altitudeMode>
					<coordinates>
						-164.517044,59.126694,11879.58 -164.386505,59.147598,11879.58 
					</coordinates>
				</LineString>
			</MultiGeometry>
		</Placemark>
		<Placemark>
			<name>P-394</name>
			<visibility>0</visibility>
			<description><![CDATA[<div><div><span><b>Altitude:</b></span> <span>38,975 ft - 39,000 ft</span></div>
<div><span><b>Speed:</b></span> <span>476 kt - 477 kt</span></div>
<div><span><b>Timestamp:</b></span><br/><span>2023-12-04 05:57:21 UTC<br/>2023-12-04 05:57:50 UTC</span></div>
</div>]]></description>
			<Style>
				<LineStyle>
					<color>ffae00ff</color>
					<width>2</width>
				</LineStyle>
			</Style>
			<MultiGeometry>
				<LineString>
					<tessellate>1</tessellate>
					<altitudeMode>absolute</altitudeMode>
					<coordinates>
						-164.386505,59.147598,11879.58 -164.267212,59.16673299999999,11887.2 
					</coordinates>
				</LineString>
			</MultiGeometry>
		</Placemark>
		<Placemark>
			<name>P-395</name>
			<visibility>0</visibility>
			<description><![CDATA[<div><div><span><b>Altitude:</b></span> <span>39,000 ft</span></div>
<div><span><b>Speed:</b></span> <span>477 kt - 478 kt</span></div>
<div><span><b>Timestamp:</b></span><br/><span>2023-12-04 05:57:50 UTC<br/>2023-12-04 05:58:26 UTC</span></div>
</div>]]></description>
			<Style>
				<LineStyle>
					<color>ffae00ff</color>
					<width>2</width>
				</LineStyle>
			</Style>
			<MultiGeometry>
				<LineString>
					<tessellate>1</tessellate>
					<altitudeMode>absolute</altitudeMode>
					<coordinates>
						-164.267212,59.16673299999999,11887.2 -164.121185,59.189758,11887.2 
					</coordinates>
				</LineString>
			</MultiGeometry>
		</Placemark>
		<Placemark>
			<name>P-396</name>
			<visibility>0</visibility>
			<description><![CDATA[<div><div><span><b>Altitude:</b></span> <span>39,000 ft</span></div>
<div><span><b>Speed:</b></span> <span>478 kt - 480 kt</span></div>
<div><span><b>Timestamp:</b></span><br/><span>2023-12-04 05:58:26 UTC<br/>2023-12-04 05:58:59 UTC</span></div>
</div>]]></description>
			<Style>
				<LineStyle>
					<color>ffae00ff</color>
					<width>2</width>
				</LineStyle>
			</Style>
			<MultiGeometry>
				<LineString>
					<tessellate>1</tessellate>
					<altitudeMode>absolute</altitudeMode>
					<coordinates>
						-164.121185,59.189758,11887.2 -163.986572,59.210861,11887.2 
					</coordinates>
				</LineString>
			</MultiGeometry>
		</Placemark>
		<Placemark>
			<name>P-397</name>
			<visibility>0</visibility>
			<description><![CDATA[<div><div><span><b>Altitude:</b></span> <span>39,000 ft</span></div>
<div><span><b>Speed:</b></span> <span>480 kt</span></div>
<div><span><b>Timestamp:</b></span><br/><span>2023-12-04 05:58:59 UTC<br/>2023-12-04 05:59:29 UTC</span></div>
</div>]]></description>
			<Style>
				<LineStyle>
					<color>ffae00ff</color>
					<width>2</width>
				</LineStyle>
			</Style>
			<MultiGeometry>
				<LineString>
					<tessellate>1</tessellate>
					<altitudeMode>absolute</altitudeMode>
					<coordinates>
						-163.986572,59.210861,11887.2 -163.861649,59.23046100000001,11887.2 
					</coordinates>
				</LineString>
			</MultiGeometry>
		</Placemark>
		<Placemark>
			<name>P-398</name>
			<visibility>0</visibility>
			<description><![CDATA[<div><div><span><b>Altitude:</b></span> <span>39,000 ft - 39,025 ft</span></div>
<div><span><b>Speed:</b></span> <span>480 kt</span></div>
<div><span><b>Timestamp:</b></span><br/><span>2023-12-04 05:59:29 UTC<br/>2023-12-04 06:00:01 UTC</span></div>
</div>]]></description>
			<Style>
				<LineStyle>
					<color>ffae00ff</color>
					<width>2</width>
				</LineStyle>
			</Style>
			<MultiGeometry>
				<LineString>
					<tessellate>1</tessellate>
					<altitudeMode>absolute</altitudeMode>
					<coordinates>
						-163.861649,59.23046100000001,11887.2 -163.726959,59.251099,11894.82 
					</coordinates>
				</LineString>
			</MultiGeometry>
		</Placemark>
		<Placemark>
			<name>P-399</name>
			<visibility>0</visibility>
			<description><![CDATA[<div><div><span><b>Altitude:</b></span> <span>39,025 ft</span></div>
<div><span><b>Speed:</b></span> <span>480 kt - 481 kt</span></div>
<div><span><b>Timestamp:</b></span><br/><span>2023-12-04 06:00:01 UTC<br/>2023-12-04 06:00:33 UTC</span></div>
</div>]]></description>
			<Style>
				<LineStyle>
					<color>ffae00ff</color>
					<width>2</width>
				</LineStyle>
			</Style>
			<MultiGeometry>
				<LineString>
					<tessellate>1</tessellate>
					<altitudeMode>absolute</altitudeMode>
					<coordinates>
						-163.726959,59.251099,11894.82 -163.593811,59.27114900000001,11894.82 
					</coordinates>
				</LineString>
			</MultiGeometry>
		</Placemark>
		<Placemark>
			<name>P-400</name>
			<visibility>0</visibility>
			<description><![CDATA[<div><div><span><b>Altitude:</b></span> <span>39,025 ft</span></div>
<div><span><b>Speed:</b></span> <span>481 kt - 480 kt</span></div>
<div><span><b>Timestamp:</b></span><br/><span>2023-12-04 06:00:33 UTC<br/>2023-12-04 06:01:05 UTC</span></div>
</div>]]></description>
			<Style>
				<LineStyle>
					<color>ffae00ff</color>
					<width>2</width>
				</LineStyle>
			</Style>
			<MultiGeometry>
				<LineString>
					<tessellate>1</tessellate>
					<altitudeMode>absolute</altitudeMode>
					<coordinates>
						-163.593811,59.27114900000001,11894.82 -163.465759,59.290466,11894.82 
					</coordinates>
				</LineString>
			</MultiGeometry>
		</Placemark>
		<Placemark>
			<name>P-401</name>
			<visibility>0</visibility>
			<description><![CDATA[<div><div><span><b>Altitude:</b></span> <span>39,025 ft</span></div>
<div><span><b>Speed:</b></span> <span>480 kt - 479 kt</span></div>
<div><span><b>Timestamp:</b></span><br/><span>2023-12-04 06:01:05 UTC<br/>2023-12-04 06:01:37 UTC</span></div>
</div>]]></description>
			<Style>
				<LineStyle>
					<color>ffae00ff</color>
					<width>2</width>
				</LineStyle>
			</Style>
			<MultiGeometry>
				<LineString>
					<tessellate>1</tessellate>
					<altitudeMode>absolute</altitudeMode>
					<coordinates>
						-163.465759,59.290466,11894.82 -163.331726,59.310745,11894.82 
					</coordinates>
				</LineString>
			</MultiGeometry>
		</Placemark>
		<Placemark>
			<name>P-402</name>
			<visibility>0</visibility>
			<description><![CDATA[<div><div><span><b>Altitude:</b></span> <span>39,025 ft</span></div>
<div><span><b>Speed:</b></span> <span>479 kt</span></div>
<div><span><b>Timestamp:</b></span><br/><span>2023-12-04 06:01:37 UTC<br/>2023-12-04 06:02:07 UTC</span></div>
</div>]]></description>
			<Style>
				<LineStyle>
					<color>ffae00ff</color>
					<width>2</width>
				</LineStyle>
			</Style>
			<MultiGeometry>
				<LineString>
					<tessellate>1</tessellate>
					<altitudeMode>absolute</altitudeMode>
					<coordinates>
						-163.331726,59.310745,11894.82 -163.204468,59.329742,11894.82 
					</coordinates>
				</LineString>
			</MultiGeometry>
		</Placemark>
		<Placemark>
			<name>P-403</name>
			<visibility>0</visibility>
			<description><![CDATA[<div><div><span><b>Altitude:</b></span> <span>39,025 ft - 39,000 ft</span></div>
<div><span><b>Speed:</b></span> <span>479 kt - 478 kt</span></div>
<div><span><b>Timestamp:</b></span><br/><span>2023-12-04 06:02:07 UTC<br/>2023-12-04 06:02:38 UTC</span></div>
</div>]]></description>
			<Style>
				<LineStyle>
					<color>ffae00ff</color>
					<width>2</width>
				</LineStyle>
			</Style>
			<MultiGeometry>
				<LineString>
					<tessellate>1</tessellate>
					<altitudeMode>absolute</altitudeMode>
					<coordinates>
						-163.204468,59.329742,11894.82 -163.074921,59.34874,11887.2 
					</coordinates>
				</LineString>
			</MultiGeometry>
		</Placemark>
		<Placemark>
			<name>P-404</name>
			<visibility>0</visibility>
			<description><![CDATA[<div><div><span><b>Altitude:</b></span> <span>39,000 ft</span></div>
<div><span><b>Speed:</b></span> <span>478 kt - 477 kt</span></div>
<div><span><b>Timestamp:</b></span><br/><span>2023-12-04 06:02:38 UTC<br/>2023-12-04 06:03:10 UTC</span></div>
</div>]]></description>
			<Style>
				<LineStyle>
					<color>ffae00ff</color>
					<width>2</width>
				</LineStyle>
			</Style>
			<MultiGeometry>
				<LineString>
					<tessellate>1</tessellate>
					<altitudeMode>absolute</altitudeMode>
					<coordinates>
						-163.074921,59.34874,11887.2 -162.944107,59.36779000000001,11887.2 
					</coordinates>
				</LineString>
			</MultiGeometry>
		</Placemark>
		<Placemark>
			<name>P-405</name>
			<visibility>0</visibility>
			<description><![CDATA[<div><div><span><b>Altitude:</b></span> <span>39,000 ft</span></div>
<div><span><b>Speed:</b></span> <span>477 kt</span></div>
<div><span><b>Timestamp:</b></span><br/><span>2023-12-04 06:03:10 UTC<br/>2023-12-04 06:03:41 UTC</span></div>
</div>]]></description>
			<Style>
				<LineStyle>
					<color>ffae00ff</color>
					<width>2</width>
				</LineStyle>
			</Style>
			<MultiGeometry>
				<LineString>
					<tessellate>1</tessellate>
					<altitudeMode>absolute</altitudeMode>
					<coordinates>
						-162.944107,59.36779000000001,11887.2 -162.815765,59.386456,11887.2 
					</coordinates>
				</LineString>
			</MultiGeometry>
		</Placemark>
		<Placemark>
			<name>P-406</name>
			<visibility>0</visibility>
			<description><![CDATA[<div><div><span><b>Altitude:</b></span> <span>39,000 ft - 38,975 ft</span></div>
<div><span><b>Speed:</b></span> <span>477 kt - 476 kt</span></div>
<div><span><b>Timestamp:</b></span><br/><span>2023-12-04 06:03:41 UTC<br/>2023-12-04 06:04:12 UTC</span></div>
</div>]]></description>
			<Style>
				<LineStyle>
					<color>ffae00ff</color>
					<width>2</width>
				</LineStyle>
			</Style>
			<MultiGeometry>
				<LineString>
					<tessellate>1</tessellate>
					<altitudeMode>absolute</altitudeMode>
					<coordinates>
						-162.815765,59.386456,11887.2 -162.686096,59.405319,11879.58 
					</coordinates>
				</LineString>
			</MultiGeometry>
		</Placemark>
		<Placemark>
			<name>P-407</name>
			<visibility>0</visibility>
			<description><![CDATA[<div><div><span><b>Altitude:</b></span> <span>38,975 ft - 39,000 ft</span></div>
<div><span><b>Speed:</b></span> <span>476 kt - 475 kt</span></div>
<div><span><b>Timestamp:</b></span><br/><span>2023-12-04 06:04:12 UTC<br/>2023-12-04 06:04:43 UTC</span></div>
</div>]]></description>
			<Style>
				<LineStyle>
					<color>ffae00ff</color>
					<width>2</width>
				</LineStyle>
			</Style>
			<MultiGeometry>
				<LineString>
					<tessellate>1</tessellate>
					<altitudeMode>absolute</altitudeMode>
					<coordinates>
						-162.686096,59.405319,11879.58 -162.559204,59.42363,11887.2 
					</coordinates>
				</LineString>
			</MultiGeometry>
		</Placemark>
		<Placemark>
			<name>P-408</name>
			<visibility>0</visibility>
			<description><![CDATA[<div><div><span><b>Altitude:</b></span> <span>39,000 ft</span></div>
<div><span><b>Speed:</b></span> <span>475 kt</span></div>
<div><span><b>Timestamp:</b></span><br/><span>2023-12-04 06:04:43 UTC<br/>2023-12-04 06:05:14 UTC</span></div>
</div>]]></description>
			<Style>
				<LineStyle>
					<color>ffae00ff</color>
					<width>2</width>
				</LineStyle>
			</Style>
			<MultiGeometry>
				<LineString>
					<tessellate>1</tessellate>
					<altitudeMode>absolute</altitudeMode>
					<coordinates>
						-162.559204,59.42363,11887.2 -162.42984,59.44194,11887.2 
					</coordinates>
				</LineString>
			</MultiGeometry>
		</Placemark>
		<Placemark>
			<name>P-409</name>
			<visibility>0</visibility>
			<description><![CDATA[<div><div><span><b>Altitude:</b></span> <span>39,000 ft</span></div>
<div><span><b>Speed:</b></span> <span>475 kt - 476 kt</span></div>
<div><span><b>Timestamp:</b></span><br/><span>2023-12-04 06:05:14 UTC<br/>2023-12-04 06:05:45 UTC</span></div>
</div>]]></description>
			<Style>
				<LineStyle>
					<color>ffae00ff</color>
					<width>2</width>
				</LineStyle>
			</Style>
			<MultiGeometry>
				<LineString>
					<tessellate>1</tessellate>
					<altitudeMode>absolute</altitudeMode>
					<coordinates>
						-162.42984,59.44194,11887.2 -162.299408,59.46070900000001,11887.2 
					</coordinates>
				</LineString>
			</MultiGeometry>
		</Placemark>
		<Placemark>
			<name>P-410</name>
			<visibility>0</visibility>
			<description><![CDATA[<div><div><span><b>Altitude:</b></span> <span>39,000 ft</span></div>
<div><span><b>Speed:</b></span> <span>476 kt - 477 kt</span></div>
<div><span><b>Timestamp:</b></span><br/><span>2023-12-04 06:05:45 UTC<br/>2023-12-04 06:06:16 UTC</span></div>
</div>]]></description>
			<Style>
				<LineStyle>
					<color>ffae00ff</color>
					<width>2</width>
				</LineStyle>
			</Style>
			<MultiGeometry>
				<LineString>
					<tessellate>1</tessellate>
					<altitudeMode>absolute</altitudeMode>
					<coordinates>
						-162.299408,59.46070900000001,11887.2 -162.173645,59.482307,11887.2 
					</coordinates>
				</LineString>
			</MultiGeometry>
		</Placemark>
		<Placemark>
			<name>P-411</name>
			<visibility>0</visibility>
			<description><![CDATA[<div><div><span><b>Altitude:</b></span> <span>39,000 ft</span></div>
<div><span><b>Speed:</b></span> <span>477 kt - 478 kt</span></div>
<div><span><b>Timestamp:</b></span><br/><span>2023-12-04 06:06:16 UTC<br/>2023-12-04 06:06:47 UTC</span></div>
</div>]]></description>
			<Style>
				<LineStyle>
					<color>ffae00ff</color>
					<width>2</width>
				</LineStyle>
			</Style>
			<MultiGeometry>
				<LineString>
					<tessellate>1</tessellate>
					<altitudeMode>absolute</altitudeMode>
					<coordinates>
						-162.173645,59.482307,11887.2 -162.046967,59.503784,11887.2 
					</coordinates>
				</LineString>
			</MultiGeometry>
		</Placemark>
		<Placemark>
			<name>P-412</name>
			<visibility>0</visibility>
			<description><![CDATA[<div><div><span><b>Altitude:</b></span> <span>39,000 ft</span></div>
<div><span><b>Speed:</b></span> <span>478 kt</span></div>
<div><span><b>Timestamp:</b></span><br/><span>2023-12-04 06:06:47 UTC<br/>2023-12-04 06:07:21 UTC</span></div>
</div>]]></description>
			<Style>
				<LineStyle>
					<color>ffae00ff</color>
					<width>2</width>
				</LineStyle>
			</Style>
			<MultiGeometry>
				<LineString>
					<tessellate>1</tessellate>
					<altitudeMode>absolute</altitudeMode>
					<coordinates>
						-162.046967,59.503784,11887.2 -161.904953,59.527462,11887.2 
					</coordinates>
				</LineString>
			</MultiGeometry>
		</Placemark>
		<Placemark>
			<name>P-413</name>
			<visibility>0</visibility>
			<description><![CDATA[<div><div><span><b>Altitude:</b></span> <span>39,000 ft</span></div>
<div><span><b>Speed:</b></span> <span>478 kt</span></div>
<div><span><b>Timestamp:</b></span><br/><span>2023-12-04 06:07:21 UTC<br/>2023-12-04 06:07:53 UTC</span></div>
</div>]]></description>
			<Style>
				<LineStyle>
					<color>ffae00ff</color>
					<width>2</width>
				</LineStyle>
			</Style>
			<MultiGeometry>
				<LineString>
					<tessellate>1</tessellate>
					<altitudeMode>absolute</altitudeMode>
					<coordinates>
						-161.904953,59.527462,11887.2 -161.775513,59.549011,11887.2 
					</coordinates>
				</LineString>
			</MultiGeometry>
		</Placemark>
		<Placemark>
			<name>P-414</name>
			<visibility>0</visibility>
			<description><![CDATA[<div><div><span><b>Altitude:</b></span> <span>39,000 ft - 39,025 ft</span></div>
<div><span><b>Speed:</b></span> <span>478 kt - 477 kt</span></div>
<div><span><b>Timestamp:</b></span><br/><span>2023-12-04 06:07:53 UTC<br/>2023-12-04 06:08:24 UTC</span></div>
</div>]]></description>
			<Style>
				<LineStyle>
					<color>ffae00ff</color>
					<width>2</width>
				</LineStyle>
			</Style>
			<MultiGeometry>
				<LineString>
					<tessellate>1</tessellate>
					<altitudeMode>absolute</altitudeMode>
					<coordinates>
						-161.775513,59.549011,11887.2 -161.647247,59.57015200000001,11894.82 
					</coordinates>
				</LineString>
			</MultiGeometry>
		</Placemark>
		<Placemark>
			<name>P-415</name>
			<visibility>0</visibility>
			<description><![CDATA[<div><div><span><b>Altitude:</b></span> <span>39,025 ft - 39,000 ft</span></div>
<div><span><b>Speed:</b></span> <span>477 kt</span></div>
<div><span><b>Timestamp:</b></span><br/><span>2023-12-04 06:08:24 UTC<br/>2023-12-04 06:08:55 UTC</span></div>
</div>]]></description>
			<Style>
				<LineStyle>
					<color>ffae00ff</color>
					<width>2</width>
				</LineStyle>
			</Style>
			<MultiGeometry>
				<LineString>
					<tessellate>1</tessellate>
					<altitudeMode>absolute</altitudeMode>
					<coordinates>
						-161.647247,59.57015200000001,11894.82 -161.519073,59.591125,11887.2 
					</coordinates>
				</LineString>
			</MultiGeometry>
		</Placemark>
		<Placemark>
			<name>P-416</name>
			<visibility>0</visibility>
			<description><![CDATA[<div><div><span><b>Altitude:</b></span> <span>39,000 ft</span></div>
<div><span><b>Speed:</b></span> <span>477 kt - 476 kt</span></div>
<div><span><b>Timestamp:</b></span><br/><span>2023-12-04 06:08:55 UTC<br/>2023-12-04 06:09:26 UTC</span></div>
</div>]]></description>
			<Style>
				<LineStyle>
					<color>ffae00ff</color>
					<width>2</width>
				</LineStyle>
			</Style>
			<MultiGeometry>
				<LineString>
					<tessellate>1</tessellate>
					<altitudeMode>absolute</altitudeMode>
					<coordinates>
						-161.519073,59.591125,11887.2 -161.389526,59.612091,11887.2 
					</coordinates>
				</LineString>
			</MultiGeometry>
		</Placemark>
		<Placemark>
			<name>P-417</name>
			<visibility>0</visibility>
			<description><![CDATA[<div><div><span><b>Altitude:</b></span> <span>39,000 ft</span></div>
<div><span><b>Speed:</b></span> <span>476 kt - 475 kt</span></div>
<div><span><b>Timestamp:</b></span><br/><span>2023-12-04 06:09:26 UTC<br/>2023-12-04 06:09:57 UTC</span></div>
</div>]]></description>
			<Style>
				<LineStyle>
					<color>ffae00ff</color>
					<width>2</width>
				</LineStyle>
			</Style>
			<MultiGeometry>
				<LineString>
					<tessellate>1</tessellate>
					<altitudeMode>absolute</altitudeMode>
					<coordinates>
						-161.389526,59.612091,11887.2 -161.263474,59.63234700000001,11887.2 
					</coordinates>
				</LineString>
			</MultiGeometry>
		</Placemark>
		<Placemark>
			<name>P-418</name>
			<visibility>0</visibility>
			<description><![CDATA[<div><div><span><b>Altitude:</b></span> <span>39,000 ft</span></div>
<div><span><b>Speed:</b></span> <span>475 kt</span></div>
<div><span><b>Timestamp:</b></span><br/><span>2023-12-04 06:09:57 UTC<br/>2023-12-04 06:10:28 UTC</span></div>
</div>]]></description>
			<Style>
				<LineStyle>
					<color>ffae00ff</color>
					<width>2</width>
				</LineStyle>
			</Style>
			<MultiGeometry>
				<LineString>
					<tessellate>1</tessellate>
					<altitudeMode>absolute</altitudeMode>
					<coordinates>
						-161.263474,59.63234700000001,11887.2 -161.133728,59.652874,11887.2 
					</coordinates>
				</LineString>
			</MultiGeometry>
		</Placemark>
		<Placemark>
			<name>P-419</name>
			<visibility>0</visibility>
			<description><![CDATA[<div><div><span><b>Altitude:</b></span> <span>39,000 ft</span></div>
<div><span><b>Speed:</b></span> <span>475 kt</span></div>
<div><span><b>Timestamp:</b></span><br/><span>2023-12-04 06:10:28 UTC<br/>2023-12-04 06:10:59 UTC</span></div>
</div>]]></description>
			<Style>
				<LineStyle>
					<color>ffae00ff</color>
					<width>2</width>
				</LineStyle>
			</Style>
			<MultiGeometry>
				<LineString>
					<tessellate>1</tessellate>
					<altitudeMode>absolute</altitudeMode>
					<coordinates>
						-161.133728,59.652874,11887.2 -161.004639,59.673523,11887.2 
					</coordinates>
				</LineString>
			</MultiGeometry>
		</Placemark>
		<Placemark>
			<name>P-420</name>
			<visibility>0</visibility>
			<description><![CDATA[<div><div><span><b>Altitude:</b></span> <span>39,000 ft</span></div>
<div><span><b>Speed:</b></span> <span>475 kt - 476 kt</span></div>
<div><span><b>Timestamp:</b></span><br/><span>2023-12-04 06:10:59 UTC<br/>2023-12-04 06:11:31 UTC</span></div>
</div>]]></description>
			<Style>
				<LineStyle>
					<color>ffae00ff</color>
					<width>2</width>
				</LineStyle>
			</Style>
			<MultiGeometry>
				<LineString>
					<tessellate>1</tessellate>
					<altitudeMode>absolute</altitudeMode>
					<coordinates>
						-161.004639,59.673523,11887.2 -160.874908,59.69403100000001,11887.2 
					</coordinates>
				</LineString>
			</MultiGeometry>
		</Placemark>
		<Placemark>
			<name>P-421</name>
			<visibility>0</visibility>
			<description><![CDATA[<div><div><span><b>Altitude:</b></span> <span>39,000 ft</span></div>
<div><span><b>Speed:</b></span> <span>476 kt - 477 kt</span></div>
<div><span><b>Timestamp:</b></span><br/><span>2023-12-04 06:11:31 UTC<br/>2023-12-04 06:12:02 UTC</span></div>
</div>]]></description>
			<Style>
				<LineStyle>
					<color>ffae00ff</color>
					<width>2</width>
				</LineStyle>
			</Style>
			<MultiGeometry>
				<LineString>
					<tessellate>1</tessellate>
					<altitudeMode>absolute</altitudeMode>
					<coordinates>
						-160.874908,59.69403100000001,11887.2 -160.744446,59.71440100000001,11887.2 
					</coordinates>
				</LineString>
			</MultiGeometry>
		</Placemark>
		<Placemark>
			<name>P-422</name>
			<visibility>0</visibility>
			<description><![CDATA[<div><div><span><b>Altitude:</b></span> <span>39,000 ft</span></div>
<div><span><b>Speed:</b></span> <span>477 kt</span></div>
<div><span><b>Timestamp:</b></span><br/><span>2023-12-04 06:12:02 UTC<br/>2023-12-04 06:12:33 UTC</span></div>
</div>]]></description>
			<Style>
				<LineStyle>
					<color>ffae00ff</color>
					<width>2</width>
				</LineStyle>
			</Style>
			<MultiGeometry>
				<LineString>
					<tessellate>1</tessellate>
					<altitudeMode>absolute</altitudeMode>
					<coordinates>
						-160.744446,59.71440100000001,11887.2 -160.613388,59.734715,11887.2 
					</coordinates>
				</LineString>
			</MultiGeometry>
		</Placemark>
		<Placemark>
			<name>P-423</name>
			<visibility>0</visibility>
			<description><![CDATA[<div><div><span><b>Altitude:</b></span> <span>39,000 ft</span></div>
<div><span><b>Speed:</b></span> <span>477 kt - 476 kt</span></div>
<div><span><b>Timestamp:</b></span><br/><span>2023-12-04 06:12:33 UTC<br/>2023-12-04 06:13:04 UTC</span></div>
</div>]]></description>
			<Style>
				<LineStyle>
					<color>ffae00ff</color>
					<width>2</width>
				</LineStyle>
			</Style>
			<MultiGeometry>
				<LineString>
					<tessellate>1</tessellate>
					<altitudeMode>absolute</altitudeMode>
					<coordinates>
						-160.613388,59.734715,11887.2 -160.485062,59.754639,11887.2 
					</coordinates>
				</LineString>
			</MultiGeometry>
		</Placemark>
		<Placemark>
			<name>P-424</name>
			<visibility>0</visibility>
			<description><![CDATA[<div><div><span><b>Altitude:</b></span> <span>39,000 ft - 38,975 ft</span></div>
<div><span><b>Speed:</b></span> <span>476 kt - 478 kt</span></div>
<div><span><b>Timestamp:</b></span><br/><span>2023-12-04 06:13:04 UTC<br/>2023-12-04 06:13:36 UTC</span></div>
</div>]]></description>
			<Style>
				<LineStyle>
					<color>ffae00ff</color>
					<width>2</width>
				</LineStyle>
			</Style>
			<MultiGeometry>
				<LineString>
					<tessellate>1</tessellate>
					<altitudeMode>absolute</altitudeMode>
					<coordinates>
						-160.485062,59.754639,11887.2 -160.353226,59.774841,11879.58 
					</coordinates>
				</LineString>
			</MultiGeometry>
		</Placemark>
		<Placemark>
			<name>P-425</name>
			<visibility>0</visibility>
			<description><![CDATA[<div><div><span><b>Altitude:</b></span> <span>38,975 ft - 39,000 ft</span></div>
<div><span><b>Speed:</b></span> <span>478 kt</span></div>
<div><span><b>Timestamp:</b></span><br/><span>2023-12-04 06:13:36 UTC<br/>2023-12-04 06:14:06 UTC</span></div>
</div>]]></description>
			<Style>
				<LineStyle>
					<color>ffae00ff</color>
					<width>2</width>
				</LineStyle>
			</Style>
			<MultiGeometry>
				<LineString>
					<tessellate>1</tessellate>
					<altitudeMode>absolute</altitudeMode>
					<coordinates>
						-160.353226,59.774841,11879.58 -160.225067,59.793869,11887.2 
					</coordinates>
				</LineString>
			</MultiGeometry>
		</Placemark>
		<Placemark>
			<name>P-426</name>
			<visibility>0</visibility>
			<description><![CDATA[<div><div><span><b>Altitude:</b></span> <span>39,000 ft</span></div>
<div><span><b>Speed:</b></span> <span>478 kt - 479 kt</span></div>
<div><span><b>Timestamp:</b></span><br/><span>2023-12-04 06:14:06 UTC<br/>2023-12-04 06:14:38 UTC</span></div>
</div>]]></description>
			<Style>
				<LineStyle>
					<color>ffae00ff</color>
					<width>2</width>
				</LineStyle>
			</Style>
			<MultiGeometry>
				<LineString>
					<tessellate>1</tessellate>
					<altitudeMode>absolute</altitudeMode>
					<coordinates>
						-160.225067,59.793869,11887.2 -160.092773,59.813919,11887.2 
					</coordinates>
				</LineString>
			</MultiGeometry>
		</Placemark>
		<Placemark>
			<name>P-427</name>
			<visibility>0</visibility>
			<description><![CDATA[<div><div><span><b>Altitude:</b></span> <span>39,000 ft - 39,025 ft</span></div>
<div><span><b>Speed:</b></span> <span>479 kt</span></div>
<div><span><b>Timestamp:</b></span><br/><span>2023-12-04 06:14:38 UTC<br/>2023-12-04 06:15:09 UTC</span></div>
</div>]]></description>
			<Style>
				<LineStyle>
					<color>ffae00ff</color>
					<width>2</width>
				</LineStyle>
			</Style>
			<MultiGeometry>
				<LineString>
					<tessellate>1</tessellate>
					<altitudeMode>absolute</altitudeMode>
					<coordinates>
						-160.092773,59.813919,11887.2 -159.962219,59.833466,11894.82 
					</coordinates>
				</LineString>
			</MultiGeometry>
		</Placemark>
		<Placemark>
			<name>P-428</name>
			<visibility>0</visibility>
			<description><![CDATA[<div><div><span><b>Altitude:</b></span> <span>39,025 ft</span></div>
<div><span><b>Speed:</b></span> <span>479 kt</span></div>
<div><span><b>Timestamp:</b></span><br/><span>2023-12-04 06:15:09 UTC<br/>2023-12-04 06:15:40 UTC</span></div>
</div>]]></description>
			<Style>
				<LineStyle>
					<color>ffae00ff</color>
					<width>2</width>
				</LineStyle>
			</Style>
			<MultiGeometry>
				<LineString>
					<tessellate>1</tessellate>
					<altitudeMode>absolute</altitudeMode>
					<coordinates>
						-159.962219,59.833466,11894.82 -159.830017,59.853149,11894.82 
					</coordinates>
				</LineString>
			</MultiGeometry>
		</Placemark>
		<Placemark>
			<name>P-429</name>
			<visibility>0</visibility>
			<description><![CDATA[<div><div><span><b>Altitude:</b></span> <span>39,025 ft - 39,000 ft</span></div>
<div><span><b>Speed:</b></span> <span>479 kt</span></div>
<div><span><b>Timestamp:</b></span><br/><span>2023-12-04 06:15:40 UTC<br/>2023-12-04 06:16:12 UTC</span></div>
</div>]]></description>
			<Style>
				<LineStyle>
					<color>ffae00ff</color>
					<width>2</width>
				</LineStyle>
			</Style>
			<MultiGeometry>
				<LineString>
					<tessellate>1</tessellate>
					<altitudeMode>absolute</altitudeMode>
					<coordinates>
						-159.830017,59.853149,11894.82 -159.697906,59.872192,11887.2 
					</coordinates>
				</LineString>
			</MultiGeometry>
		</Placemark>
		<Placemark>
			<name>P-430</name>
			<visibility>0</visibility>
			<description><![CDATA[<div><div><span><b>Altitude:</b></span> <span>39,000 ft</span></div>
<div><span><b>Speed:</b></span> <span>479 kt - 478 kt</span></div>
<div><span><b>Timestamp:</b></span><br/><span>2023-12-04 06:16:12 UTC<br/>2023-12-04 06:16:43 UTC</span></div>
</div>]]></description>
			<Style>
				<LineStyle>
					<color>ffae00ff</color>
					<width>2</width>
				</LineStyle>
			</Style>
			<MultiGeometry>
				<LineString>
					<tessellate>1</tessellate>
					<altitudeMode>absolute</altitudeMode>
					<coordinates>
						-159.697906,59.872192,11887.2 -159.565811,59.891224,11887.2 
					</coordinates>
				</LineString>
			</MultiGeometry>
		</Placemark>
		<Placemark>
			<name>P-431</name>
			<visibility>0</visibility>
			<description><![CDATA[<div><div><span><b>Altitude:</b></span> <span>39,000 ft</span></div>
<div><span><b>Speed:</b></span> <span>478 kt - 479 kt</span></div>
<div><span><b>Timestamp:</b></span><br/><span>2023-12-04 06:16:43 UTC<br/>2023-12-04 06:17:14 UTC</span></div>
</div>]]></description>
			<Style>
				<LineStyle>
					<color>ffae00ff</color>
					<width>2</width>
				</LineStyle>
			</Style>
			<MultiGeometry>
				<LineString>
					<tessellate>1</tessellate>
					<altitudeMode>absolute</altitudeMode>
					<coordinates>
						-159.565811,59.891224,11887.2 -159.433304,59.910404,11887.2 
					</coordinates>
				</LineString>
			</MultiGeometry>
		</Placemark>
		<Placemark>
			<name>P-432</name>
			<visibility>0</visibility>
			<description><![CDATA[<div><div><span><b>Altitude:</b></span> <span>39,000 ft</span></div>
<div><span><b>Speed:</b></span> <span>479 kt</span></div>
<div><span><b>Timestamp:</b></span><br/><span>2023-12-04 06:17:14 UTC<br/>2023-12-04 06:17:46 UTC</span></div>
</div>]]></description>
			<Style>
				<LineStyle>
					<color>ffae00ff</color>
					<width>2</width>
				</LineStyle>
			</Style>
			<MultiGeometry>
				<LineString>
					<tessellate>1</tessellate>
					<altitudeMode>absolute</altitudeMode>
					<coordinates>
						-159.433304,59.910404,11887.2 -159.302048,59.929581,11887.2 
					</coordinates>
				</LineString>
			</MultiGeometry>
		</Placemark>
		<Placemark>
			<name>P-433</name>
			<visibility>0</visibility>
			<description><![CDATA[<div><div><span><b>Altitude:</b></span> <span>39,000 ft</span></div>
<div><span><b>Speed:</b></span> <span>479 kt</span></div>
<div><span><b>Timestamp:</b></span><br/><span>2023-12-04 06:17:46 UTC<br/>2023-12-04 06:18:17 UTC</span></div>
</div>]]></description>
			<Style>
				<LineStyle>
					<color>ffae00ff</color>
					<width>2</width>
				</LineStyle>
			</Style>
			<MultiGeometry>
				<LineString>
					<tessellate>1</tessellate>
					<altitudeMode>absolute</altitudeMode>
					<coordinates>
						-159.302048,59.929581,11887.2 -159.166992,59.948856,11887.2 
					</coordinates>
				</LineString>
			</MultiGeometry>
		</Placemark>
		<Placemark>
			<name>P-434</name>
			<visibility>0</visibility>
			<description><![CDATA[<div><div><span><b>Altitude:</b></span> <span>39,000 ft</span></div>
<div><span><b>Speed:</b></span> <span>479 kt - 480 kt</span></div>
<div><span><b>Timestamp:</b></span><br/><span>2023-12-04 06:18:17 UTC<br/>2023-12-04 06:18:49 UTC</span></div>
</div>]]></description>
			<Style>
				<LineStyle>
					<color>ffae00ff</color>
					<width>2</width>
				</LineStyle>
			</Style>
			<MultiGeometry>
				<LineString>
					<tessellate>1</tessellate>
					<altitudeMode>absolute</altitudeMode>
					<coordinates>
						-159.166992,59.948856,11887.2 -159.033279,59.967663,11887.2 
					</coordinates>
				</LineString>
			</MultiGeometry>
		</Placemark>
		<Placemark>
			<name>P-435</name>
			<visibility>0</visibility>
			<description><![CDATA[<div><div><span><b>Altitude:</b></span> <span>39,000 ft</span></div>
<div><span><b>Speed:</b></span> <span>480 kt - 481 kt</span></div>
<div><span><b>Timestamp:</b></span><br/><span>2023-12-04 06:18:49 UTC<br/>2023-12-04 06:19:20 UTC</span></div>
</div>]]></description>
			<Style>
				<LineStyle>
					<color>ffae00ff</color>
					<width>2</width>
				</LineStyle>
			</Style>
			<MultiGeometry>
				<LineString>
					<tessellate>1</tessellate>
					<altitudeMode>absolute</altitudeMode>
					<coordinates>
						-159.033279,59.967663,11887.2 -158.89978,59.98632799999999,11887.2 
					</coordinates>
				</LineString>
			</MultiGeometry>
		</Placemark>
		<Placemark>
			<name>P-436</name>
			<visibility>0</visibility>
			<description><![CDATA[<div><div><span><b>Altitude:</b></span> <span>39,000 ft</span></div>
<div><span><b>Speed:</b></span> <span>481 kt</span></div>
<div><span><b>Timestamp:</b></span><br/><span>2023-12-04 06:19:20 UTC<br/>2023-12-04 06:19:52 UTC</span></div>
</div>]]></description>
			<Style>
				<LineStyle>
					<color>ffae00ff</color>
					<width>2</width>
				</LineStyle>
			</Style>
			<MultiGeometry>
				<LineString>
					<tessellate>1</tessellate>
					<altitudeMode>absolute</altitudeMode>
					<coordinates>
						-158.89978,59.98632799999999,11887.2 -158.765518,60.00512700000001,11887.2 
					</coordinates>
				</LineString>
			</MultiGeometry>
		</Placemark>
		<Placemark>
			<name>P-437</name>
			<visibility>0</visibility>
			<description><![CDATA[<div><div><span><b>Altitude:</b></span> <span>39,000 ft</span></div>
<div><span><b>Speed:</b></span> <span>481 kt - 482 kt</span></div>
<div><span><b>Timestamp:</b></span><br/><span>2023-12-04 06:19:52 UTC<br/>2023-12-04 06:20:23 UTC</span></div>
</div>]]></description>
			<Style>
				<LineStyle>
					<color>ffae00ff</color>
					<width>2</width>
				</LineStyle>
			</Style>
			<MultiGeometry>
				<LineString>
					<tessellate>1</tessellate>
					<altitudeMode>absolute</altitudeMode>
					<coordinates>
						-158.765518,60.00512700000001,11887.2 -158.630615,60.02375800000001,11887.2 
					</coordinates>
				</LineString>
			</MultiGeometry>
		</Placemark>
		<Placemark>
			<name>P-438</name>
			<visibility>0</visibility>
			<description><![CDATA[<div><div><span><b>Altitude:</b></span> <span>39,000 ft</span></div>
<div><span><b>Speed:</b></span> <span>482 kt - 483 kt</span></div>
<div><span><b>Timestamp:</b></span><br/><span>2023-12-04 06:20:23 UTC<br/>2023-12-04 06:20:55 UTC</span></div>
</div>]]></description>
			<Style>
				<LineStyle>
					<color>ffae00ff</color>
					<width>2</width>
				</LineStyle>
			</Style>
			<MultiGeometry>
				<LineString>
					<tessellate>1</tessellate>
					<altitudeMode>absolute</altitudeMode>
					<coordinates>
						-158.630615,60.02375800000001,11887.2 -158.494919,60.042297,11887.2 
					</coordinates>
				</LineString>
			</MultiGeometry>
		</Placemark>
		<Placemark>
			<name>P-439</name>
			<visibility>0</visibility>
			<description><![CDATA[<div><div><span><b>Altitude:</b></span> <span>39,000 ft - 39,025 ft</span></div>
<div><span><b>Speed:</b></span> <span>483 kt - 482 kt</span></div>
<div><span><b>Timestamp:</b></span><br/><span>2023-12-04 06:20:55 UTC<br/>2023-12-04 06:21:26 UTC</span></div>
</div>]]></description>
			<Style>
				<LineStyle>
					<color>ffae00ff</color>
					<width>2</width>
				</LineStyle>
			</Style>
			<MultiGeometry>
				<LineString>
					<tessellate>1</tessellate>
					<altitudeMode>absolute</altitudeMode>
					<coordinates>
						-158.494919,60.042297,11887.2 -158.36145,60.060299,11894.82 
					</coordinates>
				</LineString>
			</MultiGeometry>
		</Placemark>
		<Placemark>
			<name>P-440</name>
			<visibility>0</visibility>
			<description><![CDATA[<div><div><span><b>Altitude:</b></span> <span>39,025 ft</span></div>
<div><span><b>Speed:</b></span> <span>482 kt</span></div>
<div><span><b>Timestamp:</b></span><br/><span>2023-12-04 06:21:26 UTC<br/>2023-12-04 06:21:58 UTC</span></div>
</div>]]></description>
			<Style>
				<LineStyle>
					<color>ffae00ff</color>
					<width>2</width>
				</LineStyle>
			</Style>
			<MultiGeometry>
				<LineString>
					<tessellate>1</tessellate>
					<altitudeMode>absolute</altitudeMode>
					<coordinates>
						-158.36145,60.060299,11894.82 -158.224899,60.078457,11894.82 
					</coordinates>
				</LineString>
			</MultiGeometry>
		</Placemark>
		<Placemark>
			<name>P-441</name>
			<visibility>0</visibility>
			<description><![CDATA[<div><div><span><b>Altitude:</b></span> <span>39,025 ft</span></div>
<div><span><b>Speed:</b></span> <span>482 kt - 481 kt</span></div>
<div><span><b>Timestamp:</b></span><br/><span>2023-12-04 06:21:58 UTC<br/>2023-12-04 06:22:29 UTC</span></div>
</div>]]></description>
			<Style>
				<LineStyle>
					<color>ffae00ff</color>
					<width>2</width>
				</LineStyle>
			</Style>
			<MultiGeometry>
				<LineString>
					<tessellate>1</tessellate>
					<altitudeMode>absolute</altitudeMode>
					<coordinates>
						-158.224899,60.078457,11894.82 -158.090118,60.0961,11894.82 
					</coordinates>
				</LineString>
			</MultiGeometry>
		</Placemark>
		<Placemark>
			<name>P-442</name>
			<visibility>0</visibility>
			<description><![CDATA[<div><div><span><b>Altitude:</b></span> <span>39,025 ft - 39,000 ft</span></div>
<div><span><b>Speed:</b></span> <span>481 kt</span></div>
<div><span><b>Timestamp:</b></span><br/><span>2023-12-04 06:22:29 UTC<br/>2023-12-04 06:23:01 UTC</span></div>
</div>]]></description>
			<Style>
				<LineStyle>
					<color>ffae00ff</color>
					<width>2</width>
				</LineStyle>
			</Style>
			<MultiGeometry>
				<LineString>
					<tessellate>1</tessellate>
					<altitudeMode>absolute</altitudeMode>
					<coordinates>
						-158.090118,60.0961,11894.82 -157.953674,60.114021,11887.2 
					</coordinates>
				</LineString>
			</MultiGeometry>
		</Placemark>
		<Placemark>
			<name>P-443</name>
			<visibility>0</visibility>
			<description><![CDATA[<div><div><span><b>Altitude:</b></span> <span>39,000 ft</span></div>
<div><span><b>Speed:</b></span> <span>481 kt</span></div>
<div><span><b>Timestamp:</b></span><br/><span>2023-12-04 06:23:01 UTC<br/>2023-12-04 06:23:32 UTC</span></div>
</div>]]></description>
			<Style>
				<LineStyle>
					<color>ffae00ff</color>
					<width>2</width>
				</LineStyle>
			</Style>
			<MultiGeometry>
				<LineString>
					<tessellate>1</tessellate>
					<altitudeMode>absolute</altitudeMode>
					<coordinates>
						-157.953674,60.114021,11887.2 -157.816803,60.131927,11887.2 
					</coordinates>
				</LineString>
			</MultiGeometry>
		</Placemark>
		<Placemark>
			<name>P-444</name>
			<visibility>0</visibility>
			<description><![CDATA[<div><div><span><b>Altitude:</b></span> <span>39,000 ft - 38,975 ft</span></div>
<div><span><b>Speed:</b></span> <span>481 kt - 482 kt</span></div>
<div><span><b>Timestamp:</b></span><br/><span>2023-12-04 06:23:32 UTC<br/>2023-12-04 06:24:04 UTC</span></div>
</div>]]></description>
			<Style>
				<LineStyle>
					<color>ffae00ff</color>
					<width>2</width>
				</LineStyle>
			</Style>
			<MultiGeometry>
				<LineString>
					<tessellate>1</tessellate>
					<altitudeMode>absolute</altitudeMode>
					<coordinates>
						-157.816803,60.131927,11887.2 -157.679123,60.14996,11879.58 
					</coordinates>
				</LineString>
			</MultiGeometry>
		</Placemark>
		<Placemark>
			<name>P-445</name>
			<visibility>0</visibility>
			<description><![CDATA[<div><div><span><b>Altitude:</b></span> <span>38,975 ft</span></div>
<div><span><b>Speed:</b></span> <span>482 kt</span></div>
<div><span><b>Timestamp:</b></span><br/><span>2023-12-04 06:24:04 UTC<br/>2023-12-04 06:24:35 UTC</span></div>
</div>]]></description>
			<Style>
				<LineStyle>
					<color>ffae00ff</color>
					<width>2</width>
				</LineStyle>
			</Style>
			<MultiGeometry>
				<LineString>
					<tessellate>1</tessellate>
					<altitudeMode>absolute</altitudeMode>
					<coordinates>
						-157.679123,60.14996,11879.58 -157.545456,60.16712999999999,11879.58 
					</coordinates>
				</LineString>
			</MultiGeometry>
		</Placemark>
		<Placemark>
			<name>P-446</name>
			<visibility>0</visibility>
			<description><![CDATA[<div><div><span><b>Altitude:</b></span> <span>38,975 ft - 39,000 ft</span></div>
<div><span><b>Speed:</b></span> <span>482 kt</span></div>
<div><span><b>Timestamp:</b></span><br/><span>2023-12-04 06:24:35 UTC<br/>2023-12-04 06:25:08 UTC</span></div>
</div>]]></description>
			<Style>
				<LineStyle>
					<color>ffae00ff</color>
					<width>2</width>
				</LineStyle>
			</Style>
			<MultiGeometry>
				<LineString>
					<tessellate>1</tessellate>
					<altitudeMode>absolute</altitudeMode>
					<coordinates>
						-157.545456,60.16712999999999,11879.58 -157.40564,60.184967,11887.2 
					</coordinates>
				</LineString>
			</MultiGeometry>
		</Placemark>
		<Placemark>
			<name>P-447</name>
			<visibility>0</visibility>
			<description><![CDATA[<div><div><span><b>Altitude:</b></span> <span>39,000 ft</span></div>
<div><span><b>Speed:</b></span> <span>482 kt</span></div>
<div><span><b>Timestamp:</b></span><br/><span>2023-12-04 06:25:08 UTC<br/>2023-12-04 06:25:40 UTC</span></div>
</div>]]></description>
			<Style>
				<LineStyle>
					<color>ffae00ff</color>
					<width>2</width>
				</LineStyle>
			</Style>
			<MultiGeometry>
				<LineString>
					<tessellate>1</tessellate>
					<altitudeMode>absolute</altitudeMode>
					<coordinates>
						-157.40564,60.184967,11887.2 -157.266449,60.202103,11887.2 
					</coordinates>
				</LineString>
			</MultiGeometry>
		</Placemark>
		<Placemark>
			<name>P-448</name>
			<visibility>0</visibility>
			<description><![CDATA[<div><div><span><b>Altitude:</b></span> <span>39,000 ft</span></div>
<div><span><b>Speed:</b></span> <span>482 kt - 484 kt</span></div>
<div><span><b>Timestamp:</b></span><br/><span>2023-12-04 06:25:40 UTC<br/>2023-12-04 06:26:12 UTC</span></div>
</div>]]></description>
			<Style>
				<LineStyle>
					<color>ffae00ff</color>
					<width>2</width>
				</LineStyle>
			</Style>
			<MultiGeometry>
				<LineString>
					<tessellate>1</tessellate>
					<altitudeMode>absolute</altitudeMode>
					<coordinates>
						-157.266449,60.202103,11887.2 -157.12735,60.219418,11887.2 
					</coordinates>
				</LineString>
			</MultiGeometry>
		</Placemark>
		<Placemark>
			<name>P-449</name>
			<visibility>0</visibility>
			<description><![CDATA[<div><div><span><b>Altitude:</b></span> <span>39,000 ft</span></div>
<div><span><b>Speed:</b></span> <span>484 kt</span></div>
<div><span><b>Timestamp:</b></span><br/><span>2023-12-04 06:26:12 UTC<br/>2023-12-04 06:26:43 UTC</span></div>
</div>]]></description>
			<Style>
				<LineStyle>
					<color>ffae00ff</color>
					<width>2</width>
				</LineStyle>
			</Style>
			<MultiGeometry>
				<LineString>
					<tessellate>1</tessellate>
					<altitudeMode>absolute</altitudeMode>
					<coordinates>
						-157.12735,60.219418,11887.2 -156.989609,60.236664,11887.2 
					</coordinates>
				</LineString>
			</MultiGeometry>
		</Placemark>
		<Placemark>
			<name>P-450</name>
			<visibility>0</visibility>
			<description><![CDATA[<div><div><span><b>Altitude:</b></span> <span>39,000 ft</span></div>
<div><span><b>Speed:</b></span> <span>484 kt - 485 kt</span></div>
<div><span><b>Timestamp:</b></span><br/><span>2023-12-04 06:26:43 UTC<br/>2023-12-04 06:27:15 UTC</span></div>
</div>]]></description>
			<Style>
				<LineStyle>
					<color>ffae00ff</color>
					<width>2</width>
				</LineStyle>
			</Style>
			<MultiGeometry>
				<LineString>
					<tessellate>1</tessellate>
					<altitudeMode>absolute</altitudeMode>
					<coordinates>
						-156.989609,60.236664,11887.2 -156.852753,60.25351,11887.2 
					</coordinates>
				</LineString>
			</MultiGeometry>
		</Placemark>
		<Placemark>
			<name>P-451</name>
			<visibility>0</visibility>
			<description><![CDATA[<div><div><span><b>Altitude:</b></span> <span>39,000 ft</span></div>
<div><span><b>Speed:</b></span> <span>485 kt</span></div>
<div><span><b>Timestamp:</b></span><br/><span>2023-12-04 06:27:15 UTC<br/>2023-12-04 06:27:47 UTC</span></div>
</div>]]></description>
			<Style>
				<LineStyle>
					<color>ffae00ff</color>
					<width>2</width>
				</LineStyle>
			</Style>
			<MultiGeometry>
				<LineString>
					<tessellate>1</tessellate>
					<altitudeMode>absolute</altitudeMode>
					<coordinates>
						-156.852753,60.25351,11887.2 -156.712204,60.270264,11887.2 
					</coordinates>
				</LineString>
			</MultiGeometry>
		</Placemark>
		<Placemark>
			<name>P-452</name>
			<visibility>0</visibility>
			<description><![CDATA[<div><div><span><b>Altitude:</b></span> <span>39,000 ft - 39,025 ft</span></div>
<div><span><b>Speed:</b></span> <span>485 kt</span></div>
<div><span><b>Timestamp:</b></span><br/><span>2023-12-04 06:27:47 UTC<br/>2023-12-04 06:28:19 UTC</span></div>
</div>]]></description>
			<Style>
				<LineStyle>
					<color>ffae00ff</color>
					<width>2</width>
				</LineStyle>
			</Style>
			<MultiGeometry>
				<LineString>
					<tessellate>1</tessellate>
					<altitudeMode>absolute</altitudeMode>
					<coordinates>
						-156.712204,60.270264,11887.2 -156.569397,60.287151,11894.82 
					</coordinates>
				</LineString>
			</MultiGeometry>
		</Placemark>
		<Placemark>
			<name>P-453</name>
			<visibility>0</visibility>
			<description><![CDATA[<div><div><span><b>Altitude:</b></span> <span>39,025 ft</span></div>
<div><span><b>Speed:</b></span> <span>485 kt - 483 kt</span></div>
<div><span><b>Timestamp:</b></span><br/><span>2023-12-04 06:28:19 UTC<br/>2023-12-04 06:28:50 UTC</span></div>
</div>]]></description>
			<Style>
				<LineStyle>
					<color>ffae00ff</color>
					<width>2</width>
				</LineStyle>
			</Style>
			<MultiGeometry>
				<LineString>
					<tessellate>1</tessellate>
					<altitudeMode>absolute</altitudeMode>
					<coordinates>
						-156.569397,60.287151,11894.82 -156.433945,60.30358900000001,11894.82 
					</coordinates>
				</LineString>
			</MultiGeometry>
		</Placemark>
		<Placemark>
			<name>P-454</name>
			<visibility>0</visibility>
			<description><![CDATA[<div><div><span><b>Altitude:</b></span> <span>39,025 ft</span></div>
<div><span><b>Speed:</b></span> <span>483 kt - 481 kt</span></div>
<div><span><b>Timestamp:</b></span><br/><span>2023-12-04 06:28:50 UTC<br/>2023-12-04 06:29:24 UTC</span></div>
</div>]]></description>
			<Style>
				<LineStyle>
					<color>ffae00ff</color>
					<width>2</width>
				</LineStyle>
			</Style>
			<MultiGeometry>
				<LineString>
					<tessellate>1</tessellate>
					<altitudeMode>absolute</altitudeMode>
					<coordinates>
						-156.433945,60.30358900000001,11894.82 -156.287811,60.320938,11894.82 
					</coordinates>
				</LineString>
			</MultiGeometry>
		</Placemark>
		<Placemark>
			<name>P-455</name>
			<visibility>0</visibility>
			<description><![CDATA[<div><div><span><b>Altitude:</b></span> <span>39,025 ft - 39,000 ft</span></div>
<div><span><b>Speed:</b></span> <span>481 kt - 480 kt</span></div>
<div><span><b>Timestamp:</b></span><br/><span>2023-12-04 06:29:24 UTC<br/>2023-12-04 06:29:55 UTC</span></div>
</div>]]></description>
			<Style>
				<LineStyle>
					<color>ffae00ff</color>
					<width>2</width>
				</LineStyle>
			</Style>
			<MultiGeometry>
				<LineString>
					<tessellate>1</tessellate>
					<altitudeMode>absolute</altitudeMode>
					<coordinates>
						-156.287811,60.320938,11894.82 -156.153702,60.336456,11887.2 
					</coordinates>
				</LineString>
			</MultiGeometry>
		</Placemark>
		<Placemark>
			<name>P-456</name>
			<visibility>0</visibility>
			<description><![CDATA[<div><div><span><b>Altitude:</b></span> <span>39,000 ft</span></div>
<div><span><b>Speed:</b></span> <span>480 kt</span></div>
<div><span><b>Timestamp:</b></span><br/><span>2023-12-04 06:29:55 UTC<br/>2023-12-04 06:30:25 UTC</span></div>
</div>]]></description>
			<Style>
				<LineStyle>
					<color>ffae00ff</color>
					<width>2</width>
				</LineStyle>
			</Style>
			<MultiGeometry>
				<LineString>
					<tessellate>1</tessellate>
					<altitudeMode>absolute</altitudeMode>
					<coordinates>
						-156.153702,60.336456,11887.2 -156.020248,60.3517,11887.2 
					</coordinates>
				</LineString>
			</MultiGeometry>
		</Placemark>
		<Placemark>
			<name>P-457</name>
			<visibility>0</visibility>
			<description><![CDATA[<div><div><span><b>Altitude:</b></span> <span>39,000 ft - 38,975 ft</span></div>
<div><span><b>Speed:</b></span> <span>480 kt - 481 kt</span></div>
<div><span><b>Timestamp:</b></span><br/><span>2023-12-04 06:30:25 UTC<br/>2023-12-04 06:30:59 UTC</span></div>
</div>]]></description>
			<Style>
				<LineStyle>
					<color>ffae00ff</color>
					<width>2</width>
				</LineStyle>
			</Style>
			<MultiGeometry>
				<LineString>
					<tessellate>1</tessellate>
					<altitudeMode>absolute</altitudeMode>
					<coordinates>
						-156.020248,60.3517,11887.2 -155.874115,60.368382,11879.58 
					</coordinates>
				</LineString>
			</MultiGeometry>
		</Placemark>
		<Placemark>
			<name>P-458</name>
			<visibility>0</visibility>
			<description><![CDATA[<div><div><span><b>Altitude:</b></span> <span>38,975 ft</span></div>
<div><span><b>Speed:</b></span> <span>481 kt</span></div>
<div><span><b>Timestamp:</b></span><br/><span>2023-12-04 06:30:59 UTC<br/>2023-12-04 06:31:33 UTC</span></div>
</div>]]></description>
			<Style>
				<LineStyle>
					<color>ffae00ff</color>
					<width>2</width>
				</LineStyle>
			</Style>
			<MultiGeometry>
				<LineString>
					<tessellate>1</tessellate>
					<altitudeMode>absolute</altitudeMode>
					<coordinates>
						-155.874115,60.368382,11879.58 -155.725052,60.3853,11879.58 
					</coordinates>
				</LineString>
			</MultiGeometry>
		</Placemark>
		<Placemark>
			<name>P-459</name>
			<visibility>0</visibility>
			<description><![CDATA[<div><div><span><b>Altitude:</b></span> <span>38,975 ft - 39,000 ft</span></div>
<div><span><b>Speed:</b></span> <span>481 kt</span></div>
<div><span><b>Timestamp:</b></span><br/><span>2023-12-04 06:31:33 UTC<br/>2023-12-04 06:32:04 UTC</span></div>
</div>]]></description>
			<Style>
				<LineStyle>
					<color>ffae00ff</color>
					<width>2</width>
				</LineStyle>
			</Style>
			<MultiGeometry>
				<LineString>
					<tessellate>1</tessellate>
					<altitudeMode>absolute</altitudeMode>
					<coordinates>
						-155.725052,60.3853,11879.58 -155.589615,60.400497,11887.2 
					</coordinates>
				</LineString>
			</MultiGeometry>
		</Placemark>
		<Placemark>
			<name>P-460</name>
			<visibility>0</visibility>
			<description><![CDATA[<div><div><span><b>Altitude:</b></span> <span>39,000 ft</span></div>
<div><span><b>Speed:</b></span> <span>481 kt</span></div>
<div><span><b>Timestamp:</b></span><br/><span>2023-12-04 06:32:04 UTC<br/>2023-12-04 06:32:35 UTC</span></div>
</div>]]></description>
			<Style>
				<LineStyle>
					<color>ffae00ff</color>
					<width>2</width>
				</LineStyle>
			</Style>
			<MultiGeometry>
				<LineString>
					<tessellate>1</tessellate>
					<altitudeMode>absolute</altitudeMode>
					<coordinates>
						-155.589615,60.400497,11887.2 -155.455368,60.41526000000001,11887.2 
					</coordinates>
				</LineString>
			</MultiGeometry>
		</Placemark>
		<Placemark>
			<name>P-461</name>
			<visibility>0</visibility>
			<description><![CDATA[<div><div><span><b>Altitude:</b></span> <span>39,000 ft - 39,025 ft</span></div>
<div><span><b>Speed:</b></span> <span>481 kt - 480 kt</span></div>
<div><span><b>Timestamp:</b></span><br/><span>2023-12-04 06:32:35 UTC<br/>2023-12-04 06:33:05 UTC</span></div>
</div>]]></description>
			<Style>
				<LineStyle>
					<color>ffae00ff</color>
					<width>2</width>
				</LineStyle>
			</Style>
			<MultiGeometry>
				<LineString>
					<tessellate>1</tessellate>
					<altitudeMode>absolute</altitudeMode>
					<coordinates>
						-155.455368,60.41526000000001,11887.2 -155.321014,60.429886,11894.82 
					</coordinates>
				</LineString>
			</MultiGeometry>
		</Placemark>
		<Placemark>
			<name>P-462</name>
			<visibility>0</visibility>
			<description><![CDATA[<div><div><span><b>Altitude:</b></span> <span>39,025 ft - 38,825 ft</span></div>
<div><span><b>Speed:</b></span> <span>480 kt - 478 kt</span></div>
<div><span><b>Timestamp:</b></span><br/><span>2023-12-04 06:33:05 UTC<br/>2023-12-04 06:33:36 UTC</span></div>
</div>]]></description>
			<Style>
				<LineStyle>
					<color>ffae00ff</color>
					<width>2</width>
				</LineStyle>
			</Style>
			<MultiGeometry>
				<LineString>
					<tessellate>1</tessellate>
					<altitudeMode>absolute</altitudeMode>
					<coordinates>
						-155.321014,60.429886,11894.82 -155.187286,60.44445,11833.86 
					</coordinates>
				</LineString>
			</MultiGeometry>
		</Placemark>
		<Placemark>
			<name>P-463</name>
			<visibility>0</visibility>
			<description><![CDATA[<div><div><span><b>Altitude:</b></span> <span>38,825 ft - 37,900 ft</span></div>
<div><span><b>Speed:</b></span> <span>478 kt - 482 kt</span></div>
<div><span><b>Timestamp:</b></span><br/><span>2023-12-04 06:33:36 UTC<br/>2023-12-04 06:34:10 UTC</span></div>
</div>]]></description>
			<Style>
				<LineStyle>
					<color>ffae00ff</color>
					<width>2</width>
				</LineStyle>
			</Style>
			<MultiGeometry>
				<LineString>
					<tessellate>1</tessellate>
					<altitudeMode>absolute</altitudeMode>
					<coordinates>
						-155.187286,60.44445,11833.86 -155.037598,60.460464,11551.92 
					</coordinates>
				</LineString>
			</MultiGeometry>
		</Placemark>
		<Placemark>
			<name>P-464</name>
			<visibility>0</visibility>
			<description><![CDATA[<div><div><span><b>Altitude:</b></span> <span>37,900 ft - 37,075 ft</span></div>
<div><span><b>Speed:</b></span> <span>482 kt - 481 kt</span></div>
<div><span><b>Timestamp:</b></span><br/><span>2023-12-04 06:34:10 UTC<br/>2023-12-04 06:34:41 UTC</span></div>
</div>]]></description>
			<Style>
				<LineStyle>
					<color>ffae00ff</color>
					<width>2</width>
				</LineStyle>
			</Style>
			<MultiGeometry>
				<LineString>
					<tessellate>1</tessellate>
					<altitudeMode>absolute</altitudeMode>
					<coordinates>
						-155.037598,60.460464,11551.92 -154.900696,60.474426,11300.46 
					</coordinates>
				</LineString>
			</MultiGeometry>
		</Placemark>
		<Placemark>
			<name>P-465</name>
			<visibility>0</visibility>
			<description><![CDATA[<div><div><span><b>Altitude:</b></span> <span>37,075 ft - 36,100 ft</span></div>
<div><span><b>Speed:</b></span> <span>481 kt - 480 kt</span></div>
<div><span><b>Timestamp:</b></span><br/><span>2023-12-04 06:34:41 UTC<br/>2023-12-04 06:35:12 UTC</span></div>
</div>]]></description>
			<Style>
				<LineStyle>
					<color>ff9600ff</color>
					<width>2</width>
				</LineStyle>
			</Style>
			<MultiGeometry>
				<LineString>
					<tessellate>1</tessellate>
					<altitudeMode>absolute</altitudeMode>
					<coordinates>
						-154.900696,60.474426,11300.46 -154.767838,60.48858300000001,11003.28 
					</coordinates>
				</LineString>
			</MultiGeometry>
		</Placemark>
		<Placemark>
			<name>P-466</name>
			<visibility>0</visibility>
			<description><![CDATA[<div><div><span><b>Altitude:</b></span> <span>36,100 ft - 35,075 ft</span></div>
<div><span><b>Speed:</b></span> <span>480 kt - 483 kt</span></div>
<div><span><b>Timestamp:</b></span><br/><span>2023-12-04 06:35:12 UTC<br/>2023-12-04 06:35:43 UTC</span></div>
</div>]]></description>
			<Style>
				<LineStyle>
					<color>ff9600ff</color>
					<width>2</width>
				</LineStyle>
			</Style>
			<MultiGeometry>
				<LineString>
					<tessellate>1</tessellate>
					<altitudeMode>absolute</altitudeMode>
					<coordinates>
						-154.767838,60.48858300000001,11003.28 -154.630386,60.504364,10690.86 
					</coordinates>
				</LineString>
			</MultiGeometry>
		</Placemark>
		<Placemark>
			<name>P-467</name>
			<visibility>0</visibility>
			<description><![CDATA[<div><div><span><b>Altitude:</b></span> <span>35,075 ft - 34,050 ft</span></div>
<div><span><b>Speed:</b></span> <span>483 kt - 480 kt</span></div>
<div><span><b>Timestamp:</b></span><br/><span>2023-12-04 06:35:43 UTC<br/>2023-12-04 06:36:15 UTC</span></div>
</div>]]></description>
			<Style>
				<LineStyle>
					<color>ff7800ff</color>
					<width>2</width>
				</LineStyle>
			</Style>
			<MultiGeometry>
				<LineString>
					<tessellate>1</tessellate>
					<altitudeMode>absolute</altitudeMode>
					<coordinates>
						-154.630386,60.504364,10690.86 -154.491547,60.523361,10378.44 
					</coordinates>
				</LineString>
			</MultiGeometry>
		</Placemark>
		<Placemark>
			<name>P-468</name>
			<visibility>0</visibility>
			<description><![CDATA[<div><div><span><b>Altitude:</b></span> <span>34,050 ft - 33,000 ft</span></div>
<div><span><b>Speed:</b></span> <span>480 kt - 484 kt</span></div>
<div><span><b>Timestamp:</b></span><br/><span>2023-12-04 06:36:15 UTC<br/>2023-12-04 06:36:48 UTC</span></div>
</div>]]></description>
			<Style>
				<LineStyle>
					<color>ff6000ff</color>
					<width>2</width>
				</LineStyle>
			</Style>
			<MultiGeometry>
				<LineString>
					<tessellate>1</tessellate>
					<altitudeMode>absolute</altitudeMode>
					<coordinates>
						-154.491547,60.523361,10378.44 -154.350708,60.541763,10058.4 
					</coordinates>
				</LineString>
			</MultiGeometry>
		</Placemark>
		<Placemark>
			<name>P-469</name>
			<visibility>0</visibility>
			<description><![CDATA[<div><div><span><b>Altitude:</b></span> <span>33,000 ft - 31,950 ft</span></div>
<div><span><b>Speed:</b></span> <span>484 kt - 495 kt</span></div>
<div><span><b>Timestamp:</b></span><br/><span>2023-12-04 06:36:48 UTC<br/>2023-12-04 06:37:19 UTC</span></div>
</div>]]></description>
			<Style>
				<LineStyle>
					<color>ff6000ff</color>
					<width>2</width>
				</LineStyle>
			</Style>
			<MultiGeometry>
				<LineString>
					<tessellate>1</tessellate>
					<altitudeMode>absolute</altitudeMode>
					<coordinates>
						-154.350708,60.541763,10058.4 -154.212341,60.560226,9738.360000000001 
					</coordinates>
				</LineString>
			</MultiGeometry>
		</Placemark>
		<Placemark>
			<name>P-470</name>
			<visibility>0</visibility>
			<description><![CDATA[<div><div><span><b>Altitude:</b></span> <span>31,950 ft - 30,925 ft</span></div>
<div><span><b>Speed:</b></span> <span>495 kt - 493 kt</span></div>
<div><span><b>Timestamp:</b></span><br/><span>2023-12-04 06:37:19 UTC<br/>2023-12-04 06:37:50 UTC</span></div>
</div>]]></description>
			<Style>
				<LineStyle>
					<color>ff4e00ff</color>
					<width>2</width>
				</LineStyle>
			</Style>
			<MultiGeometry>
				<LineString>
					<tessellate>1</tessellate>
					<altitudeMode>absolute</altitudeMode>
					<coordinates>
						-154.212341,60.560226,9738.360000000001 -154.072922,60.57842999999999,9425.939999999999 
					</coordinates>
				</LineString>
			</MultiGeometry>
		</Placemark>
		<Placemark>
			<name>P-471</name>
			<visibility>0</visibility>
			<description><![CDATA[<div><div><span><b>Altitude:</b></span> <span>30,925 ft - 29,975 ft</span></div>
<div><span><b>Speed:</b></span> <span>493 kt - 484 kt</span></div>
<div><span><b>Timestamp:</b></span><br/><span>2023-12-04 06:37:50 UTC<br/>2023-12-04 06:38:20 UTC</span></div>
</div>]]></description>
			<Style>
				<LineStyle>
					<color>ff3600ff</color>
					<width>2</width>
				</LineStyle>
			</Style>
			<MultiGeometry>
				<LineString>
					<tessellate>1</tessellate>
					<altitudeMode>absolute</altitudeMode>
					<coordinates>
						-154.072922,60.57842999999999,9425.939999999999 -153.937592,60.595882,9136.379999999999 
					</coordinates>
				</LineString>
			</MultiGeometry>
		</Placemark>
		<Placemark>
			<name>P-472</name>
			<visibility>0</visibility>
			<description><![CDATA[<div><div><span><b>Altitude:</b></span> <span>29,975 ft - 28,950 ft</span></div>
<div><span><b>Speed:</b></span> <span>484 kt - 483 kt</span></div>
<div><span><b>Timestamp:</b></span><br/><span>2023-12-04 06:38:20 UTC<br/>2023-12-04 06:38:51 UTC</span></div>
</div>]]></description>
			<Style>
				<LineStyle>
					<color>ff3600ff</color>
					<width>2</width>
				</LineStyle>
			</Style>
			<MultiGeometry>
				<LineString>
					<tessellate>1</tessellate>
					<altitudeMode>absolute</altitudeMode>
					<coordinates>
						-153.937592,60.595882,9136.379999999999 -153.800354,60.613403,8823.959999999997 
					</coordinates>
				</LineString>
			</MultiGeometry>
		</Placemark>
		<Placemark>
			<name>P-473</name>
			<visibility>0</visibility>
			<description><![CDATA[<div><div><span><b>Altitude:</b></span> <span>28,950 ft - 27,950 ft</span></div>
<div><span><b>Speed:</b></span> <span>483 kt - 484 kt</span></div>
<div><span><b>Timestamp:</b></span><br/><span>2023-12-04 06:38:51 UTC<br/>2023-12-04 06:39:22 UTC</span></div>
</div>]]></description>
			<Style>
				<LineStyle>
					<color>ff2400ff</color>
					<width>2</width>
				</LineStyle>
			</Style>
			<MultiGeometry>
				<LineString>
					<tessellate>1</tessellate>
					<altitudeMode>absolute</altitudeMode>
					<coordinates>
						-153.800354,60.613403,8823.959999999997 -153.665863,60.63052,8519.159999999998 
					</coordinates>
				</LineString>
			</MultiGeometry>
		</Placemark>
		<Placemark>
			<name>P-474</name>
			<visibility>0</visibility>
			<description><![CDATA[<div><div><span><b>Altitude:</b></span> <span>27,950 ft - 26,900 ft</span></div>
<div><span><b>Speed:</b></span> <span>484 kt - 488 kt</span></div>
<div><span><b>Timestamp:</b></span><br/><span>2023-12-04 06:39:22 UTC<br/>2023-12-04 06:39:54 UTC</span></div>
</div>]]></description>
			<Style>
				<LineStyle>
					<color>ff2400ff</color>
					<width>2</width>
				</LineStyle>
			</Style>
			<MultiGeometry>
				<LineString>
					<tessellate>1</tessellate>
					<altitudeMode>absolute</altitudeMode>
					<coordinates>
						-153.665863,60.63052,8519.159999999998 -153.525696,60.64801000000001,8199.120000000001 
					</coordinates>
				</LineString>
			</MultiGeometry>
		</Placemark>
		<Placemark>
			<name>P-475</name>
			<visibility>0</visibility>
			<description><![CDATA[<div><div><span><b>Altitude:</b></span> <span>26,900 ft - 25,875 ft</span></div>
<div><span><b>Speed:</b></span> <span>488 kt - 491 kt</span></div>
<div><span><b>Timestamp:</b></span><br/><span>2023-12-04 06:39:54 UTC<br/>2023-12-04 06:40:25 UTC</span></div>
</div>]]></description>
			<Style>
				<LineStyle>
					<color>ff0000ff</color>
					<width>2</width>
				</LineStyle>
			</Style>
			<MultiGeometry>
				<LineString>
					<tessellate>1</tessellate>
					<altitudeMode>absolute</altitudeMode>
					<coordinates>
						-153.525696,60.64801000000001,8199.120000000001 -153.386856,60.665131,7886.699999999998 
					</coordinates>
				</LineString>
			</MultiGeometry>
		</Placemark>
		<Placemark>
			<name>P-476</name>
			<visibility>0</visibility>
			<description><![CDATA[<div><div><span><b>Altitude:</b></span> <span>25,875 ft - 24,775 ft</span></div>
<div><span><b>Speed:</b></span> <span>491 kt - 478 kt</span></div>
<div><span><b>Timestamp:</b></span><br/><span>2023-12-04 06:40:25 UTC<br/>2023-12-04 06:40:59 UTC</span></div>
</div>]]></description>
			<Style>
				<LineStyle>
					<color>ff0000ff</color>
					<width>2</width>
				</LineStyle>
			</Style>
			<MultiGeometry>
				<LineString>
					<tessellate>1</tessellate>
					<altitudeMode>absolute</altitudeMode>
					<coordinates>
						-153.386856,60.665131,7886.699999999998 -153.236618,60.683636,7551.419999999999 
					</coordinates>
				</LineString>
			</MultiGeometry>
		</Placemark>
		<Placemark>
			<name>P-477</name>
			<visibility>0</visibility>
			<description><![CDATA[<div><div><span><b>Altitude:</b></span> <span>24,775 ft - 23,725 ft</span></div>
<div><span><b>Speed:</b></span> <span>478 kt - 475 kt</span></div>
<div><span><b>Timestamp:</b></span><br/><span>2023-12-04 06:40:59 UTC<br/>2023-12-04 06:41:31 UTC</span></div>
</div>]]></description>
			<Style>
				<LineStyle>
					<color>ff0000ff</color>
					<width>2</width>
				</LineStyle>
			</Style>
			<MultiGeometry>
				<LineString>
					<tessellate>1</tessellate>
					<altitudeMode>absolute</altitudeMode>
					<coordinates>
						-153.236618,60.683636,7551.419999999999 -153.09903,60.70047,7231.379999999998 
					</coordinates>
				</LineString>
			</MultiGeometry>
		</Placemark>
		<Placemark>
			<name>P-478</name>
			<visibility>0</visibility>
			<description><![CDATA[<div><div><span><b>Altitude:</b></span> <span>23,725 ft - 22,675 ft</span></div>
<div><span><b>Speed:</b></span> <span>475 kt - 476 kt</span></div>
<div><span><b>Timestamp:</b></span><br/><span>2023-12-04 06:41:31 UTC<br/>2023-12-04 06:42:01 UTC</span></div>
</div>]]></description>
			<Style>
				<LineStyle>
					<color>ff001eff</color>
					<width>2</width>
				</LineStyle>
			</Style>
			<MultiGeometry>
				<LineString>
					<tessellate>1</tessellate>
					<altitudeMode>absolute</altitudeMode>
					<coordinates>
						-153.09903,60.70047,7231.379999999998 -152.964508,60.716549,6911.339999999999 
					</coordinates>
				</LineString>
			</MultiGeometry>
		</Placemark>
		<Placemark>
			<name>P-479</name>
			<visibility>0</visibility>
			<description><![CDATA[<div><div><span><b>Altitude:</b></span> <span>22,675 ft - 21,625 ft</span></div>
<div><span><b>Speed:</b></span> <span>476 kt - 466 kt</span></div>
<div><span><b>Timestamp:</b></span><br/><span>2023-12-04 06:42:01 UTC<br/>2023-12-04 06:42:33 UTC</span></div>
</div>]]></description>
			<Style>
				<LineStyle>
					<color>ff0030ff</color>
					<width>2</width>
				</LineStyle>
			</Style>
			<MultiGeometry>
				<LineString>
					<tessellate>1</tessellate>
					<altitudeMode>absolute</altitudeMode>
					<coordinates>
						-152.964508,60.716549,6911.339999999999 -152.828064,60.732925,6591.300000000001 
					</coordinates>
				</LineString>
			</MultiGeometry>
		</Placemark>
		<Placemark>
			<name>P-480</name>
			<visibility>0</visibility>
			<description><![CDATA[<div><div><span><b>Altitude:</b></span> <span>21,625 ft - 20,575 ft</span></div>
<div><span><b>Speed:</b></span> <span>466 kt - 452 kt</span></div>
<div><span><b>Timestamp:</b></span><br/><span>2023-12-04 06:42:33 UTC<br/>2023-12-04 06:43:05 UTC</span></div>
</div>]]></description>
			<Style>
				<LineStyle>
					<color>ff0030ff</color>
					<width>2</width>
				</LineStyle>
			</Style>
			<MultiGeometry>
				<LineString>
					<tessellate>1</tessellate>
					<altitudeMode>absolute</altitudeMode>
					<coordinates>
						-152.828064,60.732925,6591.300000000001 -152.695663,60.748718,6271.26 
					</coordinates>
				</LineString>
			</MultiGeometry>
		</Placemark>
		<Placemark>
			<name>P-481</name>
			<visibility>0</visibility>
			<description><![CDATA[<div><div><span><b>Altitude:</b></span> <span>20,575 ft - 19,625 ft</span></div>
<div><span><b>Speed:</b></span> <span>452 kt - 439 kt</span></div>
<div><span><b>Timestamp:</b></span><br/><span>2023-12-04 06:43:05 UTC<br/>2023-12-04 06:43:35 UTC</span></div>
</div>]]></description>
			<Style>
				<LineStyle>
					<color>ff0054ff</color>
					<width>2</width>
				</LineStyle>
			</Style>
			<MultiGeometry>
				<LineString>
					<tessellate>1</tessellate>
					<altitudeMode>absolute</altitudeMode>
					<coordinates>
						-152.695663,60.748718,6271.26 -152.569794,60.763798,5981.7 
					</coordinates>
				</LineString>
			</MultiGeometry>
		</Placemark>
		<Placemark>
			<name>P-482</name>
			<visibility>0</visibility>
			<description><![CDATA[<div><div><span><b>Altitude:</b></span> <span>19,625 ft - 18,925 ft</span></div>
<div><span><b>Speed:</b></span> <span>439 kt - 434 kt</span></div>
<div><span><b>Timestamp:</b></span><br/><span>2023-12-04 06:43:35 UTC<br/>2023-12-04 06:44:06 UTC</span></div>
</div>]]></description>
			<Style>
				<LineStyle>
					<color>ff0078ff</color>
					<width>2</width>
				</LineStyle>
			</Style>
			<MultiGeometry>
				<LineString>
					<tessellate>1</tessellate>
					<altitudeMode>absolute</altitudeMode>
					<coordinates>
						-152.569794,60.763798,5981.7 -152.446106,60.777832,5768.34 
					</coordinates>
				</LineString>
			</MultiGeometry>
		</Placemark>
		<Placemark>
			<name>P-483</name>
			<visibility>0</visibility>
			<description><![CDATA[<div><div><span><b>Altitude:</b></span> <span>18,925 ft - 17,900 ft</span></div>
<div><span><b>Speed:</b></span> <span>434 kt - 417 kt</span></div>
<div><span><b>Timestamp:</b></span><br/><span>2023-12-04 06:44:06 UTC<br/>2023-12-04 06:44:37 UTC</span></div>
</div>]]></description>
			<Style>
				<LineStyle>
					<color>ff0078ff</color>
					<width>2</width>
				</LineStyle>
			</Style>
			<MultiGeometry>
				<LineString>
					<tessellate>1</tessellate>
					<altitudeMode>absolute</altitudeMode>
					<coordinates>
						-152.446106,60.777832,5768.34 -152.324661,60.791592,5455.92 
					</coordinates>
				</LineString>
			</MultiGeometry>
		</Placemark>
		<Placemark>
			<name>P-484</name>
			<visibility>0</visibility>
			<description><![CDATA[<div><div><span><b>Altitude:</b></span> <span>17,900 ft - 16,800 ft</span></div>
<div><span><b>Speed:</b></span> <span>417 kt - 413 kt</span></div>
<div><span><b>Timestamp:</b></span><br/><span>2023-12-04 06:44:37 UTC<br/>2023-12-04 06:45:11 UTC</span></div>
</div>]]></description>
			<Style>
				<LineStyle>
					<color>ff0096ff</color>
					<width>2</width>
				</LineStyle>
			</Style>
			<MultiGeometry>
				<LineString>
					<tessellate>1</tessellate>
					<altitudeMode>absolute</altitudeMode>
					<coordinates>
						-152.324661,60.791592,5455.92 -152.195572,60.80639300000001,5120.64 
					</coordinates>
				</LineString>
			</MultiGeometry>
		</Placemark>
		<Placemark>
			<name>P-485</name>
			<visibility>0</visibility>
			<description><![CDATA[<div><div><span><b>Altitude:</b></span> <span>16,800 ft - 15,675 ft</span></div>
<div><span><b>Speed:</b></span> <span>413 kt - 398 kt</span></div>
<div><span><b>Timestamp:</b></span><br/><span>2023-12-04 06:45:11 UTC<br/>2023-12-04 06:45:45 UTC</span></div>
</div>]]></description>
			<Style>
				<LineStyle>
					<color>ff0096ff</color>
					<width>2</width>
				</LineStyle>
			</Style>
			<MultiGeometry>
				<LineString>
					<tessellate>1</tessellate>
					<altitudeMode>absolute</altitudeMode>
					<coordinates>
						-152.195572,60.80639300000001,5120.64 -152.069534,60.821182,4777.74 
					</coordinates>
				</LineString>
			</MultiGeometry>
		</Placemark>
		<Placemark>
			<name>P-486</name>
			<visibility>0</visibility>
			<description><![CDATA[<div><div><span><b>Altitude:</b></span> <span>15,675 ft - 14,675 ft</span></div>
<div><span><b>Speed:</b></span> <span>398 kt - 385 kt</span></div>
<div><span><b>Timestamp:</b></span><br/><span>2023-12-04 06:45:45 UTC<br/>2023-12-04 06:46:17 UTC</span></div>
</div>]]></description>
			<Style>
				<LineStyle>
					<color>ff00a8ff</color>
					<width>2</width>
				</LineStyle>
			</Style>
			<MultiGeometry>
				<LineString>
					<tessellate>1</tessellate>
					<altitudeMode>absolute</altitudeMode>
					<coordinates>
						-152.069534,60.821182,4777.74 -151.955124,60.834137,4472.94 
					</coordinates>
				</LineString>
			</MultiGeometry>
		</Placemark>
		<Placemark>
			<name>P-487</name>
			<visibility>0</visibility>
			<description><![CDATA[<div><div><span><b>Altitude:</b></span> <span>14,675 ft - 13,600 ft</span></div>
<div><span><b>Speed:</b></span> <span>385 kt - 367 kt</span></div>
<div><span><b>Timestamp:</b></span><br/><span>2023-12-04 06:46:17 UTC<br/>2023-12-04 06:46:48 UTC</span></div>
</div>]]></description>
			<Style>
				<LineStyle>
					<color>ff00c0ff</color>
					<width>2</width>
				</LineStyle>
			</Style>
			<MultiGeometry>
				<LineString>
					<tessellate>1</tessellate>
					<altitudeMode>absolute</altitudeMode>
					<coordinates>
						-151.955124,60.834137,4472.94 -151.847046,60.846054,4145.28 
					</coordinates>
				</LineString>
			</MultiGeometry>
		</Placemark>
		<Placemark>
			<name>P-488</name>
			<visibility>0</visibility>
			<description><![CDATA[<div><div><span><b>Altitude:</b></span> <span>13,600 ft - 12,575 ft</span></div>
<div><span><b>Speed:</b></span> <span>367 kt - 352 kt</span></div>
<div><span><b>Timestamp:</b></span><br/><span>2023-12-04 06:46:48 UTC<br/>2023-12-04 06:47:19 UTC</span></div>
</div>]]></description>
			<Style>
				<LineStyle>
					<color>ff00c0ff</color>
					<width>2</width>
				</LineStyle>
			</Style>
			<MultiGeometry>
				<LineString>
					<tessellate>1</tessellate>
					<altitudeMode>absolute</altitudeMode>
					<coordinates>
						-151.847046,60.846054,4145.28 -151.74382,60.857208,3832.86 
					</coordinates>
				</LineString>
			</MultiGeometry>
		</Placemark>
		<Placemark>
			<name>P-489</name>
			<visibility>0</visibility>
			<description><![CDATA[<div><div><span><b>Altitude:</b></span> <span>12,575 ft - 11,725 ft</span></div>
<div><span><b>Speed:</b></span> <span>352 kt - 333 kt</span></div>
<div><span><b>Timestamp:</b></span><br/><span>2023-12-04 06:47:19 UTC<br/>2023-12-04 06:47:50 UTC</span></div>
</div>]]></description>
			<Style>
				<LineStyle>
					<color>ff00eaff</color>
					<width>2</width>
				</LineStyle>
			</Style>
			<MultiGeometry>
				<LineString>
					<tessellate>1</tessellate>
					<altitudeMode>absolute</altitudeMode>
					<coordinates>
						-151.74382,60.857208,3832.86 -151.645798,60.867966,3573.78 
					</coordinates>
				</LineString>
			</MultiGeometry>
		</Placemark>
		<Placemark>
			<name>P-490</name>
			<visibility>0</visibility>
			<description><![CDATA[<div><div><span><b>Altitude:</b></span> <span>11,725 ft - 11,700 ft</span></div>
<div><span><b>Speed:</b></span> <span>333 kt - 309 kt</span></div>
<div><span><b>Timestamp:</b></span><br/><span>2023-12-04 06:47:50 UTC<br/>2023-12-04 06:48:06 UTC</span></div>
</div>]]></description>
			<Style>
				<LineStyle>
					<color>ff00eaff</color>
					<width>2</width>
				</LineStyle>
			</Style>
			<MultiGeometry>
				<LineString>
					<tessellate>1</tessellate>
					<altitudeMode>absolute</altitudeMode>
					<coordinates>
						-151.645798,60.867966,3573.78 -151.600433,60.873009,3566.159999999999 
					</coordinates>
				</LineString>
			</MultiGeometry>
		</Placemark>
		<Placemark>
			<name>P-491</name>
			<visibility>0</visibility>
			<description><![CDATA[<div><div><span><b>Altitude:</b></span> <span>11,700 ft - 11,500 ft</span></div>
<div><span><b>Speed:</b></span> <span>309 kt - 298 kt</span></div>
<div><span><b>Timestamp:</b></span><br/><span>2023-12-04 06:48:06 UTC<br/>2023-12-04 06:48:21 UTC</span></div>
</div>]]></description>
			<Style>
				<LineStyle>
					<color>ff00eaff</color>
					<width>2</width>
				</LineStyle>
			</Style>
			<MultiGeometry>
				<LineString>
					<tessellate>1</tessellate>
					<altitudeMode>absolute</altitudeMode>
					<coordinates>
						-151.600433,60.873009,3566.159999999999 -151.55687,60.877762,3505.2 
					</coordinates>
				</LineString>
			</MultiGeometry>
		</Placemark>
		<Placemark>
			<name>P-492</name>
			<visibility>0</visibility>
			<description><![CDATA[<div><div><span><b>Altitude:</b></span> <span>11,500 ft - 11,350 ft</span></div>
<div><span><b>Speed:</b></span> <span>298 kt - 289 kt</span></div>
<div><span><b>Timestamp:</b></span><br/><span>2023-12-04 06:48:21 UTC<br/>2023-12-04 06:48:37 UTC</span></div>
</div>]]></description>
			<Style>
				<LineStyle>
					<color>ff00eaff</color>
					<width>2</width>
				</LineStyle>
			</Style>
			<MultiGeometry>
				<LineString>
					<tessellate>1</tessellate>
					<altitudeMode>absolute</altitudeMode>
					<coordinates>
						-151.55687,60.877762,3505.2 -151.515106,60.882366,3459.48 
					</coordinates>
				</LineString>
			</MultiGeometry>
		</Placemark>
		<Placemark>
			<name>P-493</name>
			<visibility>0</visibility>
			<description><![CDATA[<div><div><span><b>Altitude:</b></span> <span>11,350 ft - 11,225 ft</span></div>
<div><span><b>Speed:</b></span> <span>289 kt - 285 kt</span></div>
<div><span><b>Timestamp:</b></span><br/><span>2023-12-04 06:48:37 UTC<br/>2023-12-04 06:48:52 UTC</span></div>
</div>]]></description>
			<Style>
				<LineStyle>
					<color>ff00ffe4</color>
					<width>2</width>
				</LineStyle>
			</Style>
			<MultiGeometry>
				<LineString>
					<tessellate>1</tessellate>
					<altitudeMode>absolute</altitudeMode>
					<coordinates>
						-151.515106,60.882366,3459.48 -151.473907,60.88678699999999,3421.38 
					</coordinates>
				</LineString>
			</MultiGeometry>
		</Placemark>
		<Placemark>
			<name>P-494</name>
			<visibility>0</visibility>
			<description><![CDATA[<div><div><span><b>Altitude:</b></span> <span>11,225 ft - 11,125 ft</span></div>
<div><span><b>Speed:</b></span> <span>285 kt - 283 kt</span></div>
<div><span><b>Timestamp:</b></span><br/><span>2023-12-04 06:48:52 UTC<br/>2023-12-04 06:49:04 UTC</span></div>
</div>]]></description>
			<Style>
				<LineStyle>
					<color>ff00ffe4</color>
					<width>2</width>
				</LineStyle>
			</Style>
			<MultiGeometry>
				<LineString>
					<tessellate>1</tessellate>
					<altitudeMode>absolute</altitudeMode>
					<coordinates>
						-151.473907,60.88678699999999,3421.38 -151.44313,60.89007600000001,3390.900000000001 
					</coordinates>
				</LineString>
			</MultiGeometry>
		</Placemark>
		<Placemark>
			<name>P-495</name>
			<visibility>0</visibility>
			<description><![CDATA[<div><div><span><b>Altitude:</b></span> <span>11,125 ft - 11,000 ft</span></div>
<div><span><b>Speed:</b></span> <span>283 kt - 282 kt</span></div>
<div><span><b>Timestamp:</b></span><br/><span>2023-12-04 06:49:04 UTC<br/>2023-12-04 06:49:20 UTC</span></div>
</div>]]></description>
			<Style>
				<LineStyle>
					<color>ff00ffe4</color>
					<width>2</width>
				</LineStyle>
			</Style>
			<MultiGeometry>
				<LineString>
					<tessellate>1</tessellate>
					<altitudeMode>absolute</altitudeMode>
					<coordinates>
						-151.44313,60.89007600000001,3390.900000000001 -151.402023,60.89447,3352.8 
					</coordinates>
				</LineString>
			</MultiGeometry>
		</Placemark>
		<Placemark>
			<name>P-496</name>
			<visibility>0</visibility>
			<description><![CDATA[<div><div><span><b>Altitude:</b></span> <span>11,000 ft - 10,875 ft</span></div>
<div><span><b>Speed:</b></span> <span>282 kt - 283 kt</span></div>
<div><span><b>Timestamp:</b></span><br/><span>2023-12-04 06:49:20 UTC<br/>2023-12-04 06:49:35 UTC</span></div>
</div>]]></description>
			<Style>
				<LineStyle>
					<color>ff00ffe4</color>
					<width>2</width>
				</LineStyle>
			</Style>
			<MultiGeometry>
				<LineString>
					<tessellate>1</tessellate>
					<altitudeMode>absolute</altitudeMode>
					<coordinates>
						-151.402023,60.89447,3352.8 -151.361954,60.899231,3314.7 
					</coordinates>
				</LineString>
			</MultiGeometry>
		</Placemark>
		<Placemark>
			<name>P-497</name>
			<visibility>0</visibility>
			<description><![CDATA[<div><div><span><b>Altitude:</b></span> <span>10,875 ft - 10,800 ft</span></div>
<div><span><b>Speed:</b></span> <span>283 kt - 285 kt</span></div>
<div><span><b>Timestamp:</b></span><br/><span>2023-12-04 06:49:35 UTC<br/>2023-12-04 06:49:44 UTC</span></div>
</div>]]></description>
			<Style>
				<LineStyle>
					<color>ff00ffe4</color>
					<width>2</width>
				</LineStyle>
			</Style>
			<MultiGeometry>
				<LineString>
					<tessellate>1</tessellate>
					<altitudeMode>absolute</altitudeMode>
					<coordinates>
						-151.361954,60.899231,3314.7 -151.339127,60.90373200000001,3291.84 
					</coordinates>
				</LineString>
			</MultiGeometry>
		</Placemark>
		<Placemark>
			<name>P-498</name>
			<visibility>0</visibility>
			<description><![CDATA[<div><div><span><b>Altitude:</b></span> <span>10,800 ft - 10,775 ft</span></div>
<div><span><b>Speed:</b></span> <span>285 kt</span></div>
<div><span><b>Timestamp:</b></span><br/><span>2023-12-04 06:49:44 UTC<br/>2023-12-04 06:49:47 UTC</span></div>
</div>]]></description>
			<Style>
				<LineStyle>
					<color>ff00ffe4</color>
					<width>2</width>
				</LineStyle>
			</Style>
			<MultiGeometry>
				<LineString>
					<tessellate>1</tessellate>
					<altitudeMode>absolute</altitudeMode>
					<coordinates>
						-151.339127,60.90373200000001,3291.84 -151.331177,60.905502,3284.219999999999 
					</coordinates>
				</LineString>
			</MultiGeometry>
		</Placemark>
		<Placemark>
			<name>P-499</name>
			<visibility>0</visibility>
			<description><![CDATA[<div><div><span><b>Altitude:</b></span> <span>10,775 ft - 10,725 ft</span></div>
<div><span><b>Speed:</b></span> <span>285 kt</span></div>
<div><span><b>Timestamp:</b></span><br/><span>2023-12-04 06:49:47 UTC<br/>2023-12-04 06:49:50 UTC</span></div>
</div>]]></description>
			<Style>
				<LineStyle>
					<color>ff00ffe4</color>
					<width>2</width>
				</LineStyle>
			</Style>
			<MultiGeometry>
				<LineString>
					<tessellate>1</tessellate>
					<altitudeMode>absolute</altitudeMode>
					<coordinates>
						-151.331177,60.905502,3284.219999999999 -151.323624,60.907227,3268.98 
					</coordinates>
				</LineString>
			</MultiGeometry>
		</Placemark>
		<Placemark>
			<name>P-500</name>
			<visibility>0</visibility>
			<description><![CDATA[<div><div><span><b>Altitude:</b></span> <span>10,725 ft - 10,675 ft</span></div>
<div><span><b>Speed:</b></span> <span>285 kt</span></div>
<div><span><b>Timestamp:</b></span><br/><span>2023-12-04 06:49:50 UTC<br/>2023-12-04 06:49:53 UTC</span></div>
</div>]]></description>
			<Style>
				<LineStyle>
					<color>ff00ffe4</color>
					<width>2</width>
				</LineStyle>
			</Style>
			<MultiGeometry>
				<LineString>
					<tessellate>1</tessellate>
					<altitudeMode>absolute</altitudeMode>
					<coordinates>
						-151.323624,60.907227,3268.98 -151.316269,60.908901,3253.74 
					</coordinates>
				</LineString>
			</MultiGeometry>
		</Placemark>
		<Placemark>
			<name>P-501</name>
			<visibility>0</visibility>
			<description><![CDATA[<div><div><span><b>Altitude:</b></span> <span>10,675 ft - 10,625 ft</span></div>
<div><span><b>Speed:</b></span> <span>285 kt - 286 kt</span></div>
<div><span><b>Timestamp:</b></span><br/><span>2023-12-04 06:49:53 UTC<br/>2023-12-04 06:49:57 UTC</span></div>
</div>]]></description>
			<Style>
				<LineStyle>
					<color>ff00ffe4</color>
					<width>2</width>
				</LineStyle>
			</Style>
			<MultiGeometry>
				<LineString>
					<tessellate>1</tessellate>
					<altitudeMode>absolute</altitudeMode>
					<coordinates>
						-151.316269,60.908901,3253.74 -151.307831,60.910858,3238.5 
					</coordinates>
				</LineString>
			</MultiGeometry>
		</Placemark>
		<Placemark>
			<name>P-502</name>
			<visibility>0</visibility>
			<description><![CDATA[<div><div><span><b>Altitude:</b></span> <span>10,625 ft - 10,550 ft</span></div>
<div><span><b>Speed:</b></span> <span>286 kt</span></div>
<div><span><b>Timestamp:</b></span><br/><span>2023-12-04 06:49:57 UTC<br/>2023-12-04 06:50:00 UTC</span></div>
</div>]]></description>
			<Style>
				<LineStyle>
					<color>ff00ffe4</color>
					<width>2</width>
				</LineStyle>
			</Style>
			<MultiGeometry>
				<LineString>
					<tessellate>1</tessellate>
					<altitudeMode>absolute</altitudeMode>
					<coordinates>
						-151.307831,60.910858,3238.5 -151.300766,60.91248700000001,3215.639999999999 
					</coordinates>
				</LineString>
			</MultiGeometry>
		</Placemark>
		<Placemark>
			<name>P-503</name>
			<visibility>0</visibility>
			<description><![CDATA[<div><div><span><b>Altitude:</b></span> <span>10,550 ft - 10,125 ft</span></div>
<div><span><b>Speed:</b></span> <span>286 kt - 287 kt</span></div>
<div><span><b>Timestamp:</b></span><br/><span>2023-12-04 06:50:00 UTC<br/>2023-12-04 06:50:13 UTC</span></div>
</div>]]></description>
			<Style>
				<LineStyle>
					<color>ff00ffe4</color>
					<width>2</width>
				</LineStyle>
			</Style>
			<MultiGeometry>
				<LineString>
					<tessellate>1</tessellate>
					<altitudeMode>absolute</altitudeMode>
					<coordinates>
						-151.300766,60.91248700000001,3215.639999999999 -151.269043,60.91973899999999,3086.1 
					</coordinates>
				</LineString>
			</MultiGeometry>
		</Placemark>
		<Placemark>
			<name>P-504</name>
			<visibility>0</visibility>
			<description><![CDATA[<div><div><span><b>Altitude:</b></span> <span>10,125 ft - 9,600 ft</span></div>
<div><span><b>Speed:</b></span> <span>287 kt - 289 kt</span></div>
<div><span><b>Timestamp:</b></span><br/><span>2023-12-04 06:50:13 UTC<br/>2023-12-04 06:50:28 UTC</span></div>
</div>]]></description>
			<Style>
				<LineStyle>
					<color>ff00ffe4</color>
					<width>2</width>
				</LineStyle>
			</Style>
			<MultiGeometry>
				<LineString>
					<tessellate>1</tessellate>
					<altitudeMode>absolute</altitudeMode>
					<coordinates>
						-151.269043,60.91973899999999,3086.1 -151.230881,60.928253,2926.08 
					</coordinates>
				</LineString>
			</MultiGeometry>
		</Placemark>
		<Placemark>
			<name>P-505</name>
			<visibility>0</visibility>
			<description><![CDATA[<div><div><span><b>Altitude:</b></span> <span>9,600 ft - 9,200 ft</span></div>
<div><span><b>Speed:</b></span> <span>289 kt - 288 kt</span></div>
<div><span><b>Timestamp:</b></span><br/><span>2023-12-04 06:50:28 UTC<br/>2023-12-04 06:50:40 UTC</span></div>
</div>]]></description>
			<Style>
				<LineStyle>
					<color>ff00ffd2</color>
					<width>2</width>
				</LineStyle>
			</Style>
			<MultiGeometry>
				<LineString>
					<tessellate>1</tessellate>
					<altitudeMode>absolute</altitudeMode>
					<coordinates>
						-151.230881,60.928253,2926.08 -151.200027,60.935158,2804.16 
					</coordinates>
				</LineString>
			</MultiGeometry>
		</Placemark>
		<Placemark>
			<name>P-506</name>
			<visibility>0</visibility>
			<description><![CDATA[<div><div><span><b>Altitude:</b></span> <span>9,200 ft - 8,675 ft</span></div>
<div><span><b>Speed:</b></span> <span>288 kt - 289 kt</span></div>
<div><span><b>Timestamp:</b></span><br/><span>2023-12-04 06:50:40 UTC<br/>2023-12-04 06:50:56 UTC</span></div>
</div>]]></description>
			<Style>
				<LineStyle>
					<color>ff00ffd2</color>
					<width>2</width>
				</LineStyle>
			</Style>
			<MultiGeometry>
				<LineString>
					<tessellate>1</tessellate>
					<altitudeMode>absolute</altitudeMode>
					<coordinates>
						-151.200027,60.935158,2804.16 -151.161179,60.943863,2644.14 
					</coordinates>
				</LineString>
			</MultiGeometry>
		</Placemark>
		<Placemark>
			<name>P-507</name>
			<visibility>0</visibility>
			<description><![CDATA[<div><div><span><b>Altitude:</b></span> <span>8,675 ft - 8,325 ft</span></div>
<div><span><b>Speed:</b></span> <span>289 kt - 287 kt</span></div>
<div><span><b>Timestamp:</b></span><br/><span>2023-12-04 06:50:56 UTC<br/>2023-12-04 06:51:09 UTC</span></div>
</div>]]></description>
			<Style>
				<LineStyle>
					<color>ff00ffd2</color>
					<width>2</width>
				</LineStyle>
			</Style>
			<MultiGeometry>
				<LineString>
					<tessellate>1</tessellate>
					<altitudeMode>absolute</altitudeMode>
					<coordinates>
						-151.161179,60.943863,2644.14 -151.129501,60.950893,2537.46 
					</coordinates>
				</LineString>
			</MultiGeometry>
		</Placemark>
		<Placemark>
			<name>P-508</name>
			<visibility>0</visibility>
			<description><![CDATA[<div><div><span><b>Altitude:</b></span> <span>8,325 ft - 7,950 ft</span></div>
<div><span><b>Speed:</b></span> <span>287 kt - 282 kt</span></div>
<div><span><b>Timestamp:</b></span><br/><span>2023-12-04 06:51:09 UTC<br/>2023-12-04 06:51:24 UTC</span></div>
</div>]]></description>
			<Style>
				<LineStyle>
					<color>ff00ffd2</color>
					<width>2</width>
				</LineStyle>
			</Style>
			<MultiGeometry>
				<LineString>
					<tessellate>1</tessellate>
					<altitudeMode>absolute</altitudeMode>
					<coordinates>
						-151.129501,60.950893,2537.46 -151.091736,60.959316,2423.16 
					</coordinates>
				</LineString>
			</MultiGeometry>
		</Placemark>
		<Placemark>
			<name>P-509</name>
			<visibility>0</visibility>
			<description><![CDATA[<div><div><span><b>Altitude:</b></span> <span>7,950 ft - 7,625 ft</span></div>
<div><span><b>Speed:</b></span> <span>282 kt - 279 kt</span></div>
<div><span><b>Timestamp:</b></span><br/><span>2023-12-04 06:51:24 UTC<br/>2023-12-04 06:51:37 UTC</span></div>
</div>]]></description>
			<Style>
				<LineStyle>
					<color>ff00ff9c</color>
					<width>2</width>
				</LineStyle>
			</Style>
			<MultiGeometry>
				<LineString>
					<tessellate>1</tessellate>
					<altitudeMode>absolute</altitudeMode>
					<coordinates>
						-151.091736,60.959316,2423.16 -151.06221,60.966766,2324.099999999999 
					</coordinates>
				</LineString>
			</MultiGeometry>
		</Placemark>
		<Placemark>
			<name>P-510</name>
			<visibility>0</visibility>
			<description><![CDATA[<div><div><span><b>Altitude:</b></span> <span>7,625 ft - 7,525 ft</span></div>
<div><span><b>Speed:</b></span> <span>279 kt - 281 kt</span></div>
<div><span><b>Timestamp:</b></span><br/><span>2023-12-04 06:51:37 UTC<br/>2023-12-04 06:51:40 UTC</span></div>
</div>]]></description>
			<Style>
				<LineStyle>
					<color>ff00ff9c</color>
					<width>2</width>
				</LineStyle>
			</Style>
			<MultiGeometry>
				<LineString>
					<tessellate>1</tessellate>
					<altitudeMode>absolute</altitudeMode>
					<coordinates>
						-151.06221,60.966766,2324.099999999999 -151.055435,60.96937200000001,2293.62 
					</coordinates>
				</LineString>
			</MultiGeometry>
		</Placemark>
		<Placemark>
			<name>P-511</name>
			<visibility>0</visibility>
			<description><![CDATA[<div><div><span><b>Altitude:</b></span> <span>7,525 ft - 7,475 ft</span></div>
<div><span><b>Speed:</b></span> <span>281 kt - 278 kt</span></div>
<div><span><b>Timestamp:</b></span><br/><span>2023-12-04 06:51:40 UTC<br/>2023-12-04 06:51:43 UTC</span></div>
</div>]]></description>
			<Style>
				<LineStyle>
					<color>ff00ff9c</color>
					<width>2</width>
				</LineStyle>
			</Style>
			<MultiGeometry>
				<LineString>
					<tessellate>1</tessellate>
					<altitudeMode>absolute</altitudeMode>
					<coordinates>
						-151.055435,60.96937200000001,2293.62 -151.049362,60.972164,2278.38 
					</coordinates>
				</LineString>
			</MultiGeometry>
		</Placemark>
		<Placemark>
			<name>P-512</name>
			<visibility>0</visibility>
			<description><![CDATA[<div><div><span><b>Altitude:</b></span> <span>7,475 ft - 7,425 ft</span></div>
<div><span><b>Speed:</b></span> <span>278 kt</span></div>
<div><span><b>Timestamp:</b></span><br/><span>2023-12-04 06:51:43 UTC<br/>2023-12-04 06:51:46 UTC</span></div>
</div>]]></description>
			<Style>
				<LineStyle>
					<color>ff00ff9c</color>
					<width>2</width>
				</LineStyle>
			</Style>
			<MultiGeometry>
				<LineString>
					<tessellate>1</tessellate>
					<altitudeMode>absolute</altitudeMode>
					<coordinates>
						-151.049362,60.972164,2278.38 -151.043823,60.974945,2263.14 
					</coordinates>
				</LineString>
			</MultiGeometry>
		</Placemark>
		<Placemark>
			<name>P-513</name>
			<visibility>0</visibility>
			<description><![CDATA[<div><div><span><b>Altitude:</b></span> <span>7,425 ft - 7,375 ft</span></div>
<div><span><b>Speed:</b></span> <span>278 kt</span></div>
<div><span><b>Timestamp:</b></span><br/><span>2023-12-04 06:51:46 UTC<br/>2023-12-04 06:51:49 UTC</span></div>
</div>]]></description>
			<Style>
				<LineStyle>
					<color>ff00ff9c</color>
					<width>2</width>
				</LineStyle>
			</Style>
			<MultiGeometry>
				<LineString>
					<tessellate>1</tessellate>
					<altitudeMode>absolute</altitudeMode>
					<coordinates>
						-151.043823,60.974945,2263.14 -151.038574,60.97770700000001,2247.9 
					</coordinates>
				</LineString>
			</MultiGeometry>
		</Placemark>
		<Placemark>
			<name>P-514</name>
			<visibility>0</visibility>
			<description><![CDATA[<div><div><span><b>Altitude:</b></span> <span>7,375 ft - 7,300 ft</span></div>
<div><span><b>Speed:</b></span> <span>278 kt</span></div>
<div><span><b>Timestamp:</b></span><br/><span>2023-12-04 06:51:49 UTC<br/>2023-12-04 06:51:52 UTC</span></div>
</div>]]></description>
			<Style>
				<LineStyle>
					<color>ff00ff9c</color>
					<width>2</width>
				</LineStyle>
			</Style>
			<MultiGeometry>
				<LineString>
					<tessellate>1</tessellate>
					<altitudeMode>absolute</altitudeMode>
					<coordinates>
						-151.038574,60.97770700000001,2247.9 -151.032455,60.980942,2225.04 
					</coordinates>
				</LineString>
			</MultiGeometry>
		</Placemark>
		<Placemark>
			<name>P-515</name>
			<visibility>0</visibility>
			<description><![CDATA[<div><div><span><b>Altitude:</b></span> <span>7,300 ft - 7,250 ft</span></div>
<div><span><b>Speed:</b></span> <span>278 kt - 276 kt</span></div>
<div><span><b>Timestamp:</b></span><br/><span>2023-12-04 06:51:52 UTC<br/>2023-12-04 06:51:55 UTC</span></div>
</div>]]></description>
			<Style>
				<LineStyle>
					<color>ff00ff9c</color>
					<width>2</width>
				</LineStyle>
			</Style>
			<MultiGeometry>
				<LineString>
					<tessellate>1</tessellate>
					<altitudeMode>absolute</altitudeMode>
					<coordinates>
						-151.032455,60.980942,2225.04 -151.027634,60.983551,2209.8 
					</coordinates>
				</LineString>
			</MultiGeometry>
		</Placemark>
		<Placemark>
			<name>P-516</name>
			<visibility>0</visibility>
			<description><![CDATA[<div><div><span><b>Altitude:</b></span> <span>7,250 ft - 7,200 ft</span></div>
<div><span><b>Speed:</b></span> <span>276 kt</span></div>
<div><span><b>Timestamp:</b></span><br/><span>2023-12-04 06:51:55 UTC<br/>2023-12-04 06:51:58 UTC</span></div>
</div>]]></description>
			<Style>
				<LineStyle>
					<color>ff00ff9c</color>
					<width>2</width>
				</LineStyle>
			</Style>
			<MultiGeometry>
				<LineString>
					<tessellate>1</tessellate>
					<altitudeMode>absolute</altitudeMode>
					<coordinates>
						-151.027634,60.983551,2209.8 -151.021759,60.986755,2194.56 
					</coordinates>
				</LineString>
			</MultiGeometry>
		</Placemark>
		<Placemark>
			<name>P-517</name>
			<visibility>0</visibility>
			<description><![CDATA[<div><div><span><b>Altitude:</b></span> <span>7,200 ft - 7,150 ft</span></div>
<div><span><b>Speed:</b></span> <span>276 kt</span></div>
<div><span><b>Timestamp:</b></span><br/><span>2023-12-04 06:51:58 UTC<br/>2023-12-04 06:52:01 UTC</span></div>
</div>]]></description>
			<Style>
				<LineStyle>
					<color>ff00ff9c</color>
					<width>2</width>
				</LineStyle>
			</Style>
			<MultiGeometry>
				<LineString>
					<tessellate>1</tessellate>
					<altitudeMode>absolute</altitudeMode>
					<coordinates>
						-151.021759,60.986755,2194.56 -151.016647,60.989548,2179.32 
					</coordinates>
				</LineString>
			</MultiGeometry>
		</Placemark>
		<Placemark>
			<name>P-518</name>
			<visibility>0</visibility>
			<description><![CDATA[<div><div><span><b>Altitude:</b></span> <span>7,150 ft - 7,075 ft</span></div>
<div><span><b>Speed:</b></span> <span>276 kt</span></div>
<div><span><b>Timestamp:</b></span><br/><span>2023-12-04 06:52:01 UTC<br/>2023-12-04 06:52:05 UTC</span></div>
</div>]]></description>
			<Style>
				<LineStyle>
					<color>ff00ff9c</color>
					<width>2</width>
				</LineStyle>
			</Style>
			<MultiGeometry>
				<LineString>
					<tessellate>1</tessellate>
					<altitudeMode>absolute</altitudeMode>
					<coordinates>
						-151.016647,60.989548,2179.32 -151.011597,60.992275,2156.46 
					</coordinates>
				</LineString>
			</MultiGeometry>
		</Placemark>
		<Placemark>
			<name>P-519</name>
			<visibility>0</visibility>
			<description><![CDATA[<div><div><span><b>Altitude:</b></span> <span>7,075 ft - 7,025 ft</span></div>
<div><span><b>Speed:</b></span> <span>276 kt</span></div>
<div><span><b>Timestamp:</b></span><br/><span>2023-12-04 06:52:05 UTC<br/>2023-12-04 06:52:07 UTC</span></div>
</div>]]></description>
			<Style>
				<LineStyle>
					<color>ff00ff9c</color>
					<width>2</width>
				</LineStyle>
			</Style>
			<MultiGeometry>
				<LineString>
					<tessellate>1</tessellate>
					<altitudeMode>absolute</altitudeMode>
					<coordinates>
						-151.011597,60.992275,2156.46 -151.005905,60.995396,2141.22 
					</coordinates>
				</LineString>
			</MultiGeometry>
		</Placemark>
		<Placemark>
			<name>P-520</name>
			<visibility>0</visibility>
			<description><![CDATA[<div><div><span><b>Altitude:</b></span> <span>7,025 ft - 6,700 ft</span></div>
<div><span><b>Speed:</b></span> <span>276 kt - 274 kt</span></div>
<div><span><b>Timestamp:</b></span><br/><span>2023-12-04 06:52:07 UTC<br/>2023-12-04 06:52:23 UTC</span></div>
</div>]]></description>
			<Style>
				<LineStyle>
					<color>ff00ff9c</color>
					<width>2</width>
				</LineStyle>
			</Style>
			<MultiGeometry>
				<LineString>
					<tessellate>1</tessellate>
					<altitudeMode>absolute</altitudeMode>
					<coordinates>
						-151.005905,60.995396,2141.22 -150.978928,61.009918,2042.16 
					</coordinates>
				</LineString>
			</MultiGeometry>
		</Placemark>
		<Placemark>
			<name>P-521</name>
			<visibility>0</visibility>
			<description><![CDATA[<div><div><span><b>Altitude:</b></span> <span>6,700 ft - 6,450 ft</span></div>
<div><span><b>Speed:</b></span> <span>274 kt</span></div>
<div><span><b>Timestamp:</b></span><br/><span>2023-12-04 06:52:23 UTC<br/>2023-12-04 06:52:35 UTC</span></div>
</div>]]></description>
			<Style>
				<LineStyle>
					<color>ff00ff9c</color>
					<width>2</width>
				</LineStyle>
			</Style>
			<MultiGeometry>
				<LineString>
					<tessellate>1</tessellate>
					<altitudeMode>absolute</altitudeMode>
					<coordinates>
						-150.978928,61.009918,2042.16 -150.95755,61.02145399999999,1965.96 
					</coordinates>
				</LineString>
			</MultiGeometry>
		</Placemark>
		<Placemark>
			<name>P-522</name>
			<visibility>0</visibility>
			<description><![CDATA[<div><div><span><b>Altitude:</b></span> <span>6,450 ft - 6,175 ft</span></div>
<div><span><b>Speed:</b></span> <span>274 kt - 273 kt</span></div>
<div><span><b>Timestamp:</b></span><br/><span>2023-12-04 06:52:35 UTC<br/>2023-12-04 06:52:51 UTC</span></div>
</div>]]></description>
			<Style>
				<LineStyle>
					<color>ff00ff72</color>
					<width>2</width>
				</LineStyle>
			</Style>
			<MultiGeometry>
				<LineString>
					<tessellate>1</tessellate>
					<altitudeMode>absolute</altitudeMode>
					<coordinates>
						-150.95755,61.02145399999999,1965.96 -150.930267,61.036057,1882.14 
					</coordinates>
				</LineString>
			</MultiGeometry>
		</Placemark>
		<Placemark>
			<name>P-523</name>
			<visibility>0</visibility>
			<description><![CDATA[<div><div><span><b>Altitude:</b></span> <span>6,175 ft - 5,975 ft</span></div>
<div><span><b>Speed:</b></span> <span>273 kt - 272 kt</span></div>
<div><span><b>Timestamp:</b></span><br/><span>2023-12-04 06:52:51 UTC<br/>2023-12-04 06:53:03 UTC</span></div>
</div>]]></description>
			<Style>
				<LineStyle>
					<color>ff00ff72</color>
					<width>2</width>
				</LineStyle>
			</Style>
			<MultiGeometry>
				<LineString>
					<tessellate>1</tessellate>
					<altitudeMode>absolute</altitudeMode>
					<coordinates>
						-150.930267,61.036057,1882.14 -150.908295,61.047867,1821.18 
					</coordinates>
				</LineString>
			</MultiGeometry>
		</Placemark>
		<Placemark>
			<name>P-524</name>
			<visibility>0</visibility>
			<description><![CDATA[<div><div><span><b>Altitude:</b></span> <span>5,975 ft - 5,700 ft</span></div>
<div><span><b>Speed:</b></span> <span>272 kt</span></div>
<div><span><b>Timestamp:</b></span><br/><span>2023-12-04 06:53:03 UTC<br/>2023-12-04 06:53:19 UTC</span></div>
</div>]]></description>
			<Style>
				<LineStyle>
					<color>ff00ff72</color>
					<width>2</width>
				</LineStyle>
			</Style>
			<MultiGeometry>
				<LineString>
					<tessellate>1</tessellate>
					<altitudeMode>absolute</altitudeMode>
					<coordinates>
						-150.908295,61.047867,1821.18 -150.881332,61.062286,1737.36 
					</coordinates>
				</LineString>
			</MultiGeometry>
		</Placemark>
		<Placemark>
			<name>P-525</name>
			<visibility>0</visibility>
			<description><![CDATA[<div><div><span><b>Altitude:</b></span> <span>5,700 ft - 5,500 ft</span></div>
<div><span><b>Speed:</b></span> <span>272 kt - 271 kt</span></div>
<div><span><b>Timestamp:</b></span><br/><span>2023-12-04 06:53:19 UTC<br/>2023-12-04 06:53:31 UTC</span></div>
</div>]]></description>
			<Style>
				<LineStyle>
					<color>ff00ff72</color>
					<width>2</width>
				</LineStyle>
			</Style>
			<MultiGeometry>
				<LineString>
					<tessellate>1</tessellate>
					<altitudeMode>absolute</altitudeMode>
					<coordinates>
						-150.881332,61.062286,1737.36 -150.859848,61.07373,1676.4 
					</coordinates>
				</LineString>
			</MultiGeometry>
		</Placemark>
		<Placemark>
			<name>P-526</name>
			<visibility>0</visibility>
			<description><![CDATA[<div><div><span><b>Altitude:</b></span> <span>5,500 ft - 5,250 ft</span></div>
<div><span><b>Speed:</b></span> <span>271 kt - 270 kt</span></div>
<div><span><b>Timestamp:</b></span><br/><span>2023-12-04 06:53:31 UTC<br/>2023-12-04 06:53:47 UTC</span></div>
</div>]]></description>
			<Style>
				<LineStyle>
					<color>ff00ff72</color>
					<width>2</width>
				</LineStyle>
			</Style>
			<MultiGeometry>
				<LineString>
					<tessellate>1</tessellate>
					<altitudeMode>absolute</altitudeMode>
					<coordinates>
						-150.859848,61.07373,1676.4 -150.832718,61.088173,1600.2 
					</coordinates>
				</LineString>
			</MultiGeometry>
		</Placemark>
		<Placemark>
			<name>P-527</name>
			<visibility>0</visibility>
			<description><![CDATA[<div><div><span><b>Altitude:</b></span> <span>5,250 ft - 5,025 ft</span></div>
<div><span><b>Speed:</b></span> <span>270 kt - 269 kt</span></div>
<div><span><b>Timestamp:</b></span><br/><span>2023-12-04 06:53:47 UTC<br/>2023-12-04 06:54:00 UTC</span></div>
</div>]]></description>
			<Style>
				<LineStyle>
					<color>ff00ff72</color>
					<width>2</width>
				</LineStyle>
			</Style>
			<MultiGeometry>
				<LineString>
					<tessellate>1</tessellate>
					<altitudeMode>absolute</altitudeMode>
					<coordinates>
						-150.832718,61.088173,1600.2 -150.81044,61.09999800000001,1531.62 
					</coordinates>
				</LineString>
			</MultiGeometry>
		</Placemark>
		<Placemark>
			<name>P-528</name>
			<visibility>0</visibility>
			<description><![CDATA[<div><div><span><b>Altitude:</b></span> <span>5,025 ft - 4,775 ft</span></div>
<div><span><b>Speed:</b></span> <span>269 kt - 261 kt</span></div>
<div><span><b>Timestamp:</b></span><br/><span>2023-12-04 06:54:00 UTC<br/>2023-12-04 06:54:15 UTC</span></div>
</div>]]></description>
			<Style>
				<LineStyle>
					<color>ff00ff72</color>
					<width>2</width>
				</LineStyle>
			</Style>
			<MultiGeometry>
				<LineString>
					<tessellate>1</tessellate>
					<altitudeMode>absolute</altitudeMode>
					<coordinates>
						-150.81044,61.09999800000001,1531.62 -150.78421,61.113876,1455.42 
					</coordinates>
				</LineString>
			</MultiGeometry>
		</Placemark>
		<Placemark>
			<name>P-529</name>
			<visibility>0</visibility>
			<description><![CDATA[<div><div><span><b>Altitude:</b></span> <span>4,775 ft - 4,650 ft</span></div>
<div><span><b>Speed:</b></span> <span>261 kt - 258 kt</span></div>
<div><span><b>Timestamp:</b></span><br/><span>2023-12-04 06:54:15 UTC<br/>2023-12-04 06:54:21 UTC</span></div>
</div>]]></description>
			<Style>
				<LineStyle>
					<color>ff00ff36</color>
					<width>2</width>
				</LineStyle>
			</Style>
			<MultiGeometry>
				<LineString>
					<tessellate>1</tessellate>
					<altitudeMode>absolute</altitudeMode>
					<coordinates>
						-150.78421,61.113876,1455.42 -150.773926,61.119316,1417.32 
					</coordinates>
				</LineString>
			</MultiGeometry>
		</Placemark>
		<Placemark>
			<name>P-530</name>
			<visibility>0</visibility>
			<description><![CDATA[<div><div><span><b>Altitude:</b></span> <span>4,650 ft - 4,500 ft</span></div>
<div><span><b>Speed:</b></span> <span>258 kt - 254 kt</span></div>
<div><span><b>Timestamp:</b></span><br/><span>2023-12-04 06:54:21 UTC<br/>2023-12-04 06:54:31 UTC</span></div>
</div>]]></description>
			<Style>
				<LineStyle>
					<color>ff00ff36</color>
					<width>2</width>
				</LineStyle>
			</Style>
			<MultiGeometry>
				<LineString>
					<tessellate>1</tessellate>
					<altitudeMode>absolute</altitudeMode>
					<coordinates>
						-150.773926,61.119316,1417.32 -150.757629,61.12788399999999,1371.6 
					</coordinates>
				</LineString>
			</MultiGeometry>
		</Placemark>
		<Placemark>
			<name>P-531</name>
			<visibility>0</visibility>
			<description><![CDATA[<div><div><span><b>Altitude:</b></span> <span>4,500 ft - 4,350 ft</span></div>
<div><span><b>Speed:</b></span> <span>254 kt - 249 kt</span></div>
<div><span><b>Timestamp:</b></span><br/><span>2023-12-04 06:54:31 UTC<br/>2023-12-04 06:54:40 UTC</span></div>
</div>]]></description>
			<Style>
				<LineStyle>
					<color>ff00ff36</color>
					<width>2</width>
				</LineStyle>
			</Style>
			<MultiGeometry>
				<LineString>
					<tessellate>1</tessellate>
					<altitudeMode>absolute</altitudeMode>
					<coordinates>
						-150.757629,61.12788399999999,1371.6 -150.742493,61.13575,1325.88 
					</coordinates>
				</LineString>
			</MultiGeometry>
		</Placemark>
		<Placemark>
			<name>P-532</name>
			<visibility>0</visibility>
			<description><![CDATA[<div><div><span><b>Altitude:</b></span> <span>4,350 ft - 4,175 ft</span></div>
<div><span><b>Speed:</b></span> <span>249 kt - 246 kt</span></div>
<div><span><b>Timestamp:</b></span><br/><span>2023-12-04 06:54:40 UTC<br/>2023-12-04 06:54:50 UTC</span></div>
</div>]]></description>
			<Style>
				<LineStyle>
					<color>ff00ff36</color>
					<width>2</width>
				</LineStyle>
			</Style>
			<MultiGeometry>
				<LineString>
					<tessellate>1</tessellate>
					<altitudeMode>absolute</altitudeMode>
					<coordinates>
						-150.742493,61.13575,1325.88 -150.727432,61.14333700000001,1272.54 
					</coordinates>
				</LineString>
			</MultiGeometry>
		</Placemark>
		<Placemark>
			<name>P-533</name>
			<visibility>0</visibility>
			<description><![CDATA[<div><div><span><b>Altitude:</b></span> <span>4,175 ft - 4,125 ft</span></div>
<div><span><b>Speed:</b></span> <span>246 kt</span></div>
<div><span><b>Timestamp:</b></span><br/><span>2023-12-04 06:54:50 UTC<br/>2023-12-04 06:54:53 UTC</span></div>
</div>]]></description>
			<Style>
				<LineStyle>
					<color>ff00ff36</color>
					<width>2</width>
				</LineStyle>
			</Style>
			<MultiGeometry>
				<LineString>
					<tessellate>1</tessellate>
					<altitudeMode>absolute</altitudeMode>
					<coordinates>
						-150.727432,61.14333700000001,1272.54 -150.721848,61.145573,1257.3 
					</coordinates>
				</LineString>
			</MultiGeometry>
		</Placemark>
		<Placemark>
			<name>P-534</name>
			<visibility>0</visibility>
			<description><![CDATA[<div><div><span><b>Altitude:</b></span> <span>4,125 ft - 4,050 ft</span></div>
<div><span><b>Speed:</b></span> <span>246 kt - 241 kt</span></div>
<div><span><b>Timestamp:</b></span><br/><span>2023-12-04 06:54:53 UTC<br/>2023-12-04 06:54:56 UTC</span></div>
</div>]]></description>
			<Style>
				<LineStyle>
					<color>ff00ff36</color>
					<width>2</width>
				</LineStyle>
			</Style>
			<MultiGeometry>
				<LineString>
					<tessellate>1</tessellate>
					<altitudeMode>absolute</altitudeMode>
					<coordinates>
						-150.721848,61.145573,1257.3 -150.715256,61.147614,1234.44 
					</coordinates>
				</LineString>
			</MultiGeometry>
		</Placemark>
		<Placemark>
			<name>P-535</name>
			<visibility>0</visibility>
			<description><![CDATA[<div><div><span><b>Altitude:</b></span> <span>4,050 ft - 4,000 ft</span></div>
<div><span><b>Speed:</b></span> <span>241 kt - 237 kt</span></div>
<div><span><b>Timestamp:</b></span><br/><span>2023-12-04 06:54:56 UTC<br/>2023-12-04 06:54:59 UTC</span></div>
</div>]]></description>
			<Style>
				<LineStyle>
					<color>ff00ff36</color>
					<width>2</width>
				</LineStyle>
			</Style>
			<MultiGeometry>
				<LineString>
					<tessellate>1</tessellate>
					<altitudeMode>absolute</altitudeMode>
					<coordinates>
						-150.715256,61.147614,1234.44 -150.708984,61.149078,1219.2 
					</coordinates>
				</LineString>
			</MultiGeometry>
		</Placemark>
		<Placemark>
			<name>P-536</name>
			<visibility>0</visibility>
			<description><![CDATA[<div><div><span><b>Altitude:</b></span> <span>4,000 ft - 3,975 ft</span></div>
<div><span><b>Speed:</b></span> <span>237 kt - 234 kt</span></div>
<div><span><b>Timestamp:</b></span><br/><span>2023-12-04 06:54:59 UTC<br/>2023-12-04 06:55:02 UTC</span></div>
</div>]]></description>
			<Style>
				<LineStyle>
					<color>ff00ff36</color>
					<width>2</width>
				</LineStyle>
			</Style>
			<MultiGeometry>
				<LineString>
					<tessellate>1</tessellate>
					<altitudeMode>absolute</altitudeMode>
					<coordinates>
						-150.708984,61.149078,1219.2 -150.702606,61.15022299999999,1211.58 
					</coordinates>
				</LineString>
			</MultiGeometry>
		</Placemark>
		<Placemark>
			<name>P-537</name>
			<visibility>0</visibility>
			<description><![CDATA[<div><div><span><b>Altitude:</b></span> <span>3,975 ft - 3,925 ft</span></div>
<div><span><b>Speed:</b></span> <span>234 kt - 232 kt</span></div>
<div><span><b>Timestamp:</b></span><br/><span>2023-12-04 06:55:02 UTC<br/>2023-12-04 06:55:06 UTC</span></div>
</div>]]></description>
			<Style>
				<LineStyle>
					<color>ff00ff36</color>
					<width>2</width>
				</LineStyle>
			</Style>
			<MultiGeometry>
				<LineString>
					<tessellate>1</tessellate>
					<altitudeMode>absolute</altitudeMode>
					<coordinates>
						-150.702606,61.15022299999999,1211.58 -150.69632,61.151184,1196.34 
					</coordinates>
				</LineString>
			</MultiGeometry>
		</Placemark>
		<Placemark>
			<name>P-538</name>
			<visibility>0</visibility>
			<description><![CDATA[<div><div><span><b>Altitude:</b></span> <span>3,925 ft - 3,875 ft</span></div>
<div><span><b>Speed:</b></span> <span>232 kt - 229 kt</span></div>
<div><span><b>Timestamp:</b></span><br/><span>2023-12-04 06:55:06 UTC<br/>2023-12-04 06:55:09 UTC</span></div>
</div>]]></description>
			<Style>
				<LineStyle>
					<color>ff00ff0c</color>
					<width>2</width>
				</LineStyle>
			</Style>
			<MultiGeometry>
				<LineString>
					<tessellate>1</tessellate>
					<altitudeMode>absolute</altitudeMode>
					<coordinates>
						-150.69632,61.151184,1196.34 -150.688873,61.152283,1181.1 
					</coordinates>
				</LineString>
			</MultiGeometry>
		</Placemark>
		<Placemark>
			<name>P-539</name>
			<visibility>0</visibility>
			<description><![CDATA[<div><div><span><b>Altitude:</b></span> <span>3,875 ft - 3,850 ft</span></div>
<div><span><b>Speed:</b></span> <span>229 kt - 227 kt</span></div>
<div><span><b>Timestamp:</b></span><br/><span>2023-12-04 06:55:09 UTC<br/>2023-12-04 06:55:12 UTC</span></div>
</div>]]></description>
			<Style>
				<LineStyle>
					<color>ff00ff0c</color>
					<width>2</width>
				</LineStyle>
			</Style>
			<MultiGeometry>
				<LineString>
					<tessellate>1</tessellate>
					<altitudeMode>absolute</altitudeMode>
					<coordinates>
						-150.688873,61.152283,1181.1 -150.682388,61.153198,1173.48 
					</coordinates>
				</LineString>
			</MultiGeometry>
		</Placemark>
		<Placemark>
			<name>P-540</name>
			<visibility>0</visibility>
			<description><![CDATA[<div><div><span><b>Altitude:</b></span> <span>3,850 ft - 3,825 ft</span></div>
<div><span><b>Speed:</b></span> <span>227 kt - 225 kt</span></div>
<div><span><b>Timestamp:</b></span><br/><span>2023-12-04 06:55:12 UTC<br/>2023-12-04 06:55:15 UTC</span></div>
</div>]]></description>
			<Style>
				<LineStyle>
					<color>ff00ff0c</color>
					<width>2</width>
				</LineStyle>
			</Style>
			<MultiGeometry>
				<LineString>
					<tessellate>1</tessellate>
					<altitudeMode>absolute</altitudeMode>
					<coordinates>
						-150.682388,61.153198,1173.48 -150.676208,61.154068,1165.86 
					</coordinates>
				</LineString>
			</MultiGeometry>
		</Placemark>
		<Placemark>
			<name>P-541</name>
			<visibility>0</visibility>
			<description><![CDATA[<div><div><span><b>Altitude:</b></span> <span>3,825 ft - 3,800 ft</span></div>
<div><span><b>Speed:</b></span> <span>225 kt - 222 kt</span></div>
<div><span><b>Timestamp:</b></span><br/><span>2023-12-04 06:55:15 UTC<br/>2023-12-04 06:55:18 UTC</span></div>
</div>]]></description>
			<Style>
				<LineStyle>
					<color>ff00ff0c</color>
					<width>2</width>
				</LineStyle>
			</Style>
			<MultiGeometry>
				<LineString>
					<tessellate>1</tessellate>
					<altitudeMode>absolute</altitudeMode>
					<coordinates>
						-150.676208,61.154068,1165.86 -150.669449,61.155022,1158.24 
					</coordinates>
				</LineString>
			</MultiGeometry>
		</Placemark>
		<Placemark>
			<name>P-542</name>
			<visibility>0</visibility>
			<description><![CDATA[<div><div><span><b>Altitude:</b></span> <span>3,800 ft</span></div>
<div><span><b>Speed:</b></span> <span>222 kt - 219 kt</span></div>
<div><span><b>Timestamp:</b></span><br/><span>2023-12-04 06:55:18 UTC<br/>2023-12-04 06:55:21 UTC</span></div>
</div>]]></description>
			<Style>
				<LineStyle>
					<color>ff00ff0c</color>
					<width>2</width>
				</LineStyle>
			</Style>
			<MultiGeometry>
				<LineString>
					<tessellate>1</tessellate>
					<altitudeMode>absolute</altitudeMode>
					<coordinates>
						-150.669449,61.155022,1158.24 -150.663071,61.155991,1158.24 
					</coordinates>
				</LineString>
			</MultiGeometry>
		</Placemark>
		<Placemark>
			<name>P-543</name>
			<visibility>0</visibility>
			<description><![CDATA[<div><div><span><b>Altitude:</b></span> <span>3,800 ft</span></div>
<div><span><b>Speed:</b></span> <span>219 kt - 217 kt</span></div>
<div><span><b>Timestamp:</b></span><br/><span>2023-12-04 06:55:21 UTC<br/>2023-12-04 06:55:24 UTC</span></div>
</div>]]></description>
			<Style>
				<LineStyle>
					<color>ff00ff0c</color>
					<width>2</width>
				</LineStyle>
			</Style>
			<MultiGeometry>
				<LineString>
					<tessellate>1</tessellate>
					<altitudeMode>absolute</altitudeMode>
					<coordinates>
						-150.663071,61.155991,1158.24 -150.657455,61.156837,1158.24 
					</coordinates>
				</LineString>
			</MultiGeometry>
		</Placemark>
		<Placemark>
			<name>P-544</name>
			<visibility>0</visibility>
			<description><![CDATA[<div><div><span><b>Altitude:</b></span> <span>3,800 ft</span></div>
<div><span><b>Speed:</b></span> <span>217 kt - 214 kt</span></div>
<div><span><b>Timestamp:</b></span><br/><span>2023-12-04 06:55:24 UTC<br/>2023-12-04 06:55:27 UTC</span></div>
</div>]]></description>
			<Style>
				<LineStyle>
					<color>ff00ff0c</color>
					<width>2</width>
				</LineStyle>
			</Style>
			<MultiGeometry>
				<LineString>
					<tessellate>1</tessellate>
					<altitudeMode>absolute</altitudeMode>
					<coordinates>
						-150.657455,61.156837,1158.24 -150.651596,61.157776,1158.24 
					</coordinates>
				</LineString>
			</MultiGeometry>
		</Placemark>
		<Placemark>
			<name>P-545</name>
			<visibility>0</visibility>
			<description><![CDATA[<div><div><span><b>Altitude:</b></span> <span>3,800 ft - 3,775 ft</span></div>
<div><span><b>Speed:</b></span> <span>214 kt - 204 kt</span></div>
<div><span><b>Timestamp:</b></span><br/><span>2023-12-04 06:55:27 UTC<br/>2023-12-04 06:55:37 UTC</span></div>
</div>]]></description>
			<Style>
				<LineStyle>
					<color>ff00ff0c</color>
					<width>2</width>
				</LineStyle>
			</Style>
			<MultiGeometry>
				<LineString>
					<tessellate>1</tessellate>
					<altitudeMode>absolute</altitudeMode>
					<coordinates>
						-150.651596,61.157776,1158.24 -150.633453,61.16066000000001,1150.62 
					</coordinates>
				</LineString>
			</MultiGeometry>
		</Placemark>
		<Placemark>
			<name>P-546</name>
			<visibility>0</visibility>
			<description><![CDATA[<div><div><span><b>Altitude:</b></span> <span>3,775 ft</span></div>
<div><span><b>Speed:</b></span> <span>204 kt - 196 kt</span></div>
<div><span><b>Timestamp:</b></span><br/><span>2023-12-04 06:55:37 UTC<br/>2023-12-04 06:55:46 UTC</span></div>
</div>]]></description>
			<Style>
				<LineStyle>
					<color>ff00ff0c</color>
					<width>2</width>
				</LineStyle>
			</Style>
			<MultiGeometry>
				<LineString>
					<tessellate>1</tessellate>
					<altitudeMode>absolute</altitudeMode>
					<coordinates>
						-150.633453,61.16066000000001,1150.62 -150.61676,61.163216,1150.62 
					</coordinates>
				</LineString>
			</MultiGeometry>
		</Placemark>
		<Placemark>
			<name>P-547</name>
			<visibility>0</visibility>
			<description><![CDATA[<div><div><span><b>Altitude:</b></span> <span>3,775 ft</span></div>
<div><span><b>Speed:</b></span> <span>196 kt - 192 kt</span></div>
<div><span><b>Timestamp:</b></span><br/><span>2023-12-04 06:55:46 UTC<br/>2023-12-04 06:55:52 UTC</span></div>
</div>]]></description>
			<Style>
				<LineStyle>
					<color>ff00ff0c</color>
					<width>2</width>
				</LineStyle>
			</Style>
			<MultiGeometry>
				<LineString>
					<tessellate>1</tessellate>
					<altitudeMode>absolute</altitudeMode>
					<coordinates>
						-150.61676,61.163216,1150.62 -150.605591,61.164322,1150.62 
					</coordinates>
				</LineString>
			</MultiGeometry>
		</Placemark>
		<Placemark>
			<name>P-548</name>
			<visibility>0</visibility>
			<description><![CDATA[<div><div><span><b>Altitude:</b></span> <span>3,775 ft</span></div>
<div><span><b>Speed:</b></span> <span>192 kt - 188 kt</span></div>
<div><span><b>Timestamp:</b></span><br/><span>2023-12-04 06:55:52 UTC<br/>2023-12-04 06:55:55 UTC</span></div>
</div>]]></description>
			<Style>
				<LineStyle>
					<color>ff00ff0c</color>
					<width>2</width>
				</LineStyle>
			</Style>
			<MultiGeometry>
				<LineString>
					<tessellate>1</tessellate>
					<altitudeMode>absolute</altitudeMode>
					<coordinates>
						-150.605591,61.164322,1150.62 -150.599991,61.164688,1150.62 
					</coordinates>
				</LineString>
			</MultiGeometry>
		</Placemark>
		<Placemark>
			<name>P-549</name>
			<visibility>0</visibility>
			<description><![CDATA[<div><div><span><b>Altitude:</b></span> <span>3,775 ft</span></div>
<div><span><b>Speed:</b></span> <span>188 kt - 185 kt</span></div>
<div><span><b>Timestamp:</b></span><br/><span>2023-12-04 06:55:55 UTC<br/>2023-12-04 06:55:59 UTC</span></div>
</div>]]></description>
			<Style>
				<LineStyle>
					<color>ff00ff0c</color>
					<width>2</width>
				</LineStyle>
			</Style>
			<MultiGeometry>
				<LineString>
					<tessellate>1</tessellate>
					<altitudeMode>absolute</altitudeMode>
					<coordinates>
						-150.599991,61.164688,1150.62 -150.593719,61.165009,1150.62 
					</coordinates>
				</LineString>
			</MultiGeometry>
		</Placemark>
		<Placemark>
			<name>P-550</name>
			<visibility>0</visibility>
			<description><![CDATA[<div><div><span><b>Altitude:</b></span> <span>3,775 ft</span></div>
<div><span><b>Speed:</b></span> <span>185 kt - 182 kt</span></div>
<div><span><b>Timestamp:</b></span><br/><span>2023-12-04 06:55:59 UTC<br/>2023-12-04 06:56:02 UTC</span></div>
</div>]]></description>
			<Style>
				<LineStyle>
					<color>ff00ff0c</color>
					<width>2</width>
				</LineStyle>
			</Style>
			<MultiGeometry>
				<LineString>
					<tessellate>1</tessellate>
					<altitudeMode>absolute</altitudeMode>
					<coordinates>
						-150.593719,61.165009,1150.62 -150.588623,61.165237,1150.62 
					</coordinates>
				</LineString>
			</MultiGeometry>
		</Placemark>
		<Placemark>
			<name>P-551</name>
			<visibility>0</visibility>
			<description><![CDATA[<div><div><span><b>Altitude:</b></span> <span>3,775 ft</span></div>
<div><span><b>Speed:</b></span> <span>182 kt - 180 kt</span></div>
<div><span><b>Timestamp:</b></span><br/><span>2023-12-04 06:56:02 UTC<br/>2023-12-04 06:56:05 UTC</span></div>
</div>]]></description>
			<Style>
				<LineStyle>
					<color>ff00ff0c</color>
					<width>2</width>
				</LineStyle>
			</Style>
			<MultiGeometry>
				<LineString>
					<tessellate>1</tessellate>
					<altitudeMode>absolute</altitudeMode>
					<coordinates>
						-150.588623,61.165237,1150.62 -150.582993,61.165451,1150.62 
					</coordinates>
				</LineString>
			</MultiGeometry>
		</Placemark>
		<Placemark>
			<name>P-552</name>
			<visibility>0</visibility>
			<description><![CDATA[<div><div><span><b>Altitude:</b></span> <span>3,775 ft</span></div>
<div><span><b>Speed:</b></span> <span>180 kt - 178 kt</span></div>
<div><span><b>Timestamp:</b></span><br/><span>2023-12-04 06:56:05 UTC<br/>2023-12-04 06:56:09 UTC</span></div>
</div>]]></description>
			<Style>
				<LineStyle>
					<color>ff00ff0c</color>
					<width>2</width>
				</LineStyle>
			</Style>
			<MultiGeometry>
				<LineString>
					<tessellate>1</tessellate>
					<altitudeMode>absolute</altitudeMode>
					<coordinates>
						-150.582993,61.165451,1150.62 -150.57724,61.16564900000001,1150.62 
					</coordinates>
				</LineString>
			</MultiGeometry>
		</Placemark>
		<Placemark>
			<name>P-553</name>
			<visibility>0</visibility>
			<description><![CDATA[<div><div><span><b>Altitude:</b></span> <span>3,775 ft</span></div>
<div><span><b>Speed:</b></span> <span>178 kt - 176 kt</span></div>
<div><span><b>Timestamp:</b></span><br/><span>2023-12-04 06:56:09 UTC<br/>2023-12-04 06:56:11 UTC</span></div>
</div>]]></description>
			<Style>
				<LineStyle>
					<color>ff00ff0c</color>
					<width>2</width>
				</LineStyle>
			</Style>
			<MultiGeometry>
				<LineString>
					<tessellate>1</tessellate>
					<altitudeMode>absolute</altitudeMode>
					<coordinates>
						-150.57724,61.16564900000001,1150.62 -150.572403,61.165775,1150.62 
					</coordinates>
				</LineString>
			</MultiGeometry>
		</Placemark>
		<Placemark>
			<name>P-554</name>
			<visibility>0</visibility>
			<description><![CDATA[<div><div><span><b>Altitude:</b></span> <span>3,775 ft</span></div>
<div><span><b>Speed:</b></span> <span>176 kt - 175 kt</span></div>
<div><span><b>Timestamp:</b></span><br/><span>2023-12-04 06:56:11 UTC<br/>2023-12-04 06:56:15 UTC</span></div>
</div>]]></description>
			<Style>
				<LineStyle>
					<color>ff00ff0c</color>
					<width>2</width>
				</LineStyle>
			</Style>
			<MultiGeometry>
				<LineString>
					<tessellate>1</tessellate>
					<altitudeMode>absolute</altitudeMode>
					<coordinates>
						-150.572403,61.165775,1150.62 -150.567032,61.16583300000001,1150.62 
					</coordinates>
				</LineString>
			</MultiGeometry>
		</Placemark>
		<Placemark>
			<name>P-555</name>
			<visibility>0</visibility>
			<description><![CDATA[<div><div><span><b>Altitude:</b></span> <span>3,775 ft</span></div>
<div><span><b>Speed:</b></span> <span>175 kt - 174 kt</span></div>
<div><span><b>Timestamp:</b></span><br/><span>2023-12-04 06:56:15 UTC<br/>2023-12-04 06:56:18 UTC</span></div>
</div>]]></description>
			<Style>
				<LineStyle>
					<color>ff00ff0c</color>
					<width>2</width>
				</LineStyle>
			</Style>
			<MultiGeometry>
				<LineString>
					<tessellate>1</tessellate>
					<altitudeMode>absolute</altitudeMode>
					<coordinates>
						-150.567032,61.16583300000001,1150.62 -150.561722,61.165916,1150.62 
					</coordinates>
				</LineString>
			</MultiGeometry>
		</Placemark>
		<Placemark>
			<name>P-556</name>
			<visibility>0</visibility>
			<description><![CDATA[<div><div><span><b>Altitude:</b></span> <span>3,775 ft</span></div>
<div><span><b>Speed:</b></span> <span>174 kt - 173 kt</span></div>
<div><span><b>Timestamp:</b></span><br/><span>2023-12-04 06:56:18 UTC<br/>2023-12-04 06:56:21 UTC</span></div>
</div>]]></description>
			<Style>
				<LineStyle>
					<color>ff00ff0c</color>
					<width>2</width>
				</LineStyle>
			</Style>
			<MultiGeometry>
				<LineString>
					<tessellate>1</tessellate>
					<altitudeMode>absolute</altitudeMode>
					<coordinates>
						-150.561722,61.165916,1150.62 -150.556641,61.16600799999999,1150.62 
					</coordinates>
				</LineString>
			</MultiGeometry>
		</Placemark>
		<Placemark>
			<name>P-557</name>
			<visibility>0</visibility>
			<description><![CDATA[<div><div><span><b>Altitude:</b></span> <span>3,775 ft - 3,800 ft</span></div>
<div><span><b>Speed:</b></span> <span>173 kt - 174 kt</span></div>
<div><span><b>Timestamp:</b></span><br/><span>2023-12-04 06:56:21 UTC<br/>2023-12-04 06:56:24 UTC</span></div>
</div>]]></description>
			<Style>
				<LineStyle>
					<color>ff00ff0c</color>
					<width>2</width>
				</LineStyle>
			</Style>
			<MultiGeometry>
				<LineString>
					<tessellate>1</tessellate>
					<altitudeMode>absolute</altitudeMode>
					<coordinates>
						-150.556641,61.16600799999999,1150.62 -150.551834,61.166061,1158.24 
					</coordinates>
				</LineString>
			</MultiGeometry>
		</Placemark>
		<Placemark>
			<name>P-558</name>
			<visibility>0</visibility>
			<description><![CDATA[<div><div><span><b>Altitude:</b></span> <span>3,800 ft - 3,775 ft</span></div>
<div><span><b>Speed:</b></span> <span>174 kt - 175 kt</span></div>
<div><span><b>Timestamp:</b></span><br/><span>2023-12-04 06:56:24 UTC<br/>2023-12-04 06:56:27 UTC</span></div>
</div>]]></description>
			<Style>
				<LineStyle>
					<color>ff00ff0c</color>
					<width>2</width>
				</LineStyle>
			</Style>
			<MultiGeometry>
				<LineString>
					<tessellate>1</tessellate>
					<altitudeMode>absolute</altitudeMode>
					<coordinates>
						-150.551834,61.166061,1158.24 -150.546051,61.166153,1150.62 
					</coordinates>
				</LineString>
			</MultiGeometry>
		</Placemark>
		<Placemark>
			<name>P-559</name>
			<visibility>0</visibility>
			<description><![CDATA[<div><div><span><b>Altitude:</b></span> <span>3,775 ft</span></div>
<div><span><b>Speed:</b></span> <span>175 kt - 173 kt</span></div>
<div><span><b>Timestamp:</b></span><br/><span>2023-12-04 06:56:27 UTC<br/>2023-12-04 06:56:36 UTC</span></div>
</div>]]></description>
			<Style>
				<LineStyle>
					<color>ff00ff0c</color>
					<width>2</width>
				</LineStyle>
			</Style>
			<MultiGeometry>
				<LineString>
					<tessellate>1</tessellate>
					<altitudeMode>absolute</altitudeMode>
					<coordinates>
						-150.546051,61.166153,1150.62 -150.531143,61.166245,1150.62 
					</coordinates>
				</LineString>
			</MultiGeometry>
		</Placemark>
		<Placemark>
			<name>P-560</name>
			<visibility>0</visibility>
			<description><![CDATA[<div><div><span><b>Altitude:</b></span> <span>3,775 ft</span></div>
<div><span><b>Speed:</b></span> <span>173 kt - 170 kt</span></div>
<div><span><b>Timestamp:</b></span><br/><span>2023-12-04 06:56:36 UTC<br/>2023-12-04 06:56:46 UTC</span></div>
</div>]]></description>
			<Style>
				<LineStyle>
					<color>ff00ff0c</color>
					<width>2</width>
				</LineStyle>
			</Style>
			<MultiGeometry>
				<LineString>
					<tessellate>1</tessellate>
					<altitudeMode>absolute</altitudeMode>
					<coordinates>
						-150.531143,61.166245,1150.62 -150.51564,61.166336,1150.62 
					</coordinates>
				</LineString>
			</MultiGeometry>
		</Placemark>
		<Placemark>
			<name>P-561</name>
			<visibility>0</visibility>
			<description><![CDATA[<div><div><span><b>Altitude:</b></span> <span>3,775 ft</span></div>
<div><span><b>Speed:</b></span> <span>170 kt - 169 kt</span></div>
<div><span><b>Timestamp:</b></span><br/><span>2023-12-04 06:56:46 UTC<br/>2023-12-04 06:56:55 UTC</span></div>
</div>]]></description>
			<Style>
				<LineStyle>
					<color>ff00ff0c</color>
					<width>2</width>
				</LineStyle>
			</Style>
			<MultiGeometry>
				<LineString>
					<tessellate>1</tessellate>
					<altitudeMode>absolute</altitudeMode>
					<coordinates>
						-150.51564,61.166336,1150.62 -150.500427,61.16638200000001,1150.62 
					</coordinates>
				</LineString>
			</MultiGeometry>
		</Placemark>
		<Placemark>
			<name>P-562</name>
			<visibility>0</visibility>
			<description><![CDATA[<div><div><span><b>Altitude:</b></span> <span>3,775 ft</span></div>
<div><span><b>Speed:</b></span> <span>169 kt</span></div>
<div><span><b>Timestamp:</b></span><br/><span>2023-12-04 06:56:55 UTC<br/>2023-12-04 06:57:01 UTC</span></div>
</div>]]></description>
			<Style>
				<LineStyle>
					<color>ff00ff0c</color>
					<width>2</width>
				</LineStyle>
			</Style>
			<MultiGeometry>
				<LineString>
					<tessellate>1</tessellate>
					<altitudeMode>absolute</altitudeMode>
					<coordinates>
						-150.500427,61.16638200000001,1150.62 -150.490616,61.166428,1150.62 
					</coordinates>
				</LineString>
			</MultiGeometry>
		</Placemark>
		<Placemark>
			<name>P-563</name>
			<visibility>0</visibility>
			<description><![CDATA[<div><div><span><b>Altitude:</b></span> <span>3,775 ft</span></div>
<div><span><b>Speed:</b></span> <span>169 kt</span></div>
<div><span><b>Timestamp:</b></span><br/><span>2023-12-04 06:57:01 UTC<br/>2023-12-04 06:57:11 UTC</span></div>
</div>]]></description>
			<Style>
				<LineStyle>
					<color>ff00ff0c</color>
					<width>2</width>
				</LineStyle>
			</Style>
			<MultiGeometry>
				<LineString>
					<tessellate>1</tessellate>
					<altitudeMode>absolute</altitudeMode>
					<coordinates>
						-150.490616,61.166428,1150.62 -150.47522,61.166519,1150.62 
					</coordinates>
				</LineString>
			</MultiGeometry>
		</Placemark>
		<Placemark>
			<name>P-564</name>
			<visibility>0</visibility>
			<description><![CDATA[<div><div><span><b>Altitude:</b></span> <span>3,775 ft</span></div>
<div><span><b>Speed:</b></span> <span>169 kt</span></div>
<div><span><b>Timestamp:</b></span><br/><span>2023-12-04 06:57:11 UTC<br/>2023-12-04 06:57:20 UTC</span></div>
</div>]]></description>
			<Style>
				<LineStyle>
					<color>ff00ff0c</color>
					<width>2</width>
				</LineStyle>
			</Style>
			<MultiGeometry>
				<LineString>
					<tessellate>1</tessellate>
					<altitudeMode>absolute</altitudeMode>
					<coordinates>
						-150.47522,61.166519,1150.62 -150.46022,61.166611,1150.62 
					</coordinates>
				</LineString>
			</MultiGeometry>
		</Placemark>
		<Placemark>
			<name>P-565</name>
			<visibility>0</visibility>
			<description><![CDATA[<div><div><span><b>Altitude:</b></span> <span>3,775 ft</span></div>
<div><span><b>Speed:</b></span> <span>169 kt</span></div>
<div><span><b>Timestamp:</b></span><br/><span>2023-12-04 06:57:20 UTC<br/>2023-12-04 06:57:26 UTC</span></div>
</div>]]></description>
			<Style>
				<LineStyle>
					<color>ff00ff0c</color>
					<width>2</width>
				</LineStyle>
			</Style>
			<MultiGeometry>
				<LineString>
					<tessellate>1</tessellate>
					<altitudeMode>absolute</altitudeMode>
					<coordinates>
						-150.46022,61.166611,1150.62 -150.449722,61.166611,1150.62 
					</coordinates>
				</LineString>
			</MultiGeometry>
		</Placemark>
		<Placemark>
			<name>P-566</name>
			<visibility>0</visibility>
			<description><![CDATA[<div><div><span><b>Altitude:</b></span> <span>3,775 ft</span></div>
<div><span><b>Speed:</b></span> <span>169 kt</span></div>
<div><span><b>Timestamp:</b></span><br/><span>2023-12-04 06:57:26 UTC<br/>2023-12-04 06:57:36 UTC</span></div>
</div>]]></description>
			<Style>
				<LineStyle>
					<color>ff00ff0c</color>
					<width>2</width>
				</LineStyle>
			</Style>
			<MultiGeometry>
				<LineString>
					<tessellate>1</tessellate>
					<altitudeMode>absolute</altitudeMode>
					<coordinates>
						-150.449722,61.166611,1150.62 -150.435104,61.166656,1150.62 
					</coordinates>
				</LineString>
			</MultiGeometry>
		</Placemark>
		<Placemark>
			<name>P-567</name>
			<visibility>0</visibility>
			<description><![CDATA[<div><div><span><b>Altitude:</b></span> <span>3,775 ft</span></div>
<div><span><b>Speed:</b></span> <span>169 kt - 170 kt</span></div>
<div><span><b>Timestamp:</b></span><br/><span>2023-12-04 06:57:36 UTC<br/>2023-12-04 06:57:45 UTC</span></div>
</div>]]></description>
			<Style>
				<LineStyle>
					<color>ff00ff0c</color>
					<width>2</width>
				</LineStyle>
			</Style>
			<MultiGeometry>
				<LineString>
					<tessellate>1</tessellate>
					<altitudeMode>absolute</altitudeMode>
					<coordinates>
						-150.435104,61.166656,1150.62 -150.419708,61.166702,1150.62 
					</coordinates>
				</LineString>
			</MultiGeometry>
		</Placemark>
		<Placemark>
			<name>P-568</name>
			<visibility>0</visibility>
			<description><![CDATA[<div><div><span><b>Altitude:</b></span> <span>3,775 ft</span></div>
<div><span><b>Speed:</b></span> <span>170 kt</span></div>
<div><span><b>Timestamp:</b></span><br/><span>2023-12-04 06:57:45 UTC<br/>2023-12-04 06:57:52 UTC</span></div>
</div>]]></description>
			<Style>
				<LineStyle>
					<color>ff00ff0c</color>
					<width>2</width>
				</LineStyle>
			</Style>
			<MultiGeometry>
				<LineString>
					<tessellate>1</tessellate>
					<altitudeMode>absolute</altitudeMode>
					<coordinates>
						-150.419708,61.166702,1150.62 -150.409012,61.166794,1150.62 
					</coordinates>
				</LineString>
			</MultiGeometry>
		</Placemark>
		<Placemark>
			<name>P-569</name>
			<visibility>0</visibility>
			<description><![CDATA[<div><div><span><b>Altitude:</b></span> <span>3,775 ft</span></div>
<div><span><b>Speed:</b></span> <span>170 kt - 171 kt</span></div>
<div><span><b>Timestamp:</b></span><br/><span>2023-12-04 06:57:52 UTC<br/>2023-12-04 06:58:01 UTC</span></div>
</div>]]></description>
			<Style>
				<LineStyle>
					<color>ff00ff0c</color>
					<width>2</width>
				</LineStyle>
			</Style>
			<MultiGeometry>
				<LineString>
					<tessellate>1</tessellate>
					<altitudeMode>absolute</altitudeMode>
					<coordinates>
						-150.409012,61.166794,1150.62 -150.394089,61.166847,1150.62 
					</coordinates>
				</LineString>
			</MultiGeometry>
		</Placemark>
		<Placemark>
			<name>P-570</name>
			<visibility>0</visibility>
			<description><![CDATA[<div><div><span><b>Altitude:</b></span> <span>3,775 ft</span></div>
<div><span><b>Speed:</b></span> <span>171 kt - 172 kt</span></div>
<div><span><b>Timestamp:</b></span><br/><span>2023-12-04 06:58:01 UTC<br/>2023-12-04 06:58:10 UTC</span></div>
</div>]]></description>
			<Style>
				<LineStyle>
					<color>ff00ff0c</color>
					<width>2</width>
				</LineStyle>
			</Style>
			<MultiGeometry>
				<LineString>
					<tessellate>1</tessellate>
					<altitudeMode>absolute</altitudeMode>
					<coordinates>
						-150.394089,61.166847,1150.62 -150.37851,61.16693099999999,1150.62 
					</coordinates>
				</LineString>
			</MultiGeometry>
		</Placemark>
		<Placemark>
			<name>P-571</name>
			<visibility>0</visibility>
			<description><![CDATA[<div><div><span><b>Altitude:</b></span> <span>3,775 ft</span></div>
<div><span><b>Speed:</b></span> <span>172 kt - 173 kt</span></div>
<div><span><b>Timestamp:</b></span><br/><span>2023-12-04 06:58:10 UTC<br/>2023-12-04 06:58:20 UTC</span></div>
</div>]]></description>
			<Style>
				<LineStyle>
					<color>ff00ff0c</color>
					<width>2</width>
				</LineStyle>
			</Style>
			<MultiGeometry>
				<LineString>
					<tessellate>1</tessellate>
					<altitudeMode>absolute</altitudeMode>
					<coordinates>
						-150.37851,61.16693099999999,1150.62 -150.362518,61.166977,1150.62 
					</coordinates>
				</LineString>
			</MultiGeometry>
		</Placemark>
		<Placemark>
			<name>P-572</name>
			<visibility>0</visibility>
			<description><![CDATA[<div><div><span><b>Altitude:</b></span> <span>3,775 ft</span></div>
<div><span><b>Speed:</b></span> <span>173 kt - 172 kt</span></div>
<div><span><b>Timestamp:</b></span><br/><span>2023-12-04 06:58:20 UTC<br/>2023-12-04 06:58:29 UTC</span></div>
</div>]]></description>
			<Style>
				<LineStyle>
					<color>ff00ff0c</color>
					<width>2</width>
				</LineStyle>
			</Style>
			<MultiGeometry>
				<LineString>
					<tessellate>1</tessellate>
					<altitudeMode>absolute</altitudeMode>
					<coordinates>
						-150.362518,61.166977,1150.62 -150.347794,61.167034,1150.62 
					</coordinates>
				</LineString>
			</MultiGeometry>
		</Placemark>
		<Placemark>
			<name>P-573</name>
			<visibility>0</visibility>
			<description><![CDATA[<div><div><span><b>Altitude:</b></span> <span>3,775 ft</span></div>
<div><span><b>Speed:</b></span> <span>172 kt</span></div>
<div><span><b>Timestamp:</b></span><br/><span>2023-12-04 06:58:29 UTC<br/>2023-12-04 06:58:35 UTC</span></div>
</div>]]></description>
			<Style>
				<LineStyle>
					<color>ff00ff0c</color>
					<width>2</width>
				</LineStyle>
			</Style>
			<MultiGeometry>
				<LineString>
					<tessellate>1</tessellate>
					<altitudeMode>absolute</altitudeMode>
					<coordinates>
						-150.347794,61.167034,1150.62 -150.336914,61.16708000000001,1150.62 
					</coordinates>
				</LineString>
			</MultiGeometry>
		</Placemark>
		<Placemark>
			<name>P-574</name>
			<visibility>0</visibility>
			<description><![CDATA[<div><div><span><b>Altitude:</b></span> <span>3,775 ft - 3,650 ft</span></div>
<div><span><b>Speed:</b></span> <span>172 kt - 175 kt</span></div>
<div><span><b>Timestamp:</b></span><br/><span>2023-12-04 06:58:35 UTC<br/>2023-12-04 06:58:45 UTC</span></div>
</div>]]></description>
			<Style>
				<LineStyle>
					<color>ff00ff0c</color>
					<width>2</width>
				</LineStyle>
			</Style>
			<MultiGeometry>
				<LineString>
					<tessellate>1</tessellate>
					<altitudeMode>absolute</altitudeMode>
					<coordinates>
						-150.336914,61.16708000000001,1150.62 -150.321762,61.167126,1112.52 
					</coordinates>
				</LineString>
			</MultiGeometry>
		</Placemark>
		<Placemark>
			<name>P-575</name>
			<visibility>0</visibility>
			<description><![CDATA[<div><div><span><b>Altitude:</b></span> <span>3,650 ft - 3,525 ft</span></div>
<div><span><b>Speed:</b></span> <span>175 kt - 173 kt</span></div>
<div><span><b>Timestamp:</b></span><br/><span>2023-12-04 06:58:45 UTC<br/>2023-12-04 06:58:54 UTC</span></div>
</div>]]></description>
			<Style>
				<LineStyle>
					<color>ff00ff0c</color>
					<width>2</width>
				</LineStyle>
			</Style>
			<MultiGeometry>
				<LineString>
					<tessellate>1</tessellate>
					<altitudeMode>absolute</altitudeMode>
					<coordinates>
						-150.321762,61.167126,1112.52 -150.306305,61.16716000000001,1074.42 
					</coordinates>
				</LineString>
			</MultiGeometry>
		</Placemark>
		<Placemark>
			<name>P-576</name>
			<visibility>0</visibility>
			<description><![CDATA[<div><div><span><b>Altitude:</b></span> <span>3,525 ft - 3,450 ft</span></div>
<div><span><b>Speed:</b></span> <span>173 kt - 172 kt</span></div>
<div><span><b>Timestamp:</b></span><br/><span>2023-12-04 06:58:54 UTC<br/>2023-12-04 06:59:00 UTC</span></div>
</div>]]></description>
			<Style>
				<LineStyle>
					<color>ff00ff0c</color>
					<width>2</width>
				</LineStyle>
			</Style>
			<MultiGeometry>
				<LineString>
					<tessellate>1</tessellate>
					<altitudeMode>absolute</altitudeMode>
					<coordinates>
						-150.306305,61.16716000000001,1074.42 -150.295914,61.167221,1051.56 
					</coordinates>
				</LineString>
			</MultiGeometry>
		</Placemark>
		<Placemark>
			<name>P-577</name>
			<visibility>0</visibility>
			<description><![CDATA[<div><div><span><b>Altitude:</b></span> <span>3,450 ft - 3,275 ft</span></div>
<div><span><b>Speed:</b></span> <span>172 kt - 169 kt</span></div>
<div><span><b>Timestamp:</b></span><br/><span>2023-12-04 06:59:00 UTC<br/>2023-12-04 06:59:10 UTC</span></div>
</div>]]></description>
			<Style>
				<LineStyle>
					<color>ff00ff0c</color>
					<width>2</width>
				</LineStyle>
			</Style>
			<MultiGeometry>
				<LineString>
					<tessellate>1</tessellate>
					<altitudeMode>absolute</altitudeMode>
					<coordinates>
						-150.295914,61.167221,1051.56 -150.280518,61.167252,998.2199999999998 
					</coordinates>
				</LineString>
			</MultiGeometry>
		</Placemark>
		<Placemark>
			<name>P-578</name>
			<visibility>0</visibility>
			<description><![CDATA[<div><div><span><b>Altitude:</b></span> <span>3,275 ft - 3,100 ft</span></div>
<div><span><b>Speed:</b></span> <span>169 kt - 167 kt</span></div>
<div><span><b>Timestamp:</b></span><br/><span>2023-12-04 06:59:10 UTC<br/>2023-12-04 06:59:19 UTC</span></div>
</div>]]></description>
			<Style>
				<LineStyle>
					<color>ff1eff00</color>
					<width>2</width>
				</LineStyle>
			</Style>
			<MultiGeometry>
				<LineString>
					<tessellate>1</tessellate>
					<altitudeMode>absolute</altitudeMode>
					<coordinates>
						-150.280518,61.167252,998.2199999999998 -150.266098,61.167297,944.8799999999998 
					</coordinates>
				</LineString>
			</MultiGeometry>
		</Placemark>
		<Placemark>
			<name>P-579</name>
			<visibility>0</visibility>
			<description><![CDATA[<div><div><span><b>Altitude:</b></span> <span>3,100 ft - 2,975 ft</span></div>
<div><span><b>Speed:</b></span> <span>167 kt - 158 kt</span></div>
<div><span><b>Timestamp:</b></span><br/><span>2023-12-04 06:59:19 UTC<br/>2023-12-04 06:59:28 UTC</span></div>
</div>]]></description>
			<Style>
				<LineStyle>
					<color>ff1eff00</color>
					<width>2</width>
				</LineStyle>
			</Style>
			<MultiGeometry>
				<LineString>
					<tessellate>1</tessellate>
					<altitudeMode>absolute</altitudeMode>
					<coordinates>
						-150.266098,61.167297,944.8799999999998 -150.251266,61.16731299999999,906.78 
					</coordinates>
				</LineString>
			</MultiGeometry>
		</Placemark>
		<Placemark>
			<name>P-580</name>
			<visibility>0</visibility>
			<description><![CDATA[<div><div><span><b>Altitude:</b></span> <span>2,975 ft - 2,850 ft</span></div>
<div><span><b>Speed:</b></span> <span>158 kt - 152 kt</span></div>
<div><span><b>Timestamp:</b></span><br/><span>2023-12-04 06:59:28 UTC<br/>2023-12-04 06:59:38 UTC</span></div>
</div>]]></description>
			<Style>
				<LineStyle>
					<color>ff1eff00</color>
					<width>2</width>
				</LineStyle>
			</Style>
			<MultiGeometry>
				<LineString>
					<tessellate>1</tessellate>
					<altitudeMode>absolute</altitudeMode>
					<coordinates>
						-150.251266,61.16731299999999,906.78 -150.23793,61.167404,868.6799999999999 
					</coordinates>
				</LineString>
			</MultiGeometry>
		</Placemark>
		<Placemark>
			<name>P-581</name>
			<visibility>0</visibility>
			<description><![CDATA[<div><div><span><b>Altitude:</b></span> <span>2,850 ft - 2,750 ft</span></div>
<div><span><b>Speed:</b></span> <span>152 kt - 143 kt</span></div>
<div><span><b>Timestamp:</b></span><br/><span>2023-12-04 06:59:38 UTC<br/>2023-12-04 06:59:47 UTC</span></div>
</div>]]></description>
			<Style>
				<LineStyle>
					<color>ff1eff00</color>
					<width>2</width>
				</LineStyle>
			</Style>
			<MultiGeometry>
				<LineString>
					<tessellate>1</tessellate>
					<altitudeMode>absolute</altitudeMode>
					<coordinates>
						-150.23793,61.167404,868.6799999999999 -150.224808,61.167454,838.2 
					</coordinates>
				</LineString>
			</MultiGeometry>
		</Placemark>
		<Placemark>
			<name>P-582</name>
			<visibility>0</visibility>
			<description><![CDATA[<div><div><span><b>Altitude:</b></span> <span>2,750 ft - 2,625 ft</span></div>
<div><span><b>Speed:</b></span> <span>143 kt - 132 kt</span></div>
<div><span><b>Timestamp:</b></span><br/><span>2023-12-04 06:59:47 UTC<br/>2023-12-04 06:59:56 UTC</span></div>
</div>]]></description>
			<Style>
				<LineStyle>
					<color>ff1eff00</color>
					<width>2</width>
				</LineStyle>
			</Style>
			<MultiGeometry>
				<LineString>
					<tessellate>1</tessellate>
					<altitudeMode>absolute</altitudeMode>
					<coordinates>
						-150.224808,61.167454,838.2 -150.212708,61.167454,800.1000000000001 
					</coordinates>
				</LineString>
			</MultiGeometry>
		</Placemark>
		<Placemark>
			<name>P-583</name>
			<visibility>0</visibility>
			<description><![CDATA[<div><div><span><b>Altitude:</b></span> <span>2,625 ft - 2,550 ft</span></div>
<div><span><b>Speed:</b></span> <span>132 kt - 129 kt</span></div>
<div><span><b>Timestamp:</b></span><br/><span>2023-12-04 06:59:56 UTC<br/>2023-12-04 07:00:03 UTC</span></div>
</div>]]></description>
			<Style>
				<LineStyle>
					<color>ff1eff00</color>
					<width>2</width>
				</LineStyle>
			</Style>
			<MultiGeometry>
				<LineString>
					<tessellate>1</tessellate>
					<altitudeMode>absolute</altitudeMode>
					<coordinates>
						-150.212708,61.167454,800.1000000000001 -150.20488,61.1675,777.2399999999998 
					</coordinates>
				</LineString>
			</MultiGeometry>
		</Placemark>
		<Placemark>
			<name>P-584</name>
			<visibility>0</visibility>
			<description><![CDATA[<div><div><span><b>Altitude:</b></span> <span>2,550 ft - 2,425 ft</span></div>
<div><span><b>Speed:</b></span> <span>129 kt - 127 kt</span></div>
<div><span><b>Timestamp:</b></span><br/><span>2023-12-04 07:00:03 UTC<br/>2023-12-04 07:00:11 UTC</span></div>
</div>]]></description>
			<Style>
				<LineStyle>
					<color>ff42ff00</color>
					<width>2</width>
				</LineStyle>
			</Style>
			<MultiGeometry>
				<LineString>
					<tessellate>1</tessellate>
					<altitudeMode>absolute</altitudeMode>
					<coordinates>
						-150.20488,61.1675,777.2399999999998 -150.19429,61.16748,739.14 
					</coordinates>
				</LineString>
			</MultiGeometry>
		</Placemark>
		<Placemark>
			<name>P-585</name>
			<visibility>0</visibility>
			<description><![CDATA[<div><div><span><b>Altitude:</b></span> <span>2,425 ft - 2,350 ft</span></div>
<div><span><b>Speed:</b></span> <span>127 kt - 122 kt</span></div>
<div><span><b>Timestamp:</b></span><br/><span>2023-12-04 07:00:11 UTC<br/>2023-12-04 07:00:21 UTC</span></div>
</div>]]></description>
			<Style>
				<LineStyle>
					<color>ff42ff00</color>
					<width>2</width>
				</LineStyle>
			</Style>
			<MultiGeometry>
				<LineString>
					<tessellate>1</tessellate>
					<altitudeMode>absolute</altitudeMode>
					<coordinates>
						-150.19429,61.16748,739.14 -150.182602,61.167545,716.28 
					</coordinates>
				</LineString>
			</MultiGeometry>
		</Placemark>
		<Placemark>
			<name>P-586</name>
			<visibility>0</visibility>
			<description><![CDATA[<div><div><span><b>Altitude:</b></span> <span>2,350 ft - 2,275 ft</span></div>
<div><span><b>Speed:</b></span> <span>122 kt - 123 kt</span></div>
<div><span><b>Timestamp:</b></span><br/><span>2023-12-04 07:00:21 UTC<br/>2023-12-04 07:00:27 UTC</span></div>
</div>]]></description>
			<Style>
				<LineStyle>
					<color>ff42ff00</color>
					<width>2</width>
				</LineStyle>
			</Style>
			<MultiGeometry>
				<LineString>
					<tessellate>1</tessellate>
					<altitudeMode>absolute</altitudeMode>
					<coordinates>
						-150.182602,61.167545,716.28 -150.175262,61.16757200000001,693.4199999999998 
					</coordinates>
				</LineString>
			</MultiGeometry>
		</Placemark>
		<Placemark>
			<name>P-587</name>
			<visibility>0</visibility>
			<description><![CDATA[<div><div><span><b>Altitude:</b></span> <span>2,275 ft - 2,150 ft</span></div>
<div><span><b>Speed:</b></span> <span>123 kt - 124 kt</span></div>
<div><span><b>Timestamp:</b></span><br/><span>2023-12-04 07:00:27 UTC<br/>2023-12-04 07:00:37 UTC</span></div>
</div>]]></description>
			<Style>
				<LineStyle>
					<color>ff42ff00</color>
					<width>2</width>
				</LineStyle>
			</Style>
			<MultiGeometry>
				<LineString>
					<tessellate>1</tessellate>
					<altitudeMode>absolute</altitudeMode>
					<coordinates>
						-150.175262,61.16757200000001,693.4199999999998 -150.163589,61.16757200000001,655.3200000000001 
					</coordinates>
				</LineString>
			</MultiGeometry>
		</Placemark>
		<Placemark>
			<name>P-588</name>
			<visibility>0</visibility>
			<description><![CDATA[<div><div><span><b>Altitude:</b></span> <span>2,150 ft - 2,100 ft</span></div>
<div><span><b>Speed:</b></span> <span>124 kt - 123 kt</span></div>
<div><span><b>Timestamp:</b></span><br/><span>2023-12-04 07:00:37 UTC<br/>2023-12-04 07:00:43 UTC</span></div>
</div>]]></description>
			<Style>
				<LineStyle>
					<color>ff42ff00</color>
					<width>2</width>
				</LineStyle>
			</Style>
			<MultiGeometry>
				<LineString>
					<tessellate>1</tessellate>
					<altitudeMode>absolute</altitudeMode>
					<coordinates>
						-150.163589,61.16757200000001,655.3200000000001 -150.156967,61.16759099999999,640.08 
					</coordinates>
				</LineString>
			</MultiGeometry>
		</Placemark>
		<Placemark>
			<name>P-589</name>
			<visibility>0</visibility>
			<description><![CDATA[<div><div><span><b>Altitude:</b></span> <span>2,100 ft - 1,975 ft</span></div>
<div><span><b>Speed:</b></span> <span>123 kt - 122 kt</span></div>
<div><span><b>Timestamp:</b></span><br/><span>2023-12-04 07:00:43 UTC<br/>2023-12-04 07:00:53 UTC</span></div>
</div>]]></description>
			<Style>
				<LineStyle>
					<color>ff42ff00</color>
					<width>2</width>
				</LineStyle>
			</Style>
			<MultiGeometry>
				<LineString>
					<tessellate>1</tessellate>
					<altitudeMode>absolute</altitudeMode>
					<coordinates>
						-150.156967,61.16759099999999,640.08 -150.145432,61.16761799999999,601.98 
					</coordinates>
				</LineString>
			</MultiGeometry>
		</Placemark>
		<Placemark>
			<name>P-590</name>
			<visibility>0</visibility>
			<description><![CDATA[<div><div><span><b>Altitude:</b></span> <span>1,975 ft - 1,875 ft</span></div>
<div><span><b>Speed:</b></span> <span>122 kt - 119 kt</span></div>
<div><span><b>Timestamp:</b></span><br/><span>2023-12-04 07:00:53 UTC<br/>2023-12-04 07:01:02 UTC</span></div>
</div>]]></description>
			<Style>
				<LineStyle>
					<color>ff42ff00</color>
					<width>2</width>
				</LineStyle>
			</Style>
			<MultiGeometry>
				<LineString>
					<tessellate>1</tessellate>
					<altitudeMode>absolute</altitudeMode>
					<coordinates>
						-150.145432,61.16761799999999,601.98 -150.134995,61.167637,571.5 
					</coordinates>
				</LineString>
			</MultiGeometry>
		</Placemark>
		<Placemark>
			<name>P-591</name>
			<visibility>0</visibility>
			<description><![CDATA[<div><div><span><b>Altitude:</b></span> <span>1,875 ft - 1,750 ft</span></div>
<div><span><b>Speed:</b></span> <span>119 kt - 120 kt</span></div>
<div><span><b>Timestamp:</b></span><br/><span>2023-12-04 07:01:02 UTC<br/>2023-12-04 07:01:11 UTC</span></div>
</div>]]></description>
			<Style>
				<LineStyle>
					<color>ffccff00</color>
					<width>2</width>
				</LineStyle>
			</Style>
			<MultiGeometry>
				<LineString>
					<tessellate>1</tessellate>
					<altitudeMode>absolute</altitudeMode>
					<coordinates>
						-150.134995,61.167637,571.5 -150.124252,61.167664,533.4 
					</coordinates>
				</LineString>
			</MultiGeometry>
		</Placemark>
		<Placemark>
			<name>P-592</name>
			<visibility>0</visibility>
			<description><![CDATA[<div><div><span><b>Altitude:</b></span> <span>1,750 ft - 1,675 ft</span></div>
<div><span><b>Speed:</b></span> <span>120 kt - 119 kt</span></div>
<div><span><b>Timestamp:</b></span><br/><span>2023-12-04 07:01:11 UTC<br/>2023-12-04 07:01:17 UTC</span></div>
</div>]]></description>
			<Style>
				<LineStyle>
					<color>ffccff00</color>
					<width>2</width>
				</LineStyle>
			</Style>
			<MultiGeometry>
				<LineString>
					<tessellate>1</tessellate>
					<altitudeMode>absolute</altitudeMode>
					<coordinates>
						-150.124252,61.167664,533.4 -150.117386,61.167686,510.54 
					</coordinates>
				</LineString>
			</MultiGeometry>
		</Placemark>
		<Placemark>
			<name>P-593</name>
			<visibility>0</visibility>
			<description><![CDATA[<div><div><span><b>Altitude:</b></span> <span>1,675 ft - 1,600 ft</span></div>
<div><span><b>Speed:</b></span> <span>119 kt - 118 kt</span></div>
<div><span><b>Timestamp:</b></span><br/><span>2023-12-04 07:01:17 UTC<br/>2023-12-04 07:01:27 UTC</span></div>
</div>]]></description>
			<Style>
				<LineStyle>
					<color>ffccff00</color>
					<width>2</width>
				</LineStyle>
			</Style>
			<MultiGeometry>
				<LineString>
					<tessellate>1</tessellate>
					<altitudeMode>absolute</altitudeMode>
					<coordinates>
						-150.117386,61.167686,510.54 -150.106918,61.167732,487.6799999999999 
					</coordinates>
				</LineString>
			</MultiGeometry>
		</Placemark>
		<Placemark>
			<name>P-594</name>
			<visibility>0</visibility>
			<description><![CDATA[<div><div><span><b>Altitude:</b></span> <span>1,600 ft - 1,500 ft</span></div>
<div><span><b>Speed:</b></span> <span>118 kt - 119 kt</span></div>
<div><span><b>Timestamp:</b></span><br/><span>2023-12-04 07:01:27 UTC<br/>2023-12-04 07:01:36 UTC</span></div>
</div>]]></description>
			<Style>
				<LineStyle>
					<color>ffccff00</color>
					<width>2</width>
				</LineStyle>
			</Style>
			<MultiGeometry>
				<LineString>
					<tessellate>1</tessellate>
					<altitudeMode>absolute</altitudeMode>
					<coordinates>
						-150.106918,61.167732,487.6799999999999 -150.096588,61.167709,457.1999999999998 
					</coordinates>
				</LineString>
			</MultiGeometry>
		</Placemark>
		<Placemark>
			<name>P-595</name>
			<visibility>0</visibility>
			<description><![CDATA[<div><div><span><b>Altitude:</b></span> <span>1,500 ft - 1,400 ft</span></div>
<div><span><b>Speed:</b></span> <span>119 kt - 120 kt</span></div>
<div><span><b>Timestamp:</b></span><br/><span>2023-12-04 07:01:36 UTC<br/>2023-12-04 07:01:45 UTC</span></div>
</div>]]></description>
			<Style>
				<LineStyle>
					<color>ffccff00</color>
					<width>2</width>
				</LineStyle>
			</Style>
			<MultiGeometry>
				<LineString>
					<tessellate>1</tessellate>
					<altitudeMode>absolute</altitudeMode>
					<coordinates>
						-150.096588,61.167709,457.1999999999998 -150.085999,61.167755,426.72 
					</coordinates>
				</LineString>
			</MultiGeometry>
		</Placemark>
		<Placemark>
			<name>P-596</name>
			<visibility>0</visibility>
			<description><![CDATA[<div><div><span><b>Altitude:</b></span> <span>1,400 ft - 1,275 ft</span></div>
<div><span><b>Speed:</b></span> <span>120 kt - 119 kt</span></div>
<div><span><b>Timestamp:</b></span><br/><span>2023-12-04 07:01:45 UTC<br/>2023-12-04 07:01:55 UTC</span></div>
</div>]]></description>
			<Style>
				<LineStyle>
					<color>ffccff00</color>
					<width>2</width>
				</LineStyle>
			</Style>
			<MultiGeometry>
				<LineString>
					<tessellate>1</tessellate>
					<altitudeMode>absolute</altitudeMode>
					<coordinates>
						-150.085999,61.167755,426.72 -150.074875,61.167778,388.6199999999999 
					</coordinates>
				</LineString>
			</MultiGeometry>
		</Placemark>
		<Placemark>
			<name>P-597</name>
			<visibility>0</visibility>
			<description><![CDATA[<div><div><span><b>Altitude:</b></span> <span>1,275 ft - 1,175 ft</span></div>
<div><span><b>Speed:</b></span> <span>119 kt - 116 kt</span></div>
<div><span><b>Timestamp:</b></span><br/><span>2023-12-04 07:01:55 UTC<br/>2023-12-04 07:02:04 UTC</span></div>
</div>]]></description>
			<Style>
				<LineStyle>
					<color>fff0ff00</color>
					<width>2</width>
				</LineStyle>
			</Style>
			<MultiGeometry>
				<LineString>
					<tessellate>1</tessellate>
					<altitudeMode>absolute</altitudeMode>
					<coordinates>
						-150.074875,61.167778,388.6199999999999 -150.064514,61.167755,358.14 
					</coordinates>
				</LineString>
			</MultiGeometry>
		</Placemark>
		<Placemark>
			<name>P-598</name>
			<visibility>0</visibility>
			<description><![CDATA[<div><div><span><b>Altitude:</b></span> <span>1,175 ft - 1,100 ft</span></div>
<div><span><b>Speed:</b></span> <span>116 kt</span></div>
<div><span><b>Timestamp:</b></span><br/><span>2023-12-04 07:02:04 UTC<br/>2023-12-04 07:02:10 UTC</span></div>
</div>]]></description>
			<Style>
				<LineStyle>
					<color>fff0ff00</color>
					<width>2</width>
				</LineStyle>
			</Style>
			<MultiGeometry>
				<LineString>
					<tessellate>1</tessellate>
					<altitudeMode>absolute</altitudeMode>
					<coordinates>
						-150.064514,61.167755,358.14 -150.057785,61.167778,335.2799999999999 
					</coordinates>
				</LineString>
			</MultiGeometry>
		</Placemark>
		<Placemark>
			<name>P-599</name>
			<visibility>0</visibility>
			<description><![CDATA[<div><div><span><b>Altitude:</b></span> <span>1,100 ft - 1,000 ft</span></div>
<div><span><b>Speed:</b></span> <span>116 kt - 114 kt</span></div>
<div><span><b>Timestamp:</b></span><br/><span>2023-12-04 07:02:10 UTC<br/>2023-12-04 07:02:19 UTC</span></div>
</div>]]></description>
			<Style>
				<LineStyle>
					<color>fff0ff00</color>
					<width>2</width>
				</LineStyle>
			</Style>
			<MultiGeometry>
				<LineString>
					<tessellate>1</tessellate>
					<altitudeMode>absolute</altitudeMode>
					<coordinates>
						-150.057785,61.167778,335.2799999999999 -150.04744,61.167801,304.8 
					</coordinates>
				</LineString>
			</MultiGeometry>
		</Placemark>
		<Placemark>
			<name>P-600</name>
			<visibility>0</visibility>
			<description><![CDATA[<div><div><span><b>Altitude:</b></span> <span>1,000 ft - 875 ft</span></div>
<div><span><b>Speed:</b></span> <span>114 kt</span></div>
<div><span><b>Timestamp:</b></span><br/><span>2023-12-04 07:02:19 UTC<br/>2023-12-04 07:02:29 UTC</span></div>
</div>]]></description>
			<Style>
				<LineStyle>
					<color>fff0ff00</color>
					<width>2</width>
				</LineStyle>
			</Style>
			<MultiGeometry>
				<LineString>
					<tessellate>1</tessellate>
					<altitudeMode>absolute</altitudeMode>
					<coordinates>
						-150.04744,61.167801,304.8 -150.037537,61.167847,266.7 
					</coordinates>
				</LineString>
			</MultiGeometry>
		</Placemark>
		<Placemark>
			<name>P-601</name>
			<visibility>0</visibility>
			<description><![CDATA[<div><div><span><b>Altitude:</b></span> <span>875 ft - 850 ft</span></div>
<div><span><b>Speed:</b></span> <span>114 kt - 100 kt</span></div>
<div><span><b>Timestamp:</b></span><br/><span>2023-12-04 07:02:29 UTC<br/>2023-12-04 07:02:37 UTC</span></div>
</div>]]></description>
			<Style>
				<LineStyle>
					<color>ffffea00</color>
					<width>2</width>
				</LineStyle>
			</Style>
			<MultiGeometry>
				<LineString>
					<tessellate>1</tessellate>
					<altitudeMode>absolute</altitudeMode>
					<coordinates>
						-150.037537,61.167847,266.7 -150.028687,61.167824,259.08 
					</coordinates>
				</LineString>
			</MultiGeometry>
		</Placemark>
		<Placemark>
			<name>P-602</name>
			<visibility>0</visibility>
			<description><![CDATA[<div><div><span><b>Altitude:</b></span> <span>850 ft - 0 ft</span></div>
<div><span><b>Speed:</b></span> <span>100 kt - 80 kt</span></div>
<div><span><b>Timestamp:</b></span><br/><span>2023-12-04 07:02:37 UTC<br/>2023-12-04 07:02:44 UTC</span></div>
</div>]]></description>
			<Style>
				<LineStyle>
					<color>ffffea00</color>
					<width>2</width>
				</LineStyle>
			</Style>
			<MultiGeometry>
				<LineString>
					<tessellate>1</tessellate>
					<coordinates>
						-150.028687,61.167824,259.08 -150.023148,61.167835,0 
					</coordinates>
				</LineString>
			</MultiGeometry>
		</Placemark>
		<Placemark>
			<name>P-603</name>
			<visibility>0</visibility>
			<description><![CDATA[<div><div><span><b>Altitude:</b></span> <span>0 ft</span></div>
<div><span><b>Speed:</b></span> <span>80 kt - 69 kt</span></div>
<div><span><b>Timestamp:</b></span><br/><span>2023-12-04 07:02:44 UTC<br/>2023-12-04 07:02:52 UTC</span></div>
</div>]]></description>
			<Style>
				<LineStyle>
					<color>ffffffff</color>
					<width>2</width>
				</LineStyle>
			</Style>
			<MultiGeometry>
				<LineString>
					<tessellate>1</tessellate>
					<coordinates>
						-150.023148,61.167835,0 -150.017899,61.167847,0 
					</coordinates>
				</LineString>
			</MultiGeometry>
		</Placemark>
		<Placemark>
			<name>P-604</name>
			<visibility>0</visibility>
			<description><![CDATA[<div><div><span><b>Altitude:</b></span> <span>0 ft</span></div>
<div><span><b>Speed:</b></span> <span>69 kt - 58 kt</span></div>
<div><span><b>Timestamp:</b></span><br/><span>2023-12-04 07:02:52 UTC<br/>2023-12-04 07:02:59 UTC</span></div>
</div>]]></description>
			<Style>
				<LineStyle>
					<color>ffffffff</color>
					<width>2</width>
				</LineStyle>
			</Style>
			<MultiGeometry>
				<LineString>
					<tessellate>1</tessellate>
					<coordinates>
						-150.017899,61.167847,0 -150.013611,61.167847,0 
					</coordinates>
				</LineString>
			</MultiGeometry>
		</Placemark>
		<Placemark>
			<name>P-605</name>
			<visibility>0</visibility>
			<description><![CDATA[<div><div><span><b>Altitude:</b></span> <span>0 ft</span></div>
<div><span><b>Speed:</b></span> <span>58 kt - 38 kt</span></div>
<div><span><b>Timestamp:</b></span><br/><span>2023-12-04 07:02:59 UTC<br/>2023-12-04 07:03:06 UTC</span></div>
</div>]]></description>
			<Style>
				<LineStyle>
					<color>ffffffff</color>
					<width>2</width>
				</LineStyle>
			</Style>
			<MultiGeometry>
				<LineString>
					<tessellate>1</tessellate>
					<coordinates>
						-150.013611,61.167847,0 -150.010666,61.167847,0 
					</coordinates>
				</LineString>
			</MultiGeometry>
		</Placemark>
		<Placemark>
			<name>P-606</name>
			<visibility>0</visibility>
			<description><![CDATA[<div><div><span><b>Altitude:</b></span> <span>0 ft</span></div>
<div><span><b>Speed:</b></span> <span>38 kt - 18 kt</span></div>
<div><span><b>Timestamp:</b></span><br/><span>2023-12-04 07:03:06 UTC<br/>2023-12-04 07:03:12 UTC</span></div>
</div>]]></description>
			<Style>
				<LineStyle>
					<color>ffffffff</color>
					<width>2</width>
				</LineStyle>
			</Style>
			<MultiGeometry>
				<LineString>
					<tessellate>1</tessellate>
					<coordinates>
						-150.010666,61.167847,0 -150.009033,61.167847,0 
					</coordinates>
				</LineString>
			</MultiGeometry>
		</Placemark>
		<Placemark>
			<name>P-607</name>
			<visibility>0</visibility>
			<description><![CDATA[<div><div><span><b>Altitude:</b></span> <span>0 ft</span></div>
<div><span><b>Speed:</b></span> <span>18 kt - 13 kt</span></div>
<div><span><b>Timestamp:</b></span><br/><span>2023-12-04 07:03:12 UTC<br/>2023-12-04 07:03:15 UTC</span></div>
</div>]]></description>
			<Style>
				<LineStyle>
					<color>ffffffff</color>
					<width>2</width>
				</LineStyle>
			</Style>
			<MultiGeometry>
				<LineString>
					<tessellate>1</tessellate>
					<coordinates>
						-150.009033,61.167847,0 -150.008789,61.16787,0 
					</coordinates>
				</LineString>
			</MultiGeometry>
		</Placemark>
		<Placemark>
			<name>P-608</name>
			<visibility>0</visibility>
			<description><![CDATA[<div><div><span><b>Altitude:</b></span> <span>0 ft</span></div>
<div><span><b>Speed:</b></span> <span>13 kt - 12 kt</span></div>
<div><span><b>Timestamp:</b></span><br/><span>2023-12-04 07:03:15 UTC<br/>2023-12-04 07:03:17 UTC</span></div>
</div>]]></description>
			<Style>
				<LineStyle>
					<color>ffffffff</color>
					<width>2</width>
				</LineStyle>
			</Style>
			<MultiGeometry>
				<LineString>
					<tessellate>1</tessellate>
					<coordinates>
						-150.008789,61.16787,0 -150.008575,61.16794199999999,0 
					</coordinates>
				</LineString>
			</MultiGeometry>
		</Placemark>
		<Placemark>
			<name>P-609</name>
			<visibility>0</visibility>
			<description><![CDATA[<div><div><span><b>Altitude:</b></span> <span>0 ft</span></div>
<div><span><b>Speed:</b></span> <span>12 kt</span></div>
<div><span><b>Timestamp:</b></span><br/><span>2023-12-04 07:03:17 UTC<br/>2023-12-04 07:03:20 UTC</span></div>
</div>]]></description>
			<Style>
				<LineStyle>
					<color>ffffffff</color>
					<width>2</width>
				</LineStyle>
			</Style>
			<MultiGeometry>
				<LineString>
					<tessellate>1</tessellate>
					<coordinates>
						-150.008575,61.16794199999999,0 -150.008347,61.168034,0 
					</coordinates>
				</LineString>
			</MultiGeometry>
		</Placemark>
		<Placemark>
			<name>P-610</name>
			<visibility>0</visibility>
			<description><![CDATA[<div><div><span><b>Altitude:</b></span> <span>0 ft</span></div>
<div><span><b>Speed:</b></span> <span>12 kt</span></div>
<div><span><b>Timestamp:</b></span><br/><span>2023-12-04 07:03:20 UTC<br/>2023-12-04 07:03:24 UTC</span></div>
</div>]]></description>
			<Style>
				<LineStyle>
					<color>ffffffff</color>
					<width>2</width>
				</LineStyle>
			</Style>
			<MultiGeometry>
				<LineString>
					<tessellate>1</tessellate>
					<coordinates>
						-150.008347,61.168034,0 -150.008133,61.16828900000001,0 
					</coordinates>
				</LineString>
			</MultiGeometry>
		</Placemark>
		<Placemark>
			<name>P-611</name>
			<visibility>0</visibility>
			<description><![CDATA[<div><div><span><b>Altitude:</b></span> <span>0 ft</span></div>
<div><span><b>Speed:</b></span> <span>12 kt - 10 kt</span></div>
<div><span><b>Timestamp:</b></span><br/><span>2023-12-04 07:03:24 UTC<br/>2023-12-04 07:03:29 UTC</span></div>
</div>]]></description>
			<Style>
				<LineStyle>
					<color>ffffffff</color>
					<width>2</width>
				</LineStyle>
			</Style>
			<MultiGeometry>
				<LineString>
					<tessellate>1</tessellate>
					<coordinates>
						-150.008133,61.16828900000001,0 -150.008133,61.168545,0 
					</coordinates>
				</LineString>
			</MultiGeometry>
		</Placemark>
		<Placemark>
			<name>P-612</name>
			<visibility>0</visibility>
			<description><![CDATA[<div><div><span><b>Altitude:</b></span> <span>0 ft</span></div>
<div><span><b>Speed:</b></span> <span>10 kt - 8 kt</span></div>
<div><span><b>Timestamp:</b></span><br/><span>2023-12-04 07:03:29 UTC<br/>2023-12-04 07:03:35 UTC</span></div>
</div>]]></description>
			<Style>
				<LineStyle>
					<color>ffffffff</color>
					<width>2</width>
				</LineStyle>
			</Style>
			<MultiGeometry>
				<LineString>
					<tessellate>1</tessellate>
					<coordinates>
						-150.008133,61.168545,0 -150.008163,61.168774,0 
					</coordinates>
				</LineString>
			</MultiGeometry>
		</Placemark>
		<Placemark>
			<name>P-613</name>
			<visibility>0</visibility>
			<description><![CDATA[<div><div><span><b>Altitude:</b></span> <span>0 ft</span></div>
<div><span><b>Speed:</b></span> <span>8 kt - 6 kt</span></div>
<div><span><b>Timestamp:</b></span><br/><span>2023-12-04 07:03:35 UTC<br/>2023-12-04 07:03:43 UTC</span></div>
</div>]]></description>
			<Style>
				<LineStyle>
					<color>ffffffff</color>
					<width>2</width>
				</LineStyle>
			</Style>
			<MultiGeometry>
				<LineString>
					<tessellate>1</tessellate>
					<coordinates>
						-150.008163,61.168774,0 -150.008133,61.169003,0 
					</coordinates>
				</LineString>
			</MultiGeometry>
		</Placemark>
		<Placemark>
			<name>P-614</name>
			<visibility>0</visibility>
			<description><![CDATA[<div><div><span><b>Altitude:</b></span> <span>0 ft</span></div>
<div><span><b>Speed:</b></span> <span>6 kt - 9 kt</span></div>
<div><span><b>Timestamp:</b></span><br/><span>2023-12-04 07:03:43 UTC<br/>2023-12-04 07:03:49 UTC</span></div>
</div>]]></description>
			<Style>
				<LineStyle>
					<color>ffffffff</color>
					<width>2</width>
				</LineStyle>
			</Style>
			<MultiGeometry>
				<LineString>
					<tessellate>1</tessellate>
					<coordinates>
						-150.008133,61.169003,0 -150.008133,61.169231,0 
					</coordinates>
				</LineString>
			</MultiGeometry>
		</Placemark>
		<Placemark>
			<name>P-615</name>
			<visibility>0</visibility>
			<description><![CDATA[<div><div><span><b>Altitude:</b></span> <span>0 ft</span></div>
<div><span><b>Speed:</b></span> <span>9 kt - 11 kt</span></div>
<div><span><b>Timestamp:</b></span><br/><span>2023-12-04 07:03:49 UTC<br/>2023-12-04 07:03:54 UTC</span></div>
</div>]]></description>
			<Style>
				<LineStyle>
					<color>ffffffff</color>
					<width>2</width>
				</LineStyle>
			</Style>
			<MultiGeometry>
				<LineString>
					<tessellate>1</tessellate>
					<coordinates>
						-150.008133,61.169231,0 -150.008163,61.16946,0 
					</coordinates>
				</LineString>
			</MultiGeometry>
		</Placemark>
		<Placemark>
			<name>P-616</name>
			<visibility>0</visibility>
			<description><![CDATA[<div><div><span><b>Altitude:</b></span> <span>0 ft</span></div>
<div><span><b>Speed:</b></span> <span>11 kt - 12 kt</span></div>
<div><span><b>Timestamp:</b></span><br/><span>2023-12-04 07:03:54 UTC<br/>2023-12-04 07:03:58 UTC</span></div>
</div>]]></description>
			<Style>
				<LineStyle>
					<color>ffffffff</color>
					<width>2</width>
				</LineStyle>
			</Style>
			<MultiGeometry>
				<LineString>
					<tessellate>1</tessellate>
					<coordinates>
						-150.008163,61.16946,0 -150.008133,61.169689,0 
					</coordinates>
				</LineString>
			</MultiGeometry>
		</Placemark>
		<Placemark>
			<name>P-617</name>
			<visibility>0</visibility>
			<description><![CDATA[<div><div><span><b>Altitude:</b></span> <span>0 ft</span></div>
<div><span><b>Speed:</b></span> <span>12 kt</span></div>
<div><span><b>Timestamp:</b></span><br/><span>2023-12-04 07:03:58 UTC<br/>2023-12-04 07:04:02 UTC</span></div>
</div>]]></description>
			<Style>
				<LineStyle>
					<color>ffffffff</color>
					<width>2</width>
				</LineStyle>
			</Style>
			<MultiGeometry>
				<LineString>
					<tessellate>1</tessellate>
					<coordinates>
						-150.008133,61.169689,0 -150.008102,61.16990700000001,0 
					</coordinates>
				</LineString>
			</MultiGeometry>
		</Placemark>
		<Placemark>
			<name>P-618</name>
			<visibility>0</visibility>
			<description><![CDATA[<div><div><span><b>Altitude:</b></span> <span>0 ft</span></div>
<div><span><b>Speed:</b></span> <span>12 kt</span></div>
<div><span><b>Timestamp:</b></span><br/><span>2023-12-04 07:04:02 UTC<br/>2023-12-04 07:04:06 UTC</span></div>
</div>]]></description>
			<Style>
				<LineStyle>
					<color>ffffffff</color>
					<width>2</width>
				</LineStyle>
			</Style>
			<MultiGeometry>
				<LineString>
					<tessellate>1</tessellate>
					<coordinates>
						-150.008102,61.16990700000001,0 -150.008102,61.170158,0 
					</coordinates>
				</LineString>
			</MultiGeometry>
		</Placemark>
		<Placemark>
			<name>P-619</name>
			<visibility>0</visibility>
			<description><![CDATA[<div><div><span><b>Altitude:</b></span> <span>0 ft</span></div>
<div><span><b>Speed:</b></span> <span>12 kt - 13 kt</span></div>
<div><span><b>Timestamp:</b></span><br/><span>2023-12-04 07:04:06 UTC<br/>2023-12-04 07:04:10 UTC</span></div>
</div>]]></description>
			<Style>
				<LineStyle>
					<color>ffffffff</color>
					<width>2</width>
				</LineStyle>
			</Style>
			<MultiGeometry>
				<LineString>
					<tessellate>1</tessellate>
					<coordinates>
						-150.008102,61.170158,0 -150.008163,61.17041,0 
					</coordinates>
				</LineString>
			</MultiGeometry>
		</Placemark>
		<Placemark>
			<name>P-620</name>
			<visibility>0</visibility>
			<description><![CDATA[<div><div><span><b>Altitude:</b></span> <span>0 ft</span></div>
<div><span><b>Speed:</b></span> <span>13 kt</span></div>
<div><span><b>Timestamp:</b></span><br/><span>2023-12-04 07:04:10 UTC<br/>2023-12-04 07:04:14 UTC</span></div>
</div>]]></description>
			<Style>
				<LineStyle>
					<color>ffffffff</color>
					<width>2</width>
				</LineStyle>
			</Style>
			<MultiGeometry>
				<LineString>
					<tessellate>1</tessellate>
					<coordinates>
						-150.008163,61.17041,0 -150.008163,61.170628,0 
					</coordinates>
				</LineString>
			</MultiGeometry>
		</Placemark>
		<Placemark>
			<name>P-621</name>
			<visibility>0</visibility>
			<description><![CDATA[<div><div><span><b>Altitude:</b></span> <span>0 ft</span></div>
<div><span><b>Speed:</b></span> <span>13 kt - 12 kt</span></div>
<div><span><b>Timestamp:</b></span><br/><span>2023-12-04 07:04:14 UTC<br/>2023-12-04 07:04:19 UTC</span></div>
</div>]]></description>
			<Style>
				<LineStyle>
					<color>ffffffff</color>
					<width>2</width>
				</LineStyle>
			</Style>
			<MultiGeometry>
				<LineString>
					<tessellate>1</tessellate>
					<coordinates>
						-150.008163,61.170628,0 -150.008133,61.170937,0 
					</coordinates>
				</LineString>
			</MultiGeometry>
		</Placemark>
		<Placemark>
			<name>P-622</name>
			<visibility>0</visibility>
			<description><![CDATA[<div><div><span><b>Altitude:</b></span> <span>0 ft</span></div>
<div><span><b>Speed:</b></span> <span>12 kt</span></div>
<div><span><b>Timestamp:</b></span><br/><span>2023-12-04 07:04:19 UTC<br/>2023-12-04 07:04:24 UTC</span></div>
</div>]]></description>
			<Style>
				<LineStyle>
					<color>ffffffff</color>
					<width>2</width>
				</LineStyle>
			</Style>
			<MultiGeometry>
				<LineString>
					<tessellate>1</tessellate>
					<coordinates>
						-150.008133,61.170937,0 -150.007904,61.17112,0 
					</coordinates>
				</LineString>
			</MultiGeometry>
		</Placemark>
		<Placemark>
			<name>P-623</name>
			<visibility>0</visibility>
			<description><![CDATA[<div><div><span><b>Altitude:</b></span> <span>0 ft</span></div>
<div><span><b>Speed:</b></span> <span>12 kt</span></div>
<div><span><b>Timestamp:</b></span><br/><span>2023-12-04 07:04:24 UTC<br/>2023-12-04 07:04:26 UTC</span></div>
</div>]]></description>
			<Style>
				<LineStyle>
					<color>ffffffff</color>
					<width>2</width>
				</LineStyle>
			</Style>
			<MultiGeometry>
				<LineString>
					<tessellate>1</tessellate>
					<coordinates>
						-150.007904,61.17112,0 -150.007599,61.171211,0 
					</coordinates>
				</LineString>
			</MultiGeometry>
		</Placemark>
		<Placemark>
			<name>P-624</name>
			<visibility>0</visibility>
			<description><![CDATA[<div><div><span><b>Altitude:</b></span> <span>0 ft</span></div>
<div><span><b>Speed:</b></span> <span>12 kt - 11 kt</span></div>
<div><span><b>Timestamp:</b></span><br/><span>2023-12-04 07:04:26 UTC<br/>2023-12-04 07:04:30 UTC</span></div>
</div>]]></description>
			<Style>
				<LineStyle>
					<color>ffffffff</color>
					<width>2</width>
				</LineStyle>
			</Style>
			<MultiGeometry>
				<LineString>
					<tessellate>1</tessellate>
					<coordinates>
						-150.007599,61.171211,0 -150.007278,61.171246,0 
					</coordinates>
				</LineString>
			</MultiGeometry>
		</Placemark>
		<Placemark>
			<name>P-625</name>
			<visibility>0</visibility>
			<description><![CDATA[<div><div><span><b>Altitude:</b></span> <span>0 ft</span></div>
<div><span><b>Speed:</b></span> <span>11 kt</span></div>
<div><span><b>Timestamp:</b></span><br/><span>2023-12-04 07:04:30 UTC<br/>2023-12-04 07:04:32 UTC</span></div>
</div>]]></description>
			<Style>
				<LineStyle>
					<color>ffffffff</color>
					<width>2</width>
				</LineStyle>
			</Style>
			<MultiGeometry>
				<LineString>
					<tessellate>1</tessellate>
					<coordinates>
						-150.007278,61.171246,0 -150.00705,61.171246,0 
					</coordinates>
				</LineString>
			</MultiGeometry>
		</Placemark>
		<Placemark>
			<name>P-626</name>
			<visibility>0</visibility>
			<description><![CDATA[<div><div><span><b>Altitude:</b></span> <span>0 ft</span></div>
<div><span><b>Speed:</b></span> <span>11 kt</span></div>
<div><span><b>Timestamp:</b></span><br/><span>2023-12-04 07:04:32 UTC<br/>2023-12-04 07:04:34 UTC</span></div>
</div>]]></description>
			<Style>
				<LineStyle>
					<color>ffffffff</color>
					<width>2</width>
				</LineStyle>
			</Style>
			<MultiGeometry>
				<LineString>
					<tessellate>1</tessellate>
					<coordinates>
						-150.00705,61.171246,0 -150.006821,61.171246,0 
					</coordinates>
				</LineString>
			</MultiGeometry>
		</Placemark>
		<Placemark>
			<name>P-627</name>
			<visibility>0</visibility>
			<description><![CDATA[<div><div><span><b>Altitude:</b></span> <span>0 ft</span></div>
<div><span><b>Speed:</b></span> <span>11 kt - 12 kt</span></div>
<div><span><b>Timestamp:</b></span><br/><span>2023-12-04 07:04:34 UTC<br/>2023-12-04 07:04:36 UTC</span></div>
</div>]]></description>
			<Style>
				<LineStyle>
					<color>ffffffff</color>
					<width>2</width>
				</LineStyle>
			</Style>
			<MultiGeometry>
				<LineString>
					<tessellate>1</tessellate>
					<coordinates>
						-150.006821,61.171246,0 -150.006592,61.171246,0 
					</coordinates>
				</LineString>
			</MultiGeometry>
		</Placemark>
		<Placemark>
			<name>P-628</name>
			<visibility>0</visibility>
			<description><![CDATA[<div><div><span><b>Altitude:</b></span> <span>0 ft</span></div>
<div><span><b>Speed:</b></span> <span>12 kt</span></div>
<div><span><b>Timestamp:</b></span><br/><span>2023-12-04 07:04:36 UTC<br/>2023-12-04 07:04:37 UTC</span></div>
</div>]]></description>
			<Style>
				<LineStyle>
					<color>ffffffff</color>
					<width>2</width>
				</LineStyle>
			</Style>
			<MultiGeometry>
				<LineString>
					<tessellate>1</tessellate>
					<coordinates>
						-150.006592,61.171246,0 -150.006378,61.171246,0 
					</coordinates>
				</LineString>
			</MultiGeometry>
		</Placemark>
		<Placemark>
			<name>P-629</name>
			<visibility>0</visibility>
			<description><![CDATA[<div><div><span><b>Altitude:</b></span> <span>0 ft</span></div>
<div><span><b>Speed:</b></span> <span>12 kt - 13 kt</span></div>
<div><span><b>Timestamp:</b></span><br/><span>2023-12-04 07:04:37 UTC<br/>2023-12-04 07:04:39 UTC</span></div>
</div>]]></description>
			<Style>
				<LineStyle>
					<color>ffffffff</color>
					<width>2</width>
				</LineStyle>
			</Style>
			<MultiGeometry>
				<LineString>
					<tessellate>1</tessellate>
					<coordinates>
						-150.006378,61.171246,0 -150.006149,61.171246,0 
					</coordinates>
				</LineString>
			</MultiGeometry>
		</Placemark>
		<Placemark>
			<name>P-630</name>
			<visibility>0</visibility>
			<description><![CDATA[<div><div><span><b>Altitude:</b></span> <span>0 ft</span></div>
<div><span><b>Speed:</b></span> <span>13 kt - 14 kt</span></div>
<div><span><b>Timestamp:</b></span><br/><span>2023-12-04 07:04:39 UTC<br/>2023-12-04 07:04:41 UTC</span></div>
</div>]]></description>
			<Style>
				<LineStyle>
					<color>ffffffff</color>
					<width>2</width>
				</LineStyle>
			</Style>
			<MultiGeometry>
				<LineString>
					<tessellate>1</tessellate>
					<coordinates>
						-150.006149,61.171246,0 -150.005859,61.171246,0 
					</coordinates>
				</LineString>
			</MultiGeometry>
		</Placemark>
		<Placemark>
			<name>P-631</name>
			<visibility>0</visibility>
			<description><![CDATA[<div><div><span><b>Altitude:</b></span> <span>0 ft</span></div>
<div><span><b>Speed:</b></span> <span>14 kt - 15 kt</span></div>
<div><span><b>Timestamp:</b></span><br/><span>2023-12-04 07:04:41 UTC<br/>2023-12-04 07:04:44 UTC</span></div>
</div>]]></description>
			<Style>
				<LineStyle>
					<color>ffffffff</color>
					<width>2</width>
				</LineStyle>
			</Style>
			<MultiGeometry>
				<LineString>
					<tessellate>1</tessellate>
					<coordinates>
						-150.005859,61.171246,0 -150.005447,61.171246,0 
					</coordinates>
				</LineString>
			</MultiGeometry>
		</Placemark>
		<Placemark>
			<name>P-632</name>
			<visibility>0</visibility>
			<description><![CDATA[<div><div><span><b>Altitude:</b></span> <span>0 ft</span></div>
<div><span><b>Speed:</b></span> <span>15 kt</span></div>
<div><span><b>Timestamp:</b></span><br/><span>2023-12-04 07:04:44 UTC<br/>2023-12-04 07:04:47 UTC</span></div>
</div>]]></description>
			<Style>
				<LineStyle>
					<color>ffffffff</color>
					<width>2</width>
				</LineStyle>
			</Style>
			<MultiGeometry>
				<LineString>
					<tessellate>1</tessellate>
					<coordinates>
						-150.005447,61.171246,0 -150.005112,61.171246,0 
					</coordinates>
				</LineString>
			</MultiGeometry>
		</Placemark>
		<Placemark>
			<name>P-633</name>
			<visibility>0</visibility>
			<description><![CDATA[<div><div><span><b>Altitude:</b></span> <span>0 ft</span></div>
<div><span><b>Speed:</b></span> <span>15 kt</span></div>
<div><span><b>Timestamp:</b></span><br/><span>2023-12-04 07:04:47 UTC<br/>2023-12-04 07:04:49 UTC</span></div>
</div>]]></description>
			<Style>
				<LineStyle>
					<color>ffffffff</color>
					<width>2</width>
				</LineStyle>
			</Style>
			<MultiGeometry>
				<LineString>
					<tessellate>1</tessellate>
					<coordinates>
						-150.005112,61.171246,0 -150.004791,61.171246,0 
					</coordinates>
				</LineString>
			</MultiGeometry>
		</Placemark>
		<Placemark>
			<name>P-634</name>
			<visibility>0</visibility>
			<description><![CDATA[<div><div><span><b>Altitude:</b></span> <span>0 ft</span></div>
<div><span><b>Speed:</b></span> <span>15 kt</span></div>
<div><span><b>Timestamp:</b></span><br/><span>2023-12-04 07:04:49 UTC<br/>2023-12-04 07:04:56 UTC</span></div>
</div>]]></description>
			<Style>
				<LineStyle>
					<color>ffffffff</color>
					<width>2</width>
				</LineStyle>
			</Style>
			<MultiGeometry>
				<LineString>
					<tessellate>1</tessellate>
					<coordinates>
						-150.004791,61.171246,0 -150.003738,61.171246,0 
					</coordinates>
				</LineString>
			</MultiGeometry>
		</Placemark>
		<Placemark>
			<name>P-635</name>
			<visibility>0</visibility>
			<description><![CDATA[<div><div><span><b>Altitude:</b></span> <span>0 ft</span></div>
<div><span><b>Speed:</b></span> <span>15 kt - 14 kt</span></div>
<div><span><b>Timestamp:</b></span><br/><span>2023-12-04 07:04:56 UTC<br/>2023-12-04 07:05:02 UTC</span></div>
</div>]]></description>
			<Style>
				<LineStyle>
					<color>ffffffff</color>
					<width>2</width>
				</LineStyle>
			</Style>
			<MultiGeometry>
				<LineString>
					<tessellate>1</tessellate>
					<coordinates>
						-150.003738,61.171246,0 -150.002838,61.171246,0 
					</coordinates>
				</LineString>
			</MultiGeometry>
		</Placemark>
		<Placemark>
			<name>P-636</name>
			<visibility>0</visibility>
			<description><![CDATA[<div><div><span><b>Altitude:</b></span> <span>0 ft</span></div>
<div><span><b>Speed:</b></span> <span>14 kt - 12 kt</span></div>
<div><span><b>Timestamp:</b></span><br/><span>2023-12-04 07:05:02 UTC<br/>2023-12-04 07:05:12 UTC</span></div>
</div>]]></description>
			<Style>
				<LineStyle>
					<color>ffffffff</color>
					<width>2</width>
				</LineStyle>
			</Style>
			<MultiGeometry>
				<LineString>
					<tessellate>1</tessellate>
					<coordinates>
						-150.002838,61.171246,0 -150.001633,61.171246,0 
					</coordinates>
				</LineString>
			</MultiGeometry>
		</Placemark>
		<Placemark>
			<name>P-637</name>
			<visibility>0</visibility>
			<description><![CDATA[<div><div><span><b>Altitude:</b></span> <span>0 ft</span></div>
<div><span><b>Speed:</b></span> <span>12 kt - 7 kt</span></div>
<div><span><b>Timestamp:</b></span><br/><span>2023-12-04 07:05:12 UTC<br/>2023-12-04 07:05:19 UTC</span></div>
</div>]]></description>
			<Style>
				<LineStyle>
					<color>ffffffff</color>
					<width>2</width>
				</LineStyle>
			</Style>
			<MultiGeometry>
				<LineString>
					<tessellate>1</tessellate>
					<coordinates>
						-150.001633,61.171246,0 -150.001053,61.171246,0 
					</coordinates>
				</LineString>
			</MultiGeometry>
		</Placemark>
		<Placemark>
			<name>P-638</name>
			<visibility>0</visibility>
			<description><![CDATA[<div><div><span><b>Altitude:</b></span> <span>0 ft</span></div>
<div><span><b>Speed:</b></span> <span>7 kt - 3 kt</span></div>
<div><span><b>Timestamp:</b></span><br/><span>2023-12-04 07:05:19 UTC<br/>2023-12-04 07:05:26 UTC</span></div>
</div>]]></description>
			<Style>
				<LineStyle>
					<color>ffffffff</color>
					<width>2</width>
				</LineStyle>
			</Style>
			<MultiGeometry>
				<LineString>
					<tessellate>1</tessellate>
					<coordinates>
						-150.001053,61.171246,0 -150.000732,61.171246,0 
					</coordinates>
				</LineString>
			</MultiGeometry>
		</Placemark>
		<Placemark>
			<name>P-639</name>
			<visibility>0</visibility>
			<description><![CDATA[<div><div><span><b>Altitude:</b></span> <span>0 ft</span></div>
<div><span><b>Speed:</b></span> <span>3 kt - 6 kt</span></div>
<div><span><b>Timestamp:</b></span><br/><span>2023-12-04 07:05:26 UTC<br/>2023-12-04 07:05:32 UTC</span></div>
</div>]]></description>
			<Style>
				<LineStyle>
					<color>ffffffff</color>
					<width>2</width>
				</LineStyle>
			</Style>
			<MultiGeometry>
				<LineString>
					<tessellate>1</tessellate>
					<coordinates>
						-150.000732,61.171246,0 -150.000427,61.171246,0 
					</coordinates>
				</LineString>
			</MultiGeometry>
		</Placemark>
		<Placemark>
			<name>P-640</name>
			<visibility>0</visibility>
			<description><![CDATA[<div><div><span><b>Altitude:</b></span> <span>0 ft</span></div>
<div><span><b>Speed:</b></span> <span>6 kt - 8 kt</span></div>
<div><span><b>Timestamp:</b></span><br/><span>2023-12-04 07:05:32 UTC<br/>2023-12-04 07:05:40 UTC</span></div>
</div>]]></description>
			<Style>
				<LineStyle>
					<color>ffffffff</color>
					<width>2</width>
				</LineStyle>
			</Style>
			<MultiGeometry>
				<LineString>
					<tessellate>1</tessellate>
					<coordinates>
						-150.000427,61.171246,0 -149.999863,61.171246,0 
					</coordinates>
				</LineString>
			</MultiGeometry>
		</Placemark>
		<Placemark>
			<name>P-641</name>
			<visibility>0</visibility>
			<description><![CDATA[<div><div><span><b>Altitude:</b></span> <span>0 ft</span></div>
<div><span><b>Speed:</b></span> <span>8 kt - 11 kt</span></div>
<div><span><b>Timestamp:</b></span><br/><span>2023-12-04 07:05:40 UTC<br/>2023-12-04 07:05:47 UTC</span></div>
</div>]]></description>
			<Style>
				<LineStyle>
					<color>ffffffff</color>
					<width>2</width>
				</LineStyle>
			</Style>
			<MultiGeometry>
				<LineString>
					<tessellate>1</tessellate>
					<coordinates>
						-149.999863,61.171246,0 -149.999207,61.171246,0 
					</coordinates>
				</LineString>
			</MultiGeometry>
		</Placemark>
		<Placemark>
			<name>P-642</name>
			<visibility>0</visibility>
			<description><![CDATA[<div><div><span><b>Altitude:</b></span> <span>0 ft</span></div>
<div><span><b>Speed:</b></span> <span>11 kt - 13 kt</span></div>
<div><span><b>Timestamp:</b></span><br/><span>2023-12-04 07:05:47 UTC<br/>2023-12-04 07:05:54 UTC</span></div>
</div>]]></description>
			<Style>
				<LineStyle>
					<color>ffffffff</color>
					<width>2</width>
				</LineStyle>
			</Style>
			<MultiGeometry>
				<LineString>
					<tessellate>1</tessellate>
					<coordinates>
						-149.999207,61.171246,0 -149.998276,61.171246,0 
					</coordinates>
				</LineString>
			</MultiGeometry>
		</Placemark>
		<Placemark>
			<name>P-643</name>
			<visibility>0</visibility>
			<description><![CDATA[<div><div><span><b>Altitude:</b></span> <span>0 ft</span></div>
<div><span><b>Speed:</b></span> <span>13 kt - 11 kt</span></div>
<div><span><b>Timestamp:</b></span><br/><span>2023-12-04 07:05:54 UTC<br/>2023-12-04 07:06:00 UTC</span></div>
</div>]]></description>
			<Style>
				<LineStyle>
					<color>ffffffff</color>
					<width>2</width>
				</LineStyle>
			</Style>
			<MultiGeometry>
				<LineString>
					<tessellate>1</tessellate>
					<coordinates>
						-149.998276,61.171246,0 -149.997528,61.171246,0 
					</coordinates>
				</LineString>
			</MultiGeometry>
		</Placemark>
		<Placemark>
			<name>P-644</name>
			<visibility>0</visibility>
			<description><![CDATA[<div><div><span><b>Altitude:</b></span> <span>0 ft</span></div>
<div><span><b>Speed:</b></span> <span>11 kt - 10 kt</span></div>
<div><span><b>Timestamp:</b></span><br/><span>2023-12-04 07:06:00 UTC<br/>2023-12-04 07:06:08 UTC</span></div>
</div>]]></description>
			<Style>
				<LineStyle>
					<color>ffffffff</color>
					<width>2</width>
				</LineStyle>
			</Style>
			<MultiGeometry>
				<LineString>
					<tessellate>1</tessellate>
					<coordinates>
						-149.997528,61.171246,0 -149.99678,61.171246,0 
					</coordinates>
				</LineString>
			</MultiGeometry>
		</Placemark>
		<Placemark>
			<name>P-645</name>
			<visibility>0</visibility>
			<description><![CDATA[<div><div><span><b>Altitude:</b></span> <span>0 ft</span></div>
<div><span><b>Speed:</b></span> <span>10 kt</span></div>
<div><span><b>Timestamp:</b></span><br/><span>2023-12-04 07:06:08 UTC<br/>2023-12-04 07:06:15 UTC</span></div>
</div>]]></description>
			<Style>
				<LineStyle>
					<color>ffffffff</color>
					<width>2</width>
				</LineStyle>
			</Style>
			<MultiGeometry>
				<LineString>
					<tessellate>1</tessellate>
					<coordinates>
						-149.99678,61.171246,0 -149.996124,61.171246,0 
					</coordinates>
				</LineString>
			</MultiGeometry>
		</Placemark>
		<Placemark>
			<name>P-646</name>
			<visibility>0</visibility>
			<description><![CDATA[<div><div><span><b>Altitude:</b></span> <span>0 ft</span></div>
<div><span><b>Speed:</b></span> <span>10 kt - 12 kt</span></div>
<div><span><b>Timestamp:</b></span><br/><span>2023-12-04 07:06:15 UTC<br/>2023-12-04 07:06:22 UTC</span></div>
</div>]]></description>
			<Style>
				<LineStyle>
					<color>ffffffff</color>
					<width>2</width>
				</LineStyle>
			</Style>
			<MultiGeometry>
				<LineString>
					<tessellate>1</tessellate>
					<coordinates>
						-149.996124,61.171246,0 -149.99527,61.171246,0 
					</coordinates>
				</LineString>
			</MultiGeometry>
		</Placemark>
		<Placemark>
			<name>P-647</name>
			<visibility>0</visibility>
			<description><![CDATA[<div><div><span><b>Altitude:</b></span> <span>0 ft</span></div>
<div><span><b>Speed:</b></span> <span>12 kt - 8 kt</span></div>
<div><span><b>Timestamp:</b></span><br/><span>2023-12-04 07:06:22 UTC<br/>2023-12-04 07:06:28 UTC</span></div>
</div>]]></description>
			<Style>
				<LineStyle>
					<color>ffffffff</color>
					<width>2</width>
				</LineStyle>
			</Style>
			<MultiGeometry>
				<LineString>
					<tessellate>1</tessellate>
					<coordinates>
						-149.99527,61.171246,0 -149.994705,61.171246,0 
					</coordinates>
				</LineString>
			</MultiGeometry>
		</Placemark>
		<Placemark>
			<name>P-648</name>
			<visibility>0</visibility>
			<description><![CDATA[<div><div><span><b>Altitude:</b></span> <span>0 ft</span></div>
<div><span><b>Speed:</b></span> <span>8 kt - 10 kt</span></div>
<div><span><b>Timestamp:</b></span><br/><span>2023-12-04 07:06:28 UTC<br/>2023-12-04 07:06:36 UTC</span></div>
</div>]]></description>
			<Style>
				<LineStyle>
					<color>ffffffff</color>
					<width>2</width>
				</LineStyle>
			</Style>
			<MultiGeometry>
				<LineString>
					<tessellate>1</tessellate>
					<coordinates>
						-149.994705,61.171246,0 -149.99408,61.171246,0 
					</coordinates>
				</LineString>
			</MultiGeometry>
		</Placemark>
		<Placemark>
			<name>P-649</name>
			<visibility>0</visibility>
			<description><![CDATA[<div><div><span><b>Altitude:</b></span> <span>0 ft</span></div>
<div><span><b>Speed:</b></span> <span>10 kt - 11 kt</span></div>
<div><span><b>Timestamp:</b></span><br/><span>2023-12-04 07:06:36 UTC<br/>2023-12-04 07:06:43 UTC</span></div>
</div>]]></description>
			<Style>
				<LineStyle>
					<color>ffffffff</color>
					<width>2</width>
				</LineStyle>
			</Style>
			<MultiGeometry>
				<LineString>
					<tessellate>1</tessellate>
					<coordinates>
						-149.99408,61.171246,0 -149.993362,61.171246,0 
					</coordinates>
				</LineString>
			</MultiGeometry>
		</Placemark>
		<Placemark>
			<name>P-650</name>
			<visibility>0</visibility>
			<description><![CDATA[<div><div><span><b>Altitude:</b></span> <span>0 ft</span></div>
<div><span><b>Speed:</b></span> <span>11 kt - 13 kt</span></div>
<div><span><b>Timestamp:</b></span><br/><span>2023-12-04 07:06:43 UTC<br/>2023-12-04 07:06:50 UTC</span></div>
</div>]]></description>
			<Style>
				<LineStyle>
					<color>ffffffff</color>
					<width>2</width>
				</LineStyle>
			</Style>
			<MultiGeometry>
				<LineString>
					<tessellate>1</tessellate>
					<coordinates>
						-149.993362,61.171246,0 -149.992493,61.171246,0 
					</coordinates>
				</LineString>
			</MultiGeometry>
		</Placemark>
		<Placemark>
			<name>P-651</name>
			<visibility>0</visibility>
			<description><![CDATA[<div><div><span><b>Altitude:</b></span> <span>0 ft</span></div>
<div><span><b>Speed:</b></span> <span>13 kt - 11 kt</span></div>
<div><span><b>Timestamp:</b></span><br/><span>2023-12-04 07:06:50 UTC<br/>2023-12-04 07:06:57 UTC</span></div>
</div>]]></description>
			<Style>
				<LineStyle>
					<color>ffffffff</color>
					<width>2</width>
				</LineStyle>
			</Style>
			<MultiGeometry>
				<LineString>
					<tessellate>1</tessellate>
					<coordinates>
						-149.992493,61.171246,0 -149.991653,61.171246,0 
					</coordinates>
				</LineString>
			</MultiGeometry>
		</Placemark>
		<Placemark>
			<name>P-652</name>
			<visibility>0</visibility>
			<description><![CDATA[<div><div><span><b>Altitude:</b></span> <span>0 ft</span></div>
<div><span><b>Speed:</b></span> <span>11 kt</span></div>
<div><span><b>Timestamp:</b></span><br/><span>2023-12-04 07:06:57 UTC<br/>2023-12-04 07:07:04 UTC</span></div>
</div>]]></description>
			<Style>
				<LineStyle>
					<color>ffffffff</color>
					<width>2</width>
				</LineStyle>
			</Style>
			<MultiGeometry>
				<LineString>
					<tessellate>1</tessellate>
					<coordinates>
						-149.991653,61.171246,0 -149.990967,61.171268,0 
					</coordinates>
				</LineString>
			</MultiGeometry>
		</Placemark>
		<Placemark>
			<name>P-653</name>
			<visibility>0</visibility>
			<description><![CDATA[<div><div><span><b>Altitude:</b></span> <span>0 ft</span></div>
<div><span><b>Speed:</b></span> <span>11 kt</span></div>
<div><span><b>Timestamp:</b></span><br/><span>2023-12-04 07:07:04 UTC<br/>2023-12-04 07:07:06 UTC</span></div>
</div>]]></description>
			<Style>
				<LineStyle>
					<color>ffffffff</color>
					<width>2</width>
				</LineStyle>
			</Style>
			<MultiGeometry>
				<LineString>
					<tessellate>1</tessellate>
					<coordinates>
						-149.990967,61.171268,0 -149.990723,61.171303,0 
					</coordinates>
				</LineString>
			</MultiGeometry>
		</Placemark>
		<Placemark>
			<name>P-654</name>
			<visibility>0</visibility>
			<description><![CDATA[<div><div><span><b>Altitude:</b></span> <span>0 ft</span></div>
<div><span><b>Speed:</b></span> <span>11 kt - 12 kt</span></div>
<div><span><b>Timestamp:</b></span><br/><span>2023-12-04 07:07:06 UTC<br/>2023-12-04 07:07:08 UTC</span></div>
</div>]]></description>
			<Style>
				<LineStyle>
					<color>ffffffff</color>
					<width>2</width>
				</LineStyle>
			</Style>
			<MultiGeometry>
				<LineString>
					<tessellate>1</tessellate>
					<coordinates>
						-149.990723,61.171303,0 -149.990509,61.17136000000001,0 
					</coordinates>
				</LineString>
			</MultiGeometry>
		</Placemark>
		<Placemark>
			<name>P-655</name>
			<visibility>0</visibility>
			<description><![CDATA[<div><div><span><b>Altitude:</b></span> <span>0 ft</span></div>
<div><span><b>Speed:</b></span> <span>12 kt - 13 kt</span></div>
<div><span><b>Timestamp:</b></span><br/><span>2023-12-04 07:07:08 UTC<br/>2023-12-04 07:07:10 UTC</span></div>
</div>]]></description>
			<Style>
				<LineStyle>
					<color>ffffffff</color>
					<width>2</width>
				</LineStyle>
			</Style>
			<MultiGeometry>
				<LineString>
					<tessellate>1</tessellate>
					<coordinates>
						-149.990509,61.17136000000001,0 -149.990234,61.17146699999999,0 
					</coordinates>
				</LineString>
			</MultiGeometry>
		</Placemark>
		<Placemark>
			<name>P-656</name>
			<visibility>0</visibility>
			<description><![CDATA[<div><div><span><b>Altitude:</b></span> <span>0 ft</span></div>
<div><span><b>Speed:</b></span> <span>13 kt - 14 kt</span></div>
<div><span><b>Timestamp:</b></span><br/><span>2023-12-04 07:07:10 UTC<br/>2023-12-04 07:07:13 UTC</span></div>
</div>]]></description>
			<Style>
				<LineStyle>
					<color>ffffffff</color>
					<width>2</width>
				</LineStyle>
			</Style>
			<MultiGeometry>
				<LineString>
					<tessellate>1</tessellate>
					<coordinates>
						-149.990234,61.17146699999999,0 -149.989975,61.171562,0 
					</coordinates>
				</LineString>
			</MultiGeometry>
		</Placemark>
		<Placemark>
			<name>P-657</name>
			<visibility>0</visibility>
			<description><![CDATA[<div><div><span><b>Altitude:</b></span> <span>0 ft</span></div>
<div><span><b>Speed:</b></span> <span>14 kt - 15 kt</span></div>
<div><span><b>Timestamp:</b></span><br/><span>2023-12-04 07:07:13 UTC<br/>2023-12-04 07:07:15 UTC</span></div>
</div>]]></description>
			<Style>
				<LineStyle>
					<color>ffffffff</color>
					<width>2</width>
				</LineStyle>
			</Style>
			<MultiGeometry>
				<LineString>
					<tessellate>1</tessellate>
					<coordinates>
						-149.989975,61.171562,0 -149.98967,61.171688,0 
					</coordinates>
				</LineString>
			</MultiGeometry>
		</Placemark>
		<Placemark>
			<name>P-658</name>
			<visibility>0</visibility>
			<description><![CDATA[<div><div><span><b>Altitude:</b></span> <span>0 ft</span></div>
<div><span><b>Speed:</b></span> <span>15 kt</span></div>
<div><span><b>Timestamp:</b></span><br/><span>2023-12-04 07:07:15 UTC<br/>2023-12-04 07:07:18 UTC</span></div>
</div>]]></description>
			<Style>
				<LineStyle>
					<color>ffffffff</color>
					<width>2</width>
				</LineStyle>
			</Style>
			<MultiGeometry>
				<LineString>
					<tessellate>1</tessellate>
					<coordinates>
						-149.98967,61.171688,0 -149.989395,61.171806,0 
					</coordinates>
				</LineString>
			</MultiGeometry>
		</Placemark>
		<Placemark>
			<name>P-659</name>
			<visibility>0</visibility>
			<description><![CDATA[<div><div><span><b>Altitude:</b></span> <span>0 ft</span></div>
<div><span><b>Speed:</b></span> <span>15 kt</span></div>
<div><span><b>Timestamp:</b></span><br/><span>2023-12-04 07:07:18 UTC<br/>2023-12-04 07:07:21 UTC</span></div>
</div>]]></description>
			<Style>
				<LineStyle>
					<color>ffffffff</color>
					<width>2</width>
				</LineStyle>
			</Style>
			<MultiGeometry>
				<LineString>
					<tessellate>1</tessellate>
					<coordinates>
						-149.989395,61.171806,0 -149.989075,61.171944,0 
					</coordinates>
				</LineString>
			</MultiGeometry>
		</Placemark>
		<Placemark>
			<name>P-660</name>
			<visibility>0</visibility>
			<description><![CDATA[<div><div><span><b>Altitude:</b></span> <span>0 ft</span></div>
<div><span><b>Speed:</b></span> <span>15 kt - 13 kt</span></div>
<div><span><b>Timestamp:</b></span><br/><span>2023-12-04 07:07:21 UTC<br/>2023-12-04 07:07:23 UTC</span></div>
</div>]]></description>
			<Style>
				<LineStyle>
					<color>ffffffff</color>
					<width>2</width>
				</LineStyle>
			</Style>
			<MultiGeometry>
				<LineString>
					<tessellate>1</tessellate>
					<coordinates>
						-149.989075,61.171944,0 -149.988861,61.172016,0 
					</coordinates>
				</LineString>
			</MultiGeometry>
		</Placemark>
		<Placemark>
			<name>P-661</name>
			<visibility>0</visibility>
			<description><![CDATA[<div><div><span><b>Altitude:</b></span> <span>0 ft</span></div>
<div><span><b>Speed:</b></span> <span>13 kt - 12 kt</span></div>
<div><span><b>Timestamp:</b></span><br/><span>2023-12-04 07:07:23 UTC<br/>2023-12-04 07:07:26 UTC</span></div>
</div>]]></description>
			<Style>
				<LineStyle>
					<color>ffffffff</color>
					<width>2</width>
				</LineStyle>
			</Style>
			<MultiGeometry>
				<LineString>
					<tessellate>1</tessellate>
					<coordinates>
						-149.988861,61.172016,0 -149.988602,61.172131,0 
					</coordinates>
				</LineString>
			</MultiGeometry>
		</Placemark>
		<Placemark>
			<name>P-662</name>
			<visibility>0</visibility>
			<description><![CDATA[<div><div><span><b>Altitude:</b></span> <span>0 ft</span></div>
<div><span><b>Speed:</b></span> <span>12 kt</span></div>
<div><span><b>Timestamp:</b></span><br/><span>2023-12-04 07:07:26 UTC<br/>2023-12-04 07:07:30 UTC</span></div>
</div>]]></description>
			<Style>
				<LineStyle>
					<color>ffffffff</color>
					<width>2</width>
				</LineStyle>
			</Style>
			<MultiGeometry>
				<LineString>
					<tessellate>1</tessellate>
					<coordinates>
						-149.988602,61.172131,0 -149.988251,61.172295,0 
					</coordinates>
				</LineString>
			</MultiGeometry>
		</Placemark>
		<Placemark>
			<name>P-663</name>
			<visibility>0</visibility>
			<description><![CDATA[<div><div><span><b>Altitude:</b></span> <span>0 ft</span></div>
<div><span><b>Speed:</b></span> <span>12 kt - 9 kt</span></div>
<div><span><b>Timestamp:</b></span><br/><span>2023-12-04 07:07:30 UTC<br/>2023-12-04 07:07:35 UTC</span></div>
</div>]]></description>
			<Style>
				<LineStyle>
					<color>ffffffff</color>
					<width>2</width>
				</LineStyle>
			</Style>
			<MultiGeometry>
				<LineString>
					<tessellate>1</tessellate>
					<coordinates>
						-149.988251,61.172295,0 -149.988052,61.172504,0 
					</coordinates>
				</LineString>
			</MultiGeometry>
		</Placemark>
		<Placemark>
			<name>P-664</name>
			<visibility>0</visibility>
			<description><![CDATA[<div><div><span><b>Altitude:</b></span> <span>0 ft</span></div>
<div><span><b>Speed:</b></span> <span>9 kt - 11 kt</span></div>
<div><span><b>Timestamp:</b></span><br/><span>2023-12-04 07:07:35 UTC<br/>2023-12-04 07:07:40 UTC</span></div>
</div>]]></description>
			<Style>
				<LineStyle>
					<color>ffffffff</color>
					<width>2</width>
				</LineStyle>
			</Style>
			<MultiGeometry>
				<LineString>
					<tessellate>1</tessellate>
					<coordinates>
						-149.988052,61.172504,0 -149.988098,61.172745,0 
					</coordinates>
				</LineString>
			</MultiGeometry>
		</Placemark>
		<Placemark>
			<name>P-665</name>
			<visibility>0</visibility>
			<description><![CDATA[<div><div><span><b>Altitude:</b></span> <span>0 ft</span></div>
<div><span><b>Speed:</b></span> <span>11 kt - 12 kt</span></div>
<div><span><b>Timestamp:</b></span><br/><span>2023-12-04 07:07:40 UTC<br/>2023-12-04 07:07:44 UTC</span></div>
</div>]]></description>
			<Style>
				<LineStyle>
					<color>ffffffff</color>
					<width>2</width>
				</LineStyle>
			</Style>
			<MultiGeometry>
				<LineString>
					<tessellate>1</tessellate>
					<coordinates>
						-149.988098,61.172745,0 -149.988251,61.17297000000001,0 
					</coordinates>
				</LineString>
			</MultiGeometry>
		</Placemark>
		<Placemark>
			<name>P-666</name>
			<visibility>0</visibility>
			<description><![CDATA[<div><div><span><b>Altitude:</b></span> <span>0 ft</span></div>
<div><span><b>Speed:</b></span> <span>12 kt - 14 kt</span></div>
<div><span><b>Timestamp:</b></span><br/><span>2023-12-04 07:07:44 UTC<br/>2023-12-04 07:07:49 UTC</span></div>
</div>]]></description>
			<Style>
				<LineStyle>
					<color>ffffffff</color>
					<width>2</width>
				</LineStyle>
			</Style>
			<MultiGeometry>
				<LineString>
					<tessellate>1</tessellate>
					<coordinates>
						-149.988251,61.17297000000001,0 -149.988449,61.173237,0 
					</coordinates>
				</LineString>
			</MultiGeometry>
		</Placemark>
		<Placemark>
			<name>P-667</name>
			<visibility>0</visibility>
			<description><![CDATA[<div><div><span><b>Altitude:</b></span> <span>0 ft</span></div>
<div><span><b>Speed:</b></span> <span>14 kt - 15 kt</span></div>
<div><span><b>Timestamp:</b></span><br/><span>2023-12-04 07:07:49 UTC<br/>2023-12-04 07:07:53 UTC</span></div>
</div>]]></description>
			<Style>
				<LineStyle>
					<color>ffffffff</color>
					<width>2</width>
				</LineStyle>
			</Style>
			<MultiGeometry>
				<LineString>
					<tessellate>1</tessellate>
					<coordinates>
						-149.988449,61.173237,0 -149.988632,61.173466,0 
					</coordinates>
				</LineString>
			</MultiGeometry>
		</Placemark>
		<Placemark>
			<name>P-668</name>
			<visibility>0</visibility>
			<description><![CDATA[<div><div><span><b>Altitude:</b></span> <span>0 ft</span></div>
<div><span><b>Speed:</b></span> <span>15 kt</span></div>
<div><span><b>Timestamp:</b></span><br/><span>2023-12-04 07:07:53 UTC<br/>2023-12-04 07:07:56 UTC</span></div>
</div>]]></description>
			<Style>
				<LineStyle>
					<color>ffffffff</color>
					<width>2</width>
				</LineStyle>
			</Style>
			<MultiGeometry>
				<LineString>
					<tessellate>1</tessellate>
					<coordinates>
						-149.988632,61.173466,0 -149.988815,61.173691,0 
					</coordinates>
				</LineString>
			</MultiGeometry>
		</Placemark>
		<Placemark>
			<name>P-669</name>
			<visibility>0</visibility>
			<description><![CDATA[<div><div><span><b>Altitude:</b></span> <span>0 ft</span></div>
<div><span><b>Speed:</b></span> <span>15 kt - 17 kt</span></div>
<div><span><b>Timestamp:</b></span><br/><span>2023-12-04 07:07:56 UTC<br/>2023-12-04 07:08:03 UTC</span></div>
</div>]]></description>
			<Style>
				<LineStyle>
					<color>ffffffff</color>
					<width>2</width>
				</LineStyle>
			</Style>
			<MultiGeometry>
				<LineString>
					<tessellate>1</tessellate>
					<coordinates>
						-149.988815,61.173691,0 -149.989243,61.17423599999999,0 
					</coordinates>
				</LineString>
			</MultiGeometry>
		</Placemark>
		<Placemark>
			<name>P-670</name>
			<visibility>0</visibility>
			<description><![CDATA[<div><div><span><b>Altitude:</b></span> <span>0 ft</span></div>
<div><span><b>Speed:</b></span> <span>17 kt - 19 kt</span></div>
<div><span><b>Timestamp:</b></span><br/><span>2023-12-04 07:08:03 UTC<br/>2023-12-04 07:08:12 UTC</span></div>
</div>]]></description>
			<Style>
				<LineStyle>
					<color>ffffffff</color>
					<width>2</width>
				</LineStyle>
			</Style>
			<MultiGeometry>
				<LineString>
					<tessellate>1</tessellate>
					<coordinates>
						-149.989243,61.17423599999999,0 -149.989777,61.174946,0 
					</coordinates>
				</LineString>
			</MultiGeometry>
		</Placemark>
		<Placemark>
			<name>P-671</name>
			<visibility>0</visibility>
			<description><![CDATA[<div><div><span><b>Altitude:</b></span> <span>0 ft</span></div>
<div><span><b>Speed:</b></span> <span>19 kt - 17 kt</span></div>
<div><span><b>Timestamp:</b></span><br/><span>2023-12-04 07:08:12 UTC<br/>2023-12-04 07:08:19 UTC</span></div>
</div>]]></description>
			<Style>
				<LineStyle>
					<color>ffffffff</color>
					<width>2</width>
				</LineStyle>
			</Style>
			<MultiGeometry>
				<LineString>
					<tessellate>1</tessellate>
					<coordinates>
						-149.989777,61.174946,0 -149.990234,61.175549,0 
					</coordinates>
				</LineString>
			</MultiGeometry>
		</Placemark>
		<Placemark>
			<name>P-672</name>
			<visibility>0</visibility>
			<description><![CDATA[<div><div><span><b>Altitude:</b></span> <span>0 ft</span></div>
<div><span><b>Speed:</b></span> <span>17 kt - 13 kt</span></div>
<div><span><b>Timestamp:</b></span><br/><span>2023-12-04 07:08:19 UTC<br/>2023-12-04 07:08:26 UTC</span></div>
</div>]]></description>
			<Style>
				<LineStyle>
					<color>ffffffff</color>
					<width>2</width>
				</LineStyle>
			</Style>
			<MultiGeometry>
				<LineString>
					<tessellate>1</tessellate>
					<coordinates>
						-149.990234,61.175549,0 -149.99057,61.176006,0 
					</coordinates>
				</LineString>
			</MultiGeometry>
		</Placemark>
		<Placemark>
			<name>P-673</name>
			<visibility>0</visibility>
			<description><![CDATA[<div><div><span><b>Altitude:</b></span> <span>0 ft</span></div>
<div><span><b>Speed:</b></span> <span>13 kt - 12 kt</span></div>
<div><span><b>Timestamp:</b></span><br/><span>2023-12-04 07:08:26 UTC<br/>2023-12-04 07:08:31 UTC</span></div>
</div>]]></description>
			<Style>
				<LineStyle>
					<color>ffffffff</color>
					<width>2</width>
				</LineStyle>
			</Style>
			<MultiGeometry>
				<LineString>
					<tessellate>1</tessellate>
					<coordinates>
						-149.99057,61.176006,0 -149.990646,61.176235,0 
					</coordinates>
				</LineString>
			</MultiGeometry>
		</Placemark>
		<Placemark>
			<name>P-674</name>
			<visibility>0</visibility>
			<description><![CDATA[<div><div><span><b>Altitude:</b></span> <span>0 ft</span></div>
<div><span><b>Speed:</b></span> <span>12 kt - 11 kt</span></div>
<div><span><b>Timestamp:</b></span><br/><span>2023-12-04 07:08:31 UTC<br/>2023-12-04 07:08:36 UTC</span></div>
</div>]]></description>
			<Style>
				<LineStyle>
					<color>ffffffff</color>
					<width>2</width>
				</LineStyle>
			</Style>
			<MultiGeometry>
				<LineString>
					<tessellate>1</tessellate>
					<coordinates>
						-149.990646,61.176235,0 -149.990479,61.176487,0 
					</coordinates>
				</LineString>
			</MultiGeometry>
		</Placemark>
		<Placemark>
			<name>P-675</name>
			<visibility>0</visibility>
			<description><![CDATA[<div><div><span><b>Altitude:</b></span> <span>0 ft</span></div>
<div><span><b>Speed:</b></span> <span>11 kt</span></div>
<div><span><b>Timestamp:</b></span><br/><span>2023-12-04 07:08:36 UTC<br/>2023-12-04 07:08:39 UTC</span></div>
</div>]]></description>
			<Style>
				<LineStyle>
					<color>ffffffff</color>
					<width>2</width>
				</LineStyle>
			</Style>
			<MultiGeometry>
				<LineString>
					<tessellate>1</tessellate>
					<coordinates>
						-149.990479,61.176487,0 -149.990265,61.17657899999999,0 
					</coordinates>
				</LineString>
			</MultiGeometry>
		</Placemark>
		<Placemark>
			<name>P-676</name>
			<visibility>0</visibility>
			<description><![CDATA[<div><div><span><b>Altitude:</b></span> <span>0 ft</span></div>
<div><span><b>Speed:</b></span> <span>11 kt</span></div>
<div><span><b>Timestamp:</b></span><br/><span>2023-12-04 07:08:39 UTC<br/>2023-12-04 07:08:42 UTC</span></div>
</div>]]></description>
			<Style>
				<LineStyle>
					<color>ffffffff</color>
					<width>2</width>
				</LineStyle>
			</Style>
			<MultiGeometry>
				<LineString>
					<tessellate>1</tessellate>
					<coordinates>
						-149.990265,61.17657899999999,0 -149.990036,61.176647,0 
					</coordinates>
				</LineString>
			</MultiGeometry>
		</Placemark>
		<Placemark>
			<name>P-677</name>
			<visibility>0</visibility>
			<description><![CDATA[<div><div><span><b>Altitude:</b></span> <span>0 ft</span></div>
<div><span><b>Speed:</b></span> <span>11 kt</span></div>
<div><span><b>Timestamp:</b></span><br/><span>2023-12-04 07:08:42 UTC<br/>2023-12-04 07:08:45 UTC</span></div>
</div>]]></description>
			<Style>
				<LineStyle>
					<color>ffffffff</color>
					<width>2</width>
				</LineStyle>
			</Style>
			<MultiGeometry>
				<LineString>
					<tessellate>1</tessellate>
					<coordinates>
						-149.990036,61.176647,0 -149.989731,61.176693,0 
					</coordinates>
				</LineString>
			</MultiGeometry>
		</Placemark>
		<Placemark>
			<name>P-678</name>
			<visibility>0</visibility>
			<description><![CDATA[<div><div><span><b>Altitude:</b></span> <span>0 ft</span></div>
<div><span><b>Speed:</b></span> <span>11 kt</span></div>
<div><span><b>Timestamp:</b></span><br/><span>2023-12-04 07:08:45 UTC<br/>2023-12-04 07:08:47 UTC</span></div>
</div>]]></description>
			<Style>
				<LineStyle>
					<color>ffffffff</color>
					<width>2</width>
				</LineStyle>
			</Style>
			<MultiGeometry>
				<LineString>
					<tessellate>1</tessellate>
					<coordinates>
						-149.989731,61.176693,0 -149.989502,61.176727,0 
					</coordinates>
				</LineString>
			</MultiGeometry>
		</Placemark>
		<Placemark>
			<name>P-679</name>
			<visibility>0</visibility>
			<description><![CDATA[<div><div><span><b>Altitude:</b></span> <span>0 ft</span></div>
<div><span><b>Speed:</b></span> <span>11 kt</span></div>
<div><span><b>Timestamp:</b></span><br/><span>2023-12-04 07:08:47 UTC<br/>2023-12-04 07:08:49 UTC</span></div>
</div>]]></description>
			<Style>
				<LineStyle>
					<color>ffffffff</color>
					<width>2</width>
				</LineStyle>
			</Style>
			<MultiGeometry>
				<LineString>
					<tessellate>1</tessellate>
					<coordinates>
						-149.989502,61.176727,0 -149.989258,61.176773,0 
					</coordinates>
				</LineString>
			</MultiGeometry>
		</Placemark>
		<Placemark>
			<name>P-680</name>
			<visibility>0</visibility>
			<description><![CDATA[<div><div><span><b>Altitude:</b></span> <span>0 ft</span></div>
<div><span><b>Speed:</b></span> <span>11 kt - 10 kt</span></div>
<div><span><b>Timestamp:</b></span><br/><span>2023-12-04 07:08:49 UTC<br/>2023-12-04 07:08:52 UTC</span></div>
</div>]]></description>
			<Style>
				<LineStyle>
					<color>ffffffff</color>
					<width>2</width>
				</LineStyle>
			</Style>
			<MultiGeometry>
				<LineString>
					<tessellate>1</tessellate>
					<coordinates>
						-149.989258,61.176773,0 -149.988983,61.17681900000001,0 
					</coordinates>
				</LineString>
			</MultiGeometry>
		</Placemark>
		<Placemark>
			<name>P-681</name>
			<visibility>0</visibility>
			<description><![CDATA[<div><div><span><b>Altitude:</b></span> <span>0 ft</span></div>
<div><span><b>Speed:</b></span> <span>10 kt - 9 kt</span></div>
<div><span><b>Timestamp:</b></span><br/><span>2023-12-04 07:08:52 UTC<br/>2023-12-04 07:08:55 UTC</span></div>
</div>]]></description>
			<Style>
				<LineStyle>
					<color>ffffffff</color>
					<width>2</width>
				</LineStyle>
			</Style>
			<MultiGeometry>
				<LineString>
					<tessellate>1</tessellate>
					<coordinates>
						-149.988983,61.17681900000001,0 -149.988754,61.176853,0 
					</coordinates>
				</LineString>
			</MultiGeometry>
		</Placemark>
		<Placemark>
			<name>P-682</name>
			<visibility>0</visibility>
			<description><![CDATA[<div><div><span><b>Altitude:</b></span> <span>0 ft</span></div>
<div><span><b>Speed:</b></span> <span>9 kt - 8 kt</span></div>
<div><span><b>Timestamp:</b></span><br/><span>2023-12-04 07:08:55 UTC<br/>2023-12-04 07:08:58 UTC</span></div>
</div>]]></description>
			<Style>
				<LineStyle>
					<color>ffffffff</color>
					<width>2</width>
				</LineStyle>
			</Style>
			<MultiGeometry>
				<LineString>
					<tessellate>1</tessellate>
					<coordinates>
						-149.988754,61.176853,0 -149.988495,61.176899,0 
					</coordinates>
				</LineString>
			</MultiGeometry>
		</Placemark>
		<Placemark>
			<name>P-683</name>
			<visibility>0</visibility>
			<description><![CDATA[<div><div><span><b>Altitude:</b></span> <span>0 ft</span></div>
<div><span><b>Speed:</b></span> <span>8 kt</span></div>
<div><span><b>Timestamp:</b></span><br/><span>2023-12-04 07:08:58 UTC<br/>2023-12-04 07:09:06 UTC</span></div>
</div>]]></description>
			<Style>
				<LineStyle>
					<color>ffffffff</color>
					<width>2</width>
				</LineStyle>
			</Style>
			<MultiGeometry>
				<LineString>
					<tessellate>1</tessellate>
					<coordinates>
						-149.988495,61.176899,0 -149.987946,61.17699399999999,0 
					</coordinates>
				</LineString>
			</MultiGeometry>
		</Placemark>
		<Placemark>
			<name>P-684</name>
			<visibility>0</visibility>
			<description><![CDATA[<div><div><span><b>Altitude:</b></span> <span>0 ft</span></div>
<div><span><b>Speed:</b></span> <span>8 kt</span></div>
<div><span><b>Timestamp:</b></span><br/><span>2023-12-04 07:09:06 UTC<br/>2023-12-04 07:09:14 UTC</span></div>
</div>]]></description>
			<Style>
				<LineStyle>
					<color>ffffffff</color>
					<width>2</width>
				</LineStyle>
			</Style>
			<MultiGeometry>
				<LineString>
					<tessellate>1</tessellate>
					<coordinates>
						-149.987946,61.17699399999999,0 -149.987381,61.177101,0 
					</coordinates>
				</LineString>
			</MultiGeometry>
		</Placemark>
		<Placemark>
			<name>P-685</name>
			<visibility>0</visibility>
			<description><![CDATA[<div><div><span><b>Altitude:</b></span> <span>0 ft</span></div>
<div><span><b>Speed:</b></span> <span>8 kt - 9 kt</span></div>
<div><span><b>Timestamp:</b></span><br/><span>2023-12-04 07:09:14 UTC<br/>2023-12-04 07:09:21 UTC</span></div>
</div>]]></description>
			<Style>
				<LineStyle>
					<color>ffffffff</color>
					<width>2</width>
				</LineStyle>
			</Style>
			<MultiGeometry>
				<LineString>
					<tessellate>1</tessellate>
					<coordinates>
						-149.987381,61.177101,0 -149.986816,61.177208,0 
					</coordinates>
				</LineString>
			</MultiGeometry>
		</Placemark>
		<Placemark>
			<name>P-686</name>
			<visibility>0</visibility>
			<description><![CDATA[<div><div><span><b>Altitude:</b></span> <span>0 ft</span></div>
<div><span><b>Speed:</b></span> <span>9 kt - 6 kt</span></div>
<div><span><b>Timestamp:</b></span><br/><span>2023-12-04 07:09:21 UTC<br/>2023-12-04 07:09:29 UTC</span></div>
</div>]]></description>
			<Style>
				<LineStyle>
					<color>ffffffff</color>
					<width>2</width>
				</LineStyle>
			</Style>
			<MultiGeometry>
				<LineString>
					<tessellate>1</tessellate>
					<coordinates>
						-149.986816,61.177208,0 -149.986313,61.177299,0 
					</coordinates>
				</LineString>
			</MultiGeometry>
		</Placemark>
		<Placemark>
			<name>P-687</name>
			<visibility>0</visibility>
			<description><![CDATA[<div><div><span><b>Altitude:</b></span> <span>0 ft</span></div>
<div><span><b>Speed:</b></span> <span>6 kt - 5 kt</span></div>
<div><span><b>Timestamp:</b></span><br/><span>2023-12-04 07:09:29 UTC<br/>2023-12-04 07:09:35 UTC</span></div>
</div>]]></description>
			<Style>
				<LineStyle>
					<color>ffffffff</color>
					<width>2</width>
				</LineStyle>
			</Style>
			<MultiGeometry>
				<LineString>
					<tessellate>1</tessellate>
					<coordinates>
						-149.986313,61.177299,0 -149.986084,61.17738,0 
					</coordinates>
				</LineString>
			</MultiGeometry>
		</Placemark>
		<Placemark>
			<name>P-688</name>
			<visibility>0</visibility>
			<description><![CDATA[<div><div><span><b>Altitude:</b></span> <span>0 ft</span></div>
<div><span><b>Speed:</b></span> <span>5 kt</span></div>
<div><span><b>Timestamp:</b></span><br/><span>2023-12-04 07:09:35 UTC<br/>2023-12-04 07:09:44 UTC</span></div>
</div>]]></description>
			<Style>
				<LineStyle>
					<color>ffffffff</color>
					<width>2</width>
				</LineStyle>
			</Style>
			<MultiGeometry>
				<LineString>
					<tessellate>1</tessellate>
					<coordinates>
						-149.986084,61.17738,0 -149.986008,61.177586,0 
					</coordinates>
				</LineString>
			</MultiGeometry>
		</Placemark>
		<Placemark>
			<name>P-689</name>
			<visibility>0</visibility>
			<description><![CDATA[<div><div><span><b>Altitude:</b></span> <span>0 ft</span></div>
<div><span><b>Speed:</b></span> <span>5 kt</span></div>
<div><span><b>Timestamp:</b></span><br/><span>2023-12-04 07:09:44 UTC<br/>2023-12-04 07:09:51 UTC</span></div>
</div>]]></description>
			<Style>
				<LineStyle>
					<color>ffffffff</color>
					<width>2</width>
				</LineStyle>
			</Style>
			<MultiGeometry>
				<LineString>
					<tessellate>1</tessellate>
					<coordinates>
						-149.986008,61.177586,0 -149.986221,61.17774200000001,0 
					</coordinates>
				</LineString>
			</MultiGeometry>
		</Placemark>
		<Placemark>
			<name>P-690</name>
			<visibility>0</visibility>
			<description><![CDATA[<div><div><span><b>Altitude:</b></span> <span>0 ft</span></div>
<div><span><b>Speed:</b></span> <span>5 kt - 3 kt</span></div>
<div><span><b>Timestamp:</b></span><br/><span>2023-12-04 07:09:51 UTC<br/>2023-12-04 07:10:01 UTC</span></div>
</div>]]></description>
			<Style>
				<LineStyle>
					<color>ffffffff</color>
					<width>2</width>
				</LineStyle>
			</Style>
			<MultiGeometry>
				<LineString>
					<tessellate>1</tessellate>
					<coordinates>
						-149.986221,61.17774200000001,0 -149.98645,61.177834,0 
					</coordinates>
				</LineString>
			</MultiGeometry>
		</Placemark>
		<Placemark>
			<name>P-691</name>
			<visibility>0</visibility>
			<description><![CDATA[<div><div><span><b>Altitude:</b></span> <span>0 ft</span></div>
<div><span><b>Speed:</b></span> <span>3 kt - 4 kt</span></div>
<div><span><b>Timestamp:</b></span><br/><span>2023-12-04 07:10:01 UTC<br/>2023-12-04 07:10:10 UTC</span></div>
</div>]]></description>
			<Style>
				<LineStyle>
					<color>ffffffff</color>
					<width>2</width>
				</LineStyle>
			</Style>
			<MultiGeometry>
				<LineString>
					<tessellate>1</tessellate>
					<coordinates>
						-149.98645,61.177834,0 -149.986694,61.177868,0 
					</coordinates>
				</LineString>
			</MultiGeometry>
		</Placemark>
		<Placemark>
			<name>P-692</name>
			<visibility>0</visibility>
			<description><![CDATA[<div><div><span><b>Altitude:</b></span> <span>0 ft</span></div>
<div><span><b>Speed:</b></span> <span>4 kt - 5 kt</span></div>
<div><span><b>Timestamp:</b></span><br/><span>2023-12-04 07:10:10 UTC<br/>2023-12-04 07:10:15 UTC</span></div>
</div>]]></description>
			<Style>
				<LineStyle>
					<color>ffffffff</color>
					<width>2</width>
				</LineStyle>
			</Style>
			<MultiGeometry>
				<LineString>
					<tessellate>1</tessellate>
					<coordinates>
						-149.986694,61.177868,0 -149.986908,61.177834,0 
					</coordinates>
				</LineString>
			</MultiGeometry>
		</Placemark>
		<Placemark>
			<name>P-693</name>
			<visibility>0</visibility>
			<description><![CDATA[<div><div><span><b>Altitude:</b></span> <span>0 ft</span></div>
<div><span><b>Speed:</b></span> <span>5 kt - 3 kt</span></div>
<div><span><b>Timestamp:</b></span><br/><span>2023-12-04 07:10:15 UTC<br/>2023-12-04 07:10:22 UTC</span></div>
</div>]]></description>
			<Style>
				<LineStyle>
					<color>ffffffff</color>
					<width>2</width>
				</LineStyle>
			</Style>
			<MultiGeometry>
				<LineString>
					<tessellate>1</tessellate>
					<coordinates>
						-149.986908,61.177834,0 -149.987122,61.17778000000001,0 
					</coordinates>
				</LineString>
			</MultiGeometry>
		</Placemark>
		<Placemark>
			<name>P-694</name>
			<visibility>0</visibility>
			<description><![CDATA[<div><div><span><b>Altitude:</b></span> <span>0 ft</span></div>
<div><span><b>Speed:</b></span> <span>3 kt - 2 kt</span></div>
<div><span><b>Timestamp:</b></span><br/><span>2023-12-04 07:10:22 UTC<br/>2023-12-04 07:10:29 UTC</span></div>
</div>]]></description>
			<Style>
				<LineStyle>
					<color>ffffffff</color>
					<width>2</width>
				</LineStyle>
			</Style>
			<MultiGeometry>
				<LineString>
					<tessellate>1</tessellate>
					<coordinates>
						-149.987122,61.17778000000001,0 -149.987335,61.177746,0 
					</coordinates>
				</LineString>
			</MultiGeometry>
		</Placemark>
		<Placemark>
			<name>P-695</name>
			<visibility>0</visibility>
			<description><![CDATA[<div><div><span><b>Altitude:</b></span> <span>0 ft</span></div>
<div><span><b>Speed:</b></span> <span>2 kt - 0 kt</span></div>
<div><span><b>Timestamp:</b></span><br/><span>2023-12-04 07:10:29 UTC<br/>2023-12-04 07:31:09 UTC</span></div>
</div>]]></description>
			<Style>
				<LineStyle>
					<color>88000000</color>
					<width>2</width>
				</LineStyle>
			</Style>
			<MultiGeometry>
				<LineString>
					<tessellate>1</tessellate>
					<coordinates>
						-149.987335,61.177746,0 -149.986191,61.177334,0 
					</coordinates>
				</LineString>
			</MultiGeometry>
		</Placemark>
		<Placemark>
			<name>Jet Aviation FBO South (GA Terminal)</name>
			<visibility>0</visibility>
			<LookAt>
				<longitude>8.573427389028655</longitude>
				<latitude>47.45357574815988</latitude>
				<altitude>0</altitude>
				<heading>0.001265094447279553</heading>
				<tilt>21.28323631104824</tilt>
				<range>279.202550588271</range>
				<gx:altitudeMode>relativeToSeaFloor</gx:altitudeMode>
			</LookAt>
			<styleUrl>#m_ylw-pushpin100</styleUrl>
			<Point>
				<gx:drawOrder>1</gx:drawOrder>
				<coordinates>8.573700850957577,47.45342529209836,0</coordinates>
			</Point>
		</Placemark>
		<atom:link rel="app" href="https://www.google.com/earth/about/versions/#earth-pro" title="Google Earth Pro 7.3.7.1155"></atom:link>
	</Folder>
</Document>
</kml>
