<?xml version="1.0" encoding="UTF-8"?>
<kml xmlns="http://www.opengis.net/kml/2.2" xmlns:gx="http://www.google.com/kml/ext/2.2" xmlns:kml="http://www.opengis.net/kml/2.2" xmlns:atom="http://www.w3.org/2005/Atom">
<Folder>
	<name>GMP-AGAVO RWY32</name>
	<visibility>0</visibility>
	<Placemark>
		<name>P-1</name>
		<visibility>0</visibility>
		<description><![CDATA[<div><div><span><b>Altitude:</b></span> <span>0 ft</span></div>
<div><span><b>Speed:</b></span> <span>0 kt - 3 kt</span></div>
<div><span><b>Timestamp:</b></span><br/><span>2024-11-07 02:10:31 UTC<br/>2024-11-07 02:14:32 UTC</span></div>
</div>]]></description>
		<Style>
			<LineStyle>
				<color>ffffffff</color>
				<width>2</width>
			</LineStyle>
		</Style>
		<MultiGeometry>
			<LineString>
				<tessellate>1</tessellate>
				<coordinates>
					126.801422,37.57032,0 126.801216,37.570152,0 
				</coordinates>
			</LineString>
		</MultiGeometry>
	</Placemark>
	<Placemark>
		<name>P-2</name>
		<visibility>0</visibility>
		<description><![CDATA[<div><div><span><b>Altitude:</b></span> <span>0 ft</span></div>
<div><span><b>Speed:</b></span> <span>3 kt</span></div>
<div><span><b>Timestamp:</b></span><br/><span>2024-11-07 02:14:32 UTC<br/>2024-11-07 02:14:50 UTC</span></div>
</div>]]></description>
		<Style>
			<LineStyle>
				<color>ffffffff</color>
				<width>2</width>
			</LineStyle>
		</Style>
		<MultiGeometry>
			<LineString>
				<tessellate>1</tessellate>
				<coordinates>
					126.801216,37.570152,0 126.801003,37.570007,0 
				</coordinates>
			</LineString>
		</MultiGeometry>
	</Placemark>
	<Placemark>
		<name>P-3</name>
		<visibility>0</visibility>
		<description><![CDATA[<div><div><span><b>Altitude:</b></span> <span>0 ft</span></div>
<div><span><b>Speed:</b></span> <span>3 kt</span></div>
<div><span><b>Timestamp:</b></span><br/><span>2024-11-07 02:14:50 UTC<br/>2024-11-07 02:15:11 UTC</span></div>
</div>]]></description>
		<Style>
			<LineStyle>
				<color>ffffffff</color>
				<width>2</width>
			</LineStyle>
		</Style>
		<MultiGeometry>
			<LineString>
				<tessellate>1</tessellate>
				<coordinates>
					126.801003,37.570007,0 126.800812,37.569798,0 
				</coordinates>
			</LineString>
		</MultiGeometry>
	</Placemark>
	<Placemark>
		<name>P-4</name>
		<visibility>0</visibility>
		<description><![CDATA[<div><div><span><b>Altitude:</b></span> <span>0 ft</span></div>
<div><span><b>Speed:</b></span> <span>3 kt - 2 kt</span></div>
<div><span><b>Timestamp:</b></span><br/><span>2024-11-07 02:15:11 UTC<br/>2024-11-07 02:15:34 UTC</span></div>
</div>]]></description>
		<Style>
			<LineStyle>
				<color>ffffffff</color>
				<width>2</width>
			</LineStyle>
		</Style>
		<MultiGeometry>
			<LineString>
				<tessellate>1</tessellate>
				<coordinates>
					126.800812,37.569798,0 126.800873,37.569588,0 
				</coordinates>
			</LineString>
		</MultiGeometry>
	</Placemark>
	<Placemark>
		<name>P-5</name>
		<visibility>0</visibility>
		<description><![CDATA[<div><div><span><b>Altitude:</b></span> <span>0 ft</span></div>
<div><span><b>Speed:</b></span> <span>2 kt - 0 kt</span></div>
<div><span><b>Timestamp:</b></span><br/><span>2024-11-07 02:15:34 UTC<br/>2024-11-07 02:19:55 UTC</span></div>
</div>]]></description>
		<Style>
			<LineStyle>
				<color>ffffffff</color>
				<width>2</width>
			</LineStyle>
		</Style>
		<MultiGeometry>
			<LineString>
				<tessellate>1</tessellate>
				<coordinates>
					126.800873,37.569588,0 126.800667,37.569729,0 
				</coordinates>
			</LineString>
		</MultiGeometry>
	</Placemark>
	<Placemark>
		<name>P-6</name>
		<visibility>0</visibility>
		<description><![CDATA[<div><div><span><b>Altitude:</b></span> <span>0 ft</span></div>
<div><span><b>Speed:</b></span> <span>0 kt - 5 kt</span></div>
<div><span><b>Timestamp:</b></span><br/><span>2024-11-07 02:19:55 UTC<br/>2024-11-07 02:20:12 UTC</span></div>
</div>]]></description>
		<Style>
			<LineStyle>
				<color>ffffffff</color>
				<width>2</width>
			</LineStyle>
		</Style>
		<MultiGeometry>
			<LineString>
				<tessellate>1</tessellate>
				<coordinates>
					126.800667,37.569729,0 126.800438,37.569912,0 
				</coordinates>
			</LineString>
		</MultiGeometry>
	</Placemark>
	<Placemark>
		<name>P-7</name>
		<visibility>0</visibility>
		<description><![CDATA[<div><div><span><b>Altitude:</b></span> <span>0 ft</span></div>
<div><span><b>Speed:</b></span> <span>5 kt - 6 kt</span></div>
<div><span><b>Timestamp:</b></span><br/><span>2024-11-07 02:20:12 UTC<br/>2024-11-07 02:20:19 UTC</span></div>
</div>]]></description>
		<Style>
			<LineStyle>
				<color>ffffffff</color>
				<width>2</width>
			</LineStyle>
		</Style>
		<MultiGeometry>
			<LineString>
				<tessellate>1</tessellate>
				<coordinates>
					126.800438,37.569912,0 126.800217,37.570007,0 
				</coordinates>
			</LineString>
		</MultiGeometry>
	</Placemark>
	<Placemark>
		<name>P-8</name>
		<visibility>0</visibility>
		<description><![CDATA[<div><div><span><b>Altitude:</b></span> <span>0 ft</span></div>
<div><span><b>Speed:</b></span> <span>6 kt</span></div>
<div><span><b>Timestamp:</b></span><br/><span>2024-11-07 02:20:19 UTC<br/>2024-11-07 02:20:25 UTC</span></div>
</div>]]></description>
		<Style>
			<LineStyle>
				<color>ffffffff</color>
				<width>2</width>
			</LineStyle>
		</Style>
		<MultiGeometry>
			<LineString>
				<tessellate>1</tessellate>
				<coordinates>
					126.800217,37.570007,0 126.800003,37.570015,0 
				</coordinates>
			</LineString>
		</MultiGeometry>
	</Placemark>
	<Placemark>
		<name>P-9</name>
		<visibility>0</visibility>
		<description><![CDATA[<div><div><span><b>Altitude:</b></span> <span>0 ft</span></div>
<div><span><b>Speed:</b></span> <span>6 kt</span></div>
<div><span><b>Timestamp:</b></span><br/><span>2024-11-07 02:20:25 UTC<br/>2024-11-07 02:20:33 UTC</span></div>
</div>]]></description>
		<Style>
			<LineStyle>
				<color>ffffffff</color>
				<width>2</width>
			</LineStyle>
		</Style>
		<MultiGeometry>
			<LineString>
				<tessellate>1</tessellate>
				<coordinates>
					126.800003,37.570015,0 126.799759,37.569889,0 
				</coordinates>
			</LineString>
		</MultiGeometry>
	</Placemark>
	<Placemark>
		<name>P-10</name>
		<visibility>0</visibility>
		<description><![CDATA[<div><div><span><b>Altitude:</b></span> <span>0 ft</span></div>
<div><span><b>Speed:</b></span> <span>6 kt - 8 kt</span></div>
<div><span><b>Timestamp:</b></span><br/><span>2024-11-07 02:20:33 UTC<br/>2024-11-07 02:20:43 UTC</span></div>
</div>]]></description>
		<Style>
			<LineStyle>
				<color>ffffffff</color>
				<width>2</width>
			</LineStyle>
		</Style>
		<MultiGeometry>
			<LineString>
				<tessellate>1</tessellate>
				<coordinates>
					126.799759,37.569889,0 126.799484,37.569656,0 
				</coordinates>
			</LineString>
		</MultiGeometry>
	</Placemark>
	<Placemark>
		<name>P-11</name>
		<visibility>0</visibility>
		<description><![CDATA[<div><div><span><b>Altitude:</b></span> <span>0 ft</span></div>
<div><span><b>Speed:</b></span> <span>8 kt - 10 kt</span></div>
<div><span><b>Timestamp:</b></span><br/><span>2024-11-07 02:20:43 UTC<br/>2024-11-07 02:20:50 UTC</span></div>
</div>]]></description>
		<Style>
			<LineStyle>
				<color>ffffffff</color>
				<width>2</width>
			</LineStyle>
		</Style>
		<MultiGeometry>
			<LineString>
				<tessellate>1</tessellate>
				<coordinates>
					126.799484,37.569656,0 126.799187,37.569412,0 
				</coordinates>
			</LineString>
		</MultiGeometry>
	</Placemark>
	<Placemark>
		<name>P-12</name>
		<visibility>0</visibility>
		<description><![CDATA[<div><div><span><b>Altitude:</b></span> <span>0 ft</span></div>
<div><span><b>Speed:</b></span> <span>10 kt - 11 kt</span></div>
<div><span><b>Timestamp:</b></span><br/><span>2024-11-07 02:20:50 UTC<br/>2024-11-07 02:20:55 UTC</span></div>
</div>]]></description>
		<Style>
			<LineStyle>
				<color>ffffffff</color>
				<width>2</width>
			</LineStyle>
		</Style>
		<MultiGeometry>
			<LineString>
				<tessellate>1</tessellate>
				<coordinates>
					126.799187,37.569412,0 126.798973,37.569252,0 
				</coordinates>
			</LineString>
		</MultiGeometry>
	</Placemark>
	<Placemark>
		<name>P-13</name>
		<visibility>0</visibility>
		<description><![CDATA[<div><div><span><b>Altitude:</b></span> <span>0 ft</span></div>
<div><span><b>Speed:</b></span> <span>11 kt - 12 kt</span></div>
<div><span><b>Timestamp:</b></span><br/><span>2024-11-07 02:20:55 UTC<br/>2024-11-07 02:20:59 UTC</span></div>
</div>]]></description>
		<Style>
			<LineStyle>
				<color>ffffffff</color>
				<width>2</width>
			</LineStyle>
		</Style>
		<MultiGeometry>
			<LineString>
				<tessellate>1</tessellate>
				<coordinates>
					126.798973,37.569252,0 126.798767,37.569077,0 
				</coordinates>
			</LineString>
		</MultiGeometry>
	</Placemark>
	<Placemark>
		<name>P-14</name>
		<visibility>0</visibility>
		<description><![CDATA[<div><div><span><b>Altitude:</b></span> <span>0 ft</span></div>
<div><span><b>Speed:</b></span> <span>12 kt - 13 kt</span></div>
<div><span><b>Timestamp:</b></span><br/><span>2024-11-07 02:20:59 UTC<br/>2024-11-07 02:21:06 UTC</span></div>
</div>]]></description>
		<Style>
			<LineStyle>
				<color>ffffffff</color>
				<width>2</width>
			</LineStyle>
		</Style>
		<MultiGeometry>
			<LineString>
				<tessellate>1</tessellate>
				<coordinates>
					126.798767,37.569077,0 126.798409,37.568798,0 
				</coordinates>
			</LineString>
		</MultiGeometry>
	</Placemark>
	<Placemark>
		<name>P-15</name>
		<visibility>0</visibility>
		<description><![CDATA[<div><div><span><b>Altitude:</b></span> <span>0 ft</span></div>
<div><span><b>Speed:</b></span> <span>13 kt</span></div>
<div><span><b>Timestamp:</b></span><br/><span>2024-11-07 02:21:06 UTC<br/>2024-11-07 02:21:14 UTC</span></div>
</div>]]></description>
		<Style>
			<LineStyle>
				<color>ffffffff</color>
				<width>2</width>
			</LineStyle>
		</Style>
		<MultiGeometry>
			<LineString>
				<tessellate>1</tessellate>
				<coordinates>
					126.798409,37.568798,0 126.797989,37.568459,0 
				</coordinates>
			</LineString>
		</MultiGeometry>
	</Placemark>
	<Placemark>
		<name>P-16</name>
		<visibility>0</visibility>
		<description><![CDATA[<div><div><span><b>Altitude:</b></span> <span>0 ft</span></div>
<div><span><b>Speed:</b></span> <span>13 kt</span></div>
<div><span><b>Timestamp:</b></span><br/><span>2024-11-07 02:21:14 UTC<br/>2024-11-07 02:21:21 UTC</span></div>
</div>]]></description>
		<Style>
			<LineStyle>
				<color>ffffffff</color>
				<width>2</width>
			</LineStyle>
		</Style>
		<MultiGeometry>
			<LineString>
				<tessellate>1</tessellate>
				<coordinates>
					126.797989,37.568459,0 126.7976,37.568157,0 
				</coordinates>
			</LineString>
		</MultiGeometry>
	</Placemark>
	<Placemark>
		<name>P-17</name>
		<visibility>0</visibility>
		<description><![CDATA[<div><div><span><b>Altitude:</b></span> <span>0 ft</span></div>
<div><span><b>Speed:</b></span> <span>13 kt</span></div>
<div><span><b>Timestamp:</b></span><br/><span>2024-11-07 02:21:21 UTC<br/>2024-11-07 02:21:30 UTC</span></div>
</div>]]></description>
		<Style>
			<LineStyle>
				<color>ffffffff</color>
				<width>2</width>
			</LineStyle>
		</Style>
		<MultiGeometry>
			<LineString>
				<tessellate>1</tessellate>
				<coordinates>
					126.7976,37.568157,0 126.797142,37.567795,0 
				</coordinates>
			</LineString>
		</MultiGeometry>
	</Placemark>
	<Placemark>
		<name>P-18</name>
		<visibility>0</visibility>
		<description><![CDATA[<div><div><span><b>Altitude:</b></span> <span>0 ft</span></div>
<div><span><b>Speed:</b></span> <span>13 kt - 14 kt</span></div>
<div><span><b>Timestamp:</b></span><br/><span>2024-11-07 02:21:30 UTC<br/>2024-11-07 02:21:36 UTC</span></div>
</div>]]></description>
		<Style>
			<LineStyle>
				<color>ffffffff</color>
				<width>2</width>
			</LineStyle>
		</Style>
		<MultiGeometry>
			<LineString>
				<tessellate>1</tessellate>
				<coordinates>
					126.797142,37.567795,0 126.796761,37.567486,0 
				</coordinates>
			</LineString>
		</MultiGeometry>
	</Placemark>
	<Placemark>
		<name>P-19</name>
		<visibility>0</visibility>
		<description><![CDATA[<div><div><span><b>Altitude:</b></span> <span>0 ft</span></div>
<div><span><b>Speed:</b></span> <span>14 kt</span></div>
<div><span><b>Timestamp:</b></span><br/><span>2024-11-07 02:21:36 UTC<br/>2024-11-07 02:21:44 UTC</span></div>
</div>]]></description>
		<Style>
			<LineStyle>
				<color>ffffffff</color>
				<width>2</width>
			</LineStyle>
		</Style>
		<MultiGeometry>
			<LineString>
				<tessellate>1</tessellate>
				<coordinates>
					126.796761,37.567486,0 126.796333,37.567142,0 
				</coordinates>
			</LineString>
		</MultiGeometry>
	</Placemark>
	<Placemark>
		<name>P-20</name>
		<visibility>0</visibility>
		<description><![CDATA[<div><div><span><b>Altitude:</b></span> <span>0 ft</span></div>
<div><span><b>Speed:</b></span> <span>14 kt - 15 kt</span></div>
<div><span><b>Timestamp:</b></span><br/><span>2024-11-07 02:21:44 UTC<br/>2024-11-07 02:21:51 UTC</span></div>
</div>]]></description>
		<Style>
			<LineStyle>
				<color>ffffffff</color>
				<width>2</width>
			</LineStyle>
		</Style>
		<MultiGeometry>
			<LineString>
				<tessellate>1</tessellate>
				<coordinates>
					126.796333,37.567142,0 126.795914,37.566807,0 
				</coordinates>
			</LineString>
		</MultiGeometry>
	</Placemark>
	<Placemark>
		<name>P-21</name>
		<visibility>0</visibility>
		<description><![CDATA[<div><div><span><b>Altitude:</b></span> <span>0 ft</span></div>
<div><span><b>Speed:</b></span> <span>15 kt</span></div>
<div><span><b>Timestamp:</b></span><br/><span>2024-11-07 02:21:51 UTC<br/>2024-11-07 02:21:59 UTC</span></div>
</div>]]></description>
		<Style>
			<LineStyle>
				<color>ffffffff</color>
				<width>2</width>
			</LineStyle>
		</Style>
		<MultiGeometry>
			<LineString>
				<tessellate>1</tessellate>
				<coordinates>
					126.795914,37.566807,0 126.795448,37.566456,0 
				</coordinates>
			</LineString>
		</MultiGeometry>
	</Placemark>
	<Placemark>
		<name>P-22</name>
		<visibility>0</visibility>
		<description><![CDATA[<div><div><span><b>Altitude:</b></span> <span>0 ft</span></div>
<div><span><b>Speed:</b></span> <span>15 kt</span></div>
<div><span><b>Timestamp:</b></span><br/><span>2024-11-07 02:21:59 UTC<br/>2024-11-07 02:22:06 UTC</span></div>
</div>]]></description>
		<Style>
			<LineStyle>
				<color>ffffffff</color>
				<width>2</width>
			</LineStyle>
		</Style>
		<MultiGeometry>
			<LineString>
				<tessellate>1</tessellate>
				<coordinates>
					126.795448,37.566456,0 126.795013,37.566101,0 
				</coordinates>
			</LineString>
		</MultiGeometry>
	</Placemark>
	<Placemark>
		<name>P-23</name>
		<visibility>0</visibility>
		<description><![CDATA[<div><div><span><b>Altitude:</b></span> <span>0 ft</span></div>
<div><span><b>Speed:</b></span> <span>15 kt</span></div>
<div><span><b>Timestamp:</b></span><br/><span>2024-11-07 02:22:06 UTC<br/>2024-11-07 02:22:13 UTC</span></div>
</div>]]></description>
		<Style>
			<LineStyle>
				<color>ffffffff</color>
				<width>2</width>
			</LineStyle>
		</Style>
		<MultiGeometry>
			<LineString>
				<tessellate>1</tessellate>
				<coordinates>
					126.795013,37.566101,0 126.794571,37.565746,0 
				</coordinates>
			</LineString>
		</MultiGeometry>
	</Placemark>
	<Placemark>
		<name>P-24</name>
		<visibility>0</visibility>
		<description><![CDATA[<div><div><span><b>Altitude:</b></span> <span>0 ft</span></div>
<div><span><b>Speed:</b></span> <span>15 kt</span></div>
<div><span><b>Timestamp:</b></span><br/><span>2024-11-07 02:22:13 UTC<br/>2024-11-07 02:22:21 UTC</span></div>
</div>]]></description>
		<Style>
			<LineStyle>
				<color>ffffffff</color>
				<width>2</width>
			</LineStyle>
		</Style>
		<MultiGeometry>
			<LineString>
				<tessellate>1</tessellate>
				<coordinates>
					126.794571,37.565746,0 126.79406,37.565334,0 
				</coordinates>
			</LineString>
		</MultiGeometry>
	</Placemark>
	<Placemark>
		<name>P-25</name>
		<visibility>0</visibility>
		<description><![CDATA[<div><div><span><b>Altitude:</b></span> <span>0 ft</span></div>
<div><span><b>Speed:</b></span> <span>15 kt</span></div>
<div><span><b>Timestamp:</b></span><br/><span>2024-11-07 02:22:21 UTC<br/>2024-11-07 02:22:29 UTC</span></div>
</div>]]></description>
		<Style>
			<LineStyle>
				<color>ffffffff</color>
				<width>2</width>
			</LineStyle>
		</Style>
		<MultiGeometry>
			<LineString>
				<tessellate>1</tessellate>
				<coordinates>
					126.79406,37.565334,0 126.793579,37.564945,0 
				</coordinates>
			</LineString>
		</MultiGeometry>
	</Placemark>
	<Placemark>
		<name>P-26</name>
		<visibility>0</visibility>
		<description><![CDATA[<div><div><span><b>Altitude:</b></span> <span>0 ft</span></div>
<div><span><b>Speed:</b></span> <span>15 kt - 14 kt</span></div>
<div><span><b>Timestamp:</b></span><br/><span>2024-11-07 02:22:29 UTC<br/>2024-11-07 02:22:36 UTC</span></div>
</div>]]></description>
		<Style>
			<LineStyle>
				<color>ffffffff</color>
				<width>2</width>
			</LineStyle>
		</Style>
		<MultiGeometry>
			<LineString>
				<tessellate>1</tessellate>
				<coordinates>
					126.793579,37.564945,0 126.793121,37.564594,0 
				</coordinates>
			</LineString>
		</MultiGeometry>
	</Placemark>
	<Placemark>
		<name>P-27</name>
		<visibility>0</visibility>
		<description><![CDATA[<div><div><span><b>Altitude:</b></span> <span>0 ft</span></div>
<div><span><b>Speed:</b></span> <span>14 kt</span></div>
<div><span><b>Timestamp:</b></span><br/><span>2024-11-07 02:22:36 UTC<br/>2024-11-07 02:22:45 UTC</span></div>
</div>]]></description>
		<Style>
			<LineStyle>
				<color>ffffffff</color>
				<width>2</width>
			</LineStyle>
		</Style>
		<MultiGeometry>
			<LineString>
				<tessellate>1</tessellate>
				<coordinates>
					126.793121,37.564594,0 126.792664,37.564224,0 
				</coordinates>
			</LineString>
		</MultiGeometry>
	</Placemark>
	<Placemark>
		<name>P-28</name>
		<visibility>0</visibility>
		<description><![CDATA[<div><div><span><b>Altitude:</b></span> <span>0 ft</span></div>
<div><span><b>Speed:</b></span> <span>14 kt - 13 kt</span></div>
<div><span><b>Timestamp:</b></span><br/><span>2024-11-07 02:22:45 UTC<br/>2024-11-07 02:22:52 UTC</span></div>
</div>]]></description>
		<Style>
			<LineStyle>
				<color>ffffffff</color>
				<width>2</width>
			</LineStyle>
		</Style>
		<MultiGeometry>
			<LineString>
				<tessellate>1</tessellate>
				<coordinates>
					126.792664,37.564224,0 126.792267,37.563915,0 
				</coordinates>
			</LineString>
		</MultiGeometry>
	</Placemark>
	<Placemark>
		<name>P-29</name>
		<visibility>0</visibility>
		<description><![CDATA[<div><div><span><b>Altitude:</b></span> <span>0 ft</span></div>
<div><span><b>Speed:</b></span> <span>13 kt - 12 kt</span></div>
<div><span><b>Timestamp:</b></span><br/><span>2024-11-07 02:22:52 UTC<br/>2024-11-07 02:22:59 UTC</span></div>
</div>]]></description>
		<Style>
			<LineStyle>
				<color>ffffffff</color>
				<width>2</width>
			</LineStyle>
		</Style>
		<MultiGeometry>
			<LineString>
				<tessellate>1</tessellate>
				<coordinates>
					126.792267,37.563915,0 126.791901,37.563618,0 
				</coordinates>
			</LineString>
		</MultiGeometry>
	</Placemark>
	<Placemark>
		<name>P-30</name>
		<visibility>0</visibility>
		<description><![CDATA[<div><div><span><b>Altitude:</b></span> <span>0 ft</span></div>
<div><span><b>Speed:</b></span> <span>12 kt</span></div>
<div><span><b>Timestamp:</b></span><br/><span>2024-11-07 02:22:59 UTC<br/>2024-11-07 02:23:05 UTC</span></div>
</div>]]></description>
		<Style>
			<LineStyle>
				<color>ffffffff</color>
				<width>2</width>
			</LineStyle>
		</Style>
		<MultiGeometry>
			<LineString>
				<tessellate>1</tessellate>
				<coordinates>
					126.791901,37.563618,0 126.791573,37.563362,0 
				</coordinates>
			</LineString>
		</MultiGeometry>
	</Placemark>
	<Placemark>
		<name>P-31</name>
		<visibility>0</visibility>
		<description><![CDATA[<div><div><span><b>Altitude:</b></span> <span>0 ft</span></div>
<div><span><b>Speed:</b></span> <span>12 kt</span></div>
<div><span><b>Timestamp:</b></span><br/><span>2024-11-07 02:23:05 UTC<br/>2024-11-07 02:23:12 UTC</span></div>
</div>]]></description>
		<Style>
			<LineStyle>
				<color>ffffffff</color>
				<width>2</width>
			</LineStyle>
		</Style>
		<MultiGeometry>
			<LineString>
				<tessellate>1</tessellate>
				<coordinates>
					126.791573,37.563362,0 126.791252,37.56308,0 
				</coordinates>
			</LineString>
		</MultiGeometry>
	</Placemark>
	<Placemark>
		<name>P-32</name>
		<visibility>0</visibility>
		<description><![CDATA[<div><div><span><b>Altitude:</b></span> <span>0 ft</span></div>
<div><span><b>Speed:</b></span> <span>12 kt - 11 kt</span></div>
<div><span><b>Timestamp:</b></span><br/><span>2024-11-07 02:23:12 UTC<br/>2024-11-07 02:23:17 UTC</span></div>
</div>]]></description>
		<Style>
			<LineStyle>
				<color>ffffffff</color>
				<width>2</width>
			</LineStyle>
		</Style>
		<MultiGeometry>
			<LineString>
				<tessellate>1</tessellate>
				<coordinates>
					126.791252,37.56308,0 126.791229,37.562813,0 
				</coordinates>
			</LineString>
		</MultiGeometry>
	</Placemark>
	<Placemark>
		<name>P-33</name>
		<visibility>0</visibility>
		<description><![CDATA[<div><div><span><b>Altitude:</b></span> <span>0 ft</span></div>
<div><span><b>Speed:</b></span> <span>11 kt - 10 kt</span></div>
<div><span><b>Timestamp:</b></span><br/><span>2024-11-07 02:23:17 UTC<br/>2024-11-07 02:23:23 UTC</span></div>
</div>]]></description>
		<Style>
			<LineStyle>
				<color>ffffffff</color>
				<width>2</width>
			</LineStyle>
		</Style>
		<MultiGeometry>
			<LineString>
				<tessellate>1</tessellate>
				<coordinates>
					126.791229,37.562813,0 126.791435,37.562607,0 
				</coordinates>
			</LineString>
		</MultiGeometry>
	</Placemark>
	<Placemark>
		<name>P-34</name>
		<visibility>0</visibility>
		<description><![CDATA[<div><div><span><b>Altitude:</b></span> <span>0 ft</span></div>
<div><span><b>Speed:</b></span> <span>10 kt</span></div>
<div><span><b>Timestamp:</b></span><br/><span>2024-11-07 02:23:23 UTC<br/>2024-11-07 02:23:29 UTC</span></div>
</div>]]></description>
		<Style>
			<LineStyle>
				<color>ffffffff</color>
				<width>2</width>
			</LineStyle>
		</Style>
		<MultiGeometry>
			<LineString>
				<tessellate>1</tessellate>
				<coordinates>
					126.791435,37.562607,0 126.791664,37.562431,0 
				</coordinates>
			</LineString>
		</MultiGeometry>
	</Placemark>
	<Placemark>
		<name>P-35</name>
		<visibility>0</visibility>
		<description><![CDATA[<div><div><span><b>Altitude:</b></span> <span>0 ft</span></div>
<div><span><b>Speed:</b></span> <span>10 kt - 11 kt</span></div>
<div><span><b>Timestamp:</b></span><br/><span>2024-11-07 02:23:29 UTC<br/>2024-11-07 02:23:34 UTC</span></div>
</div>]]></description>
		<Style>
			<LineStyle>
				<color>ffffffff</color>
				<width>2</width>
			</LineStyle>
		</Style>
		<MultiGeometry>
			<LineString>
				<tessellate>1</tessellate>
				<coordinates>
					126.791664,37.562431,0 126.791901,37.562256,0 
				</coordinates>
			</LineString>
		</MultiGeometry>
	</Placemark>
	<Placemark>
		<name>P-36</name>
		<visibility>0</visibility>
		<description><![CDATA[<div><div><span><b>Altitude:</b></span> <span>0 ft</span></div>
<div><span><b>Speed:</b></span> <span>11 kt - 13 kt</span></div>
<div><span><b>Timestamp:</b></span><br/><span>2024-11-07 02:23:34 UTC<br/>2024-11-07 02:23:40 UTC</span></div>
</div>]]></description>
		<Style>
			<LineStyle>
				<color>ffffffff</color>
				<width>2</width>
			</LineStyle>
		</Style>
		<MultiGeometry>
			<LineString>
				<tessellate>1</tessellate>
				<coordinates>
					126.791901,37.562256,0 126.792206,37.562004,0 
				</coordinates>
			</LineString>
		</MultiGeometry>
	</Placemark>
	<Placemark>
		<name>P-37</name>
		<visibility>0</visibility>
		<description><![CDATA[<div><div><span><b>Altitude:</b></span> <span>0 ft</span></div>
<div><span><b>Speed:</b></span> <span>13 kt - 14 kt</span></div>
<div><span><b>Timestamp:</b></span><br/><span>2024-11-07 02:23:40 UTC<br/>2024-11-07 02:23:45 UTC</span></div>
</div>]]></description>
		<Style>
			<LineStyle>
				<color>ffffffff</color>
				<width>2</width>
			</LineStyle>
		</Style>
		<MultiGeometry>
			<LineString>
				<tessellate>1</tessellate>
				<coordinates>
					126.792206,37.562004,0 126.792511,37.561756,0 
				</coordinates>
			</LineString>
		</MultiGeometry>
	</Placemark>
	<Placemark>
		<name>P-38</name>
		<visibility>0</visibility>
		<description><![CDATA[<div><div><span><b>Altitude:</b></span> <span>0 ft</span></div>
<div><span><b>Speed:</b></span> <span>14 kt - 15 kt</span></div>
<div><span><b>Timestamp:</b></span><br/><span>2024-11-07 02:23:45 UTC<br/>2024-11-07 02:23:52 UTC</span></div>
</div>]]></description>
		<Style>
			<LineStyle>
				<color>ffffffff</color>
				<width>2</width>
			</LineStyle>
		</Style>
		<MultiGeometry>
			<LineString>
				<tessellate>1</tessellate>
				<coordinates>
					126.792511,37.561756,0 126.792953,37.561409,0 
				</coordinates>
			</LineString>
		</MultiGeometry>
	</Placemark>
	<Placemark>
		<name>P-39</name>
		<visibility>0</visibility>
		<description><![CDATA[<div><div><span><b>Altitude:</b></span> <span>0 ft</span></div>
<div><span><b>Speed:</b></span> <span>15 kt - 17 kt</span></div>
<div><span><b>Timestamp:</b></span><br/><span>2024-11-07 02:23:52 UTC<br/>2024-11-07 02:23:59 UTC</span></div>
</div>]]></description>
		<Style>
			<LineStyle>
				<color>ffffffff</color>
				<width>2</width>
			</LineStyle>
		</Style>
		<MultiGeometry>
			<LineString>
				<tessellate>1</tessellate>
				<coordinates>
					126.792953,37.561409,0 126.793449,37.561008,0 
				</coordinates>
			</LineString>
		</MultiGeometry>
	</Placemark>
	<Placemark>
		<name>P-40</name>
		<visibility>0</visibility>
		<description><![CDATA[<div><div><span><b>Altitude:</b></span> <span>0 ft</span></div>
<div><span><b>Speed:</b></span> <span>17 kt - 19 kt</span></div>
<div><span><b>Timestamp:</b></span><br/><span>2024-11-07 02:23:59 UTC<br/>2024-11-07 02:24:05 UTC</span></div>
</div>]]></description>
		<Style>
			<LineStyle>
				<color>ffffffff</color>
				<width>2</width>
			</LineStyle>
		</Style>
		<MultiGeometry>
			<LineString>
				<tessellate>1</tessellate>
				<coordinates>
					126.793449,37.561008,0 126.793945,37.560604,0 
				</coordinates>
			</LineString>
		</MultiGeometry>
	</Placemark>
	<Placemark>
		<name>P-41</name>
		<visibility>0</visibility>
		<description><![CDATA[<div><div><span><b>Altitude:</b></span> <span>0 ft</span></div>
<div><span><b>Speed:</b></span> <span>19 kt - 22 kt</span></div>
<div><span><b>Timestamp:</b></span><br/><span>2024-11-07 02:24:05 UTC<br/>2024-11-07 02:24:12 UTC</span></div>
</div>]]></description>
		<Style>
			<LineStyle>
				<color>ffffffff</color>
				<width>2</width>
			</LineStyle>
		</Style>
		<MultiGeometry>
			<LineString>
				<tessellate>1</tessellate>
				<coordinates>
					126.793945,37.560604,0 126.79454,37.560139,0 
				</coordinates>
			</LineString>
		</MultiGeometry>
	</Placemark>
	<Placemark>
		<name>P-42</name>
		<visibility>0</visibility>
		<description><![CDATA[<div><div><span><b>Altitude:</b></span> <span>0 ft</span></div>
<div><span><b>Speed:</b></span> <span>22 kt - 23 kt</span></div>
<div><span><b>Timestamp:</b></span><br/><span>2024-11-07 02:24:12 UTC<br/>2024-11-07 02:24:21 UTC</span></div>
</div>]]></description>
		<Style>
			<LineStyle>
				<color>ffffffff</color>
				<width>2</width>
			</LineStyle>
		</Style>
		<MultiGeometry>
			<LineString>
				<tessellate>1</tessellate>
				<coordinates>
					126.79454,37.560139,0 126.795395,37.559452,0 
				</coordinates>
			</LineString>
		</MultiGeometry>
	</Placemark>
	<Placemark>
		<name>P-43</name>
		<visibility>0</visibility>
		<description><![CDATA[<div><div><span><b>Altitude:</b></span> <span>0 ft</span></div>
<div><span><b>Speed:</b></span> <span>23 kt - 24 kt</span></div>
<div><span><b>Timestamp:</b></span><br/><span>2024-11-07 02:24:21 UTC<br/>2024-11-07 02:24:28 UTC</span></div>
</div>]]></description>
		<Style>
			<LineStyle>
				<color>ffffffff</color>
				<width>2</width>
			</LineStyle>
		</Style>
		<MultiGeometry>
			<LineString>
				<tessellate>1</tessellate>
				<coordinates>
					126.795395,37.559452,0 126.796082,37.558903,0 
				</coordinates>
			</LineString>
		</MultiGeometry>
	</Placemark>
	<Placemark>
		<name>P-44</name>
		<visibility>0</visibility>
		<description><![CDATA[<div><div><span><b>Altitude:</b></span> <span>0 ft</span></div>
<div><span><b>Speed:</b></span> <span>24 kt - 25 kt</span></div>
<div><span><b>Timestamp:</b></span><br/><span>2024-11-07 02:24:28 UTC<br/>2024-11-07 02:24:36 UTC</span></div>
</div>]]></description>
		<Style>
			<LineStyle>
				<color>ffffffff</color>
				<width>2</width>
			</LineStyle>
		</Style>
		<MultiGeometry>
			<LineString>
				<tessellate>1</tessellate>
				<coordinates>
					126.796082,37.558903,0 126.796959,37.558216,0 
				</coordinates>
			</LineString>
		</MultiGeometry>
	</Placemark>
	<Placemark>
		<name>P-45</name>
		<visibility>0</visibility>
		<description><![CDATA[<div><div><span><b>Altitude:</b></span> <span>0 ft</span></div>
<div><span><b>Speed:</b></span> <span>25 kt</span></div>
<div><span><b>Timestamp:</b></span><br/><span>2024-11-07 02:24:36 UTC<br/>2024-11-07 02:24:43 UTC</span></div>
</div>]]></description>
		<Style>
			<LineStyle>
				<color>ffffffff</color>
				<width>2</width>
			</LineStyle>
		</Style>
		<MultiGeometry>
			<LineString>
				<tessellate>1</tessellate>
				<coordinates>
					126.796959,37.558216,0 126.797714,37.557621,0 
				</coordinates>
			</LineString>
		</MultiGeometry>
	</Placemark>
	<Placemark>
		<name>P-46</name>
		<visibility>0</visibility>
		<description><![CDATA[<div><div><span><b>Altitude:</b></span> <span>0 ft</span></div>
<div><span><b>Speed:</b></span> <span>25 kt - 26 kt</span></div>
<div><span><b>Timestamp:</b></span><br/><span>2024-11-07 02:24:43 UTC<br/>2024-11-07 02:24:50 UTC</span></div>
</div>]]></description>
		<Style>
			<LineStyle>
				<color>ffffffff</color>
				<width>2</width>
			</LineStyle>
		</Style>
		<MultiGeometry>
			<LineString>
				<tessellate>1</tessellate>
				<coordinates>
					126.797714,37.557621,0 126.7985,37.556984,0 
				</coordinates>
			</LineString>
		</MultiGeometry>
	</Placemark>
	<Placemark>
		<name>P-47</name>
		<visibility>0</visibility>
		<description><![CDATA[<div><div><span><b>Altitude:</b></span> <span>0 ft</span></div>
<div><span><b>Speed:</b></span> <span>26 kt - 27 kt</span></div>
<div><span><b>Timestamp:</b></span><br/><span>2024-11-07 02:24:50 UTC<br/>2024-11-07 02:24:57 UTC</span></div>
</div>]]></description>
		<Style>
			<LineStyle>
				<color>ffffffff</color>
				<width>2</width>
			</LineStyle>
		</Style>
		<MultiGeometry>
			<LineString>
				<tessellate>1</tessellate>
				<coordinates>
					126.7985,37.556984,0 126.799286,37.556355,0 
				</coordinates>
			</LineString>
		</MultiGeometry>
	</Placemark>
	<Placemark>
		<name>P-48</name>
		<visibility>0</visibility>
		<description><![CDATA[<div><div><span><b>Altitude:</b></span> <span>0 ft</span></div>
<div><span><b>Speed:</b></span> <span>27 kt - 24 kt</span></div>
<div><span><b>Timestamp:</b></span><br/><span>2024-11-07 02:24:57 UTC<br/>2024-11-07 02:25:04 UTC</span></div>
</div>]]></description>
		<Style>
			<LineStyle>
				<color>ffffffff</color>
				<width>2</width>
			</LineStyle>
		</Style>
		<MultiGeometry>
			<LineString>
				<tessellate>1</tessellate>
				<coordinates>
					126.799286,37.556355,0 126.800034,37.555775,0 
				</coordinates>
			</LineString>
		</MultiGeometry>
	</Placemark>
	<Placemark>
		<name>P-49</name>
		<visibility>0</visibility>
		<description><![CDATA[<div><div><span><b>Altitude:</b></span> <span>0 ft</span></div>
<div><span><b>Speed:</b></span> <span>24 kt - 22 kt</span></div>
<div><span><b>Timestamp:</b></span><br/><span>2024-11-07 02:25:04 UTC<br/>2024-11-07 02:25:12 UTC</span></div>
</div>]]></description>
		<Style>
			<LineStyle>
				<color>ffffffff</color>
				<width>2</width>
			</LineStyle>
		</Style>
		<MultiGeometry>
			<LineString>
				<tessellate>1</tessellate>
				<coordinates>
					126.800034,37.555775,0 126.800766,37.555183,0 
				</coordinates>
			</LineString>
		</MultiGeometry>
	</Placemark>
	<Placemark>
		<name>P-50</name>
		<visibility>0</visibility>
		<description><![CDATA[<div><div><span><b>Altitude:</b></span> <span>0 ft</span></div>
<div><span><b>Speed:</b></span> <span>22 kt - 21 kt</span></div>
<div><span><b>Timestamp:</b></span><br/><span>2024-11-07 02:25:12 UTC<br/>2024-11-07 02:25:20 UTC</span></div>
</div>]]></description>
		<Style>
			<LineStyle>
				<color>ffffffff</color>
				<width>2</width>
			</LineStyle>
		</Style>
		<MultiGeometry>
			<LineString>
				<tessellate>1</tessellate>
				<coordinates>
					126.800766,37.555183,0 126.801483,37.554611,0 
				</coordinates>
			</LineString>
		</MultiGeometry>
	</Placemark>
	<Placemark>
		<name>P-51</name>
		<visibility>0</visibility>
		<description><![CDATA[<div><div><span><b>Altitude:</b></span> <span>0 ft</span></div>
<div><span><b>Speed:</b></span> <span>21 kt - 20 kt</span></div>
<div><span><b>Timestamp:</b></span><br/><span>2024-11-07 02:25:20 UTC<br/>2024-11-07 02:25:27 UTC</span></div>
</div>]]></description>
		<Style>
			<LineStyle>
				<color>ffffffff</color>
				<width>2</width>
			</LineStyle>
		</Style>
		<MultiGeometry>
			<LineString>
				<tessellate>1</tessellate>
				<coordinates>
					126.801483,37.554611,0 126.802078,37.554146,0 
				</coordinates>
			</LineString>
		</MultiGeometry>
	</Placemark>
	<Placemark>
		<name>P-52</name>
		<visibility>0</visibility>
		<description><![CDATA[<div><div><span><b>Altitude:</b></span> <span>0 ft</span></div>
<div><span><b>Speed:</b></span> <span>20 kt</span></div>
<div><span><b>Timestamp:</b></span><br/><span>2024-11-07 02:25:27 UTC<br/>2024-11-07 02:25:34 UTC</span></div>
</div>]]></description>
		<Style>
			<LineStyle>
				<color>ffffffff</color>
				<width>2</width>
			</LineStyle>
		</Style>
		<MultiGeometry>
			<LineString>
				<tessellate>1</tessellate>
				<coordinates>
					126.802078,37.554146,0 126.80265,37.553673,0 
				</coordinates>
			</LineString>
		</MultiGeometry>
	</Placemark>
	<Placemark>
		<name>P-53</name>
		<visibility>0</visibility>
		<description><![CDATA[<div><div><span><b>Altitude:</b></span> <span>0 ft</span></div>
<div><span><b>Speed:</b></span> <span>20 kt - 18 kt</span></div>
<div><span><b>Timestamp:</b></span><br/><span>2024-11-07 02:25:34 UTC<br/>2024-11-07 02:25:41 UTC</span></div>
</div>]]></description>
		<Style>
			<LineStyle>
				<color>ffffffff</color>
				<width>2</width>
			</LineStyle>
		</Style>
		<MultiGeometry>
			<LineString>
				<tessellate>1</tessellate>
				<coordinates>
					126.80265,37.553673,0 126.803192,37.553249,0 
				</coordinates>
			</LineString>
		</MultiGeometry>
	</Placemark>
	<Placemark>
		<name>P-54</name>
		<visibility>0</visibility>
		<description><![CDATA[<div><div><span><b>Altitude:</b></span> <span>0 ft</span></div>
<div><span><b>Speed:</b></span> <span>18 kt - 16 kt</span></div>
<div><span><b>Timestamp:</b></span><br/><span>2024-11-07 02:25:41 UTC<br/>2024-11-07 02:25:49 UTC</span></div>
</div>]]></description>
		<Style>
			<LineStyle>
				<color>ffffffff</color>
				<width>2</width>
			</LineStyle>
		</Style>
		<MultiGeometry>
			<LineString>
				<tessellate>1</tessellate>
				<coordinates>
					126.803192,37.553249,0 126.803764,37.552792,0 
				</coordinates>
			</LineString>
		</MultiGeometry>
	</Placemark>
	<Placemark>
		<name>P-55</name>
		<visibility>0</visibility>
		<description><![CDATA[<div><div><span><b>Altitude:</b></span> <span>0 ft</span></div>
<div><span><b>Speed:</b></span> <span>16 kt - 13 kt</span></div>
<div><span><b>Timestamp:</b></span><br/><span>2024-11-07 02:25:49 UTC<br/>2024-11-07 02:25:57 UTC</span></div>
</div>]]></description>
		<Style>
			<LineStyle>
				<color>ffffffff</color>
				<width>2</width>
			</LineStyle>
		</Style>
		<MultiGeometry>
			<LineString>
				<tessellate>1</tessellate>
				<coordinates>
					126.803764,37.552792,0 126.804245,37.552414,0 
				</coordinates>
			</LineString>
		</MultiGeometry>
	</Placemark>
	<Placemark>
		<name>P-56</name>
		<visibility>0</visibility>
		<description><![CDATA[<div><div><span><b>Altitude:</b></span> <span>0 ft</span></div>
<div><span><b>Speed:</b></span> <span>13 kt - 11 kt</span></div>
<div><span><b>Timestamp:</b></span><br/><span>2024-11-07 02:25:57 UTC<br/>2024-11-07 02:26:05 UTC</span></div>
</div>]]></description>
		<Style>
			<LineStyle>
				<color>ffffffff</color>
				<width>2</width>
			</LineStyle>
		</Style>
		<MultiGeometry>
			<LineString>
				<tessellate>1</tessellate>
				<coordinates>
					126.804245,37.552414,0 126.804596,37.552128,0 
				</coordinates>
			</LineString>
		</MultiGeometry>
	</Placemark>
	<Placemark>
		<name>P-57</name>
		<visibility>0</visibility>
		<description><![CDATA[<div><div><span><b>Altitude:</b></span> <span>0 ft</span></div>
<div><span><b>Speed:</b></span> <span>11 kt - 10 kt</span></div>
<div><span><b>Timestamp:</b></span><br/><span>2024-11-07 02:26:05 UTC<br/>2024-11-07 02:26:13 UTC</span></div>
</div>]]></description>
		<Style>
			<LineStyle>
				<color>ffffffff</color>
				<width>2</width>
			</LineStyle>
		</Style>
		<MultiGeometry>
			<LineString>
				<tessellate>1</tessellate>
				<coordinates>
					126.804596,37.552128,0 126.804932,37.551853,0 
				</coordinates>
			</LineString>
		</MultiGeometry>
	</Placemark>
	<Placemark>
		<name>P-58</name>
		<visibility>0</visibility>
		<description><![CDATA[<div><div><span><b>Altitude:</b></span> <span>0 ft</span></div>
<div><span><b>Speed:</b></span> <span>10 kt</span></div>
<div><span><b>Timestamp:</b></span><br/><span>2024-11-07 02:26:13 UTC<br/>2024-11-07 02:26:18 UTC</span></div>
</div>]]></description>
		<Style>
			<LineStyle>
				<color>ffffffff</color>
				<width>2</width>
			</LineStyle>
		</Style>
		<MultiGeometry>
			<LineString>
				<tessellate>1</tessellate>
				<coordinates>
					126.804932,37.551853,0 126.805023,37.55162,0 
				</coordinates>
			</LineString>
		</MultiGeometry>
	</Placemark>
	<Placemark>
		<name>P-59</name>
		<visibility>0</visibility>
		<description><![CDATA[<div><div><span><b>Altitude:</b></span> <span>0 ft</span></div>
<div><span><b>Speed:</b></span> <span>10 kt - 11 kt</span></div>
<div><span><b>Timestamp:</b></span><br/><span>2024-11-07 02:26:18 UTC<br/>2024-11-07 02:26:22 UTC</span></div>
</div>]]></description>
		<Style>
			<LineStyle>
				<color>ffffffff</color>
				<width>2</width>
			</LineStyle>
		</Style>
		<MultiGeometry>
			<LineString>
				<tessellate>1</tessellate>
				<coordinates>
					126.805023,37.55162,0 126.804977,37.551411,0 
				</coordinates>
			</LineString>
		</MultiGeometry>
	</Placemark>
	<Placemark>
		<name>P-60</name>
		<visibility>0</visibility>
		<description><![CDATA[<div><div><span><b>Altitude:</b></span> <span>0 ft</span></div>
<div><span><b>Speed:</b></span> <span>11 kt - 12 kt</span></div>
<div><span><b>Timestamp:</b></span><br/><span>2024-11-07 02:26:22 UTC<br/>2024-11-07 02:26:27 UTC</span></div>
</div>]]></description>
		<Style>
			<LineStyle>
				<color>ffffffff</color>
				<width>2</width>
			</LineStyle>
		</Style>
		<MultiGeometry>
			<LineString>
				<tessellate>1</tessellate>
				<coordinates>
					126.804977,37.551411,0 126.804749,37.551189,0 
				</coordinates>
			</LineString>
		</MultiGeometry>
	</Placemark>
	<Placemark>
		<name>P-61</name>
		<visibility>0</visibility>
		<description><![CDATA[<div><div><span><b>Altitude:</b></span> <span>0 ft</span></div>
<div><span><b>Speed:</b></span> <span>12 kt</span></div>
<div><span><b>Timestamp:</b></span><br/><span>2024-11-07 02:26:27 UTC<br/>2024-11-07 02:26:33 UTC</span></div>
</div>]]></description>
		<Style>
			<LineStyle>
				<color>ffffffff</color>
				<width>2</width>
			</LineStyle>
		</Style>
		<MultiGeometry>
			<LineString>
				<tessellate>1</tessellate>
				<coordinates>
					126.804749,37.551189,0 126.804482,37.550968,0 
				</coordinates>
			</LineString>
		</MultiGeometry>
	</Placemark>
	<Placemark>
		<name>P-62</name>
		<visibility>0</visibility>
		<description><![CDATA[<div><div><span><b>Altitude:</b></span> <span>0 ft</span></div>
<div><span><b>Speed:</b></span> <span>12 kt - 14 kt</span></div>
<div><span><b>Timestamp:</b></span><br/><span>2024-11-07 02:26:33 UTC<br/>2024-11-07 02:26:37 UTC</span></div>
</div>]]></description>
		<Style>
			<LineStyle>
				<color>ffffffff</color>
				<width>2</width>
			</LineStyle>
		</Style>
		<MultiGeometry>
			<LineString>
				<tessellate>1</tessellate>
				<coordinates>
					126.804482,37.550968,0 126.80423,37.55077,0 
				</coordinates>
			</LineString>
		</MultiGeometry>
	</Placemark>
	<Placemark>
		<name>P-63</name>
		<visibility>0</visibility>
		<description><![CDATA[<div><div><span><b>Altitude:</b></span> <span>0 ft</span></div>
<div><span><b>Speed:</b></span> <span>14 kt - 15 kt</span></div>
<div><span><b>Timestamp:</b></span><br/><span>2024-11-07 02:26:37 UTC<br/>2024-11-07 02:26:43 UTC</span></div>
</div>]]></description>
		<Style>
			<LineStyle>
				<color>ffffffff</color>
				<width>2</width>
			</LineStyle>
		</Style>
		<MultiGeometry>
			<LineString>
				<tessellate>1</tessellate>
				<coordinates>
					126.80423,37.55077,0 126.803886,37.550503,0 
				</coordinates>
			</LineString>
		</MultiGeometry>
	</Placemark>
	<Placemark>
		<name>P-64</name>
		<visibility>0</visibility>
		<description><![CDATA[<div><div><span><b>Altitude:</b></span> <span>0 ft</span></div>
<div><span><b>Speed:</b></span> <span>15 kt</span></div>
<div><span><b>Timestamp:</b></span><br/><span>2024-11-07 02:26:43 UTC<br/>2024-11-07 02:26:47 UTC</span></div>
</div>]]></description>
		<Style>
			<LineStyle>
				<color>ffffffff</color>
				<width>2</width>
			</LineStyle>
		</Style>
		<MultiGeometry>
			<LineString>
				<tessellate>1</tessellate>
				<coordinates>
					126.803886,37.550503,0 126.803635,37.550293,0 
				</coordinates>
			</LineString>
		</MultiGeometry>
	</Placemark>
	<Placemark>
		<name>P-65</name>
		<visibility>0</visibility>
		<description><![CDATA[<div><div><span><b>Altitude:</b></span> <span>0 ft</span></div>
<div><span><b>Speed:</b></span> <span>15 kt</span></div>
<div><span><b>Timestamp:</b></span><br/><span>2024-11-07 02:26:47 UTC<br/>2024-11-07 02:26:50 UTC</span></div>
</div>]]></description>
		<Style>
			<LineStyle>
				<color>ffffffff</color>
				<width>2</width>
			</LineStyle>
		</Style>
		<MultiGeometry>
			<LineString>
				<tessellate>1</tessellate>
				<coordinates>
					126.803635,37.550293,0 126.803391,37.550106,0 
				</coordinates>
			</LineString>
		</MultiGeometry>
	</Placemark>
	<Placemark>
		<name>P-66</name>
		<visibility>0</visibility>
		<description><![CDATA[<div><div><span><b>Altitude:</b></span> <span>0 ft</span></div>
<div><span><b>Speed:</b></span> <span>15 kt - 16 kt</span></div>
<div><span><b>Timestamp:</b></span><br/><span>2024-11-07 02:26:50 UTC<br/>2024-11-07 02:26:55 UTC</span></div>
</div>]]></description>
		<Style>
			<LineStyle>
				<color>ffffffff</color>
				<width>2</width>
			</LineStyle>
		</Style>
		<MultiGeometry>
			<LineString>
				<tessellate>1</tessellate>
				<coordinates>
					126.803391,37.550106,0 126.803108,37.549885,0 
				</coordinates>
			</LineString>
		</MultiGeometry>
	</Placemark>
	<Placemark>
		<name>P-67</name>
		<visibility>0</visibility>
		<description><![CDATA[<div><div><span><b>Altitude:</b></span> <span>0 ft</span></div>
<div><span><b>Speed:</b></span> <span>16 kt</span></div>
<div><span><b>Timestamp:</b></span><br/><span>2024-11-07 02:26:55 UTC<br/>2024-11-07 02:27:02 UTC</span></div>
</div>]]></description>
		<Style>
			<LineStyle>
				<color>ffffffff</color>
				<width>2</width>
			</LineStyle>
		</Style>
		<MultiGeometry>
			<LineString>
				<tessellate>1</tessellate>
				<coordinates>
					126.803108,37.549885,0 126.80262,37.549488,0 
				</coordinates>
			</LineString>
		</MultiGeometry>
	</Placemark>
	<Placemark>
		<name>P-68</name>
		<visibility>0</visibility>
		<description><![CDATA[<div><div><span><b>Altitude:</b></span> <span>0 ft</span></div>
<div><span><b>Speed:</b></span> <span>16 kt - 15 kt</span></div>
<div><span><b>Timestamp:</b></span><br/><span>2024-11-07 02:27:02 UTC<br/>2024-11-07 02:27:07 UTC</span></div>
</div>]]></description>
		<Style>
			<LineStyle>
				<color>ffffffff</color>
				<width>2</width>
			</LineStyle>
		</Style>
		<MultiGeometry>
			<LineString>
				<tessellate>1</tessellate>
				<coordinates>
					126.80262,37.549488,0 126.802292,37.549221,0 
				</coordinates>
			</LineString>
		</MultiGeometry>
	</Placemark>
	<Placemark>
		<name>P-69</name>
		<visibility>0</visibility>
		<description><![CDATA[<div><div><span><b>Altitude:</b></span> <span>0 ft</span></div>
<div><span><b>Speed:</b></span> <span>15 kt - 14 kt</span></div>
<div><span><b>Timestamp:</b></span><br/><span>2024-11-07 02:27:07 UTC<br/>2024-11-07 02:27:16 UTC</span></div>
</div>]]></description>
		<Style>
			<LineStyle>
				<color>ffffffff</color>
				<width>2</width>
			</LineStyle>
		</Style>
		<MultiGeometry>
			<LineString>
				<tessellate>1</tessellate>
				<coordinates>
					126.802292,37.549221,0 126.801758,37.548809,0 
				</coordinates>
			</LineString>
		</MultiGeometry>
	</Placemark>
	<Placemark>
		<name>P-70</name>
		<visibility>0</visibility>
		<description><![CDATA[<div><div><span><b>Altitude:</b></span> <span>0 ft</span></div>
<div><span><b>Speed:</b></span> <span>14 kt - 13 kt</span></div>
<div><span><b>Timestamp:</b></span><br/><span>2024-11-07 02:27:16 UTC<br/>2024-11-07 02:27:25 UTC</span></div>
</div>]]></description>
		<Style>
			<LineStyle>
				<color>ffffffff</color>
				<width>2</width>
			</LineStyle>
		</Style>
		<MultiGeometry>
			<LineString>
				<tessellate>1</tessellate>
				<coordinates>
					126.801758,37.548809,0 126.801308,37.548443,0 
				</coordinates>
			</LineString>
		</MultiGeometry>
	</Placemark>
	<Placemark>
		<name>P-71</name>
		<visibility>0</visibility>
		<description><![CDATA[<div><div><span><b>Altitude:</b></span> <span>0 ft</span></div>
<div><span><b>Speed:</b></span> <span>13 kt - 11 kt</span></div>
<div><span><b>Timestamp:</b></span><br/><span>2024-11-07 02:27:25 UTC<br/>2024-11-07 02:27:29 UTC</span></div>
</div>]]></description>
		<Style>
			<LineStyle>
				<color>ffffffff</color>
				<width>2</width>
			</LineStyle>
		</Style>
		<MultiGeometry>
			<LineString>
				<tessellate>1</tessellate>
				<coordinates>
					126.801308,37.548443,0 126.801094,37.548325,0 
				</coordinates>
			</LineString>
		</MultiGeometry>
	</Placemark>
	<Placemark>
		<name>P-72</name>
		<visibility>0</visibility>
		<description><![CDATA[<div><div><span><b>Altitude:</b></span> <span>0 ft</span></div>
<div><span><b>Speed:</b></span> <span>11 kt - 10 kt</span></div>
<div><span><b>Timestamp:</b></span><br/><span>2024-11-07 02:27:29 UTC<br/>2024-11-07 02:27:32 UTC</span></div>
</div>]]></description>
		<Style>
			<LineStyle>
				<color>ffffffff</color>
				<width>2</width>
			</LineStyle>
		</Style>
		<MultiGeometry>
			<LineString>
				<tessellate>1</tessellate>
				<coordinates>
					126.801094,37.548325,0 126.800865,37.548283,0 
				</coordinates>
			</LineString>
		</MultiGeometry>
	</Placemark>
	<Placemark>
		<name>P-73</name>
		<visibility>0</visibility>
		<description><![CDATA[<div><div><span><b>Altitude:</b></span> <span>0 ft</span></div>
<div><span><b>Speed:</b></span> <span>10 kt - 9 kt</span></div>
<div><span><b>Timestamp:</b></span><br/><span>2024-11-07 02:27:32 UTC<br/>2024-11-07 02:27:36 UTC</span></div>
</div>]]></description>
		<Style>
			<LineStyle>
				<color>ffffffff</color>
				<width>2</width>
			</LineStyle>
		</Style>
		<MultiGeometry>
			<LineString>
				<tessellate>1</tessellate>
				<coordinates>
					126.800865,37.548283,0 126.800644,37.548325,0 
				</coordinates>
			</LineString>
		</MultiGeometry>
	</Placemark>
	<Placemark>
		<name>P-74</name>
		<visibility>0</visibility>
		<description><![CDATA[<div><div><span><b>Altitude:</b></span> <span>0 ft</span></div>
<div><span><b>Speed:</b></span> <span>9 kt - 6 kt</span></div>
<div><span><b>Timestamp:</b></span><br/><span>2024-11-07 02:27:36 UTC<br/>2024-11-07 02:27:44 UTC</span></div>
</div>]]></description>
		<Style>
			<LineStyle>
				<color>ffffffff</color>
				<width>2</width>
			</LineStyle>
		</Style>
		<MultiGeometry>
			<LineString>
				<tessellate>1</tessellate>
				<coordinates>
					126.800644,37.548325,0 126.80043,37.548523,0 
				</coordinates>
			</LineString>
		</MultiGeometry>
	</Placemark>
	<Placemark>
		<name>P-75</name>
		<visibility>0</visibility>
		<description><![CDATA[<div><div><span><b>Altitude:</b></span> <span>0 ft</span></div>
<div><span><b>Speed:</b></span> <span>6 kt - 13 kt</span></div>
<div><span><b>Timestamp:</b></span><br/><span>2024-11-07 02:27:44 UTC<br/>2024-11-07 02:29:20 UTC</span></div>
</div>]]></description>
		<Style>
			<LineStyle>
				<color>ffffffff</color>
				<width>2</width>
			</LineStyle>
		</Style>
		<MultiGeometry>
			<LineString>
				<tessellate>1</tessellate>
				<coordinates>
					126.80043,37.548523,0 126.800163,37.548729,0 
				</coordinates>
			</LineString>
		</MultiGeometry>
	</Placemark>
	<Placemark>
		<name>P-76</name>
		<visibility>0</visibility>
		<description><![CDATA[<div><div><span><b>Altitude:</b></span> <span>0 ft</span></div>
<div><span><b>Speed:</b></span> <span>13 kt - 42 kt</span></div>
<div><span><b>Timestamp:</b></span><br/><span>2024-11-07 02:29:20 UTC<br/>2024-11-07 02:29:26 UTC</span></div>
</div>]]></description>
		<Style>
			<LineStyle>
				<color>ffffffff</color>
				<width>2</width>
			</LineStyle>
		</Style>
		<MultiGeometry>
			<LineString>
				<tessellate>1</tessellate>
				<coordinates>
					126.800163,37.548729,0 126.799263,37.549461,0 
				</coordinates>
			</LineString>
		</MultiGeometry>
	</Placemark>
	<Placemark>
		<name>P-77</name>
		<visibility>0</visibility>
		<description><![CDATA[<div><div><span><b>Altitude:</b></span> <span>0 ft</span></div>
<div><span><b>Speed:</b></span> <span>42 kt - 70 kt</span></div>
<div><span><b>Timestamp:</b></span><br/><span>2024-11-07 02:29:26 UTC<br/>2024-11-07 02:29:33 UTC</span></div>
</div>]]></description>
		<Style>
			<LineStyle>
				<color>ffffffff</color>
				<width>2</width>
			</LineStyle>
		</Style>
		<MultiGeometry>
			<LineString>
				<tessellate>1</tessellate>
				<coordinates>
					126.799263,37.549461,0 126.797501,37.550861,0 
				</coordinates>
			</LineString>
		</MultiGeometry>
	</Placemark>
	<Placemark>
		<name>P-78</name>
		<visibility>0</visibility>
		<description><![CDATA[<div><div><span><b>Altitude:</b></span> <span>0 ft</span></div>
<div><span><b>Speed:</b></span> <span>70 kt - 88 kt</span></div>
<div><span><b>Timestamp:</b></span><br/><span>2024-11-07 02:29:33 UTC<br/>2024-11-07 02:29:40 UTC</span></div>
</div>]]></description>
		<Style>
			<LineStyle>
				<color>ffffffff</color>
				<width>2</width>
			</LineStyle>
		</Style>
		<MultiGeometry>
			<LineString>
				<tessellate>1</tessellate>
				<coordinates>
					126.797501,37.550861,0 126.794441,37.553284,0 
				</coordinates>
			</LineString>
		</MultiGeometry>
	</Placemark>
	<Placemark>
		<name>P-79</name>
		<visibility>0</visibility>
		<description><![CDATA[<div><div><span><b>Altitude:</b></span> <span>0 ft</span></div>
<div><span><b>Speed:</b></span> <span>88 kt - 112 kt</span></div>
<div><span><b>Timestamp:</b></span><br/><span>2024-11-07 02:29:40 UTC<br/>2024-11-07 02:29:49 UTC</span></div>
</div>]]></description>
		<Style>
			<LineStyle>
				<color>ffffffff</color>
				<width>2</width>
			</LineStyle>
		</Style>
		<MultiGeometry>
			<LineString>
				<tessellate>1</tessellate>
				<coordinates>
					126.794441,37.553284,0 126.789627,37.557087,0 
				</coordinates>
			</LineString>
		</MultiGeometry>
	</Placemark>
	<Placemark>
		<name>P-80</name>
		<visibility>0</visibility>
		<description><![CDATA[<div><div><span><b>Altitude:</b></span> <span>0 ft</span></div>
<div><span><b>Speed:</b></span> <span>112 kt - 166 kt</span></div>
<div><span><b>Timestamp:</b></span><br/><span>2024-11-07 02:29:49 UTC<br/>2024-11-07 02:29:59 UTC</span></div>
</div>]]></description>
		<Style>
			<LineStyle>
				<color>ffffffff</color>
				<width>2</width>
			</LineStyle>
		</Style>
		<MultiGeometry>
			<LineString>
				<tessellate>1</tessellate>
				<coordinates>
					126.789627,37.557087,0 126.783539,37.561932,0 
				</coordinates>
			</LineString>
		</MultiGeometry>
	</Placemark>
	<Placemark>
		<name>P-81</name>
		<visibility>0</visibility>
		<description><![CDATA[<div><div><span><b>Altitude:</b></span> <span>0 ft</span></div>
<div><span><b>Speed:</b></span> <span>166 kt</span></div>
<div><span><b>Timestamp:</b></span><br/><span>2024-11-07 02:29:59 UTC<br/>2024-11-07 02:30:08 UTC</span></div>
</div>]]></description>
		<Style>
			<LineStyle>
				<color>ffffffff</color>
				<width>2</width>
			</LineStyle>
		</Style>
		<MultiGeometry>
			<LineString>
				<tessellate>1</tessellate>
				<coordinates>
					126.783539,37.561932,0 126.77697,37.567051,0 
				</coordinates>
			</LineString>
		</MultiGeometry>
	</Placemark>
	<Placemark>
		<name>P-82</name>
		<visibility>0</visibility>
		<description><![CDATA[<div><div><span><b>Altitude:</b></span> <span>0 ft - 350 ft</span></div>
<div><span><b>Speed:</b></span> <span>166 kt - 164 kt</span></div>
<div><span><b>Timestamp:</b></span><br/><span>2024-11-07 02:30:08 UTC<br/>2024-11-07 02:30:17 UTC</span></div>
</div>]]></description>
		<Style>
			<LineStyle>
				<color>ffffffff</color>
				<width>2</width>
			</LineStyle>
		</Style>
		<MultiGeometry>
			<LineString>
				<tessellate>1</tessellate>
				<coordinates>
					126.77697,37.567051,0 126.771065,37.571594,106.68 
				</coordinates>
			</LineString>
		</MultiGeometry>
	</Placemark>
	<Placemark>
		<name>P-83</name>
		<visibility>0</visibility>
		<description><![CDATA[<div><div><span><b>Altitude:</b></span> <span>350 ft - 850 ft</span></div>
<div><span><b>Speed:</b></span> <span>164 kt - 162 kt</span></div>
<div><span><b>Timestamp:</b></span><br/><span>2024-11-07 02:30:17 UTC<br/>2024-11-07 02:30:27 UTC</span></div>
</div>]]></description>
		<Style>
			<LineStyle>
				<color>ffffe062</color>
				<width>2</width>
			</LineStyle>
		</Style>
		<MultiGeometry>
			<LineString>
				<tessellate>1</tessellate>
				<altitudeMode>absolute</altitudeMode>
				<coordinates>
					126.771065,37.571594,106.68 126.764198,37.577011,259.08 
				</coordinates>
			</LineString>
		</MultiGeometry>
	</Placemark>
	<Placemark>
		<name>P-84</name>
		<visibility>0</visibility>
		<description><![CDATA[<div><div><span><b>Altitude:</b></span> <span>850 ft - 1,200 ft</span></div>
<div><span><b>Speed:</b></span> <span>162 kt - 164 kt</span></div>
<div><span><b>Timestamp:</b></span><br/><span>2024-11-07 02:30:27 UTC<br/>2024-11-07 02:30:36 UTC</span></div>
</div>]]></description>
		<Style>
			<LineStyle>
				<color>ffffea00</color>
				<width>2</width>
			</LineStyle>
		</Style>
		<MultiGeometry>
			<LineString>
				<tessellate>1</tessellate>
				<altitudeMode>absolute</altitudeMode>
				<coordinates>
					126.764198,37.577011,259.08 126.757973,37.581985,365.76 
				</coordinates>
			</LineString>
		</MultiGeometry>
	</Placemark>
	<Placemark>
		<name>P-85</name>
		<visibility>0</visibility>
		<description><![CDATA[<div><div><span><b>Altitude:</b></span> <span>1,200 ft - 1,475 ft</span></div>
<div><span><b>Speed:</b></span> <span>164 kt - 166 kt</span></div>
<div><span><b>Timestamp:</b></span><br/><span>2024-11-07 02:30:36 UTC<br/>2024-11-07 02:30:45 UTC</span></div>
</div>]]></description>
		<Style>
			<LineStyle>
				<color>fff0ff00</color>
				<width>2</width>
			</LineStyle>
		</Style>
		<MultiGeometry>
			<LineString>
				<tessellate>1</tessellate>
				<altitudeMode>absolute</altitudeMode>
				<coordinates>
					126.757973,37.581985,365.76 126.751953,37.586792,449.58 
				</coordinates>
			</LineString>
		</MultiGeometry>
	</Placemark>
	<Placemark>
		<name>P-86</name>
		<visibility>0</visibility>
		<description><![CDATA[<div><div><span><b>Altitude:</b></span> <span>1,475 ft - 1,700 ft</span></div>
<div><span><b>Speed:</b></span> <span>166 kt - 171 kt</span></div>
<div><span><b>Timestamp:</b></span><br/><span>2024-11-07 02:30:45 UTC<br/>2024-11-07 02:30:54 UTC</span></div>
</div>]]></description>
		<Style>
			<LineStyle>
				<color>ffccff00</color>
				<width>2</width>
			</LineStyle>
		</Style>
		<MultiGeometry>
			<LineString>
				<tessellate>1</tessellate>
				<altitudeMode>absolute</altitudeMode>
				<coordinates>
					126.751953,37.586792,449.58 126.74588,37.591736,518.16 
				</coordinates>
			</LineString>
		</MultiGeometry>
	</Placemark>
	<Placemark>
		<name>P-87</name>
		<visibility>0</visibility>
		<description><![CDATA[<div><div><span><b>Altitude:</b></span> <span>1,700 ft - 2,025 ft</span></div>
<div><span><b>Speed:</b></span> <span>171 kt</span></div>
<div><span><b>Timestamp:</b></span><br/><span>2024-11-07 02:30:54 UTC<br/>2024-11-07 02:31:03 UTC</span></div>
</div>]]></description>
		<Style>
			<LineStyle>
				<color>ffccff00</color>
				<width>2</width>
			</LineStyle>
		</Style>
		<MultiGeometry>
			<LineString>
				<tessellate>1</tessellate>
				<altitudeMode>absolute</altitudeMode>
				<coordinates>
					126.74588,37.591736,518.16 126.739296,37.597076,617.2199999999999 
				</coordinates>
			</LineString>
		</MultiGeometry>
	</Placemark>
	<Placemark>
		<name>P-88</name>
		<visibility>0</visibility>
		<description><![CDATA[<div><div><span><b>Altitude:</b></span> <span>2,025 ft - 2,350 ft</span></div>
<div><span><b>Speed:</b></span> <span>171 kt - 170 kt</span></div>
<div><span><b>Timestamp:</b></span><br/><span>2024-11-07 02:31:03 UTC<br/>2024-11-07 02:31:13 UTC</span></div>
</div>]]></description>
		<Style>
			<LineStyle>
				<color>ff42ff00</color>
				<width>2</width>
			</LineStyle>
		</Style>
		<MultiGeometry>
			<LineString>
				<tessellate>1</tessellate>
				<altitudeMode>absolute</altitudeMode>
				<coordinates>
					126.739296,37.597076,617.2199999999999 126.732666,37.602432,716.28 
				</coordinates>
			</LineString>
		</MultiGeometry>
	</Placemark>
	<Placemark>
		<name>P-89</name>
		<visibility>0</visibility>
		<description><![CDATA[<div><div><span><b>Altitude:</b></span> <span>2,350 ft - 2,600 ft</span></div>
<div><span><b>Speed:</b></span> <span>170 kt - 169 kt</span></div>
<div><span><b>Timestamp:</b></span><br/><span>2024-11-07 02:31:13 UTC<br/>2024-11-07 02:31:21 UTC</span></div>
</div>]]></description>
		<Style>
			<LineStyle>
				<color>ff42ff00</color>
				<width>2</width>
			</LineStyle>
		</Style>
		<MultiGeometry>
			<LineString>
				<tessellate>1</tessellate>
				<altitudeMode>absolute</altitudeMode>
				<coordinates>
					126.732666,37.602432,716.28 126.726883,37.607117,792.48 
				</coordinates>
			</LineString>
		</MultiGeometry>
	</Placemark>
	<Placemark>
		<name>P-90</name>
		<visibility>0</visibility>
		<description><![CDATA[<div><div><span><b>Altitude:</b></span> <span>2,600 ft - 2,750 ft</span></div>
<div><span><b>Speed:</b></span> <span>169 kt - 172 kt</span></div>
<div><span><b>Timestamp:</b></span><br/><span>2024-11-07 02:31:21 UTC<br/>2024-11-07 02:31:28 UTC</span></div>
</div>]]></description>
		<Style>
			<LineStyle>
				<color>ff42ff00</color>
				<width>2</width>
			</LineStyle>
		</Style>
		<MultiGeometry>
			<LineString>
				<tessellate>1</tessellate>
				<altitudeMode>absolute</altitudeMode>
				<coordinates>
					126.726883,37.607117,792.48 126.722267,37.610825,838.2 
				</coordinates>
			</LineString>
		</MultiGeometry>
	</Placemark>
	<Placemark>
		<name>P-91</name>
		<visibility>0</visibility>
		<description><![CDATA[<div><div><span><b>Altitude:</b></span> <span>2,750 ft - 2,900 ft</span></div>
<div><span><b>Speed:</b></span> <span>172 kt - 181 kt</span></div>
<div><span><b>Timestamp:</b></span><br/><span>2024-11-07 02:31:28 UTC<br/>2024-11-07 02:31:37 UTC</span></div>
</div>]]></description>
		<Style>
			<LineStyle>
				<color>ff1eff00</color>
				<width>2</width>
			</LineStyle>
		</Style>
		<MultiGeometry>
			<LineString>
				<tessellate>1</tessellate>
				<altitudeMode>absolute</altitudeMode>
				<coordinates>
					126.722267,37.610825,838.2 126.715431,37.616318,883.9199999999998 
				</coordinates>
			</LineString>
		</MultiGeometry>
	</Placemark>
	<Placemark>
		<name>P-92</name>
		<visibility>0</visibility>
		<description><![CDATA[<div><div><span><b>Altitude:</b></span> <span>2,900 ft - 3,000 ft</span></div>
<div><span><b>Speed:</b></span> <span>181 kt - 190 kt</span></div>
<div><span><b>Timestamp:</b></span><br/><span>2024-11-07 02:31:37 UTC<br/>2024-11-07 02:31:43 UTC</span></div>
</div>]]></description>
		<Style>
			<LineStyle>
				<color>ff1eff00</color>
				<width>2</width>
			</LineStyle>
		</Style>
		<MultiGeometry>
			<LineString>
				<tessellate>1</tessellate>
				<altitudeMode>absolute</altitudeMode>
				<coordinates>
					126.715431,37.616318,883.9199999999998 126.710518,37.61961,914.3999999999999 
				</coordinates>
			</LineString>
		</MultiGeometry>
	</Placemark>
	<Placemark>
		<name>P-93</name>
		<visibility>0</visibility>
		<description><![CDATA[<div><div><span><b>Altitude:</b></span> <span>3,000 ft - 3,050 ft</span></div>
<div><span><b>Speed:</b></span> <span>190 kt - 191 kt</span></div>
<div><span><b>Timestamp:</b></span><br/><span>2024-11-07 02:31:43 UTC<br/>2024-11-07 02:31:46 UTC</span></div>
</div>]]></description>
		<Style>
			<LineStyle>
				<color>ff1eff00</color>
				<width>2</width>
			</LineStyle>
		</Style>
		<MultiGeometry>
			<LineString>
				<tessellate>1</tessellate>
				<altitudeMode>absolute</altitudeMode>
				<coordinates>
					126.710518,37.61961,914.3999999999999 126.707428,37.62117,929.64 
				</coordinates>
			</LineString>
		</MultiGeometry>
	</Placemark>
	<Placemark>
		<name>P-94</name>
		<visibility>0</visibility>
		<description><![CDATA[<div><div><span><b>Altitude:</b></span> <span>3,050 ft - 3,100 ft</span></div>
<div><span><b>Speed:</b></span> <span>191 kt - 195 kt</span></div>
<div><span><b>Timestamp:</b></span><br/><span>2024-11-07 02:31:46 UTC<br/>2024-11-07 02:31:49 UTC</span></div>
</div>]]></description>
		<Style>
			<LineStyle>
				<color>ff1eff00</color>
				<width>2</width>
			</LineStyle>
		</Style>
		<MultiGeometry>
			<LineString>
				<tessellate>1</tessellate>
				<altitudeMode>absolute</altitudeMode>
				<coordinates>
					126.707428,37.62117,929.64 126.704155,37.622452,944.8799999999998 
				</coordinates>
			</LineString>
		</MultiGeometry>
	</Placemark>
	<Placemark>
		<name>P-95</name>
		<visibility>0</visibility>
		<description><![CDATA[<div><div><span><b>Altitude:</b></span> <span>3,100 ft - 3,150 ft</span></div>
<div><span><b>Speed:</b></span> <span>195 kt - 200 kt</span></div>
<div><span><b>Timestamp:</b></span><br/><span>2024-11-07 02:31:49 UTC<br/>2024-11-07 02:31:52 UTC</span></div>
</div>]]></description>
		<Style>
			<LineStyle>
				<color>ff1eff00</color>
				<width>2</width>
			</LineStyle>
		</Style>
		<MultiGeometry>
			<LineString>
				<tessellate>1</tessellate>
				<altitudeMode>absolute</altitudeMode>
				<coordinates>
					126.704155,37.622452,944.8799999999998 126.700882,37.623413,960.12 
				</coordinates>
			</LineString>
		</MultiGeometry>
	</Placemark>
	<Placemark>
		<name>P-96</name>
		<visibility>0</visibility>
		<description><![CDATA[<div><div><span><b>Altitude:</b></span> <span>3,150 ft - 3,175 ft</span></div>
<div><span><b>Speed:</b></span> <span>200 kt - 202 kt</span></div>
<div><span><b>Timestamp:</b></span><br/><span>2024-11-07 02:31:52 UTC<br/>2024-11-07 02:31:55 UTC</span></div>
</div>]]></description>
		<Style>
			<LineStyle>
				<color>ff1eff00</color>
				<width>2</width>
			</LineStyle>
		</Style>
		<MultiGeometry>
			<LineString>
				<tessellate>1</tessellate>
				<altitudeMode>absolute</altitudeMode>
				<coordinates>
					126.700882,37.623413,960.12 126.697495,37.6241,967.7399999999999 
				</coordinates>
			</LineString>
		</MultiGeometry>
	</Placemark>
	<Placemark>
		<name>P-97</name>
		<visibility>0</visibility>
		<description><![CDATA[<div><div><span><b>Altitude:</b></span> <span>3,175 ft - 3,225 ft</span></div>
<div><span><b>Speed:</b></span> <span>202 kt - 207 kt</span></div>
<div><span><b>Timestamp:</b></span><br/><span>2024-11-07 02:31:55 UTC<br/>2024-11-07 02:31:58 UTC</span></div>
</div>]]></description>
		<Style>
			<LineStyle>
				<color>ff1eff00</color>
				<width>2</width>
			</LineStyle>
		</Style>
		<MultiGeometry>
			<LineString>
				<tessellate>1</tessellate>
				<altitudeMode>absolute</altitudeMode>
				<coordinates>
					126.697495,37.6241,967.7399999999999 126.694099,37.624496,982.98 
				</coordinates>
			</LineString>
		</MultiGeometry>
	</Placemark>
	<Placemark>
		<name>P-98</name>
		<visibility>0</visibility>
		<description><![CDATA[<div><div><span><b>Altitude:</b></span> <span>3,225 ft - 3,300 ft</span></div>
<div><span><b>Speed:</b></span> <span>207 kt - 212 kt</span></div>
<div><span><b>Timestamp:</b></span><br/><span>2024-11-07 02:31:58 UTC<br/>2024-11-07 02:32:01 UTC</span></div>
</div>]]></description>
		<Style>
			<LineStyle>
				<color>ff1eff00</color>
				<width>2</width>
			</LineStyle>
		</Style>
		<MultiGeometry>
			<LineString>
				<tessellate>1</tessellate>
				<altitudeMode>absolute</altitudeMode>
				<coordinates>
					126.694099,37.624496,982.98 126.689957,37.624557,1005.84 
				</coordinates>
			</LineString>
		</MultiGeometry>
	</Placemark>
	<Placemark>
		<name>P-99</name>
		<visibility>0</visibility>
		<description><![CDATA[<div><div><span><b>Altitude:</b></span> <span>3,300 ft - 3,350 ft</span></div>
<div><span><b>Speed:</b></span> <span>212 kt - 215 kt</span></div>
<div><span><b>Timestamp:</b></span><br/><span>2024-11-07 02:32:01 UTC<br/>2024-11-07 02:32:04 UTC</span></div>
</div>]]></description>
		<Style>
			<LineStyle>
				<color>ff00ff0c</color>
				<width>2</width>
			</LineStyle>
		</Style>
		<MultiGeometry>
			<LineString>
				<tessellate>1</tessellate>
				<altitudeMode>absolute</altitudeMode>
				<coordinates>
					126.689957,37.624557,1005.84 126.686272,37.624264,1021.08 
				</coordinates>
			</LineString>
		</MultiGeometry>
	</Placemark>
	<Placemark>
		<name>P-100</name>
		<visibility>0</visibility>
		<description><![CDATA[<div><div><span><b>Altitude:</b></span> <span>3,350 ft - 3,425 ft</span></div>
<div><span><b>Speed:</b></span> <span>215 kt - 220 kt</span></div>
<div><span><b>Timestamp:</b></span><br/><span>2024-11-07 02:32:04 UTC<br/>2024-11-07 02:32:08 UTC</span></div>
</div>]]></description>
		<Style>
			<LineStyle>
				<color>ff00ff0c</color>
				<width>2</width>
			</LineStyle>
		</Style>
		<MultiGeometry>
			<LineString>
				<tessellate>1</tessellate>
				<altitudeMode>absolute</altitudeMode>
				<coordinates>
					126.686272,37.624264,1021.08 126.682236,37.62355,1043.94 
				</coordinates>
			</LineString>
		</MultiGeometry>
	</Placemark>
	<Placemark>
		<name>P-101</name>
		<visibility>0</visibility>
		<description><![CDATA[<div><div><span><b>Altitude:</b></span> <span>3,425 ft - 3,500 ft</span></div>
<div><span><b>Speed:</b></span> <span>220 kt - 222 kt</span></div>
<div><span><b>Timestamp:</b></span><br/><span>2024-11-07 02:32:08 UTC<br/>2024-11-07 02:32:10 UTC</span></div>
</div>]]></description>
		<Style>
			<LineStyle>
				<color>ff00ff0c</color>
				<width>2</width>
			</LineStyle>
		</Style>
		<MultiGeometry>
			<LineString>
				<tessellate>1</tessellate>
				<altitudeMode>absolute</altitudeMode>
				<coordinates>
					126.682236,37.62355,1043.94 126.678909,37.622589,1066.8 
				</coordinates>
			</LineString>
		</MultiGeometry>
	</Placemark>
	<Placemark>
		<name>P-102</name>
		<visibility>0</visibility>
		<description><![CDATA[<div><div><span><b>Altitude:</b></span> <span>3,500 ft - 3,600 ft</span></div>
<div><span><b>Speed:</b></span> <span>222 kt - 226 kt</span></div>
<div><span><b>Timestamp:</b></span><br/><span>2024-11-07 02:32:10 UTC<br/>2024-11-07 02:32:14 UTC</span></div>
</div>]]></description>
		<Style>
			<LineStyle>
				<color>ff00ff0c</color>
				<width>2</width>
			</LineStyle>
		</Style>
		<MultiGeometry>
			<LineString>
				<tessellate>1</tessellate>
				<altitudeMode>absolute</altitudeMode>
				<coordinates>
					126.678909,37.622589,1066.8 126.674873,37.621052,1097.28 
				</coordinates>
			</LineString>
		</MultiGeometry>
	</Placemark>
	<Placemark>
		<name>P-103</name>
		<visibility>0</visibility>
		<description><![CDATA[<div><div><span><b>Altitude:</b></span> <span>3,600 ft - 3,650 ft</span></div>
<div><span><b>Speed:</b></span> <span>226 kt - 228 kt</span></div>
<div><span><b>Timestamp:</b></span><br/><span>2024-11-07 02:32:14 UTC<br/>2024-11-07 02:32:16 UTC</span></div>
</div>]]></description>
		<Style>
			<LineStyle>
				<color>ff00ff0c</color>
				<width>2</width>
			</LineStyle>
		</Style>
		<MultiGeometry>
			<LineString>
				<tessellate>1</tessellate>
				<altitudeMode>absolute</altitudeMode>
				<coordinates>
					126.674873,37.621052,1097.28 126.671951,37.619614,1112.52 
				</coordinates>
			</LineString>
		</MultiGeometry>
	</Placemark>
	<Placemark>
		<name>P-104</name>
		<visibility>0</visibility>
		<description><![CDATA[<div><div><span><b>Altitude:</b></span> <span>3,650 ft - 3,750 ft</span></div>
<div><span><b>Speed:</b></span> <span>228 kt - 232 kt</span></div>
<div><span><b>Timestamp:</b></span><br/><span>2024-11-07 02:32:16 UTC<br/>2024-11-07 02:32:20 UTC</span></div>
</div>]]></description>
		<Style>
			<LineStyle>
				<color>ff00ff0c</color>
				<width>2</width>
			</LineStyle>
		</Style>
		<MultiGeometry>
			<LineString>
				<tessellate>1</tessellate>
				<altitudeMode>absolute</altitudeMode>
				<coordinates>
					126.671951,37.619614,1112.52 126.668327,37.617325,1143 
				</coordinates>
			</LineString>
		</MultiGeometry>
	</Placemark>
	<Placemark>
		<name>P-105</name>
		<visibility>0</visibility>
		<description><![CDATA[<div><div><span><b>Altitude:</b></span> <span>3,750 ft - 3,850 ft</span></div>
<div><span><b>Speed:</b></span> <span>232 kt - 234 kt</span></div>
<div><span><b>Timestamp:</b></span><br/><span>2024-11-07 02:32:20 UTC<br/>2024-11-07 02:32:23 UTC</span></div>
</div>]]></description>
		<Style>
			<LineStyle>
				<color>ff00ff0c</color>
				<width>2</width>
			</LineStyle>
		</Style>
		<MultiGeometry>
			<LineString>
				<tessellate>1</tessellate>
				<altitudeMode>absolute</altitudeMode>
				<coordinates>
					126.668327,37.617325,1143 126.665558,37.615185,1173.48 
				</coordinates>
			</LineString>
		</MultiGeometry>
	</Placemark>
	<Placemark>
		<name>P-106</name>
		<visibility>0</visibility>
		<description><![CDATA[<div><div><span><b>Altitude:</b></span> <span>3,850 ft - 3,950 ft</span></div>
<div><span><b>Speed:</b></span> <span>234 kt</span></div>
<div><span><b>Timestamp:</b></span><br/><span>2024-11-07 02:32:23 UTC<br/>2024-11-07 02:32:26 UTC</span></div>
</div>]]></description>
		<Style>
			<LineStyle>
				<color>ff00ff0c</color>
				<width>2</width>
			</LineStyle>
		</Style>
		<MultiGeometry>
			<LineString>
				<tessellate>1</tessellate>
				<altitudeMode>absolute</altitudeMode>
				<coordinates>
					126.665558,37.615185,1173.48 126.662605,37.612747,1203.96 
				</coordinates>
			</LineString>
		</MultiGeometry>
	</Placemark>
	<Placemark>
		<name>P-107</name>
		<visibility>0</visibility>
		<description><![CDATA[<div><div><span><b>Altitude:</b></span> <span>3,950 ft - 4,050 ft</span></div>
<div><span><b>Speed:</b></span> <span>234 kt - 236 kt</span></div>
<div><span><b>Timestamp:</b></span><br/><span>2024-11-07 02:32:26 UTC<br/>2024-11-07 02:32:29 UTC</span></div>
</div>]]></description>
		<Style>
			<LineStyle>
				<color>ff00ff36</color>
				<width>2</width>
			</LineStyle>
		</Style>
		<MultiGeometry>
			<LineString>
				<tessellate>1</tessellate>
				<altitudeMode>absolute</altitudeMode>
				<coordinates>
					126.662605,37.612747,1203.96 126.659943,37.610485,1234.44 
				</coordinates>
			</LineString>
		</MultiGeometry>
	</Placemark>
	<Placemark>
		<name>P-108</name>
		<visibility>0</visibility>
		<description><![CDATA[<div><div><span><b>Altitude:</b></span> <span>4,050 ft - 4,150 ft</span></div>
<div><span><b>Speed:</b></span> <span>236 kt - 238 kt</span></div>
<div><span><b>Timestamp:</b></span><br/><span>2024-11-07 02:32:29 UTC<br/>2024-11-07 02:32:32 UTC</span></div>
</div>]]></description>
		<Style>
			<LineStyle>
				<color>ff00ff36</color>
				<width>2</width>
			</LineStyle>
		</Style>
		<MultiGeometry>
			<LineString>
				<tessellate>1</tessellate>
				<altitudeMode>absolute</altitudeMode>
				<coordinates>
					126.659943,37.610485,1234.44 126.656662,37.607643,1264.92 
				</coordinates>
			</LineString>
		</MultiGeometry>
	</Placemark>
	<Placemark>
		<name>P-109</name>
		<visibility>0</visibility>
		<description><![CDATA[<div><div><span><b>Altitude:</b></span> <span>4,150 ft - 4,225 ft</span></div>
<div><span><b>Speed:</b></span> <span>238 kt - 240 kt</span></div>
<div><span><b>Timestamp:</b></span><br/><span>2024-11-07 02:32:32 UTC<br/>2024-11-07 02:32:35 UTC</span></div>
</div>]]></description>
		<Style>
			<LineStyle>
				<color>ff00ff36</color>
				<width>2</width>
			</LineStyle>
		</Style>
		<MultiGeometry>
			<LineString>
				<tessellate>1</tessellate>
				<altitudeMode>absolute</altitudeMode>
				<coordinates>
					126.656662,37.607643,1264.92 126.653732,37.60527,1287.78 
				</coordinates>
			</LineString>
		</MultiGeometry>
	</Placemark>
	<Placemark>
		<name>P-110</name>
		<visibility>0</visibility>
		<description><![CDATA[<div><div><span><b>Altitude:</b></span> <span>4,225 ft - 4,300 ft</span></div>
<div><span><b>Speed:</b></span> <span>240 kt - 244 kt</span></div>
<div><span><b>Timestamp:</b></span><br/><span>2024-11-07 02:32:35 UTC<br/>2024-11-07 02:32:38 UTC</span></div>
</div>]]></description>
		<Style>
			<LineStyle>
				<color>ff00ff36</color>
				<width>2</width>
			</LineStyle>
		</Style>
		<MultiGeometry>
			<LineString>
				<tessellate>1</tessellate>
				<altitudeMode>absolute</altitudeMode>
				<coordinates>
					126.653732,37.60527,1287.78 126.650803,37.602859,1310.64 
				</coordinates>
			</LineString>
		</MultiGeometry>
	</Placemark>
	<Placemark>
		<name>P-111</name>
		<visibility>0</visibility>
		<description><![CDATA[<div><div><span><b>Altitude:</b></span> <span>4,300 ft - 4,350 ft</span></div>
<div><span><b>Speed:</b></span> <span>244 kt - 248 kt</span></div>
<div><span><b>Timestamp:</b></span><br/><span>2024-11-07 02:32:38 UTC<br/>2024-11-07 02:32:41 UTC</span></div>
</div>]]></description>
		<Style>
			<LineStyle>
				<color>ff00ff36</color>
				<width>2</width>
			</LineStyle>
		</Style>
		<MultiGeometry>
			<LineString>
				<tessellate>1</tessellate>
				<altitudeMode>absolute</altitudeMode>
				<coordinates>
					126.650803,37.602859,1310.64 126.647644,37.600433,1325.88 
				</coordinates>
			</LineString>
		</MultiGeometry>
	</Placemark>
	<Placemark>
		<name>P-112</name>
		<visibility>0</visibility>
		<description><![CDATA[<div><div><span><b>Altitude:</b></span> <span>4,350 ft - 4,400 ft</span></div>
<div><span><b>Speed:</b></span> <span>248 kt - 250 kt</span></div>
<div><span><b>Timestamp:</b></span><br/><span>2024-11-07 02:32:41 UTC<br/>2024-11-07 02:32:44 UTC</span></div>
</div>]]></description>
		<Style>
			<LineStyle>
				<color>ff00ff36</color>
				<width>2</width>
			</LineStyle>
		</Style>
		<MultiGeometry>
			<LineString>
				<tessellate>1</tessellate>
				<altitudeMode>absolute</altitudeMode>
				<coordinates>
					126.647644,37.600433,1325.88 126.644836,37.59824,1341.12 
				</coordinates>
			</LineString>
		</MultiGeometry>
	</Placemark>
	<Placemark>
		<name>P-113</name>
		<visibility>0</visibility>
		<description><![CDATA[<div><div><span><b>Altitude:</b></span> <span>4,400 ft - 4,425 ft</span></div>
<div><span><b>Speed:</b></span> <span>250 kt - 256 kt</span></div>
<div><span><b>Timestamp:</b></span><br/><span>2024-11-07 02:32:44 UTC<br/>2024-11-07 02:32:47 UTC</span></div>
</div>]]></description>
		<Style>
			<LineStyle>
				<color>ff00ff36</color>
				<width>2</width>
			</LineStyle>
		</Style>
		<MultiGeometry>
			<LineString>
				<tessellate>1</tessellate>
				<altitudeMode>absolute</altitudeMode>
				<coordinates>
					126.644836,37.59824,1341.12 126.641136,37.595539,1348.74 
				</coordinates>
			</LineString>
		</MultiGeometry>
	</Placemark>
	<Placemark>
		<name>P-114</name>
		<visibility>0</visibility>
		<description><![CDATA[<div><div><span><b>Altitude:</b></span> <span>4,425 ft - 4,450 ft</span></div>
<div><span><b>Speed:</b></span> <span>256 kt - 264 kt</span></div>
<div><span><b>Timestamp:</b></span><br/><span>2024-11-07 02:32:47 UTC<br/>2024-11-07 02:32:56 UTC</span></div>
</div>]]></description>
		<Style>
			<LineStyle>
				<color>ff00ff36</color>
				<width>2</width>
			</LineStyle>
		</Style>
		<MultiGeometry>
			<LineString>
				<tessellate>1</tessellate>
				<altitudeMode>absolute</altitudeMode>
				<coordinates>
					126.641136,37.595539,1348.74 126.630463,37.587891,1356.36 
				</coordinates>
			</LineString>
		</MultiGeometry>
	</Placemark>
	<Placemark>
		<name>P-115</name>
		<visibility>0</visibility>
		<description><![CDATA[<div><div><span><b>Altitude:</b></span> <span>4,450 ft - 4,475 ft</span></div>
<div><span><b>Speed:</b></span> <span>264 kt - 265 kt</span></div>
<div><span><b>Timestamp:</b></span><br/><span>2024-11-07 02:32:56 UTC<br/>2024-11-07 02:32:59 UTC</span></div>
</div>]]></description>
		<Style>
			<LineStyle>
				<color>ff00ff36</color>
				<width>2</width>
			</LineStyle>
		</Style>
		<MultiGeometry>
			<LineString>
				<tessellate>1</tessellate>
				<altitudeMode>absolute</altitudeMode>
				<coordinates>
					126.630463,37.587891,1356.36 126.627129,37.585556,1363.98 
				</coordinates>
			</LineString>
		</MultiGeometry>
	</Placemark>
	<Placemark>
		<name>P-116</name>
		<visibility>0</visibility>
		<description><![CDATA[<div><div><span><b>Altitude:</b></span> <span>4,475 ft - 4,500 ft</span></div>
<div><span><b>Speed:</b></span> <span>265 kt - 266 kt</span></div>
<div><span><b>Timestamp:</b></span><br/><span>2024-11-07 02:32:59 UTC<br/>2024-11-07 02:33:02 UTC</span></div>
</div>]]></description>
		<Style>
			<LineStyle>
				<color>ff00ff36</color>
				<width>2</width>
			</LineStyle>
		</Style>
		<MultiGeometry>
			<LineString>
				<tessellate>1</tessellate>
				<altitudeMode>absolute</altitudeMode>
				<coordinates>
					126.627129,37.585556,1363.98 126.623642,37.583111,1371.6 
				</coordinates>
			</LineString>
		</MultiGeometry>
	</Placemark>
	<Placemark>
		<name>P-117</name>
		<visibility>0</visibility>
		<description><![CDATA[<div><div><span><b>Altitude:</b></span> <span>4,500 ft - 4,550 ft</span></div>
<div><span><b>Speed:</b></span> <span>266 kt</span></div>
<div><span><b>Timestamp:</b></span><br/><span>2024-11-07 02:33:02 UTC<br/>2024-11-07 02:33:06 UTC</span></div>
</div>]]></description>
		<Style>
			<LineStyle>
				<color>ff00ff36</color>
				<width>2</width>
			</LineStyle>
		</Style>
		<MultiGeometry>
			<LineString>
				<tessellate>1</tessellate>
				<altitudeMode>absolute</altitudeMode>
				<coordinates>
					126.623642,37.583111,1371.6 126.619713,37.580383,1386.84 
				</coordinates>
			</LineString>
		</MultiGeometry>
	</Placemark>
	<Placemark>
		<name>P-118</name>
		<visibility>0</visibility>
		<description><![CDATA[<div><div><span><b>Altitude:</b></span> <span>4,550 ft - 4,825 ft</span></div>
<div><span><b>Speed:</b></span> <span>266 kt - 264 kt</span></div>
<div><span><b>Timestamp:</b></span><br/><span>2024-11-07 02:33:06 UTC<br/>2024-11-07 02:33:14 UTC</span></div>
</div>]]></description>
		<Style>
			<LineStyle>
				<color>ff00ff36</color>
				<width>2</width>
			</LineStyle>
		</Style>
		<MultiGeometry>
			<LineString>
				<tessellate>1</tessellate>
				<altitudeMode>absolute</altitudeMode>
				<coordinates>
					126.619713,37.580383,1386.84 126.609612,37.573429,1470.66 
				</coordinates>
			</LineString>
		</MultiGeometry>
	</Placemark>
	<Placemark>
		<name>P-119</name>
		<visibility>0</visibility>
		<description><![CDATA[<div><div><span><b>Altitude:</b></span> <span>4,825 ft - 5,225 ft</span></div>
<div><span><b>Speed:</b></span> <span>264 kt - 262 kt</span></div>
<div><span><b>Timestamp:</b></span><br/><span>2024-11-07 02:33:14 UTC<br/>2024-11-07 02:33:24 UTC</span></div>
</div>]]></description>
		<Style>
			<LineStyle>
				<color>ff00ff36</color>
				<width>2</width>
			</LineStyle>
		</Style>
		<MultiGeometry>
			<LineString>
				<tessellate>1</tessellate>
				<altitudeMode>absolute</altitudeMode>
				<coordinates>
					126.609612,37.573429,1470.66 126.597313,37.567471,1592.58 
				</coordinates>
			</LineString>
		</MultiGeometry>
	</Placemark>
	<Placemark>
		<name>P-120</name>
		<visibility>0</visibility>
		<description><![CDATA[<div><div><span><b>Altitude:</b></span> <span>5,225 ft - 5,350 ft</span></div>
<div><span><b>Speed:</b></span> <span>262 kt</span></div>
<div><span><b>Timestamp:</b></span><br/><span>2024-11-07 02:33:24 UTC<br/>2024-11-07 02:33:27 UTC</span></div>
</div>]]></description>
		<Style>
			<LineStyle>
				<color>ff00ff72</color>
				<width>2</width>
			</LineStyle>
		</Style>
		<MultiGeometry>
			<LineString>
				<tessellate>1</tessellate>
				<altitudeMode>absolute</altitudeMode>
				<coordinates>
					126.597313,37.567471,1592.58 126.59343,37.566399,1630.68 
				</coordinates>
			</LineString>
		</MultiGeometry>
	</Placemark>
	<Placemark>
		<name>P-121</name>
		<visibility>0</visibility>
		<description><![CDATA[<div><div><span><b>Altitude:</b></span> <span>5,350 ft - 5,525 ft</span></div>
<div><span><b>Speed:</b></span> <span>262 kt</span></div>
<div><span><b>Timestamp:</b></span><br/><span>2024-11-07 02:33:27 UTC<br/>2024-11-07 02:33:30 UTC</span></div>
</div>]]></description>
		<Style>
			<LineStyle>
				<color>ff00ff72</color>
				<width>2</width>
			</LineStyle>
		</Style>
		<MultiGeometry>
			<LineString>
				<tessellate>1</tessellate>
				<altitudeMode>absolute</altitudeMode>
				<coordinates>
					126.59343,37.566399,1630.68 126.588097,37.565414,1684.02 
				</coordinates>
			</LineString>
		</MultiGeometry>
	</Placemark>
	<Placemark>
		<name>P-122</name>
		<visibility>0</visibility>
		<description><![CDATA[<div><div><span><b>Altitude:</b></span> <span>5,525 ft - 5,700 ft</span></div>
<div><span><b>Speed:</b></span> <span>262 kt</span></div>
<div><span><b>Timestamp:</b></span><br/><span>2024-11-07 02:33:30 UTC<br/>2024-11-07 02:33:33 UTC</span></div>
</div>]]></description>
		<Style>
			<LineStyle>
				<color>ff00ff72</color>
				<width>2</width>
			</LineStyle>
		</Style>
		<MultiGeometry>
			<LineString>
				<tessellate>1</tessellate>
				<altitudeMode>absolute</altitudeMode>
				<coordinates>
					126.588097,37.565414,1684.02 126.583336,37.564724,1737.36 
				</coordinates>
			</LineString>
		</MultiGeometry>
	</Placemark>
	<Placemark>
		<name>P-123</name>
		<visibility>0</visibility>
		<description><![CDATA[<div><div><span><b>Altitude:</b></span> <span>5,700 ft - 5,875 ft</span></div>
<div><span><b>Speed:</b></span> <span>262 kt</span></div>
<div><span><b>Timestamp:</b></span><br/><span>2024-11-07 02:33:33 UTC<br/>2024-11-07 02:33:37 UTC</span></div>
</div>]]></description>
		<Style>
			<LineStyle>
				<color>ff00ff72</color>
				<width>2</width>
			</LineStyle>
		</Style>
		<MultiGeometry>
			<LineString>
				<tessellate>1</tessellate>
				<altitudeMode>absolute</altitudeMode>
				<coordinates>
					126.583336,37.564724,1737.36 126.579971,37.56427,1790.7 
				</coordinates>
			</LineString>
		</MultiGeometry>
	</Placemark>
	<Placemark>
		<name>P-124</name>
		<visibility>0</visibility>
		<description><![CDATA[<div><div><span><b>Altitude:</b></span> <span>5,875 ft - 5,975 ft</span></div>
<div><span><b>Speed:</b></span> <span>262 kt</span></div>
<div><span><b>Timestamp:</b></span><br/><span>2024-11-07 02:33:37 UTC<br/>2024-11-07 02:33:40 UTC</span></div>
</div>]]></description>
		<Style>
			<LineStyle>
				<color>ff00ff72</color>
				<width>2</width>
			</LineStyle>
		</Style>
		<MultiGeometry>
			<LineString>
				<tessellate>1</tessellate>
				<altitudeMode>absolute</altitudeMode>
				<coordinates>
					126.579971,37.56427,1790.7 126.575455,37.563698,1821.18 
				</coordinates>
			</LineString>
		</MultiGeometry>
	</Placemark>
	<Placemark>
		<name>P-125</name>
		<visibility>0</visibility>
		<description><![CDATA[<div><div><span><b>Altitude:</b></span> <span>5,975 ft - 6,225 ft</span></div>
<div><span><b>Speed:</b></span> <span>262 kt - 263 kt</span></div>
<div><span><b>Timestamp:</b></span><br/><span>2024-11-07 02:33:40 UTC<br/>2024-11-07 02:33:44 UTC</span></div>
</div>]]></description>
		<Style>
			<LineStyle>
				<color>ff00ff72</color>
				<width>2</width>
			</LineStyle>
		</Style>
		<MultiGeometry>
			<LineString>
				<tessellate>1</tessellate>
				<altitudeMode>absolute</altitudeMode>
				<coordinates>
					126.575455,37.563698,1821.18 126.567154,37.56258,1897.38 
				</coordinates>
			</LineString>
		</MultiGeometry>
	</Placemark>
	<Placemark>
		<name>P-126</name>
		<visibility>0</visibility>
		<description><![CDATA[<div><div><span><b>Altitude:</b></span> <span>6,225 ft - 6,400 ft</span></div>
<div><span><b>Speed:</b></span> <span>263 kt</span></div>
<div><span><b>Timestamp:</b></span><br/><span>2024-11-07 02:33:44 UTC<br/>2024-11-07 02:33:47 UTC</span></div>
</div>]]></description>
		<Style>
			<LineStyle>
				<color>ff00ff72</color>
				<width>2</width>
			</LineStyle>
		</Style>
		<MultiGeometry>
			<LineString>
				<tessellate>1</tessellate>
				<altitudeMode>absolute</altitudeMode>
				<coordinates>
					126.567154,37.56258,1897.38 126.562263,37.561882,1950.72 
				</coordinates>
			</LineString>
		</MultiGeometry>
	</Placemark>
	<Placemark>
		<name>P-127</name>
		<visibility>0</visibility>
		<description><![CDATA[<div><div><span><b>Altitude:</b></span> <span>6,400 ft - 6,550 ft</span></div>
<div><span><b>Speed:</b></span> <span>263 kt</span></div>
<div><span><b>Timestamp:</b></span><br/><span>2024-11-07 02:33:47 UTC<br/>2024-11-07 02:33:50 UTC</span></div>
</div>]]></description>
		<Style>
			<LineStyle>
				<color>ff00ff72</color>
				<width>2</width>
			</LineStyle>
		</Style>
		<MultiGeometry>
			<LineString>
				<tessellate>1</tessellate>
				<altitudeMode>absolute</altitudeMode>
				<coordinates>
					126.562263,37.561882,1950.72 126.558083,37.561234,1996.44 
				</coordinates>
			</LineString>
		</MultiGeometry>
	</Placemark>
	<Placemark>
		<name>P-128</name>
		<visibility>0</visibility>
		<description><![CDATA[<div><div><span><b>Altitude:</b></span> <span>6,550 ft - 7,200 ft</span></div>
<div><span><b>Speed:</b></span> <span>263 kt - 265 kt</span></div>
<div><span><b>Timestamp:</b></span><br/><span>2024-11-07 02:33:50 UTC<br/>2024-11-07 02:34:05 UTC</span></div>
</div>]]></description>
		<Style>
			<LineStyle>
				<color>ff00ff72</color>
				<width>2</width>
			</LineStyle>
		</Style>
		<MultiGeometry>
			<LineString>
				<tessellate>1</tessellate>
				<altitudeMode>absolute</altitudeMode>
				<coordinates>
					126.558083,37.561234,1996.44 126.535271,37.557358,2194.56 
				</coordinates>
			</LineString>
		</MultiGeometry>
	</Placemark>
	<Placemark>
		<name>P-129</name>
		<visibility>0</visibility>
		<description><![CDATA[<div><div><span><b>Altitude:</b></span> <span>7,200 ft - 7,775 ft</span></div>
<div><span><b>Speed:</b></span> <span>265 kt - 266 kt</span></div>
<div><span><b>Timestamp:</b></span><br/><span>2024-11-07 02:34:05 UTC<br/>2024-11-07 02:34:17 UTC</span></div>
</div>]]></description>
		<Style>
			<LineStyle>
				<color>ff00ff9c</color>
				<width>2</width>
			</LineStyle>
		</Style>
		<MultiGeometry>
			<LineString>
				<tessellate>1</tessellate>
				<altitudeMode>absolute</altitudeMode>
				<coordinates>
					126.535271,37.557358,2194.56 126.516624,37.554062,2369.82 
				</coordinates>
			</LineString>
		</MultiGeometry>
	</Placemark>
	<Placemark>
		<name>P-130</name>
		<visibility>0</visibility>
		<description><![CDATA[<div><div><span><b>Altitude:</b></span> <span>7,775 ft - 8,575 ft</span></div>
<div><span><b>Speed:</b></span> <span>266 kt - 263 kt</span></div>
<div><span><b>Timestamp:</b></span><br/><span>2024-11-07 02:34:17 UTC<br/>2024-11-07 02:34:33 UTC</span></div>
</div>]]></description>
		<Style>
			<LineStyle>
				<color>ff00ff9c</color>
				<width>2</width>
			</LineStyle>
		</Style>
		<MultiGeometry>
			<LineString>
				<tessellate>1</tessellate>
				<altitudeMode>absolute</altitudeMode>
				<coordinates>
					126.516624,37.554062,2369.82 126.493721,37.549942,2613.659999999999 
				</coordinates>
			</LineString>
		</MultiGeometry>
	</Placemark>
	<Placemark>
		<name>P-131</name>
		<visibility>0</visibility>
		<description><![CDATA[<div><div><span><b>Altitude:</b></span> <span>8,575 ft - 9,225 ft</span></div>
<div><span><b>Speed:</b></span> <span>263 kt - 264 kt</span></div>
<div><span><b>Timestamp:</b></span><br/><span>2024-11-07 02:34:33 UTC<br/>2024-11-07 02:34:48 UTC</span></div>
</div>]]></description>
		<Style>
			<LineStyle>
				<color>ff00ffd2</color>
				<width>2</width>
			</LineStyle>
		</Style>
		<MultiGeometry>
			<LineString>
				<tessellate>1</tessellate>
				<altitudeMode>absolute</altitudeMode>
				<coordinates>
					126.493721,37.549942,2613.659999999999 126.470924,37.545914,2811.78 
				</coordinates>
			</LineString>
		</MultiGeometry>
	</Placemark>
	<Placemark>
		<name>P-132</name>
		<visibility>0</visibility>
		<description><![CDATA[<div><div><span><b>Altitude:</b></span> <span>9,225 ft - 10,075 ft</span></div>
<div><span><b>Speed:</b></span> <span>264 kt - 270 kt</span></div>
<div><span><b>Timestamp:</b></span><br/><span>2024-11-07 02:34:48 UTC<br/>2024-11-07 02:35:10 UTC</span></div>
</div>]]></description>
		<Style>
			<LineStyle>
				<color>ff00ffd2</color>
				<width>2</width>
			</LineStyle>
		</Style>
		<MultiGeometry>
			<LineString>
				<tessellate>1</tessellate>
				<altitudeMode>absolute</altitudeMode>
				<coordinates>
					126.470924,37.545914,2811.78 126.436874,37.540005,3070.86 
				</coordinates>
			</LineString>
		</MultiGeometry>
	</Placemark>
	<Placemark>
		<name>P-133</name>
		<visibility>0</visibility>
		<description><![CDATA[<div><div><span><b>Altitude:</b></span> <span>10,075 ft - 10,300 ft</span></div>
<div><span><b>Speed:</b></span> <span>270 kt - 282 kt</span></div>
<div><span><b>Timestamp:</b></span><br/><span>2024-11-07 02:35:10 UTC<br/>2024-11-07 02:35:23 UTC</span></div>
</div>]]></description>
		<Style>
			<LineStyle>
				<color>ff00ffe4</color>
				<width>2</width>
			</LineStyle>
		</Style>
		<MultiGeometry>
			<LineString>
				<tessellate>1</tessellate>
				<altitudeMode>absolute</altitudeMode>
				<coordinates>
					126.436874,37.540005,3070.86 126.419083,37.53698,3139.44 
				</coordinates>
			</LineString>
		</MultiGeometry>
	</Placemark>
	<Placemark>
		<name>P-134</name>
		<visibility>0</visibility>
		<description><![CDATA[<div><div><span><b>Altitude:</b></span> <span>10,300 ft - 10,750 ft</span></div>
<div><span><b>Speed:</b></span> <span>282 kt - 296 kt</span></div>
<div><span><b>Timestamp:</b></span><br/><span>2024-11-07 02:35:23 UTC<br/>2024-11-07 02:35:42 UTC</span></div>
</div>]]></description>
		<Style>
			<LineStyle>
				<color>ff00ffe4</color>
				<width>2</width>
			</LineStyle>
		</Style>
		<MultiGeometry>
			<LineString>
				<tessellate>1</tessellate>
				<altitudeMode>absolute</altitudeMode>
				<coordinates>
					126.419083,37.53698,3139.44 126.388763,37.531769,3276.599999999999 
				</coordinates>
			</LineString>
		</MultiGeometry>
	</Placemark>
	<Placemark>
		<name>P-135</name>
		<visibility>0</visibility>
		<description><![CDATA[<div><div><span><b>Altitude:</b></span> <span>10,750 ft - 14,850 ft</span></div>
<div><span><b>Speed:</b></span> <span>296 kt - 319 kt</span></div>
<div><span><b>Timestamp:</b></span><br/><span>2024-11-07 02:35:42 UTC<br/>2024-11-07 02:37:36 UTC</span></div>
</div>]]></description>
		<Style>
			<LineStyle>
				<color>ff00ffe4</color>
				<width>2</width>
			</LineStyle>
		</Style>
		<MultiGeometry>
			<LineString>
				<tessellate>1</tessellate>
				<altitudeMode>absolute</altitudeMode>
				<coordinates>
					126.388763,37.531769,3276.599999999999 126.188553,37.497528,4526.28 
				</coordinates>
			</LineString>
		</MultiGeometry>
	</Placemark>
	<Placemark>
		<name>P-136</name>
		<visibility>0</visibility>
		<description><![CDATA[<div><div><span><b>Altitude:</b></span> <span>14,850 ft - 16,100 ft</span></div>
<div><span><b>Speed:</b></span> <span>319 kt - 315 kt</span></div>
<div><span><b>Timestamp:</b></span><br/><span>2024-11-07 02:37:36 UTC<br/>2024-11-07 02:38:08 UTC</span></div>
</div>]]></description>
		<Style>
			<LineStyle>
				<color>ff00a8ff</color>
				<width>2</width>
			</LineStyle>
		</Style>
		<MultiGeometry>
			<LineString>
				<tessellate>1</tessellate>
				<altitudeMode>absolute</altitudeMode>
				<coordinates>
					126.188553,37.497528,4526.28 126.132866,37.487961,4907.279999999999 
				</coordinates>
			</LineString>
		</MultiGeometry>
	</Placemark>
	<Placemark>
		<name>P-137</name>
		<visibility>0</visibility>
		<description><![CDATA[<div><div><span><b>Altitude:</b></span> <span>16,100 ft - 17,050 ft</span></div>
<div><span><b>Speed:</b></span> <span>315 kt - 322 kt</span></div>
<div><span><b>Timestamp:</b></span><br/><span>2024-11-07 02:38:08 UTC<br/>2024-11-07 02:38:42 UTC</span></div>
</div>]]></description>
		<Style>
			<LineStyle>
				<color>ff00a8ff</color>
				<width>2</width>
			</LineStyle>
		</Style>
		<MultiGeometry>
			<LineString>
				<tessellate>1</tessellate>
				<altitudeMode>absolute</altitudeMode>
				<coordinates>
					126.132866,37.487961,4907.279999999999 126.070686,37.477112,5196.839999999999 
				</coordinates>
			</LineString>
		</MultiGeometry>
	</Placemark>
	<Placemark>
		<name>P-138</name>
		<visibility>0</visibility>
		<description><![CDATA[<div><div><span><b>Altitude:</b></span> <span>17,050 ft - 18,025 ft</span></div>
<div><span><b>Speed:</b></span> <span>322 kt - 324 kt</span></div>
<div><span><b>Timestamp:</b></span><br/><span>2024-11-07 02:38:42 UTC<br/>2024-11-07 02:39:12 UTC</span></div>
</div>]]></description>
		<Style>
			<LineStyle>
				<color>ff0096ff</color>
				<width>2</width>
			</LineStyle>
		</Style>
		<MultiGeometry>
			<LineString>
				<tessellate>1</tessellate>
				<altitudeMode>absolute</altitudeMode>
				<coordinates>
					126.070686,37.477112,5196.839999999999 126.015114,37.467316,5494.02 
				</coordinates>
			</LineString>
		</MultiGeometry>
	</Placemark>
	<Placemark>
		<name>P-139</name>
		<visibility>0</visibility>
		<description><![CDATA[<div><div><span><b>Altitude:</b></span> <span>18,025 ft - 18,900 ft</span></div>
<div><span><b>Speed:</b></span> <span>324 kt - 332 kt</span></div>
<div><span><b>Timestamp:</b></span><br/><span>2024-11-07 02:39:12 UTC<br/>2024-11-07 02:39:46 UTC</span></div>
</div>]]></description>
		<Style>
			<LineStyle>
				<color>ff0096ff</color>
				<width>2</width>
			</LineStyle>
		</Style>
		<MultiGeometry>
			<LineString>
				<tessellate>1</tessellate>
				<altitudeMode>absolute</altitudeMode>
				<coordinates>
					126.015114,37.467316,5494.02 125.952698,37.456467,5760.719999999999 
				</coordinates>
			</LineString>
		</MultiGeometry>
	</Placemark>
	<Placemark>
		<name>P-140</name>
		<visibility>0</visibility>
		<description><![CDATA[<div><div><span><b>Altitude:</b></span> <span>18,900 ft - 19,925 ft</span></div>
<div><span><b>Speed:</b></span> <span>332 kt - 333 kt</span></div>
<div><span><b>Timestamp:</b></span><br/><span>2024-11-07 02:39:46 UTC<br/>2024-11-07 02:40:19 UTC</span></div>
</div>]]></description>
		<Style>
			<LineStyle>
				<color>ff0078ff</color>
				<width>2</width>
			</LineStyle>
		</Style>
		<MultiGeometry>
			<LineString>
				<tessellate>1</tessellate>
				<altitudeMode>absolute</altitudeMode>
				<coordinates>
					125.952698,37.456467,5760.719999999999 125.889824,37.44548,6073.14 
				</coordinates>
			</LineString>
		</MultiGeometry>
	</Placemark>
	<Placemark>
		<name>P-141</name>
		<visibility>0</visibility>
		<description><![CDATA[<div><div><span><b>Altitude:</b></span> <span>19,925 ft - 20,775 ft</span></div>
<div><span><b>Speed:</b></span> <span>333 kt - 337 kt</span></div>
<div><span><b>Timestamp:</b></span><br/><span>2024-11-07 02:40:19 UTC<br/>2024-11-07 02:40:49 UTC</span></div>
</div>]]></description>
		<Style>
			<LineStyle>
				<color>ff0054ff</color>
				<width>2</width>
			</LineStyle>
		</Style>
		<MultiGeometry>
			<LineString>
				<tessellate>1</tessellate>
				<altitudeMode>absolute</altitudeMode>
				<coordinates>
					125.889824,37.44548,6073.14 125.831268,37.435226,6332.219999999998 
				</coordinates>
			</LineString>
		</MultiGeometry>
	</Placemark>
	<Placemark>
		<name>P-142</name>
		<visibility>0</visibility>
		<description><![CDATA[<div><div><span><b>Altitude:</b></span> <span>20,775 ft - 21,675 ft</span></div>
<div><span><b>Speed:</b></span> <span>337 kt - 342 kt</span></div>
<div><span><b>Timestamp:</b></span><br/><span>2024-11-07 02:40:49 UTC<br/>2024-11-07 02:41:23 UTC</span></div>
</div>]]></description>
		<Style>
			<LineStyle>
				<color>ff0054ff</color>
				<width>2</width>
			</LineStyle>
		</Style>
		<MultiGeometry>
			<LineString>
				<tessellate>1</tessellate>
				<altitudeMode>absolute</altitudeMode>
				<coordinates>
					125.831268,37.435226,6332.219999999998 125.768974,37.42424,6606.539999999998 
				</coordinates>
			</LineString>
		</MultiGeometry>
	</Placemark>
	<Placemark>
		<name>P-143</name>
		<visibility>0</visibility>
		<description><![CDATA[<div><div><span><b>Altitude:</b></span> <span>21,675 ft - 24,375 ft</span></div>
<div><span><b>Speed:</b></span> <span>342 kt - 352 kt</span></div>
<div><span><b>Timestamp:</b></span><br/><span>2024-11-07 02:41:23 UTC<br/>2024-11-07 02:43:11 UTC</span></div>
</div>]]></description>
		<Style>
			<LineStyle>
				<color>ff0030ff</color>
				<width>2</width>
			</LineStyle>
		</Style>
		<MultiGeometry>
			<LineString>
				<tessellate>1</tessellate>
				<altitudeMode>absolute</altitudeMode>
				<coordinates>
					125.768974,37.42424,6606.539999999998 125.551163,37.402302,7429.5 
				</coordinates>
			</LineString>
		</MultiGeometry>
	</Placemark>
	<Placemark>
		<name>P-144</name>
		<visibility>0</visibility>
		<description><![CDATA[<div><div><span><b>Altitude:</b></span> <span>24,375 ft - 24,525 ft</span></div>
<div><span><b>Speed:</b></span> <span>352 kt</span></div>
<div><span><b>Timestamp:</b></span><br/><span>2024-11-07 02:43:11 UTC<br/>2024-11-07 02:43:18 UTC</span></div>
</div>]]></description>
		<Style>
			<LineStyle>
				<color>ff001eff</color>
				<width>2</width>
			</LineStyle>
		</Style>
		<MultiGeometry>
			<LineString>
				<tessellate>1</tessellate>
				<altitudeMode>absolute</altitudeMode>
				<coordinates>
					125.551163,37.402302,7429.5 125.539276,37.402115,7475.219999999998 
				</coordinates>
			</LineString>
		</MultiGeometry>
	</Placemark>
	<Placemark>
		<name>P-145</name>
		<visibility>0</visibility>
		<description><![CDATA[<div><div><span><b>Altitude:</b></span> <span>24,525 ft - 27,825 ft</span></div>
<div><span><b>Speed:</b></span> <span>352 kt - 364 kt</span></div>
<div><span><b>Timestamp:</b></span><br/><span>2024-11-07 02:43:18 UTC<br/>2024-11-07 02:45:43 UTC</span></div>
</div>]]></description>
		<Style>
			<LineStyle>
				<color>ff001eff</color>
				<width>2</width>
			</LineStyle>
		</Style>
		<MultiGeometry>
			<LineString>
				<tessellate>1</tessellate>
				<altitudeMode>absolute</altitudeMode>
				<coordinates>
					125.539276,37.402115,7475.219999999998 125.236794,37.397182,8481.059999999999 
				</coordinates>
			</LineString>
		</MultiGeometry>
	</Placemark>
	<Placemark>
		<name>P-146</name>
		<visibility>0</visibility>
		<description><![CDATA[<div><div><span><b>Altitude:</b></span> <span>27,825 ft - 28,825 ft</span></div>
<div><span><b>Speed:</b></span> <span>364 kt - 366 kt</span></div>
<div><span><b>Timestamp:</b></span><br/><span>2024-11-07 02:45:43 UTC<br/>2024-11-07 02:46:25 UTC</span></div>
</div>]]></description>
		<Style>
			<LineStyle>
				<color>ff0000ff</color>
				<width>2</width>
			</LineStyle>
		</Style>
		<MultiGeometry>
			<LineString>
				<tessellate>1</tessellate>
				<altitudeMode>absolute</altitudeMode>
				<coordinates>
					125.236794,37.397182,8481.059999999999 125.147354,37.395645,8785.860000000001 
				</coordinates>
			</LineString>
		</MultiGeometry>
	</Placemark>
	<Placemark>
		<name>P-147</name>
		<visibility>0</visibility>
		<description><![CDATA[<div><div><span><b>Altitude:</b></span> <span>28,825 ft - 29,600 ft</span></div>
<div><span><b>Speed:</b></span> <span>366 kt</span></div>
<div><span><b>Timestamp:</b></span><br/><span>2024-11-07 02:46:25 UTC<br/>2024-11-07 02:46:57 UTC</span></div>
</div>]]></description>
		<Style>
			<LineStyle>
				<color>ff2400ff</color>
				<width>2</width>
			</LineStyle>
		</Style>
		<MultiGeometry>
			<LineString>
				<tessellate>1</tessellate>
				<altitudeMode>absolute</altitudeMode>
				<coordinates>
					125.147354,37.395645,8785.860000000001 125.079521,37.394436,9022.08 
				</coordinates>
			</LineString>
		</MultiGeometry>
	</Placemark>
	<Placemark>
		<name>P-148</name>
		<visibility>0</visibility>
		<description><![CDATA[<div><div><span><b>Altitude:</b></span> <span>29,600 ft - 30,400 ft</span></div>
<div><span><b>Speed:</b></span> <span>366 kt - 365 kt</span></div>
<div><span><b>Timestamp:</b></span><br/><span>2024-11-07 02:46:57 UTC<br/>2024-11-07 02:47:28 UTC</span></div>
</div>]]></description>
		<Style>
			<LineStyle>
				<color>ff3600ff</color>
				<width>2</width>
			</LineStyle>
		</Style>
		<MultiGeometry>
			<LineString>
				<tessellate>1</tessellate>
				<altitudeMode>absolute</altitudeMode>
				<coordinates>
					125.079521,37.394436,9022.08 125.013542,37.393204,9265.919999999998 
				</coordinates>
			</LineString>
		</MultiGeometry>
	</Placemark>
	<Placemark>
		<name>P-149</name>
		<visibility>0</visibility>
		<description><![CDATA[<div><div><span><b>Altitude:</b></span> <span>30,400 ft - 31,275 ft</span></div>
<div><span><b>Speed:</b></span> <span>365 kt - 361 kt</span></div>
<div><span><b>Timestamp:</b></span><br/><span>2024-11-07 02:47:28 UTC<br/>2024-11-07 02:48:01 UTC</span></div>
</div>]]></description>
		<Style>
			<LineStyle>
				<color>ff3600ff</color>
				<width>2</width>
			</LineStyle>
		</Style>
		<MultiGeometry>
			<LineString>
				<tessellate>1</tessellate>
				<altitudeMode>absolute</altitudeMode>
				<coordinates>
					125.013542,37.393204,9265.919999999998 124.943985,37.391922,9532.620000000001 
				</coordinates>
			</LineString>
		</MultiGeometry>
	</Placemark>
	<Placemark>
		<name>P-150</name>
		<visibility>0</visibility>
		<description><![CDATA[<div><div><span><b>Altitude:</b></span> <span>31,275 ft - 32,150 ft</span></div>
<div><span><b>Speed:</b></span> <span>361 kt - 356 kt</span></div>
<div><span><b>Timestamp:</b></span><br/><span>2024-11-07 02:48:01 UTC<br/>2024-11-07 02:48:34 UTC</span></div>
</div>]]></description>
		<Style>
			<LineStyle>
				<color>ff4e00ff</color>
				<width>2</width>
			</LineStyle>
		</Style>
		<MultiGeometry>
			<LineString>
				<tessellate>1</tessellate>
				<altitudeMode>absolute</altitudeMode>
				<coordinates>
					124.943985,37.391922,9532.620000000001 124.875221,37.390594,9799.32 
				</coordinates>
			</LineString>
		</MultiGeometry>
	</Placemark>
	<Placemark>
		<name>P-151</name>
		<visibility>0</visibility>
		<description><![CDATA[<div><div><span><b>Altitude:</b></span> <span>32,150 ft - 32,775 ft</span></div>
<div><span><b>Speed:</b></span> <span>356 kt - 357 kt</span></div>
<div><span><b>Timestamp:</b></span><br/><span>2024-11-07 02:48:34 UTC<br/>2024-11-07 02:49:08 UTC</span></div>
</div>]]></description>
		<Style>
			<LineStyle>
				<color>ff4e00ff</color>
				<width>2</width>
			</LineStyle>
		</Style>
		<MultiGeometry>
			<LineString>
				<tessellate>1</tessellate>
				<altitudeMode>absolute</altitudeMode>
				<coordinates>
					124.875221,37.390594,9799.32 124.805801,37.389221,9989.82 
				</coordinates>
			</LineString>
		</MultiGeometry>
	</Placemark>
	<Placemark>
		<name>P-152</name>
		<visibility>0</visibility>
		<description><![CDATA[<div><div><span><b>Altitude:</b></span> <span>32,775 ft - 33,175 ft</span></div>
<div><span><b>Speed:</b></span> <span>357 kt - 360 kt</span></div>
<div><span><b>Timestamp:</b></span><br/><span>2024-11-07 02:49:08 UTC<br/>2024-11-07 02:49:38 UTC</span></div>
</div>]]></description>
		<Style>
			<LineStyle>
				<color>ff4e00ff</color>
				<width>2</width>
			</LineStyle>
		</Style>
		<MultiGeometry>
			<LineString>
				<tessellate>1</tessellate>
				<altitudeMode>absolute</altitudeMode>
				<coordinates>
					124.805801,37.389221,9989.82 124.7491,37.388012,10111.74 
				</coordinates>
			</LineString>
		</MultiGeometry>
	</Placemark>
	<Placemark>
		<name>P-153</name>
		<visibility>0</visibility>
		<description><![CDATA[<div><div><span><b>Altitude:</b></span> <span>33,175 ft - 33,675 ft</span></div>
<div><span><b>Speed:</b></span> <span>360 kt - 362 kt</span></div>
<div><span><b>Timestamp:</b></span><br/><span>2024-11-07 02:49:38 UTC<br/>2024-11-07 02:50:08 UTC</span></div>
</div>]]></description>
		<Style>
			<LineStyle>
				<color>ff6000ff</color>
				<width>2</width>
			</LineStyle>
		</Style>
		<MultiGeometry>
			<LineString>
				<tessellate>1</tessellate>
				<altitudeMode>absolute</altitudeMode>
				<coordinates>
					124.7491,37.388012,10111.74 124.682045,37.386616,10264.14 
				</coordinates>
			</LineString>
		</MultiGeometry>
	</Placemark>
	<Placemark>
		<name>P-154</name>
		<visibility>0</visibility>
		<description><![CDATA[<div><div><span><b>Altitude:</b></span> <span>33,675 ft - 34,200 ft</span></div>
<div><span><b>Speed:</b></span> <span>362 kt - 364 kt</span></div>
<div><span><b>Timestamp:</b></span><br/><span>2024-11-07 02:50:08 UTC<br/>2024-11-07 02:50:42 UTC</span></div>
</div>]]></description>
		<Style>
			<LineStyle>
				<color>ff6000ff</color>
				<width>2</width>
			</LineStyle>
		</Style>
		<MultiGeometry>
			<LineString>
				<tessellate>1</tessellate>
				<altitudeMode>absolute</altitudeMode>
				<coordinates>
					124.682045,37.386616,10264.14 124.608429,37.385033,10424.16 
				</coordinates>
			</LineString>
		</MultiGeometry>
	</Placemark>
	<Placemark>
		<name>P-155</name>
		<visibility>0</visibility>
		<description><![CDATA[<div><div><span><b>Altitude:</b></span> <span>34,200 ft - 34,725 ft</span></div>
<div><span><b>Speed:</b></span> <span>364 kt</span></div>
<div><span><b>Timestamp:</b></span><br/><span>2024-11-07 02:50:42 UTC<br/>2024-11-07 02:51:15 UTC</span></div>
</div>]]></description>
		<Style>
			<LineStyle>
				<color>ff6000ff</color>
				<width>2</width>
			</LineStyle>
		</Style>
		<MultiGeometry>
			<LineString>
				<tessellate>1</tessellate>
				<altitudeMode>absolute</altitudeMode>
				<coordinates>
					124.608429,37.385033,10424.16 124.539284,37.38345,10584.18 
				</coordinates>
			</LineString>
		</MultiGeometry>
	</Placemark>
	<Placemark>
		<name>P-156</name>
		<visibility>0</visibility>
		<description><![CDATA[<div><div><span><b>Altitude:</b></span> <span>34,725 ft - 35,275 ft</span></div>
<div><span><b>Speed:</b></span> <span>364 kt - 363 kt</span></div>
<div><span><b>Timestamp:</b></span><br/><span>2024-11-07 02:51:15 UTC<br/>2024-11-07 02:51:47 UTC</span></div>
</div>]]></description>
		<Style>
			<LineStyle>
				<color>ff7800ff</color>
				<width>2</width>
			</LineStyle>
		</Style>
		<MultiGeometry>
			<LineString>
				<tessellate>1</tessellate>
				<altitudeMode>absolute</altitudeMode>
				<coordinates>
					124.539284,37.38345,10584.18 124.473694,37.377319,10751.82 
				</coordinates>
			</LineString>
		</MultiGeometry>
	</Placemark>
	<Placemark>
		<name>P-157</name>
		<visibility>0</visibility>
		<description><![CDATA[<div><div><span><b>Altitude:</b></span> <span>35,275 ft - 35,525 ft</span></div>
<div><span><b>Speed:</b></span> <span>363 kt - 372 kt</span></div>
<div><span><b>Timestamp:</b></span><br/><span>2024-11-07 02:51:47 UTC<br/>2024-11-07 02:52:20 UTC</span></div>
</div>]]></description>
		<Style>
			<LineStyle>
				<color>ff7800ff</color>
				<width>2</width>
			</LineStyle>
		</Style>
		<MultiGeometry>
			<LineString>
				<tessellate>1</tessellate>
				<altitudeMode>absolute</altitudeMode>
				<coordinates>
					124.473694,37.377319,10751.82 124.405594,37.36264,10828.02 
				</coordinates>
			</LineString>
		</MultiGeometry>
	</Placemark>
	<Placemark>
		<name>P-158</name>
		<visibility>0</visibility>
		<description><![CDATA[<div><div><span><b>Altitude:</b></span> <span>35,525 ft - 35,975 ft</span></div>
<div><span><b>Speed:</b></span> <span>372 kt - 376 kt</span></div>
<div><span><b>Timestamp:</b></span><br/><span>2024-11-07 02:52:20 UTC<br/>2024-11-07 02:52:50 UTC</span></div>
</div>]]></description>
		<Style>
			<LineStyle>
				<color>ff7800ff</color>
				<width>2</width>
			</LineStyle>
		</Style>
		<MultiGeometry>
			<LineString>
				<tessellate>1</tessellate>
				<altitudeMode>absolute</altitudeMode>
				<coordinates>
					124.405594,37.36264,10828.02 124.343979,37.34174,10965.18 
				</coordinates>
			</LineString>
		</MultiGeometry>
	</Placemark>
	<Placemark>
		<name>P-159</name>
		<visibility>0</visibility>
		<description><![CDATA[<div><div><span><b>Altitude:</b></span> <span>35,975 ft - 36,100 ft</span></div>
<div><span><b>Speed:</b></span> <span>376 kt - 387 kt</span></div>
<div><span><b>Timestamp:</b></span><br/><span>2024-11-07 02:52:50 UTC<br/>2024-11-07 02:53:23 UTC</span></div>
</div>]]></description>
		<Style>
			<LineStyle>
				<color>ff7800ff</color>
				<width>2</width>
			</LineStyle>
		</Style>
		<MultiGeometry>
			<LineString>
				<tessellate>1</tessellate>
				<altitudeMode>absolute</altitudeMode>
				<coordinates>
					124.343979,37.34174,10965.18 124.282074,37.312408,11003.28 
				</coordinates>
			</LineString>
		</MultiGeometry>
	</Placemark>
	<Placemark>
		<name>P-160</name>
		<visibility>0</visibility>
		<description><![CDATA[<div><div><span><b>Altitude:</b></span> <span>36,100 ft</span></div>
<div><span><b>Speed:</b></span> <span>387 kt - 395 kt</span></div>
<div><span><b>Timestamp:</b></span><br/><span>2024-11-07 02:53:23 UTC<br/>2024-11-07 02:53:56 UTC</span></div>
</div>]]></description>
		<Style>
			<LineStyle>
				<color>ff9600ff</color>
				<width>2</width>
			</LineStyle>
		</Style>
		<MultiGeometry>
			<LineString>
				<tessellate>1</tessellate>
				<altitudeMode>absolute</altitudeMode>
				<coordinates>
					124.282074,37.312408,11003.28 124.218826,37.280663,11003.28 
				</coordinates>
			</LineString>
		</MultiGeometry>
	</Placemark>
	<Placemark>
		<name>P-161</name>
		<visibility>0</visibility>
		<description><![CDATA[<div><div><span><b>Altitude:</b></span> <span>36,100 ft</span></div>
<div><span><b>Speed:</b></span> <span>395 kt - 398 kt</span></div>
<div><span><b>Timestamp:</b></span><br/><span>2024-11-07 02:53:56 UTC<br/>2024-11-07 02:54:30 UTC</span></div>
</div>]]></description>
		<Style>
			<LineStyle>
				<color>ff9600ff</color>
				<width>2</width>
			</LineStyle>
		</Style>
		<MultiGeometry>
			<LineString>
				<tessellate>1</tessellate>
				<altitudeMode>absolute</altitudeMode>
				<coordinates>
					124.218826,37.280663,11003.28 124.151237,37.246902,11003.28 
				</coordinates>
			</LineString>
		</MultiGeometry>
	</Placemark>
	<Placemark>
		<name>P-162</name>
		<visibility>0</visibility>
		<description><![CDATA[<div><div><span><b>Altitude:</b></span> <span>36,100 ft</span></div>
<div><span><b>Speed:</b></span> <span>398 kt</span></div>
<div><span><b>Timestamp:</b></span><br/><span>2024-11-07 02:54:30 UTC<br/>2024-11-07 02:55:04 UTC</span></div>
</div>]]></description>
		<Style>
			<LineStyle>
				<color>ff9600ff</color>
				<width>2</width>
			</LineStyle>
		</Style>
		<MultiGeometry>
			<LineString>
				<tessellate>1</tessellate>
				<altitudeMode>absolute</altitudeMode>
				<coordinates>
					124.151237,37.246902,11003.28 124.08741,37.21386,11003.28 
				</coordinates>
			</LineString>
		</MultiGeometry>
	</Placemark>
	<Placemark>
		<name>P-163</name>
		<visibility>0</visibility>
		<description><![CDATA[<div><div><span><b>Altitude:</b></span> <span>36,100 ft</span></div>
<div><span><b>Speed:</b></span> <span>398 kt</span></div>
<div><span><b>Timestamp:</b></span><br/><span>2024-11-07 02:55:04 UTC<br/>2024-11-07 02:55:36 UTC</span></div>
</div>]]></description>
		<Style>
			<LineStyle>
				<color>ff9600ff</color>
				<width>2</width>
			</LineStyle>
		</Style>
		<MultiGeometry>
			<LineString>
				<tessellate>1</tessellate>
				<altitudeMode>absolute</altitudeMode>
				<coordinates>
					124.08741,37.21386,11003.28 124.025185,37.180023,11003.28 
				</coordinates>
			</LineString>
		</MultiGeometry>
	</Placemark>
	<Placemark>
		<name>P-164</name>
		<visibility>0</visibility>
		<description><![CDATA[<div><div><span><b>Altitude:</b></span> <span>36,100 ft</span></div>
<div><span><b>Speed:</b></span> <span>398 kt - 396 kt</span></div>
<div><span><b>Timestamp:</b></span><br/><span>2024-11-07 02:55:36 UTC<br/>2024-11-07 02:56:07 UTC</span></div>
</div>]]></description>
		<Style>
			<LineStyle>
				<color>ff9600ff</color>
				<width>2</width>
			</LineStyle>
		</Style>
		<MultiGeometry>
			<LineString>
				<tessellate>1</tessellate>
				<altitudeMode>absolute</altitudeMode>
				<coordinates>
					124.025185,37.180023,11003.28 123.965187,37.148129,11003.28 
				</coordinates>
			</LineString>
		</MultiGeometry>
	</Placemark>
	<Placemark>
		<name>P-165</name>
		<visibility>0</visibility>
		<description><![CDATA[<div><div><span><b>Altitude:</b></span> <span>36,100 ft</span></div>
<div><span><b>Speed:</b></span> <span>396 kt - 394 kt</span></div>
<div><span><b>Timestamp:</b></span><br/><span>2024-11-07 02:56:07 UTC<br/>2024-11-07 02:56:38 UTC</span></div>
</div>]]></description>
		<Style>
			<LineStyle>
				<color>ff9600ff</color>
				<width>2</width>
			</LineStyle>
		</Style>
		<MultiGeometry>
			<LineString>
				<tessellate>1</tessellate>
				<altitudeMode>absolute</altitudeMode>
				<coordinates>
					123.965187,37.148129,11003.28 123.905853,37.117996,11003.28 
				</coordinates>
			</LineString>
		</MultiGeometry>
	</Placemark>
	<Placemark>
		<name>P-166</name>
		<visibility>0</visibility>
		<description><![CDATA[<div><div><span><b>Altitude:</b></span> <span>36,100 ft</span></div>
<div><span><b>Speed:</b></span> <span>394 kt - 392 kt</span></div>
<div><span><b>Timestamp:</b></span><br/><span>2024-11-07 02:56:38 UTC<br/>2024-11-07 02:57:11 UTC</span></div>
</div>]]></description>
		<Style>
			<LineStyle>
				<color>ff9600ff</color>
				<width>2</width>
			</LineStyle>
		</Style>
		<MultiGeometry>
			<LineString>
				<tessellate>1</tessellate>
				<altitudeMode>absolute</altitudeMode>
				<coordinates>
					123.905853,37.117996,11003.28 123.843323,37.085907,11003.28 
				</coordinates>
			</LineString>
		</MultiGeometry>
	</Placemark>
	<Placemark>
		<name>P-167</name>
		<visibility>0</visibility>
		<description><![CDATA[<div><div><span><b>Altitude:</b></span> <span>36,100 ft - 36,075 ft</span></div>
<div><span><b>Speed:</b></span> <span>392 kt - 391 kt</span></div>
<div><span><b>Timestamp:</b></span><br/><span>2024-11-07 02:57:11 UTC<br/>2024-11-07 02:57:48 UTC</span></div>
</div>]]></description>
		<Style>
			<LineStyle>
				<color>ff9600ff</color>
				<width>2</width>
			</LineStyle>
		</Style>
		<MultiGeometry>
			<LineString>
				<tessellate>1</tessellate>
				<altitudeMode>absolute</altitudeMode>
				<coordinates>
					123.843323,37.085907,11003.28 123.773224,37.04995,10995.66 
				</coordinates>
			</LineString>
		</MultiGeometry>
	</Placemark>
	<Placemark>
		<name>P-168</name>
		<visibility>0</visibility>
		<description><![CDATA[<div><div><span><b>Altitude:</b></span> <span>36,075 ft</span></div>
<div><span><b>Speed:</b></span> <span>391 kt</span></div>
<div><span><b>Timestamp:</b></span><br/><span>2024-11-07 02:57:48 UTC<br/>2024-11-07 02:58:18 UTC</span></div>
</div>]]></description>
		<Style>
			<LineStyle>
				<color>ff7800ff</color>
				<width>2</width>
			</LineStyle>
		</Style>
		<MultiGeometry>
			<LineString>
				<tessellate>1</tessellate>
				<altitudeMode>absolute</altitudeMode>
				<coordinates>
					123.773224,37.04995,10995.66 123.715607,37.020157,10995.66 
				</coordinates>
			</LineString>
		</MultiGeometry>
	</Placemark>
	<Placemark>
		<name>P-169</name>
		<visibility>0</visibility>
		<description><![CDATA[<div><div><span><b>Altitude:</b></span> <span>36,075 ft</span></div>
<div><span><b>Speed:</b></span> <span>391 kt</span></div>
<div><span><b>Timestamp:</b></span><br/><span>2024-11-07 02:58:18 UTC<br/>2024-11-07 02:59:01 UTC</span></div>
</div>]]></description>
		<Style>
			<LineStyle>
				<color>ff7800ff</color>
				<width>2</width>
			</LineStyle>
		</Style>
		<MultiGeometry>
			<LineString>
				<tessellate>1</tessellate>
				<altitudeMode>absolute</altitudeMode>
				<coordinates>
					123.715607,37.020157,10995.66 123.635284,36.978287,10995.66 
				</coordinates>
			</LineString>
		</MultiGeometry>
	</Placemark>
	<Placemark>
		<name>P-170</name>
		<visibility>0</visibility>
		<description><![CDATA[<div><div><span><b>Altitude:</b></span> <span>36,075 ft - 36,100 ft</span></div>
<div><span><b>Speed:</b></span> <span>391 kt - 390 kt</span></div>
<div><span><b>Timestamp:</b></span><br/><span>2024-11-07 02:59:01 UTC<br/>2024-11-07 02:59:30 UTC</span></div>
</div>]]></description>
		<Style>
			<LineStyle>
				<color>ff7800ff</color>
				<width>2</width>
			</LineStyle>
		</Style>
		<MultiGeometry>
			<LineString>
				<tessellate>1</tessellate>
				<altitudeMode>absolute</altitudeMode>
				<coordinates>
					123.635284,36.978287,10995.66 123.578835,36.948669,11003.28 
				</coordinates>
			</LineString>
		</MultiGeometry>
	</Placemark>
	<Placemark>
		<name>P-171</name>
		<visibility>0</visibility>
		<description><![CDATA[<div><div><span><b>Altitude:</b></span> <span>36,100 ft</span></div>
<div><span><b>Speed:</b></span> <span>390 kt - 388 kt</span></div>
<div><span><b>Timestamp:</b></span><br/><span>2024-11-07 02:59:30 UTC<br/>2024-11-07 03:00:07 UTC</span></div>
</div>]]></description>
		<Style>
			<LineStyle>
				<color>ff9600ff</color>
				<width>2</width>
			</LineStyle>
		</Style>
		<MultiGeometry>
			<LineString>
				<tessellate>1</tessellate>
				<altitudeMode>absolute</altitudeMode>
				<coordinates>
					123.578835,36.948669,11003.28 123.50872,36.915367,11003.28 
				</coordinates>
			</LineString>
		</MultiGeometry>
	</Placemark>
	<Placemark>
		<name>P-172</name>
		<visibility>0</visibility>
		<description><![CDATA[<div><div><span><b>Altitude:</b></span> <span>36,100 ft - 36,125 ft</span></div>
<div><span><b>Speed:</b></span> <span>388 kt - 384 kt</span></div>
<div><span><b>Timestamp:</b></span><br/><span>2024-11-07 03:00:07 UTC<br/>2024-11-07 03:00:43 UTC</span></div>
</div>]]></description>
		<Style>
			<LineStyle>
				<color>ff9600ff</color>
				<width>2</width>
			</LineStyle>
		</Style>
		<MultiGeometry>
			<LineString>
				<tessellate>1</tessellate>
				<altitudeMode>absolute</altitudeMode>
				<coordinates>
					123.50872,36.915367,11003.28 123.435394,36.891533,11010.9 
				</coordinates>
			</LineString>
		</MultiGeometry>
	</Placemark>
	<Placemark>
		<name>P-173</name>
		<visibility>0</visibility>
		<description><![CDATA[<div><div><span><b>Altitude:</b></span> <span>36,125 ft</span></div>
<div><span><b>Speed:</b></span> <span>384 kt - 381 kt</span></div>
<div><span><b>Timestamp:</b></span><br/><span>2024-11-07 03:00:43 UTC<br/>2024-11-07 03:01:16 UTC</span></div>
</div>]]></description>
		<Style>
			<LineStyle>
				<color>ff9600ff</color>
				<width>2</width>
			</LineStyle>
		</Style>
		<MultiGeometry>
			<LineString>
				<tessellate>1</tessellate>
				<altitudeMode>absolute</altitudeMode>
				<coordinates>
					123.435394,36.891533,11010.9 123.363495,36.877258,11010.9 
				</coordinates>
			</LineString>
		</MultiGeometry>
	</Placemark>
	<Placemark>
		<name>P-174</name>
		<visibility>0</visibility>
		<description><![CDATA[<div><div><span><b>Altitude:</b></span> <span>36,125 ft</span></div>
<div><span><b>Speed:</b></span> <span>381 kt - 378 kt</span></div>
<div><span><b>Timestamp:</b></span><br/><span>2024-11-07 03:01:16 UTC<br/>2024-11-07 03:01:47 UTC</span></div>
</div>]]></description>
		<Style>
			<LineStyle>
				<color>ff9600ff</color>
				<width>2</width>
			</LineStyle>
		</Style>
		<MultiGeometry>
			<LineString>
				<tessellate>1</tessellate>
				<altitudeMode>absolute</altitudeMode>
				<coordinates>
					123.363495,36.877258,11010.9 123.296051,36.87117,11010.9 
				</coordinates>
			</LineString>
		</MultiGeometry>
	</Placemark>
	<Placemark>
		<name>P-175</name>
		<visibility>0</visibility>
		<description><![CDATA[<div><div><span><b>Altitude:</b></span> <span>36,125 ft</span></div>
<div><span><b>Speed:</b></span> <span>378 kt</span></div>
<div><span><b>Timestamp:</b></span><br/><span>2024-11-07 03:01:47 UTC<br/>2024-11-07 03:02:18 UTC</span></div>
</div>]]></description>
		<Style>
			<LineStyle>
				<color>ff9600ff</color>
				<width>2</width>
			</LineStyle>
		</Style>
		<MultiGeometry>
			<LineString>
				<tessellate>1</tessellate>
				<altitudeMode>absolute</altitudeMode>
				<coordinates>
					123.296051,36.87117,11010.9 123.22863,36.871979,11010.9 
				</coordinates>
			</LineString>
		</MultiGeometry>
	</Placemark>
	<Placemark>
		<name>P-176</name>
		<visibility>0</visibility>
		<description><![CDATA[<div><div><span><b>Altitude:</b></span> <span>36,125 ft - 36,100 ft</span></div>
<div><span><b>Speed:</b></span> <span>378 kt</span></div>
<div><span><b>Timestamp:</b></span><br/><span>2024-11-07 03:02:18 UTC<br/>2024-11-07 03:02:55 UTC</span></div>
</div>]]></description>
		<Style>
			<LineStyle>
				<color>ff9600ff</color>
				<width>2</width>
			</LineStyle>
		</Style>
		<MultiGeometry>
			<LineString>
				<tessellate>1</tessellate>
				<altitudeMode>absolute</altitudeMode>
				<coordinates>
					123.22863,36.871979,11010.9 123.150658,36.881744,11003.28 
				</coordinates>
			</LineString>
		</MultiGeometry>
	</Placemark>
	<Placemark>
		<name>P-177</name>
		<visibility>0</visibility>
		<description><![CDATA[<div><div><span><b>Altitude:</b></span> <span>36,100 ft - 36,075 ft</span></div>
<div><span><b>Speed:</b></span> <span>378 kt - 380 kt</span></div>
<div><span><b>Timestamp:</b></span><br/><span>2024-11-07 03:02:55 UTC<br/>2024-11-07 03:03:25 UTC</span></div>
</div>]]></description>
		<Style>
			<LineStyle>
				<color>ff9600ff</color>
				<width>2</width>
			</LineStyle>
		</Style>
		<MultiGeometry>
			<LineString>
				<tessellate>1</tessellate>
				<altitudeMode>absolute</altitudeMode>
				<coordinates>
					123.150658,36.881744,11003.28 123.0867,36.896561,10995.66 
				</coordinates>
			</LineString>
		</MultiGeometry>
	</Placemark>
	<Placemark>
		<name>P-178</name>
		<visibility>0</visibility>
		<description><![CDATA[<div><div><span><b>Altitude:</b></span> <span>36,075 ft - 36,500 ft</span></div>
<div><span><b>Speed:</b></span> <span>380 kt</span></div>
<div><span><b>Timestamp:</b></span><br/><span>2024-11-07 03:03:25 UTC<br/>2024-11-07 03:04:11 UTC</span></div>
</div>]]></description>
		<Style>
			<LineStyle>
				<color>ff7800ff</color>
				<width>2</width>
			</LineStyle>
		</Style>
		<MultiGeometry>
			<LineString>
				<tessellate>1</tessellate>
				<altitudeMode>absolute</altitudeMode>
				<coordinates>
					123.0867,36.896561,10995.66 122.989082,36.919876,11125.2 
				</coordinates>
			</LineString>
		</MultiGeometry>
	</Placemark>
	<Placemark>
		<name>P-179</name>
		<visibility>0</visibility>
		<description><![CDATA[<div><div><span><b>Altitude:</b></span> <span>36,500 ft - 36,850 ft</span></div>
<div><span><b>Speed:</b></span> <span>380 kt - 381 kt</span></div>
<div><span><b>Timestamp:</b></span><br/><span>2024-11-07 03:04:11 UTC<br/>2024-11-07 03:04:43 UTC</span></div>
</div>]]></description>
		<Style>
			<LineStyle>
				<color>ff9600ff</color>
				<width>2</width>
			</LineStyle>
		</Style>
		<MultiGeometry>
			<LineString>
				<tessellate>1</tessellate>
				<altitudeMode>absolute</altitudeMode>
				<coordinates>
					122.989082,36.919876,11125.2 122.922516,36.935715,11231.88 
				</coordinates>
			</LineString>
		</MultiGeometry>
	</Placemark>
	<Placemark>
		<name>P-180</name>
		<visibility>0</visibility>
		<description><![CDATA[<div><div><span><b>Altitude:</b></span> <span>36,850 ft - 37,225 ft</span></div>
<div><span><b>Speed:</b></span> <span>381 kt - 379 kt</span></div>
<div><span><b>Timestamp:</b></span><br/><span>2024-11-07 03:04:43 UTC<br/>2024-11-07 03:05:14 UTC</span></div>
</div>]]></description>
		<Style>
			<LineStyle>
				<color>ff9600ff</color>
				<width>2</width>
			</LineStyle>
		</Style>
		<MultiGeometry>
			<LineString>
				<tessellate>1</tessellate>
				<altitudeMode>absolute</altitudeMode>
				<coordinates>
					122.922516,36.935715,11231.88 122.857956,36.950886,11346.18 
				</coordinates>
			</LineString>
		</MultiGeometry>
	</Placemark>
	<Placemark>
		<name>P-181</name>
		<visibility>0</visibility>
		<description><![CDATA[<div><div><span><b>Altitude:</b></span> <span>37,225 ft - 37,650 ft</span></div>
<div><span><b>Speed:</b></span> <span>379 kt - 378 kt</span></div>
<div><span><b>Timestamp:</b></span><br/><span>2024-11-07 03:05:14 UTC<br/>2024-11-07 03:05:51 UTC</span></div>
</div>]]></description>
		<Style>
			<LineStyle>
				<color>ff9600ff</color>
				<width>2</width>
			</LineStyle>
		</Style>
		<MultiGeometry>
			<LineString>
				<tessellate>1</tessellate>
				<altitudeMode>absolute</altitudeMode>
				<coordinates>
					122.857956,36.950886,11346.18 122.780579,36.969368,11475.72 
				</coordinates>
			</LineString>
		</MultiGeometry>
	</Placemark>
	<Placemark>
		<name>P-182</name>
		<visibility>0</visibility>
		<description><![CDATA[<div><div><span><b>Altitude:</b></span> <span>37,650 ft - 37,975 ft</span></div>
<div><span><b>Speed:</b></span> <span>378 kt - 375 kt</span></div>
<div><span><b>Timestamp:</b></span><br/><span>2024-11-07 03:05:51 UTC<br/>2024-11-07 03:06:21 UTC</span></div>
</div>]]></description>
		<Style>
			<LineStyle>
				<color>ff9600ff</color>
				<width>2</width>
			</LineStyle>
		</Style>
		<MultiGeometry>
			<LineString>
				<tessellate>1</tessellate>
				<altitudeMode>absolute</altitudeMode>
				<coordinates>
					122.780579,36.969368,11475.72 122.716446,36.984634,11574.78 
				</coordinates>
			</LineString>
		</MultiGeometry>
	</Placemark>
	<Placemark>
		<name>P-183</name>
		<visibility>0</visibility>
		<description><![CDATA[<div><div><span><b>Altitude:</b></span> <span>37,975 ft - 38,100 ft</span></div>
<div><span><b>Speed:</b></span> <span>375 kt - 379 kt</span></div>
<div><span><b>Timestamp:</b></span><br/><span>2024-11-07 03:06:21 UTC<br/>2024-11-07 03:06:58 UTC</span></div>
</div>]]></description>
		<Style>
			<LineStyle>
				<color>ffae00ff</color>
				<width>2</width>
			</LineStyle>
		</Style>
		<MultiGeometry>
			<LineString>
				<tessellate>1</tessellate>
				<altitudeMode>absolute</altitudeMode>
				<coordinates>
					122.716446,36.984634,11574.78 122.643715,37.00177,11612.88 
				</coordinates>
			</LineString>
		</MultiGeometry>
	</Placemark>
	<Placemark>
		<name>P-184</name>
		<visibility>0</visibility>
		<description><![CDATA[<div><div><span><b>Altitude:</b></span> <span>38,100 ft</span></div>
<div><span><b>Speed:</b></span> <span>379 kt - 386 kt</span></div>
<div><span><b>Timestamp:</b></span><br/><span>2024-11-07 03:06:58 UTC<br/>2024-11-07 03:07:32 UTC</span></div>
</div>]]></description>
		<Style>
			<LineStyle>
				<color>ffae00ff</color>
				<width>2</width>
			</LineStyle>
		</Style>
		<MultiGeometry>
			<LineString>
				<tessellate>1</tessellate>
				<altitudeMode>absolute</altitudeMode>
				<coordinates>
					122.643715,37.00177,11612.88 122.569031,37.019348,11612.88 
				</coordinates>
			</LineString>
		</MultiGeometry>
	</Placemark>
	<Placemark>
		<name>P-185</name>
		<visibility>0</visibility>
		<description><![CDATA[<div><div><span><b>Altitude:</b></span> <span>38,100 ft</span></div>
<div><span><b>Speed:</b></span> <span>386 kt - 389 kt</span></div>
<div><span><b>Timestamp:</b></span><br/><span>2024-11-07 03:07:32 UTC<br/>2024-11-07 03:08:05 UTC</span></div>
</div>]]></description>
		<Style>
			<LineStyle>
				<color>ffae00ff</color>
				<width>2</width>
			</LineStyle>
		</Style>
		<MultiGeometry>
			<LineString>
				<tessellate>1</tessellate>
				<altitudeMode>absolute</altitudeMode>
				<coordinates>
					122.569031,37.019348,11612.88 122.495827,37.036449,11612.88 
				</coordinates>
			</LineString>
		</MultiGeometry>
	</Placemark>
	<Placemark>
		<name>P-186</name>
		<visibility>0</visibility>
		<description><![CDATA[<div><div><span><b>Altitude:</b></span> <span>38,100 ft</span></div>
<div><span><b>Speed:</b></span> <span>389 kt - 392 kt</span></div>
<div><span><b>Timestamp:</b></span><br/><span>2024-11-07 03:08:05 UTC<br/>2024-11-07 03:08:39 UTC</span></div>
</div>]]></description>
		<Style>
			<LineStyle>
				<color>ffae00ff</color>
				<width>2</width>
			</LineStyle>
		</Style>
		<MultiGeometry>
			<LineString>
				<tessellate>1</tessellate>
				<altitudeMode>absolute</altitudeMode>
				<coordinates>
					122.495827,37.036449,11612.88 122.423515,37.053589,11612.88 
				</coordinates>
			</LineString>
		</MultiGeometry>
	</Placemark>
	<Placemark>
		<name>P-187</name>
		<visibility>0</visibility>
		<description><![CDATA[<div><div><span><b>Altitude:</b></span> <span>38,100 ft</span></div>
<div><span><b>Speed:</b></span> <span>392 kt - 396 kt</span></div>
<div><span><b>Timestamp:</b></span><br/><span>2024-11-07 03:08:39 UTC<br/>2024-11-07 03:09:12 UTC</span></div>
</div>]]></description>
		<Style>
			<LineStyle>
				<color>ffae00ff</color>
				<width>2</width>
			</LineStyle>
		</Style>
		<MultiGeometry>
			<LineString>
				<tessellate>1</tessellate>
				<altitudeMode>absolute</altitudeMode>
				<coordinates>
					122.423515,37.053589,11612.88 122.353844,37.075367,11612.88 
				</coordinates>
			</LineString>
		</MultiGeometry>
	</Placemark>
	<Placemark>
		<name>P-188</name>
		<visibility>0</visibility>
		<description><![CDATA[<div><div><span><b>Altitude:</b></span> <span>38,100 ft</span></div>
<div><span><b>Speed:</b></span> <span>396 kt - 398 kt</span></div>
<div><span><b>Timestamp:</b></span><br/><span>2024-11-07 03:09:12 UTC<br/>2024-11-07 03:09:15 UTC</span></div>
</div>]]></description>
		<Style>
			<LineStyle>
				<color>ffae00ff</color>
				<width>2</width>
			</LineStyle>
		</Style>
		<MultiGeometry>
			<LineString>
				<tessellate>1</tessellate>
				<altitudeMode>absolute</altitudeMode>
				<coordinates>
					122.353844,37.075367,11612.88 122.348892,37.077667,11612.88 
				</coordinates>
			</LineString>
		</MultiGeometry>
	</Placemark>
	<Placemark>
		<name>P-189</name>
		<visibility>0</visibility>
		<description><![CDATA[<div><div><span><b>Altitude:</b></span> <span>38,100 ft</span></div>
<div><span><b>Speed:</b></span> <span>398 kt - 407 kt</span></div>
<div><span><b>Timestamp:</b></span><br/><span>2024-11-07 03:09:15 UTC<br/>2024-11-07 03:09:43 UTC</span></div>
</div>]]></description>
		<Style>
			<LineStyle>
				<color>ffae00ff</color>
				<width>2</width>
			</LineStyle>
		</Style>
		<MultiGeometry>
			<LineString>
				<tessellate>1</tessellate>
				<altitudeMode>absolute</altitudeMode>
				<coordinates>
					122.348892,37.077667,11612.88 122.300819,37.107395,11612.88 
				</coordinates>
			</LineString>
		</MultiGeometry>
	</Placemark>
	<Placemark>
		<name>P-190</name>
		<visibility>0</visibility>
		<description><![CDATA[<div><div><span><b>Altitude:</b></span> <span>38,100 ft</span></div>
<div><span><b>Speed:</b></span> <span>407 kt - 408 kt</span></div>
<div><span><b>Timestamp:</b></span><br/><span>2024-11-07 03:09:43 UTC<br/>2024-11-07 03:09:46 UTC</span></div>
</div>]]></description>
		<Style>
			<LineStyle>
				<color>ffae00ff</color>
				<width>2</width>
			</LineStyle>
		</Style>
		<MultiGeometry>
			<LineString>
				<tessellate>1</tessellate>
				<altitudeMode>absolute</altitudeMode>
				<coordinates>
					122.300819,37.107395,11612.88 122.292343,37.11433,11612.88 
				</coordinates>
			</LineString>
		</MultiGeometry>
	</Placemark>
	<Placemark>
		<name>P-191</name>
		<visibility>0</visibility>
		<description><![CDATA[<div><div><span><b>Altitude:</b></span> <span>38,100 ft</span></div>
<div><span><b>Speed:</b></span> <span>408 kt - 411 kt</span></div>
<div><span><b>Timestamp:</b></span><br/><span>2024-11-07 03:09:46 UTC<br/>2024-11-07 03:10:17 UTC</span></div>
</div>]]></description>
		<Style>
			<LineStyle>
				<color>ffae00ff</color>
				<width>2</width>
			</LineStyle>
		</Style>
		<MultiGeometry>
			<LineString>
				<tessellate>1</tessellate>
				<altitudeMode>absolute</altitudeMode>
				<coordinates>
					122.292343,37.11433,11612.88 122.244583,37.15979,11612.88 
				</coordinates>
			</LineString>
		</MultiGeometry>
	</Placemark>
	<Placemark>
		<name>P-192</name>
		<visibility>0</visibility>
		<description><![CDATA[<div><div><span><b>Altitude:</b></span> <span>38,100 ft</span></div>
<div><span><b>Speed:</b></span> <span>411 kt</span></div>
<div><span><b>Timestamp:</b></span><br/><span>2024-11-07 03:10:17 UTC<br/>2024-11-07 03:10:23 UTC</span></div>
</div>]]></description>
		<Style>
			<LineStyle>
				<color>ffae00ff</color>
				<width>2</width>
			</LineStyle>
		</Style>
		<MultiGeometry>
			<LineString>
				<tessellate>1</tessellate>
				<altitudeMode>absolute</altitudeMode>
				<coordinates>
					122.244583,37.15979,11612.88 122.233353,37.167866,11612.88 
				</coordinates>
			</LineString>
		</MultiGeometry>
	</Placemark>
	<Placemark>
		<name>P-193</name>
		<visibility>0</visibility>
		<description><![CDATA[<div><div><span><b>Altitude:</b></span> <span>38,100 ft</span></div>
<div><span><b>Speed:</b></span> <span>411 kt - 396 kt</span></div>
<div><span><b>Timestamp:</b></span><br/><span>2024-11-07 03:10:23 UTC<br/>2024-11-07 03:20:44 UTC</span></div>
</div>]]></description>
		<Style>
			<LineStyle>
				<color>88000000</color>
				<width>2</width>
			</LineStyle>
		</Style>
		<MultiGeometry>
			<LineString>
				<tessellate>1</tessellate>
				<coordinates>
					122.233353,37.167866,11612.88 120.898689,37.541168,11612.88 
				</coordinates>
			</LineString>
		</MultiGeometry>
	</Placemark>
	<Placemark>
		<name>P-194</name>
		<visibility>0</visibility>
		<description><![CDATA[<div><div><span><b>Altitude:</b></span> <span>38,100 ft</span></div>
<div><span><b>Speed:</b></span> <span>396 kt - 395 kt</span></div>
<div><span><b>Timestamp:</b></span><br/><span>2024-11-07 03:20:44 UTC<br/>2024-11-07 03:21:44 UTC</span></div>
</div>]]></description>
		<Style>
			<LineStyle>
				<color>ffae00ff</color>
				<width>2</width>
			</LineStyle>
		</Style>
		<MultiGeometry>
			<LineString>
				<tessellate>1</tessellate>
				<altitudeMode>absolute</altitudeMode>
				<coordinates>
					120.898689,37.541168,11612.88 120.772354,37.580933,11612.88 
				</coordinates>
			</LineString>
		</MultiGeometry>
	</Placemark>
	<Placemark>
		<name>P-195</name>
		<visibility>0</visibility>
		<description><![CDATA[<div><div><span><b>Altitude:</b></span> <span>38,100 ft</span></div>
<div><span><b>Speed:</b></span> <span>395 kt - 402 kt</span></div>
<div><span><b>Timestamp:</b></span><br/><span>2024-11-07 03:21:44 UTC<br/>2024-11-07 03:24:44 UTC</span></div>
</div>]]></description>
		<Style>
			<LineStyle>
				<color>ffae00ff</color>
				<width>2</width>
			</LineStyle>
		</Style>
		<MultiGeometry>
			<LineString>
				<tessellate>1</tessellate>
				<altitudeMode>absolute</altitudeMode>
				<coordinates>
					120.772354,37.580933,11612.88 120.394455,37.724304,11612.88 
				</coordinates>
			</LineString>
		</MultiGeometry>
	</Placemark>
	<Placemark>
		<name>P-196</name>
		<visibility>0</visibility>
		<description><![CDATA[<div><div><span><b>Altitude:</b></span> <span>38,100 ft - 38,125 ft</span></div>
<div><span><b>Speed:</b></span> <span>402 kt</span></div>
<div><span><b>Timestamp:</b></span><br/><span>2024-11-07 03:24:44 UTC<br/>2024-11-07 03:25:44 UTC</span></div>
</div>]]></description>
		<Style>
			<LineStyle>
				<color>ffae00ff</color>
				<width>2</width>
			</LineStyle>
		</Style>
		<MultiGeometry>
			<LineString>
				<tessellate>1</tessellate>
				<altitudeMode>absolute</altitudeMode>
				<coordinates>
					120.394455,37.724304,11612.88 120.272469,37.77961,11620.5 
				</coordinates>
			</LineString>
		</MultiGeometry>
	</Placemark>
	<Placemark>
		<name>P-197</name>
		<visibility>0</visibility>
		<description><![CDATA[<div><div><span><b>Altitude:</b></span> <span>38,125 ft - 38,100 ft</span></div>
<div><span><b>Speed:</b></span> <span>402 kt - 401 kt</span></div>
<div><span><b>Timestamp:</b></span><br/><span>2024-11-07 03:25:44 UTC<br/>2024-11-07 03:26:44 UTC</span></div>
</div>]]></description>
		<Style>
			<LineStyle>
				<color>ffae00ff</color>
				<width>2</width>
			</LineStyle>
		</Style>
		<MultiGeometry>
			<LineString>
				<tessellate>1</tessellate>
				<altitudeMode>absolute</altitudeMode>
				<coordinates>
					120.272469,37.77961,11620.5 120.151199,37.834492,11612.88 
				</coordinates>
			</LineString>
		</MultiGeometry>
	</Placemark>
	<Placemark>
		<name>P-198</name>
		<visibility>0</visibility>
		<description><![CDATA[<div><div><span><b>Altitude:</b></span> <span>38,100 ft</span></div>
<div><span><b>Speed:</b></span> <span>401 kt - 400 kt</span></div>
<div><span><b>Timestamp:</b></span><br/><span>2024-11-07 03:26:44 UTC<br/>2024-11-07 03:27:44 UTC</span></div>
</div>]]></description>
		<Style>
			<LineStyle>
				<color>ffae00ff</color>
				<width>2</width>
			</LineStyle>
		</Style>
		<MultiGeometry>
			<LineString>
				<tessellate>1</tessellate>
				<altitudeMode>absolute</altitudeMode>
				<coordinates>
					120.151199,37.834492,11612.88 120.02874,37.889893,11612.88 
				</coordinates>
			</LineString>
		</MultiGeometry>
	</Placemark>
	<Placemark>
		<name>P-199</name>
		<visibility>0</visibility>
		<description><![CDATA[<div><div><span><b>Altitude:</b></span> <span>38,100 ft - 38,075 ft</span></div>
<div><span><b>Speed:</b></span> <span>400 kt - 402 kt</span></div>
<div><span><b>Timestamp:</b></span><br/><span>2024-11-07 03:27:44 UTC<br/>2024-11-07 03:29:44 UTC</span></div>
</div>]]></description>
		<Style>
			<LineStyle>
				<color>ffae00ff</color>
				<width>2</width>
			</LineStyle>
		</Style>
		<MultiGeometry>
			<LineString>
				<tessellate>1</tessellate>
				<altitudeMode>absolute</altitudeMode>
				<coordinates>
					120.02874,37.889893,11612.88 119.784653,37.999104,11605.26 
				</coordinates>
			</LineString>
		</MultiGeometry>
	</Placemark>
	<Placemark>
		<name>P-200</name>
		<visibility>0</visibility>
		<description><![CDATA[<div><div><span><b>Altitude:</b></span> <span>38,075 ft</span></div>
<div><span><b>Speed:</b></span> <span>402 kt - 400 kt</span></div>
<div><span><b>Timestamp:</b></span><br/><span>2024-11-07 03:29:44 UTC<br/>2024-11-07 03:33:44 UTC</span></div>
</div>]]></description>
		<Style>
			<LineStyle>
				<color>ffae00ff</color>
				<width>2</width>
			</LineStyle>
		</Style>
		<MultiGeometry>
			<LineString>
				<tessellate>1</tessellate>
				<altitudeMode>absolute</altitudeMode>
				<coordinates>
					119.784653,37.999104,11605.26 119.277069,38.194714,11605.26 
				</coordinates>
			</LineString>
		</MultiGeometry>
	</Placemark>
	<Placemark>
		<name>P-201</name>
		<visibility>0</visibility>
		<description><![CDATA[<div><div><span><b>Altitude:</b></span> <span>38,075 ft</span></div>
<div><span><b>Speed:</b></span> <span>400 kt - 398 kt</span></div>
<div><span><b>Timestamp:</b></span><br/><span>2024-11-07 03:33:44 UTC<br/>2024-11-07 03:36:43 UTC</span></div>
</div>]]></description>
		<Style>
			<LineStyle>
				<color>ffae00ff</color>
				<width>2</width>
			</LineStyle>
		</Style>
		<MultiGeometry>
			<LineString>
				<tessellate>1</tessellate>
				<altitudeMode>absolute</altitudeMode>
				<coordinates>
					119.277069,38.194714,11605.26 118.890282,38.31929,11605.26 
				</coordinates>
			</LineString>
		</MultiGeometry>
	</Placemark>
	<Placemark>
		<name>P-202</name>
		<visibility>0</visibility>
		<description><![CDATA[<div><div><span><b>Altitude:</b></span> <span>38,075 ft - 38,100 ft</span></div>
<div><span><b>Speed:</b></span> <span>398 kt - 396 kt</span></div>
<div><span><b>Timestamp:</b></span><br/><span>2024-11-07 03:36:43 UTC<br/>2024-11-07 03:38:44 UTC</span></div>
</div>]]></description>
		<Style>
			<LineStyle>
				<color>ffae00ff</color>
				<width>2</width>
			</LineStyle>
		</Style>
		<MultiGeometry>
			<LineString>
				<tessellate>1</tessellate>
				<altitudeMode>absolute</altitudeMode>
				<coordinates>
					118.890282,38.31929,11605.26 118.629242,38.402618,11612.88 
				</coordinates>
			</LineString>
		</MultiGeometry>
	</Placemark>
	<Placemark>
		<name>P-203</name>
		<visibility>0</visibility>
		<description><![CDATA[<div><div><span><b>Altitude:</b></span> <span>38,100 ft - 38,075 ft</span></div>
<div><span><b>Speed:</b></span> <span>396 kt</span></div>
<div><span><b>Timestamp:</b></span><br/><span>2024-11-07 03:38:44 UTC<br/>2024-11-07 03:39:48 UTC</span></div>
</div>]]></description>
		<Style>
			<LineStyle>
				<color>ffae00ff</color>
				<width>2</width>
			</LineStyle>
		</Style>
		<MultiGeometry>
			<LineString>
				<tessellate>1</tessellate>
				<altitudeMode>absolute</altitudeMode>
				<coordinates>
					118.629242,38.402618,11612.88 118.491638,38.446377,11605.26 
				</coordinates>
			</LineString>
		</MultiGeometry>
	</Placemark>
	<Placemark>
		<name>P-204</name>
		<visibility>0</visibility>
		<description><![CDATA[<div><div><span><b>Altitude:</b></span> <span>38,075 ft - 38,100 ft</span></div>
<div><span><b>Speed:</b></span> <span>396 kt - 398 kt</span></div>
<div><span><b>Timestamp:</b></span><br/><span>2024-11-07 03:39:48 UTC<br/>2024-11-07 03:40:48 UTC</span></div>
</div>]]></description>
		<Style>
			<LineStyle>
				<color>ffae00ff</color>
				<width>2</width>
			</LineStyle>
		</Style>
		<MultiGeometry>
			<LineString>
				<tessellate>1</tessellate>
				<altitudeMode>absolute</altitudeMode>
				<coordinates>
					118.491638,38.446377,11605.26 118.361031,38.487671,11612.88 
				</coordinates>
			</LineString>
		</MultiGeometry>
	</Placemark>
	<Placemark>
		<name>P-205</name>
		<visibility>0</visibility>
		<description><![CDATA[<div><div><span><b>Altitude:</b></span> <span>38,100 ft</span></div>
<div><span><b>Speed:</b></span> <span>398 kt</span></div>
<div><span><b>Timestamp:</b></span><br/><span>2024-11-07 03:40:48 UTC<br/>2024-11-07 03:41:48 UTC</span></div>
</div>]]></description>
		<Style>
			<LineStyle>
				<color>ffae00ff</color>
				<width>2</width>
			</LineStyle>
		</Style>
		<MultiGeometry>
			<LineString>
				<tessellate>1</tessellate>
				<altitudeMode>absolute</altitudeMode>
				<coordinates>
					118.361031,38.487671,11612.88 118.231339,38.5285,11612.88 
				</coordinates>
			</LineString>
		</MultiGeometry>
	</Placemark>
	<Placemark>
		<name>P-206</name>
		<visibility>0</visibility>
		<description><![CDATA[<div><div><span><b>Altitude:</b></span> <span>38,100 ft - 38,125 ft</span></div>
<div><span><b>Speed:</b></span> <span>398 kt - 400 kt</span></div>
<div><span><b>Timestamp:</b></span><br/><span>2024-11-07 03:41:48 UTC<br/>2024-11-07 03:42:48 UTC</span></div>
</div>]]></description>
		<Style>
			<LineStyle>
				<color>ffae00ff</color>
				<width>2</width>
			</LineStyle>
		</Style>
		<MultiGeometry>
			<LineString>
				<tessellate>1</tessellate>
				<altitudeMode>absolute</altitudeMode>
				<coordinates>
					118.231339,38.5285,11612.88 118.100578,38.570297,11620.5 
				</coordinates>
			</LineString>
		</MultiGeometry>
	</Placemark>
	<Placemark>
		<name>P-207</name>
		<visibility>0</visibility>
		<description><![CDATA[<div><div><span><b>Altitude:</b></span> <span>38,125 ft - 38,100 ft</span></div>
<div><span><b>Speed:</b></span> <span>400 kt - 406 kt</span></div>
<div><span><b>Timestamp:</b></span><br/><span>2024-11-07 03:42:48 UTC<br/>2024-11-07 03:43:48 UTC</span></div>
</div>]]></description>
		<Style>
			<LineStyle>
				<color>ffae00ff</color>
				<width>2</width>
			</LineStyle>
		</Style>
		<MultiGeometry>
			<LineString>
				<tessellate>1</tessellate>
				<altitudeMode>absolute</altitudeMode>
				<coordinates>
					118.100578,38.570297,11620.5 117.980148,38.63031,11612.88 
				</coordinates>
			</LineString>
		</MultiGeometry>
	</Placemark>
	<Placemark>
		<name>P-208</name>
		<visibility>0</visibility>
		<description><![CDATA[<div><div><span><b>Altitude:</b></span> <span>38,100 ft</span></div>
<div><span><b>Speed:</b></span> <span>406 kt - 410 kt</span></div>
<div><span><b>Timestamp:</b></span><br/><span>2024-11-07 03:43:48 UTC<br/>2024-11-07 03:44:48 UTC</span></div>
</div>]]></description>
		<Style>
			<LineStyle>
				<color>ffae00ff</color>
				<width>2</width>
			</LineStyle>
		</Style>
		<MultiGeometry>
			<LineString>
				<tessellate>1</tessellate>
				<altitudeMode>absolute</altitudeMode>
				<coordinates>
					117.980148,38.63031,11612.88 117.874886,38.707672,11612.88 
				</coordinates>
			</LineString>
		</MultiGeometry>
	</Placemark>
	<Placemark>
		<name>P-209</name>
		<visibility>0</visibility>
		<description><![CDATA[<div><div><span><b>Altitude:</b></span> <span>38,100 ft - 38,075 ft</span></div>
<div><span><b>Speed:</b></span> <span>410 kt - 404 kt</span></div>
<div><span><b>Timestamp:</b></span><br/><span>2024-11-07 03:44:48 UTC<br/>2024-11-07 03:45:48 UTC</span></div>
</div>]]></description>
		<Style>
			<LineStyle>
				<color>ffae00ff</color>
				<width>2</width>
			</LineStyle>
		</Style>
		<MultiGeometry>
			<LineString>
				<tessellate>1</tessellate>
				<altitudeMode>absolute</altitudeMode>
				<coordinates>
					117.874886,38.707672,11612.88 117.767227,38.783386,11605.26 
				</coordinates>
			</LineString>
		</MultiGeometry>
	</Placemark>
	<Placemark>
		<name>P-210</name>
		<visibility>0</visibility>
		<description><![CDATA[<div><div><span><b>Altitude:</b></span> <span>38,075 ft - 38,100 ft</span></div>
<div><span><b>Speed:</b></span> <span>404 kt - 403 kt</span></div>
<div><span><b>Timestamp:</b></span><br/><span>2024-11-07 03:45:48 UTC<br/>2024-11-07 03:46:48 UTC</span></div>
</div>]]></description>
		<Style>
			<LineStyle>
				<color>ffae00ff</color>
				<width>2</width>
			</LineStyle>
		</Style>
		<MultiGeometry>
			<LineString>
				<tessellate>1</tessellate>
				<altitudeMode>absolute</altitudeMode>
				<coordinates>
					117.767227,38.783386,11605.26 117.643433,38.838951,11612.88 
				</coordinates>
			</LineString>
		</MultiGeometry>
	</Placemark>
	<Placemark>
		<name>P-211</name>
		<visibility>0</visibility>
		<description><![CDATA[<div><div><span><b>Altitude:</b></span> <span>38,100 ft</span></div>
<div><span><b>Speed:</b></span> <span>403 kt - 404 kt</span></div>
<div><span><b>Timestamp:</b></span><br/><span>2024-11-07 03:46:48 UTC<br/>2024-11-07 03:47:48 UTC</span></div>
</div>]]></description>
		<Style>
			<LineStyle>
				<color>ffae00ff</color>
				<width>2</width>
			</LineStyle>
		</Style>
		<MultiGeometry>
			<LineString>
				<tessellate>1</tessellate>
				<altitudeMode>absolute</altitudeMode>
				<coordinates>
					117.643433,38.838951,11612.88 117.518539,38.895493,11612.88 
				</coordinates>
			</LineString>
		</MultiGeometry>
	</Placemark>
	<Placemark>
		<name>P-212</name>
		<visibility>0</visibility>
		<description><![CDATA[<div><div><span><b>Altitude:</b></span> <span>38,100 ft</span></div>
<div><span><b>Speed:</b></span> <span>404 kt - 406 kt</span></div>
<div><span><b>Timestamp:</b></span><br/><span>2024-11-07 03:47:48 UTC<br/>2024-11-07 03:48:48 UTC</span></div>
</div>]]></description>
		<Style>
			<LineStyle>
				<color>ffae00ff</color>
				<width>2</width>
			</LineStyle>
		</Style>
		<MultiGeometry>
			<LineString>
				<tessellate>1</tessellate>
				<altitudeMode>absolute</altitudeMode>
				<coordinates>
					117.518539,38.895493,11612.88 117.394096,38.951141,11612.88 
				</coordinates>
			</LineString>
		</MultiGeometry>
	</Placemark>
	<Placemark>
		<name>P-213</name>
		<visibility>0</visibility>
		<description><![CDATA[<div><div><span><b>Altitude:</b></span> <span>38,100 ft</span></div>
<div><span><b>Speed:</b></span> <span>406 kt - 409 kt</span></div>
<div><span><b>Timestamp:</b></span><br/><span>2024-11-07 03:48:48 UTC<br/>2024-11-07 03:49:48 UTC</span></div>
</div>]]></description>
		<Style>
			<LineStyle>
				<color>ffae00ff</color>
				<width>2</width>
			</LineStyle>
		</Style>
		<MultiGeometry>
			<LineString>
				<tessellate>1</tessellate>
				<altitudeMode>absolute</altitudeMode>
				<coordinates>
					117.394096,38.951141,11612.88 117.268372,39.007236,11612.88 
				</coordinates>
			</LineString>
		</MultiGeometry>
	</Placemark>
	<Placemark>
		<name>P-214</name>
		<visibility>0</visibility>
		<description><![CDATA[<div><div><span><b>Altitude:</b></span> <span>38,100 ft</span></div>
<div><span><b>Speed:</b></span> <span>409 kt - 414 kt</span></div>
<div><span><b>Timestamp:</b></span><br/><span>2024-11-07 03:49:48 UTC<br/>2024-11-07 03:50:33 UTC</span></div>
</div>]]></description>
		<Style>
			<LineStyle>
				<color>ffae00ff</color>
				<width>2</width>
			</LineStyle>
		</Style>
		<MultiGeometry>
			<LineString>
				<tessellate>1</tessellate>
				<altitudeMode>absolute</altitudeMode>
				<coordinates>
					117.268372,39.007236,11612.88 117.179222,39.056168,11612.88 
				</coordinates>
			</LineString>
		</MultiGeometry>
	</Placemark>
	<Placemark>
		<name>P-215</name>
		<visibility>0</visibility>
		<description><![CDATA[<div><div><span><b>Altitude:</b></span> <span>38,100 ft</span></div>
<div><span><b>Speed:</b></span> <span>414 kt - 418 kt</span></div>
<div><span><b>Timestamp:</b></span><br/><span>2024-11-07 03:50:33 UTC<br/>2024-11-07 03:51:12 UTC</span></div>
</div>]]></description>
		<Style>
			<LineStyle>
				<color>ffae00ff</color>
				<width>2</width>
			</LineStyle>
		</Style>
		<MultiGeometry>
			<LineString>
				<tessellate>1</tessellate>
				<altitudeMode>absolute</altitudeMode>
				<coordinates>
					117.179222,39.056168,11612.88 117.117859,39.101181,11612.88 
				</coordinates>
			</LineString>
		</MultiGeometry>
	</Placemark>
	<Placemark>
		<name>P-216</name>
		<visibility>0</visibility>
		<description><![CDATA[<div><div><span><b>Altitude:</b></span> <span>38,100 ft</span></div>
<div><span><b>Speed:</b></span> <span>418 kt - 424 kt</span></div>
<div><span><b>Timestamp:</b></span><br/><span>2024-11-07 03:51:12 UTC<br/>2024-11-07 03:51:45 UTC</span></div>
</div>]]></description>
		<Style>
			<LineStyle>
				<color>ffae00ff</color>
				<width>2</width>
			</LineStyle>
		</Style>
		<MultiGeometry>
			<LineString>
				<tessellate>1</tessellate>
				<altitudeMode>absolute</altitudeMode>
				<coordinates>
					117.117859,39.101181,11612.88 117.058372,39.157883,11612.88 
				</coordinates>
			</LineString>
		</MultiGeometry>
	</Placemark>
	<Placemark>
		<name>P-217</name>
		<visibility>0</visibility>
		<description><![CDATA[<div><div><span><b>Altitude:</b></span> <span>38,100 ft - 38,125 ft</span></div>
<div><span><b>Speed:</b></span> <span>424 kt - 427 kt</span></div>
<div><span><b>Timestamp:</b></span><br/><span>2024-11-07 03:51:45 UTC<br/>2024-11-07 03:52:18 UTC</span></div>
</div>]]></description>
		<Style>
			<LineStyle>
				<color>ffae00ff</color>
				<width>2</width>
			</LineStyle>
		</Style>
		<MultiGeometry>
			<LineString>
				<tessellate>1</tessellate>
				<altitudeMode>absolute</altitudeMode>
				<coordinates>
					117.058372,39.157883,11612.88 117.013672,39.213974,11620.5 
				</coordinates>
			</LineString>
		</MultiGeometry>
	</Placemark>
	<Placemark>
		<name>P-218</name>
		<visibility>0</visibility>
		<description><![CDATA[<div><div><span><b>Altitude:</b></span> <span>38,125 ft</span></div>
<div><span><b>Speed:</b></span> <span>427 kt - 428 kt</span></div>
<div><span><b>Timestamp:</b></span><br/><span>2024-11-07 03:52:18 UTC<br/>2024-11-07 03:52:26 UTC</span></div>
</div>]]></description>
		<Style>
			<LineStyle>
				<color>ffae00ff</color>
				<width>2</width>
			</LineStyle>
		</Style>
		<MultiGeometry>
			<LineString>
				<tessellate>1</tessellate>
				<altitudeMode>absolute</altitudeMode>
				<coordinates>
					117.013672,39.213974,11620.5 117.004875,39.227188,11620.5 
				</coordinates>
			</LineString>
		</MultiGeometry>
	</Placemark>
	<Placemark>
		<name>P-219</name>
		<visibility>0</visibility>
		<description><![CDATA[<div><div><span><b>Altitude:</b></span> <span>38,125 ft</span></div>
<div><span><b>Speed:</b></span> <span>428 kt - 438 kt</span></div>
<div><span><b>Timestamp:</b></span><br/><span>2024-11-07 03:52:26 UTC<br/>2024-11-07 03:53:33 UTC</span></div>
</div>]]></description>
		<Style>
			<LineStyle>
				<color>ffae00ff</color>
				<width>2</width>
			</LineStyle>
		</Style>
		<MultiGeometry>
			<LineString>
				<tessellate>1</tessellate>
				<altitudeMode>absolute</altitudeMode>
				<coordinates>
					117.004875,39.227188,11620.5 116.947449,39.354191,11620.5 
				</coordinates>
			</LineString>
		</MultiGeometry>
	</Placemark>
	<Placemark>
		<name>P-220</name>
		<visibility>0</visibility>
		<description><![CDATA[<div><div><span><b>Altitude:</b></span> <span>38,125 ft</span></div>
<div><span><b>Speed:</b></span> <span>438 kt - 440 kt</span></div>
<div><span><b>Timestamp:</b></span><br/><span>2024-11-07 03:53:33 UTC<br/>2024-11-07 03:53:48 UTC</span></div>
</div>]]></description>
		<Style>
			<LineStyle>
				<color>ffae00ff</color>
				<width>2</width>
			</LineStyle>
		</Style>
		<MultiGeometry>
			<LineString>
				<tessellate>1</tessellate>
				<altitudeMode>absolute</altitudeMode>
				<coordinates>
					116.947449,39.354191,11620.5 116.940369,39.384079,11620.5 
				</coordinates>
			</LineString>
		</MultiGeometry>
	</Placemark>
	<Placemark>
		<name>P-221</name>
		<visibility>0</visibility>
		<description><![CDATA[<div><div><span><b>Altitude:</b></span> <span>38,125 ft</span></div>
<div><span><b>Speed:</b></span> <span>440 kt</span></div>
<div><span><b>Timestamp:</b></span><br/><span>2024-11-07 03:53:48 UTC<br/>2024-11-07 03:54:44 UTC</span></div>
</div>]]></description>
		<Style>
			<LineStyle>
				<color>ffae00ff</color>
				<width>2</width>
			</LineStyle>
		</Style>
		<MultiGeometry>
			<LineString>
				<tessellate>1</tessellate>
				<altitudeMode>absolute</altitudeMode>
				<coordinates>
					116.940369,39.384079,11620.5 116.918091,39.492264,11620.5 
				</coordinates>
			</LineString>
		</MultiGeometry>
	</Placemark>
	<Placemark>
		<name>P-222</name>
		<visibility>0</visibility>
		<description><![CDATA[<div><div><span><b>Altitude:</b></span> <span>38,125 ft - 38,100 ft</span></div>
<div><span><b>Speed:</b></span> <span>440 kt - 438 kt</span></div>
<div><span><b>Timestamp:</b></span><br/><span>2024-11-07 03:54:44 UTC<br/>2024-11-07 03:55:17 UTC</span></div>
</div>]]></description>
		<Style>
			<LineStyle>
				<color>ffae00ff</color>
				<width>2</width>
			</LineStyle>
		</Style>
		<MultiGeometry>
			<LineString>
				<tessellate>1</tessellate>
				<altitudeMode>absolute</altitudeMode>
				<coordinates>
					116.918091,39.492264,11620.5 116.903847,39.561813,11612.88 
				</coordinates>
			</LineString>
		</MultiGeometry>
	</Placemark>
	<Placemark>
		<name>P-223</name>
		<visibility>0</visibility>
		<description><![CDATA[<div><div><span><b>Altitude:</b></span> <span>38,100 ft</span></div>
<div><span><b>Speed:</b></span> <span>438 kt</span></div>
<div><span><b>Timestamp:</b></span><br/><span>2024-11-07 03:55:17 UTC<br/>2024-11-07 03:55:48 UTC</span></div>
</div>]]></description>
		<Style>
			<LineStyle>
				<color>ffae00ff</color>
				<width>2</width>
			</LineStyle>
		</Style>
		<MultiGeometry>
			<LineString>
				<tessellate>1</tessellate>
				<altitudeMode>absolute</altitudeMode>
				<coordinates>
					116.903847,39.561813,11612.88 116.89093,39.624569,11612.88 
				</coordinates>
			</LineString>
		</MultiGeometry>
	</Placemark>
	<Placemark>
		<name>P-224</name>
		<visibility>0</visibility>
		<description><![CDATA[<div><div><span><b>Altitude:</b></span> <span>38,100 ft - 38,075 ft</span></div>
<div><span><b>Speed:</b></span> <span>438 kt</span></div>
<div><span><b>Timestamp:</b></span><br/><span>2024-11-07 03:55:48 UTC<br/>2024-11-07 03:56:13 UTC</span></div>
</div>]]></description>
		<Style>
			<LineStyle>
				<color>ffae00ff</color>
				<width>2</width>
			</LineStyle>
		</Style>
		<MultiGeometry>
			<LineString>
				<tessellate>1</tessellate>
				<altitudeMode>absolute</altitudeMode>
				<coordinates>
					116.89093,39.624569,11612.88 116.881332,39.671082,11605.26 
				</coordinates>
			</LineString>
		</MultiGeometry>
	</Placemark>
	<Placemark>
		<name>P-225</name>
		<visibility>0</visibility>
		<description><![CDATA[<div><div><span><b>Altitude:</b></span> <span>38,075 ft</span></div>
<div><span><b>Speed:</b></span> <span>438 kt - 440 kt</span></div>
<div><span><b>Timestamp:</b></span><br/><span>2024-11-07 03:56:13 UTC<br/>2024-11-07 03:56:48 UTC</span></div>
</div>]]></description>
		<Style>
			<LineStyle>
				<color>ffae00ff</color>
				<width>2</width>
			</LineStyle>
		</Style>
		<MultiGeometry>
			<LineString>
				<tessellate>1</tessellate>
				<altitudeMode>absolute</altitudeMode>
				<coordinates>
					116.881332,39.671082,11605.26 116.865692,39.746567,11605.26 
				</coordinates>
			</LineString>
		</MultiGeometry>
	</Placemark>
	<Placemark>
		<name>P-226</name>
		<visibility>0</visibility>
		<description><![CDATA[<div><div><span><b>Altitude:</b></span> <span>38,075 ft - 38,100 ft</span></div>
<div><span><b>Speed:</b></span> <span>440 kt - 438 kt</span></div>
<div><span><b>Timestamp:</b></span><br/><span>2024-11-07 03:56:48 UTC<br/>2024-11-07 03:57:44 UTC</span></div>
</div>]]></description>
		<Style>
			<LineStyle>
				<color>ffae00ff</color>
				<width>2</width>
			</LineStyle>
		</Style>
		<MultiGeometry>
			<LineString>
				<tessellate>1</tessellate>
				<altitudeMode>absolute</altitudeMode>
				<coordinates>
					116.865692,39.746567,11605.26 116.843079,39.856815,11612.88 
				</coordinates>
			</LineString>
		</MultiGeometry>
	</Placemark>
	<Placemark>
		<name>P-227</name>
		<visibility>0</visibility>
		<description><![CDATA[<div><div><span><b>Altitude:</b></span> <span>38,100 ft</span></div>
<div><span><b>Speed:</b></span> <span>438 kt</span></div>
<div><span><b>Timestamp:</b></span><br/><span>2024-11-07 03:57:44 UTC<br/>2024-11-07 03:58:47 UTC</span></div>
</div>]]></description>
		<Style>
			<LineStyle>
				<color>ffae00ff</color>
				<width>2</width>
			</LineStyle>
		</Style>
		<MultiGeometry>
			<LineString>
				<tessellate>1</tessellate>
				<altitudeMode>absolute</altitudeMode>
				<coordinates>
					116.843079,39.856815,11612.88 116.818062,39.983299,11612.88 
				</coordinates>
			</LineString>
		</MultiGeometry>
	</Placemark>
	<Placemark>
		<name>P-228</name>
		<visibility>0</visibility>
		<description><![CDATA[<div><div><span><b>Altitude:</b></span> <span>38,100 ft</span></div>
<div><span><b>Speed:</b></span> <span>438 kt</span></div>
<div><span><b>Timestamp:</b></span><br/><span>2024-11-07 03:58:47 UTC<br/>2024-11-07 03:59:26 UTC</span></div>
</div>]]></description>
		<Style>
			<LineStyle>
				<color>ffae00ff</color>
				<width>2</width>
			</LineStyle>
		</Style>
		<MultiGeometry>
			<LineString>
				<tessellate>1</tessellate>
				<altitudeMode>absolute</altitudeMode>
				<coordinates>
					116.818062,39.983299,11612.88 116.802582,40.061832,11612.88 
				</coordinates>
			</LineString>
		</MultiGeometry>
	</Placemark>
	<Placemark>
		<name>P-229</name>
		<visibility>0</visibility>
		<description><![CDATA[<div><div><span><b>Altitude:</b></span> <span>38,100 ft</span></div>
<div><span><b>Speed:</b></span> <span>438 kt</span></div>
<div><span><b>Timestamp:</b></span><br/><span>2024-11-07 03:59:26 UTC<br/>2024-11-07 04:00:37 UTC</span></div>
</div>]]></description>
		<Style>
			<LineStyle>
				<color>ffae00ff</color>
				<width>2</width>
			</LineStyle>
		</Style>
		<MultiGeometry>
			<LineString>
				<tessellate>1</tessellate>
				<altitudeMode>absolute</altitudeMode>
				<coordinates>
					116.802582,40.061832,11612.88 116.775269,40.198242,11612.88 
				</coordinates>
			</LineString>
		</MultiGeometry>
	</Placemark>
	<Placemark>
		<name>P-230</name>
		<visibility>0</visibility>
		<description><![CDATA[<div><div><span><b>Altitude:</b></span> <span>38,100 ft</span></div>
<div><span><b>Speed:</b></span> <span>438 kt</span></div>
<div><span><b>Timestamp:</b></span><br/><span>2024-11-07 04:00:37 UTC<br/>2024-11-07 04:01:10 UTC</span></div>
</div>]]></description>
		<Style>
			<LineStyle>
				<color>ffae00ff</color>
				<width>2</width>
			</LineStyle>
		</Style>
		<MultiGeometry>
			<LineString>
				<tessellate>1</tessellate>
				<altitudeMode>absolute</altitudeMode>
				<coordinates>
					116.775269,40.198242,11612.88 116.760826,40.270153,11612.88 
				</coordinates>
			</LineString>
		</MultiGeometry>
	</Placemark>
	<Placemark>
		<name>P-231</name>
		<visibility>0</visibility>
		<description><![CDATA[<div><div><span><b>Altitude:</b></span> <span>38,100 ft</span></div>
<div><span><b>Speed:</b></span> <span>438 kt - 435 kt</span></div>
<div><span><b>Timestamp:</b></span><br/><span>2024-11-07 04:01:10 UTC<br/>2024-11-07 04:01:45 UTC</span></div>
</div>]]></description>
		<Style>
			<LineStyle>
				<color>ffae00ff</color>
				<width>2</width>
			</LineStyle>
		</Style>
		<MultiGeometry>
			<LineString>
				<tessellate>1</tessellate>
				<altitudeMode>absolute</altitudeMode>
				<coordinates>
					116.760826,40.270153,11612.88 116.744812,40.337631,11612.88 
				</coordinates>
			</LineString>
		</MultiGeometry>
	</Placemark>
	<Placemark>
		<name>P-232</name>
		<visibility>0</visibility>
		<description><![CDATA[<div><div><span><b>Altitude:</b></span> <span>38,100 ft</span></div>
<div><span><b>Speed:</b></span> <span>435 kt - 432 kt</span></div>
<div><span><b>Timestamp:</b></span><br/><span>2024-11-07 04:01:45 UTC<br/>2024-11-07 04:02:16 UTC</span></div>
</div>]]></description>
		<Style>
			<LineStyle>
				<color>ffae00ff</color>
				<width>2</width>
			</LineStyle>
		</Style>
		<MultiGeometry>
			<LineString>
				<tessellate>1</tessellate>
				<altitudeMode>absolute</altitudeMode>
				<coordinates>
					116.744812,40.337631,11612.88 116.720871,40.398918,11612.88 
				</coordinates>
			</LineString>
		</MultiGeometry>
	</Placemark>
	<Placemark>
		<name>P-233</name>
		<visibility>0</visibility>
		<description><![CDATA[<div><div><span><b>Altitude:</b></span> <span>38,100 ft</span></div>
<div><span><b>Speed:</b></span> <span>432 kt - 433 kt</span></div>
<div><span><b>Timestamp:</b></span><br/><span>2024-11-07 04:02:16 UTC<br/>2024-11-07 04:02:27 UTC</span></div>
</div>]]></description>
		<Style>
			<LineStyle>
				<color>ffae00ff</color>
				<width>2</width>
			</LineStyle>
		</Style>
		<MultiGeometry>
			<LineString>
				<tessellate>1</tessellate>
				<altitudeMode>absolute</altitudeMode>
				<coordinates>
					116.720871,40.398918,11612.88 116.713013,40.418289,11612.88 
				</coordinates>
			</LineString>
		</MultiGeometry>
	</Placemark>
	<Placemark>
		<name>P-234</name>
		<visibility>0</visibility>
		<description><![CDATA[<div><div><span><b>Altitude:</b></span> <span>38,100 ft</span></div>
<div><span><b>Speed:</b></span> <span>433 kt - 435 kt</span></div>
<div><span><b>Timestamp:</b></span><br/><span>2024-11-07 04:02:27 UTC<br/>2024-11-07 04:03:28 UTC</span></div>
</div>]]></description>
		<Style>
			<LineStyle>
				<color>ffae00ff</color>
				<width>2</width>
			</LineStyle>
		</Style>
		<MultiGeometry>
			<LineString>
				<tessellate>1</tessellate>
				<altitudeMode>absolute</altitudeMode>
				<coordinates>
					116.713013,40.418289,11612.88 116.665382,40.536526,11612.88 
				</coordinates>
			</LineString>
		</MultiGeometry>
	</Placemark>
	<Placemark>
		<name>P-235</name>
		<visibility>0</visibility>
		<description><![CDATA[<div><div><span><b>Altitude:</b></span> <span>38,100 ft</span></div>
<div><span><b>Speed:</b></span> <span>435 kt - 438 kt</span></div>
<div><span><b>Timestamp:</b></span><br/><span>2024-11-07 04:03:28 UTC<br/>2024-11-07 04:04:36 UTC</span></div>
</div>]]></description>
		<Style>
			<LineStyle>
				<color>ffae00ff</color>
				<width>2</width>
			</LineStyle>
		</Style>
		<MultiGeometry>
			<LineString>
				<tessellate>1</tessellate>
				<altitudeMode>absolute</altitudeMode>
				<coordinates>
					116.665382,40.536526,11612.88 116.613441,40.663334,11612.88 
				</coordinates>
			</LineString>
		</MultiGeometry>
	</Placemark>
	<Placemark>
		<name>P-236</name>
		<visibility>0</visibility>
		<description><![CDATA[<div><div><span><b>Altitude:</b></span> <span>38,100 ft</span></div>
<div><span><b>Speed:</b></span> <span>438 kt - 437 kt</span></div>
<div><span><b>Timestamp:</b></span><br/><span>2024-11-07 04:04:36 UTC<br/>2024-11-07 04:04:47 UTC</span></div>
</div>]]></description>
		<Style>
			<LineStyle>
				<color>ffae00ff</color>
				<width>2</width>
			</LineStyle>
		</Style>
		<MultiGeometry>
			<LineString>
				<tessellate>1</tessellate>
				<altitudeMode>absolute</altitudeMode>
				<coordinates>
					116.613441,40.663334,11612.88 116.60302,40.688984,11612.88 
				</coordinates>
			</LineString>
		</MultiGeometry>
	</Placemark>
	<Placemark>
		<name>P-237</name>
		<visibility>0</visibility>
		<description><![CDATA[<div><div><span><b>Altitude:</b></span> <span>38,100 ft - 38,125 ft</span></div>
<div><span><b>Speed:</b></span> <span>437 kt - 442 kt</span></div>
<div><span><b>Timestamp:</b></span><br/><span>2024-11-07 04:04:47 UTC<br/>2024-11-07 04:05:47 UTC</span></div>
</div>]]></description>
		<Style>
			<LineStyle>
				<color>ffae00ff</color>
				<width>2</width>
			</LineStyle>
		</Style>
		<MultiGeometry>
			<LineString>
				<tessellate>1</tessellate>
				<altitudeMode>absolute</altitudeMode>
				<coordinates>
					116.60302,40.688984,11612.88 116.565247,40.80698,11620.5 
				</coordinates>
			</LineString>
		</MultiGeometry>
	</Placemark>
	<Placemark>
		<name>P-238</name>
		<visibility>0</visibility>
		<description><![CDATA[<div><div><span><b>Altitude:</b></span> <span>38,125 ft</span></div>
<div><span><b>Speed:</b></span> <span>442 kt - 437 kt</span></div>
<div><span><b>Timestamp:</b></span><br/><span>2024-11-07 04:05:47 UTC<br/>2024-11-07 04:07:47 UTC</span></div>
</div>]]></description>
		<Style>
			<LineStyle>
				<color>ffae00ff</color>
				<width>2</width>
			</LineStyle>
		</Style>
		<MultiGeometry>
			<LineString>
				<tessellate>1</tessellate>
				<altitudeMode>absolute</altitudeMode>
				<coordinates>
					116.565247,40.80698,11620.5 116.541443,41.051285,11620.5 
				</coordinates>
			</LineString>
		</MultiGeometry>
	</Placemark>
	<Placemark>
		<name>P-239</name>
		<visibility>0</visibility>
		<description><![CDATA[<div><div><span><b>Altitude:</b></span> <span>38,125 ft - 38,075 ft</span></div>
<div><span><b>Speed:</b></span> <span>437 kt - 433 kt</span></div>
<div><span><b>Timestamp:</b></span><br/><span>2024-11-07 04:07:47 UTC<br/>2024-11-07 04:08:47 UTC</span></div>
</div>]]></description>
		<Style>
			<LineStyle>
				<color>ffae00ff</color>
				<width>2</width>
			</LineStyle>
		</Style>
		<MultiGeometry>
			<LineString>
				<tessellate>1</tessellate>
				<altitudeMode>absolute</altitudeMode>
				<coordinates>
					116.541443,41.051285,11620.5 116.526741,41.17308,11605.26 
				</coordinates>
			</LineString>
		</MultiGeometry>
	</Placemark>
	<Placemark>
		<name>P-240</name>
		<visibility>0</visibility>
		<description><![CDATA[<div><div><span><b>Altitude:</b></span> <span>38,075 ft</span></div>
<div><span><b>Speed:</b></span> <span>433 kt - 427 kt</span></div>
<div><span><b>Timestamp:</b></span><br/><span>2024-11-07 04:08:47 UTC<br/>2024-11-07 04:09:47 UTC</span></div>
</div>]]></description>
		<Style>
			<LineStyle>
				<color>ffae00ff</color>
				<width>2</width>
			</LineStyle>
		</Style>
		<MultiGeometry>
			<LineString>
				<tessellate>1</tessellate>
				<altitudeMode>absolute</altitudeMode>
				<coordinates>
					116.526741,41.17308,11605.26 116.482353,41.285271,11605.26 
				</coordinates>
			</LineString>
		</MultiGeometry>
	</Placemark>
	<Placemark>
		<name>P-241</name>
		<visibility>0</visibility>
		<description><![CDATA[<div><div><span><b>Altitude:</b></span> <span>38,075 ft</span></div>
<div><span><b>Speed:</b></span> <span>427 kt - 424 kt</span></div>
<div><span><b>Timestamp:</b></span><br/><span>2024-11-07 04:09:47 UTC<br/>2024-11-07 04:10:47 UTC</span></div>
</div>]]></description>
		<Style>
			<LineStyle>
				<color>ffae00ff</color>
				<width>2</width>
			</LineStyle>
		</Style>
		<MultiGeometry>
			<LineString>
				<tessellate>1</tessellate>
				<altitudeMode>absolute</altitudeMode>
				<coordinates>
					116.482353,41.285271,11605.26 116.407135,41.389481,11605.26 
				</coordinates>
			</LineString>
		</MultiGeometry>
	</Placemark>
	<Placemark>
		<name>P-242</name>
		<visibility>0</visibility>
		<description><![CDATA[<div><div><span><b>Altitude:</b></span> <span>38,075 ft - 38,100 ft</span></div>
<div><span><b>Speed:</b></span> <span>424 kt - 426 kt</span></div>
<div><span><b>Timestamp:</b></span><br/><span>2024-11-07 04:10:47 UTC<br/>2024-11-07 04:11:47 UTC</span></div>
</div>]]></description>
		<Style>
			<LineStyle>
				<color>ffae00ff</color>
				<width>2</width>
			</LineStyle>
		</Style>
		<MultiGeometry>
			<LineString>
				<tessellate>1</tessellate>
				<altitudeMode>absolute</altitudeMode>
				<coordinates>
					116.407135,41.389481,11605.26 116.32695,41.491032,11612.88 
				</coordinates>
			</LineString>
		</MultiGeometry>
	</Placemark>
	<Placemark>
		<name>P-243</name>
		<visibility>0</visibility>
		<description><![CDATA[<div><div><span><b>Altitude:</b></span> <span>38,100 ft</span></div>
<div><span><b>Speed:</b></span> <span>426 kt</span></div>
<div><span><b>Timestamp:</b></span><br/><span>2024-11-07 04:11:47 UTC<br/>2024-11-07 04:12:46 UTC</span></div>
</div>]]></description>
		<Style>
			<LineStyle>
				<color>ffae00ff</color>
				<width>2</width>
			</LineStyle>
		</Style>
		<MultiGeometry>
			<LineString>
				<tessellate>1</tessellate>
				<altitudeMode>absolute</altitudeMode>
				<coordinates>
					116.32695,41.491032,11612.88 116.247932,41.590931,11612.88 
				</coordinates>
			</LineString>
		</MultiGeometry>
	</Placemark>
	<Placemark>
		<name>P-244</name>
		<visibility>0</visibility>
		<description><![CDATA[<div><div><span><b>Altitude:</b></span> <span>38,100 ft - 38,125 ft</span></div>
<div><span><b>Speed:</b></span> <span>426 kt</span></div>
<div><span><b>Timestamp:</b></span><br/><span>2024-11-07 04:12:46 UTC<br/>2024-11-07 04:13:47 UTC</span></div>
</div>]]></description>
		<Style>
			<LineStyle>
				<color>ffae00ff</color>
				<width>2</width>
			</LineStyle>
		</Style>
		<MultiGeometry>
			<LineString>
				<tessellate>1</tessellate>
				<altitudeMode>absolute</altitudeMode>
				<coordinates>
					116.247932,41.590931,11612.88 116.165382,41.69421,11620.5 
				</coordinates>
			</LineString>
		</MultiGeometry>
	</Placemark>
	<Placemark>
		<name>P-245</name>
		<visibility>0</visibility>
		<description><![CDATA[<div><div><span><b>Altitude:</b></span> <span>38,125 ft</span></div>
<div><span><b>Speed:</b></span> <span>426 kt - 423 kt</span></div>
<div><span><b>Timestamp:</b></span><br/><span>2024-11-07 04:13:47 UTC<br/>2024-11-07 04:14:47 UTC</span></div>
</div>]]></description>
		<Style>
			<LineStyle>
				<color>ffae00ff</color>
				<width>2</width>
			</LineStyle>
		</Style>
		<MultiGeometry>
			<LineString>
				<tessellate>1</tessellate>
				<altitudeMode>absolute</altitudeMode>
				<coordinates>
					116.165382,41.69421,11620.5 116.084991,41.794128,11620.5 
				</coordinates>
			</LineString>
		</MultiGeometry>
	</Placemark>
	<Placemark>
		<name>P-246</name>
		<visibility>0</visibility>
		<description><![CDATA[<div><div><span><b>Altitude:</b></span> <span>38,125 ft - 38,100 ft</span></div>
<div><span><b>Speed:</b></span> <span>423 kt - 418 kt</span></div>
<div><span><b>Timestamp:</b></span><br/><span>2024-11-07 04:14:47 UTC<br/>2024-11-07 04:15:47 UTC</span></div>
</div>]]></description>
		<Style>
			<LineStyle>
				<color>ffae00ff</color>
				<width>2</width>
			</LineStyle>
		</Style>
		<MultiGeometry>
			<LineString>
				<tessellate>1</tessellate>
				<altitudeMode>absolute</altitudeMode>
				<coordinates>
					116.084991,41.794128,11620.5 116.000549,41.893105,11612.88 
				</coordinates>
			</LineString>
		</MultiGeometry>
	</Placemark>
	<Placemark>
		<name>P-247</name>
		<visibility>0</visibility>
		<description><![CDATA[<div><div><span><b>Altitude:</b></span> <span>38,100 ft - 38,075 ft</span></div>
<div><span><b>Speed:</b></span> <span>418 kt - 416 kt</span></div>
<div><span><b>Timestamp:</b></span><br/><span>2024-11-07 04:15:47 UTC<br/>2024-11-07 04:16:47 UTC</span></div>
</div>]]></description>
		<Style>
			<LineStyle>
				<color>ffae00ff</color>
				<width>2</width>
			</LineStyle>
		</Style>
		<MultiGeometry>
			<LineString>
				<tessellate>1</tessellate>
				<altitudeMode>absolute</altitudeMode>
				<coordinates>
					116.000549,41.893105,11612.88 115.89254,41.974941,11605.26 
				</coordinates>
			</LineString>
		</MultiGeometry>
	</Placemark>
	<Placemark>
		<name>P-248</name>
		<visibility>0</visibility>
		<description><![CDATA[<div><div><span><b>Altitude:</b></span> <span>38,075 ft</span></div>
<div><span><b>Speed:</b></span> <span>416 kt - 415 kt</span></div>
<div><span><b>Timestamp:</b></span><br/><span>2024-11-07 04:16:47 UTC<br/>2024-11-07 04:17:47 UTC</span></div>
</div>]]></description>
		<Style>
			<LineStyle>
				<color>ffae00ff</color>
				<width>2</width>
			</LineStyle>
		</Style>
		<MultiGeometry>
			<LineString>
				<tessellate>1</tessellate>
				<altitudeMode>absolute</altitudeMode>
				<coordinates>
					115.89254,41.974941,11605.26 115.761086,42.03653,11605.26 
				</coordinates>
			</LineString>
		</MultiGeometry>
	</Placemark>
	<Placemark>
		<name>P-249</name>
		<visibility>0</visibility>
		<description><![CDATA[<div><div><span><b>Altitude:</b></span> <span>38,075 ft</span></div>
<div><span><b>Speed:</b></span> <span>415 kt - 417 kt</span></div>
<div><span><b>Timestamp:</b></span><br/><span>2024-11-07 04:17:47 UTC<br/>2024-11-07 04:18:47 UTC</span></div>
</div>]]></description>
		<Style>
			<LineStyle>
				<color>ffae00ff</color>
				<width>2</width>
			</LineStyle>
		</Style>
		<MultiGeometry>
			<LineString>
				<tessellate>1</tessellate>
				<altitudeMode>absolute</altitudeMode>
				<coordinates>
					115.761086,42.03653,11605.26 115.625671,42.091179,11605.26 
				</coordinates>
			</LineString>
		</MultiGeometry>
	</Placemark>
	<Placemark>
		<name>P-250</name>
		<visibility>0</visibility>
		<description><![CDATA[<div><div><span><b>Altitude:</b></span> <span>38,075 ft - 38,100 ft</span></div>
<div><span><b>Speed:</b></span> <span>417 kt - 416 kt</span></div>
<div><span><b>Timestamp:</b></span><br/><span>2024-11-07 04:18:47 UTC<br/>2024-11-07 04:19:46 UTC</span></div>
</div>]]></description>
		<Style>
			<LineStyle>
				<color>ffae00ff</color>
				<width>2</width>
			</LineStyle>
		</Style>
		<MultiGeometry>
			<LineString>
				<tessellate>1</tessellate>
				<altitudeMode>absolute</altitudeMode>
				<coordinates>
					115.625671,42.091179,11605.26 115.490334,42.145741,11612.88 
				</coordinates>
			</LineString>
		</MultiGeometry>
	</Placemark>
	<Placemark>
		<name>P-251</name>
		<visibility>0</visibility>
		<description><![CDATA[<div><div><span><b>Altitude:</b></span> <span>38,100 ft - 38,125 ft</span></div>
<div><span><b>Speed:</b></span> <span>416 kt - 417 kt</span></div>
<div><span><b>Timestamp:</b></span><br/><span>2024-11-07 04:19:46 UTC<br/>2024-11-07 04:20:47 UTC</span></div>
</div>]]></description>
		<Style>
			<LineStyle>
				<color>ffae00ff</color>
				<width>2</width>
			</LineStyle>
		</Style>
		<MultiGeometry>
			<LineString>
				<tessellate>1</tessellate>
				<altitudeMode>absolute</altitudeMode>
				<coordinates>
					115.490334,42.145741,11612.88 115.347954,42.196068,11620.5 
				</coordinates>
			</LineString>
		</MultiGeometry>
	</Placemark>
	<Placemark>
		<name>P-252</name>
		<visibility>0</visibility>
		<description><![CDATA[<div><div><span><b>Altitude:</b></span> <span>38,125 ft</span></div>
<div><span><b>Speed:</b></span> <span>417 kt - 418 kt</span></div>
<div><span><b>Timestamp:</b></span><br/><span>2024-11-07 04:20:47 UTC<br/>2024-11-07 04:21:45 UTC</span></div>
</div>]]></description>
		<Style>
			<LineStyle>
				<color>ffae00ff</color>
				<width>2</width>
			</LineStyle>
		</Style>
		<MultiGeometry>
			<LineString>
				<tessellate>1</tessellate>
				<altitudeMode>absolute</altitudeMode>
				<coordinates>
					115.347954,42.196068,11620.5 115.202637,42.2211,11620.5 
				</coordinates>
			</LineString>
		</MultiGeometry>
	</Placemark>
	<Placemark>
		<name>P-253</name>
		<visibility>0</visibility>
		<description><![CDATA[<div><div><span><b>Altitude:</b></span> <span>38,125 ft - 38,100 ft</span></div>
<div><span><b>Speed:</b></span> <span>418 kt - 420 kt</span></div>
<div><span><b>Timestamp:</b></span><br/><span>2024-11-07 04:21:45 UTC<br/>2024-11-07 04:22:47 UTC</span></div>
</div>]]></description>
		<Style>
			<LineStyle>
				<color>ffae00ff</color>
				<width>2</width>
			</LineStyle>
		</Style>
		<MultiGeometry>
			<LineString>
				<tessellate>1</tessellate>
				<altitudeMode>absolute</altitudeMode>
				<coordinates>
					115.202637,42.2211,11620.5 115.04097,42.221062,11612.88 
				</coordinates>
			</LineString>
		</MultiGeometry>
	</Placemark>
	<Placemark>
		<name>P-254</name>
		<visibility>0</visibility>
		<description><![CDATA[<div><div><span><b>Altitude:</b></span> <span>38,100 ft</span></div>
<div><span><b>Speed:</b></span> <span>420 kt - 418 kt</span></div>
<div><span><b>Timestamp:</b></span><br/><span>2024-11-07 04:22:47 UTC<br/>2024-11-07 04:23:47 UTC</span></div>
</div>]]></description>
		<Style>
			<LineStyle>
				<color>ffae00ff</color>
				<width>2</width>
			</LineStyle>
		</Style>
		<MultiGeometry>
			<LineString>
				<tessellate>1</tessellate>
				<altitudeMode>absolute</altitudeMode>
				<coordinates>
					115.04097,42.221062,11612.88 114.884354,42.209888,11612.88 
				</coordinates>
			</LineString>
		</MultiGeometry>
	</Placemark>
	<Placemark>
		<name>P-255</name>
		<visibility>0</visibility>
		<description><![CDATA[<div><div><span><b>Altitude:</b></span> <span>38,100 ft</span></div>
<div><span><b>Speed:</b></span> <span>418 kt</span></div>
<div><span><b>Timestamp:</b></span><br/><span>2024-11-07 04:23:47 UTC<br/>2024-11-07 04:24:45 UTC</span></div>
</div>]]></description>
		<Style>
			<LineStyle>
				<color>ffae00ff</color>
				<width>2</width>
			</LineStyle>
		</Style>
		<MultiGeometry>
			<LineString>
				<tessellate>1</tessellate>
				<altitudeMode>absolute</altitudeMode>
				<coordinates>
					114.884354,42.209888,11612.88 114.733154,42.199173,11612.88 
				</coordinates>
			</LineString>
		</MultiGeometry>
	</Placemark>
	<Placemark>
		<name>P-256</name>
		<visibility>0</visibility>
		<description><![CDATA[<div><div><span><b>Altitude:</b></span> <span>38,100 ft</span></div>
<div><span><b>Speed:</b></span> <span>418 kt - 419 kt</span></div>
<div><span><b>Timestamp:</b></span><br/><span>2024-11-07 04:24:45 UTC<br/>2024-11-07 04:26:46 UTC</span></div>
</div>]]></description>
		<Style>
			<LineStyle>
				<color>ffae00ff</color>
				<width>2</width>
			</LineStyle>
		</Style>
		<MultiGeometry>
			<LineString>
				<tessellate>1</tessellate>
				<altitudeMode>absolute</altitudeMode>
				<coordinates>
					114.733154,42.199173,11612.88 114.420486,42.17601,11612.88 
				</coordinates>
			</LineString>
		</MultiGeometry>
	</Placemark>
	<Placemark>
		<name>P-257</name>
		<visibility>0</visibility>
		<description><![CDATA[<div><div><span><b>Altitude:</b></span> <span>38,100 ft</span></div>
<div><span><b>Speed:</b></span> <span>419 kt</span></div>
<div><span><b>Timestamp:</b></span><br/><span>2024-11-07 04:26:46 UTC<br/>2024-11-07 04:27:46 UTC</span></div>
</div>]]></description>
		<Style>
			<LineStyle>
				<color>ffae00ff</color>
				<width>2</width>
			</LineStyle>
		</Style>
		<MultiGeometry>
			<LineString>
				<tessellate>1</tessellate>
				<altitudeMode>absolute</altitudeMode>
				<coordinates>
					114.420486,42.17601,11612.88 114.26487,42.16415,11612.88 
				</coordinates>
			</LineString>
		</MultiGeometry>
	</Placemark>
	<Placemark>
		<name>P-258</name>
		<visibility>0</visibility>
		<description><![CDATA[<div><div><span><b>Altitude:</b></span> <span>38,100 ft</span></div>
<div><span><b>Speed:</b></span> <span>419 kt - 421 kt</span></div>
<div><span><b>Timestamp:</b></span><br/><span>2024-11-07 04:27:46 UTC<br/>2024-11-07 04:29:45 UTC</span></div>
</div>]]></description>
		<Style>
			<LineStyle>
				<color>ffae00ff</color>
				<width>2</width>
			</LineStyle>
		</Style>
		<MultiGeometry>
			<LineString>
				<tessellate>1</tessellate>
				<altitudeMode>absolute</altitudeMode>
				<coordinates>
					114.26487,42.16415,11612.88 113.957672,42.140442,11612.88 
				</coordinates>
			</LineString>
		</MultiGeometry>
	</Placemark>
	<Placemark>
		<name>P-259</name>
		<visibility>0</visibility>
		<description><![CDATA[<div><div><span><b>Altitude:</b></span> <span>38,100 ft</span></div>
<div><span><b>Speed:</b></span> <span>421 kt - 424 kt</span></div>
<div><span><b>Timestamp:</b></span><br/><span>2024-11-07 04:29:45 UTC<br/>2024-11-07 04:30:44 UTC</span></div>
</div>]]></description>
		<Style>
			<LineStyle>
				<color>ffae00ff</color>
				<width>2</width>
			</LineStyle>
		</Style>
		<MultiGeometry>
			<LineString>
				<tessellate>1</tessellate>
				<altitudeMode>absolute</altitudeMode>
				<coordinates>
					113.957672,42.140442,11612.88 113.802711,42.127731,11612.88 
				</coordinates>
			</LineString>
		</MultiGeometry>
	</Placemark>
	<Placemark>
		<name>P-260</name>
		<visibility>0</visibility>
		<description><![CDATA[<div><div><span><b>Altitude:</b></span> <span>38,100 ft - 38,125 ft</span></div>
<div><span><b>Speed:</b></span> <span>424 kt - 425 kt</span></div>
<div><span><b>Timestamp:</b></span><br/><span>2024-11-07 04:30:44 UTC<br/>2024-11-07 04:31:45 UTC</span></div>
</div>]]></description>
		<Style>
			<LineStyle>
				<color>ffae00ff</color>
				<width>2</width>
			</LineStyle>
		</Style>
		<MultiGeometry>
			<LineString>
				<tessellate>1</tessellate>
				<altitudeMode>absolute</altitudeMode>
				<coordinates>
					113.802711,42.127731,11612.88 113.642067,42.114552,11620.5 
				</coordinates>
			</LineString>
		</MultiGeometry>
	</Placemark>
	<Placemark>
		<name>P-261</name>
		<visibility>0</visibility>
		<description><![CDATA[<div><div><span><b>Altitude:</b></span> <span>38,125 ft - 38,100 ft</span></div>
<div><span><b>Speed:</b></span> <span>425 kt - 429 kt</span></div>
<div><span><b>Timestamp:</b></span><br/><span>2024-11-07 04:31:45 UTC<br/>2024-11-07 04:32:48 UTC</span></div>
</div>]]></description>
		<Style>
			<LineStyle>
				<color>ffae00ff</color>
				<width>2</width>
			</LineStyle>
		</Style>
		<MultiGeometry>
			<LineString>
				<tessellate>1</tessellate>
				<altitudeMode>absolute</altitudeMode>
				<coordinates>
					113.642067,42.114552,11620.5 113.47953,42.099335,11612.88 
				</coordinates>
			</LineString>
		</MultiGeometry>
	</Placemark>
	<Placemark>
		<name>P-262</name>
		<visibility>0</visibility>
		<description><![CDATA[<div><div><span><b>Altitude:</b></span> <span>38,100 ft - 38,125 ft</span></div>
<div><span><b>Speed:</b></span> <span>429 kt - 430 kt</span></div>
<div><span><b>Timestamp:</b></span><br/><span>2024-11-07 04:32:48 UTC<br/>2024-11-07 04:33:19 UTC</span></div>
</div>]]></description>
		<Style>
			<LineStyle>
				<color>ffae00ff</color>
				<width>2</width>
			</LineStyle>
		</Style>
		<MultiGeometry>
			<LineString>
				<tessellate>1</tessellate>
				<altitudeMode>absolute</altitudeMode>
				<coordinates>
					113.47953,42.099335,11612.88 113.396263,42.083771,11620.5 
				</coordinates>
			</LineString>
		</MultiGeometry>
	</Placemark>
	<Placemark>
		<name>P-263</name>
		<visibility>0</visibility>
		<description><![CDATA[<div><div><span><b>Altitude:</b></span> <span>38,125 ft</span></div>
<div><span><b>Speed:</b></span> <span>430 kt - 429 kt</span></div>
<div><span><b>Timestamp:</b></span><br/><span>2024-11-07 04:33:19 UTC<br/>2024-11-07 04:33:53 UTC</span></div>
</div>]]></description>
		<Style>
			<LineStyle>
				<color>ffae00ff</color>
				<width>2</width>
			</LineStyle>
		</Style>
		<MultiGeometry>
			<LineString>
				<tessellate>1</tessellate>
				<altitudeMode>absolute</altitudeMode>
				<coordinates>
					113.396263,42.083771,11620.5 113.309731,42.067581,11620.5 
				</coordinates>
			</LineString>
		</MultiGeometry>
	</Placemark>
	<Placemark>
		<name>P-264</name>
		<visibility>0</visibility>
		<description><![CDATA[<div><div><span><b>Altitude:</b></span> <span>38,125 ft</span></div>
<div><span><b>Speed:</b></span> <span>429 kt</span></div>
<div><span><b>Timestamp:</b></span><br/><span>2024-11-07 04:33:53 UTC<br/>2024-11-07 04:34:24 UTC</span></div>
</div>]]></description>
		<Style>
			<LineStyle>
				<color>ffae00ff</color>
				<width>2</width>
			</LineStyle>
		</Style>
		<MultiGeometry>
			<LineString>
				<tessellate>1</tessellate>
				<altitudeMode>absolute</altitudeMode>
				<coordinates>
					113.309731,42.067581,11620.5 113.228722,42.05246,11620.5 
				</coordinates>
			</LineString>
		</MultiGeometry>
	</Placemark>
	<Placemark>
		<name>P-265</name>
		<visibility>0</visibility>
		<description><![CDATA[<div><div><span><b>Altitude:</b></span> <span>38,125 ft</span></div>
<div><span><b>Speed:</b></span> <span>429 kt</span></div>
<div><span><b>Timestamp:</b></span><br/><span>2024-11-07 04:34:24 UTC<br/>2024-11-07 04:34:55 UTC</span></div>
</div>]]></description>
		<Style>
			<LineStyle>
				<color>ffae00ff</color>
				<width>2</width>
			</LineStyle>
		</Style>
		<MultiGeometry>
			<LineString>
				<tessellate>1</tessellate>
				<altitudeMode>absolute</altitudeMode>
				<coordinates>
					113.228722,42.05246,11620.5 113.151451,42.03788,11620.5 
				</coordinates>
			</LineString>
		</MultiGeometry>
	</Placemark>
	<Placemark>
		<name>P-266</name>
		<visibility>0</visibility>
		<description><![CDATA[<div><div><span><b>Altitude:</b></span> <span>38,125 ft - 38,100 ft</span></div>
<div><span><b>Speed:</b></span> <span>429 kt</span></div>
<div><span><b>Timestamp:</b></span><br/><span>2024-11-07 04:34:55 UTC<br/>2024-11-07 04:35:28 UTC</span></div>
</div>]]></description>
		<Style>
			<LineStyle>
				<color>ffae00ff</color>
				<width>2</width>
			</LineStyle>
		</Style>
		<MultiGeometry>
			<LineString>
				<tessellate>1</tessellate>
				<altitudeMode>absolute</altitudeMode>
				<coordinates>
					113.151451,42.03788,11620.5 113.062798,42.020966,11612.88 
				</coordinates>
			</LineString>
		</MultiGeometry>
	</Placemark>
	<Placemark>
		<name>P-267</name>
		<visibility>0</visibility>
		<description><![CDATA[<div><div><span><b>Altitude:</b></span> <span>38,100 ft</span></div>
<div><span><b>Speed:</b></span> <span>429 kt - 428 kt</span></div>
<div><span><b>Timestamp:</b></span><br/><span>2024-11-07 04:35:28 UTC<br/>2024-11-07 04:35:45 UTC</span></div>
</div>]]></description>
		<Style>
			<LineStyle>
				<color>ffae00ff</color>
				<width>2</width>
			</LineStyle>
		</Style>
		<MultiGeometry>
			<LineString>
				<tessellate>1</tessellate>
				<altitudeMode>absolute</altitudeMode>
				<coordinates>
					113.062798,42.020966,11612.88 113.019173,42.01268,11612.88 
				</coordinates>
			</LineString>
		</MultiGeometry>
	</Placemark>
	<Placemark>
		<name>P-268</name>
		<visibility>0</visibility>
		<description><![CDATA[<div><div><span><b>Altitude:</b></span> <span>38,100 ft - 38,075 ft</span></div>
<div><span><b>Speed:</b></span> <span>428 kt - 422 kt</span></div>
<div><span><b>Timestamp:</b></span><br/><span>2024-11-07 04:35:45 UTC<br/>2024-11-07 04:37:45 UTC</span></div>
</div>]]></description>
		<Style>
			<LineStyle>
				<color>ffae00ff</color>
				<width>2</width>
			</LineStyle>
		</Style>
		<MultiGeometry>
			<LineString>
				<tessellate>1</tessellate>
				<altitudeMode>absolute</altitudeMode>
				<coordinates>
					113.019173,42.01268,11612.88 112.712959,41.960232,11605.26 
				</coordinates>
			</LineString>
		</MultiGeometry>
	</Placemark>
	<Placemark>
		<name>P-269</name>
		<visibility>0</visibility>
		<description><![CDATA[<div><div><span><b>Altitude:</b></span> <span>38,075 ft</span></div>
<div><span><b>Speed:</b></span> <span>422 kt - 420 kt</span></div>
<div><span><b>Timestamp:</b></span><br/><span>2024-11-07 04:37:45 UTC<br/>2024-11-07 04:39:38 UTC</span></div>
</div>]]></description>
		<Style>
			<LineStyle>
				<color>ffae00ff</color>
				<width>2</width>
			</LineStyle>
		</Style>
		<MultiGeometry>
			<LineString>
				<tessellate>1</tessellate>
				<altitudeMode>absolute</altitudeMode>
				<coordinates>
					112.712959,41.960232,11605.26 112.42437,41.985928,11605.26 
				</coordinates>
			</LineString>
		</MultiGeometry>
	</Placemark>
	<Placemark>
		<name>P-270</name>
		<visibility>0</visibility>
		<description><![CDATA[<div><div><span><b>Altitude:</b></span> <span>38,075 ft - 38,100 ft</span></div>
<div><span><b>Speed:</b></span> <span>420 kt</span></div>
<div><span><b>Timestamp:</b></span><br/><span>2024-11-07 04:39:38 UTC<br/>2024-11-07 04:40:21 UTC</span></div>
</div>]]></description>
		<Style>
			<LineStyle>
				<color>ffae00ff</color>
				<width>2</width>
			</LineStyle>
		</Style>
		<MultiGeometry>
			<LineString>
				<tessellate>1</tessellate>
				<altitudeMode>absolute</altitudeMode>
				<coordinates>
					112.42437,41.985928,11605.26 112.314796,42.007965,11612.88 
				</coordinates>
			</LineString>
		</MultiGeometry>
	</Placemark>
	<Placemark>
		<name>P-271</name>
		<visibility>0</visibility>
		<description><![CDATA[<div><div><span><b>Altitude:</b></span> <span>38,100 ft</span></div>
<div><span><b>Speed:</b></span> <span>420 kt</span></div>
<div><span><b>Timestamp:</b></span><br/><span>2024-11-07 04:40:21 UTC<br/>2024-11-07 04:41:54 UTC</span></div>
</div>]]></description>
		<Style>
			<LineStyle>
				<color>ffae00ff</color>
				<width>2</width>
			</LineStyle>
		</Style>
		<MultiGeometry>
			<LineString>
				<tessellate>1</tessellate>
				<altitudeMode>absolute</altitudeMode>
				<coordinates>
					112.314796,42.007965,11612.88 112.083412,42.054409,11612.88 
				</coordinates>
			</LineString>
		</MultiGeometry>
	</Placemark>
	<Placemark>
		<name>P-272</name>
		<visibility>0</visibility>
		<description><![CDATA[<div><div><span><b>Altitude:</b></span> <span>38,100 ft</span></div>
<div><span><b>Speed:</b></span> <span>420 kt</span></div>
<div><span><b>Timestamp:</b></span><br/><span>2024-11-07 04:41:54 UTC<br/>2024-11-07 04:42:30 UTC</span></div>
</div>]]></description>
		<Style>
			<LineStyle>
				<color>ffae00ff</color>
				<width>2</width>
			</LineStyle>
		</Style>
		<MultiGeometry>
			<LineString>
				<tessellate>1</tessellate>
				<altitudeMode>absolute</altitudeMode>
				<coordinates>
					112.083412,42.054409,11612.88 111.989586,42.072701,11612.88 
				</coordinates>
			</LineString>
		</MultiGeometry>
	</Placemark>
	<Placemark>
		<name>P-273</name>
		<visibility>0</visibility>
		<description><![CDATA[<div><div><span><b>Altitude:</b></span> <span>38,100 ft</span></div>
<div><span><b>Speed:</b></span> <span>420 kt</span></div>
<div><span><b>Timestamp:</b></span><br/><span>2024-11-07 04:42:30 UTC<br/>2024-11-07 04:42:59 UTC</span></div>
</div>]]></description>
		<Style>
			<LineStyle>
				<color>ffae00ff</color>
				<width>2</width>
			</LineStyle>
		</Style>
		<MultiGeometry>
			<LineString>
				<tessellate>1</tessellate>
				<altitudeMode>absolute</altitudeMode>
				<coordinates>
					111.989586,42.072701,11612.88 111.916786,42.087067,11612.88 
				</coordinates>
			</LineString>
		</MultiGeometry>
	</Placemark>
	<Placemark>
		<name>P-274</name>
		<visibility>0</visibility>
		<description><![CDATA[<div><div><span><b>Altitude:</b></span> <span>38,100 ft</span></div>
<div><span><b>Speed:</b></span> <span>420 kt</span></div>
<div><span><b>Timestamp:</b></span><br/><span>2024-11-07 04:42:59 UTC<br/>2024-11-07 04:43:42 UTC</span></div>
</div>]]></description>
		<Style>
			<LineStyle>
				<color>ffae00ff</color>
				<width>2</width>
			</LineStyle>
		</Style>
		<MultiGeometry>
			<LineString>
				<tessellate>1</tessellate>
				<altitudeMode>absolute</altitudeMode>
				<coordinates>
					111.916786,42.087067,11612.88 111.807861,42.108765,11612.88 
				</coordinates>
			</LineString>
		</MultiGeometry>
	</Placemark>
	<Placemark>
		<name>P-275</name>
		<visibility>0</visibility>
		<description><![CDATA[<div><div><span><b>Altitude:</b></span> <span>38,100 ft</span></div>
<div><span><b>Speed:</b></span> <span>420 kt</span></div>
<div><span><b>Timestamp:</b></span><br/><span>2024-11-07 04:43:42 UTC<br/>2024-11-07 04:44:09 UTC</span></div>
</div>]]></description>
		<Style>
			<LineStyle>
				<color>ffae00ff</color>
				<width>2</width>
			</LineStyle>
		</Style>
		<MultiGeometry>
			<LineString>
				<tessellate>1</tessellate>
				<altitudeMode>absolute</altitudeMode>
				<coordinates>
					111.807861,42.108765,11612.88 111.739708,42.122326,11612.88 
				</coordinates>
			</LineString>
		</MultiGeometry>
	</Placemark>
	<Placemark>
		<name>P-276</name>
		<visibility>0</visibility>
		<description><![CDATA[<div><div><span><b>Altitude:</b></span> <span>38,100 ft</span></div>
<div><span><b>Speed:</b></span> <span>420 kt - 418 kt</span></div>
<div><span><b>Timestamp:</b></span><br/><span>2024-11-07 04:44:09 UTC<br/>2024-11-07 04:45:09 UTC</span></div>
</div>]]></description>
		<Style>
			<LineStyle>
				<color>ffae00ff</color>
				<width>2</width>
			</LineStyle>
		</Style>
		<MultiGeometry>
			<LineString>
				<tessellate>1</tessellate>
				<altitudeMode>absolute</altitudeMode>
				<coordinates>
					111.739708,42.122326,11612.88 111.588455,42.151703,11612.88 
				</coordinates>
			</LineString>
		</MultiGeometry>
	</Placemark>
	<Placemark>
		<name>P-277</name>
		<visibility>0</visibility>
		<description><![CDATA[<div><div><span><b>Altitude:</b></span> <span>38,100 ft</span></div>
<div><span><b>Speed:</b></span> <span>418 kt</span></div>
<div><span><b>Timestamp:</b></span><br/><span>2024-11-07 04:45:09 UTC<br/>2024-11-07 04:45:43 UTC</span></div>
</div>]]></description>
		<Style>
			<LineStyle>
				<color>ffae00ff</color>
				<width>2</width>
			</LineStyle>
		</Style>
		<MultiGeometry>
			<LineString>
				<tessellate>1</tessellate>
				<altitudeMode>absolute</altitudeMode>
				<coordinates>
					111.588455,42.151703,11612.88 111.503181,42.168228,11612.88 
				</coordinates>
			</LineString>
		</MultiGeometry>
	</Placemark>
	<Placemark>
		<name>P-278</name>
		<visibility>0</visibility>
		<description><![CDATA[<div><div><span><b>Altitude:</b></span> <span>38,100 ft</span></div>
<div><span><b>Speed:</b></span> <span>418 kt - 417 kt</span></div>
<div><span><b>Timestamp:</b></span><br/><span>2024-11-07 04:45:43 UTC<br/>2024-11-07 04:46:19 UTC</span></div>
</div>]]></description>
		<Style>
			<LineStyle>
				<color>ffae00ff</color>
				<width>2</width>
			</LineStyle>
		</Style>
		<MultiGeometry>
			<LineString>
				<tessellate>1</tessellate>
				<altitudeMode>absolute</altitudeMode>
				<coordinates>
					111.503181,42.168228,11612.88 111.412865,42.185543,11612.88 
				</coordinates>
			</LineString>
		</MultiGeometry>
	</Placemark>
	<Placemark>
		<name>P-279</name>
		<visibility>0</visibility>
		<description><![CDATA[<div><div><span><b>Altitude:</b></span> <span>38,100 ft</span></div>
<div><span><b>Speed:</b></span> <span>417 kt - 416 kt</span></div>
<div><span><b>Timestamp:</b></span><br/><span>2024-11-07 04:46:19 UTC<br/>2024-11-07 04:46:45 UTC</span></div>
</div>]]></description>
		<Style>
			<LineStyle>
				<color>ffae00ff</color>
				<width>2</width>
			</LineStyle>
		</Style>
		<MultiGeometry>
			<LineString>
				<tessellate>1</tessellate>
				<altitudeMode>absolute</altitudeMode>
				<coordinates>
					111.412865,42.185543,11612.88 111.347069,42.194439,11612.88 
				</coordinates>
			</LineString>
		</MultiGeometry>
	</Placemark>
	<Placemark>
		<name>P-280</name>
		<visibility>0</visibility>
		<description><![CDATA[<div><div><span><b>Altitude:</b></span> <span>38,100 ft</span></div>
<div><span><b>Speed:</b></span> <span>416 kt - 419 kt</span></div>
<div><span><b>Timestamp:</b></span><br/><span>2024-11-07 04:46:45 UTC<br/>2024-11-07 04:47:37 UTC</span></div>
</div>]]></description>
		<Style>
			<LineStyle>
				<color>ffae00ff</color>
				<width>2</width>
			</LineStyle>
		</Style>
		<MultiGeometry>
			<LineString>
				<tessellate>1</tessellate>
				<altitudeMode>absolute</altitudeMode>
				<coordinates>
					111.347069,42.194439,11612.88 111.210579,42.196205,11612.88 
				</coordinates>
			</LineString>
		</MultiGeometry>
	</Placemark>
	<Placemark>
		<name>P-281</name>
		<visibility>0</visibility>
		<description><![CDATA[<div><div><span><b>Altitude:</b></span> <span>38,100 ft - 38,075 ft</span></div>
<div><span><b>Speed:</b></span> <span>419 kt - 420 kt</span></div>
<div><span><b>Timestamp:</b></span><br/><span>2024-11-07 04:47:37 UTC<br/>2024-11-07 04:48:11 UTC</span></div>
</div>]]></description>
		<Style>
			<LineStyle>
				<color>ffae00ff</color>
				<width>2</width>
			</LineStyle>
		</Style>
		<MultiGeometry>
			<LineString>
				<tessellate>1</tessellate>
				<altitudeMode>absolute</altitudeMode>
				<coordinates>
					111.210579,42.196205,11612.88 111.123711,42.187317,11605.26 
				</coordinates>
			</LineString>
		</MultiGeometry>
	</Placemark>
	<Placemark>
		<name>P-282</name>
		<visibility>0</visibility>
		<description><![CDATA[<div><div><span><b>Altitude:</b></span> <span>38,075 ft - 38,100 ft</span></div>
<div><span><b>Speed:</b></span> <span>420 kt - 419 kt</span></div>
<div><span><b>Timestamp:</b></span><br/><span>2024-11-07 04:48:11 UTC<br/>2024-11-07 04:48:41 UTC</span></div>
</div>]]></description>
		<Style>
			<LineStyle>
				<color>ffae00ff</color>
				<width>2</width>
			</LineStyle>
		</Style>
		<MultiGeometry>
			<LineString>
				<tessellate>1</tessellate>
				<altitudeMode>absolute</altitudeMode>
				<coordinates>
					111.123711,42.187317,11605.26 111.044685,42.178848,11612.88 
				</coordinates>
			</LineString>
		</MultiGeometry>
	</Placemark>
	<Placemark>
		<name>P-283</name>
		<visibility>0</visibility>
		<description><![CDATA[<div><div><span><b>Altitude:</b></span> <span>38,100 ft - 38,125 ft</span></div>
<div><span><b>Speed:</b></span> <span>419 kt</span></div>
<div><span><b>Timestamp:</b></span><br/><span>2024-11-07 04:48:41 UTC<br/>2024-11-07 04:49:14 UTC</span></div>
</div>]]></description>
		<Style>
			<LineStyle>
				<color>ffae00ff</color>
				<width>2</width>
			</LineStyle>
		</Style>
		<MultiGeometry>
			<LineString>
				<tessellate>1</tessellate>
				<altitudeMode>absolute</altitudeMode>
				<coordinates>
					111.044685,42.178848,11612.88 110.960228,42.170105,11620.5 
				</coordinates>
			</LineString>
		</MultiGeometry>
	</Placemark>
	<Placemark>
		<name>P-284</name>
		<visibility>0</visibility>
		<description><![CDATA[<div><div><span><b>Altitude:</b></span> <span>38,125 ft - 38,100 ft</span></div>
<div><span><b>Speed:</b></span> <span>419 kt</span></div>
<div><span><b>Timestamp:</b></span><br/><span>2024-11-07 04:49:14 UTC<br/>2024-11-07 04:49:44 UTC</span></div>
</div>]]></description>
		<Style>
			<LineStyle>
				<color>ffae00ff</color>
				<width>2</width>
			</LineStyle>
		</Style>
		<MultiGeometry>
			<LineString>
				<tessellate>1</tessellate>
				<altitudeMode>absolute</altitudeMode>
				<coordinates>
					110.960228,42.170105,11620.5 110.883072,42.161682,11612.88 
				</coordinates>
			</LineString>
		</MultiGeometry>
	</Placemark>
	<Placemark>
		<name>P-285</name>
		<visibility>0</visibility>
		<description><![CDATA[<div><div><span><b>Altitude:</b></span> <span>38,100 ft</span></div>
<div><span><b>Speed:</b></span> <span>419 kt - 420 kt</span></div>
<div><span><b>Timestamp:</b></span><br/><span>2024-11-07 04:49:44 UTC<br/>2024-11-07 04:50:18 UTC</span></div>
</div>]]></description>
		<Style>
			<LineStyle>
				<color>ffae00ff</color>
				<width>2</width>
			</LineStyle>
		</Style>
		<MultiGeometry>
			<LineString>
				<tessellate>1</tessellate>
				<altitudeMode>absolute</altitudeMode>
				<coordinates>
					110.883072,42.161682,11612.88 110.796036,42.151936,11612.88 
				</coordinates>
			</LineString>
		</MultiGeometry>
	</Placemark>
	<Placemark>
		<name>P-286</name>
		<visibility>0</visibility>
		<description><![CDATA[<div><div><span><b>Altitude:</b></span> <span>38,100 ft - 38,075 ft</span></div>
<div><span><b>Speed:</b></span> <span>420 kt - 421 kt</span></div>
<div><span><b>Timestamp:</b></span><br/><span>2024-11-07 04:50:18 UTC<br/>2024-11-07 04:50:48 UTC</span></div>
</div>]]></description>
		<Style>
			<LineStyle>
				<color>ffae00ff</color>
				<width>2</width>
			</LineStyle>
		</Style>
		<MultiGeometry>
			<LineString>
				<tessellate>1</tessellate>
				<altitudeMode>absolute</altitudeMode>
				<coordinates>
					110.796036,42.151936,11612.88 110.718109,42.143181,11605.26 
				</coordinates>
			</LineString>
		</MultiGeometry>
	</Placemark>
	<Placemark>
		<name>P-287</name>
		<visibility>0</visibility>
		<description><![CDATA[<div><div><span><b>Altitude:</b></span> <span>38,075 ft</span></div>
<div><span><b>Speed:</b></span> <span>421 kt - 422 kt</span></div>
<div><span><b>Timestamp:</b></span><br/><span>2024-11-07 04:50:48 UTC<br/>2024-11-07 04:51:21 UTC</span></div>
</div>]]></description>
		<Style>
			<LineStyle>
				<color>ffae00ff</color>
				<width>2</width>
			</LineStyle>
		</Style>
		<MultiGeometry>
			<LineString>
				<tessellate>1</tessellate>
				<altitudeMode>absolute</altitudeMode>
				<coordinates>
					110.718109,42.143181,11605.26 110.631073,42.13353,11605.26 
				</coordinates>
			</LineString>
		</MultiGeometry>
	</Placemark>
	<Placemark>
		<name>P-288</name>
		<visibility>0</visibility>
		<description><![CDATA[<div><div><span><b>Altitude:</b></span> <span>38,075 ft</span></div>
<div><span><b>Speed:</b></span> <span>422 kt - 424 kt</span></div>
<div><span><b>Timestamp:</b></span><br/><span>2024-11-07 04:51:21 UTC<br/>2024-11-07 04:51:54 UTC</span></div>
</div>]]></description>
		<Style>
			<LineStyle>
				<color>ffae00ff</color>
				<width>2</width>
			</LineStyle>
		</Style>
		<MultiGeometry>
			<LineString>
				<tessellate>1</tessellate>
				<altitudeMode>absolute</altitudeMode>
				<coordinates>
					110.631073,42.13353,11605.26 110.544945,42.123772,11605.26 
				</coordinates>
			</LineString>
		</MultiGeometry>
	</Placemark>
	<Placemark>
		<name>P-289</name>
		<visibility>0</visibility>
		<description><![CDATA[<div><div><span><b>Altitude:</b></span> <span>38,075 ft - 38,125 ft</span></div>
<div><span><b>Speed:</b></span> <span>424 kt</span></div>
<div><span><b>Timestamp:</b></span><br/><span>2024-11-07 04:51:54 UTC<br/>2024-11-07 04:52:28 UTC</span></div>
</div>]]></description>
		<Style>
			<LineStyle>
				<color>ffae00ff</color>
				<width>2</width>
			</LineStyle>
		</Style>
		<MultiGeometry>
			<LineString>
				<tessellate>1</tessellate>
				<altitudeMode>absolute</altitudeMode>
				<coordinates>
					110.544945,42.123772,11605.26 110.458717,42.114227,11620.5 
				</coordinates>
			</LineString>
		</MultiGeometry>
	</Placemark>
	<Placemark>
		<name>P-290</name>
		<visibility>0</visibility>
		<description><![CDATA[<div><div><span><b>Altitude:</b></span> <span>38,125 ft</span></div>
<div><span><b>Speed:</b></span> <span>424 kt</span></div>
<div><span><b>Timestamp:</b></span><br/><span>2024-11-07 04:52:28 UTC<br/>2024-11-07 04:52:59 UTC</span></div>
</div>]]></description>
		<Style>
			<LineStyle>
				<color>ffae00ff</color>
				<width>2</width>
			</LineStyle>
		</Style>
		<MultiGeometry>
			<LineString>
				<tessellate>1</tessellate>
				<altitudeMode>absolute</altitudeMode>
				<coordinates>
					110.458717,42.114227,11620.5 110.37619,42.104961,11620.5 
				</coordinates>
			</LineString>
		</MultiGeometry>
	</Placemark>
	<Placemark>
		<name>P-291</name>
		<visibility>0</visibility>
		<description><![CDATA[<div><div><span><b>Altitude:</b></span> <span>38,125 ft</span></div>
<div><span><b>Speed:</b></span> <span>424 kt</span></div>
<div><span><b>Timestamp:</b></span><br/><span>2024-11-07 04:52:59 UTC<br/>2024-11-07 04:53:30 UTC</span></div>
</div>]]></description>
		<Style>
			<LineStyle>
				<color>ffae00ff</color>
				<width>2</width>
			</LineStyle>
		</Style>
		<MultiGeometry>
			<LineString>
				<tessellate>1</tessellate>
				<altitudeMode>absolute</altitudeMode>
				<coordinates>
					110.37619,42.104961,11620.5 110.295494,42.095673,11620.5 
				</coordinates>
			</LineString>
		</MultiGeometry>
	</Placemark>
	<Placemark>
		<name>P-292</name>
		<visibility>0</visibility>
		<description><![CDATA[<div><div><span><b>Altitude:</b></span> <span>38,125 ft</span></div>
<div><span><b>Speed:</b></span> <span>424 kt - 422 kt</span></div>
<div><span><b>Timestamp:</b></span><br/><span>2024-11-07 04:53:30 UTC<br/>2024-11-07 04:54:04 UTC</span></div>
</div>]]></description>
		<Style>
			<LineStyle>
				<color>ffae00ff</color>
				<width>2</width>
			</LineStyle>
		</Style>
		<MultiGeometry>
			<LineString>
				<tessellate>1</tessellate>
				<altitudeMode>absolute</altitudeMode>
				<coordinates>
					110.295494,42.095673,11620.5 110.210915,42.086014,11620.5 
				</coordinates>
			</LineString>
		</MultiGeometry>
	</Placemark>
	<Placemark>
		<name>P-293</name>
		<visibility>0</visibility>
		<description><![CDATA[<div><div><span><b>Altitude:</b></span> <span>38,125 ft - 38,100 ft</span></div>
<div><span><b>Speed:</b></span> <span>422 kt</span></div>
<div><span><b>Timestamp:</b></span><br/><span>2024-11-07 04:54:04 UTC<br/>2024-11-07 04:54:34 UTC</span></div>
</div>]]></description>
		<Style>
			<LineStyle>
				<color>ffae00ff</color>
				<width>2</width>
			</LineStyle>
		</Style>
		<MultiGeometry>
			<LineString>
				<tessellate>1</tessellate>
				<altitudeMode>absolute</altitudeMode>
				<coordinates>
					110.210915,42.086014,11620.5 110.129013,42.07663,11612.88 
				</coordinates>
			</LineString>
		</MultiGeometry>
	</Placemark>
	<Placemark>
		<name>P-294</name>
		<visibility>0</visibility>
		<description><![CDATA[<div><div><span><b>Altitude:</b></span> <span>38,100 ft</span></div>
<div><span><b>Speed:</b></span> <span>422 kt</span></div>
<div><span><b>Timestamp:</b></span><br/><span>2024-11-07 04:54:34 UTC<br/>2024-11-07 04:55:08 UTC</span></div>
</div>]]></description>
		<Style>
			<LineStyle>
				<color>ffae00ff</color>
				<width>2</width>
			</LineStyle>
		</Style>
		<MultiGeometry>
			<LineString>
				<tessellate>1</tessellate>
				<altitudeMode>absolute</altitudeMode>
				<coordinates>
					110.129013,42.07663,11612.88 110.041748,42.066422,11612.88 
				</coordinates>
			</LineString>
		</MultiGeometry>
	</Placemark>
	<Placemark>
		<name>P-295</name>
		<visibility>0</visibility>
		<description><![CDATA[<div><div><span><b>Altitude:</b></span> <span>38,100 ft</span></div>
<div><span><b>Speed:</b></span> <span>422 kt - 420 kt</span></div>
<div><span><b>Timestamp:</b></span><br/><span>2024-11-07 04:55:08 UTC<br/>2024-11-07 04:55:42 UTC</span></div>
</div>]]></description>
		<Style>
			<LineStyle>
				<color>ffae00ff</color>
				<width>2</width>
			</LineStyle>
		</Style>
		<MultiGeometry>
			<LineString>
				<tessellate>1</tessellate>
				<altitudeMode>absolute</altitudeMode>
				<coordinates>
					110.041748,42.066422,11612.88 109.955727,42.056213,11612.88 
				</coordinates>
			</LineString>
		</MultiGeometry>
	</Placemark>
	<Placemark>
		<name>P-296</name>
		<visibility>0</visibility>
		<description><![CDATA[<div><div><span><b>Altitude:</b></span> <span>38,100 ft - 38,075 ft</span></div>
<div><span><b>Speed:</b></span> <span>420 kt</span></div>
<div><span><b>Timestamp:</b></span><br/><span>2024-11-07 04:55:42 UTC<br/>2024-11-07 04:56:15 UTC</span></div>
</div>]]></description>
		<Style>
			<LineStyle>
				<color>ffae00ff</color>
				<width>2</width>
			</LineStyle>
		</Style>
		<MultiGeometry>
			<LineString>
				<tessellate>1</tessellate>
				<altitudeMode>absolute</altitudeMode>
				<coordinates>
					109.955727,42.056213,11612.88 109.869858,42.045982,11605.26 
				</coordinates>
			</LineString>
		</MultiGeometry>
	</Placemark>
	<Placemark>
		<name>P-297</name>
		<visibility>0</visibility>
		<description><![CDATA[<div><div><span><b>Altitude:</b></span> <span>38,075 ft</span></div>
<div><span><b>Speed:</b></span> <span>420 kt - 422 kt</span></div>
<div><span><b>Timestamp:</b></span><br/><span>2024-11-07 04:56:15 UTC<br/>2024-11-07 04:56:45 UTC</span></div>
</div>]]></description>
		<Style>
			<LineStyle>
				<color>ffae00ff</color>
				<width>2</width>
			</LineStyle>
		</Style>
		<MultiGeometry>
			<LineString>
				<tessellate>1</tessellate>
				<altitudeMode>absolute</altitudeMode>
				<coordinates>
					109.869858,42.045982,11605.26 109.79187,42.036713,11605.26 
				</coordinates>
			</LineString>
		</MultiGeometry>
	</Placemark>
	<Placemark>
		<name>P-298</name>
		<visibility>0</visibility>
		<description><![CDATA[<div><div><span><b>Altitude:</b></span> <span>38,075 ft - 38,050 ft</span></div>
<div><span><b>Speed:</b></span> <span>422 kt - 423 kt</span></div>
<div><span><b>Timestamp:</b></span><br/><span>2024-11-07 04:56:45 UTC<br/>2024-11-07 04:57:19 UTC</span></div>
</div>]]></description>
		<Style>
			<LineStyle>
				<color>ffae00ff</color>
				<width>2</width>
			</LineStyle>
		</Style>
		<MultiGeometry>
			<LineString>
				<tessellate>1</tessellate>
				<altitudeMode>absolute</altitudeMode>
				<coordinates>
					109.79187,42.036713,11605.26 109.70504,42.026093,11597.64 
				</coordinates>
			</LineString>
		</MultiGeometry>
	</Placemark>
	<Placemark>
		<name>P-299</name>
		<visibility>0</visibility>
		<description><![CDATA[<div><div><span><b>Altitude:</b></span> <span>38,050 ft - 38,075 ft</span></div>
<div><span><b>Speed:</b></span> <span>423 kt - 425 kt</span></div>
<div><span><b>Timestamp:</b></span><br/><span>2024-11-07 04:57:19 UTC<br/>2024-11-07 04:57:49 UTC</span></div>
</div>]]></description>
		<Style>
			<LineStyle>
				<color>ffae00ff</color>
				<width>2</width>
			</LineStyle>
		</Style>
		<MultiGeometry>
			<LineString>
				<tessellate>1</tessellate>
				<altitudeMode>absolute</altitudeMode>
				<coordinates>
					109.70504,42.026093,11597.64 109.626137,42.016663,11605.26 
				</coordinates>
			</LineString>
		</MultiGeometry>
	</Placemark>
	<Placemark>
		<name>P-300</name>
		<visibility>0</visibility>
		<description><![CDATA[<div><div><span><b>Altitude:</b></span> <span>38,075 ft - 38,100 ft</span></div>
<div><span><b>Speed:</b></span> <span>425 kt - 426 kt</span></div>
<div><span><b>Timestamp:</b></span><br/><span>2024-11-07 04:57:49 UTC<br/>2024-11-07 04:58:22 UTC</span></div>
</div>]]></description>
		<Style>
			<LineStyle>
				<color>ffae00ff</color>
				<width>2</width>
			</LineStyle>
		</Style>
		<MultiGeometry>
			<LineString>
				<tessellate>1</tessellate>
				<altitudeMode>absolute</altitudeMode>
				<coordinates>
					109.626137,42.016663,11605.26 109.540367,42.006317,11612.88 
				</coordinates>
			</LineString>
		</MultiGeometry>
	</Placemark>
	<Placemark>
		<name>P-301</name>
		<visibility>0</visibility>
		<description><![CDATA[<div><div><span><b>Altitude:</b></span> <span>38,100 ft - 38,125 ft</span></div>
<div><span><b>Speed:</b></span> <span>426 kt</span></div>
<div><span><b>Timestamp:</b></span><br/><span>2024-11-07 04:58:22 UTC<br/>2024-11-07 04:58:53 UTC</span></div>
</div>]]></description>
		<Style>
			<LineStyle>
				<color>ffae00ff</color>
				<width>2</width>
			</LineStyle>
		</Style>
		<MultiGeometry>
			<LineString>
				<tessellate>1</tessellate>
				<altitudeMode>absolute</altitudeMode>
				<coordinates>
					109.540367,42.006317,11612.88 109.460236,41.99659,11620.5 
				</coordinates>
			</LineString>
		</MultiGeometry>
	</Placemark>
	<Placemark>
		<name>P-302</name>
		<visibility>0</visibility>
		<description><![CDATA[<div><div><span><b>Altitude:</b></span> <span>38,125 ft</span></div>
<div><span><b>Speed:</b></span> <span>426 kt</span></div>
<div><span><b>Timestamp:</b></span><br/><span>2024-11-07 04:58:53 UTC<br/>2024-11-07 04:59:26 UTC</span></div>
</div>]]></description>
		<Style>
			<LineStyle>
				<color>ffae00ff</color>
				<width>2</width>
			</LineStyle>
		</Style>
		<MultiGeometry>
			<LineString>
				<tessellate>1</tessellate>
				<altitudeMode>absolute</altitudeMode>
				<coordinates>
					109.460236,41.99659,11620.5 109.374451,41.986115,11620.5 
				</coordinates>
			</LineString>
		</MultiGeometry>
	</Placemark>
	<Placemark>
		<name>P-303</name>
		<visibility>0</visibility>
		<description><![CDATA[<div><div><span><b>Altitude:</b></span> <span>38,125 ft - 38,150 ft</span></div>
<div><span><b>Speed:</b></span> <span>426 kt - 424 kt</span></div>
<div><span><b>Timestamp:</b></span><br/><span>2024-11-07 04:59:26 UTC<br/>2024-11-07 04:59:59 UTC</span></div>
</div>]]></description>
		<Style>
			<LineStyle>
				<color>ffae00ff</color>
				<width>2</width>
			</LineStyle>
		</Style>
		<MultiGeometry>
			<LineString>
				<tessellate>1</tessellate>
				<altitudeMode>absolute</altitudeMode>
				<coordinates>
					109.374451,41.986115,11620.5 109.287994,41.975464,11628.12 
				</coordinates>
			</LineString>
		</MultiGeometry>
	</Placemark>
	<Placemark>
		<name>P-304</name>
		<visibility>0</visibility>
		<description><![CDATA[<div><div><span><b>Altitude:</b></span> <span>38,150 ft - 38,125 ft</span></div>
<div><span><b>Speed:</b></span> <span>424 kt</span></div>
<div><span><b>Timestamp:</b></span><br/><span>2024-11-07 04:59:59 UTC<br/>2024-11-07 05:00:17 UTC</span></div>
</div>]]></description>
		<Style>
			<LineStyle>
				<color>ffae00ff</color>
				<width>2</width>
			</LineStyle>
		</Style>
		<MultiGeometry>
			<LineString>
				<tessellate>1</tessellate>
				<altitudeMode>absolute</altitudeMode>
				<coordinates>
					109.287994,41.975464,11628.12 109.240181,41.969559,11620.5 
				</coordinates>
			</LineString>
		</MultiGeometry>
	</Placemark>
	<Placemark>
		<name>P-305</name>
		<visibility>0</visibility>
		<description><![CDATA[<div><div><span><b>Altitude:</b></span> <span>38,125 ft - 38,100 ft</span></div>
<div><span><b>Speed:</b></span> <span>424 kt</span></div>
<div><span><b>Timestamp:</b></span><br/><span>2024-11-07 05:00:17 UTC<br/>2024-11-07 05:01:09 UTC</span></div>
</div>]]></description>
		<Style>
			<LineStyle>
				<color>ffae00ff</color>
				<width>2</width>
			</LineStyle>
		</Style>
		<MultiGeometry>
			<LineString>
				<tessellate>1</tessellate>
				<altitudeMode>absolute</altitudeMode>
				<coordinates>
					109.240181,41.969559,11620.5 109.106163,41.952667,11612.88 
				</coordinates>
			</LineString>
		</MultiGeometry>
	</Placemark>
	<Placemark>
		<name>P-306</name>
		<visibility>0</visibility>
		<description><![CDATA[<div><div><span><b>Altitude:</b></span> <span>38,100 ft</span></div>
<div><span><b>Speed:</b></span> <span>424 kt - 425 kt</span></div>
<div><span><b>Timestamp:</b></span><br/><span>2024-11-07 05:01:09 UTC<br/>2024-11-07 05:01:42 UTC</span></div>
</div>]]></description>
		<Style>
			<LineStyle>
				<color>ffae00ff</color>
				<width>2</width>
			</LineStyle>
		</Style>
		<MultiGeometry>
			<LineString>
				<tessellate>1</tessellate>
				<altitudeMode>absolute</altitudeMode>
				<coordinates>
					109.106163,41.952667,11612.88 109.020782,41.941845,11612.88 
				</coordinates>
			</LineString>
		</MultiGeometry>
	</Placemark>
	<Placemark>
		<name>P-307</name>
		<visibility>0</visibility>
		<description><![CDATA[<div><div><span><b>Altitude:</b></span> <span>38,100 ft</span></div>
<div><span><b>Speed:</b></span> <span>425 kt - 424 kt</span></div>
<div><span><b>Timestamp:</b></span><br/><span>2024-11-07 05:01:42 UTC<br/>2024-11-07 05:02:15 UTC</span></div>
</div>]]></description>
		<Style>
			<LineStyle>
				<color>ffae00ff</color>
				<width>2</width>
			</LineStyle>
		</Style>
		<MultiGeometry>
			<LineString>
				<tessellate>1</tessellate>
				<altitudeMode>absolute</altitudeMode>
				<coordinates>
					109.020782,41.941845,11612.88 108.935875,41.931015,11612.88 
				</coordinates>
			</LineString>
		</MultiGeometry>
	</Placemark>
	<Placemark>
		<name>P-308</name>
		<visibility>0</visibility>
		<description><![CDATA[<div><div><span><b>Altitude:</b></span> <span>38,100 ft</span></div>
<div><span><b>Speed:</b></span> <span>424 kt - 423 kt</span></div>
<div><span><b>Timestamp:</b></span><br/><span>2024-11-07 05:02:15 UTC<br/>2024-11-07 05:02:46 UTC</span></div>
</div>]]></description>
		<Style>
			<LineStyle>
				<color>ffae00ff</color>
				<width>2</width>
			</LineStyle>
		</Style>
		<MultiGeometry>
			<LineString>
				<tessellate>1</tessellate>
				<altitudeMode>absolute</altitudeMode>
				<coordinates>
					108.935875,41.931015,11612.88 108.855034,41.920853,11612.88 
				</coordinates>
			</LineString>
		</MultiGeometry>
	</Placemark>
	<Placemark>
		<name>P-309</name>
		<visibility>0</visibility>
		<description><![CDATA[<div><div><span><b>Altitude:</b></span> <span>38,100 ft</span></div>
<div><span><b>Speed:</b></span> <span>423 kt</span></div>
<div><span><b>Timestamp:</b></span><br/><span>2024-11-07 05:02:46 UTC<br/>2024-11-07 05:03:19 UTC</span></div>
</div>]]></description>
		<Style>
			<LineStyle>
				<color>ffae00ff</color>
				<width>2</width>
			</LineStyle>
		</Style>
		<MultiGeometry>
			<LineString>
				<tessellate>1</tessellate>
				<altitudeMode>absolute</altitudeMode>
				<coordinates>
					108.855034,41.920853,11612.88 108.769394,41.909958,11612.88 
				</coordinates>
			</LineString>
		</MultiGeometry>
	</Placemark>
	<Placemark>
		<name>P-310</name>
		<visibility>0</visibility>
		<description><![CDATA[<div><div><span><b>Altitude:</b></span> <span>38,100 ft</span></div>
<div><span><b>Speed:</b></span> <span>423 kt - 424 kt</span></div>
<div><span><b>Timestamp:</b></span><br/><span>2024-11-07 05:03:19 UTC<br/>2024-11-07 05:03:53 UTC</span></div>
</div>]]></description>
		<Style>
			<LineStyle>
				<color>ffae00ff</color>
				<width>2</width>
			</LineStyle>
		</Style>
		<MultiGeometry>
			<LineString>
				<tessellate>1</tessellate>
				<altitudeMode>absolute</altitudeMode>
				<coordinates>
					108.769394,41.909958,11612.88 108.682625,41.898788,11612.88 
				</coordinates>
			</LineString>
		</MultiGeometry>
	</Placemark>
	<Placemark>
		<name>P-311</name>
		<visibility>0</visibility>
		<description><![CDATA[<div><div><span><b>Altitude:</b></span> <span>38,100 ft - 38,075 ft</span></div>
<div><span><b>Speed:</b></span> <span>424 kt - 425 kt</span></div>
<div><span><b>Timestamp:</b></span><br/><span>2024-11-07 05:03:53 UTC<br/>2024-11-07 05:04:26 UTC</span></div>
</div>]]></description>
		<Style>
			<LineStyle>
				<color>ffae00ff</color>
				<width>2</width>
			</LineStyle>
		</Style>
		<MultiGeometry>
			<LineString>
				<tessellate>1</tessellate>
				<altitudeMode>absolute</altitudeMode>
				<coordinates>
					108.682625,41.898788,11612.88 108.596733,41.887482,11605.26 
				</coordinates>
			</LineString>
		</MultiGeometry>
	</Placemark>
	<Placemark>
		<name>P-312</name>
		<visibility>0</visibility>
		<description><![CDATA[<div><div><span><b>Altitude:</b></span> <span>38,075 ft</span></div>
<div><span><b>Speed:</b></span> <span>425 kt</span></div>
<div><span><b>Timestamp:</b></span><br/><span>2024-11-07 05:04:26 UTC<br/>2024-11-07 05:04:56 UTC</span></div>
</div>]]></description>
		<Style>
			<LineStyle>
				<color>ffae00ff</color>
				<width>2</width>
			</LineStyle>
		</Style>
		<MultiGeometry>
			<LineString>
				<tessellate>1</tessellate>
				<altitudeMode>absolute</altitudeMode>
				<coordinates>
					108.596733,41.887482,11605.26 108.517075,41.87709,11605.26 
				</coordinates>
			</LineString>
		</MultiGeometry>
	</Placemark>
	<Placemark>
		<name>P-313</name>
		<visibility>0</visibility>
		<description><![CDATA[<div><div><span><b>Altitude:</b></span> <span>38,075 ft - 38,100 ft</span></div>
<div><span><b>Speed:</b></span> <span>425 kt</span></div>
<div><span><b>Timestamp:</b></span><br/><span>2024-11-07 05:04:56 UTC<br/>2024-11-07 05:05:29 UTC</span></div>
</div>]]></description>
		<Style>
			<LineStyle>
				<color>ffae00ff</color>
				<width>2</width>
			</LineStyle>
		</Style>
		<MultiGeometry>
			<LineString>
				<tessellate>1</tessellate>
				<altitudeMode>absolute</altitudeMode>
				<coordinates>
					108.517075,41.87709,11605.26 108.431801,41.865871,11612.88 
				</coordinates>
			</LineString>
		</MultiGeometry>
	</Placemark>
	<Placemark>
		<name>P-314</name>
		<visibility>0</visibility>
		<description><![CDATA[<div><div><span><b>Altitude:</b></span> <span>38,100 ft</span></div>
<div><span><b>Speed:</b></span> <span>425 kt - 426 kt</span></div>
<div><span><b>Timestamp:</b></span><br/><span>2024-11-07 05:05:29 UTC<br/>2024-11-07 05:06:03 UTC</span></div>
</div>]]></description>
		<Style>
			<LineStyle>
				<color>ffae00ff</color>
				<width>2</width>
			</LineStyle>
		</Style>
		<MultiGeometry>
			<LineString>
				<tessellate>1</tessellate>
				<altitudeMode>absolute</altitudeMode>
				<coordinates>
					108.431801,41.865871,11612.88 108.345253,41.85442,11612.88 
				</coordinates>
			</LineString>
		</MultiGeometry>
	</Placemark>
	<Placemark>
		<name>P-315</name>
		<visibility>0</visibility>
		<description><![CDATA[<div><div><span><b>Altitude:</b></span> <span>38,100 ft - 38,125 ft</span></div>
<div><span><b>Speed:</b></span> <span>426 kt - 425 kt</span></div>
<div><span><b>Timestamp:</b></span><br/><span>2024-11-07 05:06:03 UTC<br/>2024-11-07 05:06:33 UTC</span></div>
</div>]]></description>
		<Style>
			<LineStyle>
				<color>ffae00ff</color>
				<width>2</width>
			</LineStyle>
		</Style>
		<MultiGeometry>
			<LineString>
				<tessellate>1</tessellate>
				<altitudeMode>absolute</altitudeMode>
				<coordinates>
					108.345253,41.85442,11612.88 108.266624,41.844086,11620.5 
				</coordinates>
			</LineString>
		</MultiGeometry>
	</Placemark>
	<Placemark>
		<name>P-316</name>
		<visibility>0</visibility>
		<description><![CDATA[<div><div><span><b>Altitude:</b></span> <span>38,125 ft</span></div>
<div><span><b>Speed:</b></span> <span>425 kt - 422 kt</span></div>
<div><span><b>Timestamp:</b></span><br/><span>2024-11-07 05:06:33 UTC<br/>2024-11-07 05:07:06 UTC</span></div>
</div>]]></description>
		<Style>
			<LineStyle>
				<color>ffae00ff</color>
				<width>2</width>
			</LineStyle>
		</Style>
		<MultiGeometry>
			<LineString>
				<tessellate>1</tessellate>
				<altitudeMode>absolute</altitudeMode>
				<coordinates>
					108.266624,41.844086,11620.5 108.180969,41.832634,11620.5 
				</coordinates>
			</LineString>
		</MultiGeometry>
	</Placemark>
	<Placemark>
		<name>P-317</name>
		<visibility>0</visibility>
		<description><![CDATA[<div><div><span><b>Altitude:</b></span> <span>38,125 ft</span></div>
<div><span><b>Speed:</b></span> <span>422 kt</span></div>
<div><span><b>Timestamp:</b></span><br/><span>2024-11-07 05:07:06 UTC<br/>2024-11-07 05:07:39 UTC</span></div>
</div>]]></description>
		<Style>
			<LineStyle>
				<color>ffae00ff</color>
				<width>2</width>
			</LineStyle>
		</Style>
		<MultiGeometry>
			<LineString>
				<tessellate>1</tessellate>
				<altitudeMode>absolute</altitudeMode>
				<coordinates>
					108.180969,41.832634,11620.5 108.095566,41.821087,11620.5 
				</coordinates>
			</LineString>
		</MultiGeometry>
	</Placemark>
	<Placemark>
		<name>P-318</name>
		<visibility>0</visibility>
		<description><![CDATA[<div><div><span><b>Altitude:</b></span> <span>38,125 ft - 38,100 ft</span></div>
<div><span><b>Speed:</b></span> <span>422 kt - 421 kt</span></div>
<div><span><b>Timestamp:</b></span><br/><span>2024-11-07 05:07:39 UTC<br/>2024-11-07 05:08:12 UTC</span></div>
</div>]]></description>
		<Style>
			<LineStyle>
				<color>ffae00ff</color>
				<width>2</width>
			</LineStyle>
		</Style>
		<MultiGeometry>
			<LineString>
				<tessellate>1</tessellate>
				<altitudeMode>absolute</altitudeMode>
				<coordinates>
					108.095566,41.821087,11620.5 108.010521,41.80957,11612.88 
				</coordinates>
			</LineString>
		</MultiGeometry>
	</Placemark>
	<Placemark>
		<name>P-319</name>
		<visibility>0</visibility>
		<description><![CDATA[<div><div><span><b>Altitude:</b></span> <span>38,100 ft</span></div>
<div><span><b>Speed:</b></span> <span>421 kt - 420 kt</span></div>
<div><span><b>Timestamp:</b></span><br/><span>2024-11-07 05:08:12 UTC<br/>2024-11-07 05:08:46 UTC</span></div>
</div>]]></description>
		<Style>
			<LineStyle>
				<color>ffae00ff</color>
				<width>2</width>
			</LineStyle>
		</Style>
		<MultiGeometry>
			<LineString>
				<tessellate>1</tessellate>
				<altitudeMode>absolute</altitudeMode>
				<coordinates>
					108.010521,41.80957,11612.88 107.924706,41.797951,11612.88 
				</coordinates>
			</LineString>
		</MultiGeometry>
	</Placemark>
	<Placemark>
		<name>P-320</name>
		<visibility>0</visibility>
		<description><![CDATA[<div><div><span><b>Altitude:</b></span> <span>38,100 ft</span></div>
<div><span><b>Speed:</b></span> <span>420 kt - 418 kt</span></div>
<div><span><b>Timestamp:</b></span><br/><span>2024-11-07 05:08:46 UTC<br/>2024-11-07 05:09:19 UTC</span></div>
</div>]]></description>
		<Style>
			<LineStyle>
				<color>ffae00ff</color>
				<width>2</width>
			</LineStyle>
		</Style>
		<MultiGeometry>
			<LineString>
				<tessellate>1</tessellate>
				<altitudeMode>absolute</altitudeMode>
				<coordinates>
					107.924706,41.797951,11612.88 107.840233,41.786407,11612.88 
				</coordinates>
			</LineString>
		</MultiGeometry>
	</Placemark>
	<Placemark>
		<name>P-321</name>
		<visibility>0</visibility>
		<description><![CDATA[<div><div><span><b>Altitude:</b></span> <span>38,100 ft</span></div>
<div><span><b>Speed:</b></span> <span>418 kt</span></div>
<div><span><b>Timestamp:</b></span><br/><span>2024-11-07 05:09:19 UTC<br/>2024-11-07 05:09:52 UTC</span></div>
</div>]]></description>
		<Style>
			<LineStyle>
				<color>ffae00ff</color>
				<width>2</width>
			</LineStyle>
		</Style>
		<MultiGeometry>
			<LineString>
				<tessellate>1</tessellate>
				<altitudeMode>absolute</altitudeMode>
				<coordinates>
					107.840233,41.786407,11612.88 107.756027,41.774734,11612.88 
				</coordinates>
			</LineString>
		</MultiGeometry>
	</Placemark>
	<Placemark>
		<name>P-322</name>
		<visibility>0</visibility>
		<description><![CDATA[<div><div><span><b>Altitude:</b></span> <span>38,100 ft - 38,075 ft</span></div>
<div><span><b>Speed:</b></span> <span>418 kt</span></div>
<div><span><b>Timestamp:</b></span><br/><span>2024-11-07 05:09:52 UTC<br/>2024-11-07 05:10:26 UTC</span></div>
</div>]]></description>
		<Style>
			<LineStyle>
				<color>ffae00ff</color>
				<width>2</width>
			</LineStyle>
		</Style>
		<MultiGeometry>
			<LineString>
				<tessellate>1</tessellate>
				<altitudeMode>absolute</altitudeMode>
				<coordinates>
					107.756027,41.774734,11612.88 107.670807,41.762852,11605.26 
				</coordinates>
			</LineString>
		</MultiGeometry>
	</Placemark>
	<Placemark>
		<name>P-323</name>
		<visibility>0</visibility>
		<description><![CDATA[<div><div><span><b>Altitude:</b></span> <span>38,075 ft - 38,100 ft</span></div>
<div><span><b>Speed:</b></span> <span>418 kt - 416 kt</span></div>
<div><span><b>Timestamp:</b></span><br/><span>2024-11-07 05:10:26 UTC<br/>2024-11-07 05:10:59 UTC</span></div>
</div>]]></description>
		<Style>
			<LineStyle>
				<color>ffae00ff</color>
				<width>2</width>
			</LineStyle>
		</Style>
		<MultiGeometry>
			<LineString>
				<tessellate>1</tessellate>
				<altitudeMode>absolute</altitudeMode>
				<coordinates>
					107.670807,41.762852,11605.26 107.586861,41.751251,11612.88 
				</coordinates>
			</LineString>
		</MultiGeometry>
	</Placemark>
	<Placemark>
		<name>P-324</name>
		<visibility>0</visibility>
		<description><![CDATA[<div><div><span><b>Altitude:</b></span> <span>38,100 ft</span></div>
<div><span><b>Speed:</b></span> <span>416 kt</span></div>
<div><span><b>Timestamp:</b></span><br/><span>2024-11-07 05:10:59 UTC<br/>2024-11-07 05:11:29 UTC</span></div>
</div>]]></description>
		<Style>
			<LineStyle>
				<color>ffae00ff</color>
				<width>2</width>
			</LineStyle>
		</Style>
		<MultiGeometry>
			<LineString>
				<tessellate>1</tessellate>
				<altitudeMode>absolute</altitudeMode>
				<coordinates>
					107.586861,41.751251,11612.88 107.510353,41.740646,11612.88 
				</coordinates>
			</LineString>
		</MultiGeometry>
	</Placemark>
	<Placemark>
		<name>P-325</name>
		<visibility>0</visibility>
		<description><![CDATA[<div><div><span><b>Altitude:</b></span> <span>38,100 ft</span></div>
<div><span><b>Speed:</b></span> <span>416 kt - 414 kt</span></div>
<div><span><b>Timestamp:</b></span><br/><span>2024-11-07 05:11:29 UTC<br/>2024-11-07 05:12:03 UTC</span></div>
</div>]]></description>
		<Style>
			<LineStyle>
				<color>ffae00ff</color>
				<width>2</width>
			</LineStyle>
		</Style>
		<MultiGeometry>
			<LineString>
				<tessellate>1</tessellate>
				<altitudeMode>absolute</altitudeMode>
				<coordinates>
					107.510353,41.740646,11612.88 107.425751,41.728729,11612.88 
				</coordinates>
			</LineString>
		</MultiGeometry>
	</Placemark>
	<Placemark>
		<name>P-326</name>
		<visibility>0</visibility>
		<description><![CDATA[<div><div><span><b>Altitude:</b></span> <span>38,100 ft</span></div>
<div><span><b>Speed:</b></span> <span>414 kt</span></div>
<div><span><b>Timestamp:</b></span><br/><span>2024-11-07 05:12:03 UTC<br/>2024-11-07 05:12:36 UTC</span></div>
</div>]]></description>
		<Style>
			<LineStyle>
				<color>ffae00ff</color>
				<width>2</width>
			</LineStyle>
		</Style>
		<MultiGeometry>
			<LineString>
				<tessellate>1</tessellate>
				<altitudeMode>absolute</altitudeMode>
				<coordinates>
					107.425751,41.728729,11612.88 107.342415,41.716919,11612.88 
				</coordinates>
			</LineString>
		</MultiGeometry>
	</Placemark>
	<Placemark>
		<name>P-327</name>
		<visibility>0</visibility>
		<description><![CDATA[<div><div><span><b>Altitude:</b></span> <span>38,100 ft - 38,075 ft</span></div>
<div><span><b>Speed:</b></span> <span>414 kt - 413 kt</span></div>
<div><span><b>Timestamp:</b></span><br/><span>2024-11-07 05:12:36 UTC<br/>2024-11-07 05:13:06 UTC</span></div>
</div>]]></description>
		<Style>
			<LineStyle>
				<color>ffae00ff</color>
				<width>2</width>
			</LineStyle>
		</Style>
		<MultiGeometry>
			<LineString>
				<tessellate>1</tessellate>
				<altitudeMode>absolute</altitudeMode>
				<coordinates>
					107.342415,41.716919,11612.88 107.266884,41.706116,11605.26 
				</coordinates>
			</LineString>
		</MultiGeometry>
	</Placemark>
	<Placemark>
		<name>P-328</name>
		<visibility>0</visibility>
		<description><![CDATA[<div><div><span><b>Altitude:</b></span> <span>38,075 ft</span></div>
<div><span><b>Speed:</b></span> <span>413 kt</span></div>
<div><span><b>Timestamp:</b></span><br/><span>2024-11-07 05:13:06 UTC<br/>2024-11-07 05:13:39 UTC</span></div>
</div>]]></description>
		<Style>
			<LineStyle>
				<color>ffae00ff</color>
				<width>2</width>
			</LineStyle>
		</Style>
		<MultiGeometry>
			<LineString>
				<tessellate>1</tessellate>
				<altitudeMode>absolute</altitudeMode>
				<coordinates>
					107.266884,41.706116,11605.26 107.18338,41.694092,11605.26 
				</coordinates>
			</LineString>
		</MultiGeometry>
	</Placemark>
	<Placemark>
		<name>P-329</name>
		<visibility>0</visibility>
		<description><![CDATA[<div><div><span><b>Altitude:</b></span> <span>38,075 ft</span></div>
<div><span><b>Speed:</b></span> <span>413 kt - 414 kt</span></div>
<div><span><b>Timestamp:</b></span><br/><span>2024-11-07 05:13:39 UTC<br/>2024-11-07 05:14:13 UTC</span></div>
</div>]]></description>
		<Style>
			<LineStyle>
				<color>ffae00ff</color>
				<width>2</width>
			</LineStyle>
		</Style>
		<MultiGeometry>
			<LineString>
				<tessellate>1</tessellate>
				<altitudeMode>absolute</altitudeMode>
				<coordinates>
					107.18338,41.694092,11605.26 107.099648,41.681988,11605.26 
				</coordinates>
			</LineString>
		</MultiGeometry>
	</Placemark>
	<Placemark>
		<name>P-330</name>
		<visibility>0</visibility>
		<description><![CDATA[<div><div><span><b>Altitude:</b></span> <span>38,075 ft - 38,100 ft</span></div>
<div><span><b>Speed:</b></span> <span>414 kt</span></div>
<div><span><b>Timestamp:</b></span><br/><span>2024-11-07 05:14:13 UTC<br/>2024-11-07 05:14:46 UTC</span></div>
</div>]]></description>
		<Style>
			<LineStyle>
				<color>ffae00ff</color>
				<width>2</width>
			</LineStyle>
		</Style>
		<MultiGeometry>
			<LineString>
				<tessellate>1</tessellate>
				<altitudeMode>absolute</altitudeMode>
				<coordinates>
					107.099648,41.681988,11605.26 107.016418,41.670025,11612.88 
				</coordinates>
			</LineString>
		</MultiGeometry>
	</Placemark>
	<Placemark>
		<name>P-331</name>
		<visibility>0</visibility>
		<description><![CDATA[<div><div><span><b>Altitude:</b></span> <span>38,100 ft - 38,125 ft</span></div>
<div><span><b>Speed:</b></span> <span>414 kt - 413 kt</span></div>
<div><span><b>Timestamp:</b></span><br/><span>2024-11-07 05:14:46 UTC<br/>2024-11-07 05:15:16 UTC</span></div>
</div>]]></description>
		<Style>
			<LineStyle>
				<color>ffae00ff</color>
				<width>2</width>
			</LineStyle>
		</Style>
		<MultiGeometry>
			<LineString>
				<tessellate>1</tessellate>
				<altitudeMode>absolute</altitudeMode>
				<coordinates>
					107.016418,41.670025,11612.88 106.941299,41.659084,11620.5 
				</coordinates>
			</LineString>
		</MultiGeometry>
	</Placemark>
	<Placemark>
		<name>P-332</name>
		<visibility>0</visibility>
		<description><![CDATA[<div><div><span><b>Altitude:</b></span> <span>38,125 ft</span></div>
<div><span><b>Speed:</b></span> <span>413 kt - 412 kt</span></div>
<div><span><b>Timestamp:</b></span><br/><span>2024-11-07 05:15:16 UTC<br/>2024-11-07 05:15:49 UTC</span></div>
</div>]]></description>
		<Style>
			<LineStyle>
				<color>ffae00ff</color>
				<width>2</width>
			</LineStyle>
		</Style>
		<MultiGeometry>
			<LineString>
				<tessellate>1</tessellate>
				<altitudeMode>absolute</altitudeMode>
				<coordinates>
					106.941299,41.659084,11620.5 106.858391,41.64703,11620.5 
				</coordinates>
			</LineString>
		</MultiGeometry>
	</Placemark>
	<Placemark>
		<name>P-333</name>
		<visibility>0</visibility>
		<description><![CDATA[<div><div><span><b>Altitude:</b></span> <span>38,125 ft</span></div>
<div><span><b>Speed:</b></span> <span>412 kt - 411 kt</span></div>
<div><span><b>Timestamp:</b></span><br/><span>2024-11-07 05:15:49 UTC<br/>2024-11-07 05:16:23 UTC</span></div>
</div>]]></description>
		<Style>
			<LineStyle>
				<color>ffae00ff</color>
				<width>2</width>
			</LineStyle>
		</Style>
		<MultiGeometry>
			<LineString>
				<tessellate>1</tessellate>
				<altitudeMode>absolute</altitudeMode>
				<coordinates>
					106.858391,41.64703,11620.5 106.774651,41.634693,11620.5 
				</coordinates>
			</LineString>
		</MultiGeometry>
	</Placemark>
	<Placemark>
		<name>P-334</name>
		<visibility>0</visibility>
		<description><![CDATA[<div><div><span><b>Altitude:</b></span> <span>38,125 ft - 38,100 ft</span></div>
<div><span><b>Speed:</b></span> <span>411 kt - 410 kt</span></div>
<div><span><b>Timestamp:</b></span><br/><span>2024-11-07 05:16:23 UTC<br/>2024-11-07 05:16:56 UTC</span></div>
</div>]]></description>
		<Style>
			<LineStyle>
				<color>ffae00ff</color>
				<width>2</width>
			</LineStyle>
		</Style>
		<MultiGeometry>
			<LineString>
				<tessellate>1</tessellate>
				<altitudeMode>absolute</altitudeMode>
				<coordinates>
					106.774651,41.634693,11620.5 106.692513,41.622448,11612.88 
				</coordinates>
			</LineString>
		</MultiGeometry>
	</Placemark>
	<Placemark>
		<name>P-335</name>
		<visibility>0</visibility>
		<description><![CDATA[<div><div><span><b>Altitude:</b></span> <span>38,100 ft</span></div>
<div><span><b>Speed:</b></span> <span>410 kt</span></div>
<div><span><b>Timestamp:</b></span><br/><span>2024-11-07 05:16:56 UTC<br/>2024-11-07 05:17:26 UTC</span></div>
</div>]]></description>
		<Style>
			<LineStyle>
				<color>ffae00ff</color>
				<width>2</width>
			</LineStyle>
		</Style>
		<MultiGeometry>
			<LineString>
				<tessellate>1</tessellate>
				<altitudeMode>absolute</altitudeMode>
				<coordinates>
					106.692513,41.622448,11612.88 106.616631,41.611176,11612.88 
				</coordinates>
			</LineString>
		</MultiGeometry>
	</Placemark>
	<Placemark>
		<name>P-336</name>
		<visibility>0</visibility>
		<description><![CDATA[<div><div><span><b>Altitude:</b></span> <span>38,100 ft - 38,075 ft</span></div>
<div><span><b>Speed:</b></span> <span>410 kt</span></div>
<div><span><b>Timestamp:</b></span><br/><span>2024-11-07 05:17:26 UTC<br/>2024-11-07 05:17:59 UTC</span></div>
</div>]]></description>
		<Style>
			<LineStyle>
				<color>ffae00ff</color>
				<width>2</width>
			</LineStyle>
		</Style>
		<MultiGeometry>
			<LineString>
				<tessellate>1</tessellate>
				<altitudeMode>absolute</altitudeMode>
				<coordinates>
					106.616631,41.611176,11612.88 106.534676,41.599033,11605.26 
				</coordinates>
			</LineString>
		</MultiGeometry>
	</Placemark>
	<Placemark>
		<name>P-337</name>
		<visibility>0</visibility>
		<description><![CDATA[<div><div><span><b>Altitude:</b></span> <span>38,075 ft</span></div>
<div><span><b>Speed:</b></span> <span>410 kt - 412 kt</span></div>
<div><span><b>Timestamp:</b></span><br/><span>2024-11-07 05:17:59 UTC<br/>2024-11-07 05:18:33 UTC</span></div>
</div>]]></description>
		<Style>
			<LineStyle>
				<color>ffae00ff</color>
				<width>2</width>
			</LineStyle>
		</Style>
		<MultiGeometry>
			<LineString>
				<tessellate>1</tessellate>
				<altitudeMode>absolute</altitudeMode>
				<coordinates>
					106.534676,41.599033,11605.26 106.451195,41.586555,11605.26 
				</coordinates>
			</LineString>
		</MultiGeometry>
	</Placemark>
	<Placemark>
		<name>P-338</name>
		<visibility>0</visibility>
		<description><![CDATA[<div><div><span><b>Altitude:</b></span> <span>38,075 ft - 38,100 ft</span></div>
<div><span><b>Speed:</b></span> <span>412 kt - 414 kt</span></div>
<div><span><b>Timestamp:</b></span><br/><span>2024-11-07 05:18:33 UTC<br/>2024-11-07 05:19:06 UTC</span></div>
</div>]]></description>
		<Style>
			<LineStyle>
				<color>ffae00ff</color>
				<width>2</width>
			</LineStyle>
		</Style>
		<MultiGeometry>
			<LineString>
				<tessellate>1</tessellate>
				<altitudeMode>absolute</altitudeMode>
				<coordinates>
					106.451195,41.586555,11605.26 106.369118,41.574173,11612.88 
				</coordinates>
			</LineString>
		</MultiGeometry>
	</Placemark>
	<Placemark>
		<name>P-339</name>
		<visibility>0</visibility>
		<description><![CDATA[<div><div><span><b>Altitude:</b></span> <span>38,100 ft</span></div>
<div><span><b>Speed:</b></span> <span>414 kt</span></div>
<div><span><b>Timestamp:</b></span><br/><span>2024-11-07 05:19:06 UTC<br/>2024-11-07 05:19:36 UTC</span></div>
</div>]]></description>
		<Style>
			<LineStyle>
				<color>ffae00ff</color>
				<width>2</width>
			</LineStyle>
		</Style>
		<MultiGeometry>
			<LineString>
				<tessellate>1</tessellate>
				<altitudeMode>absolute</altitudeMode>
				<coordinates>
					106.369118,41.574173,11612.88 106.293411,41.56279,11612.88 
				</coordinates>
			</LineString>
		</MultiGeometry>
	</Placemark>
	<Placemark>
		<name>P-340</name>
		<visibility>0</visibility>
		<description><![CDATA[<div><div><span><b>Altitude:</b></span> <span>38,100 ft</span></div>
<div><span><b>Speed:</b></span> <span>414 kt - 415 kt</span></div>
<div><span><b>Timestamp:</b></span><br/><span>2024-11-07 05:19:36 UTC<br/>2024-11-07 05:20:09 UTC</span></div>
</div>]]></description>
		<Style>
			<LineStyle>
				<color>ffae00ff</color>
				<width>2</width>
			</LineStyle>
		</Style>
		<MultiGeometry>
			<LineString>
				<tessellate>1</tessellate>
				<altitudeMode>absolute</altitudeMode>
				<coordinates>
					106.293411,41.56279,11612.88 106.210518,41.550293,11612.88 
				</coordinates>
			</LineString>
		</MultiGeometry>
	</Placemark>
	<Placemark>
		<name>P-341</name>
		<visibility>0</visibility>
		<description><![CDATA[<div><div><span><b>Altitude:</b></span> <span>38,100 ft - 38,125 ft</span></div>
<div><span><b>Speed:</b></span> <span>415 kt</span></div>
<div><span><b>Timestamp:</b></span><br/><span>2024-11-07 05:20:09 UTC<br/>2024-11-07 05:20:43 UTC</span></div>
</div>]]></description>
		<Style>
			<LineStyle>
				<color>ffae00ff</color>
				<width>2</width>
			</LineStyle>
		</Style>
		<MultiGeometry>
			<LineString>
				<tessellate>1</tessellate>
				<altitudeMode>absolute</altitudeMode>
				<coordinates>
					106.210518,41.550293,11612.88 106.126717,41.537167,11620.5 
				</coordinates>
			</LineString>
		</MultiGeometry>
	</Placemark>
	<Placemark>
		<name>P-342</name>
		<visibility>0</visibility>
		<description><![CDATA[<div><div><span><b>Altitude:</b></span> <span>38,125 ft - 38,150 ft</span></div>
<div><span><b>Speed:</b></span> <span>415 kt - 417 kt</span></div>
<div><span><b>Timestamp:</b></span><br/><span>2024-11-07 05:20:43 UTC<br/>2024-11-07 05:21:16 UTC</span></div>
</div>]]></description>
		<Style>
			<LineStyle>
				<color>ffae00ff</color>
				<width>2</width>
			</LineStyle>
		</Style>
		<MultiGeometry>
			<LineString>
				<tessellate>1</tessellate>
				<altitudeMode>absolute</altitudeMode>
				<coordinates>
					106.126717,41.537167,11620.5 106.045982,41.517521,11628.12 
				</coordinates>
			</LineString>
		</MultiGeometry>
	</Placemark>
	<Placemark>
		<name>P-343</name>
		<visibility>0</visibility>
		<description><![CDATA[<div><div><span><b>Altitude:</b></span> <span>38,150 ft - 38,125 ft</span></div>
<div><span><b>Speed:</b></span> <span>417 kt - 415 kt</span></div>
<div><span><b>Timestamp:</b></span><br/><span>2024-11-07 05:21:16 UTC<br/>2024-11-07 05:21:52 UTC</span></div>
</div>]]></description>
		<Style>
			<LineStyle>
				<color>ffae00ff</color>
				<width>2</width>
			</LineStyle>
		</Style>
		<MultiGeometry>
			<LineString>
				<tessellate>1</tessellate>
				<altitudeMode>absolute</altitudeMode>
				<coordinates>
					106.045982,41.517521,11628.12 105.964134,41.492523,11620.5 
				</coordinates>
			</LineString>
		</MultiGeometry>
	</Placemark>
	<Placemark>
		<name>P-344</name>
		<visibility>0</visibility>
		<description><![CDATA[<div><div><span><b>Altitude:</b></span> <span>38,125 ft</span></div>
<div><span><b>Speed:</b></span> <span>415 kt - 413 kt</span></div>
<div><span><b>Timestamp:</b></span><br/><span>2024-11-07 05:21:52 UTC<br/>2024-11-07 05:22:25 UTC</span></div>
</div>]]></description>
		<Style>
			<LineStyle>
				<color>ffae00ff</color>
				<width>2</width>
			</LineStyle>
		</Style>
		<MultiGeometry>
			<LineString>
				<tessellate>1</tessellate>
				<altitudeMode>absolute</altitudeMode>
				<coordinates>
					105.964134,41.492523,11620.5 105.882591,41.46785,11620.5 
				</coordinates>
			</LineString>
		</MultiGeometry>
	</Placemark>
	<Placemark>
		<name>P-345</name>
		<visibility>0</visibility>
		<description><![CDATA[<div><div><span><b>Altitude:</b></span> <span>38,125 ft - 38,100 ft</span></div>
<div><span><b>Speed:</b></span> <span>413 kt - 411 kt</span></div>
<div><span><b>Timestamp:</b></span><br/><span>2024-11-07 05:22:25 UTC<br/>2024-11-07 05:22:58 UTC</span></div>
</div>]]></description>
		<Style>
			<LineStyle>
				<color>ffae00ff</color>
				<width>2</width>
			</LineStyle>
		</Style>
		<MultiGeometry>
			<LineString>
				<tessellate>1</tessellate>
				<altitudeMode>absolute</altitudeMode>
				<coordinates>
					105.882591,41.46785,11620.5 105.803192,41.443966,11612.88 
				</coordinates>
			</LineString>
		</MultiGeometry>
	</Placemark>
	<Placemark>
		<name>P-346</name>
		<visibility>0</visibility>
		<description><![CDATA[<div><div><span><b>Altitude:</b></span> <span>38,100 ft - 38,075 ft</span></div>
<div><span><b>Speed:</b></span> <span>411 kt</span></div>
<div><span><b>Timestamp:</b></span><br/><span>2024-11-07 05:22:58 UTC<br/>2024-11-07 05:23:32 UTC</span></div>
</div>]]></description>
		<Style>
			<LineStyle>
				<color>ffae00ff</color>
				<width>2</width>
			</LineStyle>
		</Style>
		<MultiGeometry>
			<LineString>
				<tessellate>1</tessellate>
				<altitudeMode>absolute</altitudeMode>
				<coordinates>
					105.803192,41.443966,11612.88 105.724564,41.42004,11605.26 
				</coordinates>
			</LineString>
		</MultiGeometry>
	</Placemark>
	<Placemark>
		<name>P-347</name>
		<visibility>0</visibility>
		<description><![CDATA[<div><div><span><b>Altitude:</b></span> <span>38,075 ft</span></div>
<div><span><b>Speed:</b></span> <span>411 kt</span></div>
<div><span><b>Timestamp:</b></span><br/><span>2024-11-07 05:23:32 UTC<br/>2024-11-07 05:24:02 UTC</span></div>
</div>]]></description>
		<Style>
			<LineStyle>
				<color>ffae00ff</color>
				<width>2</width>
			</LineStyle>
		</Style>
		<MultiGeometry>
			<LineString>
				<tessellate>1</tessellate>
				<altitudeMode>absolute</altitudeMode>
				<coordinates>
					105.724564,41.42004,11605.26 105.654022,41.398499,11605.26 
				</coordinates>
			</LineString>
		</MultiGeometry>
	</Placemark>
	<Placemark>
		<name>P-348</name>
		<visibility>0</visibility>
		<description><![CDATA[<div><div><span><b>Altitude:</b></span> <span>38,075 ft</span></div>
<div><span><b>Speed:</b></span> <span>411 kt - 412 kt</span></div>
<div><span><b>Timestamp:</b></span><br/><span>2024-11-07 05:24:02 UTC<br/>2024-11-07 05:24:35 UTC</span></div>
</div>]]></description>
		<Style>
			<LineStyle>
				<color>ffae00ff</color>
				<width>2</width>
			</LineStyle>
		</Style>
		<MultiGeometry>
			<LineString>
				<tessellate>1</tessellate>
				<altitudeMode>absolute</altitudeMode>
				<coordinates>
					105.654022,41.398499,11605.26 105.578178,41.375301,11605.26 
				</coordinates>
			</LineString>
		</MultiGeometry>
	</Placemark>
	<Placemark>
		<name>P-349</name>
		<visibility>0</visibility>
		<description><![CDATA[<div><div><span><b>Altitude:</b></span> <span>38,075 ft</span></div>
<div><span><b>Speed:</b></span> <span>412 kt - 413 kt</span></div>
<div><span><b>Timestamp:</b></span><br/><span>2024-11-07 05:24:35 UTC<br/>2024-11-07 05:25:08 UTC</span></div>
</div>]]></description>
		<Style>
			<LineStyle>
				<color>ffae00ff</color>
				<width>2</width>
			</LineStyle>
		</Style>
		<MultiGeometry>
			<LineString>
				<tessellate>1</tessellate>
				<altitudeMode>absolute</altitudeMode>
				<coordinates>
					105.578178,41.375301,11605.26 105.498466,41.351002,11605.26 
				</coordinates>
			</LineString>
		</MultiGeometry>
	</Placemark>
	<Placemark>
		<name>P-350</name>
		<visibility>0</visibility>
		<description><![CDATA[<div><div><span><b>Altitude:</b></span> <span>38,075 ft - 38,100 ft</span></div>
<div><span><b>Speed:</b></span> <span>413 kt - 414 kt</span></div>
<div><span><b>Timestamp:</b></span><br/><span>2024-11-07 05:25:08 UTC<br/>2024-11-07 05:25:42 UTC</span></div>
</div>]]></description>
		<Style>
			<LineStyle>
				<color>ffae00ff</color>
				<width>2</width>
			</LineStyle>
		</Style>
		<MultiGeometry>
			<LineString>
				<tessellate>1</tessellate>
				<altitudeMode>absolute</altitudeMode>
				<coordinates>
					105.498466,41.351002,11605.26 105.419746,41.326797,11612.88 
				</coordinates>
			</LineString>
		</MultiGeometry>
	</Placemark>
	<Placemark>
		<name>P-351</name>
		<visibility>0</visibility>
		<description><![CDATA[<div><div><span><b>Altitude:</b></span> <span>38,100 ft</span></div>
<div><span><b>Speed:</b></span> <span>414 kt - 416 kt</span></div>
<div><span><b>Timestamp:</b></span><br/><span>2024-11-07 05:25:42 UTC<br/>2024-11-07 05:26:12 UTC</span></div>
</div>]]></description>
		<Style>
			<LineStyle>
				<color>ffae00ff</color>
				<width>2</width>
			</LineStyle>
		</Style>
		<MultiGeometry>
			<LineString>
				<tessellate>1</tessellate>
				<altitudeMode>absolute</altitudeMode>
				<coordinates>
					105.419746,41.326797,11612.88 105.348465,41.304871,11612.88 
				</coordinates>
			</LineString>
		</MultiGeometry>
	</Placemark>
	<Placemark>
		<name>P-352</name>
		<visibility>0</visibility>
		<description><![CDATA[<div><div><span><b>Altitude:</b></span> <span>38,100 ft</span></div>
<div><span><b>Speed:</b></span> <span>416 kt - 417 kt</span></div>
<div><span><b>Timestamp:</b></span><br/><span>2024-11-07 05:26:12 UTC<br/>2024-11-07 05:26:45 UTC</span></div>
</div>]]></description>
		<Style>
			<LineStyle>
				<color>ffae00ff</color>
				<width>2</width>
			</LineStyle>
		</Style>
		<MultiGeometry>
			<LineString>
				<tessellate>1</tessellate>
				<altitudeMode>absolute</altitudeMode>
				<coordinates>
					105.348465,41.304871,11612.88 105.270683,41.280849,11612.88 
				</coordinates>
			</LineString>
		</MultiGeometry>
	</Placemark>
	<Placemark>
		<name>P-353</name>
		<visibility>0</visibility>
		<description><![CDATA[<div><div><span><b>Altitude:</b></span> <span>38,100 ft - 38,125 ft</span></div>
<div><span><b>Speed:</b></span> <span>417 kt</span></div>
<div><span><b>Timestamp:</b></span><br/><span>2024-11-07 05:26:45 UTC<br/>2024-11-07 05:27:19 UTC</span></div>
</div>]]></description>
		<Style>
			<LineStyle>
				<color>ffae00ff</color>
				<width>2</width>
			</LineStyle>
		</Style>
		<MultiGeometry>
			<LineString>
				<tessellate>1</tessellate>
				<altitudeMode>absolute</altitudeMode>
				<coordinates>
					105.270683,41.280849,11612.88 105.191154,41.256268,11620.5 
				</coordinates>
			</LineString>
		</MultiGeometry>
	</Placemark>
	<Placemark>
		<name>P-354</name>
		<visibility>0</visibility>
		<description><![CDATA[<div><div><span><b>Altitude:</b></span> <span>38,125 ft</span></div>
<div><span><b>Speed:</b></span> <span>417 kt</span></div>
<div><span><b>Timestamp:</b></span><br/><span>2024-11-07 05:27:19 UTC<br/>2024-11-07 05:27:52 UTC</span></div>
</div>]]></description>
		<Style>
			<LineStyle>
				<color>ffae00ff</color>
				<width>2</width>
			</LineStyle>
		</Style>
		<MultiGeometry>
			<LineString>
				<tessellate>1</tessellate>
				<altitudeMode>absolute</altitudeMode>
				<coordinates>
					105.191154,41.256268,11620.5 105.113403,41.232101,11620.5 
				</coordinates>
			</LineString>
		</MultiGeometry>
	</Placemark>
	<Placemark>
		<name>P-355</name>
		<visibility>0</visibility>
		<description><![CDATA[<div><div><span><b>Altitude:</b></span> <span>38,125 ft - 38,150 ft</span></div>
<div><span><b>Speed:</b></span> <span>417 kt - 416 kt</span></div>
<div><span><b>Timestamp:</b></span><br/><span>2024-11-07 05:27:52 UTC<br/>2024-11-07 05:28:22 UTC</span></div>
</div>]]></description>
		<Style>
			<LineStyle>
				<color>ffae00ff</color>
				<width>2</width>
			</LineStyle>
		</Style>
		<MultiGeometry>
			<LineString>
				<tessellate>1</tessellate>
				<altitudeMode>absolute</altitudeMode>
				<coordinates>
					105.113403,41.232101,11620.5 105.041718,41.209904,11628.12 
				</coordinates>
			</LineString>
		</MultiGeometry>
	</Placemark>
	<Placemark>
		<name>P-356</name>
		<visibility>0</visibility>
		<description><![CDATA[<div><div><span><b>Altitude:</b></span> <span>38,150 ft - 38,100 ft</span></div>
<div><span><b>Speed:</b></span> <span>416 kt - 415 kt</span></div>
<div><span><b>Timestamp:</b></span><br/><span>2024-11-07 05:28:22 UTC<br/>2024-11-07 05:28:54 UTC</span></div>
</div>]]></description>
		<Style>
			<LineStyle>
				<color>ffae00ff</color>
				<width>2</width>
			</LineStyle>
		</Style>
		<MultiGeometry>
			<LineString>
				<tessellate>1</tessellate>
				<altitudeMode>absolute</altitudeMode>
				<coordinates>
					105.041718,41.209904,11628.12 104.965088,41.186005,11612.88 
				</coordinates>
			</LineString>
		</MultiGeometry>
	</Placemark>
	<Placemark>
		<name>P-357</name>
		<visibility>0</visibility>
		<description><![CDATA[<div><div><span><b>Altitude:</b></span> <span>38,100 ft</span></div>
<div><span><b>Speed:</b></span> <span>415 kt - 416 kt</span></div>
<div><span><b>Timestamp:</b></span><br/><span>2024-11-07 05:28:54 UTC<br/>2024-11-07 05:29:28 UTC</span></div>
</div>]]></description>
		<Style>
			<LineStyle>
				<color>ffae00ff</color>
				<width>2</width>
			</LineStyle>
		</Style>
		<MultiGeometry>
			<LineString>
				<tessellate>1</tessellate>
				<altitudeMode>absolute</altitudeMode>
				<coordinates>
					104.965088,41.186005,11612.88 104.88678,41.161514,11612.88 
				</coordinates>
			</LineString>
		</MultiGeometry>
	</Placemark>
	<Placemark>
		<name>P-358</name>
		<visibility>0</visibility>
		<description><![CDATA[<div><div><span><b>Altitude:</b></span> <span>38,100 ft - 38,075 ft</span></div>
<div><span><b>Speed:</b></span> <span>416 kt - 418 kt</span></div>
<div><span><b>Timestamp:</b></span><br/><span>2024-11-07 05:29:28 UTC<br/>2024-11-07 05:30:01 UTC</span></div>
</div>]]></description>
		<Style>
			<LineStyle>
				<color>ffae00ff</color>
				<width>2</width>
			</LineStyle>
		</Style>
		<MultiGeometry>
			<LineString>
				<tessellate>1</tessellate>
				<altitudeMode>absolute</altitudeMode>
				<coordinates>
					104.88678,41.161514,11612.88 104.808571,41.136864,11605.26 
				</coordinates>
			</LineString>
		</MultiGeometry>
	</Placemark>
	<Placemark>
		<name>P-359</name>
		<visibility>0</visibility>
		<description><![CDATA[<div><div><span><b>Altitude:</b></span> <span>38,075 ft</span></div>
<div><span><b>Speed:</b></span> <span>418 kt - 419 kt</span></div>
<div><span><b>Timestamp:</b></span><br/><span>2024-11-07 05:30:01 UTC<br/>2024-11-07 05:30:35 UTC</span></div>
</div>]]></description>
		<Style>
			<LineStyle>
				<color>ffae00ff</color>
				<width>2</width>
			</LineStyle>
		</Style>
		<MultiGeometry>
			<LineString>
				<tessellate>1</tessellate>
				<altitudeMode>absolute</altitudeMode>
				<coordinates>
					104.808571,41.136864,11605.26 104.728821,41.111664,11605.26 
				</coordinates>
			</LineString>
		</MultiGeometry>
	</Placemark>
	<Placemark>
		<name>P-360</name>
		<visibility>0</visibility>
		<description><![CDATA[<div><div><span><b>Altitude:</b></span> <span>38,075 ft</span></div>
<div><span><b>Speed:</b></span> <span>419 kt</span></div>
<div><span><b>Timestamp:</b></span><br/><span>2024-11-07 05:30:35 UTC<br/>2024-11-07 05:31:05 UTC</span></div>
</div>]]></description>
		<Style>
			<LineStyle>
				<color>ffae00ff</color>
				<width>2</width>
			</LineStyle>
		</Style>
		<MultiGeometry>
			<LineString>
				<tessellate>1</tessellate>
				<altitudeMode>absolute</altitudeMode>
				<coordinates>
					104.728821,41.111664,11605.26 104.657349,41.091248,11605.26 
				</coordinates>
			</LineString>
		</MultiGeometry>
	</Placemark>
	<Placemark>
		<name>P-361</name>
		<visibility>0</visibility>
		<description><![CDATA[<div><div><span><b>Altitude:</b></span> <span>38,075 ft - 38,100 ft</span></div>
<div><span><b>Speed:</b></span> <span>419 kt - 418 kt</span></div>
<div><span><b>Timestamp:</b></span><br/><span>2024-11-07 05:31:05 UTC<br/>2024-11-07 05:31:38 UTC</span></div>
</div>]]></description>
		<Style>
			<LineStyle>
				<color>ffae00ff</color>
				<width>2</width>
			</LineStyle>
		</Style>
		<MultiGeometry>
			<LineString>
				<tessellate>1</tessellate>
				<altitudeMode>absolute</altitudeMode>
				<coordinates>
					104.657349,41.091248,11605.26 104.573929,41.076019,11612.88 
				</coordinates>
			</LineString>
		</MultiGeometry>
	</Placemark>
	<Placemark>
		<name>P-362</name>
		<visibility>0</visibility>
		<description><![CDATA[<div><div><span><b>Altitude:</b></span> <span>38,100 ft - 38,075 ft</span></div>
<div><span><b>Speed:</b></span> <span>418 kt</span></div>
<div><span><b>Timestamp:</b></span><br/><span>2024-11-07 05:31:38 UTC<br/>2024-11-07 05:31:50 UTC</span></div>
</div>]]></description>
		<Style>
			<LineStyle>
				<color>ffae00ff</color>
				<width>2</width>
			</LineStyle>
		</Style>
		<MultiGeometry>
			<LineString>
				<tessellate>1</tessellate>
				<altitudeMode>absolute</altitudeMode>
				<coordinates>
					104.573929,41.076019,11612.88 104.543213,41.073532,11605.26 
				</coordinates>
			</LineString>
		</MultiGeometry>
	</Placemark>
	<Placemark>
		<name>P-363</name>
		<visibility>0</visibility>
		<description><![CDATA[<div><div><span><b>Altitude:</b></span> <span>38,075 ft</span></div>
<div><span><b>Speed:</b></span> <span>418 kt - 417 kt</span></div>
<div><span><b>Timestamp:</b></span><br/><span>2024-11-07 05:31:50 UTC<br/>2024-11-07 05:31:54 UTC</span></div>
</div>]]></description>
		<Style>
			<LineStyle>
				<color>ffae00ff</color>
				<width>2</width>
			</LineStyle>
		</Style>
		<MultiGeometry>
			<LineString>
				<tessellate>1</tessellate>
				<altitudeMode>absolute</altitudeMode>
				<coordinates>
					104.543213,41.073532,11605.26 104.534599,41.073551,11605.26 
				</coordinates>
			</LineString>
		</MultiGeometry>
	</Placemark>
	<Placemark>
		<name>P-364</name>
		<visibility>0</visibility>
		<description><![CDATA[<div><div><span><b>Altitude:</b></span> <span>38,075 ft</span></div>
<div><span><b>Speed:</b></span> <span>417 kt</span></div>
<div><span><b>Timestamp:</b></span><br/><span>2024-11-07 05:31:54 UTC<br/>2024-11-07 05:31:56 UTC</span></div>
</div>]]></description>
		<Style>
			<LineStyle>
				<color>ffae00ff</color>
				<width>2</width>
			</LineStyle>
		</Style>
		<MultiGeometry>
			<LineString>
				<tessellate>1</tessellate>
				<altitudeMode>absolute</altitudeMode>
				<coordinates>
					104.534599,41.073551,11605.26 104.527405,41.073898,11605.26 
				</coordinates>
			</LineString>
		</MultiGeometry>
	</Placemark>
	<Placemark>
		<name>P-365</name>
		<visibility>0</visibility>
		<description><![CDATA[<div><div><span><b>Altitude:</b></span> <span>38,075 ft</span></div>
<div><span><b>Speed:</b></span> <span>417 kt</span></div>
<div><span><b>Timestamp:</b></span><br/><span>2024-11-07 05:31:56 UTC<br/>2024-11-07 05:32:00 UTC</span></div>
</div>]]></description>
		<Style>
			<LineStyle>
				<color>ffae00ff</color>
				<width>2</width>
			</LineStyle>
		</Style>
		<MultiGeometry>
			<LineString>
				<tessellate>1</tessellate>
				<altitudeMode>absolute</altitudeMode>
				<coordinates>
					104.527405,41.073898,11605.26 104.519958,41.074493,11605.26 
				</coordinates>
			</LineString>
		</MultiGeometry>
	</Placemark>
	<Placemark>
		<name>P-366</name>
		<visibility>0</visibility>
		<description><![CDATA[<div><div><span><b>Altitude:</b></span> <span>38,075 ft - 38,100 ft</span></div>
<div><span><b>Speed:</b></span> <span>417 kt - 416 kt</span></div>
<div><span><b>Timestamp:</b></span><br/><span>2024-11-07 05:32:00 UTC<br/>2024-11-07 05:32:02 UTC</span></div>
</div>]]></description>
		<Style>
			<LineStyle>
				<color>ffae00ff</color>
				<width>2</width>
			</LineStyle>
		</Style>
		<MultiGeometry>
			<LineString>
				<tessellate>1</tessellate>
				<altitudeMode>absolute</altitudeMode>
				<coordinates>
					104.519958,41.074493,11605.26 104.512268,41.075409,11612.88 
				</coordinates>
			</LineString>
		</MultiGeometry>
	</Placemark>
	<Placemark>
		<name>P-367</name>
		<visibility>0</visibility>
		<description><![CDATA[<div><div><span><b>Altitude:</b></span> <span>38,100 ft</span></div>
<div><span><b>Speed:</b></span> <span>416 kt</span></div>
<div><span><b>Timestamp:</b></span><br/><span>2024-11-07 05:32:02 UTC<br/>2024-11-07 05:32:05 UTC</span></div>
</div>]]></description>
		<Style>
			<LineStyle>
				<color>ffae00ff</color>
				<width>2</width>
			</LineStyle>
		</Style>
		<MultiGeometry>
			<LineString>
				<tessellate>1</tessellate>
				<altitudeMode>absolute</altitudeMode>
				<coordinates>
					104.512268,41.075409,11612.88 104.505127,41.076508,11612.88 
				</coordinates>
			</LineString>
		</MultiGeometry>
	</Placemark>
	<Placemark>
		<name>P-368</name>
		<visibility>0</visibility>
		<description><![CDATA[<div><div><span><b>Altitude:</b></span> <span>38,100 ft</span></div>
<div><span><b>Speed:</b></span> <span>416 kt</span></div>
<div><span><b>Timestamp:</b></span><br/><span>2024-11-07 05:32:05 UTC<br/>2024-11-07 05:32:08 UTC</span></div>
</div>]]></description>
		<Style>
			<LineStyle>
				<color>ffae00ff</color>
				<width>2</width>
			</LineStyle>
		</Style>
		<MultiGeometry>
			<LineString>
				<tessellate>1</tessellate>
				<altitudeMode>absolute</altitudeMode>
				<coordinates>
					104.505127,41.076508,11612.88 104.497253,41.077972,11612.88 
				</coordinates>
			</LineString>
		</MultiGeometry>
	</Placemark>
	<Placemark>
		<name>P-369</name>
		<visibility>0</visibility>
		<description><![CDATA[<div><div><span><b>Altitude:</b></span> <span>38,100 ft</span></div>
<div><span><b>Speed:</b></span> <span>416 kt</span></div>
<div><span><b>Timestamp:</b></span><br/><span>2024-11-07 05:32:08 UTC<br/>2024-11-07 05:32:12 UTC</span></div>
</div>]]></description>
		<Style>
			<LineStyle>
				<color>ffae00ff</color>
				<width>2</width>
			</LineStyle>
		</Style>
		<MultiGeometry>
			<LineString>
				<tessellate>1</tessellate>
				<altitudeMode>absolute</altitudeMode>
				<coordinates>
					104.497253,41.077972,11612.88 104.489441,41.079803,11612.88 
				</coordinates>
			</LineString>
		</MultiGeometry>
	</Placemark>
	<Placemark>
		<name>P-370</name>
		<visibility>0</visibility>
		<description><![CDATA[<div><div><span><b>Altitude:</b></span> <span>38,100 ft</span></div>
<div><span><b>Speed:</b></span> <span>416 kt - 418 kt</span></div>
<div><span><b>Timestamp:</b></span><br/><span>2024-11-07 05:32:12 UTC<br/>2024-11-07 05:32:15 UTC</span></div>
</div>]]></description>
		<Style>
			<LineStyle>
				<color>ffae00ff</color>
				<width>2</width>
			</LineStyle>
		</Style>
		<MultiGeometry>
			<LineString>
				<tessellate>1</tessellate>
				<altitudeMode>absolute</altitudeMode>
				<coordinates>
					104.489441,41.079803,11612.88 104.4823,41.081726,11612.88 
				</coordinates>
			</LineString>
		</MultiGeometry>
	</Placemark>
	<Placemark>
		<name>P-371</name>
		<visibility>0</visibility>
		<description><![CDATA[<div><div><span><b>Altitude:</b></span> <span>38,100 ft</span></div>
<div><span><b>Speed:</b></span> <span>418 kt - 417 kt</span></div>
<div><span><b>Timestamp:</b></span><br/><span>2024-11-07 05:32:15 UTC<br/>2024-11-07 05:32:18 UTC</span></div>
</div>]]></description>
		<Style>
			<LineStyle>
				<color>ffae00ff</color>
				<width>2</width>
			</LineStyle>
		</Style>
		<MultiGeometry>
			<LineString>
				<tessellate>1</tessellate>
				<altitudeMode>absolute</altitudeMode>
				<coordinates>
					104.4823,41.081726,11612.88 104.474915,41.084061,11612.88 
				</coordinates>
			</LineString>
		</MultiGeometry>
	</Placemark>
	<Placemark>
		<name>P-372</name>
		<visibility>0</visibility>
		<description><![CDATA[<div><div><span><b>Altitude:</b></span> <span>38,100 ft</span></div>
<div><span><b>Speed:</b></span> <span>417 kt - 418 kt</span></div>
<div><span><b>Timestamp:</b></span><br/><span>2024-11-07 05:32:18 UTC<br/>2024-11-07 05:32:21 UTC</span></div>
</div>]]></description>
		<Style>
			<LineStyle>
				<color>ffae00ff</color>
				<width>2</width>
			</LineStyle>
		</Style>
		<MultiGeometry>
			<LineString>
				<tessellate>1</tessellate>
				<altitudeMode>absolute</altitudeMode>
				<coordinates>
					104.474915,41.084061,11612.88 104.46814,41.086441,11612.88 
				</coordinates>
			</LineString>
		</MultiGeometry>
	</Placemark>
	<Placemark>
		<name>P-373</name>
		<visibility>0</visibility>
		<description><![CDATA[<div><div><span><b>Altitude:</b></span> <span>38,100 ft</span></div>
<div><span><b>Speed:</b></span> <span>418 kt - 417 kt</span></div>
<div><span><b>Timestamp:</b></span><br/><span>2024-11-07 05:32:21 UTC<br/>2024-11-07 05:32:23 UTC</span></div>
</div>]]></description>
		<Style>
			<LineStyle>
				<color>ffae00ff</color>
				<width>2</width>
			</LineStyle>
		</Style>
		<MultiGeometry>
			<LineString>
				<tessellate>1</tessellate>
				<altitudeMode>absolute</altitudeMode>
				<coordinates>
					104.46814,41.086441,11612.88 104.461632,41.089054,11612.88 
				</coordinates>
			</LineString>
		</MultiGeometry>
	</Placemark>
	<Placemark>
		<name>P-374</name>
		<visibility>0</visibility>
		<description><![CDATA[<div><div><span><b>Altitude:</b></span> <span>38,100 ft</span></div>
<div><span><b>Speed:</b></span> <span>417 kt - 418 kt</span></div>
<div><span><b>Timestamp:</b></span><br/><span>2024-11-07 05:32:23 UTC<br/>2024-11-07 05:32:27 UTC</span></div>
</div>]]></description>
		<Style>
			<LineStyle>
				<color>ffae00ff</color>
				<width>2</width>
			</LineStyle>
		</Style>
		<MultiGeometry>
			<LineString>
				<tessellate>1</tessellate>
				<altitudeMode>absolute</altitudeMode>
				<coordinates>
					104.461632,41.089054,11612.88 104.454285,41.092392,11612.88 
				</coordinates>
			</LineString>
		</MultiGeometry>
	</Placemark>
	<Placemark>
		<name>P-375</name>
		<visibility>0</visibility>
		<description><![CDATA[<div><div><span><b>Altitude:</b></span> <span>38,100 ft</span></div>
<div><span><b>Speed:</b></span> <span>418 kt</span></div>
<div><span><b>Timestamp:</b></span><br/><span>2024-11-07 05:32:27 UTC<br/>2024-11-07 05:32:29 UTC</span></div>
</div>]]></description>
		<Style>
			<LineStyle>
				<color>ffae00ff</color>
				<width>2</width>
			</LineStyle>
		</Style>
		<MultiGeometry>
			<LineString>
				<tessellate>1</tessellate>
				<altitudeMode>absolute</altitudeMode>
				<coordinates>
					104.454285,41.092392,11612.88 104.449036,41.095001,11612.88 
				</coordinates>
			</LineString>
		</MultiGeometry>
	</Placemark>
	<Placemark>
		<name>P-376</name>
		<visibility>0</visibility>
		<description><![CDATA[<div><div><span><b>Altitude:</b></span> <span>38,100 ft</span></div>
<div><span><b>Speed:</b></span> <span>418 kt</span></div>
<div><span><b>Timestamp:</b></span><br/><span>2024-11-07 05:32:29 UTC<br/>2024-11-07 05:32:32 UTC</span></div>
</div>]]></description>
		<Style>
			<LineStyle>
				<color>ffae00ff</color>
				<width>2</width>
			</LineStyle>
		</Style>
		<MultiGeometry>
			<LineString>
				<tessellate>1</tessellate>
				<altitudeMode>absolute</altitudeMode>
				<coordinates>
					104.449036,41.095001,11612.88 104.443153,41.098179,11612.88 
				</coordinates>
			</LineString>
		</MultiGeometry>
	</Placemark>
	<Placemark>
		<name>P-377</name>
		<visibility>0</visibility>
		<description><![CDATA[<div><div><span><b>Altitude:</b></span> <span>38,100 ft</span></div>
<div><span><b>Speed:</b></span> <span>418 kt - 419 kt</span></div>
<div><span><b>Timestamp:</b></span><br/><span>2024-11-07 05:32:32 UTC<br/>2024-11-07 05:32:35 UTC</span></div>
</div>]]></description>
		<Style>
			<LineStyle>
				<color>ffae00ff</color>
				<width>2</width>
			</LineStyle>
		</Style>
		<MultiGeometry>
			<LineString>
				<tessellate>1</tessellate>
				<altitudeMode>absolute</altitudeMode>
				<coordinates>
					104.443153,41.098179,11612.88 104.436722,41.101994,11612.88 
				</coordinates>
			</LineString>
		</MultiGeometry>
	</Placemark>
	<Placemark>
		<name>P-378</name>
		<visibility>0</visibility>
		<description><![CDATA[<div><div><span><b>Altitude:</b></span> <span>38,100 ft</span></div>
<div><span><b>Speed:</b></span> <span>419 kt - 420 kt</span></div>
<div><span><b>Timestamp:</b></span><br/><span>2024-11-07 05:32:35 UTC<br/>2024-11-07 05:32:39 UTC</span></div>
</div>]]></description>
		<Style>
			<LineStyle>
				<color>ffae00ff</color>
				<width>2</width>
			</LineStyle>
		</Style>
		<MultiGeometry>
			<LineString>
				<tessellate>1</tessellate>
				<altitudeMode>absolute</altitudeMode>
				<coordinates>
					104.436722,41.101994,11612.88 104.430046,41.106369,11612.88 
				</coordinates>
			</LineString>
		</MultiGeometry>
	</Placemark>
	<Placemark>
		<name>P-379</name>
		<visibility>0</visibility>
		<description><![CDATA[<div><div><span><b>Altitude:</b></span> <span>38,100 ft - 38,125 ft</span></div>
<div><span><b>Speed:</b></span> <span>420 kt - 421 kt</span></div>
<div><span><b>Timestamp:</b></span><br/><span>2024-11-07 05:32:39 UTC<br/>2024-11-07 05:32:42 UTC</span></div>
</div>]]></description>
		<Style>
			<LineStyle>
				<color>ffae00ff</color>
				<width>2</width>
			</LineStyle>
		</Style>
		<MultiGeometry>
			<LineString>
				<tessellate>1</tessellate>
				<altitudeMode>absolute</altitudeMode>
				<coordinates>
					104.430046,41.106369,11612.88 104.42424,41.11042,11620.5 
				</coordinates>
			</LineString>
		</MultiGeometry>
	</Placemark>
	<Placemark>
		<name>P-380</name>
		<visibility>0</visibility>
		<description><![CDATA[<div><div><span><b>Altitude:</b></span> <span>38,125 ft</span></div>
<div><span><b>Speed:</b></span> <span>421 kt</span></div>
<div><span><b>Timestamp:</b></span><br/><span>2024-11-07 05:32:42 UTC<br/>2024-11-07 05:32:45 UTC</span></div>
</div>]]></description>
		<Style>
			<LineStyle>
				<color>ffae00ff</color>
				<width>2</width>
			</LineStyle>
		</Style>
		<MultiGeometry>
			<LineString>
				<tessellate>1</tessellate>
				<altitudeMode>absolute</altitudeMode>
				<coordinates>
					104.42424,41.11042,11620.5 104.418747,41.114376,11620.5 
				</coordinates>
			</LineString>
		</MultiGeometry>
	</Placemark>
	<Placemark>
		<name>P-381</name>
		<visibility>0</visibility>
		<description><![CDATA[<div><div><span><b>Altitude:</b></span> <span>38,125 ft</span></div>
<div><span><b>Speed:</b></span> <span>421 kt - 422 kt</span></div>
<div><span><b>Timestamp:</b></span><br/><span>2024-11-07 05:32:45 UTC<br/>2024-11-07 05:32:48 UTC</span></div>
</div>]]></description>
		<Style>
			<LineStyle>
				<color>ffae00ff</color>
				<width>2</width>
			</LineStyle>
		</Style>
		<MultiGeometry>
			<LineString>
				<tessellate>1</tessellate>
				<altitudeMode>absolute</altitudeMode>
				<coordinates>
					104.418747,41.114376,11620.5 104.412842,41.118576,11620.5 
				</coordinates>
			</LineString>
		</MultiGeometry>
	</Placemark>
	<Placemark>
		<name>P-382</name>
		<visibility>0</visibility>
		<description><![CDATA[<div><div><span><b>Altitude:</b></span> <span>38,125 ft</span></div>
<div><span><b>Speed:</b></span> <span>422 kt</span></div>
<div><span><b>Timestamp:</b></span><br/><span>2024-11-07 05:32:48 UTC<br/>2024-11-07 05:32:51 UTC</span></div>
</div>]]></description>
		<Style>
			<LineStyle>
				<color>ffae00ff</color>
				<width>2</width>
			</LineStyle>
		</Style>
		<MultiGeometry>
			<LineString>
				<tessellate>1</tessellate>
				<altitudeMode>absolute</altitudeMode>
				<coordinates>
					104.412842,41.118576,11620.5 104.407135,41.122616,11620.5 
				</coordinates>
			</LineString>
		</MultiGeometry>
	</Placemark>
	<Placemark>
		<name>P-383</name>
		<visibility>0</visibility>
		<description><![CDATA[<div><div><span><b>Altitude:</b></span> <span>38,125 ft</span></div>
<div><span><b>Speed:</b></span> <span>422 kt - 424 kt</span></div>
<div><span><b>Timestamp:</b></span><br/><span>2024-11-07 05:32:51 UTC<br/>2024-11-07 05:32:54 UTC</span></div>
</div>]]></description>
		<Style>
			<LineStyle>
				<color>ffae00ff</color>
				<width>2</width>
			</LineStyle>
		</Style>
		<MultiGeometry>
			<LineString>
				<tessellate>1</tessellate>
				<altitudeMode>absolute</altitudeMode>
				<coordinates>
					104.407135,41.122616,11620.5 104.400635,41.127045,11620.5 
				</coordinates>
			</LineString>
		</MultiGeometry>
	</Placemark>
	<Placemark>
		<name>P-384</name>
		<visibility>0</visibility>
		<description><![CDATA[<div><div><span><b>Altitude:</b></span> <span>38,125 ft</span></div>
<div><span><b>Speed:</b></span> <span>424 kt - 423 kt</span></div>
<div><span><b>Timestamp:</b></span><br/><span>2024-11-07 05:32:54 UTC<br/>2024-11-07 05:32:57 UTC</span></div>
</div>]]></description>
		<Style>
			<LineStyle>
				<color>ffae00ff</color>
				<width>2</width>
			</LineStyle>
		</Style>
		<MultiGeometry>
			<LineString>
				<tessellate>1</tessellate>
				<altitudeMode>absolute</altitudeMode>
				<coordinates>
					104.400635,41.127045,11620.5 104.395508,41.130386,11620.5 
				</coordinates>
			</LineString>
		</MultiGeometry>
	</Placemark>
	<Placemark>
		<name>P-385</name>
		<visibility>0</visibility>
		<description><![CDATA[<div><div><span><b>Altitude:</b></span> <span>38,125 ft - 38,100 ft</span></div>
<div><span><b>Speed:</b></span> <span>423 kt - 420 kt</span></div>
<div><span><b>Timestamp:</b></span><br/><span>2024-11-07 05:32:57 UTC<br/>2024-11-07 05:33:09 UTC</span></div>
</div>]]></description>
		<Style>
			<LineStyle>
				<color>ffae00ff</color>
				<width>2</width>
			</LineStyle>
		</Style>
		<MultiGeometry>
			<LineString>
				<tessellate>1</tessellate>
				<altitudeMode>absolute</altitudeMode>
				<coordinates>
					104.395508,41.130386,11620.5 104.36937,41.144218,11612.88 
				</coordinates>
			</LineString>
		</MultiGeometry>
	</Placemark>
	<Placemark>
		<name>P-386</name>
		<visibility>0</visibility>
		<description><![CDATA[<div><div><span><b>Altitude:</b></span> <span>38,100 ft</span></div>
<div><span><b>Speed:</b></span> <span>420 kt - 419 kt</span></div>
<div><span><b>Timestamp:</b></span><br/><span>2024-11-07 05:33:09 UTC<br/>2024-11-07 05:33:12 UTC</span></div>
</div>]]></description>
		<Style>
			<LineStyle>
				<color>ffae00ff</color>
				<width>2</width>
			</LineStyle>
		</Style>
		<MultiGeometry>
			<LineString>
				<tessellate>1</tessellate>
				<altitudeMode>absolute</altitudeMode>
				<coordinates>
					104.36937,41.144218,11612.88 104.362671,41.147049,11612.88 
				</coordinates>
			</LineString>
		</MultiGeometry>
	</Placemark>
	<Placemark>
		<name>P-387</name>
		<visibility>0</visibility>
		<description><![CDATA[<div><div><span><b>Altitude:</b></span> <span>38,100 ft</span></div>
<div><span><b>Speed:</b></span> <span>419 kt - 418 kt</span></div>
<div><span><b>Timestamp:</b></span><br/><span>2024-11-07 05:33:12 UTC<br/>2024-11-07 05:33:15 UTC</span></div>
</div>]]></description>
		<Style>
			<LineStyle>
				<color>ffae00ff</color>
				<width>2</width>
			</LineStyle>
		</Style>
		<MultiGeometry>
			<LineString>
				<tessellate>1</tessellate>
				<altitudeMode>absolute</altitudeMode>
				<coordinates>
					104.362671,41.147049,11612.88 104.356194,41.149666,11612.88 
				</coordinates>
			</LineString>
		</MultiGeometry>
	</Placemark>
	<Placemark>
		<name>P-388</name>
		<visibility>0</visibility>
		<description><![CDATA[<div><div><span><b>Altitude:</b></span> <span>38,100 ft - 38,125 ft</span></div>
<div><span><b>Speed:</b></span> <span>418 kt</span></div>
<div><span><b>Timestamp:</b></span><br/><span>2024-11-07 05:33:15 UTC<br/>2024-11-07 05:33:18 UTC</span></div>
</div>]]></description>
		<Style>
			<LineStyle>
				<color>ffae00ff</color>
				<width>2</width>
			</LineStyle>
		</Style>
		<MultiGeometry>
			<LineString>
				<tessellate>1</tessellate>
				<altitudeMode>absolute</altitudeMode>
				<coordinates>
					104.356194,41.149666,11612.88 104.348999,41.152496,11620.5 
				</coordinates>
			</LineString>
		</MultiGeometry>
	</Placemark>
	<Placemark>
		<name>P-389</name>
		<visibility>0</visibility>
		<description><![CDATA[<div><div><span><b>Altitude:</b></span> <span>38,125 ft - 38,150 ft</span></div>
<div><span><b>Speed:</b></span> <span>418 kt</span></div>
<div><span><b>Timestamp:</b></span><br/><span>2024-11-07 05:33:18 UTC<br/>2024-11-07 05:33:21 UTC</span></div>
</div>]]></description>
		<Style>
			<LineStyle>
				<color>ffae00ff</color>
				<width>2</width>
			</LineStyle>
		</Style>
		<MultiGeometry>
			<LineString>
				<tessellate>1</tessellate>
				<altitudeMode>absolute</altitudeMode>
				<coordinates>
					104.348999,41.152496,11620.5 104.342102,41.155106,11628.12 
				</coordinates>
			</LineString>
		</MultiGeometry>
	</Placemark>
	<Placemark>
		<name>P-390</name>
		<visibility>0</visibility>
		<description><![CDATA[<div><div><span><b>Altitude:</b></span> <span>38,150 ft</span></div>
<div><span><b>Speed:</b></span> <span>418 kt - 417 kt</span></div>
<div><span><b>Timestamp:</b></span><br/><span>2024-11-07 05:33:21 UTC<br/>2024-11-07 05:33:24 UTC</span></div>
</div>]]></description>
		<Style>
			<LineStyle>
				<color>ffae00ff</color>
				<width>2</width>
			</LineStyle>
		</Style>
		<MultiGeometry>
			<LineString>
				<tessellate>1</tessellate>
				<altitudeMode>absolute</altitudeMode>
				<coordinates>
					104.342102,41.155106,11628.12 104.336037,41.157391,11628.12 
				</coordinates>
			</LineString>
		</MultiGeometry>
	</Placemark>
	<Placemark>
		<name>P-391</name>
		<visibility>0</visibility>
		<description><![CDATA[<div><div><span><b>Altitude:</b></span> <span>38,150 ft - 38,125 ft</span></div>
<div><span><b>Speed:</b></span> <span>417 kt - 418 kt</span></div>
<div><span><b>Timestamp:</b></span><br/><span>2024-11-07 05:33:24 UTC<br/>2024-11-07 05:33:27 UTC</span></div>
</div>]]></description>
		<Style>
			<LineStyle>
				<color>ffae00ff</color>
				<width>2</width>
			</LineStyle>
		</Style>
		<MultiGeometry>
			<LineString>
				<tessellate>1</tessellate>
				<altitudeMode>absolute</altitudeMode>
				<coordinates>
					104.336037,41.157391,11628.12 104.328979,41.159958,11620.5 
				</coordinates>
			</LineString>
		</MultiGeometry>
	</Placemark>
	<Placemark>
		<name>P-392</name>
		<visibility>0</visibility>
		<description><![CDATA[<div><div><span><b>Altitude:</b></span> <span>38,125 ft</span></div>
<div><span><b>Speed:</b></span> <span>418 kt</span></div>
<div><span><b>Timestamp:</b></span><br/><span>2024-11-07 05:33:27 UTC<br/>2024-11-07 05:33:30 UTC</span></div>
</div>]]></description>
		<Style>
			<LineStyle>
				<color>ffae00ff</color>
				<width>2</width>
			</LineStyle>
		</Style>
		<MultiGeometry>
			<LineString>
				<tessellate>1</tessellate>
				<altitudeMode>absolute</altitudeMode>
				<coordinates>
					104.328979,41.159958,11620.5 104.322052,41.162373,11620.5 
				</coordinates>
			</LineString>
		</MultiGeometry>
	</Placemark>
	<Placemark>
		<name>P-393</name>
		<visibility>0</visibility>
		<description><![CDATA[<div><div><span><b>Altitude:</b></span> <span>38,125 ft</span></div>
<div><span><b>Speed:</b></span> <span>418 kt</span></div>
<div><span><b>Timestamp:</b></span><br/><span>2024-11-07 05:33:30 UTC<br/>2024-11-07 05:33:33 UTC</span></div>
</div>]]></description>
		<Style>
			<LineStyle>
				<color>ffae00ff</color>
				<width>2</width>
			</LineStyle>
		</Style>
		<MultiGeometry>
			<LineString>
				<tessellate>1</tessellate>
				<altitudeMode>absolute</altitudeMode>
				<coordinates>
					104.322052,41.162373,11620.5 104.315125,41.16481,11620.5 
				</coordinates>
			</LineString>
		</MultiGeometry>
	</Placemark>
	<Placemark>
		<name>P-394</name>
		<visibility>0</visibility>
		<description><![CDATA[<div><div><span><b>Altitude:</b></span> <span>38,125 ft</span></div>
<div><span><b>Speed:</b></span> <span>418 kt</span></div>
<div><span><b>Timestamp:</b></span><br/><span>2024-11-07 05:33:33 UTC<br/>2024-11-07 05:34:06 UTC</span></div>
</div>]]></description>
		<Style>
			<LineStyle>
				<color>ffae00ff</color>
				<width>2</width>
			</LineStyle>
		</Style>
		<MultiGeometry>
			<LineString>
				<tessellate>1</tessellate>
				<altitudeMode>absolute</altitudeMode>
				<coordinates>
					104.315125,41.16481,11620.5 104.236282,41.189373,11620.5 
				</coordinates>
			</LineString>
		</MultiGeometry>
	</Placemark>
	<Placemark>
		<name>P-395</name>
		<visibility>0</visibility>
		<description><![CDATA[<div><div><span><b>Altitude:</b></span> <span>38,125 ft</span></div>
<div><span><b>Speed:</b></span> <span>418 kt</span></div>
<div><span><b>Timestamp:</b></span><br/><span>2024-11-07 05:34:06 UTC<br/>2024-11-07 05:34:40 UTC</span></div>
</div>]]></description>
		<Style>
			<LineStyle>
				<color>ffae00ff</color>
				<width>2</width>
			</LineStyle>
		</Style>
		<MultiGeometry>
			<LineString>
				<tessellate>1</tessellate>
				<altitudeMode>absolute</altitudeMode>
				<coordinates>
					104.236282,41.189373,11620.5 104.155579,41.212372,11620.5 
				</coordinates>
			</LineString>
		</MultiGeometry>
	</Placemark>
	<Placemark>
		<name>P-396</name>
		<visibility>0</visibility>
		<description><![CDATA[<div><div><span><b>Altitude:</b></span> <span>38,125 ft - 38,100 ft</span></div>
<div><span><b>Speed:</b></span> <span>418 kt</span></div>
<div><span><b>Timestamp:</b></span><br/><span>2024-11-07 05:34:40 UTC<br/>2024-11-07 05:35:10 UTC</span></div>
</div>]]></description>
		<Style>
			<LineStyle>
				<color>ffae00ff</color>
				<width>2</width>
			</LineStyle>
		</Style>
		<MultiGeometry>
			<LineString>
				<tessellate>1</tessellate>
				<altitudeMode>absolute</altitudeMode>
				<coordinates>
					104.155579,41.212372,11620.5 104.083679,41.232697,11612.88 
				</coordinates>
			</LineString>
		</MultiGeometry>
	</Placemark>
	<Placemark>
		<name>P-397</name>
		<visibility>0</visibility>
		<description><![CDATA[<div><div><span><b>Altitude:</b></span> <span>38,100 ft</span></div>
<div><span><b>Speed:</b></span> <span>418 kt</span></div>
<div><span><b>Timestamp:</b></span><br/><span>2024-11-07 05:35:10 UTC<br/>2024-11-07 05:35:43 UTC</span></div>
</div>]]></description>
		<Style>
			<LineStyle>
				<color>ffae00ff</color>
				<width>2</width>
			</LineStyle>
		</Style>
		<MultiGeometry>
			<LineString>
				<tessellate>1</tessellate>
				<altitudeMode>absolute</altitudeMode>
				<coordinates>
					104.083679,41.232697,11612.88 104.003387,41.255478,11612.88 
				</coordinates>
			</LineString>
		</MultiGeometry>
	</Placemark>
	<Placemark>
		<name>P-398</name>
		<visibility>0</visibility>
		<description><![CDATA[<div><div><span><b>Altitude:</b></span> <span>38,100 ft - 38,075 ft</span></div>
<div><span><b>Speed:</b></span> <span>418 kt - 419 kt</span></div>
<div><span><b>Timestamp:</b></span><br/><span>2024-11-07 05:35:43 UTC<br/>2024-11-07 05:36:16 UTC</span></div>
</div>]]></description>
		<Style>
			<LineStyle>
				<color>ffae00ff</color>
				<width>2</width>
			</LineStyle>
		</Style>
		<MultiGeometry>
			<LineString>
				<tessellate>1</tessellate>
				<altitudeMode>absolute</altitudeMode>
				<coordinates>
					104.003387,41.255478,11612.88 103.923988,41.278008,11605.26 
				</coordinates>
			</LineString>
		</MultiGeometry>
	</Placemark>
	<Placemark>
		<name>P-399</name>
		<visibility>0</visibility>
		<description><![CDATA[<div><div><span><b>Altitude:</b></span> <span>38,075 ft</span></div>
<div><span><b>Speed:</b></span> <span>419 kt - 421 kt</span></div>
<div><span><b>Timestamp:</b></span><br/><span>2024-11-07 05:36:16 UTC<br/>2024-11-07 05:36:50 UTC</span></div>
</div>]]></description>
		<Style>
			<LineStyle>
				<color>ffae00ff</color>
				<width>2</width>
			</LineStyle>
		</Style>
		<MultiGeometry>
			<LineString>
				<tessellate>1</tessellate>
				<altitudeMode>absolute</altitudeMode>
				<coordinates>
					103.923988,41.278008,11605.26 103.843208,41.300911,11605.26 
				</coordinates>
			</LineString>
		</MultiGeometry>
	</Placemark>
	<Placemark>
		<name>P-400</name>
		<visibility>0</visibility>
		<description><![CDATA[<div><div><span><b>Altitude:</b></span> <span>38,075 ft</span></div>
<div><span><b>Speed:</b></span> <span>421 kt - 423 kt</span></div>
<div><span><b>Timestamp:</b></span><br/><span>2024-11-07 05:36:50 UTC<br/>2024-11-07 05:37:23 UTC</span></div>
</div>]]></description>
		<Style>
			<LineStyle>
				<color>ffae00ff</color>
				<width>2</width>
			</LineStyle>
		</Style>
		<MultiGeometry>
			<LineString>
				<tessellate>1</tessellate>
				<altitudeMode>absolute</altitudeMode>
				<coordinates>
					103.843208,41.300911,11605.26 103.76281,41.323631,11605.26 
				</coordinates>
			</LineString>
		</MultiGeometry>
	</Placemark>
	<Placemark>
		<name>P-401</name>
		<visibility>0</visibility>
		<description><![CDATA[<div><div><span><b>Altitude:</b></span> <span>38,075 ft - 38,100 ft</span></div>
<div><span><b>Speed:</b></span> <span>423 kt - 424 kt</span></div>
<div><span><b>Timestamp:</b></span><br/><span>2024-11-07 05:37:23 UTC<br/>2024-11-07 05:37:56 UTC</span></div>
</div>]]></description>
		<Style>
			<LineStyle>
				<color>ffae00ff</color>
				<width>2</width>
			</LineStyle>
		</Style>
		<MultiGeometry>
			<LineString>
				<tessellate>1</tessellate>
				<altitudeMode>absolute</altitudeMode>
				<coordinates>
					103.76281,41.323631,11605.26 103.681221,41.346626,11612.88 
				</coordinates>
			</LineString>
		</MultiGeometry>
	</Placemark>
	<Placemark>
		<name>P-402</name>
		<visibility>0</visibility>
		<description><![CDATA[<div><div><span><b>Altitude:</b></span> <span>38,100 ft - 38,125 ft</span></div>
<div><span><b>Speed:</b></span> <span>424 kt - 423 kt</span></div>
<div><span><b>Timestamp:</b></span><br/><span>2024-11-07 05:37:56 UTC<br/>2024-11-07 05:38:30 UTC</span></div>
</div>]]></description>
		<Style>
			<LineStyle>
				<color>ffae00ff</color>
				<width>2</width>
			</LineStyle>
		</Style>
		<MultiGeometry>
			<LineString>
				<tessellate>1</tessellate>
				<altitudeMode>absolute</altitudeMode>
				<coordinates>
					103.681221,41.346626,11612.88 103.60257,41.36874,11620.5 
				</coordinates>
			</LineString>
		</MultiGeometry>
	</Placemark>
	<Placemark>
		<name>P-403</name>
		<visibility>0</visibility>
		<description><![CDATA[<div><div><span><b>Altitude:</b></span> <span>38,125 ft</span></div>
<div><span><b>Speed:</b></span> <span>423 kt - 422 kt</span></div>
<div><span><b>Timestamp:</b></span><br/><span>2024-11-07 05:38:30 UTC<br/>2024-11-07 05:39:03 UTC</span></div>
</div>]]></description>
		<Style>
			<LineStyle>
				<color>ffae00ff</color>
				<width>2</width>
			</LineStyle>
		</Style>
		<MultiGeometry>
			<LineString>
				<tessellate>1</tessellate>
				<altitudeMode>absolute</altitudeMode>
				<coordinates>
					103.60257,41.36874,11620.5 103.519951,41.391876,11620.5 
				</coordinates>
			</LineString>
		</MultiGeometry>
	</Placemark>
	<Placemark>
		<name>P-404</name>
		<visibility>0</visibility>
		<description><![CDATA[<div><div><span><b>Altitude:</b></span> <span>38,125 ft</span></div>
<div><span><b>Speed:</b></span> <span>422 kt - 421 kt</span></div>
<div><span><b>Timestamp:</b></span><br/><span>2024-11-07 05:39:03 UTC<br/>2024-11-07 05:39:36 UTC</span></div>
</div>]]></description>
		<Style>
			<LineStyle>
				<color>ffae00ff</color>
				<width>2</width>
			</LineStyle>
		</Style>
		<MultiGeometry>
			<LineString>
				<tessellate>1</tessellate>
				<altitudeMode>absolute</altitudeMode>
				<coordinates>
					103.519951,41.391876,11620.5 103.439835,41.414429,11620.5 
				</coordinates>
			</LineString>
		</MultiGeometry>
	</Placemark>
	<Placemark>
		<name>P-405</name>
		<visibility>0</visibility>
		<description><![CDATA[<div><div><span><b>Altitude:</b></span> <span>38,125 ft - 38,100 ft</span></div>
<div><span><b>Speed:</b></span> <span>421 kt</span></div>
<div><span><b>Timestamp:</b></span><br/><span>2024-11-07 05:39:36 UTC<br/>2024-11-07 05:40:06 UTC</span></div>
</div>]]></description>
		<Style>
			<LineStyle>
				<color>ffae00ff</color>
				<width>2</width>
			</LineStyle>
		</Style>
		<MultiGeometry>
			<LineString>
				<tessellate>1</tessellate>
				<altitudeMode>absolute</altitudeMode>
				<coordinates>
					103.439835,41.414429,11620.5 103.36599,41.434982,11612.88 
				</coordinates>
			</LineString>
		</MultiGeometry>
	</Placemark>
	<Placemark>
		<name>P-406</name>
		<visibility>0</visibility>
		<description><![CDATA[<div><div><span><b>Altitude:</b></span> <span>38,100 ft</span></div>
<div><span><b>Speed:</b></span> <span>421 kt</span></div>
<div><span><b>Timestamp:</b></span><br/><span>2024-11-07 05:40:06 UTC<br/>2024-11-07 05:40:16 UTC</span></div>
</div>]]></description>
		<Style>
			<LineStyle>
				<color>ffae00ff</color>
				<width>2</width>
			</LineStyle>
		</Style>
		<MultiGeometry>
			<LineString>
				<tessellate>1</tessellate>
				<altitudeMode>absolute</altitudeMode>
				<coordinates>
					103.36599,41.434982,11612.88 103.341026,41.44194,11612.88 
				</coordinates>
			</LineString>
		</MultiGeometry>
	</Placemark>
	<Placemark>
		<name>P-407</name>
		<visibility>0</visibility>
		<description><![CDATA[<div><div><span><b>Altitude:</b></span> <span>38,100 ft</span></div>
<div><span><b>Speed:</b></span> <span>421 kt - 422 kt</span></div>
<div><span><b>Timestamp:</b></span><br/><span>2024-11-07 05:40:16 UTC<br/>2024-11-07 05:42:29 UTC</span></div>
</div>]]></description>
		<Style>
			<LineStyle>
				<color>ffae00ff</color>
				<width>2</width>
			</LineStyle>
		</Style>
		<MultiGeometry>
			<LineString>
				<tessellate>1</tessellate>
				<altitudeMode>absolute</altitudeMode>
				<coordinates>
					103.341026,41.44194,11612.88 103.764099,41.323288,11612.88 
				</coordinates>
			</LineString>
		</MultiGeometry>
	</Placemark>
	<Placemark>
		<name>P-408</name>
		<visibility>0</visibility>
		<description><![CDATA[<div><div><span><b>Altitude:</b></span> <span>38,100 ft - 38,125 ft</span></div>
<div><span><b>Speed:</b></span> <span>422 kt</span></div>
<div><span><b>Timestamp:</b></span><br/><span>2024-11-07 05:42:29 UTC<br/>2024-11-07 05:43:45 UTC</span></div>
</div>]]></description>
		<Style>
			<LineStyle>
				<color>ffae00ff</color>
				<width>2</width>
			</LineStyle>
		</Style>
		<MultiGeometry>
			<LineString>
				<tessellate>1</tessellate>
				<altitudeMode>absolute</altitudeMode>
				<coordinates>
					103.764099,41.323288,11612.88 103.567017,41.378723,11620.5 
				</coordinates>
			</LineString>
		</MultiGeometry>
	</Placemark>
	<Placemark>
		<name>P-409</name>
		<visibility>0</visibility>
		<description><![CDATA[<div><div><span><b>Altitude:</b></span> <span>38,125 ft - 38,100 ft</span></div>
<div><span><b>Speed:</b></span> <span>422 kt - 420 kt</span></div>
<div><span><b>Timestamp:</b></span><br/><span>2024-11-07 05:43:45 UTC<br/>2024-11-07 05:45:24 UTC</span></div>
</div>]]></description>
		<Style>
			<LineStyle>
				<color>ffae00ff</color>
				<width>2</width>
			</LineStyle>
		</Style>
		<MultiGeometry>
			<LineString>
				<tessellate>1</tessellate>
				<altitudeMode>absolute</altitudeMode>
				<coordinates>
					103.567017,41.378723,11620.5 103.32769,41.44569,11612.88 
				</coordinates>
			</LineString>
		</MultiGeometry>
	</Placemark>
	<Placemark>
		<name>P-410</name>
		<visibility>0</visibility>
		<description><![CDATA[<div><div><span><b>Altitude:</b></span> <span>38,100 ft - 38,075 ft</span></div>
<div><span><b>Speed:</b></span> <span>420 kt</span></div>
<div><span><b>Timestamp:</b></span><br/><span>2024-11-07 05:45:24 UTC<br/>2024-11-07 05:47:41 UTC</span></div>
</div>]]></description>
		<Style>
			<LineStyle>
				<color>ffae00ff</color>
				<width>2</width>
			</LineStyle>
		</Style>
		<MultiGeometry>
			<LineString>
				<tessellate>1</tessellate>
				<altitudeMode>absolute</altitudeMode>
				<coordinates>
					103.32769,41.44569,11612.88 103.063766,41.518543,11605.26 
				</coordinates>
			</LineString>
		</MultiGeometry>
	</Placemark>
	<Placemark>
		<name>P-411</name>
		<visibility>0</visibility>
		<description><![CDATA[<div><div><span><b>Altitude:</b></span> <span>38,075 ft - 38,100 ft</span></div>
<div><span><b>Speed:</b></span> <span>420 kt</span></div>
<div><span><b>Timestamp:</b></span><br/><span>2024-11-07 05:47:41 UTC<br/>2024-11-07 05:49:46 UTC</span></div>
</div>]]></description>
		<Style>
			<LineStyle>
				<color>ffae00ff</color>
				<width>2</width>
			</LineStyle>
		</Style>
		<MultiGeometry>
			<LineString>
				<tessellate>1</tessellate>
				<altitudeMode>absolute</altitudeMode>
				<coordinates>
					103.063766,41.518543,11605.26 102.79258,41.592911,11612.88 
				</coordinates>
			</LineString>
		</MultiGeometry>
	</Placemark>
	<Placemark>
		<name>P-412</name>
		<visibility>0</visibility>
		<description><![CDATA[<div><div><span><b>Altitude:</b></span> <span>38,100 ft - 38,075 ft</span></div>
<div><span><b>Speed:</b></span> <span>420 kt - 424 kt</span></div>
<div><span><b>Timestamp:</b></span><br/><span>2024-11-07 05:49:46 UTC<br/>2024-11-07 05:50:45 UTC</span></div>
</div>]]></description>
		<Style>
			<LineStyle>
				<color>ffae00ff</color>
				<width>2</width>
			</LineStyle>
		</Style>
		<MultiGeometry>
			<LineString>
				<tessellate>1</tessellate>
				<altitudeMode>absolute</altitudeMode>
				<coordinates>
					102.79258,41.592911,11612.88 102.547821,41.66391,11605.26 
				</coordinates>
			</LineString>
		</MultiGeometry>
	</Placemark>
	<Placemark>
		<name>P-413</name>
		<visibility>0</visibility>
		<description><![CDATA[<div><div><span><b>Altitude:</b></span> <span>38,075 ft - 38,125 ft</span></div>
<div><span><b>Speed:</b></span> <span>424 kt</span></div>
<div><span><b>Timestamp:</b></span><br/><span>2024-11-07 05:50:45 UTC<br/>2024-11-07 05:51:46 UTC</span></div>
</div>]]></description>
		<Style>
			<LineStyle>
				<color>ffae00ff</color>
				<width>2</width>
			</LineStyle>
		</Style>
		<MultiGeometry>
			<LineString>
				<tessellate>1</tessellate>
				<altitudeMode>absolute</altitudeMode>
				<coordinates>
					102.547821,41.66391,11605.26 102.456062,41.689911,11620.5 
				</coordinates>
			</LineString>
		</MultiGeometry>
	</Placemark>
	<Placemark>
		<name>P-414</name>
		<visibility>0</visibility>
		<description><![CDATA[<div><div><span><b>Altitude:</b></span> <span>38,125 ft - 38,100 ft</span></div>
<div><span><b>Speed:</b></span> <span>424 kt - 426 kt</span></div>
<div><span><b>Timestamp:</b></span><br/><span>2024-11-07 05:51:46 UTC<br/>2024-11-07 05:54:46 UTC</span></div>
</div>]]></description>
		<Style>
			<LineStyle>
				<color>ffae00ff</color>
				<width>2</width>
			</LineStyle>
		</Style>
		<MultiGeometry>
			<LineString>
				<tessellate>1</tessellate>
				<altitudeMode>absolute</altitudeMode>
				<coordinates>
					102.456062,41.689911,11620.5 102.079407,41.79623,11612.88 
				</coordinates>
			</LineString>
		</MultiGeometry>
	</Placemark>
	<Placemark>
		<name>P-415</name>
		<visibility>0</visibility>
		<description><![CDATA[<div><div><span><b>Altitude:</b></span> <span>38,100 ft</span></div>
<div><span><b>Speed:</b></span> <span>426 kt - 428 kt</span></div>
<div><span><b>Timestamp:</b></span><br/><span>2024-11-07 05:54:46 UTC<br/>2024-11-07 05:55:47 UTC</span></div>
</div>]]></description>
		<Style>
			<LineStyle>
				<color>ffae00ff</color>
				<width>2</width>
			</LineStyle>
		</Style>
		<MultiGeometry>
			<LineString>
				<tessellate>1</tessellate>
				<altitudeMode>absolute</altitudeMode>
				<coordinates>
					102.079407,41.79623,11612.88 101.839577,41.863129,11612.88 
				</coordinates>
			</LineString>
		</MultiGeometry>
	</Placemark>
	<Placemark>
		<name>P-416</name>
		<visibility>0</visibility>
		<description><![CDATA[<div><div><span><b>Altitude:</b></span> <span>38,100 ft</span></div>
<div><span><b>Speed:</b></span> <span>428 kt</span></div>
<div><span><b>Timestamp:</b></span><br/><span>2024-11-07 05:55:47 UTC<br/>2024-11-07 05:56:42 UTC</span></div>
</div>]]></description>
		<Style>
			<LineStyle>
				<color>ffae00ff</color>
				<width>2</width>
			</LineStyle>
		</Style>
		<MultiGeometry>
			<LineString>
				<tessellate>1</tessellate>
				<altitudeMode>absolute</altitudeMode>
				<coordinates>
					101.839577,41.863129,11612.88 101.785263,41.878254,11612.88 
				</coordinates>
			</LineString>
		</MultiGeometry>
	</Placemark>
	<Placemark>
		<name>P-417</name>
		<visibility>0</visibility>
		<description><![CDATA[<div><div><span><b>Altitude:</b></span> <span>38,100 ft - 38,125 ft</span></div>
<div><span><b>Speed:</b></span> <span>428 kt - 424 kt</span></div>
<div><span><b>Timestamp:</b></span><br/><span>2024-11-07 05:56:42 UTC<br/>2024-11-07 06:03:46 UTC</span></div>
</div>]]></description>
		<Style>
			<LineStyle>
				<color>ffae00ff</color>
				<width>2</width>
			</LineStyle>
		</Style>
		<MultiGeometry>
			<LineString>
				<tessellate>1</tessellate>
				<altitudeMode>absolute</altitudeMode>
				<coordinates>
					101.785263,41.878254,11612.88 100.63636,42.071213,11620.5 
				</coordinates>
			</LineString>
		</MultiGeometry>
	</Placemark>
	<Placemark>
		<name>P-418</name>
		<visibility>0</visibility>
		<description><![CDATA[<div><div><span><b>Altitude:</b></span> <span>38,125 ft - 38,100 ft</span></div>
<div><span><b>Speed:</b></span> <span>424 kt - 422 kt</span></div>
<div><span><b>Timestamp:</b></span><br/><span>2024-11-07 06:03:46 UTC<br/>2024-11-07 06:04:48 UTC</span></div>
</div>]]></description>
		<Style>
			<LineStyle>
				<color>ffae00ff</color>
				<width>2</width>
			</LineStyle>
		</Style>
		<MultiGeometry>
			<LineString>
				<tessellate>1</tessellate>
				<altitudeMode>absolute</altitudeMode>
				<coordinates>
					100.63636,42.071213,11620.5 100.44474,42.069721,11612.88 
				</coordinates>
			</LineString>
		</MultiGeometry>
	</Placemark>
	<Placemark>
		<name>P-419</name>
		<visibility>0</visibility>
		<description><![CDATA[<div><div><span><b>Altitude:</b></span> <span>38,100 ft - 38,050 ft</span></div>
<div><span><b>Speed:</b></span> <span>422 kt - 409 kt</span></div>
<div><span><b>Timestamp:</b></span><br/><span>2024-11-07 06:04:48 UTC<br/>2024-11-07 06:13:47 UTC</span></div>
</div>]]></description>
		<Style>
			<LineStyle>
				<color>ffae00ff</color>
				<width>2</width>
			</LineStyle>
		</Style>
		<MultiGeometry>
			<LineString>
				<tessellate>1</tessellate>
				<altitudeMode>absolute</altitudeMode>
				<coordinates>
					100.44474,42.069721,11612.88 98.25048100000001,42.028702,11597.64 
				</coordinates>
			</LineString>
		</MultiGeometry>
	</Placemark>
	<Placemark>
		<name>P-420</name>
		<visibility>0</visibility>
		<description><![CDATA[<div><div><span><b>Altitude:</b></span> <span>38,050 ft - 38,100 ft</span></div>
<div><span><b>Speed:</b></span> <span>409 kt - 411 kt</span></div>
<div><span><b>Timestamp:</b></span><br/><span>2024-11-07 06:13:47 UTC<br/>2024-11-07 06:14:44 UTC</span></div>
</div>]]></description>
		<Style>
			<LineStyle>
				<color>ffae00ff</color>
				<width>2</width>
			</LineStyle>
		</Style>
		<MultiGeometry>
			<LineString>
				<tessellate>1</tessellate>
				<altitudeMode>absolute</altitudeMode>
				<coordinates>
					98.25048100000001,42.028702,11597.64 98.104973,42.02475,11612.88 
				</coordinates>
			</LineString>
		</MultiGeometry>
	</Placemark>
	<Placemark>
		<name>P-421</name>
		<visibility>0</visibility>
		<description><![CDATA[<div><div><span><b>Altitude:</b></span> <span>38,100 ft - 38,125 ft</span></div>
<div><span><b>Speed:</b></span> <span>411 kt - 410 kt</span></div>
<div><span><b>Timestamp:</b></span><br/><span>2024-11-07 06:14:44 UTC<br/>2024-11-07 06:16:46 UTC</span></div>
</div>]]></description>
		<Style>
			<LineStyle>
				<color>ffae00ff</color>
				<width>2</width>
			</LineStyle>
		</Style>
		<MultiGeometry>
			<LineString>
				<tessellate>1</tessellate>
				<altitudeMode>absolute</altitudeMode>
				<coordinates>
					98.104973,42.02475,11612.88 97.794861,42.01506,11620.5 
				</coordinates>
			</LineString>
		</MultiGeometry>
	</Placemark>
	<Placemark>
		<name>P-422</name>
		<visibility>0</visibility>
		<description><![CDATA[<div><div><span><b>Altitude:</b></span> <span>38,125 ft - 38,100 ft</span></div>
<div><span><b>Speed:</b></span> <span>410 kt - 411 kt</span></div>
<div><span><b>Timestamp:</b></span><br/><span>2024-11-07 06:16:46 UTC<br/>2024-11-07 06:17:24 UTC</span></div>
</div>]]></description>
		<Style>
			<LineStyle>
				<color>ffae00ff</color>
				<width>2</width>
			</LineStyle>
		</Style>
		<MultiGeometry>
			<LineString>
				<tessellate>1</tessellate>
				<altitudeMode>absolute</altitudeMode>
				<coordinates>
					97.794861,42.01506,11620.5 97.69802900000002,42.011902,11612.88 
				</coordinates>
			</LineString>
		</MultiGeometry>
	</Placemark>
	<Placemark>
		<name>P-423</name>
		<visibility>0</visibility>
		<description><![CDATA[<div><div><span><b>Altitude:</b></span> <span>38,100 ft</span></div>
<div><span><b>Speed:</b></span> <span>411 kt - 413 kt</span></div>
<div><span><b>Timestamp:</b></span><br/><span>2024-11-07 06:17:24 UTC<br/>2024-11-07 06:18:47 UTC</span></div>
</div>]]></description>
		<Style>
			<LineStyle>
				<color>ffae00ff</color>
				<width>2</width>
			</LineStyle>
		</Style>
		<MultiGeometry>
			<LineString>
				<tessellate>1</tessellate>
				<altitudeMode>absolute</altitudeMode>
				<coordinates>
					97.69802900000002,42.011902,11612.88 97.48687000000001,42.00494,11612.88 
				</coordinates>
			</LineString>
		</MultiGeometry>
	</Placemark>
	<Placemark>
		<name>P-424</name>
		<visibility>0</visibility>
		<description><![CDATA[<div><div><span><b>Altitude:</b></span> <span>38,100 ft - 38,125 ft</span></div>
<div><span><b>Speed:</b></span> <span>413 kt - 414 kt</span></div>
<div><span><b>Timestamp:</b></span><br/><span>2024-11-07 06:18:47 UTC<br/>2024-11-07 06:20:46 UTC</span></div>
</div>]]></description>
		<Style>
			<LineStyle>
				<color>ffae00ff</color>
				<width>2</width>
			</LineStyle>
		</Style>
		<MultiGeometry>
			<LineString>
				<tessellate>1</tessellate>
				<altitudeMode>absolute</altitudeMode>
				<coordinates>
					97.48687000000001,42.00494,11612.88 97.18038199999998,41.993729,11620.5 
				</coordinates>
			</LineString>
		</MultiGeometry>
	</Placemark>
	<Placemark>
		<name>P-425</name>
		<visibility>0</visibility>
		<description><![CDATA[<div><div><span><b>Altitude:</b></span> <span>38,125 ft - 38,100 ft</span></div>
<div><span><b>Speed:</b></span> <span>414 kt - 415 kt</span></div>
<div><span><b>Timestamp:</b></span><br/><span>2024-11-07 06:20:46 UTC<br/>2024-11-07 06:21:48 UTC</span></div>
</div>]]></description>
		<Style>
			<LineStyle>
				<color>ffae00ff</color>
				<width>2</width>
			</LineStyle>
		</Style>
		<MultiGeometry>
			<LineString>
				<tessellate>1</tessellate>
				<altitudeMode>absolute</altitudeMode>
				<coordinates>
					97.18038199999998,41.993729,11620.5 97.02211800000001,41.987598,11612.88 
				</coordinates>
			</LineString>
		</MultiGeometry>
	</Placemark>
	<Placemark>
		<name>P-426</name>
		<visibility>0</visibility>
		<description><![CDATA[<div><div><span><b>Altitude:</b></span> <span>38,100 ft - 38,075 ft</span></div>
<div><span><b>Speed:</b></span> <span>415 kt - 417 kt</span></div>
<div><span><b>Timestamp:</b></span><br/><span>2024-11-07 06:21:48 UTC<br/>2024-11-07 06:22:47 UTC</span></div>
</div>]]></description>
		<Style>
			<LineStyle>
				<color>ffae00ff</color>
				<width>2</width>
			</LineStyle>
		</Style>
		<MultiGeometry>
			<LineString>
				<tessellate>1</tessellate>
				<altitudeMode>absolute</altitudeMode>
				<coordinates>
					97.02211800000001,41.987598,11612.88 96.869781,41.98151,11605.26 
				</coordinates>
			</LineString>
		</MultiGeometry>
	</Placemark>
	<Placemark>
		<name>P-427</name>
		<visibility>0</visibility>
		<description><![CDATA[<div><div><span><b>Altitude:</b></span> <span>38,075 ft - 38,125 ft</span></div>
<div><span><b>Speed:</b></span> <span>417 kt</span></div>
<div><span><b>Timestamp:</b></span><br/><span>2024-11-07 06:22:47 UTC<br/>2024-11-07 06:23:42 UTC</span></div>
</div>]]></description>
		<Style>
			<LineStyle>
				<color>ffae00ff</color>
				<width>2</width>
			</LineStyle>
		</Style>
		<MultiGeometry>
			<LineString>
				<tessellate>1</tessellate>
				<altitudeMode>absolute</altitudeMode>
				<coordinates>
					96.869781,41.98151,11605.26 96.727318,41.975739,11620.5 
				</coordinates>
			</LineString>
		</MultiGeometry>
	</Placemark>
	<Placemark>
		<name>P-428</name>
		<visibility>0</visibility>
		<description><![CDATA[<div><div><span><b>Altitude:</b></span> <span>38,125 ft</span></div>
<div><span><b>Speed:</b></span> <span>417 kt - 416 kt</span></div>
<div><span><b>Timestamp:</b></span><br/><span>2024-11-07 06:23:42 UTC<br/>2024-11-07 06:24:45 UTC</span></div>
</div>]]></description>
		<Style>
			<LineStyle>
				<color>ffae00ff</color>
				<width>2</width>
			</LineStyle>
		</Style>
		<MultiGeometry>
			<LineString>
				<tessellate>1</tessellate>
				<altitudeMode>absolute</altitudeMode>
				<coordinates>
					96.727318,41.975739,11620.5 96.56407899999999,41.969082,11620.5 
				</coordinates>
			</LineString>
		</MultiGeometry>
	</Placemark>
	<Placemark>
		<name>P-429</name>
		<visibility>0</visibility>
		<description><![CDATA[<div><div><span><b>Altitude:</b></span> <span>38,125 ft</span></div>
<div><span><b>Speed:</b></span> <span>416 kt - 415 kt</span></div>
<div><span><b>Timestamp:</b></span><br/><span>2024-11-07 06:24:45 UTC<br/>2024-11-07 06:25:45 UTC</span></div>
</div>]]></description>
		<Style>
			<LineStyle>
				<color>ffae00ff</color>
				<width>2</width>
			</LineStyle>
		</Style>
		<MultiGeometry>
			<LineString>
				<tessellate>1</tessellate>
				<altitudeMode>absolute</altitudeMode>
				<coordinates>
					96.56407899999999,41.969082,11620.5 96.41033899999999,41.960449,11620.5 
				</coordinates>
			</LineString>
		</MultiGeometry>
	</Placemark>
	<Placemark>
		<name>P-430</name>
		<visibility>0</visibility>
		<description><![CDATA[<div><div><span><b>Altitude:</b></span> <span>38,125 ft - 38,100 ft</span></div>
<div><span><b>Speed:</b></span> <span>415 kt - 412 kt</span></div>
<div><span><b>Timestamp:</b></span><br/><span>2024-11-07 06:25:45 UTC<br/>2024-11-07 06:27:46 UTC</span></div>
</div>]]></description>
		<Style>
			<LineStyle>
				<color>ffae00ff</color>
				<width>2</width>
			</LineStyle>
		</Style>
		<MultiGeometry>
			<LineString>
				<tessellate>1</tessellate>
				<altitudeMode>absolute</altitudeMode>
				<coordinates>
					96.41033899999999,41.960449,11620.5 96.101662,41.935638,11612.88 
				</coordinates>
			</LineString>
		</MultiGeometry>
	</Placemark>
	<Placemark>
		<name>P-431</name>
		<visibility>0</visibility>
		<description><![CDATA[<div><div><span><b>Altitude:</b></span> <span>38,100 ft - 38,075 ft</span></div>
<div><span><b>Speed:</b></span> <span>412 kt - 411 kt</span></div>
<div><span><b>Timestamp:</b></span><br/><span>2024-11-07 06:27:46 UTC<br/>2024-11-07 06:28:45 UTC</span></div>
</div>]]></description>
		<Style>
			<LineStyle>
				<color>ffae00ff</color>
				<width>2</width>
			</LineStyle>
		</Style>
		<MultiGeometry>
			<LineString>
				<tessellate>1</tessellate>
				<altitudeMode>absolute</altitudeMode>
				<coordinates>
					96.101662,41.935638,11612.88 95.95284300000002,41.92392,11605.26 
				</coordinates>
			</LineString>
		</MultiGeometry>
	</Placemark>
	<Placemark>
		<name>P-432</name>
		<visibility>0</visibility>
		<description><![CDATA[<div><div><span><b>Altitude:</b></span> <span>38,075 ft - 38,100 ft</span></div>
<div><span><b>Speed:</b></span> <span>411 kt - 405 kt</span></div>
<div><span><b>Timestamp:</b></span><br/><span>2024-11-07 06:28:45 UTC<br/>2024-11-07 06:30:48 UTC</span></div>
</div>]]></description>
		<Style>
			<LineStyle>
				<color>ffae00ff</color>
				<width>2</width>
			</LineStyle>
		</Style>
		<MultiGeometry>
			<LineString>
				<tessellate>1</tessellate>
				<altitudeMode>absolute</altitudeMode>
				<coordinates>
					95.95284300000002,41.92392,11605.26 95.644913,41.899059,11612.88 
				</coordinates>
			</LineString>
		</MultiGeometry>
	</Placemark>
	<Placemark>
		<name>P-433</name>
		<visibility>0</visibility>
		<description><![CDATA[<div><div><span><b>Altitude:</b></span> <span>38,100 ft - 38,075 ft</span></div>
<div><span><b>Speed:</b></span> <span>405 kt - 406 kt</span></div>
<div><span><b>Timestamp:</b></span><br/><span>2024-11-07 06:30:48 UTC<br/>2024-11-07 06:31:48 UTC</span></div>
</div>]]></description>
		<Style>
			<LineStyle>
				<color>ffae00ff</color>
				<width>2</width>
			</LineStyle>
		</Style>
		<MultiGeometry>
			<LineString>
				<tessellate>1</tessellate>
				<altitudeMode>absolute</altitudeMode>
				<coordinates>
					95.644913,41.899059,11612.88 95.494286,41.886841,11605.26 
				</coordinates>
			</LineString>
		</MultiGeometry>
	</Placemark>
	<Placemark>
		<name>P-434</name>
		<visibility>0</visibility>
		<description><![CDATA[<div><div><span><b>Altitude:</b></span> <span>38,075 ft - 38,100 ft</span></div>
<div><span><b>Speed:</b></span> <span>406 kt - 405 kt</span></div>
<div><span><b>Timestamp:</b></span><br/><span>2024-11-07 06:31:48 UTC<br/>2024-11-07 06:32:45 UTC</span></div>
</div>]]></description>
		<Style>
			<LineStyle>
				<color>ffae00ff</color>
				<width>2</width>
			</LineStyle>
		</Style>
		<MultiGeometry>
			<LineString>
				<tessellate>1</tessellate>
				<altitudeMode>absolute</altitudeMode>
				<coordinates>
					95.494286,41.886841,11605.26 95.352577,41.88398,11612.88 
				</coordinates>
			</LineString>
		</MultiGeometry>
	</Placemark>
	<Placemark>
		<name>P-435</name>
		<visibility>0</visibility>
		<description><![CDATA[<div><div><span><b>Altitude:</b></span> <span>38,100 ft - 38,125 ft</span></div>
<div><span><b>Speed:</b></span> <span>405 kt - 404 kt</span></div>
<div><span><b>Timestamp:</b></span><br/><span>2024-11-07 06:32:45 UTC<br/>2024-11-07 06:33:47 UTC</span></div>
</div>]]></description>
		<Style>
			<LineStyle>
				<color>ffae00ff</color>
				<width>2</width>
			</LineStyle>
		</Style>
		<MultiGeometry>
			<LineString>
				<tessellate>1</tessellate>
				<altitudeMode>absolute</altitudeMode>
				<coordinates>
					95.352577,41.88398,11612.88 95.201279,41.90799,11620.5 
				</coordinates>
			</LineString>
		</MultiGeometry>
	</Placemark>
	<Placemark>
		<name>P-436</name>
		<visibility>0</visibility>
		<description><![CDATA[<div><div><span><b>Altitude:</b></span> <span>38,125 ft - 38,100 ft</span></div>
<div><span><b>Speed:</b></span> <span>404 kt - 407 kt</span></div>
<div><span><b>Timestamp:</b></span><br/><span>2024-11-07 06:33:47 UTC<br/>2024-11-07 06:34:46 UTC</span></div>
</div>]]></description>
		<Style>
			<LineStyle>
				<color>ffae00ff</color>
				<width>2</width>
			</LineStyle>
		</Style>
		<MultiGeometry>
			<LineString>
				<tessellate>1</tessellate>
				<altitudeMode>absolute</altitudeMode>
				<coordinates>
					95.201279,41.90799,11620.5 95.067505,41.956009,11612.88 
				</coordinates>
			</LineString>
		</MultiGeometry>
	</Placemark>
	<Placemark>
		<name>P-437</name>
		<visibility>0</visibility>
		<description><![CDATA[<div><div><span><b>Altitude:</b></span> <span>38,100 ft</span></div>
<div><span><b>Speed:</b></span> <span>407 kt - 409 kt</span></div>
<div><span><b>Timestamp:</b></span><br/><span>2024-11-07 06:34:46 UTC<br/>2024-11-07 06:35:46 UTC</span></div>
</div>]]></description>
		<Style>
			<LineStyle>
				<color>ffae00ff</color>
				<width>2</width>
			</LineStyle>
		</Style>
		<MultiGeometry>
			<LineString>
				<tessellate>1</tessellate>
				<altitudeMode>absolute</altitudeMode>
				<coordinates>
					95.067505,41.956009,11612.88 94.94902,42.026291,11612.88 
				</coordinates>
			</LineString>
		</MultiGeometry>
	</Placemark>
	<Placemark>
		<name>P-438</name>
		<visibility>0</visibility>
		<description><![CDATA[<div><div><span><b>Altitude:</b></span> <span>38,100 ft - 38,125 ft</span></div>
<div><span><b>Speed:</b></span> <span>409 kt</span></div>
<div><span><b>Timestamp:</b></span><br/><span>2024-11-07 06:35:46 UTC<br/>2024-11-07 06:36:46 UTC</span></div>
</div>]]></description>
		<Style>
			<LineStyle>
				<color>ffae00ff</color>
				<width>2</width>
			</LineStyle>
		</Style>
		<MultiGeometry>
			<LineString>
				<tessellate>1</tessellate>
				<altitudeMode>absolute</altitudeMode>
				<coordinates>
					94.94902,42.026291,11612.88 94.833611,42.101212,11620.5 
				</coordinates>
			</LineString>
		</MultiGeometry>
	</Placemark>
	<Placemark>
		<name>P-439</name>
		<visibility>0</visibility>
		<description><![CDATA[<div><div><span><b>Altitude:</b></span> <span>38,125 ft - 38,075 ft</span></div>
<div><span><b>Speed:</b></span> <span>409 kt - 413 kt</span></div>
<div><span><b>Timestamp:</b></span><br/><span>2024-11-07 06:36:46 UTC<br/>2024-11-07 06:38:46 UTC</span></div>
</div>]]></description>
		<Style>
			<LineStyle>
				<color>ffae00ff</color>
				<width>2</width>
			</LineStyle>
		</Style>
		<MultiGeometry>
			<LineString>
				<tessellate>1</tessellate>
				<altitudeMode>absolute</altitudeMode>
				<coordinates>
					94.833611,42.101212,11620.5 94.602524,42.250626,11605.26 
				</coordinates>
			</LineString>
		</MultiGeometry>
	</Placemark>
	<Placemark>
		<name>P-440</name>
		<visibility>0</visibility>
		<description><![CDATA[<div><div><span><b>Altitude:</b></span> <span>38,075 ft - 38,100 ft</span></div>
<div><span><b>Speed:</b></span> <span>413 kt - 414 kt</span></div>
<div><span><b>Timestamp:</b></span><br/><span>2024-11-07 06:38:46 UTC<br/>2024-11-07 06:39:46 UTC</span></div>
</div>]]></description>
		<Style>
			<LineStyle>
				<color>ffae00ff</color>
				<width>2</width>
			</LineStyle>
		</Style>
		<MultiGeometry>
			<LineString>
				<tessellate>1</tessellate>
				<altitudeMode>absolute</altitudeMode>
				<coordinates>
					94.602524,42.250626,11605.26 94.485603,42.326157,11612.88 
				</coordinates>
			</LineString>
		</MultiGeometry>
	</Placemark>
	<Placemark>
		<name>P-441</name>
		<visibility>0</visibility>
		<description><![CDATA[<div><div><span><b>Altitude:</b></span> <span>38,100 ft - 38,125 ft</span></div>
<div><span><b>Speed:</b></span> <span>414 kt</span></div>
<div><span><b>Timestamp:</b></span><br/><span>2024-11-07 06:39:46 UTC<br/>2024-11-07 06:40:46 UTC</span></div>
</div>]]></description>
		<Style>
			<LineStyle>
				<color>ffae00ff</color>
				<width>2</width>
			</LineStyle>
		</Style>
		<MultiGeometry>
			<LineString>
				<tessellate>1</tessellate>
				<altitudeMode>absolute</altitudeMode>
				<coordinates>
					94.485603,42.326157,11612.88 94.36769099999999,42.401642,11620.5 
				</coordinates>
			</LineString>
		</MultiGeometry>
	</Placemark>
	<Placemark>
		<name>P-442</name>
		<visibility>0</visibility>
		<description><![CDATA[<div><div><span><b>Altitude:</b></span> <span>38,125 ft - 38,075 ft</span></div>
<div><span><b>Speed:</b></span> <span>414 kt</span></div>
<div><span><b>Timestamp:</b></span><br/><span>2024-11-07 06:40:46 UTC<br/>2024-11-07 06:42:46 UTC</span></div>
</div>]]></description>
		<Style>
			<LineStyle>
				<color>ffae00ff</color>
				<width>2</width>
			</LineStyle>
		</Style>
		<MultiGeometry>
			<LineString>
				<tessellate>1</tessellate>
				<altitudeMode>absolute</altitudeMode>
				<coordinates>
					94.36769099999999,42.401642,11620.5 94.134308,42.551308,11605.26 
				</coordinates>
			</LineString>
		</MultiGeometry>
	</Placemark>
	<Placemark>
		<name>P-443</name>
		<visibility>0</visibility>
		<description><![CDATA[<div><div><span><b>Altitude:</b></span> <span>38,075 ft - 38,100 ft</span></div>
<div><span><b>Speed:</b></span> <span>414 kt - 413 kt</span></div>
<div><span><b>Timestamp:</b></span><br/><span>2024-11-07 06:42:46 UTC<br/>2024-11-07 06:44:46 UTC</span></div>
</div>]]></description>
		<Style>
			<LineStyle>
				<color>ffae00ff</color>
				<width>2</width>
			</LineStyle>
		</Style>
		<MultiGeometry>
			<LineString>
				<tessellate>1</tessellate>
				<altitudeMode>absolute</altitudeMode>
				<coordinates>
					94.134308,42.551308,11605.26 93.897148,42.700008,11612.88 
				</coordinates>
			</LineString>
		</MultiGeometry>
	</Placemark>
	<Placemark>
		<name>P-444</name>
		<visibility>0</visibility>
		<description><![CDATA[<div><div><span><b>Altitude:</b></span> <span>38,100 ft</span></div>
<div><span><b>Speed:</b></span> <span>413 kt - 412 kt</span></div>
<div><span><b>Timestamp:</b></span><br/><span>2024-11-07 06:44:46 UTC<br/>2024-11-07 06:45:46 UTC</span></div>
</div>]]></description>
		<Style>
			<LineStyle>
				<color>ffae00ff</color>
				<width>2</width>
			</LineStyle>
		</Style>
		<MultiGeometry>
			<LineString>
				<tessellate>1</tessellate>
				<altitudeMode>absolute</altitudeMode>
				<coordinates>
					93.897148,42.700008,11612.88 93.778801,42.774029,11612.88 
				</coordinates>
			</LineString>
		</MultiGeometry>
	</Placemark>
	<Placemark>
		<name>P-445</name>
		<visibility>0</visibility>
		<description><![CDATA[<div><div><span><b>Altitude:</b></span> <span>38,100 ft</span></div>
<div><span><b>Speed:</b></span> <span>412 kt - 406 kt</span></div>
<div><span><b>Timestamp:</b></span><br/><span>2024-11-07 06:45:46 UTC<br/>2024-11-07 06:46:45 UTC</span></div>
</div>]]></description>
		<Style>
			<LineStyle>
				<color>ffae00ff</color>
				<width>2</width>
			</LineStyle>
		</Style>
		<MultiGeometry>
			<LineString>
				<tessellate>1</tessellate>
				<altitudeMode>absolute</altitudeMode>
				<coordinates>
					93.778801,42.774029,11612.88 93.65465499999999,42.840256,11612.88 
				</coordinates>
			</LineString>
		</MultiGeometry>
	</Placemark>
	<Placemark>
		<name>P-446</name>
		<visibility>0</visibility>
		<description><![CDATA[<div><div><span><b>Altitude:</b></span> <span>38,100 ft - 38,075 ft</span></div>
<div><span><b>Speed:</b></span> <span>406 kt - 401 kt</span></div>
<div><span><b>Timestamp:</b></span><br/><span>2024-11-07 06:46:45 UTC<br/>2024-11-07 06:47:46 UTC</span></div>
</div>]]></description>
		<Style>
			<LineStyle>
				<color>ffae00ff</color>
				<width>2</width>
			</LineStyle>
		</Style>
		<MultiGeometry>
			<LineString>
				<tessellate>1</tessellate>
				<altitudeMode>absolute</altitudeMode>
				<coordinates>
					93.65465499999999,42.840256,11612.88 93.514053,42.882431,11605.26 
				</coordinates>
			</LineString>
		</MultiGeometry>
	</Placemark>
	<Placemark>
		<name>P-447</name>
		<visibility>0</visibility>
		<description><![CDATA[<div><div><span><b>Altitude:</b></span> <span>38,075 ft</span></div>
<div><span><b>Speed:</b></span> <span>401 kt - 403 kt</span></div>
<div><span><b>Timestamp:</b></span><br/><span>2024-11-07 06:47:46 UTC<br/>2024-11-07 06:48:46 UTC</span></div>
</div>]]></description>
		<Style>
			<LineStyle>
				<color>ffae00ff</color>
				<width>2</width>
			</LineStyle>
		</Style>
		<MultiGeometry>
			<LineString>
				<tessellate>1</tessellate>
				<altitudeMode>absolute</altitudeMode>
				<coordinates>
					93.514053,42.882431,11605.26 93.36875199999999,42.918461,11605.26 
				</coordinates>
			</LineString>
		</MultiGeometry>
	</Placemark>
	<Placemark>
		<name>P-448</name>
		<visibility>0</visibility>
		<description><![CDATA[<div><div><span><b>Altitude:</b></span> <span>38,075 ft - 38,100 ft</span></div>
<div><span><b>Speed:</b></span> <span>403 kt</span></div>
<div><span><b>Timestamp:</b></span><br/><span>2024-11-07 06:48:46 UTC<br/>2024-11-07 06:49:46 UTC</span></div>
</div>]]></description>
		<Style>
			<LineStyle>
				<color>ffae00ff</color>
				<width>2</width>
			</LineStyle>
		</Style>
		<MultiGeometry>
			<LineString>
				<tessellate>1</tessellate>
				<altitudeMode>absolute</altitudeMode>
				<coordinates>
					93.36875199999999,42.918461,11605.26 93.225014,42.95422,11612.88 
				</coordinates>
			</LineString>
		</MultiGeometry>
	</Placemark>
	<Placemark>
		<name>P-449</name>
		<visibility>0</visibility>
		<description><![CDATA[<div><div><span><b>Altitude:</b></span> <span>38,100 ft</span></div>
<div><span><b>Speed:</b></span> <span>403 kt - 404 kt</span></div>
<div><span><b>Timestamp:</b></span><br/><span>2024-11-07 06:49:46 UTC<br/>2024-11-07 06:50:46 UTC</span></div>
</div>]]></description>
		<Style>
			<LineStyle>
				<color>ffae00ff</color>
				<width>2</width>
			</LineStyle>
		</Style>
		<MultiGeometry>
			<LineString>
				<tessellate>1</tessellate>
				<altitudeMode>absolute</altitudeMode>
				<coordinates>
					93.225014,42.95422,11612.88 93.080292,42.989689,11612.88 
				</coordinates>
			</LineString>
		</MultiGeometry>
	</Placemark>
	<Placemark>
		<name>P-450</name>
		<visibility>0</visibility>
		<description><![CDATA[<div><div><span><b>Altitude:</b></span> <span>38,100 ft - 38,125 ft</span></div>
<div><span><b>Speed:</b></span> <span>404 kt - 401 kt</span></div>
<div><span><b>Timestamp:</b></span><br/><span>2024-11-07 06:50:46 UTC<br/>2024-11-07 06:51:46 UTC</span></div>
</div>]]></description>
		<Style>
			<LineStyle>
				<color>ffae00ff</color>
				<width>2</width>
			</LineStyle>
		</Style>
		<MultiGeometry>
			<LineString>
				<tessellate>1</tessellate>
				<altitudeMode>absolute</altitudeMode>
				<coordinates>
					93.080292,42.989689,11612.88 92.93583700000001,43.024929,11620.5 
				</coordinates>
			</LineString>
		</MultiGeometry>
	</Placemark>
	<Placemark>
		<name>P-451</name>
		<visibility>0</visibility>
		<description><![CDATA[<div><div><span><b>Altitude:</b></span> <span>38,125 ft - 38,100 ft</span></div>
<div><span><b>Speed:</b></span> <span>401 kt - 399 kt</span></div>
<div><span><b>Timestamp:</b></span><br/><span>2024-11-07 06:51:46 UTC<br/>2024-11-07 06:52:46 UTC</span></div>
</div>]]></description>
		<Style>
			<LineStyle>
				<color>ffae00ff</color>
				<width>2</width>
			</LineStyle>
		</Style>
		<MultiGeometry>
			<LineString>
				<tessellate>1</tessellate>
				<altitudeMode>absolute</altitudeMode>
				<coordinates>
					92.93583700000001,43.024929,11620.5 92.792816,43.059841,11612.88 
				</coordinates>
			</LineString>
		</MultiGeometry>
	</Placemark>
	<Placemark>
		<name>P-452</name>
		<visibility>0</visibility>
		<description><![CDATA[<div><div><span><b>Altitude:</b></span> <span>38,100 ft - 38,075 ft</span></div>
<div><span><b>Speed:</b></span> <span>399 kt - 398 kt</span></div>
<div><span><b>Timestamp:</b></span><br/><span>2024-11-07 06:52:46 UTC<br/>2024-11-07 06:53:46 UTC</span></div>
</div>]]></description>
		<Style>
			<LineStyle>
				<color>ffae00ff</color>
				<width>2</width>
			</LineStyle>
		</Style>
		<MultiGeometry>
			<LineString>
				<tessellate>1</tessellate>
				<altitudeMode>absolute</altitudeMode>
				<coordinates>
					92.792816,43.059841,11612.88 92.6493,43.094421,11605.26 
				</coordinates>
			</LineString>
		</MultiGeometry>
	</Placemark>
	<Placemark>
		<name>P-453</name>
		<visibility>0</visibility>
		<description><![CDATA[<div><div><span><b>Altitude:</b></span> <span>38,075 ft</span></div>
<div><span><b>Speed:</b></span> <span>398 kt - 401 kt</span></div>
<div><span><b>Timestamp:</b></span><br/><span>2024-11-07 06:53:46 UTC<br/>2024-11-07 06:54:46 UTC</span></div>
</div>]]></description>
		<Style>
			<LineStyle>
				<color>ffae00ff</color>
				<width>2</width>
			</LineStyle>
		</Style>
		<MultiGeometry>
			<LineString>
				<tessellate>1</tessellate>
				<altitudeMode>absolute</altitudeMode>
				<coordinates>
					92.6493,43.094421,11605.26 92.505341,43.128647,11605.26 
				</coordinates>
			</LineString>
		</MultiGeometry>
	</Placemark>
	<Placemark>
		<name>P-454</name>
		<visibility>0</visibility>
		<description><![CDATA[<div><div><span><b>Altitude:</b></span> <span>38,075 ft - 38,100 ft</span></div>
<div><span><b>Speed:</b></span> <span>401 kt - 407 kt</span></div>
<div><span><b>Timestamp:</b></span><br/><span>2024-11-07 06:54:46 UTC<br/>2024-11-07 06:56:46 UTC</span></div>
</div>]]></description>
		<Style>
			<LineStyle>
				<color>ffae00ff</color>
				<width>2</width>
			</LineStyle>
		</Style>
		<MultiGeometry>
			<LineString>
				<tessellate>1</tessellate>
				<altitudeMode>absolute</altitudeMode>
				<coordinates>
					92.505341,43.128647,11605.26 92.213623,43.198059,11612.88 
				</coordinates>
			</LineString>
		</MultiGeometry>
	</Placemark>
	<Placemark>
		<name>P-455</name>
		<visibility>0</visibility>
		<description><![CDATA[<div><div><span><b>Altitude:</b></span> <span>38,100 ft - 38,075 ft</span></div>
<div><span><b>Speed:</b></span> <span>407 kt - 409 kt</span></div>
<div><span><b>Timestamp:</b></span><br/><span>2024-11-07 06:56:46 UTC<br/>2024-11-07 07:00:46 UTC</span></div>
</div>]]></description>
		<Style>
			<LineStyle>
				<color>ffae00ff</color>
				<width>2</width>
			</LineStyle>
		</Style>
		<MultiGeometry>
			<LineString>
				<tessellate>1</tessellate>
				<altitudeMode>absolute</altitudeMode>
				<coordinates>
					92.213623,43.198059,11612.88 91.657501,43.37952,11605.26 
				</coordinates>
			</LineString>
		</MultiGeometry>
	</Placemark>
	<Placemark>
		<name>P-456</name>
		<visibility>0</visibility>
		<description><![CDATA[<div><div><span><b>Altitude:</b></span> <span>38,075 ft - 38,150 ft</span></div>
<div><span><b>Speed:</b></span> <span>409 kt - 406 kt</span></div>
<div><span><b>Timestamp:</b></span><br/><span>2024-11-07 07:00:46 UTC<br/>2024-11-07 07:01:46 UTC</span></div>
</div>]]></description>
		<Style>
			<LineStyle>
				<color>ffae00ff</color>
				<width>2</width>
			</LineStyle>
		</Style>
		<MultiGeometry>
			<LineString>
				<tessellate>1</tessellate>
				<altitudeMode>absolute</altitudeMode>
				<coordinates>
					91.657501,43.37952,11605.26 91.50827000000001,43.414291,11628.12 
				</coordinates>
			</LineString>
		</MultiGeometry>
	</Placemark>
	<Placemark>
		<name>P-457</name>
		<visibility>0</visibility>
		<description><![CDATA[<div><div><span><b>Altitude:</b></span> <span>38,150 ft - 38,075 ft</span></div>
<div><span><b>Speed:</b></span> <span>406 kt - 404 kt</span></div>
<div><span><b>Timestamp:</b></span><br/><span>2024-11-07 07:01:46 UTC<br/>2024-11-07 07:03:46 UTC</span></div>
</div>]]></description>
		<Style>
			<LineStyle>
				<color>ffae00ff</color>
				<width>2</width>
			</LineStyle>
		</Style>
		<MultiGeometry>
			<LineString>
				<tessellate>1</tessellate>
				<altitudeMode>absolute</altitudeMode>
				<coordinates>
					91.50827000000001,43.414291,11628.12 91.215233,43.480721,11605.26 
				</coordinates>
			</LineString>
		</MultiGeometry>
	</Placemark>
	<Placemark>
		<name>P-458</name>
		<visibility>0</visibility>
		<description><![CDATA[<div><div><span><b>Altitude:</b></span> <span>38,075 ft - 38,100 ft</span></div>
<div><span><b>Speed:</b></span> <span>404 kt - 397 kt</span></div>
<div><span><b>Timestamp:</b></span><br/><span>2024-11-07 07:03:46 UTC<br/>2024-11-07 07:06:46 UTC</span></div>
</div>]]></description>
		<Style>
			<LineStyle>
				<color>ffae00ff</color>
				<width>2</width>
			</LineStyle>
		</Style>
		<MultiGeometry>
			<LineString>
				<tessellate>1</tessellate>
				<altitudeMode>absolute</altitudeMode>
				<coordinates>
					91.215233,43.480721,11605.26 90.77722199999999,43.578289,11612.88 
				</coordinates>
			</LineString>
		</MultiGeometry>
	</Placemark>
	<Placemark>
		<name>P-459</name>
		<visibility>0</visibility>
		<description><![CDATA[<div><div><span><b>Altitude:</b></span> <span>38,100 ft - 38,075 ft</span></div>
<div><span><b>Speed:</b></span> <span>397 kt - 398 kt</span></div>
<div><span><b>Timestamp:</b></span><br/><span>2024-11-07 07:06:46 UTC<br/>2024-11-07 07:07:46 UTC</span></div>
</div>]]></description>
		<Style>
			<LineStyle>
				<color>ffae00ff</color>
				<width>2</width>
			</LineStyle>
		</Style>
		<MultiGeometry>
			<LineString>
				<tessellate>1</tessellate>
				<altitudeMode>absolute</altitudeMode>
				<coordinates>
					90.77722199999999,43.578289,11612.88 90.63210299999999,43.610088,11605.26 
				</coordinates>
			</LineString>
		</MultiGeometry>
	</Placemark>
	<Placemark>
		<name>P-460</name>
		<visibility>0</visibility>
		<description><![CDATA[<div><div><span><b>Altitude:</b></span> <span>38,075 ft - 38,050 ft</span></div>
<div><span><b>Speed:</b></span> <span>398 kt - 394 kt</span></div>
<div><span><b>Timestamp:</b></span><br/><span>2024-11-07 07:07:46 UTC<br/>2024-11-07 07:08:46 UTC</span></div>
</div>]]></description>
		<Style>
			<LineStyle>
				<color>ffae00ff</color>
				<width>2</width>
			</LineStyle>
		</Style>
		<MultiGeometry>
			<LineString>
				<tessellate>1</tessellate>
				<altitudeMode>absolute</altitudeMode>
				<coordinates>
					90.63210299999999,43.610088,11605.26 90.485626,43.641949,11597.64 
				</coordinates>
			</LineString>
		</MultiGeometry>
	</Placemark>
	<Placemark>
		<name>P-461</name>
		<visibility>0</visibility>
		<description><![CDATA[<div><div><span><b>Altitude:</b></span> <span>38,050 ft - 38,100 ft</span></div>
<div><span><b>Speed:</b></span> <span>394 kt - 380 kt</span></div>
<div><span><b>Timestamp:</b></span><br/><span>2024-11-07 07:08:46 UTC<br/>2024-11-07 07:09:46 UTC</span></div>
</div>]]></description>
		<Style>
			<LineStyle>
				<color>ffae00ff</color>
				<width>2</width>
			</LineStyle>
		</Style>
		<MultiGeometry>
			<LineString>
				<tessellate>1</tessellate>
				<altitudeMode>absolute</altitudeMode>
				<coordinates>
					90.485626,43.641949,11597.64 90.346458,43.672562,11612.88 
				</coordinates>
			</LineString>
		</MultiGeometry>
	</Placemark>
	<atom:link rel="app" href="https://www.google.com/earth/about/versions/#earth-pro" title="Google Earth Pro 7.3.7.1155"></atom:link>
</Folder>
</kml>
