<?xml version="1.0" encoding="UTF-8"?>
<kml xmlns="http://www.opengis.net/kml/2.2" xmlns:gx="http://www.google.com/kml/ext/2.2" xmlns:kml="http://www.opengis.net/kml/2.2" xmlns:atom="http://www.w3.org/2005/Atom">
<Folder>
	<name>GMP-CJU RWY32</name>
	<visibility>0</visibility>
	<Placemark>
		<name>P-1</name>
		<visibility>0</visibility>
		<description><![CDATA[<div><div><span><b>Altitude:</b></span> <span>0 ft</span></div>
<div><span><b>Speed:</b></span> <span>0 kt - 2 kt</span></div>
<div><span><b>Timestamp:</b></span><br/><span>2024-07-21 08:51:53 UTC<br/>2024-07-21 09:02:41 UTC</span></div>
</div>]]></description>
		<Style>
			<LineStyle>
				<color>88000000</color>
				<width>2</width>
			</LineStyle>
		</Style>
		<MultiGeometry>
			<LineString>
				<tessellate>1</tessellate>
				<coordinates>
					126.801483,37.57032,0 126.801277,37.57021,0 
				</coordinates>
			</LineString>
		</MultiGeometry>
	</Placemark>
	<Placemark>
		<name>P-2</name>
		<visibility>0</visibility>
		<description><![CDATA[<div><div><span><b>Altitude:</b></span> <span>0 ft</span></div>
<div><span><b>Speed:</b></span> <span>2 kt</span></div>
<div><span><b>Timestamp:</b></span><br/><span>2024-07-21 09:02:41 UTC<br/>2024-07-21 09:03:00 UTC</span></div>
</div>]]></description>
		<Style>
			<LineStyle>
				<color>ffffffff</color>
				<width>2</width>
			</LineStyle>
		</Style>
		<MultiGeometry>
			<LineString>
				<tessellate>1</tessellate>
				<coordinates>
					126.801277,37.57021,0 126.801064,37.570053,0 
				</coordinates>
			</LineString>
		</MultiGeometry>
	</Placemark>
	<Placemark>
		<name>P-3</name>
		<visibility>0</visibility>
		<description><![CDATA[<div><div><span><b>Altitude:</b></span> <span>0 ft</span></div>
<div><span><b>Speed:</b></span> <span>2 kt - 3 kt</span></div>
<div><span><b>Timestamp:</b></span><br/><span>2024-07-21 09:03:00 UTC<br/>2024-07-21 09:03:21 UTC</span></div>
</div>]]></description>
		<Style>
			<LineStyle>
				<color>ffffffff</color>
				<width>2</width>
			</LineStyle>
		</Style>
		<MultiGeometry>
			<LineString>
				<tessellate>1</tessellate>
				<coordinates>
					126.801064,37.570053,0 126.80085,37.569866,0 
				</coordinates>
			</LineString>
		</MultiGeometry>
	</Placemark>
	<Placemark>
		<name>P-4</name>
		<visibility>0</visibility>
		<description><![CDATA[<div><div><span><b>Altitude:</b></span> <span>0 ft</span></div>
<div><span><b>Speed:</b></span> <span>3 kt - 2 kt</span></div>
<div><span><b>Timestamp:</b></span><br/><span>2024-07-21 09:03:21 UTC<br/>2024-07-21 09:03:39 UTC</span></div>
</div>]]></description>
		<Style>
			<LineStyle>
				<color>ffffffff</color>
				<width>2</width>
			</LineStyle>
		</Style>
		<MultiGeometry>
			<LineString>
				<tessellate>1</tessellate>
				<coordinates>
					126.80085,37.569866,0 126.800751,37.569656,0 
				</coordinates>
			</LineString>
		</MultiGeometry>
	</Placemark>
	<Placemark>
		<name>P-5</name>
		<visibility>0</visibility>
		<description><![CDATA[<div><div><span><b>Altitude:</b></span> <span>0 ft</span></div>
<div><span><b>Speed:</b></span> <span>2 kt - 3 kt</span></div>
<div><span><b>Timestamp:</b></span><br/><span>2024-07-21 09:03:39 UTC<br/>2024-07-21 09:04:10 UTC</span></div>
</div>]]></description>
		<Style>
			<LineStyle>
				<color>ffffffff</color>
				<width>2</width>
			</LineStyle>
		</Style>
		<MultiGeometry>
			<LineString>
				<tessellate>1</tessellate>
				<coordinates>
					126.800751,37.569656,0 126.800545,37.56982,0 
				</coordinates>
			</LineString>
		</MultiGeometry>
	</Placemark>
	<Placemark>
		<name>P-6</name>
		<visibility>0</visibility>
		<description><![CDATA[<div><div><span><b>Altitude:</b></span> <span>0 ft</span></div>
<div><span><b>Speed:</b></span> <span>3 kt - 0 kt</span></div>
<div><span><b>Timestamp:</b></span><br/><span>2024-07-21 09:04:10 UTC<br/>2024-07-21 09:05:35 UTC</span></div>
</div>]]></description>
		<Style>
			<LineStyle>
				<color>ffffffff</color>
				<width>2</width>
			</LineStyle>
		</Style>
		<MultiGeometry>
			<LineString>
				<tessellate>1</tessellate>
				<coordinates>
					126.800545,37.56982,0 126.800514,37.570026,0 
				</coordinates>
			</LineString>
		</MultiGeometry>
	</Placemark>
	<Placemark>
		<name>P-7</name>
		<visibility>0</visibility>
		<description><![CDATA[<div><div><span><b>Altitude:</b></span> <span>0 ft</span></div>
<div><span><b>Speed:</b></span> <span>0 kt - 5 kt</span></div>
<div><span><b>Timestamp:</b></span><br/><span>2024-07-21 09:05:35 UTC<br/>2024-07-21 09:07:47 UTC</span></div>
</div>]]></description>
		<Style>
			<LineStyle>
				<color>ffffffff</color>
				<width>2</width>
			</LineStyle>
		</Style>
		<MultiGeometry>
			<LineString>
				<tessellate>1</tessellate>
				<coordinates>
					126.800514,37.570026,0 126.800255,37.569996,0 
				</coordinates>
			</LineString>
		</MultiGeometry>
	</Placemark>
	<Placemark>
		<name>P-8</name>
		<visibility>0</visibility>
		<description><![CDATA[<div><div><span><b>Altitude:</b></span> <span>0 ft</span></div>
<div><span><b>Speed:</b></span> <span>5 kt - 7 kt</span></div>
<div><span><b>Timestamp:</b></span><br/><span>2024-07-21 09:07:47 UTC<br/>2024-07-21 09:07:54 UTC</span></div>
</div>]]></description>
		<Style>
			<LineStyle>
				<color>ffffffff</color>
				<width>2</width>
			</LineStyle>
		</Style>
		<MultiGeometry>
			<LineString>
				<tessellate>1</tessellate>
				<coordinates>
					126.800255,37.569996,0 126.800003,37.57003,0 
				</coordinates>
			</LineString>
		</MultiGeometry>
	</Placemark>
	<Placemark>
		<name>P-9</name>
		<visibility>0</visibility>
		<description><![CDATA[<div><div><span><b>Altitude:</b></span> <span>0 ft</span></div>
<div><span><b>Speed:</b></span> <span>7 kt</span></div>
<div><span><b>Timestamp:</b></span><br/><span>2024-07-21 09:07:54 UTC<br/>2024-07-21 09:08:00 UTC</span></div>
</div>]]></description>
		<Style>
			<LineStyle>
				<color>ffffffff</color>
				<width>2</width>
			</LineStyle>
		</Style>
		<MultiGeometry>
			<LineString>
				<tessellate>1</tessellate>
				<coordinates>
					126.800003,37.57003,0 126.799782,37.569939,0 
				</coordinates>
			</LineString>
		</MultiGeometry>
	</Placemark>
	<Placemark>
		<name>P-10</name>
		<visibility>0</visibility>
		<description><![CDATA[<div><div><span><b>Altitude:</b></span> <span>0 ft</span></div>
<div><span><b>Speed:</b></span> <span>7 kt - 8 kt</span></div>
<div><span><b>Timestamp:</b></span><br/><span>2024-07-21 09:08:00 UTC<br/>2024-07-21 09:08:07 UTC</span></div>
</div>]]></description>
		<Style>
			<LineStyle>
				<color>ffffffff</color>
				<width>2</width>
			</LineStyle>
		</Style>
		<MultiGeometry>
			<LineString>
				<tessellate>1</tessellate>
				<coordinates>
					126.799782,37.569939,0 126.799568,37.569752,0 
				</coordinates>
			</LineString>
		</MultiGeometry>
	</Placemark>
	<Placemark>
		<name>P-11</name>
		<visibility>0</visibility>
		<description><![CDATA[<div><div><span><b>Altitude:</b></span> <span>0 ft</span></div>
<div><span><b>Speed:</b></span> <span>8 kt - 10 kt</span></div>
<div><span><b>Timestamp:</b></span><br/><span>2024-07-21 09:08:07 UTC<br/>2024-07-21 09:08:18 UTC</span></div>
</div>]]></description>
		<Style>
			<LineStyle>
				<color>ffffffff</color>
				<width>2</width>
			</LineStyle>
		</Style>
		<MultiGeometry>
			<LineString>
				<tessellate>1</tessellate>
				<coordinates>
					126.799568,37.569752,0 126.799171,37.569443,0 
				</coordinates>
			</LineString>
		</MultiGeometry>
	</Placemark>
	<Placemark>
		<name>P-12</name>
		<visibility>0</visibility>
		<description><![CDATA[<div><div><span><b>Altitude:</b></span> <span>0 ft</span></div>
<div><span><b>Speed:</b></span> <span>10 kt</span></div>
<div><span><b>Timestamp:</b></span><br/><span>2024-07-21 09:08:18 UTC<br/>2024-07-21 09:08:24 UTC</span></div>
</div>]]></description>
		<Style>
			<LineStyle>
				<color>ffffffff</color>
				<width>2</width>
			</LineStyle>
		</Style>
		<MultiGeometry>
			<LineString>
				<tessellate>1</tessellate>
				<coordinates>
					126.799171,37.569443,0 126.798927,37.569241,0 
				</coordinates>
			</LineString>
		</MultiGeometry>
	</Placemark>
	<Placemark>
		<name>P-13</name>
		<visibility>0</visibility>
		<description><![CDATA[<div><div><span><b>Altitude:</b></span> <span>0 ft</span></div>
<div><span><b>Speed:</b></span> <span>10 kt - 11 kt</span></div>
<div><span><b>Timestamp:</b></span><br/><span>2024-07-21 09:08:24 UTC<br/>2024-07-21 09:08:29 UTC</span></div>
</div>]]></description>
		<Style>
			<LineStyle>
				<color>ffffffff</color>
				<width>2</width>
			</LineStyle>
		</Style>
		<MultiGeometry>
			<LineString>
				<tessellate>1</tessellate>
				<coordinates>
					126.798927,37.569241,0 126.798706,37.569065,0 
				</coordinates>
			</LineString>
		</MultiGeometry>
	</Placemark>
	<Placemark>
		<name>P-14</name>
		<visibility>0</visibility>
		<description><![CDATA[<div><div><span><b>Altitude:</b></span> <span>0 ft</span></div>
<div><span><b>Speed:</b></span> <span>11 kt - 12 kt</span></div>
<div><span><b>Timestamp:</b></span><br/><span>2024-07-21 09:08:29 UTC<br/>2024-07-21 09:08:36 UTC</span></div>
</div>]]></description>
		<Style>
			<LineStyle>
				<color>ffffffff</color>
				<width>2</width>
			</LineStyle>
		</Style>
		<MultiGeometry>
			<LineString>
				<tessellate>1</tessellate>
				<coordinates>
					126.798706,37.569065,0 126.798347,37.568771,0 
				</coordinates>
			</LineString>
		</MultiGeometry>
	</Placemark>
	<Placemark>
		<name>P-15</name>
		<visibility>0</visibility>
		<description><![CDATA[<div><div><span><b>Altitude:</b></span> <span>0 ft</span></div>
<div><span><b>Speed:</b></span> <span>12 kt - 13 kt</span></div>
<div><span><b>Timestamp:</b></span><br/><span>2024-07-21 09:08:36 UTC<br/>2024-07-21 09:08:43 UTC</span></div>
</div>]]></description>
		<Style>
			<LineStyle>
				<color>ffffffff</color>
				<width>2</width>
			</LineStyle>
		</Style>
		<MultiGeometry>
			<LineString>
				<tessellate>1</tessellate>
				<coordinates>
					126.798347,37.568771,0 126.797974,37.568493,0 
				</coordinates>
			</LineString>
		</MultiGeometry>
	</Placemark>
	<Placemark>
		<name>P-16</name>
		<visibility>0</visibility>
		<description><![CDATA[<div><div><span><b>Altitude:</b></span> <span>0 ft</span></div>
<div><span><b>Speed:</b></span> <span>13 kt - 14 kt</span></div>
<div><span><b>Timestamp:</b></span><br/><span>2024-07-21 09:08:43 UTC<br/>2024-07-21 09:08:51 UTC</span></div>
</div>]]></description>
		<Style>
			<LineStyle>
				<color>ffffffff</color>
				<width>2</width>
			</LineStyle>
		</Style>
		<MultiGeometry>
			<LineString>
				<tessellate>1</tessellate>
				<coordinates>
					126.797974,37.568493,0 126.797569,37.568161,0 
				</coordinates>
			</LineString>
		</MultiGeometry>
	</Placemark>
	<Placemark>
		<name>P-17</name>
		<visibility>0</visibility>
		<description><![CDATA[<div><div><span><b>Altitude:</b></span> <span>0 ft</span></div>
<div><span><b>Speed:</b></span> <span>14 kt - 15 kt</span></div>
<div><span><b>Timestamp:</b></span><br/><span>2024-07-21 09:08:51 UTC<br/>2024-07-21 09:08:57 UTC</span></div>
</div>]]></description>
		<Style>
			<LineStyle>
				<color>ffffffff</color>
				<width>2</width>
			</LineStyle>
		</Style>
		<MultiGeometry>
			<LineString>
				<tessellate>1</tessellate>
				<coordinates>
					126.797569,37.568161,0 126.797127,37.567806,0 
				</coordinates>
			</LineString>
		</MultiGeometry>
	</Placemark>
	<Placemark>
		<name>P-18</name>
		<visibility>0</visibility>
		<description><![CDATA[<div><div><span><b>Altitude:</b></span> <span>0 ft</span></div>
<div><span><b>Speed:</b></span> <span>15 kt - 16 kt</span></div>
<div><span><b>Timestamp:</b></span><br/><span>2024-07-21 09:08:57 UTC<br/>2024-07-21 09:09:05 UTC</span></div>
</div>]]></description>
		<Style>
			<LineStyle>
				<color>ffffffff</color>
				<width>2</width>
			</LineStyle>
		</Style>
		<MultiGeometry>
			<LineString>
				<tessellate>1</tessellate>
				<coordinates>
					126.797127,37.567806,0 126.796646,37.567413,0 
				</coordinates>
			</LineString>
		</MultiGeometry>
	</Placemark>
	<Placemark>
		<name>P-19</name>
		<visibility>0</visibility>
		<description><![CDATA[<div><div><span><b>Altitude:</b></span> <span>0 ft</span></div>
<div><span><b>Speed:</b></span> <span>16 kt - 17 kt</span></div>
<div><span><b>Timestamp:</b></span><br/><span>2024-07-21 09:09:05 UTC<br/>2024-07-21 09:09:12 UTC</span></div>
</div>]]></description>
		<Style>
			<LineStyle>
				<color>ffffffff</color>
				<width>2</width>
			</LineStyle>
		</Style>
		<MultiGeometry>
			<LineString>
				<tessellate>1</tessellate>
				<coordinates>
					126.796646,37.567413,0 126.796165,37.567039,0 
				</coordinates>
			</LineString>
		</MultiGeometry>
	</Placemark>
	<Placemark>
		<name>P-20</name>
		<visibility>0</visibility>
		<description><![CDATA[<div><div><span><b>Altitude:</b></span> <span>0 ft</span></div>
<div><span><b>Speed:</b></span> <span>17 kt - 18 kt</span></div>
<div><span><b>Timestamp:</b></span><br/><span>2024-07-21 09:09:12 UTC<br/>2024-07-21 09:09:19 UTC</span></div>
</div>]]></description>
		<Style>
			<LineStyle>
				<color>ffffffff</color>
				<width>2</width>
			</LineStyle>
		</Style>
		<MultiGeometry>
			<LineString>
				<tessellate>1</tessellate>
				<coordinates>
					126.796165,37.567039,0 126.795624,37.566616,0 
				</coordinates>
			</LineString>
		</MultiGeometry>
	</Placemark>
	<Placemark>
		<name>P-21</name>
		<visibility>0</visibility>
		<description><![CDATA[<div><div><span><b>Altitude:</b></span> <span>0 ft</span></div>
<div><span><b>Speed:</b></span> <span>18 kt - 19 kt</span></div>
<div><span><b>Timestamp:</b></span><br/><span>2024-07-21 09:09:19 UTC<br/>2024-07-21 09:09:26 UTC</span></div>
</div>]]></description>
		<Style>
			<LineStyle>
				<color>ffffffff</color>
				<width>2</width>
			</LineStyle>
		</Style>
		<MultiGeometry>
			<LineString>
				<tessellate>1</tessellate>
				<coordinates>
					126.795624,37.566616,0 126.795067,37.566166,0 
				</coordinates>
			</LineString>
		</MultiGeometry>
	</Placemark>
	<Placemark>
		<name>P-22</name>
		<visibility>0</visibility>
		<description><![CDATA[<div><div><span><b>Altitude:</b></span> <span>0 ft</span></div>
<div><span><b>Speed:</b></span> <span>19 kt</span></div>
<div><span><b>Timestamp:</b></span><br/><span>2024-07-21 09:09:26 UTC<br/>2024-07-21 09:09:33 UTC</span></div>
</div>]]></description>
		<Style>
			<LineStyle>
				<color>ffffffff</color>
				<width>2</width>
			</LineStyle>
		</Style>
		<MultiGeometry>
			<LineString>
				<tessellate>1</tessellate>
				<coordinates>
					126.795067,37.566166,0 126.794479,37.565701,0 
				</coordinates>
			</LineString>
		</MultiGeometry>
	</Placemark>
	<Placemark>
		<name>P-23</name>
		<visibility>0</visibility>
		<description><![CDATA[<div><div><span><b>Altitude:</b></span> <span>0 ft</span></div>
<div><span><b>Speed:</b></span> <span>19 kt - 18 kt</span></div>
<div><span><b>Timestamp:</b></span><br/><span>2024-07-21 09:09:33 UTC<br/>2024-07-21 09:09:40 UTC</span></div>
</div>]]></description>
		<Style>
			<LineStyle>
				<color>ffffffff</color>
				<width>2</width>
			</LineStyle>
		</Style>
		<MultiGeometry>
			<LineString>
				<tessellate>1</tessellate>
				<coordinates>
					126.794479,37.565701,0 126.793915,37.565254,0 
				</coordinates>
			</LineString>
		</MultiGeometry>
	</Placemark>
	<Placemark>
		<name>P-24</name>
		<visibility>0</visibility>
		<description><![CDATA[<div><div><span><b>Altitude:</b></span> <span>0 ft</span></div>
<div><span><b>Speed:</b></span> <span>18 kt - 16 kt</span></div>
<div><span><b>Timestamp:</b></span><br/><span>2024-07-21 09:09:40 UTC<br/>2024-07-21 09:09:53 UTC</span></div>
</div>]]></description>
		<Style>
			<LineStyle>
				<color>ffffffff</color>
				<width>2</width>
			</LineStyle>
		</Style>
		<MultiGeometry>
			<LineString>
				<tessellate>1</tessellate>
				<coordinates>
					126.793915,37.565254,0 126.793007,37.564526,0 
				</coordinates>
			</LineString>
		</MultiGeometry>
	</Placemark>
	<Placemark>
		<name>P-25</name>
		<visibility>0</visibility>
		<description><![CDATA[<div><div><span><b>Altitude:</b></span> <span>0 ft</span></div>
<div><span><b>Speed:</b></span> <span>16 kt</span></div>
<div><span><b>Timestamp:</b></span><br/><span>2024-07-21 09:09:53 UTC<br/>2024-07-21 09:10:00 UTC</span></div>
</div>]]></description>
		<Style>
			<LineStyle>
				<color>ffffffff</color>
				<width>2</width>
			</LineStyle>
		</Style>
		<MultiGeometry>
			<LineString>
				<tessellate>1</tessellate>
				<coordinates>
					126.793007,37.564526,0 126.792542,37.564152,0 
				</coordinates>
			</LineString>
		</MultiGeometry>
	</Placemark>
	<Placemark>
		<name>P-26</name>
		<visibility>0</visibility>
		<description><![CDATA[<div><div><span><b>Altitude:</b></span> <span>0 ft</span></div>
<div><span><b>Speed:</b></span> <span>16 kt</span></div>
<div><span><b>Timestamp:</b></span><br/><span>2024-07-21 09:10:00 UTC<br/>2024-07-21 09:10:09 UTC</span></div>
</div>]]></description>
		<Style>
			<LineStyle>
				<color>ffffffff</color>
				<width>2</width>
			</LineStyle>
		</Style>
		<MultiGeometry>
			<LineString>
				<tessellate>1</tessellate>
				<coordinates>
					126.792542,37.564152,0 126.791855,37.563606,0 
				</coordinates>
			</LineString>
		</MultiGeometry>
	</Placemark>
	<Placemark>
		<name>P-27</name>
		<visibility>0</visibility>
		<description><![CDATA[<div><div><span><b>Altitude:</b></span> <span>0 ft</span></div>
<div><span><b>Speed:</b></span> <span>16 kt - 15 kt</span></div>
<div><span><b>Timestamp:</b></span><br/><span>2024-07-21 09:10:09 UTC<br/>2024-07-21 09:10:16 UTC</span></div>
</div>]]></description>
		<Style>
			<LineStyle>
				<color>ffffffff</color>
				<width>2</width>
			</LineStyle>
		</Style>
		<MultiGeometry>
			<LineString>
				<tessellate>1</tessellate>
				<coordinates>
					126.791855,37.563606,0 126.791451,37.563278,0 
				</coordinates>
			</LineString>
		</MultiGeometry>
	</Placemark>
	<Placemark>
		<name>P-28</name>
		<visibility>0</visibility>
		<description><![CDATA[<div><div><span><b>Altitude:</b></span> <span>0 ft</span></div>
<div><span><b>Speed:</b></span> <span>15 kt - 14 kt</span></div>
<div><span><b>Timestamp:</b></span><br/><span>2024-07-21 09:10:16 UTC<br/>2024-07-21 09:10:22 UTC</span></div>
</div>]]></description>
		<Style>
			<LineStyle>
				<color>ffffffff</color>
				<width>2</width>
			</LineStyle>
		</Style>
		<MultiGeometry>
			<LineString>
				<tessellate>1</tessellate>
				<coordinates>
					126.791451,37.563278,0 126.791245,37.562943,0 
				</coordinates>
			</LineString>
		</MultiGeometry>
	</Placemark>
	<Placemark>
		<name>P-29</name>
		<visibility>0</visibility>
		<description><![CDATA[<div><div><span><b>Altitude:</b></span> <span>0 ft</span></div>
<div><span><b>Speed:</b></span> <span>14 kt - 13 kt</span></div>
<div><span><b>Timestamp:</b></span><br/><span>2024-07-21 09:10:22 UTC<br/>2024-07-21 09:10:26 UTC</span></div>
</div>]]></description>
		<Style>
			<LineStyle>
				<color>ffffffff</color>
				<width>2</width>
			</LineStyle>
		</Style>
		<MultiGeometry>
			<LineString>
				<tessellate>1</tessellate>
				<coordinates>
					126.791245,37.562943,0 126.791328,37.56271,0 
				</coordinates>
			</LineString>
		</MultiGeometry>
	</Placemark>
	<Placemark>
		<name>P-30</name>
		<visibility>0</visibility>
		<description><![CDATA[<div><div><span><b>Altitude:</b></span> <span>0 ft</span></div>
<div><span><b>Speed:</b></span> <span>13 kt - 12 kt</span></div>
<div><span><b>Timestamp:</b></span><br/><span>2024-07-21 09:10:26 UTC<br/>2024-07-21 09:10:32 UTC</span></div>
</div>]]></description>
		<Style>
			<LineStyle>
				<color>ffffffff</color>
				<width>2</width>
			</LineStyle>
		</Style>
		<MultiGeometry>
			<LineString>
				<tessellate>1</tessellate>
				<coordinates>
					126.791328,37.56271,0 126.791603,37.562485,0 
				</coordinates>
			</LineString>
		</MultiGeometry>
	</Placemark>
	<Placemark>
		<name>P-31</name>
		<visibility>0</visibility>
		<description><![CDATA[<div><div><span><b>Altitude:</b></span> <span>0 ft</span></div>
<div><span><b>Speed:</b></span> <span>12 kt</span></div>
<div><span><b>Timestamp:</b></span><br/><span>2024-07-21 09:10:32 UTC<br/>2024-07-21 09:10:37 UTC</span></div>
</div>]]></description>
		<Style>
			<LineStyle>
				<color>ffffffff</color>
				<width>2</width>
			</LineStyle>
		</Style>
		<MultiGeometry>
			<LineString>
				<tessellate>1</tessellate>
				<coordinates>
					126.791603,37.562485,0 126.791855,37.562279,0 
				</coordinates>
			</LineString>
		</MultiGeometry>
	</Placemark>
	<Placemark>
		<name>P-32</name>
		<visibility>0</visibility>
		<description><![CDATA[<div><div><span><b>Altitude:</b></span> <span>0 ft</span></div>
<div><span><b>Speed:</b></span> <span>12 kt</span></div>
<div><span><b>Timestamp:</b></span><br/><span>2024-07-21 09:10:37 UTC<br/>2024-07-21 09:10:42 UTC</span></div>
</div>]]></description>
		<Style>
			<LineStyle>
				<color>ffffffff</color>
				<width>2</width>
			</LineStyle>
		</Style>
		<MultiGeometry>
			<LineString>
				<tessellate>1</tessellate>
				<coordinates>
					126.791855,37.562279,0 126.792107,37.56208,0 
				</coordinates>
			</LineString>
		</MultiGeometry>
	</Placemark>
	<Placemark>
		<name>P-33</name>
		<visibility>0</visibility>
		<description><![CDATA[<div><div><span><b>Altitude:</b></span> <span>0 ft</span></div>
<div><span><b>Speed:</b></span> <span>12 kt</span></div>
<div><span><b>Timestamp:</b></span><br/><span>2024-07-21 09:10:42 UTC<br/>2024-07-21 09:10:47 UTC</span></div>
</div>]]></description>
		<Style>
			<LineStyle>
				<color>ffffffff</color>
				<width>2</width>
			</LineStyle>
		</Style>
		<MultiGeometry>
			<LineString>
				<tessellate>1</tessellate>
				<coordinates>
					126.792107,37.56208,0 126.792358,37.561882,0 
				</coordinates>
			</LineString>
		</MultiGeometry>
	</Placemark>
	<Placemark>
		<name>P-34</name>
		<visibility>0</visibility>
		<description><![CDATA[<div><div><span><b>Altitude:</b></span> <span>0 ft</span></div>
<div><span><b>Speed:</b></span> <span>12 kt - 15 kt</span></div>
<div><span><b>Timestamp:</b></span><br/><span>2024-07-21 09:10:47 UTC<br/>2024-07-21 09:10:55 UTC</span></div>
</div>]]></description>
		<Style>
			<LineStyle>
				<color>ffffffff</color>
				<width>2</width>
			</LineStyle>
		</Style>
		<MultiGeometry>
			<LineString>
				<tessellate>1</tessellate>
				<coordinates>
					126.792358,37.561882,0 126.792839,37.561489,0 
				</coordinates>
			</LineString>
		</MultiGeometry>
	</Placemark>
	<Placemark>
		<name>P-35</name>
		<visibility>0</visibility>
		<description><![CDATA[<div><div><span><b>Altitude:</b></span> <span>0 ft</span></div>
<div><span><b>Speed:</b></span> <span>15 kt</span></div>
<div><span><b>Timestamp:</b></span><br/><span>2024-07-21 09:10:55 UTC<br/>2024-07-21 09:11:02 UTC</span></div>
</div>]]></description>
		<Style>
			<LineStyle>
				<color>ffffffff</color>
				<width>2</width>
			</LineStyle>
		</Style>
		<MultiGeometry>
			<LineString>
				<tessellate>1</tessellate>
				<coordinates>
					126.792839,37.561489,0 126.793259,37.561161,0 
				</coordinates>
			</LineString>
		</MultiGeometry>
	</Placemark>
	<Placemark>
		<name>P-36</name>
		<visibility>0</visibility>
		<description><![CDATA[<div><div><span><b>Altitude:</b></span> <span>0 ft</span></div>
<div><span><b>Speed:</b></span> <span>15 kt</span></div>
<div><span><b>Timestamp:</b></span><br/><span>2024-07-21 09:11:02 UTC<br/>2024-07-21 09:11:09 UTC</span></div>
</div>]]></description>
		<Style>
			<LineStyle>
				<color>ffffffff</color>
				<width>2</width>
			</LineStyle>
		</Style>
		<MultiGeometry>
			<LineString>
				<tessellate>1</tessellate>
				<coordinates>
					126.793259,37.561161,0 126.793724,37.560791,0 
				</coordinates>
			</LineString>
		</MultiGeometry>
	</Placemark>
	<Placemark>
		<name>P-37</name>
		<visibility>0</visibility>
		<description><![CDATA[<div><div><span><b>Altitude:</b></span> <span>0 ft</span></div>
<div><span><b>Speed:</b></span> <span>15 kt - 16 kt</span></div>
<div><span><b>Timestamp:</b></span><br/><span>2024-07-21 09:11:09 UTC<br/>2024-07-21 09:11:16 UTC</span></div>
</div>]]></description>
		<Style>
			<LineStyle>
				<color>ffffffff</color>
				<width>2</width>
			</LineStyle>
		</Style>
		<MultiGeometry>
			<LineString>
				<tessellate>1</tessellate>
				<coordinates>
					126.793724,37.560791,0 126.794212,37.560406,0 
				</coordinates>
			</LineString>
		</MultiGeometry>
	</Placemark>
	<Placemark>
		<name>P-38</name>
		<visibility>0</visibility>
		<description><![CDATA[<div><div><span><b>Altitude:</b></span> <span>0 ft</span></div>
<div><span><b>Speed:</b></span> <span>16 kt - 18 kt</span></div>
<div><span><b>Timestamp:</b></span><br/><span>2024-07-21 09:11:16 UTC<br/>2024-07-21 09:11:29 UTC</span></div>
</div>]]></description>
		<Style>
			<LineStyle>
				<color>ffffffff</color>
				<width>2</width>
			</LineStyle>
		</Style>
		<MultiGeometry>
			<LineString>
				<tessellate>1</tessellate>
				<coordinates>
					126.794212,37.560406,0 126.795158,37.559647,0 
				</coordinates>
			</LineString>
		</MultiGeometry>
	</Placemark>
	<Placemark>
		<name>P-39</name>
		<visibility>0</visibility>
		<description><![CDATA[<div><div><span><b>Altitude:</b></span> <span>0 ft</span></div>
<div><span><b>Speed:</b></span> <span>18 kt - 20 kt</span></div>
<div><span><b>Timestamp:</b></span><br/><span>2024-07-21 09:11:29 UTC<br/>2024-07-21 09:11:38 UTC</span></div>
</div>]]></description>
		<Style>
			<LineStyle>
				<color>ffffffff</color>
				<width>2</width>
			</LineStyle>
		</Style>
		<MultiGeometry>
			<LineString>
				<tessellate>1</tessellate>
				<coordinates>
					126.795158,37.559647,0 126.795883,37.559067,0 
				</coordinates>
			</LineString>
		</MultiGeometry>
	</Placemark>
	<Placemark>
		<name>P-40</name>
		<visibility>0</visibility>
		<description><![CDATA[<div><div><span><b>Altitude:</b></span> <span>0 ft</span></div>
<div><span><b>Speed:</b></span> <span>20 kt - 21 kt</span></div>
<div><span><b>Timestamp:</b></span><br/><span>2024-07-21 09:11:38 UTC<br/>2024-07-21 09:11:45 UTC</span></div>
</div>]]></description>
		<Style>
			<LineStyle>
				<color>ffffffff</color>
				<width>2</width>
			</LineStyle>
		</Style>
		<MultiGeometry>
			<LineString>
				<tessellate>1</tessellate>
				<coordinates>
					126.795883,37.559067,0 126.796494,37.55859,0 
				</coordinates>
			</LineString>
		</MultiGeometry>
	</Placemark>
	<Placemark>
		<name>P-41</name>
		<visibility>0</visibility>
		<description><![CDATA[<div><div><span><b>Altitude:</b></span> <span>0 ft</span></div>
<div><span><b>Speed:</b></span> <span>21 kt - 23 kt</span></div>
<div><span><b>Timestamp:</b></span><br/><span>2024-07-21 09:11:45 UTC<br/>2024-07-21 09:11:54 UTC</span></div>
</div>]]></description>
		<Style>
			<LineStyle>
				<color>ffffffff</color>
				<width>2</width>
			</LineStyle>
		</Style>
		<MultiGeometry>
			<LineString>
				<tessellate>1</tessellate>
				<coordinates>
					126.796494,37.55859,0 126.797318,37.557926,0 
				</coordinates>
			</LineString>
		</MultiGeometry>
	</Placemark>
	<Placemark>
		<name>P-42</name>
		<visibility>0</visibility>
		<description><![CDATA[<div><div><span><b>Altitude:</b></span> <span>0 ft</span></div>
<div><span><b>Speed:</b></span> <span>23 kt - 25 kt</span></div>
<div><span><b>Timestamp:</b></span><br/><span>2024-07-21 09:11:54 UTC<br/>2024-07-21 09:12:03 UTC</span></div>
</div>]]></description>
		<Style>
			<LineStyle>
				<color>ffffffff</color>
				<width>2</width>
			</LineStyle>
		</Style>
		<MultiGeometry>
			<LineString>
				<tessellate>1</tessellate>
				<coordinates>
					126.797318,37.557926,0 126.798325,37.557129,0 
				</coordinates>
			</LineString>
		</MultiGeometry>
	</Placemark>
	<Placemark>
		<name>P-43</name>
		<visibility>0</visibility>
		<description><![CDATA[<div><div><span><b>Altitude:</b></span> <span>0 ft</span></div>
<div><span><b>Speed:</b></span> <span>25 kt - 26 kt</span></div>
<div><span><b>Timestamp:</b></span><br/><span>2024-07-21 09:12:03 UTC<br/>2024-07-21 09:12:10 UTC</span></div>
</div>]]></description>
		<Style>
			<LineStyle>
				<color>ffffffff</color>
				<width>2</width>
			</LineStyle>
		</Style>
		<MultiGeometry>
			<LineString>
				<tessellate>1</tessellate>
				<coordinates>
					126.798325,37.557129,0 126.799026,37.556568,0 
				</coordinates>
			</LineString>
		</MultiGeometry>
	</Placemark>
	<Placemark>
		<name>P-44</name>
		<visibility>0</visibility>
		<description><![CDATA[<div><div><span><b>Altitude:</b></span> <span>0 ft</span></div>
<div><span><b>Speed:</b></span> <span>26 kt - 24 kt</span></div>
<div><span><b>Timestamp:</b></span><br/><span>2024-07-21 09:12:10 UTC<br/>2024-07-21 09:12:20 UTC</span></div>
</div>]]></description>
		<Style>
			<LineStyle>
				<color>ffffffff</color>
				<width>2</width>
			</LineStyle>
		</Style>
		<MultiGeometry>
			<LineString>
				<tessellate>1</tessellate>
				<coordinates>
					126.799026,37.556568,0 126.800064,37.55574,0 
				</coordinates>
			</LineString>
		</MultiGeometry>
	</Placemark>
	<Placemark>
		<name>P-45</name>
		<visibility>0</visibility>
		<description><![CDATA[<div><div><span><b>Altitude:</b></span> <span>0 ft</span></div>
<div><span><b>Speed:</b></span> <span>24 kt - 25 kt</span></div>
<div><span><b>Timestamp:</b></span><br/><span>2024-07-21 09:12:20 UTC<br/>2024-07-21 09:12:27 UTC</span></div>
</div>]]></description>
		<Style>
			<LineStyle>
				<color>ffffffff</color>
				<width>2</width>
			</LineStyle>
		</Style>
		<MultiGeometry>
			<LineString>
				<tessellate>1</tessellate>
				<coordinates>
					126.800064,37.55574,0 126.800781,37.555172,0 
				</coordinates>
			</LineString>
		</MultiGeometry>
	</Placemark>
	<Placemark>
		<name>P-46</name>
		<visibility>0</visibility>
		<description><![CDATA[<div><div><span><b>Altitude:</b></span> <span>0 ft</span></div>
<div><span><b>Speed:</b></span> <span>25 kt</span></div>
<div><span><b>Timestamp:</b></span><br/><span>2024-07-21 09:12:27 UTC<br/>2024-07-21 09:12:34 UTC</span></div>
</div>]]></description>
		<Style>
			<LineStyle>
				<color>ffffffff</color>
				<width>2</width>
			</LineStyle>
		</Style>
		<MultiGeometry>
			<LineString>
				<tessellate>1</tessellate>
				<coordinates>
					126.800781,37.555172,0 126.801537,37.554565,0 
				</coordinates>
			</LineString>
		</MultiGeometry>
	</Placemark>
	<Placemark>
		<name>P-47</name>
		<visibility>0</visibility>
		<description><![CDATA[<div><div><span><b>Altitude:</b></span> <span>0 ft</span></div>
<div><span><b>Speed:</b></span> <span>25 kt - 26 kt</span></div>
<div><span><b>Timestamp:</b></span><br/><span>2024-07-21 09:12:34 UTC<br/>2024-07-21 09:12:41 UTC</span></div>
</div>]]></description>
		<Style>
			<LineStyle>
				<color>ffffffff</color>
				<width>2</width>
			</LineStyle>
		</Style>
		<MultiGeometry>
			<LineString>
				<tessellate>1</tessellate>
				<coordinates>
					126.801537,37.554565,0 126.802277,37.55397,0 
				</coordinates>
			</LineString>
		</MultiGeometry>
	</Placemark>
	<Placemark>
		<name>P-48</name>
		<visibility>0</visibility>
		<description><![CDATA[<div><div><span><b>Altitude:</b></span> <span>0 ft</span></div>
<div><span><b>Speed:</b></span> <span>26 kt - 25 kt</span></div>
<div><span><b>Timestamp:</b></span><br/><span>2024-07-21 09:12:41 UTC<br/>2024-07-21 09:12:49 UTC</span></div>
</div>]]></description>
		<Style>
			<LineStyle>
				<color>ffffffff</color>
				<width>2</width>
			</LineStyle>
		</Style>
		<MultiGeometry>
			<LineString>
				<tessellate>1</tessellate>
				<coordinates>
					126.802277,37.55397,0 126.803215,37.553226,0 
				</coordinates>
			</LineString>
		</MultiGeometry>
	</Placemark>
	<Placemark>
		<name>P-49</name>
		<visibility>0</visibility>
		<description><![CDATA[<div><div><span><b>Altitude:</b></span> <span>0 ft</span></div>
<div><span><b>Speed:</b></span> <span>25 kt - 0 kt</span></div>
<div><span><b>Timestamp:</b></span><br/><span>2024-07-21 09:12:49 UTC<br/>2024-07-21 09:13:12 UTC</span></div>
</div>]]></description>
		<Style>
			<LineStyle>
				<color>ffffffff</color>
				<width>2</width>
			</LineStyle>
		</Style>
		<MultiGeometry>
			<LineString>
				<tessellate>1</tessellate>
				<coordinates>
					126.803215,37.553226,0 126.80574,37.551224,0 
				</coordinates>
			</LineString>
		</MultiGeometry>
	</Placemark>
	<Placemark>
		<name>P-50</name>
		<visibility>0</visibility>
		<description><![CDATA[<div><div><span><b>Altitude:</b></span> <span>0 ft</span></div>
<div><span><b>Speed:</b></span> <span>0 kt - 24 kt</span></div>
<div><span><b>Timestamp:</b></span><br/><span>2024-07-21 09:13:12 UTC<br/>2024-07-21 09:13:19 UTC</span></div>
</div>]]></description>
		<Style>
			<LineStyle>
				<color>ffffffff</color>
				<width>2</width>
			</LineStyle>
		</Style>
		<MultiGeometry>
			<LineString>
				<tessellate>1</tessellate>
				<coordinates>
					126.80574,37.551224,0 126.806465,37.550629,0 
				</coordinates>
			</LineString>
		</MultiGeometry>
	</Placemark>
	<Placemark>
		<name>P-51</name>
		<visibility>0</visibility>
		<description><![CDATA[<div><div><span><b>Altitude:</b></span> <span>0 ft</span></div>
<div><span><b>Speed:</b></span> <span>24 kt - 22 kt</span></div>
<div><span><b>Timestamp:</b></span><br/><span>2024-07-21 09:13:19 UTC<br/>2024-07-21 09:13:29 UTC</span></div>
</div>]]></description>
		<Style>
			<LineStyle>
				<color>ffffffff</color>
				<width>2</width>
			</LineStyle>
		</Style>
		<MultiGeometry>
			<LineString>
				<tessellate>1</tessellate>
				<coordinates>
					126.806465,37.550629,0 126.807503,37.549816,0 
				</coordinates>
			</LineString>
		</MultiGeometry>
	</Placemark>
	<Placemark>
		<name>P-52</name>
		<visibility>0</visibility>
		<description><![CDATA[<div><div><span><b>Altitude:</b></span> <span>0 ft</span></div>
<div><span><b>Speed:</b></span> <span>22 kt - 17 kt</span></div>
<div><span><b>Timestamp:</b></span><br/><span>2024-07-21 09:13:29 UTC<br/>2024-07-21 09:13:36 UTC</span></div>
</div>]]></description>
		<Style>
			<LineStyle>
				<color>ffffffff</color>
				<width>2</width>
			</LineStyle>
		</Style>
		<MultiGeometry>
			<LineString>
				<tessellate>1</tessellate>
				<coordinates>
					126.807503,37.549816,0 126.808014,37.549393,0 
				</coordinates>
			</LineString>
		</MultiGeometry>
	</Placemark>
	<Placemark>
		<name>P-53</name>
		<visibility>0</visibility>
		<description><![CDATA[<div><div><span><b>Altitude:</b></span> <span>0 ft</span></div>
<div><span><b>Speed:</b></span> <span>17 kt - 15 kt</span></div>
<div><span><b>Timestamp:</b></span><br/><span>2024-07-21 09:13:36 UTC<br/>2024-07-21 09:13:40 UTC</span></div>
</div>]]></description>
		<Style>
			<LineStyle>
				<color>ffffffff</color>
				<width>2</width>
			</LineStyle>
		</Style>
		<MultiGeometry>
			<LineString>
				<tessellate>1</tessellate>
				<coordinates>
					126.808014,37.549393,0 126.808182,37.549164,0 
				</coordinates>
			</LineString>
		</MultiGeometry>
	</Placemark>
	<Placemark>
		<name>P-54</name>
		<visibility>0</visibility>
		<description><![CDATA[<div><div><span><b>Altitude:</b></span> <span>0 ft</span></div>
<div><span><b>Speed:</b></span> <span>15 kt - 14 kt</span></div>
<div><span><b>Timestamp:</b></span><br/><span>2024-07-21 09:13:40 UTC<br/>2024-07-21 09:13:45 UTC</span></div>
</div>]]></description>
		<Style>
			<LineStyle>
				<color>ffffffff</color>
				<width>2</width>
			</LineStyle>
		</Style>
		<MultiGeometry>
			<LineString>
				<tessellate>1</tessellate>
				<coordinates>
					126.808182,37.549164,0 126.808128,37.548836,0 
				</coordinates>
			</LineString>
		</MultiGeometry>
	</Placemark>
	<Placemark>
		<name>P-55</name>
		<visibility>0</visibility>
		<description><![CDATA[<div><div><span><b>Altitude:</b></span> <span>0 ft</span></div>
<div><span><b>Speed:</b></span> <span>14 kt</span></div>
<div><span><b>Timestamp:</b></span><br/><span>2024-07-21 09:13:45 UTC<br/>2024-07-21 09:13:49 UTC</span></div>
</div>]]></description>
		<Style>
			<LineStyle>
				<color>ffffffff</color>
				<width>2</width>
			</LineStyle>
		</Style>
		<MultiGeometry>
			<LineString>
				<tessellate>1</tessellate>
				<coordinates>
					126.808128,37.548836,0 126.807899,37.548626,0 
				</coordinates>
			</LineString>
		</MultiGeometry>
	</Placemark>
	<Placemark>
		<name>P-56</name>
		<visibility>0</visibility>
		<description><![CDATA[<div><div><span><b>Altitude:</b></span> <span>0 ft</span></div>
<div><span><b>Speed:</b></span> <span>14 kt - 15 kt</span></div>
<div><span><b>Timestamp:</b></span><br/><span>2024-07-21 09:13:49 UTC<br/>2024-07-21 09:13:53 UTC</span></div>
</div>]]></description>
		<Style>
			<LineStyle>
				<color>ffffffff</color>
				<width>2</width>
			</LineStyle>
		</Style>
		<MultiGeometry>
			<LineString>
				<tessellate>1</tessellate>
				<coordinates>
					126.807899,37.548626,0 126.807632,37.548431,0 
				</coordinates>
			</LineString>
		</MultiGeometry>
	</Placemark>
	<Placemark>
		<name>P-57</name>
		<visibility>0</visibility>
		<description><![CDATA[<div><div><span><b>Altitude:</b></span> <span>0 ft</span></div>
<div><span><b>Speed:</b></span> <span>15 kt</span></div>
<div><span><b>Timestamp:</b></span><br/><span>2024-07-21 09:13:53 UTC<br/>2024-07-21 09:13:57 UTC</span></div>
</div>]]></description>
		<Style>
			<LineStyle>
				<color>ffffffff</color>
				<width>2</width>
			</LineStyle>
		</Style>
		<MultiGeometry>
			<LineString>
				<tessellate>1</tessellate>
				<coordinates>
					126.807632,37.548431,0 126.807411,37.548256,0 
				</coordinates>
			</LineString>
		</MultiGeometry>
	</Placemark>
	<Placemark>
		<name>P-58</name>
		<visibility>0</visibility>
		<description><![CDATA[<div><div><span><b>Altitude:</b></span> <span>0 ft</span></div>
<div><span><b>Speed:</b></span> <span>15 kt - 12 kt</span></div>
<div><span><b>Timestamp:</b></span><br/><span>2024-07-21 09:13:57 UTC<br/>2024-07-21 09:14:01 UTC</span></div>
</div>]]></description>
		<Style>
			<LineStyle>
				<color>ffffffff</color>
				<width>2</width>
			</LineStyle>
		</Style>
		<MultiGeometry>
			<LineString>
				<tessellate>1</tessellate>
				<coordinates>
					126.807411,37.548256,0 126.807167,37.548092,0 
				</coordinates>
			</LineString>
		</MultiGeometry>
	</Placemark>
	<Placemark>
		<name>P-59</name>
		<visibility>0</visibility>
		<description><![CDATA[<div><div><span><b>Altitude:</b></span> <span>0 ft</span></div>
<div><span><b>Speed:</b></span> <span>12 kt - 10 kt</span></div>
<div><span><b>Timestamp:</b></span><br/><span>2024-07-21 09:14:01 UTC<br/>2024-07-21 09:14:05 UTC</span></div>
</div>]]></description>
		<Style>
			<LineStyle>
				<color>ffffffff</color>
				<width>2</width>
			</LineStyle>
		</Style>
		<MultiGeometry>
			<LineString>
				<tessellate>1</tessellate>
				<coordinates>
					126.807167,37.548092,0 126.806961,37.548046,0 
				</coordinates>
			</LineString>
		</MultiGeometry>
	</Placemark>
	<Placemark>
		<name>P-60</name>
		<visibility>0</visibility>
		<description><![CDATA[<div><div><span><b>Altitude:</b></span> <span>0 ft</span></div>
<div><span><b>Speed:</b></span> <span>10 kt - 9 kt</span></div>
<div><span><b>Timestamp:</b></span><br/><span>2024-07-21 09:14:05 UTC<br/>2024-07-21 09:14:11 UTC</span></div>
</div>]]></description>
		<Style>
			<LineStyle>
				<color>ffffffff</color>
				<width>2</width>
			</LineStyle>
		</Style>
		<MultiGeometry>
			<LineString>
				<tessellate>1</tessellate>
				<coordinates>
					126.806961,37.548046,0 126.806664,37.548115,0 
				</coordinates>
			</LineString>
		</MultiGeometry>
	</Placemark>
	<Placemark>
		<name>P-61</name>
		<visibility>0</visibility>
		<description><![CDATA[<div><div><span><b>Altitude:</b></span> <span>0 ft</span></div>
<div><span><b>Speed:</b></span> <span>9 kt - 10 kt</span></div>
<div><span><b>Timestamp:</b></span><br/><span>2024-07-21 09:14:11 UTC<br/>2024-07-21 09:14:19 UTC</span></div>
</div>]]></description>
		<Style>
			<LineStyle>
				<color>ffffffff</color>
				<width>2</width>
			</LineStyle>
		</Style>
		<MultiGeometry>
			<LineString>
				<tessellate>1</tessellate>
				<coordinates>
					126.806664,37.548115,0 126.806335,37.548386,0 
				</coordinates>
			</LineString>
		</MultiGeometry>
	</Placemark>
	<Placemark>
		<name>P-62</name>
		<visibility>0</visibility>
		<description><![CDATA[<div><div><span><b>Altitude:</b></span> <span>0 ft</span></div>
<div><span><b>Speed:</b></span> <span>10 kt - 12 kt</span></div>
<div><span><b>Timestamp:</b></span><br/><span>2024-07-21 09:14:19 UTC<br/>2024-07-21 09:14:24 UTC</span></div>
</div>]]></description>
		<Style>
			<LineStyle>
				<color>ffffffff</color>
				<width>2</width>
			</LineStyle>
		</Style>
		<MultiGeometry>
			<LineString>
				<tessellate>1</tessellate>
				<coordinates>
					126.806335,37.548386,0 126.806122,37.548557,0 
				</coordinates>
			</LineString>
		</MultiGeometry>
	</Placemark>
	<Placemark>
		<name>P-63</name>
		<visibility>0</visibility>
		<description><![CDATA[<div><div><span><b>Altitude:</b></span> <span>0 ft</span></div>
<div><span><b>Speed:</b></span> <span>12 kt - 16 kt</span></div>
<div><span><b>Timestamp:</b></span><br/><span>2024-07-21 09:14:24 UTC<br/>2024-07-21 09:14:28 UTC</span></div>
</div>]]></description>
		<Style>
			<LineStyle>
				<color>ffffffff</color>
				<width>2</width>
			</LineStyle>
		</Style>
		<MultiGeometry>
			<LineString>
				<tessellate>1</tessellate>
				<coordinates>
					126.806122,37.548557,0 126.80584,37.54879,0 
				</coordinates>
			</LineString>
		</MultiGeometry>
	</Placemark>
	<Placemark>
		<name>P-64</name>
		<visibility>0</visibility>
		<description><![CDATA[<div><div><span><b>Altitude:</b></span> <span>0 ft</span></div>
<div><span><b>Speed:</b></span> <span>16 kt - 31 kt</span></div>
<div><span><b>Timestamp:</b></span><br/><span>2024-07-21 09:14:28 UTC<br/>2024-07-21 09:14:30 UTC</span></div>
</div>]]></description>
		<Style>
			<LineStyle>
				<color>ffffffff</color>
				<width>2</width>
			</LineStyle>
		</Style>
		<MultiGeometry>
			<LineString>
				<tessellate>1</tessellate>
				<coordinates>
					126.80584,37.54879,0 126.805481,37.549068,0 
				</coordinates>
			</LineString>
		</MultiGeometry>
	</Placemark>
	<Placemark>
		<name>P-65</name>
		<visibility>0</visibility>
		<description><![CDATA[<div><div><span><b>Altitude:</b></span> <span>0 ft</span></div>
<div><span><b>Speed:</b></span> <span>31 kt - 43 kt</span></div>
<div><span><b>Timestamp:</b></span><br/><span>2024-07-21 09:14:30 UTC<br/>2024-07-21 09:14:32 UTC</span></div>
</div>]]></description>
		<Style>
			<LineStyle>
				<color>ffffffff</color>
				<width>2</width>
			</LineStyle>
		</Style>
		<MultiGeometry>
			<LineString>
				<tessellate>1</tessellate>
				<coordinates>
					126.805481,37.549068,0 126.805107,37.54937,0 
				</coordinates>
			</LineString>
		</MultiGeometry>
	</Placemark>
	<Placemark>
		<name>P-66</name>
		<visibility>0</visibility>
		<description><![CDATA[<div><div><span><b>Altitude:</b></span> <span>0 ft</span></div>
<div><span><b>Speed:</b></span> <span>43 kt - 48 kt</span></div>
<div><span><b>Timestamp:</b></span><br/><span>2024-07-21 09:14:32 UTC<br/>2024-07-21 09:14:33 UTC</span></div>
</div>]]></description>
		<Style>
			<LineStyle>
				<color>ffffffff</color>
				<width>2</width>
			</LineStyle>
		</Style>
		<MultiGeometry>
			<LineString>
				<tessellate>1</tessellate>
				<coordinates>
					126.805107,37.54937,0 126.804886,37.549545,0 
				</coordinates>
			</LineString>
		</MultiGeometry>
	</Placemark>
	<Placemark>
		<name>P-67</name>
		<visibility>0</visibility>
		<description><![CDATA[<div><div><span><b>Altitude:</b></span> <span>0 ft</span></div>
<div><span><b>Speed:</b></span> <span>48 kt - 54 kt</span></div>
<div><span><b>Timestamp:</b></span><br/><span>2024-07-21 09:14:33 UTC<br/>2024-07-21 09:14:34 UTC</span></div>
</div>]]></description>
		<Style>
			<LineStyle>
				<color>ffffffff</color>
				<width>2</width>
			</LineStyle>
		</Style>
		<MultiGeometry>
			<LineString>
				<tessellate>1</tessellate>
				<coordinates>
					126.804886,37.549545,0 126.804604,37.549767,0 
				</coordinates>
			</LineString>
		</MultiGeometry>
	</Placemark>
	<Placemark>
		<name>P-68</name>
		<visibility>0</visibility>
		<description><![CDATA[<div><div><span><b>Altitude:</b></span> <span>0 ft</span></div>
<div><span><b>Speed:</b></span> <span>54 kt - 60 kt</span></div>
<div><span><b>Timestamp:</b></span><br/><span>2024-07-21 09:14:34 UTC<br/>2024-07-21 09:14:35 UTC</span></div>
</div>]]></description>
		<Style>
			<LineStyle>
				<color>ffffffff</color>
				<width>2</width>
			</LineStyle>
		</Style>
		<MultiGeometry>
			<LineString>
				<tessellate>1</tessellate>
				<coordinates>
					126.804604,37.549767,0 126.804314,37.549988,0 
				</coordinates>
			</LineString>
		</MultiGeometry>
	</Placemark>
	<Placemark>
		<name>P-69</name>
		<visibility>0</visibility>
		<description><![CDATA[<div><div><span><b>Altitude:</b></span> <span>0 ft</span></div>
<div><span><b>Speed:</b></span> <span>60 kt - 70 kt</span></div>
<div><span><b>Timestamp:</b></span><br/><span>2024-07-21 09:14:35 UTC<br/>2024-07-21 09:14:37 UTC</span></div>
</div>]]></description>
		<Style>
			<LineStyle>
				<color>ffffffff</color>
				<width>2</width>
			</LineStyle>
		</Style>
		<MultiGeometry>
			<LineString>
				<tessellate>1</tessellate>
				<coordinates>
					126.804314,37.549988,0 126.803703,37.550491,0 
				</coordinates>
			</LineString>
		</MultiGeometry>
	</Placemark>
	<Placemark>
		<name>P-70</name>
		<visibility>0</visibility>
		<description><![CDATA[<div><div><span><b>Altitude:</b></span> <span>0 ft</span></div>
<div><span><b>Speed:</b></span> <span>70 kt - 76 kt</span></div>
<div><span><b>Timestamp:</b></span><br/><span>2024-07-21 09:14:37 UTC<br/>2024-07-21 09:14:38 UTC</span></div>
</div>]]></description>
		<Style>
			<LineStyle>
				<color>ffffffff</color>
				<width>2</width>
			</LineStyle>
		</Style>
		<MultiGeometry>
			<LineString>
				<tessellate>1</tessellate>
				<coordinates>
					126.803703,37.550491,0 126.803337,37.55077,0 
				</coordinates>
			</LineString>
		</MultiGeometry>
	</Placemark>
	<Placemark>
		<name>P-71</name>
		<visibility>0</visibility>
		<description><![CDATA[<div><div><span><b>Altitude:</b></span> <span>0 ft - 225 ft</span></div>
<div><span><b>Speed:</b></span> <span>76 kt - 110 kt</span></div>
<div><span><b>Timestamp:</b></span><br/><span>2024-07-21 09:14:38 UTC<br/>2024-07-21 09:14:45 UTC</span></div>
</div>]]></description>
		<Style>
			<LineStyle>
				<color>ffffffff</color>
				<width>2</width>
			</LineStyle>
		</Style>
		<MultiGeometry>
			<LineString>
				<tessellate>1</tessellate>
				<coordinates>
					126.803337,37.55077,0 126.800461,37.553055,68.58 
				</coordinates>
			</LineString>
		</MultiGeometry>
	</Placemark>
	<Placemark>
		<name>P-72</name>
		<visibility>0</visibility>
		<description><![CDATA[<div><div><span><b>Altitude:</b></span> <span>225 ft</span></div>
<div><span><b>Speed:</b></span> <span>110 kt - 144 kt</span></div>
<div><span><b>Timestamp:</b></span><br/><span>2024-07-21 09:14:45 UTC<br/>2024-07-21 09:14:54 UTC</span></div>
</div>]]></description>
		<Style>
			<LineStyle>
				<color>ffffffff</color>
				<width>2</width>
			</LineStyle>
		</Style>
		<MultiGeometry>
			<LineString>
				<tessellate>1</tessellate>
				<altitudeMode>absolute</altitudeMode>
				<coordinates>
					126.800461,37.553055,68.58 126.79567,37.556854,68.58 
				</coordinates>
			</LineString>
		</MultiGeometry>
	</Placemark>
	<Placemark>
		<name>P-73</name>
		<visibility>0</visibility>
		<description><![CDATA[<div><div><span><b>Altitude:</b></span> <span>225 ft - 450 ft</span></div>
<div><span><b>Speed:</b></span> <span>144 kt - 156 kt</span></div>
<div><span><b>Timestamp:</b></span><br/><span>2024-07-21 09:14:54 UTC<br/>2024-07-21 09:15:02 UTC</span></div>
</div>]]></description>
		<Style>
			<LineStyle>
				<color>ffffffff</color>
				<width>2</width>
			</LineStyle>
		</Style>
		<MultiGeometry>
			<LineString>
				<tessellate>1</tessellate>
				<altitudeMode>absolute</altitudeMode>
				<coordinates>
					126.79567,37.556854,68.58 126.790527,37.560974,137.16 
				</coordinates>
			</LineString>
		</MultiGeometry>
	</Placemark>
	<Placemark>
		<name>P-74</name>
		<visibility>0</visibility>
		<description><![CDATA[<div><div><span><b>Altitude:</b></span> <span>450 ft - 750 ft</span></div>
<div><span><b>Speed:</b></span> <span>156 kt - 160 kt</span></div>
<div><span><b>Timestamp:</b></span><br/><span>2024-07-21 09:15:02 UTC<br/>2024-07-21 09:15:09 UTC</span></div>
</div>]]></description>
		<Style>
			<LineStyle>
				<color>ffffe062</color>
				<width>2</width>
			</LineStyle>
		</Style>
		<MultiGeometry>
			<LineString>
				<tessellate>1</tessellate>
				<altitudeMode>absolute</altitudeMode>
				<coordinates>
					126.790527,37.560974,137.16 126.785263,37.564911,228.6 
				</coordinates>
			</LineString>
		</MultiGeometry>
	</Placemark>
	<Placemark>
		<name>P-75</name>
		<visibility>0</visibility>
		<description><![CDATA[<div><div><span><b>Altitude:</b></span> <span>750 ft - 1,200 ft</span></div>
<div><span><b>Speed:</b></span> <span>160 kt - 158 kt</span></div>
<div><span><b>Timestamp:</b></span><br/><span>2024-07-21 09:15:09 UTC<br/>2024-07-21 09:15:19 UTC</span></div>
</div>]]></description>
		<Style>
			<LineStyle>
				<color>ffffea00</color>
				<width>2</width>
			</LineStyle>
		</Style>
		<MultiGeometry>
			<LineString>
				<tessellate>1</tessellate>
				<altitudeMode>absolute</altitudeMode>
				<coordinates>
					126.785263,37.564911,228.6 126.77906,37.569565,365.76 
				</coordinates>
			</LineString>
		</MultiGeometry>
	</Placemark>
	<Placemark>
		<name>P-76</name>
		<visibility>0</visibility>
		<description><![CDATA[<div><div><span><b>Altitude:</b></span> <span>1,200 ft - 1,650 ft</span></div>
<div><span><b>Speed:</b></span> <span>158 kt - 155 kt</span></div>
<div><span><b>Timestamp:</b></span><br/><span>2024-07-21 09:15:19 UTC<br/>2024-07-21 09:15:28 UTC</span></div>
</div>]]></description>
		<Style>
			<LineStyle>
				<color>fff0ff00</color>
				<width>2</width>
			</LineStyle>
		</Style>
		<MultiGeometry>
			<LineString>
				<tessellate>1</tessellate>
				<altitudeMode>absolute</altitudeMode>
				<coordinates>
					126.77906,37.569565,365.76 126.773094,37.574081,502.92 
				</coordinates>
			</LineString>
		</MultiGeometry>
	</Placemark>
	<Placemark>
		<name>P-77</name>
		<visibility>0</visibility>
		<description><![CDATA[<div><div><span><b>Altitude:</b></span> <span>1,650 ft - 2,100 ft</span></div>
<div><span><b>Speed:</b></span> <span>155 kt - 152 kt</span></div>
<div><span><b>Timestamp:</b></span><br/><span>2024-07-21 09:15:28 UTC<br/>2024-07-21 09:15:37 UTC</span></div>
</div>]]></description>
		<Style>
			<LineStyle>
				<color>ffccff00</color>
				<width>2</width>
			</LineStyle>
		</Style>
		<MultiGeometry>
			<LineString>
				<tessellate>1</tessellate>
				<altitudeMode>absolute</altitudeMode>
				<coordinates>
					126.773094,37.574081,502.92 126.767204,37.578598,640.08 
				</coordinates>
			</LineString>
		</MultiGeometry>
	</Placemark>
	<Placemark>
		<name>P-78</name>
		<visibility>0</visibility>
		<description><![CDATA[<div><div><span><b>Altitude:</b></span> <span>2,100 ft - 2,375 ft</span></div>
<div><span><b>Speed:</b></span> <span>152 kt - 150 kt</span></div>
<div><span><b>Timestamp:</b></span><br/><span>2024-07-21 09:15:37 UTC<br/>2024-07-21 09:15:43 UTC</span></div>
</div>]]></description>
		<Style>
			<LineStyle>
				<color>ff42ff00</color>
				<width>2</width>
			</LineStyle>
		</Style>
		<MultiGeometry>
			<LineString>
				<tessellate>1</tessellate>
				<altitudeMode>absolute</altitudeMode>
				<coordinates>
					126.767204,37.578598,640.08 126.763481,37.581436,723.8999999999999 
				</coordinates>
			</LineString>
		</MultiGeometry>
	</Placemark>
	<Placemark>
		<name>P-79</name>
		<visibility>0</visibility>
		<description><![CDATA[<div><div><span><b>Altitude:</b></span> <span>2,375 ft - 2,750 ft</span></div>
<div><span><b>Speed:</b></span> <span>150 kt - 152 kt</span></div>
<div><span><b>Timestamp:</b></span><br/><span>2024-07-21 09:15:43 UTC<br/>2024-07-21 09:15:52 UTC</span></div>
</div>]]></description>
		<Style>
			<LineStyle>
				<color>ff42ff00</color>
				<width>2</width>
			</LineStyle>
		</Style>
		<MultiGeometry>
			<LineString>
				<tessellate>1</tessellate>
				<altitudeMode>absolute</altitudeMode>
				<coordinates>
					126.763481,37.581436,723.8999999999999 126.757446,37.585968,838.2 
				</coordinates>
			</LineString>
		</MultiGeometry>
	</Placemark>
	<Placemark>
		<name>P-80</name>
		<visibility>0</visibility>
		<description><![CDATA[<div><div><span><b>Altitude:</b></span> <span>2,750 ft - 3,000 ft</span></div>
<div><span><b>Speed:</b></span> <span>152 kt - 160 kt</span></div>
<div><span><b>Timestamp:</b></span><br/><span>2024-07-21 09:15:52 UTC<br/>2024-07-21 09:16:01 UTC</span></div>
</div>]]></description>
		<Style>
			<LineStyle>
				<color>ff1eff00</color>
				<width>2</width>
			</LineStyle>
		</Style>
		<MultiGeometry>
			<LineString>
				<tessellate>1</tessellate>
				<altitudeMode>absolute</altitudeMode>
				<coordinates>
					126.757446,37.585968,838.2 126.751717,37.590328,914.3999999999999 
				</coordinates>
			</LineString>
		</MultiGeometry>
	</Placemark>
	<Placemark>
		<name>P-81</name>
		<visibility>0</visibility>
		<description><![CDATA[<div><div><span><b>Altitude:</b></span> <span>3,000 ft - 3,425 ft</span></div>
<div><span><b>Speed:</b></span> <span>160 kt - 157 kt</span></div>
<div><span><b>Timestamp:</b></span><br/><span>2024-07-21 09:16:01 UTC<br/>2024-07-21 09:16:11 UTC</span></div>
</div>]]></description>
		<Style>
			<LineStyle>
				<color>ff1eff00</color>
				<width>2</width>
			</LineStyle>
		</Style>
		<MultiGeometry>
			<LineString>
				<tessellate>1</tessellate>
				<altitudeMode>absolute</altitudeMode>
				<coordinates>
					126.751717,37.590328,914.3999999999999 126.745323,37.595306,1043.94 
				</coordinates>
			</LineString>
		</MultiGeometry>
	</Placemark>
	<Placemark>
		<name>P-82</name>
		<visibility>0</visibility>
		<description><![CDATA[<div><div><span><b>Altitude:</b></span> <span>3,425 ft - 3,675 ft</span></div>
<div><span><b>Speed:</b></span> <span>157 kt - 164 kt</span></div>
<div><span><b>Timestamp:</b></span><br/><span>2024-07-21 09:16:11 UTC<br/>2024-07-21 09:16:20 UTC</span></div>
</div>]]></description>
		<Style>
			<LineStyle>
				<color>ff00ff0c</color>
				<width>2</width>
			</LineStyle>
		</Style>
		<MultiGeometry>
			<LineString>
				<tessellate>1</tessellate>
				<altitudeMode>absolute</altitudeMode>
				<coordinates>
					126.745323,37.595306,1043.94 126.73922,37.599976,1120.14 
				</coordinates>
			</LineString>
		</MultiGeometry>
	</Placemark>
	<Placemark>
		<name>P-83</name>
		<visibility>0</visibility>
		<description><![CDATA[<div><div><span><b>Altitude:</b></span> <span>3,675 ft - 3,925 ft</span></div>
<div><span><b>Speed:</b></span> <span>164 kt - 173 kt</span></div>
<div><span><b>Timestamp:</b></span><br/><span>2024-07-21 09:16:20 UTC<br/>2024-07-21 09:16:29 UTC</span></div>
</div>]]></description>
		<Style>
			<LineStyle>
				<color>ff00ff0c</color>
				<width>2</width>
			</LineStyle>
		</Style>
		<MultiGeometry>
			<LineString>
				<tessellate>1</tessellate>
				<altitudeMode>absolute</altitudeMode>
				<coordinates>
					126.73922,37.599976,1120.14 126.732437,37.605011,1196.34 
				</coordinates>
			</LineString>
		</MultiGeometry>
	</Placemark>
	<Placemark>
		<name>P-84</name>
		<visibility>0</visibility>
		<description><![CDATA[<div><div><span><b>Altitude:</b></span> <span>3,925 ft - 4,175 ft</span></div>
<div><span><b>Speed:</b></span> <span>173 kt - 182 kt</span></div>
<div><span><b>Timestamp:</b></span><br/><span>2024-07-21 09:16:29 UTC<br/>2024-07-21 09:16:38 UTC</span></div>
</div>]]></description>
		<Style>
			<LineStyle>
				<color>ff00ff0c</color>
				<width>2</width>
			</LineStyle>
		</Style>
		<MultiGeometry>
			<LineString>
				<tessellate>1</tessellate>
				<altitudeMode>absolute</altitudeMode>
				<coordinates>
					126.732437,37.605011,1196.34 126.725716,37.609909,1272.54 
				</coordinates>
			</LineString>
		</MultiGeometry>
	</Placemark>
	<Placemark>
		<name>P-85</name>
		<visibility>0</visibility>
		<description><![CDATA[<div><div><span><b>Altitude:</b></span> <span>4,175 ft - 4,425 ft</span></div>
<div><span><b>Speed:</b></span> <span>182 kt - 190 kt</span></div>
<div><span><b>Timestamp:</b></span><br/><span>2024-07-21 09:16:38 UTC<br/>2024-07-21 09:16:47 UTC</span></div>
</div>]]></description>
		<Style>
			<LineStyle>
				<color>ff00ff36</color>
				<width>2</width>
			</LineStyle>
		</Style>
		<MultiGeometry>
			<LineString>
				<tessellate>1</tessellate>
				<altitudeMode>absolute</altitudeMode>
				<coordinates>
					126.725716,37.609909,1272.54 126.718117,37.615265,1348.74 
				</coordinates>
			</LineString>
		</MultiGeometry>
	</Placemark>
	<Placemark>
		<name>P-86</name>
		<visibility>0</visibility>
		<description><![CDATA[<div><div><span><b>Altitude:</b></span> <span>4,425 ft - 4,500 ft</span></div>
<div><span><b>Speed:</b></span> <span>190 kt - 191 kt</span></div>
<div><span><b>Timestamp:</b></span><br/><span>2024-07-21 09:16:47 UTC<br/>2024-07-21 09:16:50 UTC</span></div>
</div>]]></description>
		<Style>
			<LineStyle>
				<color>ff00ff36</color>
				<width>2</width>
			</LineStyle>
		</Style>
		<MultiGeometry>
			<LineString>
				<tessellate>1</tessellate>
				<altitudeMode>absolute</altitudeMode>
				<coordinates>
					126.718117,37.615265,1348.74 126.71537,37.616867,1371.6 
				</coordinates>
			</LineString>
		</MultiGeometry>
	</Placemark>
	<Placemark>
		<name>P-87</name>
		<visibility>0</visibility>
		<description><![CDATA[<div><div><span><b>Altitude:</b></span> <span>4,500 ft - 4,600 ft</span></div>
<div><span><b>Speed:</b></span> <span>191 kt - 193 kt</span></div>
<div><span><b>Timestamp:</b></span><br/><span>2024-07-21 09:16:50 UTC<br/>2024-07-21 09:16:53 UTC</span></div>
</div>]]></description>
		<Style>
			<LineStyle>
				<color>ff00ff36</color>
				<width>2</width>
			</LineStyle>
		</Style>
		<MultiGeometry>
			<LineString>
				<tessellate>1</tessellate>
				<altitudeMode>absolute</altitudeMode>
				<coordinates>
					126.71537,37.616867,1371.6 126.712219,37.618469,1402.08 
				</coordinates>
			</LineString>
		</MultiGeometry>
	</Placemark>
	<Placemark>
		<name>P-88</name>
		<visibility>0</visibility>
		<description><![CDATA[<div><div><span><b>Altitude:</b></span> <span>4,600 ft - 4,700 ft</span></div>
<div><span><b>Speed:</b></span> <span>193 kt - 195 kt</span></div>
<div><span><b>Timestamp:</b></span><br/><span>2024-07-21 09:16:53 UTC<br/>2024-07-21 09:16:56 UTC</span></div>
</div>]]></description>
		<Style>
			<LineStyle>
				<color>ff00ff36</color>
				<width>2</width>
			</LineStyle>
		</Style>
		<MultiGeometry>
			<LineString>
				<tessellate>1</tessellate>
				<altitudeMode>absolute</altitudeMode>
				<coordinates>
					126.712219,37.618469,1402.08 126.709023,37.619793,1432.56 
				</coordinates>
			</LineString>
		</MultiGeometry>
	</Placemark>
	<Placemark>
		<name>P-89</name>
		<visibility>0</visibility>
		<description><![CDATA[<div><div><span><b>Altitude:</b></span> <span>4,700 ft - 4,800 ft</span></div>
<div><span><b>Speed:</b></span> <span>195 kt - 197 kt</span></div>
<div><span><b>Timestamp:</b></span><br/><span>2024-07-21 09:16:56 UTC<br/>2024-07-21 09:16:59 UTC</span></div>
</div>]]></description>
		<Style>
			<LineStyle>
				<color>ff00ff36</color>
				<width>2</width>
			</LineStyle>
		</Style>
		<MultiGeometry>
			<LineString>
				<tessellate>1</tessellate>
				<altitudeMode>absolute</altitudeMode>
				<coordinates>
					126.709023,37.619793,1432.56 126.705856,37.620819,1463.04 
				</coordinates>
			</LineString>
		</MultiGeometry>
	</Placemark>
	<Placemark>
		<name>P-90</name>
		<visibility>0</visibility>
		<description><![CDATA[<div><div><span><b>Altitude:</b></span> <span>4,800 ft - 4,875 ft</span></div>
<div><span><b>Speed:</b></span> <span>197 kt</span></div>
<div><span><b>Timestamp:</b></span><br/><span>2024-07-21 09:16:59 UTC<br/>2024-07-21 09:17:02 UTC</span></div>
</div>]]></description>
		<Style>
			<LineStyle>
				<color>ff00ff36</color>
				<width>2</width>
			</LineStyle>
		</Style>
		<MultiGeometry>
			<LineString>
				<tessellate>1</tessellate>
				<altitudeMode>absolute</altitudeMode>
				<coordinates>
					126.705856,37.620819,1463.04 126.702934,37.621563,1485.9 
				</coordinates>
			</LineString>
		</MultiGeometry>
	</Placemark>
	<Placemark>
		<name>P-91</name>
		<visibility>0</visibility>
		<description><![CDATA[<div><div><span><b>Altitude:</b></span> <span>4,875 ft - 5,000 ft</span></div>
<div><span><b>Speed:</b></span> <span>197 kt - 198 kt</span></div>
<div><span><b>Timestamp:</b></span><br/><span>2024-07-21 09:17:02 UTC<br/>2024-07-21 09:17:05 UTC</span></div>
</div>]]></description>
		<Style>
			<LineStyle>
				<color>ff00ff36</color>
				<width>2</width>
			</LineStyle>
		</Style>
		<MultiGeometry>
			<LineString>
				<tessellate>1</tessellate>
				<altitudeMode>absolute</altitudeMode>
				<coordinates>
					126.702934,37.621563,1485.9 126.699532,37.622169,1524 
				</coordinates>
			</LineString>
		</MultiGeometry>
	</Placemark>
	<Placemark>
		<name>P-92</name>
		<visibility>0</visibility>
		<description><![CDATA[<div><div><span><b>Altitude:</b></span> <span>5,000 ft - 5,100 ft</span></div>
<div><span><b>Speed:</b></span> <span>198 kt - 200 kt</span></div>
<div><span><b>Timestamp:</b></span><br/><span>2024-07-21 09:17:05 UTC<br/>2024-07-21 09:17:08 UTC</span></div>
</div>]]></description>
		<Style>
			<LineStyle>
				<color>ff00ff72</color>
				<width>2</width>
			</LineStyle>
		</Style>
		<MultiGeometry>
			<LineString>
				<tessellate>1</tessellate>
				<altitudeMode>absolute</altitudeMode>
				<coordinates>
					126.699532,37.622169,1524 126.695946,37.622589,1554.48 
				</coordinates>
			</LineString>
		</MultiGeometry>
	</Placemark>
	<Placemark>
		<name>P-93</name>
		<visibility>0</visibility>
		<description><![CDATA[<div><div><span><b>Altitude:</b></span> <span>5,100 ft - 5,225 ft</span></div>
<div><span><b>Speed:</b></span> <span>200 kt - 201 kt</span></div>
<div><span><b>Timestamp:</b></span><br/><span>2024-07-21 09:17:08 UTC<br/>2024-07-21 09:17:11 UTC</span></div>
</div>]]></description>
		<Style>
			<LineStyle>
				<color>ff00ff72</color>
				<width>2</width>
			</LineStyle>
		</Style>
		<MultiGeometry>
			<LineString>
				<tessellate>1</tessellate>
				<altitudeMode>absolute</altitudeMode>
				<coordinates>
					126.695946,37.622589,1554.48 126.692291,37.622726,1592.58 
				</coordinates>
			</LineString>
		</MultiGeometry>
	</Placemark>
	<Placemark>
		<name>P-94</name>
		<visibility>0</visibility>
		<description><![CDATA[<div><div><span><b>Altitude:</b></span> <span>5,225 ft - 5,325 ft</span></div>
<div><span><b>Speed:</b></span> <span>201 kt - 204 kt</span></div>
<div><span><b>Timestamp:</b></span><br/><span>2024-07-21 09:17:11 UTC<br/>2024-07-21 09:17:14 UTC</span></div>
</div>]]></description>
		<Style>
			<LineStyle>
				<color>ff00ff72</color>
				<width>2</width>
			</LineStyle>
		</Style>
		<MultiGeometry>
			<LineString>
				<tessellate>1</tessellate>
				<altitudeMode>absolute</altitudeMode>
				<coordinates>
					126.692291,37.622726,1592.58 126.688721,37.622589,1623.06 
				</coordinates>
			</LineString>
		</MultiGeometry>
	</Placemark>
	<Placemark>
		<name>P-95</name>
		<visibility>0</visibility>
		<description><![CDATA[<div><div><span><b>Altitude:</b></span> <span>5,325 ft - 5,425 ft</span></div>
<div><span><b>Speed:</b></span> <span>204 kt - 208 kt</span></div>
<div><span><b>Timestamp:</b></span><br/><span>2024-07-21 09:17:14 UTC<br/>2024-07-21 09:17:17 UTC</span></div>
</div>]]></description>
		<Style>
			<LineStyle>
				<color>ff00ff72</color>
				<width>2</width>
			</LineStyle>
		</Style>
		<MultiGeometry>
			<LineString>
				<tessellate>1</tessellate>
				<altitudeMode>absolute</altitudeMode>
				<coordinates>
					126.688721,37.622589,1623.06 126.684753,37.622177,1653.54 
				</coordinates>
			</LineString>
		</MultiGeometry>
	</Placemark>
	<Placemark>
		<name>P-96</name>
		<visibility>0</visibility>
		<description><![CDATA[<div><div><span><b>Altitude:</b></span> <span>5,425 ft - 5,525 ft</span></div>
<div><span><b>Speed:</b></span> <span>208 kt - 212 kt</span></div>
<div><span><b>Timestamp:</b></span><br/><span>2024-07-21 09:17:17 UTC<br/>2024-07-21 09:17:20 UTC</span></div>
</div>]]></description>
		<Style>
			<LineStyle>
				<color>ff00ff72</color>
				<width>2</width>
			</LineStyle>
		</Style>
		<MultiGeometry>
			<LineString>
				<tessellate>1</tessellate>
				<altitudeMode>absolute</altitudeMode>
				<coordinates>
					126.684753,37.622177,1653.54 126.681198,37.621471,1684.02 
				</coordinates>
			</LineString>
		</MultiGeometry>
	</Placemark>
	<Placemark>
		<name>P-97</name>
		<visibility>0</visibility>
		<description><![CDATA[<div><div><span><b>Altitude:</b></span> <span>5,525 ft - 5,600 ft</span></div>
<div><span><b>Speed:</b></span> <span>212 kt - 216 kt</span></div>
<div><span><b>Timestamp:</b></span><br/><span>2024-07-21 09:17:20 UTC<br/>2024-07-21 09:17:24 UTC</span></div>
</div>]]></description>
		<Style>
			<LineStyle>
				<color>ff00ff72</color>
				<width>2</width>
			</LineStyle>
		</Style>
		<MultiGeometry>
			<LineString>
				<tessellate>1</tessellate>
				<altitudeMode>absolute</altitudeMode>
				<coordinates>
					126.681198,37.621471,1684.02 126.677681,37.620529,1706.88 
				</coordinates>
			</LineString>
		</MultiGeometry>
	</Placemark>
	<Placemark>
		<name>P-98</name>
		<visibility>0</visibility>
		<description><![CDATA[<div><div><span><b>Altitude:</b></span> <span>5,600 ft - 5,675 ft</span></div>
<div><span><b>Speed:</b></span> <span>216 kt - 219 kt</span></div>
<div><span><b>Timestamp:</b></span><br/><span>2024-07-21 09:17:24 UTC<br/>2024-07-21 09:17:26 UTC</span></div>
</div>]]></description>
		<Style>
			<LineStyle>
				<color>ff00ff72</color>
				<width>2</width>
			</LineStyle>
		</Style>
		<MultiGeometry>
			<LineString>
				<tessellate>1</tessellate>
				<altitudeMode>absolute</altitudeMode>
				<coordinates>
					126.677681,37.620529,1706.88 126.674232,37.619293,1729.74 
				</coordinates>
			</LineString>
		</MultiGeometry>
	</Placemark>
	<Placemark>
		<name>P-99</name>
		<visibility>0</visibility>
		<description><![CDATA[<div><div><span><b>Altitude:</b></span> <span>5,675 ft - 5,775 ft</span></div>
<div><span><b>Speed:</b></span> <span>219 kt - 224 kt</span></div>
<div><span><b>Timestamp:</b></span><br/><span>2024-07-21 09:17:26 UTC<br/>2024-07-21 09:17:30 UTC</span></div>
</div>]]></description>
		<Style>
			<LineStyle>
				<color>ff00ff72</color>
				<width>2</width>
			</LineStyle>
		</Style>
		<MultiGeometry>
			<LineString>
				<tessellate>1</tessellate>
				<altitudeMode>absolute</altitudeMode>
				<coordinates>
					126.674232,37.619293,1729.74 126.671051,37.617886,1760.22 
				</coordinates>
			</LineString>
		</MultiGeometry>
	</Placemark>
	<Placemark>
		<name>P-100</name>
		<visibility>0</visibility>
		<description><![CDATA[<div><div><span><b>Altitude:</b></span> <span>5,775 ft - 5,850 ft</span></div>
<div><span><b>Speed:</b></span> <span>224 kt - 228 kt</span></div>
<div><span><b>Timestamp:</b></span><br/><span>2024-07-21 09:17:30 UTC<br/>2024-07-21 09:17:32 UTC</span></div>
</div>]]></description>
		<Style>
			<LineStyle>
				<color>ff00ff72</color>
				<width>2</width>
			</LineStyle>
		</Style>
		<MultiGeometry>
			<LineString>
				<tessellate>1</tessellate>
				<altitudeMode>absolute</altitudeMode>
				<coordinates>
					126.671051,37.617886,1760.22 126.667465,37.615883,1783.08 
				</coordinates>
			</LineString>
		</MultiGeometry>
	</Placemark>
	<Placemark>
		<name>P-101</name>
		<visibility>0</visibility>
		<description><![CDATA[<div><div><span><b>Altitude:</b></span> <span>5,850 ft - 5,950 ft</span></div>
<div><span><b>Speed:</b></span> <span>228 kt - 233 kt</span></div>
<div><span><b>Timestamp:</b></span><br/><span>2024-07-21 09:17:32 UTC<br/>2024-07-21 09:17:35 UTC</span></div>
</div>]]></description>
		<Style>
			<LineStyle>
				<color>ff00ff72</color>
				<width>2</width>
			</LineStyle>
		</Style>
		<MultiGeometry>
			<LineString>
				<tessellate>1</tessellate>
				<altitudeMode>absolute</altitudeMode>
				<coordinates>
					126.667465,37.615883,1783.08 126.664421,37.613834,1813.56 
				</coordinates>
			</LineString>
		</MultiGeometry>
	</Placemark>
	<Placemark>
		<name>P-102</name>
		<visibility>0</visibility>
		<description><![CDATA[<div><div><span><b>Altitude:</b></span> <span>5,950 ft - 6,050 ft</span></div>
<div><span><b>Speed:</b></span> <span>233 kt - 237 kt</span></div>
<div><span><b>Timestamp:</b></span><br/><span>2024-07-21 09:17:35 UTC<br/>2024-07-21 09:17:38 UTC</span></div>
</div>]]></description>
		<Style>
			<LineStyle>
				<color>ff00ff72</color>
				<width>2</width>
			</LineStyle>
		</Style>
		<MultiGeometry>
			<LineString>
				<tessellate>1</tessellate>
				<altitudeMode>absolute</altitudeMode>
				<coordinates>
					126.664421,37.613834,1813.56 126.661377,37.611649,1844.04 
				</coordinates>
			</LineString>
		</MultiGeometry>
	</Placemark>
	<Placemark>
		<name>P-103</name>
		<visibility>0</visibility>
		<description><![CDATA[<div><div><span><b>Altitude:</b></span> <span>6,050 ft - 6,150 ft</span></div>
<div><span><b>Speed:</b></span> <span>237 kt - 241 kt</span></div>
<div><span><b>Timestamp:</b></span><br/><span>2024-07-21 09:17:38 UTC<br/>2024-07-21 09:17:41 UTC</span></div>
</div>]]></description>
		<Style>
			<LineStyle>
				<color>ff00ff72</color>
				<width>2</width>
			</LineStyle>
		</Style>
		<MultiGeometry>
			<LineString>
				<tessellate>1</tessellate>
				<altitudeMode>absolute</altitudeMode>
				<coordinates>
					126.661377,37.611649,1844.04 126.658272,37.609322,1874.52 
				</coordinates>
			</LineString>
		</MultiGeometry>
	</Placemark>
	<Placemark>
		<name>P-104</name>
		<visibility>0</visibility>
		<description><![CDATA[<div><div><span><b>Altitude:</b></span> <span>6,150 ft - 6,250 ft</span></div>
<div><span><b>Speed:</b></span> <span>241 kt - 244 kt</span></div>
<div><span><b>Timestamp:</b></span><br/><span>2024-07-21 09:17:41 UTC<br/>2024-07-21 09:17:45 UTC</span></div>
</div>]]></description>
		<Style>
			<LineStyle>
				<color>ff00ff72</color>
				<width>2</width>
			</LineStyle>
		</Style>
		<MultiGeometry>
			<LineString>
				<tessellate>1</tessellate>
				<altitudeMode>absolute</altitudeMode>
				<coordinates>
					126.658272,37.609322,1874.52 126.655067,37.606934,1905 
				</coordinates>
			</LineString>
		</MultiGeometry>
	</Placemark>
	<Placemark>
		<name>P-105</name>
		<visibility>0</visibility>
		<description><![CDATA[<div><div><span><b>Altitude:</b></span> <span>6,250 ft - 6,350 ft</span></div>
<div><span><b>Speed:</b></span> <span>244 kt - 246 kt</span></div>
<div><span><b>Timestamp:</b></span><br/><span>2024-07-21 09:17:45 UTC<br/>2024-07-21 09:17:47 UTC</span></div>
</div>]]></description>
		<Style>
			<LineStyle>
				<color>ff00ff72</color>
				<width>2</width>
			</LineStyle>
		</Style>
		<MultiGeometry>
			<LineString>
				<tessellate>1</tessellate>
				<altitudeMode>absolute</altitudeMode>
				<coordinates>
					126.655067,37.606934,1905 126.65197,37.604645,1935.48 
				</coordinates>
			</LineString>
		</MultiGeometry>
	</Placemark>
	<Placemark>
		<name>P-106</name>
		<visibility>0</visibility>
		<description><![CDATA[<div><div><span><b>Altitude:</b></span> <span>6,350 ft - 6,475 ft</span></div>
<div><span><b>Speed:</b></span> <span>246 kt - 250 kt</span></div>
<div><span><b>Timestamp:</b></span><br/><span>2024-07-21 09:17:47 UTC<br/>2024-07-21 09:17:51 UTC</span></div>
</div>]]></description>
		<Style>
			<LineStyle>
				<color>ff00ff72</color>
				<width>2</width>
			</LineStyle>
		</Style>
		<MultiGeometry>
			<LineString>
				<tessellate>1</tessellate>
				<altitudeMode>absolute</altitudeMode>
				<coordinates>
					126.65197,37.604645,1935.48 126.648636,37.602173,1973.58 
				</coordinates>
			</LineString>
		</MultiGeometry>
	</Placemark>
	<Placemark>
		<name>P-107</name>
		<visibility>0</visibility>
		<description><![CDATA[<div><div><span><b>Altitude:</b></span> <span>6,475 ft - 6,600 ft</span></div>
<div><span><b>Speed:</b></span> <span>250 kt - 251 kt</span></div>
<div><span><b>Timestamp:</b></span><br/><span>2024-07-21 09:17:51 UTC<br/>2024-07-21 09:17:54 UTC</span></div>
</div>]]></description>
		<Style>
			<LineStyle>
				<color>ff00ff72</color>
				<width>2</width>
			</LineStyle>
		</Style>
		<MultiGeometry>
			<LineString>
				<tessellate>1</tessellate>
				<altitudeMode>absolute</altitudeMode>
				<coordinates>
					126.648636,37.602173,1973.58 126.645432,37.599777,2011.68 
				</coordinates>
			</LineString>
		</MultiGeometry>
	</Placemark>
	<Placemark>
		<name>P-108</name>
		<visibility>0</visibility>
		<description><![CDATA[<div><div><span><b>Altitude:</b></span> <span>6,600 ft - 6,750 ft</span></div>
<div><span><b>Speed:</b></span> <span>251 kt - 254 kt</span></div>
<div><span><b>Timestamp:</b></span><br/><span>2024-07-21 09:17:54 UTC<br/>2024-07-21 09:17:57 UTC</span></div>
</div>]]></description>
		<Style>
			<LineStyle>
				<color>ff00ff9c</color>
				<width>2</width>
			</LineStyle>
		</Style>
		<MultiGeometry>
			<LineString>
				<tessellate>1</tessellate>
				<altitudeMode>absolute</altitudeMode>
				<coordinates>
					126.645432,37.599777,2011.68 126.641914,37.597229,2057.4 
				</coordinates>
			</LineString>
		</MultiGeometry>
	</Placemark>
	<Placemark>
		<name>P-109</name>
		<visibility>0</visibility>
		<description><![CDATA[<div><div><span><b>Altitude:</b></span> <span>6,750 ft - 6,875 ft</span></div>
<div><span><b>Speed:</b></span> <span>254 kt - 256 kt</span></div>
<div><span><b>Timestamp:</b></span><br/><span>2024-07-21 09:17:57 UTC<br/>2024-07-21 09:18:00 UTC</span></div>
</div>]]></description>
		<Style>
			<LineStyle>
				<color>ff00ff9c</color>
				<width>2</width>
			</LineStyle>
		</Style>
		<MultiGeometry>
			<LineString>
				<tessellate>1</tessellate>
				<altitudeMode>absolute</altitudeMode>
				<coordinates>
					126.641914,37.597229,2057.4 126.638748,37.594936,2095.5 
				</coordinates>
			</LineString>
		</MultiGeometry>
	</Placemark>
	<Placemark>
		<name>P-110</name>
		<visibility>0</visibility>
		<description><![CDATA[<div><div><span><b>Altitude:</b></span> <span>6,875 ft - 7,475 ft</span></div>
<div><span><b>Speed:</b></span> <span>256 kt - 261 kt</span></div>
<div><span><b>Timestamp:</b></span><br/><span>2024-07-21 09:18:00 UTC<br/>2024-07-21 09:18:12 UTC</span></div>
</div>]]></description>
		<Style>
			<LineStyle>
				<color>ff00ff9c</color>
				<width>2</width>
			</LineStyle>
		</Style>
		<MultiGeometry>
			<LineString>
				<tessellate>1</tessellate>
				<altitudeMode>absolute</altitudeMode>
				<coordinates>
					126.638748,37.594936,2095.5 126.625435,37.585236,2278.38 
				</coordinates>
			</LineString>
		</MultiGeometry>
	</Placemark>
	<Placemark>
		<name>P-111</name>
		<visibility>0</visibility>
		<description><![CDATA[<div><div><span><b>Altitude:</b></span> <span>7,475 ft - 8,050 ft</span></div>
<div><span><b>Speed:</b></span> <span>261 kt - 274 kt</span></div>
<div><span><b>Timestamp:</b></span><br/><span>2024-07-21 09:18:12 UTC<br/>2024-07-21 09:18:27 UTC</span></div>
</div>]]></description>
		<Style>
			<LineStyle>
				<color>ff00ff9c</color>
				<width>2</width>
			</LineStyle>
		</Style>
		<MultiGeometry>
			<LineString>
				<tessellate>1</tessellate>
				<altitudeMode>absolute</altitudeMode>
				<coordinates>
					126.625435,37.585236,2278.38 126.607941,37.572403,2453.639999999999 
				</coordinates>
			</LineString>
		</MultiGeometry>
	</Placemark>
	<Placemark>
		<name>P-112</name>
		<visibility>0</visibility>
		<description><![CDATA[<div><div><span><b>Altitude:</b></span> <span>8,050 ft - 8,550 ft</span></div>
<div><span><b>Speed:</b></span> <span>274 kt - 284 kt</span></div>
<div><span><b>Timestamp:</b></span><br/><span>2024-07-21 09:18:27 UTC<br/>2024-07-21 09:18:39 UTC</span></div>
</div>]]></description>
		<Style>
			<LineStyle>
				<color>ff00ff9c</color>
				<width>2</width>
			</LineStyle>
		</Style>
		<MultiGeometry>
			<LineString>
				<tessellate>1</tessellate>
				<altitudeMode>absolute</altitudeMode>
				<coordinates>
					126.607941,37.572403,2453.639999999999 126.596222,37.56015,2606.04 
				</coordinates>
			</LineString>
		</MultiGeometry>
	</Placemark>
	<Placemark>
		<name>P-113</name>
		<visibility>0</visibility>
		<description><![CDATA[<div><div><span><b>Altitude:</b></span> <span>8,550 ft - 8,700 ft</span></div>
<div><span><b>Speed:</b></span> <span>284 kt - 286 kt</span></div>
<div><span><b>Timestamp:</b></span><br/><span>2024-07-21 09:18:39 UTC<br/>2024-07-21 09:18:42 UTC</span></div>
</div>]]></description>
		<Style>
			<LineStyle>
				<color>ff00ffd2</color>
				<width>2</width>
			</LineStyle>
		</Style>
		<MultiGeometry>
			<LineString>
				<tessellate>1</tessellate>
				<altitudeMode>absolute</altitudeMode>
				<coordinates>
					126.596222,37.56015,2606.04 126.593964,37.555923,2651.76 
				</coordinates>
			</LineString>
		</MultiGeometry>
	</Placemark>
	<Placemark>
		<name>P-114</name>
		<visibility>0</visibility>
		<description><![CDATA[<div><div><span><b>Altitude:</b></span> <span>8,700 ft - 8,825 ft</span></div>
<div><span><b>Speed:</b></span> <span>286 kt - 288 kt</span></div>
<div><span><b>Timestamp:</b></span><br/><span>2024-07-21 09:18:42 UTC<br/>2024-07-21 09:18:45 UTC</span></div>
</div>]]></description>
		<Style>
			<LineStyle>
				<color>ff00ffd2</color>
				<width>2</width>
			</LineStyle>
		</Style>
		<MultiGeometry>
			<LineString>
				<tessellate>1</tessellate>
				<altitudeMode>absolute</altitudeMode>
				<coordinates>
					126.593964,37.555923,2651.76 126.592651,37.55278,2689.86 
				</coordinates>
			</LineString>
		</MultiGeometry>
	</Placemark>
	<Placemark>
		<name>P-115</name>
		<visibility>0</visibility>
		<description><![CDATA[<div><div><span><b>Altitude:</b></span> <span>8,825 ft - 9,025 ft</span></div>
<div><span><b>Speed:</b></span> <span>288 kt - 290 kt</span></div>
<div><span><b>Timestamp:</b></span><br/><span>2024-07-21 09:18:45 UTC<br/>2024-07-21 09:18:49 UTC</span></div>
</div>]]></description>
		<Style>
			<LineStyle>
				<color>ff00ffd2</color>
				<width>2</width>
			</LineStyle>
		</Style>
		<MultiGeometry>
			<LineString>
				<tessellate>1</tessellate>
				<altitudeMode>absolute</altitudeMode>
				<coordinates>
					126.592651,37.55278,2689.86 126.591194,37.547424,2750.82 
				</coordinates>
			</LineString>
		</MultiGeometry>
	</Placemark>
	<Placemark>
		<name>P-116</name>
		<visibility>0</visibility>
		<description><![CDATA[<div><div><span><b>Altitude:</b></span> <span>9,025 ft - 9,175 ft</span></div>
<div><span><b>Speed:</b></span> <span>290 kt - 292 kt</span></div>
<div><span><b>Timestamp:</b></span><br/><span>2024-07-21 09:18:49 UTC<br/>2024-07-21 09:18:52 UTC</span></div>
</div>]]></description>
		<Style>
			<LineStyle>
				<color>ff00ffd2</color>
				<width>2</width>
			</LineStyle>
		</Style>
		<MultiGeometry>
			<LineString>
				<tessellate>1</tessellate>
				<altitudeMode>absolute</altitudeMode>
				<coordinates>
					126.591194,37.547424,2750.82 126.590683,37.543869,2796.54 
				</coordinates>
			</LineString>
		</MultiGeometry>
	</Placemark>
	<Placemark>
		<name>P-117</name>
		<visibility>0</visibility>
		<description><![CDATA[<div><div><span><b>Altitude:</b></span> <span>9,175 ft - 9,350 ft</span></div>
<div><span><b>Speed:</b></span> <span>292 kt</span></div>
<div><span><b>Timestamp:</b></span><br/><span>2024-07-21 09:18:52 UTC<br/>2024-07-21 09:18:55 UTC</span></div>
</div>]]></description>
		<Style>
			<LineStyle>
				<color>ff00ffd2</color>
				<width>2</width>
			</LineStyle>
		</Style>
		<MultiGeometry>
			<LineString>
				<tessellate>1</tessellate>
				<altitudeMode>absolute</altitudeMode>
				<coordinates>
					126.590683,37.543869,2796.54 126.590256,37.539734,2849.88 
				</coordinates>
			</LineString>
		</MultiGeometry>
	</Placemark>
	<Placemark>
		<name>P-118</name>
		<visibility>0</visibility>
		<description><![CDATA[<div><div><span><b>Altitude:</b></span> <span>9,350 ft - 9,525 ft</span></div>
<div><span><b>Speed:</b></span> <span>292 kt - 291 kt</span></div>
<div><span><b>Timestamp:</b></span><br/><span>2024-07-21 09:18:55 UTC<br/>2024-07-21 09:18:58 UTC</span></div>
</div>]]></description>
		<Style>
			<LineStyle>
				<color>ff00ffd2</color>
				<width>2</width>
			</LineStyle>
		</Style>
		<MultiGeometry>
			<LineString>
				<tessellate>1</tessellate>
				<altitudeMode>absolute</altitudeMode>
				<coordinates>
					126.590256,37.539734,2849.88 126.589844,37.535675,2903.219999999999 
				</coordinates>
			</LineString>
		</MultiGeometry>
	</Placemark>
	<Placemark>
		<name>P-119</name>
		<visibility>0</visibility>
		<description><![CDATA[<div><div><span><b>Altitude:</b></span> <span>9,525 ft - 9,675 ft</span></div>
<div><span><b>Speed:</b></span> <span>291 kt - 292 kt</span></div>
<div><span><b>Timestamp:</b></span><br/><span>2024-07-21 09:18:58 UTC<br/>2024-07-21 09:19:01 UTC</span></div>
</div>]]></description>
		<Style>
			<LineStyle>
				<color>ff00ffd2</color>
				<width>2</width>
			</LineStyle>
		</Style>
		<MultiGeometry>
			<LineString>
				<tessellate>1</tessellate>
				<altitudeMode>absolute</altitudeMode>
				<coordinates>
					126.589844,37.535675,2903.219999999999 126.589485,37.531437,2948.94 
				</coordinates>
			</LineString>
		</MultiGeometry>
	</Placemark>
	<Placemark>
		<name>P-120</name>
		<visibility>0</visibility>
		<description><![CDATA[<div><div><span><b>Altitude:</b></span> <span>9,675 ft - 9,825 ft</span></div>
<div><span><b>Speed:</b></span> <span>292 kt - 293 kt</span></div>
<div><span><b>Timestamp:</b></span><br/><span>2024-07-21 09:19:01 UTC<br/>2024-07-21 09:19:03 UTC</span></div>
</div>]]></description>
		<Style>
			<LineStyle>
				<color>ff00ffd2</color>
				<width>2</width>
			</LineStyle>
		</Style>
		<MultiGeometry>
			<LineString>
				<tessellate>1</tessellate>
				<altitudeMode>absolute</altitudeMode>
				<coordinates>
					126.589485,37.531437,2948.94 126.589073,37.527481,2994.659999999999 
				</coordinates>
			</LineString>
		</MultiGeometry>
	</Placemark>
	<Placemark>
		<name>P-121</name>
		<visibility>0</visibility>
		<description><![CDATA[<div><div><span><b>Altitude:</b></span> <span>9,825 ft - 9,975 ft</span></div>
<div><span><b>Speed:</b></span> <span>293 kt - 296 kt</span></div>
<div><span><b>Timestamp:</b></span><br/><span>2024-07-21 09:19:03 UTC<br/>2024-07-21 09:19:07 UTC</span></div>
</div>]]></description>
		<Style>
			<LineStyle>
				<color>ff00ffd2</color>
				<width>2</width>
			</LineStyle>
		</Style>
		<MultiGeometry>
			<LineString>
				<tessellate>1</tessellate>
				<altitudeMode>absolute</altitudeMode>
				<coordinates>
					126.589073,37.527481,2994.659999999999 126.588593,37.522964,3040.38 
				</coordinates>
			</LineString>
		</MultiGeometry>
	</Placemark>
	<Placemark>
		<name>P-122</name>
		<visibility>0</visibility>
		<description><![CDATA[<div><div><span><b>Altitude:</b></span> <span>9,975 ft - 10,075 ft</span></div>
<div><span><b>Speed:</b></span> <span>296 kt</span></div>
<div><span><b>Timestamp:</b></span><br/><span>2024-07-21 09:19:07 UTC<br/>2024-07-21 09:19:10 UTC</span></div>
</div>]]></description>
		<Style>
			<LineStyle>
				<color>ff00ffe4</color>
				<width>2</width>
			</LineStyle>
		</Style>
		<MultiGeometry>
			<LineString>
				<tessellate>1</tessellate>
				<altitudeMode>absolute</altitudeMode>
				<coordinates>
					126.588593,37.522964,3040.38 126.588234,37.519939,3070.86 
				</coordinates>
			</LineString>
		</MultiGeometry>
	</Placemark>
	<Placemark>
		<name>P-123</name>
		<visibility>0</visibility>
		<description><![CDATA[<div><div><span><b>Altitude:</b></span> <span>10,075 ft - 10,225 ft</span></div>
<div><span><b>Speed:</b></span> <span>296 kt - 298 kt</span></div>
<div><span><b>Timestamp:</b></span><br/><span>2024-07-21 09:19:10 UTC<br/>2024-07-21 09:19:13 UTC</span></div>
</div>]]></description>
		<Style>
			<LineStyle>
				<color>ff00ffe4</color>
				<width>2</width>
			</LineStyle>
		</Style>
		<MultiGeometry>
			<LineString>
				<tessellate>1</tessellate>
				<altitudeMode>absolute</altitudeMode>
				<coordinates>
					126.588234,37.519939,3070.86 126.587685,37.515015,3116.579999999999 
				</coordinates>
			</LineString>
		</MultiGeometry>
	</Placemark>
	<Placemark>
		<name>P-124</name>
		<visibility>0</visibility>
		<description><![CDATA[<div><div><span><b>Altitude:</b></span> <span>10,225 ft - 10,350 ft</span></div>
<div><span><b>Speed:</b></span> <span>298 kt</span></div>
<div><span><b>Timestamp:</b></span><br/><span>2024-07-21 09:19:13 UTC<br/>2024-07-21 09:19:15 UTC</span></div>
</div>]]></description>
		<Style>
			<LineStyle>
				<color>ff00ffe4</color>
				<width>2</width>
			</LineStyle>
		</Style>
		<MultiGeometry>
			<LineString>
				<tessellate>1</tessellate>
				<altitudeMode>absolute</altitudeMode>
				<coordinates>
					126.587685,37.515015,3116.579999999999 126.587219,37.511189,3154.68 
				</coordinates>
			</LineString>
		</MultiGeometry>
	</Placemark>
	<Placemark>
		<name>P-125</name>
		<visibility>0</visibility>
		<description><![CDATA[<div><div><span><b>Altitude:</b></span> <span>10,350 ft - 10,750 ft</span></div>
<div><span><b>Speed:</b></span> <span>298 kt - 308 kt</span></div>
<div><span><b>Timestamp:</b></span><br/><span>2024-07-21 09:19:15 UTC<br/>2024-07-21 09:19:28 UTC</span></div>
</div>]]></description>
		<Style>
			<LineStyle>
				<color>ff00ffe4</color>
				<width>2</width>
			</LineStyle>
		</Style>
		<MultiGeometry>
			<LineString>
				<tessellate>1</tessellate>
				<altitudeMode>absolute</altitudeMode>
				<coordinates>
					126.587219,37.511189,3154.68 126.584885,37.493774,3276.599999999999 
				</coordinates>
			</LineString>
		</MultiGeometry>
	</Placemark>
	<Placemark>
		<name>P-126</name>
		<visibility>0</visibility>
		<description><![CDATA[<div><div><span><b>Altitude:</b></span> <span>10,750 ft - 11,125 ft</span></div>
<div><span><b>Speed:</b></span> <span>308 kt - 326 kt</span></div>
<div><span><b>Timestamp:</b></span><br/><span>2024-07-21 09:19:28 UTC<br/>2024-07-21 09:19:43 UTC</span></div>
</div>]]></description>
		<Style>
			<LineStyle>
				<color>ff00ffe4</color>
				<width>2</width>
			</LineStyle>
		</Style>
		<MultiGeometry>
			<LineString>
				<tessellate>1</tessellate>
				<altitudeMode>absolute</altitudeMode>
				<coordinates>
					126.584885,37.493774,3276.599999999999 126.581665,37.471199,3390.900000000001 
				</coordinates>
			</LineString>
		</MultiGeometry>
	</Placemark>
	<Placemark>
		<name>P-127</name>
		<visibility>0</visibility>
		<description><![CDATA[<div><div><span><b>Altitude:</b></span> <span>11,125 ft - 11,475 ft</span></div>
<div><span><b>Speed:</b></span> <span>326 kt - 345 kt</span></div>
<div><span><b>Timestamp:</b></span><br/><span>2024-07-21 09:19:43 UTC<br/>2024-07-21 09:19:58 UTC</span></div>
</div>]]></description>
		<Style>
			<LineStyle>
				<color>ff00ffe4</color>
				<width>2</width>
			</LineStyle>
		</Style>
		<MultiGeometry>
			<LineString>
				<tessellate>1</tessellate>
				<altitudeMode>absolute</altitudeMode>
				<coordinates>
					126.581665,37.471199,3390.900000000001 126.578217,37.44722,3497.579999999999 
				</coordinates>
			</LineString>
		</MultiGeometry>
	</Placemark>
	<Placemark>
		<name>P-128</name>
		<visibility>0</visibility>
		<description><![CDATA[<div><div><span><b>Altitude:</b></span> <span>11,475 ft - 11,775 ft</span></div>
<div><span><b>Speed:</b></span> <span>345 kt - 362 kt</span></div>
<div><span><b>Timestamp:</b></span><br/><span>2024-07-21 09:19:58 UTC<br/>2024-07-21 09:20:14 UTC</span></div>
</div>]]></description>
		<Style>
			<LineStyle>
				<color>ff00ffe4</color>
				<width>2</width>
			</LineStyle>
		</Style>
		<MultiGeometry>
			<LineString>
				<tessellate>1</tessellate>
				<altitudeMode>absolute</altitudeMode>
				<coordinates>
					126.578217,37.44722,3497.579999999999 126.574776,37.422592,3589.02 
				</coordinates>
			</LineString>
		</MultiGeometry>
	</Placemark>
	<Placemark>
		<name>P-129</name>
		<visibility>0</visibility>
		<description><![CDATA[<div><div><span><b>Altitude:</b></span> <span>11,775 ft - 12,100 ft</span></div>
<div><span><b>Speed:</b></span> <span>362 kt - 380 kt</span></div>
<div><span><b>Timestamp:</b></span><br/><span>2024-07-21 09:20:14 UTC<br/>2024-07-21 09:20:29 UTC</span></div>
</div>]]></description>
		<Style>
			<LineStyle>
				<color>ff00eaff</color>
				<width>2</width>
			</LineStyle>
		</Style>
		<MultiGeometry>
			<LineString>
				<tessellate>1</tessellate>
				<altitudeMode>absolute</altitudeMode>
				<coordinates>
					126.574776,37.422592,3589.02 126.574654,37.396591,3688.079999999999 
				</coordinates>
			</LineString>
		</MultiGeometry>
	</Placemark>
	<Placemark>
		<name>P-130</name>
		<visibility>0</visibility>
		<description><![CDATA[<div><div><span><b>Altitude:</b></span> <span>12,100 ft - 12,175 ft</span></div>
<div><span><b>Speed:</b></span> <span>380 kt - 384 kt</span></div>
<div><span><b>Timestamp:</b></span><br/><span>2024-07-21 09:20:29 UTC<br/>2024-07-21 09:20:32 UTC</span></div>
</div>]]></description>
		<Style>
			<LineStyle>
				<color>ff00eaff</color>
				<width>2</width>
			</LineStyle>
		</Style>
		<MultiGeometry>
			<LineString>
				<tessellate>1</tessellate>
				<altitudeMode>absolute</altitudeMode>
				<coordinates>
					126.574654,37.396591,3688.079999999999 126.575699,37.391129,3710.94 
				</coordinates>
			</LineString>
		</MultiGeometry>
	</Placemark>
	<Placemark>
		<name>P-131</name>
		<visibility>0</visibility>
		<description><![CDATA[<div><div><span><b>Altitude:</b></span> <span>12,175 ft - 12,250 ft</span></div>
<div><span><b>Speed:</b></span> <span>384 kt - 386 kt</span></div>
<div><span><b>Timestamp:</b></span><br/><span>2024-07-21 09:20:32 UTC<br/>2024-07-21 09:20:35 UTC</span></div>
</div>]]></description>
		<Style>
			<LineStyle>
				<color>ff00eaff</color>
				<width>2</width>
			</LineStyle>
		</Style>
		<MultiGeometry>
			<LineString>
				<tessellate>1</tessellate>
				<altitudeMode>absolute</altitudeMode>
				<coordinates>
					126.575699,37.391129,3710.94 126.576996,37.385742,3733.8 
				</coordinates>
			</LineString>
		</MultiGeometry>
	</Placemark>
	<Placemark>
		<name>P-132</name>
		<visibility>0</visibility>
		<description><![CDATA[<div><div><span><b>Altitude:</b></span> <span>12,250 ft - 12,375 ft</span></div>
<div><span><b>Speed:</b></span> <span>386 kt - 388 kt</span></div>
<div><span><b>Timestamp:</b></span><br/><span>2024-07-21 09:20:35 UTC<br/>2024-07-21 09:20:38 UTC</span></div>
</div>]]></description>
		<Style>
			<LineStyle>
				<color>ff00eaff</color>
				<width>2</width>
			</LineStyle>
		</Style>
		<MultiGeometry>
			<LineString>
				<tessellate>1</tessellate>
				<altitudeMode>absolute</altitudeMode>
				<coordinates>
					126.576996,37.385742,3733.8 126.578453,37.380478,3771.900000000001 
				</coordinates>
			</LineString>
		</MultiGeometry>
	</Placemark>
	<Placemark>
		<name>P-133</name>
		<visibility>0</visibility>
		<description><![CDATA[<div><div><span><b>Altitude:</b></span> <span>12,375 ft - 12,475 ft</span></div>
<div><span><b>Speed:</b></span> <span>388 kt - 390 kt</span></div>
<div><span><b>Timestamp:</b></span><br/><span>2024-07-21 09:20:38 UTC<br/>2024-07-21 09:20:41 UTC</span></div>
</div>]]></description>
		<Style>
			<LineStyle>
				<color>ff00eaff</color>
				<width>2</width>
			</LineStyle>
		</Style>
		<MultiGeometry>
			<LineString>
				<tessellate>1</tessellate>
				<altitudeMode>absolute</altitudeMode>
				<coordinates>
					126.578453,37.380478,3771.900000000001 126.579681,37.375992,3802.38 
				</coordinates>
			</LineString>
		</MultiGeometry>
	</Placemark>
	<Placemark>
		<name>P-134</name>
		<visibility>0</visibility>
		<description><![CDATA[<div><div><span><b>Altitude:</b></span> <span>12,475 ft - 12,650 ft</span></div>
<div><span><b>Speed:</b></span> <span>390 kt</span></div>
<div><span><b>Timestamp:</b></span><br/><span>2024-07-21 09:20:41 UTC<br/>2024-07-21 09:20:44 UTC</span></div>
</div>]]></description>
		<Style>
			<LineStyle>
				<color>ff00eaff</color>
				<width>2</width>
			</LineStyle>
		</Style>
		<MultiGeometry>
			<LineString>
				<tessellate>1</tessellate>
				<altitudeMode>absolute</altitudeMode>
				<coordinates>
					126.579681,37.375992,3802.38 126.581665,37.36908,3855.719999999998 
				</coordinates>
			</LineString>
		</MultiGeometry>
	</Placemark>
	<Placemark>
		<name>P-135</name>
		<visibility>0</visibility>
		<description><![CDATA[<div><div><span><b>Altitude:</b></span> <span>12,650 ft - 12,775 ft</span></div>
<div><span><b>Speed:</b></span> <span>390 kt</span></div>
<div><span><b>Timestamp:</b></span><br/><span>2024-07-21 09:20:44 UTC<br/>2024-07-21 09:20:47 UTC</span></div>
</div>]]></description>
		<Style>
			<LineStyle>
				<color>ff00eaff</color>
				<width>2</width>
			</LineStyle>
		</Style>
		<MultiGeometry>
			<LineString>
				<tessellate>1</tessellate>
				<altitudeMode>absolute</altitudeMode>
				<coordinates>
					126.581665,37.36908,3855.719999999998 126.583244,37.363586,3893.82 
				</coordinates>
			</LineString>
		</MultiGeometry>
	</Placemark>
	<Placemark>
		<name>P-136</name>
		<visibility>0</visibility>
		<description><![CDATA[<div><div><span><b>Altitude:</b></span> <span>12,775 ft - 12,900 ft</span></div>
<div><span><b>Speed:</b></span> <span>390 kt - 392 kt</span></div>
<div><span><b>Timestamp:</b></span><br/><span>2024-07-21 09:20:47 UTC<br/>2024-07-21 09:20:50 UTC</span></div>
</div>]]></description>
		<Style>
			<LineStyle>
				<color>ff00eaff</color>
				<width>2</width>
			</LineStyle>
		</Style>
		<MultiGeometry>
			<LineString>
				<tessellate>1</tessellate>
				<altitudeMode>absolute</altitudeMode>
				<coordinates>
					126.583244,37.363586,3893.82 126.584473,37.35915,3931.92 
				</coordinates>
			</LineString>
		</MultiGeometry>
	</Placemark>
	<Placemark>
		<name>P-137</name>
		<visibility>0</visibility>
		<description><![CDATA[<div><div><span><b>Altitude:</b></span> <span>12,900 ft - 13,075 ft</span></div>
<div><span><b>Speed:</b></span> <span>392 kt - 390 kt</span></div>
<div><span><b>Timestamp:</b></span><br/><span>2024-07-21 09:20:50 UTC<br/>2024-07-21 09:20:53 UTC</span></div>
</div>]]></description>
		<Style>
			<LineStyle>
				<color>ff00eaff</color>
				<width>2</width>
			</LineStyle>
		</Style>
		<MultiGeometry>
			<LineString>
				<tessellate>1</tessellate>
				<altitudeMode>absolute</altitudeMode>
				<coordinates>
					126.584473,37.35915,3931.92 126.586205,37.353096,3985.26 
				</coordinates>
			</LineString>
		</MultiGeometry>
	</Placemark>
	<Placemark>
		<name>P-138</name>
		<visibility>0</visibility>
		<description><![CDATA[<div><div><span><b>Altitude:</b></span> <span>13,075 ft - 14,275 ft</span></div>
<div><span><b>Speed:</b></span> <span>390 kt - 397 kt</span></div>
<div><span><b>Timestamp:</b></span><br/><span>2024-07-21 09:20:53 UTC<br/>2024-07-21 09:21:24 UTC</span></div>
</div>]]></description>
		<Style>
			<LineStyle>
				<color>ff00eaff</color>
				<width>2</width>
			</LineStyle>
		</Style>
		<MultiGeometry>
			<LineString>
				<tessellate>1</tessellate>
				<altitudeMode>absolute</altitudeMode>
				<coordinates>
					126.586205,37.353096,3985.26 126.601074,37.300724,4351.02 
				</coordinates>
			</LineString>
		</MultiGeometry>
	</Placemark>
	<Placemark>
		<name>P-139</name>
		<visibility>0</visibility>
		<description><![CDATA[<div><div><span><b>Altitude:</b></span> <span>14,275 ft - 15,350 ft</span></div>
<div><span><b>Speed:</b></span> <span>397 kt - 414 kt</span></div>
<div><span><b>Timestamp:</b></span><br/><span>2024-07-21 09:21:24 UTC<br/>2024-07-21 09:21:57 UTC</span></div>
</div>]]></description>
		<Style>
			<LineStyle>
				<color>ff00c0ff</color>
				<width>2</width>
			</LineStyle>
		</Style>
		<MultiGeometry>
			<LineString>
				<tessellate>1</tessellate>
				<altitudeMode>absolute</altitudeMode>
				<coordinates>
					126.601074,37.300724,4351.02 126.621582,37.23848,4678.68 
				</coordinates>
			</LineString>
		</MultiGeometry>
	</Placemark>
	<Placemark>
		<name>P-140</name>
		<visibility>0</visibility>
		<description><![CDATA[<div><div><span><b>Altitude:</b></span> <span>15,350 ft - 16,500 ft</span></div>
<div><span><b>Speed:</b></span> <span>414 kt - 416 kt</span></div>
<div><span><b>Timestamp:</b></span><br/><span>2024-07-21 09:21:57 UTC<br/>2024-07-21 09:22:27 UTC</span></div>
</div>]]></description>
		<Style>
			<LineStyle>
				<color>ff00a8ff</color>
				<width>2</width>
			</LineStyle>
		</Style>
		<MultiGeometry>
			<LineString>
				<tessellate>1</tessellate>
				<altitudeMode>absolute</altitudeMode>
				<coordinates>
					126.621582,37.23848,4678.68 126.641037,37.181992,5029.2 
				</coordinates>
			</LineString>
		</MultiGeometry>
	</Placemark>
	<Placemark>
		<name>P-141</name>
		<visibility>0</visibility>
		<description><![CDATA[<div><div><span><b>Altitude:</b></span> <span>16,500 ft - 17,625 ft</span></div>
<div><span><b>Speed:</b></span> <span>416 kt - 418 kt</span></div>
<div><span><b>Timestamp:</b></span><br/><span>2024-07-21 09:22:27 UTC<br/>2024-07-21 09:22:58 UTC</span></div>
</div>]]></description>
		<Style>
			<LineStyle>
				<color>ff0096ff</color>
				<width>2</width>
			</LineStyle>
		</Style>
		<MultiGeometry>
			<LineString>
				<tessellate>1</tessellate>
				<altitudeMode>absolute</altitudeMode>
				<coordinates>
					126.641037,37.181992,5029.2 126.660149,37.125,5372.1 
				</coordinates>
			</LineString>
		</MultiGeometry>
	</Placemark>
	<Placemark>
		<name>P-142</name>
		<visibility>0</visibility>
		<description><![CDATA[<div><div><span><b>Altitude:</b></span> <span>17,625 ft - 18,575 ft</span></div>
<div><span><b>Speed:</b></span> <span>418 kt - 428 kt</span></div>
<div><span><b>Timestamp:</b></span><br/><span>2024-07-21 09:22:58 UTC<br/>2024-07-21 09:23:32 UTC</span></div>
</div>]]></description>
		<Style>
			<LineStyle>
				<color>ff0096ff</color>
				<width>2</width>
			</LineStyle>
		</Style>
		<MultiGeometry>
			<LineString>
				<tessellate>1</tessellate>
				<altitudeMode>absolute</altitudeMode>
				<coordinates>
					126.660149,37.125,5372.1 126.68148,37.060089,5661.66 
				</coordinates>
			</LineString>
		</MultiGeometry>
	</Placemark>
	<Placemark>
		<name>P-143</name>
		<visibility>0</visibility>
		<description><![CDATA[<div><div><span><b>Altitude:</b></span> <span>18,575 ft - 19,850 ft</span></div>
<div><span><b>Speed:</b></span> <span>428 kt - 422 kt</span></div>
<div><span><b>Timestamp:</b></span><br/><span>2024-07-21 09:23:32 UTC<br/>2024-07-21 09:24:02 UTC</span></div>
</div>]]></description>
		<Style>
			<LineStyle>
				<color>ff0078ff</color>
				<width>2</width>
			</LineStyle>
		</Style>
		<MultiGeometry>
			<LineString>
				<tessellate>1</tessellate>
				<altitudeMode>absolute</altitudeMode>
				<coordinates>
					126.68148,37.060089,5661.66 126.700356,37.002182,6050.28 
				</coordinates>
			</LineString>
		</MultiGeometry>
	</Placemark>
	<Placemark>
		<name>P-144</name>
		<visibility>0</visibility>
		<description><![CDATA[<div><div><span><b>Altitude:</b></span> <span>19,850 ft - 21,700 ft</span></div>
<div><span><b>Speed:</b></span> <span>422 kt - 403 kt</span></div>
<div><span><b>Timestamp:</b></span><br/><span>2024-07-21 09:24:02 UTC<br/>2024-07-21 09:24:35 UTC</span></div>
</div>]]></description>
		<Style>
			<LineStyle>
				<color>ff0054ff</color>
				<width>2</width>
			</LineStyle>
		</Style>
		<MultiGeometry>
			<LineString>
				<tessellate>1</tessellate>
				<altitudeMode>absolute</altitudeMode>
				<coordinates>
					126.700356,37.002182,6050.28 126.719772,36.943203,6614.16 
				</coordinates>
			</LineString>
		</MultiGeometry>
	</Placemark>
	<Placemark>
		<name>P-145</name>
		<visibility>0</visibility>
		<description><![CDATA[<div><div><span><b>Altitude:</b></span> <span>21,700 ft - 23,575 ft</span></div>
<div><span><b>Speed:</b></span> <span>403 kt - 380 kt</span></div>
<div><span><b>Timestamp:</b></span><br/><span>2024-07-21 09:24:35 UTC<br/>2024-07-21 09:25:07 UTC</span></div>
</div>]]></description>
		<Style>
			<LineStyle>
				<color>ff0030ff</color>
				<width>2</width>
			</LineStyle>
		</Style>
		<MultiGeometry>
			<LineString>
				<tessellate>1</tessellate>
				<altitudeMode>absolute</altitudeMode>
				<coordinates>
					126.719772,36.943203,6614.16 126.740036,36.888245,7185.66 
				</coordinates>
			</LineString>
		</MultiGeometry>
	</Placemark>
	<Placemark>
		<name>P-146</name>
		<visibility>0</visibility>
		<description><![CDATA[<div><div><span><b>Altitude:</b></span> <span>23,575 ft - 24,000 ft</span></div>
<div><span><b>Speed:</b></span> <span>380 kt - 390 kt</span></div>
<div><span><b>Timestamp:</b></span><br/><span>2024-07-21 09:25:07 UTC<br/>2024-07-21 09:25:40 UTC</span></div>
</div>]]></description>
		<Style>
			<LineStyle>
				<color>ff001eff</color>
				<width>2</width>
			</LineStyle>
		</Style>
		<MultiGeometry>
			<LineString>
				<tessellate>1</tessellate>
				<altitudeMode>absolute</altitudeMode>
				<coordinates>
					126.740036,36.888245,7185.66 126.767693,36.834549,7315.199999999999 
				</coordinates>
			</LineString>
		</MultiGeometry>
	</Placemark>
	<Placemark>
		<name>P-147</name>
		<visibility>0</visibility>
		<description><![CDATA[<div><div><span><b>Altitude:</b></span> <span>24,000 ft</span></div>
<div><span><b>Speed:</b></span> <span>390 kt - 392 kt</span></div>
<div><span><b>Timestamp:</b></span><br/><span>2024-07-21 09:25:40 UTC<br/>2024-07-21 09:26:13 UTC</span></div>
</div>]]></description>
		<Style>
			<LineStyle>
				<color>ff001eff</color>
				<width>2</width>
			</LineStyle>
		</Style>
		<MultiGeometry>
			<LineString>
				<tessellate>1</tessellate>
				<altitudeMode>absolute</altitudeMode>
				<coordinates>
					126.767693,36.834549,7315.199999999999 126.797104,36.777283,7315.199999999999 
				</coordinates>
			</LineString>
		</MultiGeometry>
	</Placemark>
	<Placemark>
		<name>P-148</name>
		<visibility>0</visibility>
		<description><![CDATA[<div><div><span><b>Altitude:</b></span> <span>24,000 ft - 23,975 ft</span></div>
<div><span><b>Speed:</b></span> <span>392 kt</span></div>
<div><span><b>Timestamp:</b></span><br/><span>2024-07-21 09:26:13 UTC<br/>2024-07-21 09:26:46 UTC</span></div>
</div>]]></description>
		<Style>
			<LineStyle>
				<color>ff001eff</color>
				<width>2</width>
			</LineStyle>
		</Style>
		<MultiGeometry>
			<LineString>
				<tessellate>1</tessellate>
				<altitudeMode>absolute</altitudeMode>
				<coordinates>
					126.797104,36.777283,7315.199999999999 126.823837,36.720264,7307.579999999999 
				</coordinates>
			</LineString>
		</MultiGeometry>
	</Placemark>
	<Placemark>
		<name>P-149</name>
		<visibility>0</visibility>
		<description><![CDATA[<div><div><span><b>Altitude:</b></span> <span>23,975 ft</span></div>
<div><span><b>Speed:</b></span> <span>392 kt</span></div>
<div><span><b>Timestamp:</b></span><br/><span>2024-07-21 09:26:46 UTC<br/>2024-07-21 09:26:49 UTC</span></div>
</div>]]></description>
		<Style>
			<LineStyle>
				<color>ff001eff</color>
				<width>2</width>
			</LineStyle>
		</Style>
		<MultiGeometry>
			<LineString>
				<tessellate>1</tessellate>
				<altitudeMode>absolute</altitudeMode>
				<coordinates>
					126.823837,36.720264,7307.579999999999 126.824883,36.715332,7307.579999999999 
				</coordinates>
			</LineString>
		</MultiGeometry>
	</Placemark>
	<Placemark>
		<name>P-150</name>
		<visibility>0</visibility>
		<description><![CDATA[<div><div><span><b>Altitude:</b></span> <span>23,975 ft</span></div>
<div><span><b>Speed:</b></span> <span>392 kt</span></div>
<div><span><b>Timestamp:</b></span><br/><span>2024-07-21 09:26:49 UTC<br/>2024-07-21 09:26:53 UTC</span></div>
</div>]]></description>
		<Style>
			<LineStyle>
				<color>ff001eff</color>
				<width>2</width>
			</LineStyle>
		</Style>
		<MultiGeometry>
			<LineString>
				<tessellate>1</tessellate>
				<altitudeMode>absolute</altitudeMode>
				<coordinates>
					126.824883,36.715332,7307.579999999999 126.825775,36.709671,7307.579999999999 
				</coordinates>
			</LineString>
		</MultiGeometry>
	</Placemark>
	<Placemark>
		<name>P-151</name>
		<visibility>0</visibility>
		<description><![CDATA[<div><div><span><b>Altitude:</b></span> <span>23,975 ft</span></div>
<div><span><b>Speed:</b></span> <span>392 kt</span></div>
<div><span><b>Timestamp:</b></span><br/><span>2024-07-21 09:26:53 UTC<br/>2024-07-21 09:26:55 UTC</span></div>
</div>]]></description>
		<Style>
			<LineStyle>
				<color>ff001eff</color>
				<width>2</width>
			</LineStyle>
		</Style>
		<MultiGeometry>
			<LineString>
				<tessellate>1</tessellate>
				<altitudeMode>absolute</altitudeMode>
				<coordinates>
					126.825775,36.709671,7307.579999999999 126.826233,36.705044,7307.579999999999 
				</coordinates>
			</LineString>
		</MultiGeometry>
	</Placemark>
	<Placemark>
		<name>P-152</name>
		<visibility>0</visibility>
		<description><![CDATA[<div><div><span><b>Altitude:</b></span> <span>23,975 ft</span></div>
<div><span><b>Speed:</b></span> <span>392 kt - 390 kt</span></div>
<div><span><b>Timestamp:</b></span><br/><span>2024-07-21 09:26:55 UTC<br/>2024-07-21 09:26:59 UTC</span></div>
</div>]]></description>
		<Style>
			<LineStyle>
				<color>ff001eff</color>
				<width>2</width>
			</LineStyle>
		</Style>
		<MultiGeometry>
			<LineString>
				<tessellate>1</tessellate>
				<altitudeMode>absolute</altitudeMode>
				<coordinates>
					126.826233,36.705044,7307.579999999999 126.826637,36.698059,7307.579999999999 
				</coordinates>
			</LineString>
		</MultiGeometry>
	</Placemark>
	<Placemark>
		<name>P-153</name>
		<visibility>0</visibility>
		<description><![CDATA[<div><div><span><b>Altitude:</b></span> <span>23,975 ft - 24,000 ft</span></div>
<div><span><b>Speed:</b></span> <span>390 kt</span></div>
<div><span><b>Timestamp:</b></span><br/><span>2024-07-21 09:26:59 UTC<br/>2024-07-21 09:27:02 UTC</span></div>
</div>]]></description>
		<Style>
			<LineStyle>
				<color>ff001eff</color>
				<width>2</width>
			</LineStyle>
		</Style>
		<MultiGeometry>
			<LineString>
				<tessellate>1</tessellate>
				<altitudeMode>absolute</altitudeMode>
				<coordinates>
					126.826637,36.698059,7307.579999999999 126.82692,36.693008,7315.199999999999 
				</coordinates>
			</LineString>
		</MultiGeometry>
	</Placemark>
	<Placemark>
		<name>P-154</name>
		<visibility>0</visibility>
		<description><![CDATA[<div><div><span><b>Altitude:</b></span> <span>24,000 ft</span></div>
<div><span><b>Speed:</b></span> <span>390 kt</span></div>
<div><span><b>Timestamp:</b></span><br/><span>2024-07-21 09:27:02 UTC<br/>2024-07-21 09:27:05 UTC</span></div>
</div>]]></description>
		<Style>
			<LineStyle>
				<color>ff001eff</color>
				<width>2</width>
			</LineStyle>
		</Style>
		<MultiGeometry>
			<LineString>
				<tessellate>1</tessellate>
				<altitudeMode>absolute</altitudeMode>
				<coordinates>
					126.82692,36.693008,7315.199999999999 126.827087,36.687744,7315.199999999999 
				</coordinates>
			</LineString>
		</MultiGeometry>
	</Placemark>
	<Placemark>
		<name>P-155</name>
		<visibility>0</visibility>
		<description><![CDATA[<div><div><span><b>Altitude:</b></span> <span>24,000 ft</span></div>
<div><span><b>Speed:</b></span> <span>390 kt - 392 kt</span></div>
<div><span><b>Timestamp:</b></span><br/><span>2024-07-21 09:27:05 UTC<br/>2024-07-21 09:27:08 UTC</span></div>
</div>]]></description>
		<Style>
			<LineStyle>
				<color>ff001eff</color>
				<width>2</width>
			</LineStyle>
		</Style>
		<MultiGeometry>
			<LineString>
				<tessellate>1</tessellate>
				<altitudeMode>absolute</altitudeMode>
				<coordinates>
					126.827087,36.687744,7315.199999999999 126.827316,36.682068,7315.199999999999 
				</coordinates>
			</LineString>
		</MultiGeometry>
	</Placemark>
	<Placemark>
		<name>P-156</name>
		<visibility>0</visibility>
		<description><![CDATA[<div><div><span><b>Altitude:</b></span> <span>24,000 ft</span></div>
<div><span><b>Speed:</b></span> <span>392 kt - 391 kt</span></div>
<div><span><b>Timestamp:</b></span><br/><span>2024-07-21 09:27:08 UTC<br/>2024-07-21 09:27:11 UTC</span></div>
</div>]]></description>
		<Style>
			<LineStyle>
				<color>ff001eff</color>
				<width>2</width>
			</LineStyle>
		</Style>
		<MultiGeometry>
			<LineString>
				<tessellate>1</tessellate>
				<altitudeMode>absolute</altitudeMode>
				<coordinates>
					126.827316,36.682068,7315.199999999999 126.827515,36.676739,7315.199999999999 
				</coordinates>
			</LineString>
		</MultiGeometry>
	</Placemark>
	<Placemark>
		<name>P-157</name>
		<visibility>0</visibility>
		<description><![CDATA[<div><div><span><b>Altitude:</b></span> <span>24,000 ft</span></div>
<div><span><b>Speed:</b></span> <span>391 kt</span></div>
<div><span><b>Timestamp:</b></span><br/><span>2024-07-21 09:27:11 UTC<br/>2024-07-21 09:27:14 UTC</span></div>
</div>]]></description>
		<Style>
			<LineStyle>
				<color>ff001eff</color>
				<width>2</width>
			</LineStyle>
		</Style>
		<MultiGeometry>
			<LineString>
				<tessellate>1</tessellate>
				<altitudeMode>absolute</altitudeMode>
				<coordinates>
					126.827515,36.676739,7315.199999999999 126.82766,36.670486,7315.199999999999 
				</coordinates>
			</LineString>
		</MultiGeometry>
	</Placemark>
	<Placemark>
		<name>P-158</name>
		<visibility>0</visibility>
		<description><![CDATA[<div><div><span><b>Altitude:</b></span> <span>24,000 ft</span></div>
<div><span><b>Speed:</b></span> <span>391 kt - 392 kt</span></div>
<div><span><b>Timestamp:</b></span><br/><span>2024-07-21 09:27:14 UTC<br/>2024-07-21 09:27:44 UTC</span></div>
</div>]]></description>
		<Style>
			<LineStyle>
				<color>ff001eff</color>
				<width>2</width>
			</LineStyle>
		</Style>
		<MultiGeometry>
			<LineString>
				<tessellate>1</tessellate>
				<altitudeMode>absolute</altitudeMode>
				<coordinates>
					126.82766,36.670486,7315.199999999999 126.829155,36.619621,7315.199999999999 
				</coordinates>
			</LineString>
		</MultiGeometry>
	</Placemark>
	<Placemark>
		<name>P-159</name>
		<visibility>0</visibility>
		<description><![CDATA[<div><div><span><b>Altitude:</b></span> <span>24,000 ft</span></div>
<div><span><b>Speed:</b></span> <span>392 kt - 391 kt</span></div>
<div><span><b>Timestamp:</b></span><br/><span>2024-07-21 09:27:44 UTC<br/>2024-07-21 09:28:18 UTC</span></div>
</div>]]></description>
		<Style>
			<LineStyle>
				<color>ff001eff</color>
				<width>2</width>
			</LineStyle>
		</Style>
		<MultiGeometry>
			<LineString>
				<tessellate>1</tessellate>
				<altitudeMode>absolute</altitudeMode>
				<coordinates>
					126.829155,36.619621,7315.199999999999 126.831268,36.555313,7315.199999999999 
				</coordinates>
			</LineString>
		</MultiGeometry>
	</Placemark>
	<Placemark>
		<name>P-160</name>
		<visibility>0</visibility>
		<description><![CDATA[<div><div><span><b>Altitude:</b></span> <span>24,000 ft</span></div>
<div><span><b>Speed:</b></span> <span>391 kt</span></div>
<div><span><b>Timestamp:</b></span><br/><span>2024-07-21 09:28:18 UTC<br/>2024-07-21 09:28:50 UTC</span></div>
</div>]]></description>
		<Style>
			<LineStyle>
				<color>ff001eff</color>
				<width>2</width>
			</LineStyle>
		</Style>
		<MultiGeometry>
			<LineString>
				<tessellate>1</tessellate>
				<altitudeMode>absolute</altitudeMode>
				<coordinates>
					126.831268,36.555313,7315.199999999999 126.833473,36.497513,7315.199999999999 
				</coordinates>
			</LineString>
		</MultiGeometry>
	</Placemark>
	<Placemark>
		<name>P-161</name>
		<visibility>0</visibility>
		<description><![CDATA[<div><div><span><b>Altitude:</b></span> <span>24,000 ft</span></div>
<div><span><b>Speed:</b></span> <span>391 kt - 388 kt</span></div>
<div><span><b>Timestamp:</b></span><br/><span>2024-07-21 09:28:50 UTC<br/>2024-07-21 09:29:23 UTC</span></div>
</div>]]></description>
		<Style>
			<LineStyle>
				<color>ff001eff</color>
				<width>2</width>
			</LineStyle>
		</Style>
		<MultiGeometry>
			<LineString>
				<tessellate>1</tessellate>
				<altitudeMode>absolute</altitudeMode>
				<coordinates>
					126.833473,36.497513,7315.199999999999 126.835953,36.436295,7315.199999999999 
				</coordinates>
			</LineString>
		</MultiGeometry>
	</Placemark>
	<Placemark>
		<name>P-162</name>
		<visibility>0</visibility>
		<description><![CDATA[<div><div><span><b>Altitude:</b></span> <span>24,000 ft</span></div>
<div><span><b>Speed:</b></span> <span>388 kt - 389 kt</span></div>
<div><span><b>Timestamp:</b></span><br/><span>2024-07-21 09:29:23 UTC<br/>2024-07-21 09:29:55 UTC</span></div>
</div>]]></description>
		<Style>
			<LineStyle>
				<color>ff001eff</color>
				<width>2</width>
			</LineStyle>
		</Style>
		<MultiGeometry>
			<LineString>
				<tessellate>1</tessellate>
				<altitudeMode>absolute</altitudeMode>
				<coordinates>
					126.835953,36.436295,7315.199999999999 126.836922,36.380341,7315.199999999999 
				</coordinates>
			</LineString>
		</MultiGeometry>
	</Placemark>
	<Placemark>
		<name>P-163</name>
		<visibility>0</visibility>
		<description><![CDATA[<div><div><span><b>Altitude:</b></span> <span>24,000 ft</span></div>
<div><span><b>Speed:</b></span> <span>389 kt</span></div>
<div><span><b>Timestamp:</b></span><br/><span>2024-07-21 09:29:55 UTC<br/>2024-07-21 09:30:29 UTC</span></div>
</div>]]></description>
		<Style>
			<LineStyle>
				<color>ff001eff</color>
				<width>2</width>
			</LineStyle>
		</Style>
		<MultiGeometry>
			<LineString>
				<tessellate>1</tessellate>
				<altitudeMode>absolute</altitudeMode>
				<coordinates>
					126.836922,36.380341,7315.199999999999 126.830406,36.318512,7315.199999999999 
				</coordinates>
			</LineString>
		</MultiGeometry>
	</Placemark>
	<Placemark>
		<name>P-164</name>
		<visibility>0</visibility>
		<description><![CDATA[<div><div><span><b>Altitude:</b></span> <span>24,000 ft</span></div>
<div><span><b>Speed:</b></span> <span>389 kt - 390 kt</span></div>
<div><span><b>Timestamp:</b></span><br/><span>2024-07-21 09:30:29 UTC<br/>2024-07-21 09:31:00 UTC</span></div>
</div>]]></description>
		<Style>
			<LineStyle>
				<color>ff001eff</color>
				<width>2</width>
			</LineStyle>
		</Style>
		<MultiGeometry>
			<LineString>
				<tessellate>1</tessellate>
				<altitudeMode>absolute</altitudeMode>
				<coordinates>
					126.830406,36.318512,7315.199999999999 126.824654,36.265682,7315.199999999999 
				</coordinates>
			</LineString>
		</MultiGeometry>
	</Placemark>
	<Placemark>
		<name>P-165</name>
		<visibility>0</visibility>
		<description><![CDATA[<div><div><span><b>Altitude:</b></span> <span>24,000 ft</span></div>
<div><span><b>Speed:</b></span> <span>390 kt - 393 kt</span></div>
<div><span><b>Timestamp:</b></span><br/><span>2024-07-21 09:31:00 UTC<br/>2024-07-21 09:31:33 UTC</span></div>
</div>]]></description>
		<Style>
			<LineStyle>
				<color>ff001eff</color>
				<width>2</width>
			</LineStyle>
		</Style>
		<MultiGeometry>
			<LineString>
				<tessellate>1</tessellate>
				<altitudeMode>absolute</altitudeMode>
				<coordinates>
					126.824654,36.265682,7315.199999999999 126.817932,36.203064,7315.199999999999 
				</coordinates>
			</LineString>
		</MultiGeometry>
	</Placemark>
	<Placemark>
		<name>P-166</name>
		<visibility>0</visibility>
		<description><![CDATA[<div><div><span><b>Altitude:</b></span> <span>24,000 ft</span></div>
<div><span><b>Speed:</b></span> <span>393 kt - 394 kt</span></div>
<div><span><b>Timestamp:</b></span><br/><span>2024-07-21 09:31:33 UTC<br/>2024-07-21 09:32:06 UTC</span></div>
</div>]]></description>
		<Style>
			<LineStyle>
				<color>ff001eff</color>
				<width>2</width>
			</LineStyle>
		</Style>
		<MultiGeometry>
			<LineString>
				<tessellate>1</tessellate>
				<altitudeMode>absolute</altitudeMode>
				<coordinates>
					126.817932,36.203064,7315.199999999999 126.811638,36.144928,7315.199999999999 
				</coordinates>
			</LineString>
		</MultiGeometry>
	</Placemark>
	<Placemark>
		<name>P-167</name>
		<visibility>0</visibility>
		<description><![CDATA[<div><div><span><b>Altitude:</b></span> <span>24,000 ft</span></div>
<div><span><b>Speed:</b></span> <span>394 kt - 422 kt</span></div>
<div><span><b>Timestamp:</b></span><br/><span>2024-07-21 09:32:06 UTC<br/>2024-07-21 09:32:39 UTC</span></div>
</div>]]></description>
		<Style>
			<LineStyle>
				<color>ff001eff</color>
				<width>2</width>
			</LineStyle>
		</Style>
		<MultiGeometry>
			<LineString>
				<tessellate>1</tessellate>
				<altitudeMode>absolute</altitudeMode>
				<coordinates>
					126.811638,36.144928,7315.199999999999 126.804825,36.082214,7315.199999999999 
				</coordinates>
			</LineString>
		</MultiGeometry>
	</Placemark>
	<Placemark>
		<name>P-168</name>
		<visibility>0</visibility>
		<description><![CDATA[<div><div><span><b>Altitude:</b></span> <span>24,000 ft</span></div>
<div><span><b>Speed:</b></span> <span>422 kt - 432 kt</span></div>
<div><span><b>Timestamp:</b></span><br/><span>2024-07-21 09:32:39 UTC<br/>2024-07-21 09:33:08 UTC</span></div>
</div>]]></description>
		<Style>
			<LineStyle>
				<color>ff001eff</color>
				<width>2</width>
			</LineStyle>
		</Style>
		<MultiGeometry>
			<LineString>
				<tessellate>1</tessellate>
				<altitudeMode>absolute</altitudeMode>
				<coordinates>
					126.804825,36.082214,7315.199999999999 126.798363,36.023026,7315.199999999999 
				</coordinates>
			</LineString>
		</MultiGeometry>
	</Placemark>
	<Placemark>
		<name>P-169</name>
		<visibility>0</visibility>
		<description><![CDATA[<div><div><span><b>Altitude:</b></span> <span>24,000 ft - 24,025 ft</span></div>
<div><span><b>Speed:</b></span> <span>432 kt</span></div>
<div><span><b>Timestamp:</b></span><br/><span>2024-07-21 09:33:08 UTC<br/>2024-07-21 09:33:41 UTC</span></div>
</div>]]></description>
		<Style>
			<LineStyle>
				<color>ff001eff</color>
				<width>2</width>
			</LineStyle>
		</Style>
		<MultiGeometry>
			<LineString>
				<tessellate>1</tessellate>
				<altitudeMode>absolute</altitudeMode>
				<coordinates>
					126.798363,36.023026,7315.199999999999 126.791321,35.958206,7322.819999999998 
				</coordinates>
			</LineString>
		</MultiGeometry>
	</Placemark>
	<Placemark>
		<name>P-170</name>
		<visibility>0</visibility>
		<description><![CDATA[<div><div><span><b>Altitude:</b></span> <span>24,025 ft - 24,000 ft</span></div>
<div><span><b>Speed:</b></span> <span>432 kt - 433 kt</span></div>
<div><span><b>Timestamp:</b></span><br/><span>2024-07-21 09:33:41 UTC<br/>2024-07-21 09:34:13 UTC</span></div>
</div>]]></description>
		<Style>
			<LineStyle>
				<color>ff001eff</color>
				<width>2</width>
			</LineStyle>
		</Style>
		<MultiGeometry>
			<LineString>
				<tessellate>1</tessellate>
				<altitudeMode>absolute</altitudeMode>
				<coordinates>
					126.791321,35.958206,7322.819999999998 126.785034,35.89983,7315.199999999999 
				</coordinates>
			</LineString>
		</MultiGeometry>
	</Placemark>
	<Placemark>
		<name>P-171</name>
		<visibility>0</visibility>
		<description><![CDATA[<div><div><span><b>Altitude:</b></span> <span>24,000 ft</span></div>
<div><span><b>Speed:</b></span> <span>433 kt - 434 kt</span></div>
<div><span><b>Timestamp:</b></span><br/><span>2024-07-21 09:34:13 UTC<br/>2024-07-21 09:34:44 UTC</span></div>
</div>]]></description>
		<Style>
			<LineStyle>
				<color>ff001eff</color>
				<width>2</width>
			</LineStyle>
		</Style>
		<MultiGeometry>
			<LineString>
				<tessellate>1</tessellate>
				<altitudeMode>absolute</altitudeMode>
				<coordinates>
					126.785034,35.89983,7315.199999999999 126.777534,35.830627,7315.199999999999 
				</coordinates>
			</LineString>
		</MultiGeometry>
	</Placemark>
	<Placemark>
		<name>P-172</name>
		<visibility>0</visibility>
		<description><![CDATA[<div><div><span><b>Altitude:</b></span> <span>24,000 ft</span></div>
<div><span><b>Speed:</b></span> <span>434 kt</span></div>
<div><span><b>Timestamp:</b></span><br/><span>2024-07-21 09:34:44 UTC<br/>2024-07-21 09:35:17 UTC</span></div>
</div>]]></description>
		<Style>
			<LineStyle>
				<color>ff001eff</color>
				<width>2</width>
			</LineStyle>
		</Style>
		<MultiGeometry>
			<LineString>
				<tessellate>1</tessellate>
				<altitudeMode>absolute</altitudeMode>
				<coordinates>
					126.777534,35.830627,7315.199999999999 126.770844,35.76828,7315.199999999999 
				</coordinates>
			</LineString>
		</MultiGeometry>
	</Placemark>
	<Placemark>
		<name>P-173</name>
		<visibility>0</visibility>
		<description><![CDATA[<div><div><span><b>Altitude:</b></span> <span>24,000 ft</span></div>
<div><span><b>Speed:</b></span> <span>434 kt - 435 kt</span></div>
<div><span><b>Timestamp:</b></span><br/><span>2024-07-21 09:35:17 UTC<br/>2024-07-21 09:35:50 UTC</span></div>
</div>]]></description>
		<Style>
			<LineStyle>
				<color>ff001eff</color>
				<width>2</width>
			</LineStyle>
		</Style>
		<MultiGeometry>
			<LineString>
				<tessellate>1</tessellate>
				<altitudeMode>absolute</altitudeMode>
				<coordinates>
					126.770844,35.76828,7315.199999999999 126.763573,35.70076,7315.199999999999 
				</coordinates>
			</LineString>
		</MultiGeometry>
	</Placemark>
	<Placemark>
		<name>P-174</name>
		<visibility>0</visibility>
		<description><![CDATA[<div><div><span><b>Altitude:</b></span> <span>24,000 ft</span></div>
<div><span><b>Speed:</b></span> <span>435 kt - 434 kt</span></div>
<div><span><b>Timestamp:</b></span><br/><span>2024-07-21 09:35:50 UTC<br/>2024-07-21 09:36:21 UTC</span></div>
</div>]]></description>
		<Style>
			<LineStyle>
				<color>ff001eff</color>
				<width>2</width>
			</LineStyle>
		</Style>
		<MultiGeometry>
			<LineString>
				<tessellate>1</tessellate>
				<altitudeMode>absolute</altitudeMode>
				<coordinates>
					126.763573,35.70076,7315.199999999999 126.75676,35.638229,7315.199999999999 
				</coordinates>
			</LineString>
		</MultiGeometry>
	</Placemark>
	<Placemark>
		<name>P-175</name>
		<visibility>0</visibility>
		<description><![CDATA[<div><div><span><b>Altitude:</b></span> <span>24,000 ft</span></div>
<div><span><b>Speed:</b></span> <span>434 kt</span></div>
<div><span><b>Timestamp:</b></span><br/><span>2024-07-21 09:36:21 UTC<br/>2024-07-21 09:36:55 UTC</span></div>
</div>]]></description>
		<Style>
			<LineStyle>
				<color>ff001eff</color>
				<width>2</width>
			</LineStyle>
		</Style>
		<MultiGeometry>
			<LineString>
				<tessellate>1</tessellate>
				<altitudeMode>absolute</altitudeMode>
				<coordinates>
					126.75676,35.638229,7315.199999999999 126.749443,35.570286,7315.199999999999 
				</coordinates>
			</LineString>
		</MultiGeometry>
	</Placemark>
	<Placemark>
		<name>P-176</name>
		<visibility>0</visibility>
		<description><![CDATA[<div><div><span><b>Altitude:</b></span> <span>24,000 ft</span></div>
<div><span><b>Speed:</b></span> <span>434 kt - 430 kt</span></div>
<div><span><b>Timestamp:</b></span><br/><span>2024-07-21 09:36:55 UTC<br/>2024-07-21 09:37:25 UTC</span></div>
</div>]]></description>
		<Style>
			<LineStyle>
				<color>ff001eff</color>
				<width>2</width>
			</LineStyle>
		</Style>
		<MultiGeometry>
			<LineString>
				<tessellate>1</tessellate>
				<altitudeMode>absolute</altitudeMode>
				<coordinates>
					126.749443,35.570286,7315.199999999999 126.742859,35.509003,7315.199999999999 
				</coordinates>
			</LineString>
		</MultiGeometry>
	</Placemark>
	<Placemark>
		<name>P-177</name>
		<visibility>0</visibility>
		<description><![CDATA[<div><div><span><b>Altitude:</b></span> <span>24,000 ft</span></div>
<div><span><b>Speed:</b></span> <span>430 kt - 429 kt</span></div>
<div><span><b>Timestamp:</b></span><br/><span>2024-07-21 09:37:25 UTC<br/>2024-07-21 09:37:58 UTC</span></div>
</div>]]></description>
		<Style>
			<LineStyle>
				<color>ff001eff</color>
				<width>2</width>
			</LineStyle>
		</Style>
		<MultiGeometry>
			<LineString>
				<tessellate>1</tessellate>
				<altitudeMode>absolute</altitudeMode>
				<coordinates>
					126.742859,35.509003,7315.199999999999 126.735878,35.443909,7315.199999999999 
				</coordinates>
			</LineString>
		</MultiGeometry>
	</Placemark>
	<Placemark>
		<name>P-178</name>
		<visibility>0</visibility>
		<description><![CDATA[<div><div><span><b>Altitude:</b></span> <span>24,000 ft</span></div>
<div><span><b>Speed:</b></span> <span>429 kt</span></div>
<div><span><b>Timestamp:</b></span><br/><span>2024-07-21 09:37:58 UTC<br/>2024-07-21 09:38:32 UTC</span></div>
</div>]]></description>
		<Style>
			<LineStyle>
				<color>ff001eff</color>
				<width>2</width>
			</LineStyle>
		</Style>
		<MultiGeometry>
			<LineString>
				<tessellate>1</tessellate>
				<altitudeMode>absolute</altitudeMode>
				<coordinates>
					126.735878,35.443909,7315.199999999999 126.728638,35.376907,7315.199999999999 
				</coordinates>
			</LineString>
		</MultiGeometry>
	</Placemark>
	<Placemark>
		<name>P-179</name>
		<visibility>0</visibility>
		<description><![CDATA[<div><div><span><b>Altitude:</b></span> <span>24,000 ft</span></div>
<div><span><b>Speed:</b></span> <span>429 kt - 431 kt</span></div>
<div><span><b>Timestamp:</b></span><br/><span>2024-07-21 09:38:32 UTC<br/>2024-07-21 09:39:04 UTC</span></div>
</div>]]></description>
		<Style>
			<LineStyle>
				<color>ff001eff</color>
				<width>2</width>
			</LineStyle>
		</Style>
		<MultiGeometry>
			<LineString>
				<tessellate>1</tessellate>
				<altitudeMode>absolute</altitudeMode>
				<coordinates>
					126.728638,35.376907,7315.199999999999 126.721916,35.313354,7315.199999999999 
				</coordinates>
			</LineString>
		</MultiGeometry>
	</Placemark>
	<Placemark>
		<name>P-180</name>
		<visibility>0</visibility>
		<description><![CDATA[<div><div><span><b>Altitude:</b></span> <span>24,000 ft</span></div>
<div><span><b>Speed:</b></span> <span>431 kt</span></div>
<div><span><b>Timestamp:</b></span><br/><span>2024-07-21 09:39:04 UTC<br/>2024-07-21 09:39:37 UTC</span></div>
</div>]]></description>
		<Style>
			<LineStyle>
				<color>ff001eff</color>
				<width>2</width>
			</LineStyle>
		</Style>
		<MultiGeometry>
			<LineString>
				<tessellate>1</tessellate>
				<altitudeMode>absolute</altitudeMode>
				<coordinates>
					126.721916,35.313354,7315.199999999999 126.714767,35.246613,7315.199999999999 
				</coordinates>
			</LineString>
		</MultiGeometry>
	</Placemark>
	<Placemark>
		<name>P-181</name>
		<visibility>0</visibility>
		<description><![CDATA[<div><div><span><b>Altitude:</b></span> <span>24,000 ft</span></div>
<div><span><b>Speed:</b></span> <span>431 kt - 432 kt</span></div>
<div><span><b>Timestamp:</b></span><br/><span>2024-07-21 09:39:37 UTC<br/>2024-07-21 09:40:10 UTC</span></div>
</div>]]></description>
		<Style>
			<LineStyle>
				<color>ff001eff</color>
				<width>2</width>
			</LineStyle>
		</Style>
		<MultiGeometry>
			<LineString>
				<tessellate>1</tessellate>
				<altitudeMode>absolute</altitudeMode>
				<coordinates>
					126.714767,35.246613,7315.199999999999 126.708405,35.184082,7315.199999999999 
				</coordinates>
			</LineString>
		</MultiGeometry>
	</Placemark>
	<Placemark>
		<name>P-182</name>
		<visibility>0</visibility>
		<description><![CDATA[<div><div><span><b>Altitude:</b></span> <span>24,000 ft - 23,950 ft</span></div>
<div><span><b>Speed:</b></span> <span>432 kt</span></div>
<div><span><b>Timestamp:</b></span><br/><span>2024-07-21 09:40:10 UTC<br/>2024-07-21 09:40:43 UTC</span></div>
</div>]]></description>
		<Style>
			<LineStyle>
				<color>ff001eff</color>
				<width>2</width>
			</LineStyle>
		</Style>
		<MultiGeometry>
			<LineString>
				<tessellate>1</tessellate>
				<altitudeMode>absolute</altitudeMode>
				<coordinates>
					126.708405,35.184082,7315.199999999999 126.701202,35.115936,7299.96 
				</coordinates>
			</LineString>
		</MultiGeometry>
	</Placemark>
	<Placemark>
		<name>P-183</name>
		<visibility>0</visibility>
		<description><![CDATA[<div><div><span><b>Altitude:</b></span> <span>23,950 ft - 23,425 ft</span></div>
<div><span><b>Speed:</b></span> <span>432 kt - 429 kt</span></div>
<div><span><b>Timestamp:</b></span><br/><span>2024-07-21 09:40:43 UTC<br/>2024-07-21 09:41:17 UTC</span></div>
</div>]]></description>
		<Style>
			<LineStyle>
				<color>ff001eff</color>
				<width>2</width>
			</LineStyle>
		</Style>
		<MultiGeometry>
			<LineString>
				<tessellate>1</tessellate>
				<altitudeMode>absolute</altitudeMode>
				<coordinates>
					126.701202,35.115936,7299.96 126.693939,35.048809,7139.939999999998 
				</coordinates>
			</LineString>
		</MultiGeometry>
	</Placemark>
	<Placemark>
		<name>P-184</name>
		<visibility>0</visibility>
		<description><![CDATA[<div><div><span><b>Altitude:</b></span> <span>23,425 ft - 22,900 ft</span></div>
<div><span><b>Speed:</b></span> <span>429 kt - 428 kt</span></div>
<div><span><b>Timestamp:</b></span><br/><span>2024-07-21 09:41:17 UTC<br/>2024-07-21 09:41:48 UTC</span></div>
</div>]]></description>
		<Style>
			<LineStyle>
				<color>ff001eff</color>
				<width>2</width>
			</LineStyle>
		</Style>
		<MultiGeometry>
			<LineString>
				<tessellate>1</tessellate>
				<altitudeMode>absolute</altitudeMode>
				<coordinates>
					126.693939,35.048809,7139.939999999998 126.687073,34.98624,6979.919999999998 
				</coordinates>
			</LineString>
		</MultiGeometry>
	</Placemark>
	<Placemark>
		<name>P-185</name>
		<visibility>0</visibility>
		<description><![CDATA[<div><div><span><b>Altitude:</b></span> <span>22,900 ft - 22,375 ft</span></div>
<div><span><b>Speed:</b></span> <span>428 kt - 424 kt</span></div>
<div><span><b>Timestamp:</b></span><br/><span>2024-07-21 09:41:48 UTC<br/>2024-07-21 09:42:19 UTC</span></div>
</div>]]></description>
		<Style>
			<LineStyle>
				<color>ff0030ff</color>
				<width>2</width>
			</LineStyle>
		</Style>
		<MultiGeometry>
			<LineString>
				<tessellate>1</tessellate>
				<altitudeMode>absolute</altitudeMode>
				<coordinates>
					126.687073,34.98624,6979.919999999998 126.680603,34.925163,6819.9 
				</coordinates>
			</LineString>
		</MultiGeometry>
	</Placemark>
	<Placemark>
		<name>P-186</name>
		<visibility>0</visibility>
		<description><![CDATA[<div><div><span><b>Altitude:</b></span> <span>22,375 ft - 21,825 ft</span></div>
<div><span><b>Speed:</b></span> <span>424 kt</span></div>
<div><span><b>Timestamp:</b></span><br/><span>2024-07-21 09:42:19 UTC<br/>2024-07-21 09:42:53 UTC</span></div>
</div>]]></description>
		<Style>
			<LineStyle>
				<color>ff0030ff</color>
				<width>2</width>
			</LineStyle>
		</Style>
		<MultiGeometry>
			<LineString>
				<tessellate>1</tessellate>
				<altitudeMode>absolute</altitudeMode>
				<coordinates>
					126.680603,34.925163,6819.9 126.673904,34.860176,6652.259999999998 
				</coordinates>
			</LineString>
		</MultiGeometry>
	</Placemark>
	<Placemark>
		<name>P-187</name>
		<visibility>0</visibility>
		<description><![CDATA[<div><div><span><b>Altitude:</b></span> <span>21,825 ft - 21,300 ft</span></div>
<div><span><b>Speed:</b></span> <span>424 kt - 418 kt</span></div>
<div><span><b>Timestamp:</b></span><br/><span>2024-07-21 09:42:53 UTC<br/>2024-07-21 09:43:23 UTC</span></div>
</div>]]></description>
		<Style>
			<LineStyle>
				<color>ff0030ff</color>
				<width>2</width>
			</LineStyle>
		</Style>
		<MultiGeometry>
			<LineString>
				<tessellate>1</tessellate>
				<altitudeMode>absolute</altitudeMode>
				<coordinates>
					126.673904,34.860176,6652.259999999998 126.667603,34.801025,6492.24 
				</coordinates>
			</LineString>
		</MultiGeometry>
	</Placemark>
	<Placemark>
		<name>P-188</name>
		<visibility>0</visibility>
		<description><![CDATA[<div><div><span><b>Altitude:</b></span> <span>21,300 ft - 20,775 ft</span></div>
<div><span><b>Speed:</b></span> <span>418 kt - 412 kt</span></div>
<div><span><b>Timestamp:</b></span><br/><span>2024-07-21 09:43:23 UTC<br/>2024-07-21 09:43:56 UTC</span></div>
</div>]]></description>
		<Style>
			<LineStyle>
				<color>ff0054ff</color>
				<width>2</width>
			</LineStyle>
		</Style>
		<MultiGeometry>
			<LineString>
				<tessellate>1</tessellate>
				<altitudeMode>absolute</altitudeMode>
				<coordinates>
					126.667603,34.801025,6492.24 126.660759,34.737534,6332.219999999998 
				</coordinates>
			</LineString>
		</MultiGeometry>
	</Placemark>
	<Placemark>
		<name>P-189</name>
		<visibility>0</visibility>
		<description><![CDATA[<div><div><span><b>Altitude:</b></span> <span>20,775 ft - 20,225 ft</span></div>
<div><span><b>Speed:</b></span> <span>412 kt - 404 kt</span></div>
<div><span><b>Timestamp:</b></span><br/><span>2024-07-21 09:43:56 UTC<br/>2024-07-21 09:44:29 UTC</span></div>
</div>]]></description>
		<Style>
			<LineStyle>
				<color>ff0054ff</color>
				<width>2</width>
			</LineStyle>
		</Style>
		<MultiGeometry>
			<LineString>
				<tessellate>1</tessellate>
				<altitudeMode>absolute</altitudeMode>
				<coordinates>
					126.660759,34.737534,6332.219999999998 126.654343,34.675179,6164.579999999999 
				</coordinates>
			</LineString>
		</MultiGeometry>
	</Placemark>
	<Placemark>
		<name>P-190</name>
		<visibility>0</visibility>
		<description><![CDATA[<div><div><span><b>Altitude:</b></span> <span>20,225 ft - 19,700 ft</span></div>
<div><span><b>Speed:</b></span> <span>404 kt - 392 kt</span></div>
<div><span><b>Timestamp:</b></span><br/><span>2024-07-21 09:44:29 UTC<br/>2024-07-21 09:45:03 UTC</span></div>
</div>]]></description>
		<Style>
			<LineStyle>
				<color>ff0054ff</color>
				<width>2</width>
			</LineStyle>
		</Style>
		<MultiGeometry>
			<LineString>
				<tessellate>1</tessellate>
				<altitudeMode>absolute</altitudeMode>
				<coordinates>
					126.654343,34.675179,6164.579999999999 126.648216,34.615219,6004.56 
				</coordinates>
			</LineString>
		</MultiGeometry>
	</Placemark>
	<Placemark>
		<name>P-191</name>
		<visibility>0</visibility>
		<description><![CDATA[<div><div><span><b>Altitude:</b></span> <span>19,700 ft - 19,150 ft</span></div>
<div><span><b>Speed:</b></span> <span>392 kt - 386 kt</span></div>
<div><span><b>Timestamp:</b></span><br/><span>2024-07-21 09:45:03 UTC<br/>2024-07-21 09:45:35 UTC</span></div>
</div>]]></description>
		<Style>
			<LineStyle>
				<color>ff0054ff</color>
				<width>2</width>
			</LineStyle>
		</Style>
		<MultiGeometry>
			<LineString>
				<tessellate>1</tessellate>
				<altitudeMode>absolute</altitudeMode>
				<coordinates>
					126.648216,34.615219,6004.56 126.64193,34.556351,5836.92 
				</coordinates>
			</LineString>
		</MultiGeometry>
	</Placemark>
	<Placemark>
		<name>P-192</name>
		<visibility>0</visibility>
		<description><![CDATA[<div><div><span><b>Altitude:</b></span> <span>19,150 ft - 18,600 ft</span></div>
<div><span><b>Speed:</b></span> <span>386 kt - 381 kt</span></div>
<div><span><b>Timestamp:</b></span><br/><span>2024-07-21 09:45:35 UTC<br/>2024-07-21 09:46:09 UTC</span></div>
</div>]]></description>
		<Style>
			<LineStyle>
				<color>ff0078ff</color>
				<width>2</width>
			</LineStyle>
		</Style>
		<MultiGeometry>
			<LineString>
				<tessellate>1</tessellate>
				<altitudeMode>absolute</altitudeMode>
				<coordinates>
					126.64193,34.556351,5836.92 126.635574,34.496559,5669.279999999999 
				</coordinates>
			</LineString>
		</MultiGeometry>
	</Placemark>
	<Placemark>
		<name>P-193</name>
		<visibility>0</visibility>
		<description><![CDATA[<div><div><span><b>Altitude:</b></span> <span>18,600 ft - 18,100 ft</span></div>
<div><span><b>Speed:</b></span> <span>381 kt - 379 kt</span></div>
<div><span><b>Timestamp:</b></span><br/><span>2024-07-21 09:46:09 UTC<br/>2024-07-21 09:46:39 UTC</span></div>
</div>]]></description>
		<Style>
			<LineStyle>
				<color>ff0078ff</color>
				<width>2</width>
			</LineStyle>
		</Style>
		<MultiGeometry>
			<LineString>
				<tessellate>1</tessellate>
				<altitudeMode>absolute</altitudeMode>
				<coordinates>
					126.635574,34.496559,5669.279999999999 126.630135,34.443302,5516.879999999999 
				</coordinates>
			</LineString>
		</MultiGeometry>
	</Placemark>
	<Placemark>
		<name>P-194</name>
		<visibility>0</visibility>
		<description><![CDATA[<div><div><span><b>Altitude:</b></span> <span>18,100 ft - 17,550 ft</span></div>
<div><span><b>Speed:</b></span> <span>379 kt - 378 kt</span></div>
<div><span><b>Timestamp:</b></span><br/><span>2024-07-21 09:46:39 UTC<br/>2024-07-21 09:47:13 UTC</span></div>
</div>]]></description>
		<Style>
			<LineStyle>
				<color>ff0078ff</color>
				<width>2</width>
			</LineStyle>
		</Style>
		<MultiGeometry>
			<LineString>
				<tessellate>1</tessellate>
				<altitudeMode>absolute</altitudeMode>
				<coordinates>
					126.630135,34.443302,5516.879999999999 126.624184,34.385159,5349.239999999999 
				</coordinates>
			</LineString>
		</MultiGeometry>
	</Placemark>
	<Placemark>
		<name>P-195</name>
		<visibility>0</visibility>
		<description><![CDATA[<div><div><span><b>Altitude:</b></span> <span>17,550 ft - 16,975 ft</span></div>
<div><span><b>Speed:</b></span> <span>378 kt - 373 kt</span></div>
<div><span><b>Timestamp:</b></span><br/><span>2024-07-21 09:47:13 UTC<br/>2024-07-21 09:47:46 UTC</span></div>
</div>]]></description>
		<Style>
			<LineStyle>
				<color>ff0096ff</color>
				<width>2</width>
			</LineStyle>
		</Style>
		<MultiGeometry>
			<LineString>
				<tessellate>1</tessellate>
				<altitudeMode>absolute</altitudeMode>
				<coordinates>
					126.624184,34.385159,5349.239999999999 126.618179,34.327713,5173.979999999999 
				</coordinates>
			</LineString>
		</MultiGeometry>
	</Placemark>
	<Placemark>
		<name>P-196</name>
		<visibility>0</visibility>
		<description><![CDATA[<div><div><span><b>Altitude:</b></span> <span>16,975 ft - 16,300 ft</span></div>
<div><span><b>Speed:</b></span> <span>373 kt - 365 kt</span></div>
<div><span><b>Timestamp:</b></span><br/><span>2024-07-21 09:47:46 UTC<br/>2024-07-21 09:48:19 UTC</span></div>
</div>]]></description>
		<Style>
			<LineStyle>
				<color>ff0096ff</color>
				<width>2</width>
			</LineStyle>
		</Style>
		<MultiGeometry>
			<LineString>
				<tessellate>1</tessellate>
				<altitudeMode>absolute</altitudeMode>
				<coordinates>
					126.618179,34.327713,5173.979999999999 126.612167,34.271061,4968.24 
				</coordinates>
			</LineString>
		</MultiGeometry>
	</Placemark>
	<Placemark>
		<name>P-197</name>
		<visibility>0</visibility>
		<description><![CDATA[<div><div><span><b>Altitude:</b></span> <span>16,300 ft - 15,750 ft</span></div>
<div><span><b>Speed:</b></span> <span>365 kt - 362 kt</span></div>
<div><span><b>Timestamp:</b></span><br/><span>2024-07-21 09:48:19 UTC<br/>2024-07-21 09:48:50 UTC</span></div>
</div>]]></description>
		<Style>
			<LineStyle>
				<color>ff00a8ff</color>
				<width>2</width>
			</LineStyle>
		</Style>
		<MultiGeometry>
			<LineString>
				<tessellate>1</tessellate>
				<altitudeMode>absolute</altitudeMode>
				<coordinates>
					126.612167,34.271061,4968.24 126.606613,34.219666,4800.6 
				</coordinates>
			</LineString>
		</MultiGeometry>
	</Placemark>
	<Placemark>
		<name>P-198</name>
		<visibility>0</visibility>
		<description><![CDATA[<div><div><span><b>Altitude:</b></span> <span>15,750 ft - 15,200 ft</span></div>
<div><span><b>Speed:</b></span> <span>362 kt - 361 kt</span></div>
<div><span><b>Timestamp:</b></span><br/><span>2024-07-21 09:48:50 UTC<br/>2024-07-21 09:49:23 UTC</span></div>
</div>]]></description>
		<Style>
			<LineStyle>
				<color>ff00a8ff</color>
				<width>2</width>
			</LineStyle>
		</Style>
		<MultiGeometry>
			<LineString>
				<tessellate>1</tessellate>
				<altitudeMode>absolute</altitudeMode>
				<coordinates>
					126.606613,34.219666,4800.6 126.600838,34.164871,4632.959999999999 
				</coordinates>
			</LineString>
		</MultiGeometry>
	</Placemark>
	<Placemark>
		<name>P-199</name>
		<visibility>0</visibility>
		<description><![CDATA[<div><div><span><b>Altitude:</b></span> <span>15,200 ft - 14,650 ft</span></div>
<div><span><b>Speed:</b></span> <span>361 kt - 345 kt</span></div>
<div><span><b>Timestamp:</b></span><br/><span>2024-07-21 09:49:23 UTC<br/>2024-07-21 09:49:56 UTC</span></div>
</div>]]></description>
		<Style>
			<LineStyle>
				<color>ff00a8ff</color>
				<width>2</width>
			</LineStyle>
		</Style>
		<MultiGeometry>
			<LineString>
				<tessellate>1</tessellate>
				<altitudeMode>absolute</altitudeMode>
				<coordinates>
					126.600838,34.164871,4632.959999999999 126.595291,34.110641,4465.32 
				</coordinates>
			</LineString>
		</MultiGeometry>
	</Placemark>
	<Placemark>
		<name>P-200</name>
		<visibility>0</visibility>
		<description><![CDATA[<div><div><span><b>Altitude:</b></span> <span>14,650 ft - 14,225 ft</span></div>
<div><span><b>Speed:</b></span> <span>345 kt - 324 kt</span></div>
<div><span><b>Timestamp:</b></span><br/><span>2024-07-21 09:49:56 UTC<br/>2024-07-21 09:50:28 UTC</span></div>
</div>]]></description>
		<Style>
			<LineStyle>
				<color>ff00c0ff</color>
				<width>2</width>
			</LineStyle>
		</Style>
		<MultiGeometry>
			<LineString>
				<tessellate>1</tessellate>
				<altitudeMode>absolute</altitudeMode>
				<coordinates>
					126.595291,34.110641,4465.32 126.590248,34.061371,4335.78 
				</coordinates>
			</LineString>
		</MultiGeometry>
	</Placemark>
	<Placemark>
		<name>P-201</name>
		<visibility>0</visibility>
		<description><![CDATA[<div><div><span><b>Altitude:</b></span> <span>14,225 ft - 13,875 ft</span></div>
<div><span><b>Speed:</b></span> <span>324 kt - 306 kt</span></div>
<div><span><b>Timestamp:</b></span><br/><span>2024-07-21 09:50:28 UTC<br/>2024-07-21 09:50:58 UTC</span></div>
</div>]]></description>
		<Style>
			<LineStyle>
				<color>ff00c0ff</color>
				<width>2</width>
			</LineStyle>
		</Style>
		<MultiGeometry>
			<LineString>
				<tessellate>1</tessellate>
				<altitudeMode>absolute</altitudeMode>
				<coordinates>
					126.590248,34.061371,4335.78 126.585678,34.017025,4229.099999999999 
				</coordinates>
			</LineString>
		</MultiGeometry>
	</Placemark>
	<Placemark>
		<name>P-202</name>
		<visibility>0</visibility>
		<description><![CDATA[<div><div><span><b>Altitude:</b></span> <span>13,875 ft - 13,650 ft</span></div>
<div><span><b>Speed:</b></span> <span>306 kt - 296 kt</span></div>
<div><span><b>Timestamp:</b></span><br/><span>2024-07-21 09:50:58 UTC<br/>2024-07-21 09:51:13 UTC</span></div>
</div>]]></description>
		<Style>
			<LineStyle>
				<color>ff00c0ff</color>
				<width>2</width>
			</LineStyle>
		</Style>
		<MultiGeometry>
			<LineString>
				<tessellate>1</tessellate>
				<altitudeMode>absolute</altitudeMode>
				<coordinates>
					126.585678,34.017025,4229.099999999999 126.580978,33.996494,4160.52 
				</coordinates>
			</LineString>
		</MultiGeometry>
	</Placemark>
	<Placemark>
		<name>P-203</name>
		<visibility>0</visibility>
		<description><![CDATA[<div><div><span><b>Altitude:</b></span> <span>13,650 ft - 13,600 ft</span></div>
<div><span><b>Speed:</b></span> <span>296 kt - 293 kt</span></div>
<div><span><b>Timestamp:</b></span><br/><span>2024-07-21 09:51:13 UTC<br/>2024-07-21 09:51:17 UTC</span></div>
</div>]]></description>
		<Style>
			<LineStyle>
				<color>ff00c0ff</color>
				<width>2</width>
			</LineStyle>
		</Style>
		<MultiGeometry>
			<LineString>
				<tessellate>1</tessellate>
				<altitudeMode>absolute</altitudeMode>
				<coordinates>
					126.580978,33.996494,4160.52 126.578751,33.992443,4145.28 
				</coordinates>
			</LineString>
		</MultiGeometry>
	</Placemark>
	<Placemark>
		<name>P-204</name>
		<visibility>0</visibility>
		<description><![CDATA[<div><div><span><b>Altitude:</b></span> <span>13,600 ft - 13,575 ft</span></div>
<div><span><b>Speed:</b></span> <span>293 kt - 290 kt</span></div>
<div><span><b>Timestamp:</b></span><br/><span>2024-07-21 09:51:17 UTC<br/>2024-07-21 09:51:19 UTC</span></div>
</div>]]></description>
		<Style>
			<LineStyle>
				<color>ff00c0ff</color>
				<width>2</width>
			</LineStyle>
		</Style>
		<MultiGeometry>
			<LineString>
				<tessellate>1</tessellate>
				<altitudeMode>absolute</altitudeMode>
				<coordinates>
					126.578751,33.992443,4145.28 126.576401,33.989231,4137.659999999999 
				</coordinates>
			</LineString>
		</MultiGeometry>
	</Placemark>
	<Placemark>
		<name>P-205</name>
		<visibility>0</visibility>
		<description><![CDATA[<div><div><span><b>Altitude:</b></span> <span>13,575 ft - 13,525 ft</span></div>
<div><span><b>Speed:</b></span> <span>290 kt - 287 kt</span></div>
<div><span><b>Timestamp:</b></span><br/><span>2024-07-21 09:51:19 UTC<br/>2024-07-21 09:51:23 UTC</span></div>
</div>]]></description>
		<Style>
			<LineStyle>
				<color>ff00c0ff</color>
				<width>2</width>
			</LineStyle>
		</Style>
		<MultiGeometry>
			<LineString>
				<tessellate>1</tessellate>
				<altitudeMode>absolute</altitudeMode>
				<coordinates>
					126.576401,33.989231,4137.659999999999 126.573372,33.985794,4122.419999999999 
				</coordinates>
			</LineString>
		</MultiGeometry>
	</Placemark>
	<Placemark>
		<name>P-206</name>
		<visibility>0</visibility>
		<description><![CDATA[<div><div><span><b>Altitude:</b></span> <span>13,525 ft - 13,500 ft</span></div>
<div><span><b>Speed:</b></span> <span>287 kt - 282 kt</span></div>
<div><span><b>Timestamp:</b></span><br/><span>2024-07-21 09:51:23 UTC<br/>2024-07-21 09:51:26 UTC</span></div>
</div>]]></description>
		<Style>
			<LineStyle>
				<color>ff00c0ff</color>
				<width>2</width>
			</LineStyle>
		</Style>
		<MultiGeometry>
			<LineString>
				<tessellate>1</tessellate>
				<altitudeMode>absolute</altitudeMode>
				<coordinates>
					126.573372,33.985794,4122.419999999999 126.57045,33.982853,4114.8 
				</coordinates>
			</LineString>
		</MultiGeometry>
	</Placemark>
	<Placemark>
		<name>P-207</name>
		<visibility>0</visibility>
		<description><![CDATA[<div><div><span><b>Altitude:</b></span> <span>13,500 ft - 13,475 ft</span></div>
<div><span><b>Speed:</b></span> <span>282 kt - 280 kt</span></div>
<div><span><b>Timestamp:</b></span><br/><span>2024-07-21 09:51:26 UTC<br/>2024-07-21 09:51:28 UTC</span></div>
</div>]]></description>
		<Style>
			<LineStyle>
				<color>ff00c0ff</color>
				<width>2</width>
			</LineStyle>
		</Style>
		<MultiGeometry>
			<LineString>
				<tessellate>1</tessellate>
				<altitudeMode>absolute</altitudeMode>
				<coordinates>
					126.57045,33.982853,4114.8 126.567596,33.980106,4107.179999999999 
				</coordinates>
			</LineString>
		</MultiGeometry>
	</Placemark>
	<Placemark>
		<name>P-208</name>
		<visibility>0</visibility>
		<description><![CDATA[<div><div><span><b>Altitude:</b></span> <span>13,475 ft - 13,450 ft</span></div>
<div><span><b>Speed:</b></span> <span>280 kt - 277 kt</span></div>
<div><span><b>Timestamp:</b></span><br/><span>2024-07-21 09:51:28 UTC<br/>2024-07-21 09:51:31 UTC</span></div>
</div>]]></description>
		<Style>
			<LineStyle>
				<color>ff00c0ff</color>
				<width>2</width>
			</LineStyle>
		</Style>
		<MultiGeometry>
			<LineString>
				<tessellate>1</tessellate>
				<altitudeMode>absolute</altitudeMode>
				<coordinates>
					126.567596,33.980106,4107.179999999999 126.56456,33.977127,4099.56 
				</coordinates>
			</LineString>
		</MultiGeometry>
	</Placemark>
	<Placemark>
		<name>P-209</name>
		<visibility>0</visibility>
		<description><![CDATA[<div><div><span><b>Altitude:</b></span> <span>13,450 ft - 13,425 ft</span></div>
<div><span><b>Speed:</b></span> <span>277 kt - 275 kt</span></div>
<div><span><b>Timestamp:</b></span><br/><span>2024-07-21 09:51:31 UTC<br/>2024-07-21 09:51:34 UTC</span></div>
</div>]]></description>
		<Style>
			<LineStyle>
				<color>ff00c0ff</color>
				<width>2</width>
			</LineStyle>
		</Style>
		<MultiGeometry>
			<LineString>
				<tessellate>1</tessellate>
				<altitudeMode>absolute</altitudeMode>
				<coordinates>
					126.56456,33.977127,4099.56 126.56147,33.974148,4091.94 
				</coordinates>
			</LineString>
		</MultiGeometry>
	</Placemark>
	<Placemark>
		<name>P-210</name>
		<visibility>0</visibility>
		<description><![CDATA[<div><div><span><b>Altitude:</b></span> <span>13,425 ft - 13,400 ft</span></div>
<div><span><b>Speed:</b></span> <span>275 kt - 274 kt</span></div>
<div><span><b>Timestamp:</b></span><br/><span>2024-07-21 09:51:34 UTC<br/>2024-07-21 09:51:37 UTC</span></div>
</div>]]></description>
		<Style>
			<LineStyle>
				<color>ff00c0ff</color>
				<width>2</width>
			</LineStyle>
		</Style>
		<MultiGeometry>
			<LineString>
				<tessellate>1</tessellate>
				<altitudeMode>absolute</altitudeMode>
				<coordinates>
					126.56147,33.974148,4091.94 126.558495,33.971169,4084.32 
				</coordinates>
			</LineString>
		</MultiGeometry>
	</Placemark>
	<Placemark>
		<name>P-211</name>
		<visibility>0</visibility>
		<description><![CDATA[<div><div><span><b>Altitude:</b></span> <span>13,400 ft - 13,350 ft</span></div>
<div><span><b>Speed:</b></span> <span>274 kt - 272 kt</span></div>
<div><span><b>Timestamp:</b></span><br/><span>2024-07-21 09:51:37 UTC<br/>2024-07-21 09:51:41 UTC</span></div>
</div>]]></description>
		<Style>
			<LineStyle>
				<color>ff00c0ff</color>
				<width>2</width>
			</LineStyle>
		</Style>
		<MultiGeometry>
			<LineString>
				<tessellate>1</tessellate>
				<altitudeMode>absolute</altitudeMode>
				<coordinates>
					126.558495,33.971169,4084.32 126.555603,33.968353,4069.08 
				</coordinates>
			</LineString>
		</MultiGeometry>
	</Placemark>
	<Placemark>
		<name>P-212</name>
		<visibility>0</visibility>
		<description><![CDATA[<div><div><span><b>Altitude:</b></span> <span>13,350 ft - 13,325 ft</span></div>
<div><span><b>Speed:</b></span> <span>272 kt</span></div>
<div><span><b>Timestamp:</b></span><br/><span>2024-07-21 09:51:41 UTC<br/>2024-07-21 09:51:43 UTC</span></div>
</div>]]></description>
		<Style>
			<LineStyle>
				<color>ff00c0ff</color>
				<width>2</width>
			</LineStyle>
		</Style>
		<MultiGeometry>
			<LineString>
				<tessellate>1</tessellate>
				<altitudeMode>absolute</altitudeMode>
				<coordinates>
					126.555603,33.968353,4069.08 126.552803,33.965469,4061.46 
				</coordinates>
			</LineString>
		</MultiGeometry>
	</Placemark>
	<Placemark>
		<name>P-213</name>
		<visibility>0</visibility>
		<description><![CDATA[<div><div><span><b>Altitude:</b></span> <span>13,325 ft - 13,275 ft</span></div>
<div><span><b>Speed:</b></span> <span>272 kt - 270 kt</span></div>
<div><span><b>Timestamp:</b></span><br/><span>2024-07-21 09:51:43 UTC<br/>2024-07-21 09:51:47 UTC</span></div>
</div>]]></description>
		<Style>
			<LineStyle>
				<color>ff00c0ff</color>
				<width>2</width>
			</LineStyle>
		</Style>
		<MultiGeometry>
			<LineString>
				<tessellate>1</tessellate>
				<altitudeMode>absolute</altitudeMode>
				<coordinates>
					126.552803,33.965469,4061.46 126.550171,33.962814,4046.219999999998 
				</coordinates>
			</LineString>
		</MultiGeometry>
	</Placemark>
	<Placemark>
		<name>P-214</name>
		<visibility>0</visibility>
		<description><![CDATA[<div><div><span><b>Altitude:</b></span> <span>13,275 ft - 13,200 ft</span></div>
<div><span><b>Speed:</b></span> <span>270 kt - 269 kt</span></div>
<div><span><b>Timestamp:</b></span><br/><span>2024-07-21 09:51:47 UTC<br/>2024-07-21 09:51:50 UTC</span></div>
</div>]]></description>
		<Style>
			<LineStyle>
				<color>ff00c0ff</color>
				<width>2</width>
			</LineStyle>
		</Style>
		<MultiGeometry>
			<LineString>
				<tessellate>1</tessellate>
				<altitudeMode>absolute</altitudeMode>
				<coordinates>
					126.550171,33.962814,4046.219999999998 126.546753,33.959335,4023.36 
				</coordinates>
			</LineString>
		</MultiGeometry>
	</Placemark>
	<Placemark>
		<name>P-215</name>
		<visibility>0</visibility>
		<description><![CDATA[<div><div><span><b>Altitude:</b></span> <span>13,200 ft - 12,675 ft</span></div>
<div><span><b>Speed:</b></span> <span>269 kt - 262 kt</span></div>
<div><span><b>Timestamp:</b></span><br/><span>2024-07-21 09:51:50 UTC<br/>2024-07-21 09:52:23 UTC</span></div>
</div>]]></description>
		<Style>
			<LineStyle>
				<color>ff00c0ff</color>
				<width>2</width>
			</LineStyle>
		</Style>
		<MultiGeometry>
			<LineString>
				<tessellate>1</tessellate>
				<altitudeMode>absolute</altitudeMode>
				<coordinates>
					126.546753,33.959335,4023.36 126.516541,33.927521,3863.34 
				</coordinates>
			</LineString>
		</MultiGeometry>
	</Placemark>
	<Placemark>
		<name>P-216</name>
		<visibility>0</visibility>
		<description><![CDATA[<div><div><span><b>Altitude:</b></span> <span>12,675 ft - 12,150 ft</span></div>
<div><span><b>Speed:</b></span> <span>262 kt - 256 kt</span></div>
<div><span><b>Timestamp:</b></span><br/><span>2024-07-21 09:52:23 UTC<br/>2024-07-21 09:52:53 UTC</span></div>
</div>]]></description>
		<Style>
			<LineStyle>
				<color>ff00eaff</color>
				<width>2</width>
			</LineStyle>
		</Style>
		<MultiGeometry>
			<LineString>
				<tessellate>1</tessellate>
				<altitudeMode>absolute</altitudeMode>
				<coordinates>
					126.516541,33.927521,3863.34 126.489182,33.898911,3703.32 
				</coordinates>
			</LineString>
		</MultiGeometry>
	</Placemark>
	<Placemark>
		<name>P-217</name>
		<visibility>0</visibility>
		<description><![CDATA[<div><div><span><b>Altitude:</b></span> <span>12,150 ft - 11,600 ft</span></div>
<div><span><b>Speed:</b></span> <span>256 kt - 258 kt</span></div>
<div><span><b>Timestamp:</b></span><br/><span>2024-07-21 09:52:53 UTC<br/>2024-07-21 09:53:26 UTC</span></div>
</div>]]></description>
		<Style>
			<LineStyle>
				<color>ff00eaff</color>
				<width>2</width>
			</LineStyle>
		</Style>
		<MultiGeometry>
			<LineString>
				<tessellate>1</tessellate>
				<altitudeMode>absolute</altitudeMode>
				<coordinates>
					126.489182,33.898911,3703.32 126.46019,33.869034,3535.679999999998 
				</coordinates>
			</LineString>
		</MultiGeometry>
	</Placemark>
	<Placemark>
		<name>P-218</name>
		<visibility>0</visibility>
		<description><![CDATA[<div><div><span><b>Altitude:</b></span> <span>11,600 ft - 11,350 ft</span></div>
<div><span><b>Speed:</b></span> <span>258 kt - 256 kt</span></div>
<div><span><b>Timestamp:</b></span><br/><span>2024-07-21 09:53:26 UTC<br/>2024-07-21 09:53:41 UTC</span></div>
</div>]]></description>
		<Style>
			<LineStyle>
				<color>ff00eaff</color>
				<width>2</width>
			</LineStyle>
		</Style>
		<MultiGeometry>
			<LineString>
				<tessellate>1</tessellate>
				<altitudeMode>absolute</altitudeMode>
				<coordinates>
					126.46019,33.869034,3535.679999999998 126.446304,33.854736,3459.48 
				</coordinates>
			</LineString>
		</MultiGeometry>
	</Placemark>
	<Placemark>
		<name>P-219</name>
		<visibility>0</visibility>
		<description><![CDATA[<div><div><span><b>Altitude:</b></span> <span>11,350 ft - 11,175 ft</span></div>
<div><span><b>Speed:</b></span> <span>256 kt - 255 kt</span></div>
<div><span><b>Timestamp:</b></span><br/><span>2024-07-21 09:53:41 UTC<br/>2024-07-21 09:53:53 UTC</span></div>
</div>]]></description>
		<Style>
			<LineStyle>
				<color>ff00ffe4</color>
				<width>2</width>
			</LineStyle>
		</Style>
		<MultiGeometry>
			<LineString>
				<tessellate>1</tessellate>
				<altitudeMode>absolute</altitudeMode>
				<coordinates>
					126.446304,33.854736,3459.48 126.436157,33.844345,3406.139999999999 
				</coordinates>
			</LineString>
		</MultiGeometry>
	</Placemark>
	<Placemark>
		<name>P-220</name>
		<visibility>0</visibility>
		<description><![CDATA[<div><div><span><b>Altitude:</b></span> <span>11,175 ft - 10,900 ft</span></div>
<div><span><b>Speed:</b></span> <span>255 kt - 253 kt</span></div>
<div><span><b>Timestamp:</b></span><br/><span>2024-07-21 09:53:53 UTC<br/>2024-07-21 09:54:09 UTC</span></div>
</div>]]></description>
		<Style>
			<LineStyle>
				<color>ff00ffe4</color>
				<width>2</width>
			</LineStyle>
		</Style>
		<MultiGeometry>
			<LineString>
				<tessellate>1</tessellate>
				<altitudeMode>absolute</altitudeMode>
				<coordinates>
					126.436157,33.844345,3406.139999999999 126.422256,33.830017,3322.32 
				</coordinates>
			</LineString>
		</MultiGeometry>
	</Placemark>
	<Placemark>
		<name>P-221</name>
		<visibility>0</visibility>
		<description><![CDATA[<div><div><span><b>Altitude:</b></span> <span>10,900 ft - 10,650 ft</span></div>
<div><span><b>Speed:</b></span> <span>253 kt - 251 kt</span></div>
<div><span><b>Timestamp:</b></span><br/><span>2024-07-21 09:54:09 UTC<br/>2024-07-21 09:54:24 UTC</span></div>
</div>]]></description>
		<Style>
			<LineStyle>
				<color>ff00ffe4</color>
				<width>2</width>
			</LineStyle>
		</Style>
		<MultiGeometry>
			<LineString>
				<tessellate>1</tessellate>
				<altitudeMode>absolute</altitudeMode>
				<coordinates>
					126.422256,33.830017,3322.32 126.409142,33.816467,3246.12 
				</coordinates>
			</LineString>
		</MultiGeometry>
	</Placemark>
	<Placemark>
		<name>P-222</name>
		<visibility>0</visibility>
		<description><![CDATA[<div><div><span><b>Altitude:</b></span> <span>10,650 ft - 10,400 ft</span></div>
<div><span><b>Speed:</b></span> <span>251 kt</span></div>
<div><span><b>Timestamp:</b></span><br/><span>2024-07-21 09:54:24 UTC<br/>2024-07-21 09:54:39 UTC</span></div>
</div>]]></description>
		<Style>
			<LineStyle>
				<color>ff00ffe4</color>
				<width>2</width>
			</LineStyle>
		</Style>
		<MultiGeometry>
			<LineString>
				<tessellate>1</tessellate>
				<altitudeMode>absolute</altitudeMode>
				<coordinates>
					126.409142,33.816467,3246.12 126.39563,33.802414,3169.92 
				</coordinates>
			</LineString>
		</MultiGeometry>
	</Placemark>
	<Placemark>
		<name>P-223</name>
		<visibility>0</visibility>
		<description><![CDATA[<div><div><span><b>Altitude:</b></span> <span>10,400 ft - 10,200 ft</span></div>
<div><span><b>Speed:</b></span> <span>251 kt</span></div>
<div><span><b>Timestamp:</b></span><br/><span>2024-07-21 09:54:39 UTC<br/>2024-07-21 09:54:51 UTC</span></div>
</div>]]></description>
		<Style>
			<LineStyle>
				<color>ff00ffe4</color>
				<width>2</width>
			</LineStyle>
		</Style>
		<MultiGeometry>
			<LineString>
				<tessellate>1</tessellate>
				<altitudeMode>absolute</altitudeMode>
				<coordinates>
					126.39563,33.802414,3169.92 126.385117,33.791477,3108.96 
				</coordinates>
			</LineString>
		</MultiGeometry>
	</Placemark>
	<Placemark>
		<name>P-224</name>
		<visibility>0</visibility>
		<description><![CDATA[<div><div><span><b>Altitude:</b></span> <span>10,200 ft - 9,925 ft</span></div>
<div><span><b>Speed:</b></span> <span>251 kt - 253 kt</span></div>
<div><span><b>Timestamp:</b></span><br/><span>2024-07-21 09:54:51 UTC<br/>2024-07-21 09:55:07 UTC</span></div>
</div>]]></description>
		<Style>
			<LineStyle>
				<color>ff00ffe4</color>
				<width>2</width>
			</LineStyle>
		</Style>
		<MultiGeometry>
			<LineString>
				<tessellate>1</tessellate>
				<altitudeMode>absolute</altitudeMode>
				<coordinates>
					126.385117,33.791477,3108.96 126.370926,33.776768,3025.14 
				</coordinates>
			</LineString>
		</MultiGeometry>
	</Placemark>
	<Placemark>
		<name>P-225</name>
		<visibility>0</visibility>
		<description><![CDATA[<div><div><span><b>Altitude:</b></span> <span>9,925 ft - 9,675 ft</span></div>
<div><span><b>Speed:</b></span> <span>253 kt - 252 kt</span></div>
<div><span><b>Timestamp:</b></span><br/><span>2024-07-21 09:55:07 UTC<br/>2024-07-21 09:55:22 UTC</span></div>
</div>]]></description>
		<Style>
			<LineStyle>
				<color>ff00ffe4</color>
				<width>2</width>
			</LineStyle>
		</Style>
		<MultiGeometry>
			<LineString>
				<tessellate>1</tessellate>
				<altitudeMode>absolute</altitudeMode>
				<coordinates>
					126.370926,33.776768,3025.14 126.357513,33.762909,2948.94 
				</coordinates>
			</LineString>
		</MultiGeometry>
	</Placemark>
	<Placemark>
		<name>P-226</name>
		<visibility>0</visibility>
		<description><![CDATA[<div><div><span><b>Altitude:</b></span> <span>9,675 ft - 9,425 ft</span></div>
<div><span><b>Speed:</b></span> <span>252 kt - 250 kt</span></div>
<div><span><b>Timestamp:</b></span><br/><span>2024-07-21 09:55:22 UTC<br/>2024-07-21 09:55:37 UTC</span></div>
</div>]]></description>
		<Style>
			<LineStyle>
				<color>ff00ffd2</color>
				<width>2</width>
			</LineStyle>
		</Style>
		<MultiGeometry>
			<LineString>
				<tessellate>1</tessellate>
				<altitudeMode>absolute</altitudeMode>
				<coordinates>
					126.357513,33.762909,2948.94 126.344116,33.74913,2872.74 
				</coordinates>
			</LineString>
		</MultiGeometry>
	</Placemark>
	<Placemark>
		<name>P-227</name>
		<visibility>0</visibility>
		<description><![CDATA[<div><div><span><b>Altitude:</b></span> <span>9,425 ft - 9,150 ft</span></div>
<div><span><b>Speed:</b></span> <span>250 kt - 247 kt</span></div>
<div><span><b>Timestamp:</b></span><br/><span>2024-07-21 09:55:37 UTC<br/>2024-07-21 09:55:52 UTC</span></div>
</div>]]></description>
		<Style>
			<LineStyle>
				<color>ff00ffd2</color>
				<width>2</width>
			</LineStyle>
		</Style>
		<MultiGeometry>
			<LineString>
				<tessellate>1</tessellate>
				<altitudeMode>absolute</altitudeMode>
				<coordinates>
					126.344116,33.74913,2872.74 126.33033,33.736404,2788.92 
				</coordinates>
			</LineString>
		</MultiGeometry>
	</Placemark>
	<Placemark>
		<name>P-228</name>
		<visibility>0</visibility>
		<description><![CDATA[<div><div><span><b>Altitude:</b></span> <span>9,150 ft - 9,100 ft</span></div>
<div><span><b>Speed:</b></span> <span>247 kt</span></div>
<div><span><b>Timestamp:</b></span><br/><span>2024-07-21 09:55:52 UTC<br/>2024-07-21 09:55:55 UTC</span></div>
</div>]]></description>
		<Style>
			<LineStyle>
				<color>ff00ffd2</color>
				<width>2</width>
			</LineStyle>
		</Style>
		<MultiGeometry>
			<LineString>
				<tessellate>1</tessellate>
				<altitudeMode>absolute</altitudeMode>
				<coordinates>
					126.33033,33.736404,2788.92 126.327133,33.734482,2773.679999999999 
				</coordinates>
			</LineString>
		</MultiGeometry>
	</Placemark>
	<Placemark>
		<name>P-229</name>
		<visibility>0</visibility>
		<description><![CDATA[<div><div><span><b>Altitude:</b></span> <span>9,100 ft - 9,050 ft</span></div>
<div><span><b>Speed:</b></span> <span>247 kt - 246 kt</span></div>
<div><span><b>Timestamp:</b></span><br/><span>2024-07-21 09:55:55 UTC<br/>2024-07-21 09:55:58 UTC</span></div>
</div>]]></description>
		<Style>
			<LineStyle>
				<color>ff00ffd2</color>
				<width>2</width>
			</LineStyle>
		</Style>
		<MultiGeometry>
			<LineString>
				<tessellate>1</tessellate>
				<altitudeMode>absolute</altitudeMode>
				<coordinates>
					126.327133,33.734482,2773.679999999999 126.323433,33.73288,2758.44 
				</coordinates>
			</LineString>
		</MultiGeometry>
	</Placemark>
	<Placemark>
		<name>P-230</name>
		<visibility>0</visibility>
		<description><![CDATA[<div><div><span><b>Altitude:</b></span> <span>9,050 ft - 9,000 ft</span></div>
<div><span><b>Speed:</b></span> <span>246 kt</span></div>
<div><span><b>Timestamp:</b></span><br/><span>2024-07-21 09:55:58 UTC<br/>2024-07-21 09:56:01 UTC</span></div>
</div>]]></description>
		<Style>
			<LineStyle>
				<color>ff00ffd2</color>
				<width>2</width>
			</LineStyle>
		</Style>
		<MultiGeometry>
			<LineString>
				<tessellate>1</tessellate>
				<altitudeMode>absolute</altitudeMode>
				<coordinates>
					126.323433,33.73288,2758.44 126.320244,33.731781,2743.2 
				</coordinates>
			</LineString>
		</MultiGeometry>
	</Placemark>
	<Placemark>
		<name>P-231</name>
		<visibility>0</visibility>
		<description><![CDATA[<div><div><span><b>Altitude:</b></span> <span>9,000 ft - 8,950 ft</span></div>
<div><span><b>Speed:</b></span> <span>246 kt - 244 kt</span></div>
<div><span><b>Timestamp:</b></span><br/><span>2024-07-21 09:56:01 UTC<br/>2024-07-21 09:56:04 UTC</span></div>
</div>]]></description>
		<Style>
			<LineStyle>
				<color>ff00ffd2</color>
				<width>2</width>
			</LineStyle>
		</Style>
		<MultiGeometry>
			<LineString>
				<tessellate>1</tessellate>
				<altitudeMode>absolute</altitudeMode>
				<coordinates>
					126.320244,33.731781,2743.2 126.316261,33.73082,2727.96 
				</coordinates>
			</LineString>
		</MultiGeometry>
	</Placemark>
	<Placemark>
		<name>P-232</name>
		<visibility>0</visibility>
		<description><![CDATA[<div><div><span><b>Altitude:</b></span> <span>8,950 ft - 8,900 ft</span></div>
<div><span><b>Speed:</b></span> <span>244 kt - 245 kt</span></div>
<div><span><b>Timestamp:</b></span><br/><span>2024-07-21 09:56:04 UTC<br/>2024-07-21 09:56:07 UTC</span></div>
</div>]]></description>
		<Style>
			<LineStyle>
				<color>ff00ffd2</color>
				<width>2</width>
			</LineStyle>
		</Style>
		<MultiGeometry>
			<LineString>
				<tessellate>1</tessellate>
				<altitudeMode>absolute</altitudeMode>
				<coordinates>
					126.316261,33.73082,2727.96 126.311584,33.730217,2712.72 
				</coordinates>
			</LineString>
		</MultiGeometry>
	</Placemark>
	<Placemark>
		<name>P-233</name>
		<visibility>0</visibility>
		<description><![CDATA[<div><div><span><b>Altitude:</b></span> <span>8,900 ft - 8,850 ft</span></div>
<div><span><b>Speed:</b></span> <span>245 kt</span></div>
<div><span><b>Timestamp:</b></span><br/><span>2024-07-21 09:56:07 UTC<br/>2024-07-21 09:56:10 UTC</span></div>
</div>]]></description>
		<Style>
			<LineStyle>
				<color>ff00ffd2</color>
				<width>2</width>
			</LineStyle>
		</Style>
		<MultiGeometry>
			<LineString>
				<tessellate>1</tessellate>
				<altitudeMode>absolute</altitudeMode>
				<coordinates>
					126.311584,33.730217,2712.72 126.308525,33.730087,2697.48 
				</coordinates>
			</LineString>
		</MultiGeometry>
	</Placemark>
	<Placemark>
		<name>P-234</name>
		<visibility>0</visibility>
		<description><![CDATA[<div><div><span><b>Altitude:</b></span> <span>8,850 ft - 8,800 ft</span></div>
<div><span><b>Speed:</b></span> <span>245 kt</span></div>
<div><span><b>Timestamp:</b></span><br/><span>2024-07-21 09:56:10 UTC<br/>2024-07-21 09:56:13 UTC</span></div>
</div>]]></description>
		<Style>
			<LineStyle>
				<color>ff00ffd2</color>
				<width>2</width>
			</LineStyle>
		</Style>
		<MultiGeometry>
			<LineString>
				<tessellate>1</tessellate>
				<altitudeMode>absolute</altitudeMode>
				<coordinates>
					126.308525,33.730087,2697.48 126.303062,33.7304,2682.239999999999 
				</coordinates>
			</LineString>
		</MultiGeometry>
	</Placemark>
	<Placemark>
		<name>P-235</name>
		<visibility>0</visibility>
		<description><![CDATA[<div><div><span><b>Altitude:</b></span> <span>8,800 ft - 8,750 ft</span></div>
<div><span><b>Speed:</b></span> <span>245 kt - 246 kt</span></div>
<div><span><b>Timestamp:</b></span><br/><span>2024-07-21 09:56:13 UTC<br/>2024-07-21 09:56:16 UTC</span></div>
</div>]]></description>
		<Style>
			<LineStyle>
				<color>ff00ffd2</color>
				<width>2</width>
			</LineStyle>
		</Style>
		<MultiGeometry>
			<LineString>
				<tessellate>1</tessellate>
				<altitudeMode>absolute</altitudeMode>
				<coordinates>
					126.303062,33.7304,2682.239999999999 126.299171,33.730915,2667 
				</coordinates>
			</LineString>
		</MultiGeometry>
	</Placemark>
	<Placemark>
		<name>P-236</name>
		<visibility>0</visibility>
		<description><![CDATA[<div><div><span><b>Altitude:</b></span> <span>8,750 ft - 8,725 ft</span></div>
<div><span><b>Speed:</b></span> <span>246 kt</span></div>
<div><span><b>Timestamp:</b></span><br/><span>2024-07-21 09:56:16 UTC<br/>2024-07-21 09:56:19 UTC</span></div>
</div>]]></description>
		<Style>
			<LineStyle>
				<color>ff00ffd2</color>
				<width>2</width>
			</LineStyle>
		</Style>
		<MultiGeometry>
			<LineString>
				<tessellate>1</tessellate>
				<altitudeMode>absolute</altitudeMode>
				<coordinates>
					126.299171,33.730915,2667 126.295509,33.731518,2659.38 
				</coordinates>
			</LineString>
		</MultiGeometry>
	</Placemark>
	<Placemark>
		<name>P-237</name>
		<visibility>0</visibility>
		<description><![CDATA[<div><div><span><b>Altitude:</b></span> <span>8,725 ft - 8,675 ft</span></div>
<div><span><b>Speed:</b></span> <span>246 kt - 247 kt</span></div>
<div><span><b>Timestamp:</b></span><br/><span>2024-07-21 09:56:19 UTC<br/>2024-07-21 09:56:22 UTC</span></div>
</div>]]></description>
		<Style>
			<LineStyle>
				<color>ff00ffd2</color>
				<width>2</width>
			</LineStyle>
		</Style>
		<MultiGeometry>
			<LineString>
				<tessellate>1</tessellate>
				<altitudeMode>absolute</altitudeMode>
				<coordinates>
					126.295509,33.731518,2659.38 126.291046,33.732311,2644.14 
				</coordinates>
			</LineString>
		</MultiGeometry>
	</Placemark>
	<Placemark>
		<name>P-238</name>
		<visibility>0</visibility>
		<description><![CDATA[<div><div><span><b>Altitude:</b></span> <span>8,675 ft - 8,625 ft</span></div>
<div><span><b>Speed:</b></span> <span>247 kt - 248 kt</span></div>
<div><span><b>Timestamp:</b></span><br/><span>2024-07-21 09:56:22 UTC<br/>2024-07-21 09:56:25 UTC</span></div>
</div>]]></description>
		<Style>
			<LineStyle>
				<color>ff00ffd2</color>
				<width>2</width>
			</LineStyle>
		</Style>
		<MultiGeometry>
			<LineString>
				<tessellate>1</tessellate>
				<altitudeMode>absolute</altitudeMode>
				<coordinates>
					126.291046,33.732311,2644.14 126.287109,33.733017,2628.9 
				</coordinates>
			</LineString>
		</MultiGeometry>
	</Placemark>
	<Placemark>
		<name>P-239</name>
		<visibility>0</visibility>
		<description><![CDATA[<div><div><span><b>Altitude:</b></span> <span>8,625 ft - 8,575 ft</span></div>
<div><span><b>Speed:</b></span> <span>248 kt</span></div>
<div><span><b>Timestamp:</b></span><br/><span>2024-07-21 09:56:25 UTC<br/>2024-07-21 09:56:28 UTC</span></div>
</div>]]></description>
		<Style>
			<LineStyle>
				<color>ff00ffd2</color>
				<width>2</width>
			</LineStyle>
		</Style>
		<MultiGeometry>
			<LineString>
				<tessellate>1</tessellate>
				<altitudeMode>absolute</altitudeMode>
				<coordinates>
					126.287109,33.733017,2628.9 126.282867,33.733707,2613.659999999999 
				</coordinates>
			</LineString>
		</MultiGeometry>
	</Placemark>
	<Placemark>
		<name>P-240</name>
		<visibility>0</visibility>
		<description><![CDATA[<div><div><span><b>Altitude:</b></span> <span>8,575 ft - 8,550 ft</span></div>
<div><span><b>Speed:</b></span> <span>248 kt - 249 kt</span></div>
<div><span><b>Timestamp:</b></span><br/><span>2024-07-21 09:56:28 UTC<br/>2024-07-21 09:56:31 UTC</span></div>
</div>]]></description>
		<Style>
			<LineStyle>
				<color>ff00ffd2</color>
				<width>2</width>
			</LineStyle>
		</Style>
		<MultiGeometry>
			<LineString>
				<tessellate>1</tessellate>
				<altitudeMode>absolute</altitudeMode>
				<coordinates>
					126.282867,33.733707,2613.659999999999 126.279999,33.734127,2606.04 
				</coordinates>
			</LineString>
		</MultiGeometry>
	</Placemark>
	<Placemark>
		<name>P-241</name>
		<visibility>0</visibility>
		<description><![CDATA[<div><div><span><b>Altitude:</b></span> <span>8,550 ft - 8,500 ft</span></div>
<div><span><b>Speed:</b></span> <span>249 kt - 250 kt</span></div>
<div><span><b>Timestamp:</b></span><br/><span>2024-07-21 09:56:31 UTC<br/>2024-07-21 09:56:34 UTC</span></div>
</div>]]></description>
		<Style>
			<LineStyle>
				<color>ff00ffd2</color>
				<width>2</width>
			</LineStyle>
		</Style>
		<MultiGeometry>
			<LineString>
				<tessellate>1</tessellate>
				<altitudeMode>absolute</altitudeMode>
				<coordinates>
					126.279999,33.734127,2606.04 126.274628,33.734917,2590.8 
				</coordinates>
			</LineString>
		</MultiGeometry>
	</Placemark>
	<Placemark>
		<name>P-242</name>
		<visibility>0</visibility>
		<description><![CDATA[<div><div><span><b>Altitude:</b></span> <span>8,500 ft - 8,425 ft</span></div>
<div><span><b>Speed:</b></span> <span>250 kt - 249 kt</span></div>
<div><span><b>Timestamp:</b></span><br/><span>2024-07-21 09:56:34 UTC<br/>2024-07-21 09:56:37 UTC</span></div>
</div>]]></description>
		<Style>
			<LineStyle>
				<color>ff00ffd2</color>
				<width>2</width>
			</LineStyle>
		</Style>
		<MultiGeometry>
			<LineString>
				<tessellate>1</tessellate>
				<altitudeMode>absolute</altitudeMode>
				<coordinates>
					126.274628,33.734917,2590.8 126.270218,33.735569,2567.94 
				</coordinates>
			</LineString>
		</MultiGeometry>
	</Placemark>
	<Placemark>
		<name>P-243</name>
		<visibility>0</visibility>
		<description><![CDATA[<div><div><span><b>Altitude:</b></span> <span>8,425 ft - 8,175 ft</span></div>
<div><span><b>Speed:</b></span> <span>249 kt - 247 kt</span></div>
<div><span><b>Timestamp:</b></span><br/><span>2024-07-21 09:56:37 UTC<br/>2024-07-21 09:56:52 UTC</span></div>
</div>]]></description>
		<Style>
			<LineStyle>
				<color>ff00ffd2</color>
				<width>2</width>
			</LineStyle>
		</Style>
		<MultiGeometry>
			<LineString>
				<tessellate>1</tessellate>
				<altitudeMode>absolute</altitudeMode>
				<coordinates>
					126.270218,33.735569,2567.94 126.249733,33.738083,2491.74 
				</coordinates>
			</LineString>
		</MultiGeometry>
	</Placemark>
	<Placemark>
		<name>P-244</name>
		<visibility>0</visibility>
		<description><![CDATA[<div><div><span><b>Altitude:</b></span> <span>8,175 ft - 7,925 ft</span></div>
<div><span><b>Speed:</b></span> <span>247 kt - 244 kt</span></div>
<div><span><b>Timestamp:</b></span><br/><span>2024-07-21 09:56:52 UTC<br/>2024-07-21 09:57:08 UTC</span></div>
</div>]]></description>
		<Style>
			<LineStyle>
				<color>ff00ff9c</color>
				<width>2</width>
			</LineStyle>
		</Style>
		<MultiGeometry>
			<LineString>
				<tessellate>1</tessellate>
				<altitudeMode>absolute</altitudeMode>
				<coordinates>
					126.249733,33.738083,2491.74 126.229263,33.740341,2415.54 
				</coordinates>
			</LineString>
		</MultiGeometry>
	</Placemark>
	<Placemark>
		<name>P-245</name>
		<visibility>0</visibility>
		<description><![CDATA[<div><div><span><b>Altitude:</b></span> <span>7,925 ft - 7,750 ft</span></div>
<div><span><b>Speed:</b></span> <span>244 kt - 241 kt</span></div>
<div><span><b>Timestamp:</b></span><br/><span>2024-07-21 09:57:08 UTC<br/>2024-07-21 09:57:17 UTC</span></div>
</div>]]></description>
		<Style>
			<LineStyle>
				<color>ff00ff9c</color>
				<width>2</width>
			</LineStyle>
		</Style>
		<MultiGeometry>
			<LineString>
				<tessellate>1</tessellate>
				<altitudeMode>absolute</altitudeMode>
				<coordinates>
					126.229263,33.740341,2415.54 126.217056,33.740131,2362.2 
				</coordinates>
			</LineString>
		</MultiGeometry>
	</Placemark>
	<Placemark>
		<name>P-246</name>
		<visibility>0</visibility>
		<description><![CDATA[<div><div><span><b>Altitude:</b></span> <span>7,750 ft - 7,725 ft</span></div>
<div><span><b>Speed:</b></span> <span>241 kt</span></div>
<div><span><b>Timestamp:</b></span><br/><span>2024-07-21 09:57:17 UTC<br/>2024-07-21 09:57:20 UTC</span></div>
</div>]]></description>
		<Style>
			<LineStyle>
				<color>ff00ff9c</color>
				<width>2</width>
			</LineStyle>
		</Style>
		<MultiGeometry>
			<LineString>
				<tessellate>1</tessellate>
				<altitudeMode>absolute</altitudeMode>
				<coordinates>
					126.217056,33.740131,2362.2 126.213181,33.739655,2354.58 
				</coordinates>
			</LineString>
		</MultiGeometry>
	</Placemark>
	<Placemark>
		<name>P-247</name>
		<visibility>0</visibility>
		<description><![CDATA[<div><div><span><b>Altitude:</b></span> <span>7,725 ft - 7,675 ft</span></div>
<div><span><b>Speed:</b></span> <span>241 kt - 240 kt</span></div>
<div><span><b>Timestamp:</b></span><br/><span>2024-07-21 09:57:20 UTC<br/>2024-07-21 09:57:23 UTC</span></div>
</div>]]></description>
		<Style>
			<LineStyle>
				<color>ff00ff9c</color>
				<width>2</width>
			</LineStyle>
		</Style>
		<MultiGeometry>
			<LineString>
				<tessellate>1</tessellate>
				<altitudeMode>absolute</altitudeMode>
				<coordinates>
					126.213181,33.739655,2354.58 126.209503,33.739105,2339.34 
				</coordinates>
			</LineString>
		</MultiGeometry>
	</Placemark>
	<Placemark>
		<name>P-248</name>
		<visibility>0</visibility>
		<description><![CDATA[<div><div><span><b>Altitude:</b></span> <span>7,675 ft - 7,625 ft</span></div>
<div><span><b>Speed:</b></span> <span>240 kt</span></div>
<div><span><b>Timestamp:</b></span><br/><span>2024-07-21 09:57:23 UTC<br/>2024-07-21 09:57:26 UTC</span></div>
</div>]]></description>
		<Style>
			<LineStyle>
				<color>ff00ff9c</color>
				<width>2</width>
			</LineStyle>
		</Style>
		<MultiGeometry>
			<LineString>
				<tessellate>1</tessellate>
				<altitudeMode>absolute</altitudeMode>
				<coordinates>
					126.209503,33.739105,2339.34 126.205505,33.738503,2324.099999999999 
				</coordinates>
			</LineString>
		</MultiGeometry>
	</Placemark>
	<Placemark>
		<name>P-249</name>
		<visibility>0</visibility>
		<description><![CDATA[<div><div><span><b>Altitude:</b></span> <span>7,625 ft - 7,575 ft</span></div>
<div><span><b>Speed:</b></span> <span>240 kt - 239 kt</span></div>
<div><span><b>Timestamp:</b></span><br/><span>2024-07-21 09:57:26 UTC<br/>2024-07-21 09:57:29 UTC</span></div>
</div>]]></description>
		<Style>
			<LineStyle>
				<color>ff00ff9c</color>
				<width>2</width>
			</LineStyle>
		</Style>
		<MultiGeometry>
			<LineString>
				<tessellate>1</tessellate>
				<altitudeMode>absolute</altitudeMode>
				<coordinates>
					126.205505,33.738503,2324.099999999999 126.201294,33.737915,2308.86 
				</coordinates>
			</LineString>
		</MultiGeometry>
	</Placemark>
	<Placemark>
		<name>P-250</name>
		<visibility>0</visibility>
		<description><![CDATA[<div><div><span><b>Altitude:</b></span> <span>7,575 ft - 7,525 ft</span></div>
<div><span><b>Speed:</b></span> <span>239 kt</span></div>
<div><span><b>Timestamp:</b></span><br/><span>2024-07-21 09:57:29 UTC<br/>2024-07-21 09:57:32 UTC</span></div>
</div>]]></description>
		<Style>
			<LineStyle>
				<color>ff00ff9c</color>
				<width>2</width>
			</LineStyle>
		</Style>
		<MultiGeometry>
			<LineString>
				<tessellate>1</tessellate>
				<altitudeMode>absolute</altitudeMode>
				<coordinates>
					126.201294,33.737915,2308.86 126.197372,33.737339,2293.62 
				</coordinates>
			</LineString>
		</MultiGeometry>
	</Placemark>
	<Placemark>
		<name>P-251</name>
		<visibility>0</visibility>
		<description><![CDATA[<div><div><span><b>Altitude:</b></span> <span>7,525 ft - 7,475 ft</span></div>
<div><span><b>Speed:</b></span> <span>239 kt - 240 kt</span></div>
<div><span><b>Timestamp:</b></span><br/><span>2024-07-21 09:57:32 UTC<br/>2024-07-21 09:57:35 UTC</span></div>
</div>]]></description>
		<Style>
			<LineStyle>
				<color>ff00ff9c</color>
				<width>2</width>
			</LineStyle>
		</Style>
		<MultiGeometry>
			<LineString>
				<tessellate>1</tessellate>
				<altitudeMode>absolute</altitudeMode>
				<coordinates>
					126.197372,33.737339,2293.62 126.193604,33.736824,2278.38 
				</coordinates>
			</LineString>
		</MultiGeometry>
	</Placemark>
	<Placemark>
		<name>P-252</name>
		<visibility>0</visibility>
		<description><![CDATA[<div><div><span><b>Altitude:</b></span> <span>7,475 ft - 7,425 ft</span></div>
<div><span><b>Speed:</b></span> <span>240 kt - 239 kt</span></div>
<div><span><b>Timestamp:</b></span><br/><span>2024-07-21 09:57:35 UTC<br/>2024-07-21 09:57:38 UTC</span></div>
</div>]]></description>
		<Style>
			<LineStyle>
				<color>ff00ff9c</color>
				<width>2</width>
			</LineStyle>
		</Style>
		<MultiGeometry>
			<LineString>
				<tessellate>1</tessellate>
				<altitudeMode>absolute</altitudeMode>
				<coordinates>
					126.193604,33.736824,2278.38 126.189468,33.736313,2263.14 
				</coordinates>
			</LineString>
		</MultiGeometry>
	</Placemark>
	<Placemark>
		<name>P-253</name>
		<visibility>0</visibility>
		<description><![CDATA[<div><div><span><b>Altitude:</b></span> <span>7,425 ft - 7,375 ft</span></div>
<div><span><b>Speed:</b></span> <span>239 kt - 240 kt</span></div>
<div><span><b>Timestamp:</b></span><br/><span>2024-07-21 09:57:38 UTC<br/>2024-07-21 09:57:41 UTC</span></div>
</div>]]></description>
		<Style>
			<LineStyle>
				<color>ff00ff9c</color>
				<width>2</width>
			</LineStyle>
		</Style>
		<MultiGeometry>
			<LineString>
				<tessellate>1</tessellate>
				<altitudeMode>absolute</altitudeMode>
				<coordinates>
					126.189468,33.736313,2263.14 126.185715,33.735855,2247.9 
				</coordinates>
			</LineString>
		</MultiGeometry>
	</Placemark>
	<Placemark>
		<name>P-254</name>
		<visibility>0</visibility>
		<description><![CDATA[<div><div><span><b>Altitude:</b></span> <span>7,375 ft - 7,125 ft</span></div>
<div><span><b>Speed:</b></span> <span>240 kt</span></div>
<div><span><b>Timestamp:</b></span><br/><span>2024-07-21 09:57:41 UTC<br/>2024-07-21 09:57:56 UTC</span></div>
</div>]]></description>
		<Style>
			<LineStyle>
				<color>ff00ff9c</color>
				<width>2</width>
			</LineStyle>
		</Style>
		<MultiGeometry>
			<LineString>
				<tessellate>1</tessellate>
				<altitudeMode>absolute</altitudeMode>
				<coordinates>
					126.185715,33.735855,2247.9 126.165451,33.733566,2171.699999999999 
				</coordinates>
			</LineString>
		</MultiGeometry>
	</Placemark>
	<Placemark>
		<name>P-255</name>
		<visibility>0</visibility>
		<description><![CDATA[<div><div><span><b>Altitude:</b></span> <span>7,125 ft - 6,950 ft</span></div>
<div><span><b>Speed:</b></span> <span>240 kt - 239 kt</span></div>
<div><span><b>Timestamp:</b></span><br/><span>2024-07-21 09:57:56 UTC<br/>2024-07-21 09:58:08 UTC</span></div>
</div>]]></description>
		<Style>
			<LineStyle>
				<color>ff00ff9c</color>
				<width>2</width>
			</LineStyle>
		</Style>
		<MultiGeometry>
			<LineString>
				<tessellate>1</tessellate>
				<altitudeMode>absolute</altitudeMode>
				<coordinates>
					126.165451,33.733566,2171.699999999999 126.149765,33.731892,2118.36 
				</coordinates>
			</LineString>
		</MultiGeometry>
	</Placemark>
	<Placemark>
		<name>P-256</name>
		<visibility>0</visibility>
		<description><![CDATA[<div><div><span><b>Altitude:</b></span> <span>6,950 ft - 6,775 ft</span></div>
<div><span><b>Speed:</b></span> <span>239 kt - 240 kt</span></div>
<div><span><b>Timestamp:</b></span><br/><span>2024-07-21 09:58:08 UTC<br/>2024-07-21 09:58:23 UTC</span></div>
</div>]]></description>
		<Style>
			<LineStyle>
				<color>ff00ff9c</color>
				<width>2</width>
			</LineStyle>
		</Style>
		<MultiGeometry>
			<LineString>
				<tessellate>1</tessellate>
				<altitudeMode>absolute</altitudeMode>
				<coordinates>
					126.149765,33.731892,2118.36 126.129883,33.72963,2065.02 
				</coordinates>
			</LineString>
		</MultiGeometry>
	</Placemark>
	<Placemark>
		<name>P-257</name>
		<visibility>0</visibility>
		<description><![CDATA[<div><div><span><b>Altitude:</b></span> <span>6,775 ft - 6,650 ft</span></div>
<div><span><b>Speed:</b></span> <span>240 kt - 239 kt</span></div>
<div><span><b>Timestamp:</b></span><br/><span>2024-07-21 09:58:23 UTC<br/>2024-07-21 09:58:32 UTC</span></div>
</div>]]></description>
		<Style>
			<LineStyle>
				<color>ff00ff9c</color>
				<width>2</width>
			</LineStyle>
		</Style>
		<MultiGeometry>
			<LineString>
				<tessellate>1</tessellate>
				<altitudeMode>absolute</altitudeMode>
				<coordinates>
					126.129883,33.72963,2065.02 126.118004,33.726608,2026.92 
				</coordinates>
			</LineString>
		</MultiGeometry>
	</Placemark>
	<Placemark>
		<name>P-258</name>
		<visibility>0</visibility>
		<description><![CDATA[<div><div><span><b>Altitude:</b></span> <span>6,650 ft - 6,625 ft</span></div>
<div><span><b>Speed:</b></span> <span>239 kt</span></div>
<div><span><b>Timestamp:</b></span><br/><span>2024-07-21 09:58:32 UTC<br/>2024-07-21 09:58:35 UTC</span></div>
</div>]]></description>
		<Style>
			<LineStyle>
				<color>ff00ff9c</color>
				<width>2</width>
			</LineStyle>
		</Style>
		<MultiGeometry>
			<LineString>
				<tessellate>1</tessellate>
				<altitudeMode>absolute</altitudeMode>
				<coordinates>
					126.118004,33.726608,2026.92 126.114693,33.725327,2019.3 
				</coordinates>
			</LineString>
		</MultiGeometry>
	</Placemark>
	<Placemark>
		<name>P-259</name>
		<visibility>0</visibility>
		<description><![CDATA[<div><div><span><b>Altitude:</b></span> <span>6,625 ft - 6,600 ft</span></div>
<div><span><b>Speed:</b></span> <span>239 kt</span></div>
<div><span><b>Timestamp:</b></span><br/><span>2024-07-21 09:58:35 UTC<br/>2024-07-21 09:58:38 UTC</span></div>
</div>]]></description>
		<Style>
			<LineStyle>
				<color>ff00ff9c</color>
				<width>2</width>
			</LineStyle>
		</Style>
		<MultiGeometry>
			<LineString>
				<tessellate>1</tessellate>
				<altitudeMode>absolute</altitudeMode>
				<coordinates>
					126.114693,33.725327,2019.3 126.110489,33.723633,2011.68 
				</coordinates>
			</LineString>
		</MultiGeometry>
	</Placemark>
	<Placemark>
		<name>P-260</name>
		<visibility>0</visibility>
		<description><![CDATA[<div><div><span><b>Altitude:</b></span> <span>6,600 ft - 6,550 ft</span></div>
<div><span><b>Speed:</b></span> <span>239 kt</span></div>
<div><span><b>Timestamp:</b></span><br/><span>2024-07-21 09:58:38 UTC<br/>2024-07-21 09:58:41 UTC</span></div>
</div>]]></description>
		<Style>
			<LineStyle>
				<color>ff00ff9c</color>
				<width>2</width>
			</LineStyle>
		</Style>
		<MultiGeometry>
			<LineString>
				<tessellate>1</tessellate>
				<altitudeMode>absolute</altitudeMode>
				<coordinates>
					126.110489,33.723633,2011.68 126.106964,33.72221,1996.44 
				</coordinates>
			</LineString>
		</MultiGeometry>
	</Placemark>
	<Placemark>
		<name>P-261</name>
		<visibility>0</visibility>
		<description><![CDATA[<div><div><span><b>Altitude:</b></span> <span>6,550 ft</span></div>
<div><span><b>Speed:</b></span> <span>239 kt</span></div>
<div><span><b>Timestamp:</b></span><br/><span>2024-07-21 09:58:41 UTC<br/>2024-07-21 09:58:43 UTC</span></div>
</div>]]></description>
		<Style>
			<LineStyle>
				<color>ff00ff72</color>
				<width>2</width>
			</LineStyle>
		</Style>
		<MultiGeometry>
			<LineString>
				<tessellate>1</tessellate>
				<altitudeMode>absolute</altitudeMode>
				<coordinates>
					126.106964,33.72221,1996.44 126.10511,33.721436,1996.44 
				</coordinates>
			</LineString>
		</MultiGeometry>
	</Placemark>
	<Placemark>
		<name>P-262</name>
		<visibility>0</visibility>
		<description><![CDATA[<div><div><span><b>Altitude:</b></span> <span>6,550 ft - 6,500 ft</span></div>
<div><span><b>Speed:</b></span> <span>239 kt</span></div>
<div><span><b>Timestamp:</b></span><br/><span>2024-07-21 09:58:43 UTC<br/>2024-07-21 09:58:47 UTC</span></div>
</div>]]></description>
		<Style>
			<LineStyle>
				<color>ff00ff72</color>
				<width>2</width>
			</LineStyle>
		</Style>
		<MultiGeometry>
			<LineString>
				<tessellate>1</tessellate>
				<altitudeMode>absolute</altitudeMode>
				<coordinates>
					126.10511,33.721436,1996.44 126.099838,33.719238,1981.2 
				</coordinates>
			</LineString>
		</MultiGeometry>
	</Placemark>
	<Placemark>
		<name>P-263</name>
		<visibility>0</visibility>
		<description><![CDATA[<div><div><span><b>Altitude:</b></span> <span>6,500 ft - 6,475 ft</span></div>
<div><span><b>Speed:</b></span> <span>239 kt</span></div>
<div><span><b>Timestamp:</b></span><br/><span>2024-07-21 09:58:47 UTC<br/>2024-07-21 09:58:50 UTC</span></div>
</div>]]></description>
		<Style>
			<LineStyle>
				<color>ff00ff72</color>
				<width>2</width>
			</LineStyle>
		</Style>
		<MultiGeometry>
			<LineString>
				<tessellate>1</tessellate>
				<altitudeMode>absolute</altitudeMode>
				<coordinates>
					126.099838,33.719238,1981.2 126.096382,33.71788,1973.58 
				</coordinates>
			</LineString>
		</MultiGeometry>
	</Placemark>
	<Placemark>
		<name>P-264</name>
		<visibility>0</visibility>
		<description><![CDATA[<div><div><span><b>Altitude:</b></span> <span>6,475 ft - 6,425 ft</span></div>
<div><span><b>Speed:</b></span> <span>239 kt - 238 kt</span></div>
<div><span><b>Timestamp:</b></span><br/><span>2024-07-21 09:58:50 UTC<br/>2024-07-21 09:58:54 UTC</span></div>
</div>]]></description>
		<Style>
			<LineStyle>
				<color>ff00ff72</color>
				<width>2</width>
			</LineStyle>
		</Style>
		<MultiGeometry>
			<LineString>
				<tessellate>1</tessellate>
				<altitudeMode>absolute</altitudeMode>
				<coordinates>
					126.096382,33.71788,1973.58 126.092606,33.716343,1958.34 
				</coordinates>
			</LineString>
		</MultiGeometry>
	</Placemark>
	<Placemark>
		<name>P-265</name>
		<visibility>0</visibility>
		<description><![CDATA[<div><div><span><b>Altitude:</b></span> <span>6,425 ft - 6,400 ft</span></div>
<div><span><b>Speed:</b></span> <span>238 kt - 240 kt</span></div>
<div><span><b>Timestamp:</b></span><br/><span>2024-07-21 09:58:54 UTC<br/>2024-07-21 09:58:57 UTC</span></div>
</div>]]></description>
		<Style>
			<LineStyle>
				<color>ff00ff72</color>
				<width>2</width>
			</LineStyle>
		</Style>
		<MultiGeometry>
			<LineString>
				<tessellate>1</tessellate>
				<altitudeMode>absolute</altitudeMode>
				<coordinates>
					126.092606,33.716343,1958.34 126.089249,33.714981,1950.72 
				</coordinates>
			</LineString>
		</MultiGeometry>
	</Placemark>
	<Placemark>
		<name>P-266</name>
		<visibility>0</visibility>
		<description><![CDATA[<div><div><span><b>Altitude:</b></span> <span>6,400 ft - 6,350 ft</span></div>
<div><span><b>Speed:</b></span> <span>240 kt - 239 kt</span></div>
<div><span><b>Timestamp:</b></span><br/><span>2024-07-21 09:58:57 UTC<br/>2024-07-21 09:59:00 UTC</span></div>
</div>]]></description>
		<Style>
			<LineStyle>
				<color>ff00ff72</color>
				<width>2</width>
			</LineStyle>
		</Style>
		<MultiGeometry>
			<LineString>
				<tessellate>1</tessellate>
				<altitudeMode>absolute</altitudeMode>
				<coordinates>
					126.089249,33.714981,1950.72 126.085381,33.71347,1935.48 
				</coordinates>
			</LineString>
		</MultiGeometry>
	</Placemark>
	<Placemark>
		<name>P-267</name>
		<visibility>0</visibility>
		<description><![CDATA[<div><div><span><b>Altitude:</b></span> <span>6,350 ft - 6,225 ft</span></div>
<div><span><b>Speed:</b></span> <span>239 kt - 238 kt</span></div>
<div><span><b>Timestamp:</b></span><br/><span>2024-07-21 09:59:00 UTC<br/>2024-07-21 09:59:11 UTC</span></div>
</div>]]></description>
		<Style>
			<LineStyle>
				<color>ff00ff72</color>
				<width>2</width>
			</LineStyle>
		</Style>
		<MultiGeometry>
			<LineString>
				<tessellate>1</tessellate>
				<altitudeMode>absolute</altitudeMode>
				<coordinates>
					126.085381,33.71347,1935.48 126.072098,33.708206,1897.38 
				</coordinates>
			</LineString>
		</MultiGeometry>
	</Placemark>
	<Placemark>
		<name>P-268</name>
		<visibility>0</visibility>
		<description><![CDATA[<div><div><span><b>Altitude:</b></span> <span>6,225 ft - 6,075 ft</span></div>
<div><span><b>Speed:</b></span> <span>238 kt - 241 kt</span></div>
<div><span><b>Timestamp:</b></span><br/><span>2024-07-21 09:59:11 UTC<br/>2024-07-21 09:59:28 UTC</span></div>
</div>]]></description>
		<Style>
			<LineStyle>
				<color>ff00ff72</color>
				<width>2</width>
			</LineStyle>
		</Style>
		<MultiGeometry>
			<LineString>
				<tessellate>1</tessellate>
				<altitudeMode>absolute</altitudeMode>
				<coordinates>
					126.072098,33.708206,1897.38 126.05101,33.700188,1851.66 
				</coordinates>
			</LineString>
		</MultiGeometry>
	</Placemark>
	<Placemark>
		<name>P-269</name>
		<visibility>0</visibility>
		<description><![CDATA[<div><div><span><b>Altitude:</b></span> <span>6,075 ft - 5,925 ft</span></div>
<div><span><b>Speed:</b></span> <span>241 kt</span></div>
<div><span><b>Timestamp:</b></span><br/><span>2024-07-21 09:59:28 UTC<br/>2024-07-21 09:59:43 UTC</span></div>
</div>]]></description>
		<Style>
			<LineStyle>
				<color>ff00ff72</color>
				<width>2</width>
			</LineStyle>
		</Style>
		<MultiGeometry>
			<LineString>
				<tessellate>1</tessellate>
				<altitudeMode>absolute</altitudeMode>
				<coordinates>
					126.05101,33.700188,1851.66 126.03331,33.692688,1805.94 
				</coordinates>
			</LineString>
		</MultiGeometry>
	</Placemark>
	<Placemark>
		<name>P-270</name>
		<visibility>0</visibility>
		<description><![CDATA[<div><div><span><b>Altitude:</b></span> <span>5,925 ft - 5,875 ft</span></div>
<div><span><b>Speed:</b></span> <span>241 kt - 240 kt</span></div>
<div><span><b>Timestamp:</b></span><br/><span>2024-07-21 09:59:43 UTC<br/>2024-07-21 09:59:46 UTC</span></div>
</div>]]></description>
		<Style>
			<LineStyle>
				<color>ff00ff72</color>
				<width>2</width>
			</LineStyle>
		</Style>
		<MultiGeometry>
			<LineString>
				<tessellate>1</tessellate>
				<altitudeMode>absolute</altitudeMode>
				<coordinates>
					126.03331,33.692688,1805.94 126.029549,33.690319,1790.7 
				</coordinates>
			</LineString>
		</MultiGeometry>
	</Placemark>
	<Placemark>
		<name>P-271</name>
		<visibility>0</visibility>
		<description><![CDATA[<div><div><span><b>Altitude:</b></span> <span>5,875 ft - 5,850 ft</span></div>
<div><span><b>Speed:</b></span> <span>240 kt - 239 kt</span></div>
<div><span><b>Timestamp:</b></span><br/><span>2024-07-21 09:59:46 UTC<br/>2024-07-21 09:59:49 UTC</span></div>
</div>]]></description>
		<Style>
			<LineStyle>
				<color>ff00ff72</color>
				<width>2</width>
			</LineStyle>
		</Style>
		<MultiGeometry>
			<LineString>
				<tessellate>1</tessellate>
				<altitudeMode>absolute</altitudeMode>
				<coordinates>
					126.029549,33.690319,1790.7 126.026855,33.688179,1783.08 
				</coordinates>
			</LineString>
		</MultiGeometry>
	</Placemark>
	<Placemark>
		<name>P-272</name>
		<visibility>0</visibility>
		<description><![CDATA[<div><div><span><b>Altitude:</b></span> <span>5,850 ft - 5,800 ft</span></div>
<div><span><b>Speed:</b></span> <span>239 kt - 238 kt</span></div>
<div><span><b>Timestamp:</b></span><br/><span>2024-07-21 09:59:49 UTC<br/>2024-07-21 09:59:52 UTC</span></div>
</div>]]></description>
		<Style>
			<LineStyle>
				<color>ff00ff72</color>
				<width>2</width>
			</LineStyle>
		</Style>
		<MultiGeometry>
			<LineString>
				<tessellate>1</tessellate>
				<altitudeMode>absolute</altitudeMode>
				<coordinates>
					126.026855,33.688179,1783.08 126.024338,33.685757,1767.84 
				</coordinates>
			</LineString>
		</MultiGeometry>
	</Placemark>
	<Placemark>
		<name>P-273</name>
		<visibility>0</visibility>
		<description><![CDATA[<div><div><span><b>Altitude:</b></span> <span>5,800 ft - 5,775 ft</span></div>
<div><span><b>Speed:</b></span> <span>238 kt - 236 kt</span></div>
<div><span><b>Timestamp:</b></span><br/><span>2024-07-21 09:59:52 UTC<br/>2024-07-21 09:59:55 UTC</span></div>
</div>]]></description>
		<Style>
			<LineStyle>
				<color>ff00ff72</color>
				<width>2</width>
			</LineStyle>
		</Style>
		<MultiGeometry>
			<LineString>
				<tessellate>1</tessellate>
				<altitudeMode>absolute</altitudeMode>
				<coordinates>
					126.024338,33.685757,1767.84 126.021927,33.682983,1760.22 
				</coordinates>
			</LineString>
		</MultiGeometry>
	</Placemark>
	<Placemark>
		<name>P-274</name>
		<visibility>0</visibility>
		<description><![CDATA[<div><div><span><b>Altitude:</b></span> <span>5,775 ft - 5,725 ft</span></div>
<div><span><b>Speed:</b></span> <span>236 kt - 235 kt</span></div>
<div><span><b>Timestamp:</b></span><br/><span>2024-07-21 09:59:55 UTC<br/>2024-07-21 09:59:58 UTC</span></div>
</div>]]></description>
		<Style>
			<LineStyle>
				<color>ff00ff72</color>
				<width>2</width>
			</LineStyle>
		</Style>
		<MultiGeometry>
			<LineString>
				<tessellate>1</tessellate>
				<altitudeMode>absolute</altitudeMode>
				<coordinates>
					126.021927,33.682983,1760.22 126.02002,33.680145,1744.98 
				</coordinates>
			</LineString>
		</MultiGeometry>
	</Placemark>
	<Placemark>
		<name>P-275</name>
		<visibility>0</visibility>
		<description><![CDATA[<div><div><span><b>Altitude:</b></span> <span>5,725 ft - 5,700 ft</span></div>
<div><span><b>Speed:</b></span> <span>235 kt - 233 kt</span></div>
<div><span><b>Timestamp:</b></span><br/><span>2024-07-21 09:59:58 UTC<br/>2024-07-21 10:00:02 UTC</span></div>
</div>]]></description>
		<Style>
			<LineStyle>
				<color>ff00ff72</color>
				<width>2</width>
			</LineStyle>
		</Style>
		<MultiGeometry>
			<LineString>
				<tessellate>1</tessellate>
				<altitudeMode>absolute</altitudeMode>
				<coordinates>
					126.02002,33.680145,1744.98 126.018158,33.676727,1737.36 
				</coordinates>
			</LineString>
		</MultiGeometry>
	</Placemark>
	<Placemark>
		<name>P-276</name>
		<visibility>0</visibility>
		<description><![CDATA[<div><div><span><b>Altitude:</b></span> <span>5,700 ft - 5,675 ft</span></div>
<div><span><b>Speed:</b></span> <span>233 kt - 231 kt</span></div>
<div><span><b>Timestamp:</b></span><br/><span>2024-07-21 10:00:02 UTC<br/>2024-07-21 10:00:04 UTC</span></div>
</div>]]></description>
		<Style>
			<LineStyle>
				<color>ff00ff72</color>
				<width>2</width>
			</LineStyle>
		</Style>
		<MultiGeometry>
			<LineString>
				<tessellate>1</tessellate>
				<altitudeMode>absolute</altitudeMode>
				<coordinates>
					126.018158,33.676727,1737.36 126.017052,33.673599,1729.74 
				</coordinates>
			</LineString>
		</MultiGeometry>
	</Placemark>
	<Placemark>
		<name>P-277</name>
		<visibility>0</visibility>
		<description><![CDATA[<div><div><span><b>Altitude:</b></span> <span>5,675 ft - 5,650 ft</span></div>
<div><span><b>Speed:</b></span> <span>231 kt - 230 kt</span></div>
<div><span><b>Timestamp:</b></span><br/><span>2024-07-21 10:00:04 UTC<br/>2024-07-21 10:00:07 UTC</span></div>
</div>]]></description>
		<Style>
			<LineStyle>
				<color>ff00ff72</color>
				<width>2</width>
			</LineStyle>
		</Style>
		<MultiGeometry>
			<LineString>
				<tessellate>1</tessellate>
				<altitudeMode>absolute</altitudeMode>
				<coordinates>
					126.017052,33.673599,1729.74 126.01638,33.670807,1722.12 
				</coordinates>
			</LineString>
		</MultiGeometry>
	</Placemark>
	<Placemark>
		<name>P-278</name>
		<visibility>0</visibility>
		<description><![CDATA[<div><div><span><b>Altitude:</b></span> <span>5,650 ft - 5,625 ft</span></div>
<div><span><b>Speed:</b></span> <span>230 kt - 229 kt</span></div>
<div><span><b>Timestamp:</b></span><br/><span>2024-07-21 10:00:07 UTC<br/>2024-07-21 10:00:10 UTC</span></div>
</div>]]></description>
		<Style>
			<LineStyle>
				<color>ff00ff72</color>
				<width>2</width>
			</LineStyle>
		</Style>
		<MultiGeometry>
			<LineString>
				<tessellate>1</tessellate>
				<altitudeMode>absolute</altitudeMode>
				<coordinates>
					126.01638,33.670807,1722.12 126.015984,33.667328,1714.5 
				</coordinates>
			</LineString>
		</MultiGeometry>
	</Placemark>
	<Placemark>
		<name>P-279</name>
		<visibility>0</visibility>
		<description><![CDATA[<div><div><span><b>Altitude:</b></span> <span>5,625 ft - 5,600 ft</span></div>
<div><span><b>Speed:</b></span> <span>229 kt - 228 kt</span></div>
<div><span><b>Timestamp:</b></span><br/><span>2024-07-21 10:00:10 UTC<br/>2024-07-21 10:00:13 UTC</span></div>
</div>]]></description>
		<Style>
			<LineStyle>
				<color>ff00ff72</color>
				<width>2</width>
			</LineStyle>
		</Style>
		<MultiGeometry>
			<LineString>
				<tessellate>1</tessellate>
				<altitudeMode>absolute</altitudeMode>
				<coordinates>
					126.015984,33.667328,1714.5 126.016045,33.664169,1706.88 
				</coordinates>
			</LineString>
		</MultiGeometry>
	</Placemark>
	<Placemark>
		<name>P-280</name>
		<visibility>0</visibility>
		<description><![CDATA[<div><div><span><b>Altitude:</b></span> <span>5,600 ft - 5,575 ft</span></div>
<div><span><b>Speed:</b></span> <span>228 kt - 227 kt</span></div>
<div><span><b>Timestamp:</b></span><br/><span>2024-07-21 10:00:13 UTC<br/>2024-07-21 10:00:17 UTC</span></div>
</div>]]></description>
		<Style>
			<LineStyle>
				<color>ff00ff72</color>
				<width>2</width>
			</LineStyle>
		</Style>
		<MultiGeometry>
			<LineString>
				<tessellate>1</tessellate>
				<altitudeMode>absolute</altitudeMode>
				<coordinates>
					126.016045,33.664169,1706.88 126.016487,33.660782,1699.26 
				</coordinates>
			</LineString>
		</MultiGeometry>
	</Placemark>
	<Placemark>
		<name>P-281</name>
		<visibility>0</visibility>
		<description><![CDATA[<div><div><span><b>Altitude:</b></span> <span>5,575 ft - 5,550 ft</span></div>
<div><span><b>Speed:</b></span> <span>227 kt</span></div>
<div><span><b>Timestamp:</b></span><br/><span>2024-07-21 10:00:17 UTC<br/>2024-07-21 10:00:20 UTC</span></div>
</div>]]></description>
		<Style>
			<LineStyle>
				<color>ff00ff72</color>
				<width>2</width>
			</LineStyle>
		</Style>
		<MultiGeometry>
			<LineString>
				<tessellate>1</tessellate>
				<altitudeMode>absolute</altitudeMode>
				<coordinates>
					126.016487,33.660782,1699.26 126.017387,33.657532,1691.64 
				</coordinates>
			</LineString>
		</MultiGeometry>
	</Placemark>
	<Placemark>
		<name>P-282</name>
		<visibility>0</visibility>
		<description><![CDATA[<div><div><span><b>Altitude:</b></span> <span>5,550 ft - 5,525 ft</span></div>
<div><span><b>Speed:</b></span> <span>227 kt</span></div>
<div><span><b>Timestamp:</b></span><br/><span>2024-07-21 10:00:20 UTC<br/>2024-07-21 10:00:23 UTC</span></div>
</div>]]></description>
		<Style>
			<LineStyle>
				<color>ff00ff72</color>
				<width>2</width>
			</LineStyle>
		</Style>
		<MultiGeometry>
			<LineString>
				<tessellate>1</tessellate>
				<altitudeMode>absolute</altitudeMode>
				<coordinates>
					126.017387,33.657532,1691.64 126.018677,33.654556,1684.02 
				</coordinates>
			</LineString>
		</MultiGeometry>
	</Placemark>
	<Placemark>
		<name>P-283</name>
		<visibility>0</visibility>
		<description><![CDATA[<div><div><span><b>Altitude:</b></span> <span>5,525 ft - 5,500 ft</span></div>
<div><span><b>Speed:</b></span> <span>227 kt - 228 kt</span></div>
<div><span><b>Timestamp:</b></span><br/><span>2024-07-21 10:00:23 UTC<br/>2024-07-21 10:00:26 UTC</span></div>
</div>]]></description>
		<Style>
			<LineStyle>
				<color>ff00ff72</color>
				<width>2</width>
			</LineStyle>
		</Style>
		<MultiGeometry>
			<LineString>
				<tessellate>1</tessellate>
				<altitudeMode>absolute</altitudeMode>
				<coordinates>
					126.018677,33.654556,1684.02 126.020416,33.651581,1676.4 
				</coordinates>
			</LineString>
		</MultiGeometry>
	</Placemark>
	<Placemark>
		<name>P-284</name>
		<visibility>0</visibility>
		<description><![CDATA[<div><div><span><b>Altitude:</b></span> <span>5,500 ft - 5,475 ft</span></div>
<div><span><b>Speed:</b></span> <span>228 kt</span></div>
<div><span><b>Timestamp:</b></span><br/><span>2024-07-21 10:00:26 UTC<br/>2024-07-21 10:00:29 UTC</span></div>
</div>]]></description>
		<Style>
			<LineStyle>
				<color>ff00ff72</color>
				<width>2</width>
			</LineStyle>
		</Style>
		<MultiGeometry>
			<LineString>
				<tessellate>1</tessellate>
				<altitudeMode>absolute</altitudeMode>
				<coordinates>
					126.020416,33.651581,1676.4 126.022339,33.648888,1668.78 
				</coordinates>
			</LineString>
		</MultiGeometry>
	</Placemark>
	<Placemark>
		<name>P-285</name>
		<visibility>0</visibility>
		<description><![CDATA[<div><div><span><b>Altitude:</b></span> <span>5,475 ft - 5,450 ft</span></div>
<div><span><b>Speed:</b></span> <span>228 kt - 229 kt</span></div>
<div><span><b>Timestamp:</b></span><br/><span>2024-07-21 10:00:29 UTC<br/>2024-07-21 10:00:32 UTC</span></div>
</div>]]></description>
		<Style>
			<LineStyle>
				<color>ff00ff72</color>
				<width>2</width>
			</LineStyle>
		</Style>
		<MultiGeometry>
			<LineString>
				<tessellate>1</tessellate>
				<altitudeMode>absolute</altitudeMode>
				<coordinates>
					126.022339,33.648888,1668.78 126.024559,33.646408,1661.16 
				</coordinates>
			</LineString>
		</MultiGeometry>
	</Placemark>
	<Placemark>
		<name>P-286</name>
		<visibility>0</visibility>
		<description><![CDATA[<div><div><span><b>Altitude:</b></span> <span>5,450 ft</span></div>
<div><span><b>Speed:</b></span> <span>229 kt - 230 kt</span></div>
<div><span><b>Timestamp:</b></span><br/><span>2024-07-21 10:00:32 UTC<br/>2024-07-21 10:00:34 UTC</span></div>
</div>]]></description>
		<Style>
			<LineStyle>
				<color>ff00ff72</color>
				<width>2</width>
			</LineStyle>
		</Style>
		<MultiGeometry>
			<LineString>
				<tessellate>1</tessellate>
				<altitudeMode>absolute</altitudeMode>
				<coordinates>
					126.024559,33.646408,1661.16 126.026802,33.644257,1661.16 
				</coordinates>
			</LineString>
		</MultiGeometry>
	</Placemark>
	<Placemark>
		<name>P-287</name>
		<visibility>0</visibility>
		<description><![CDATA[<div><div><span><b>Altitude:</b></span> <span>5,450 ft - 5,425 ft</span></div>
<div><span><b>Speed:</b></span> <span>230 kt</span></div>
<div><span><b>Timestamp:</b></span><br/><span>2024-07-21 10:00:34 UTC<br/>2024-07-21 10:00:38 UTC</span></div>
</div>]]></description>
		<Style>
			<LineStyle>
				<color>ff00ff72</color>
				<width>2</width>
			</LineStyle>
		</Style>
		<MultiGeometry>
			<LineString>
				<tessellate>1</tessellate>
				<altitudeMode>absolute</altitudeMode>
				<coordinates>
					126.026802,33.644257,1661.16 126.029602,33.641579,1653.54 
				</coordinates>
			</LineString>
		</MultiGeometry>
	</Placemark>
	<Placemark>
		<name>P-288</name>
		<visibility>0</visibility>
		<description><![CDATA[<div><div><span><b>Altitude:</b></span> <span>5,425 ft</span></div>
<div><span><b>Speed:</b></span> <span>230 kt</span></div>
<div><span><b>Timestamp:</b></span><br/><span>2024-07-21 10:00:38 UTC<br/>2024-07-21 10:00:41 UTC</span></div>
</div>]]></description>
		<Style>
			<LineStyle>
				<color>ff00ff72</color>
				<width>2</width>
			</LineStyle>
		</Style>
		<MultiGeometry>
			<LineString>
				<tessellate>1</tessellate>
				<altitudeMode>absolute</altitudeMode>
				<coordinates>
					126.029602,33.641579,1653.54 126.032295,33.639084,1653.54 
				</coordinates>
			</LineString>
		</MultiGeometry>
	</Placemark>
	<Placemark>
		<name>P-289</name>
		<visibility>0</visibility>
		<description><![CDATA[<div><div><span><b>Altitude:</b></span> <span>5,425 ft - 5,400 ft</span></div>
<div><span><b>Speed:</b></span> <span>230 kt</span></div>
<div><span><b>Timestamp:</b></span><br/><span>2024-07-21 10:00:41 UTC<br/>2024-07-21 10:00:44 UTC</span></div>
</div>]]></description>
		<Style>
			<LineStyle>
				<color>ff00ff72</color>
				<width>2</width>
			</LineStyle>
		</Style>
		<MultiGeometry>
			<LineString>
				<tessellate>1</tessellate>
				<altitudeMode>absolute</altitudeMode>
				<coordinates>
					126.032295,33.639084,1653.54 126.03521,33.636383,1645.92 
				</coordinates>
			</LineString>
		</MultiGeometry>
	</Placemark>
	<Placemark>
		<name>P-290</name>
		<visibility>0</visibility>
		<description><![CDATA[<div><div><span><b>Altitude:</b></span> <span>5,400 ft - 5,375 ft</span></div>
<div><span><b>Speed:</b></span> <span>230 kt</span></div>
<div><span><b>Timestamp:</b></span><br/><span>2024-07-21 10:00:44 UTC<br/>2024-07-21 10:00:47 UTC</span></div>
</div>]]></description>
		<Style>
			<LineStyle>
				<color>ff00ff72</color>
				<width>2</width>
			</LineStyle>
		</Style>
		<MultiGeometry>
			<LineString>
				<tessellate>1</tessellate>
				<altitudeMode>absolute</altitudeMode>
				<coordinates>
					126.03521,33.636383,1645.92 126.037346,33.634369,1638.3 
				</coordinates>
			</LineString>
		</MultiGeometry>
	</Placemark>
	<Placemark>
		<name>P-291</name>
		<visibility>0</visibility>
		<description><![CDATA[<div><div><span><b>Altitude:</b></span> <span>5,375 ft - 5,350 ft</span></div>
<div><span><b>Speed:</b></span> <span>230 kt</span></div>
<div><span><b>Timestamp:</b></span><br/><span>2024-07-21 10:00:47 UTC<br/>2024-07-21 10:00:50 UTC</span></div>
</div>]]></description>
		<Style>
			<LineStyle>
				<color>ff00ff72</color>
				<width>2</width>
			</LineStyle>
		</Style>
		<MultiGeometry>
			<LineString>
				<tessellate>1</tessellate>
				<altitudeMode>absolute</altitudeMode>
				<coordinates>
					126.037346,33.634369,1638.3 126.040253,33.631664,1630.68 
				</coordinates>
			</LineString>
		</MultiGeometry>
	</Placemark>
	<Placemark>
		<name>P-292</name>
		<visibility>0</visibility>
		<description><![CDATA[<div><div><span><b>Altitude:</b></span> <span>5,350 ft - 5,325 ft</span></div>
<div><span><b>Speed:</b></span> <span>230 kt</span></div>
<div><span><b>Timestamp:</b></span><br/><span>2024-07-21 10:00:50 UTC<br/>2024-07-21 10:00:52 UTC</span></div>
</div>]]></description>
		<Style>
			<LineStyle>
				<color>ff00ff72</color>
				<width>2</width>
			</LineStyle>
		</Style>
		<MultiGeometry>
			<LineString>
				<tessellate>1</tessellate>
				<altitudeMode>absolute</altitudeMode>
				<coordinates>
					126.040253,33.631664,1630.68 126.042252,33.629707,1623.06 
				</coordinates>
			</LineString>
		</MultiGeometry>
	</Placemark>
	<Placemark>
		<name>P-293</name>
		<visibility>0</visibility>
		<description><![CDATA[<div><div><span><b>Altitude:</b></span> <span>5,325 ft - 5,300 ft</span></div>
<div><span><b>Speed:</b></span> <span>230 kt</span></div>
<div><span><b>Timestamp:</b></span><br/><span>2024-07-21 10:00:52 UTC<br/>2024-07-21 10:00:56 UTC</span></div>
</div>]]></description>
		<Style>
			<LineStyle>
				<color>ff00ff72</color>
				<width>2</width>
			</LineStyle>
		</Style>
		<MultiGeometry>
			<LineString>
				<tessellate>1</tessellate>
				<altitudeMode>absolute</altitudeMode>
				<coordinates>
					126.042252,33.629707,1623.06 126.045341,33.626728,1615.44 
				</coordinates>
			</LineString>
		</MultiGeometry>
	</Placemark>
	<Placemark>
		<name>P-294</name>
		<visibility>0</visibility>
		<description><![CDATA[<div><div><span><b>Altitude:</b></span> <span>5,300 ft - 5,175 ft</span></div>
<div><span><b>Speed:</b></span> <span>230 kt - 229 kt</span></div>
<div><span><b>Timestamp:</b></span><br/><span>2024-07-21 10:00:56 UTC<br/>2024-07-21 10:01:11 UTC</span></div>
</div>]]></description>
		<Style>
			<LineStyle>
				<color>ff00ff72</color>
				<width>2</width>
			</LineStyle>
		</Style>
		<MultiGeometry>
			<LineString>
				<tessellate>1</tessellate>
				<altitudeMode>absolute</altitudeMode>
				<coordinates>
					126.045341,33.626728,1615.44 126.05793,33.614395,1577.34 
				</coordinates>
			</LineString>
		</MultiGeometry>
	</Placemark>
	<Placemark>
		<name>P-295</name>
		<visibility>0</visibility>
		<description><![CDATA[<div><div><span><b>Altitude:</b></span> <span>5,175 ft - 5,075 ft</span></div>
<div><span><b>Speed:</b></span> <span>229 kt - 228 kt</span></div>
<div><span><b>Timestamp:</b></span><br/><span>2024-07-21 10:01:11 UTC<br/>2024-07-21 10:01:23 UTC</span></div>
</div>]]></description>
		<Style>
			<LineStyle>
				<color>ff00ff72</color>
				<width>2</width>
			</LineStyle>
		</Style>
		<MultiGeometry>
			<LineString>
				<tessellate>1</tessellate>
				<altitudeMode>absolute</altitudeMode>
				<coordinates>
					126.05793,33.614395,1577.34 126.06778,33.604568,1546.86 
				</coordinates>
			</LineString>
		</MultiGeometry>
	</Placemark>
	<Placemark>
		<name>P-296</name>
		<visibility>0</visibility>
		<description><![CDATA[<div><div><span><b>Altitude:</b></span> <span>5,075 ft - 4,950 ft</span></div>
<div><span><b>Speed:</b></span> <span>228 kt - 226 kt</span></div>
<div><span><b>Timestamp:</b></span><br/><span>2024-07-21 10:01:23 UTC<br/>2024-07-21 10:01:39 UTC</span></div>
</div>]]></description>
		<Style>
			<LineStyle>
				<color>ff00ff72</color>
				<width>2</width>
			</LineStyle>
		</Style>
		<MultiGeometry>
			<LineString>
				<tessellate>1</tessellate>
				<altitudeMode>absolute</altitudeMode>
				<coordinates>
					126.06778,33.604568,1546.86 126.080223,33.592346,1508.76 
				</coordinates>
			</LineString>
		</MultiGeometry>
	</Placemark>
	<Placemark>
		<name>P-297</name>
		<visibility>0</visibility>
		<description><![CDATA[<div><div><span><b>Altitude:</b></span> <span>4,950 ft - 4,875 ft</span></div>
<div><span><b>Speed:</b></span> <span>226 kt - 225 kt</span></div>
<div><span><b>Timestamp:</b></span><br/><span>2024-07-21 10:01:39 UTC<br/>2024-07-21 10:01:48 UTC</span></div>
</div>]]></description>
		<Style>
			<LineStyle>
				<color>ff00ff72</color>
				<width>2</width>
			</LineStyle>
		</Style>
		<MultiGeometry>
			<LineString>
				<tessellate>1</tessellate>
				<altitudeMode>absolute</altitudeMode>
				<coordinates>
					126.080223,33.592346,1508.76 126.087845,33.58493,1485.9 
				</coordinates>
			</LineString>
		</MultiGeometry>
	</Placemark>
	<Placemark>
		<name>P-298</name>
		<visibility>0</visibility>
		<description><![CDATA[<div><div><span><b>Altitude:</b></span> <span>4,875 ft - 4,800 ft</span></div>
<div><span><b>Speed:</b></span> <span>225 kt - 223 kt</span></div>
<div><span><b>Timestamp:</b></span><br/><span>2024-07-21 10:01:48 UTC<br/>2024-07-21 10:01:57 UTC</span></div>
</div>]]></description>
		<Style>
			<LineStyle>
				<color>ff00ff36</color>
				<width>2</width>
			</LineStyle>
		</Style>
		<MultiGeometry>
			<LineString>
				<tessellate>1</tessellate>
				<altitudeMode>absolute</altitudeMode>
				<coordinates>
					126.087845,33.58493,1485.9 126.095299,33.577744,1463.04 
				</coordinates>
			</LineString>
		</MultiGeometry>
	</Placemark>
	<Placemark>
		<name>P-299</name>
		<visibility>0</visibility>
		<description><![CDATA[<div><div><span><b>Altitude:</b></span> <span>4,800 ft - 4,725 ft</span></div>
<div><span><b>Speed:</b></span> <span>223 kt</span></div>
<div><span><b>Timestamp:</b></span><br/><span>2024-07-21 10:01:57 UTC<br/>2024-07-21 10:02:06 UTC</span></div>
</div>]]></description>
		<Style>
			<LineStyle>
				<color>ff00ff36</color>
				<width>2</width>
			</LineStyle>
		</Style>
		<MultiGeometry>
			<LineString>
				<tessellate>1</tessellate>
				<altitudeMode>absolute</altitudeMode>
				<coordinates>
					126.095299,33.577744,1463.04 126.102844,33.570496,1440.18 
				</coordinates>
			</LineString>
		</MultiGeometry>
	</Placemark>
	<Placemark>
		<name>P-300</name>
		<visibility>0</visibility>
		<description><![CDATA[<div><div><span><b>Altitude:</b></span> <span>4,725 ft - 4,650 ft</span></div>
<div><span><b>Speed:</b></span> <span>223 kt</span></div>
<div><span><b>Timestamp:</b></span><br/><span>2024-07-21 10:02:06 UTC<br/>2024-07-21 10:02:16 UTC</span></div>
</div>]]></description>
		<Style>
			<LineStyle>
				<color>ff00ff36</color>
				<width>2</width>
			</LineStyle>
		</Style>
		<MultiGeometry>
			<LineString>
				<tessellate>1</tessellate>
				<altitudeMode>absolute</altitudeMode>
				<coordinates>
					126.102844,33.570496,1440.18 126.110153,33.563416,1417.32 
				</coordinates>
			</LineString>
		</MultiGeometry>
	</Placemark>
	<Placemark>
		<name>P-301</name>
		<visibility>0</visibility>
		<description><![CDATA[<div><div><span><b>Altitude:</b></span> <span>4,650 ft - 4,575 ft</span></div>
<div><span><b>Speed:</b></span> <span>223 kt - 222 kt</span></div>
<div><span><b>Timestamp:</b></span><br/><span>2024-07-21 10:02:16 UTC<br/>2024-07-21 10:02:25 UTC</span></div>
</div>]]></description>
		<Style>
			<LineStyle>
				<color>ff00ff36</color>
				<width>2</width>
			</LineStyle>
		</Style>
		<MultiGeometry>
			<LineString>
				<tessellate>1</tessellate>
				<altitudeMode>absolute</altitudeMode>
				<coordinates>
					126.110153,33.563416,1417.32 126.117493,33.556389,1394.46 
				</coordinates>
			</LineString>
		</MultiGeometry>
	</Placemark>
	<Placemark>
		<name>P-302</name>
		<visibility>0</visibility>
		<description><![CDATA[<div><div><span><b>Altitude:</b></span> <span>4,575 ft - 4,500 ft</span></div>
<div><span><b>Speed:</b></span> <span>222 kt - 221 kt</span></div>
<div><span><b>Timestamp:</b></span><br/><span>2024-07-21 10:02:25 UTC<br/>2024-07-21 10:02:34 UTC</span></div>
</div>]]></description>
		<Style>
			<LineStyle>
				<color>ff00ff36</color>
				<width>2</width>
			</LineStyle>
		</Style>
		<MultiGeometry>
			<LineString>
				<tessellate>1</tessellate>
				<altitudeMode>absolute</altitudeMode>
				<coordinates>
					126.117493,33.556389,1394.46 126.124893,33.549316,1371.6 
				</coordinates>
			</LineString>
		</MultiGeometry>
	</Placemark>
	<Placemark>
		<name>P-303</name>
		<visibility>0</visibility>
		<description><![CDATA[<div><div><span><b>Altitude:</b></span> <span>4,500 ft - 4,425 ft</span></div>
<div><span><b>Speed:</b></span> <span>221 kt</span></div>
<div><span><b>Timestamp:</b></span><br/><span>2024-07-21 10:02:34 UTC<br/>2024-07-21 10:02:43 UTC</span></div>
</div>]]></description>
		<Style>
			<LineStyle>
				<color>ff00ff36</color>
				<width>2</width>
			</LineStyle>
		</Style>
		<MultiGeometry>
			<LineString>
				<tessellate>1</tessellate>
				<altitudeMode>absolute</altitudeMode>
				<coordinates>
					126.124893,33.549316,1371.6 126.132294,33.542221,1348.74 
				</coordinates>
			</LineString>
		</MultiGeometry>
	</Placemark>
	<Placemark>
		<name>P-304</name>
		<visibility>0</visibility>
		<description><![CDATA[<div><div><span><b>Altitude:</b></span> <span>4,425 ft - 4,375 ft</span></div>
<div><span><b>Speed:</b></span> <span>221 kt</span></div>
<div><span><b>Timestamp:</b></span><br/><span>2024-07-21 10:02:43 UTC<br/>2024-07-21 10:02:49 UTC</span></div>
</div>]]></description>
		<Style>
			<LineStyle>
				<color>ff00ff36</color>
				<width>2</width>
			</LineStyle>
		</Style>
		<MultiGeometry>
			<LineString>
				<tessellate>1</tessellate>
				<altitudeMode>absolute</altitudeMode>
				<coordinates>
					126.132294,33.542221,1348.74 126.137161,33.537598,1333.5 
				</coordinates>
			</LineString>
		</MultiGeometry>
	</Placemark>
	<Placemark>
		<name>P-305</name>
		<visibility>0</visibility>
		<description><![CDATA[<div><div><span><b>Altitude:</b></span> <span>4,375 ft - 4,300 ft</span></div>
<div><span><b>Speed:</b></span> <span>221 kt</span></div>
<div><span><b>Timestamp:</b></span><br/><span>2024-07-21 10:02:49 UTC<br/>2024-07-21 10:02:58 UTC</span></div>
</div>]]></description>
		<Style>
			<LineStyle>
				<color>ff00ff36</color>
				<width>2</width>
			</LineStyle>
		</Style>
		<MultiGeometry>
			<LineString>
				<tessellate>1</tessellate>
				<altitudeMode>absolute</altitudeMode>
				<coordinates>
					126.137161,33.537598,1333.5 126.144737,33.53046,1310.64 
				</coordinates>
			</LineString>
		</MultiGeometry>
	</Placemark>
	<Placemark>
		<name>P-306</name>
		<visibility>0</visibility>
		<description><![CDATA[<div><div><span><b>Altitude:</b></span> <span>4,300 ft - 4,225 ft</span></div>
<div><span><b>Speed:</b></span> <span>221 kt</span></div>
<div><span><b>Timestamp:</b></span><br/><span>2024-07-21 10:02:58 UTC<br/>2024-07-21 10:03:07 UTC</span></div>
</div>]]></description>
		<Style>
			<LineStyle>
				<color>ff00ff36</color>
				<width>2</width>
			</LineStyle>
		</Style>
		<MultiGeometry>
			<LineString>
				<tessellate>1</tessellate>
				<altitudeMode>absolute</altitudeMode>
				<coordinates>
					126.144737,33.53046,1310.64 126.152191,33.523384,1287.78 
				</coordinates>
			</LineString>
		</MultiGeometry>
	</Placemark>
	<Placemark>
		<name>P-307</name>
		<visibility>0</visibility>
		<description><![CDATA[<div><div><span><b>Altitude:</b></span> <span>4,225 ft - 4,150 ft</span></div>
<div><span><b>Speed:</b></span> <span>221 kt</span></div>
<div><span><b>Timestamp:</b></span><br/><span>2024-07-21 10:03:07 UTC<br/>2024-07-21 10:03:17 UTC</span></div>
</div>]]></description>
		<Style>
			<LineStyle>
				<color>ff00ff36</color>
				<width>2</width>
			</LineStyle>
		</Style>
		<MultiGeometry>
			<LineString>
				<tessellate>1</tessellate>
				<altitudeMode>absolute</altitudeMode>
				<coordinates>
					126.152191,33.523384,1287.78 126.15963,33.516312,1264.92 
				</coordinates>
			</LineString>
		</MultiGeometry>
	</Placemark>
	<Placemark>
		<name>P-308</name>
		<visibility>0</visibility>
		<description><![CDATA[<div><div><span><b>Altitude:</b></span> <span>4,150 ft - 4,125 ft</span></div>
<div><span><b>Speed:</b></span> <span>221 kt</span></div>
<div><span><b>Timestamp:</b></span><br/><span>2024-07-21 10:03:17 UTC<br/>2024-07-21 10:03:26 UTC</span></div>
</div>]]></description>
		<Style>
			<LineStyle>
				<color>ff00ff36</color>
				<width>2</width>
			</LineStyle>
		</Style>
		<MultiGeometry>
			<LineString>
				<tessellate>1</tessellate>
				<altitudeMode>absolute</altitudeMode>
				<coordinates>
					126.15963,33.516312,1264.92 126.166603,33.509651,1257.3 
				</coordinates>
			</LineString>
		</MultiGeometry>
	</Placemark>
	<Placemark>
		<name>P-309</name>
		<visibility>0</visibility>
		<description><![CDATA[<div><div><span><b>Altitude:</b></span> <span>4,125 ft - 4,100 ft</span></div>
<div><span><b>Speed:</b></span> <span>221 kt - 215 kt</span></div>
<div><span><b>Timestamp:</b></span><br/><span>2024-07-21 10:03:26 UTC<br/>2024-07-21 10:03:35 UTC</span></div>
</div>]]></description>
		<Style>
			<LineStyle>
				<color>ff00ff36</color>
				<width>2</width>
			</LineStyle>
		</Style>
		<MultiGeometry>
			<LineString>
				<tessellate>1</tessellate>
				<altitudeMode>absolute</altitudeMode>
				<coordinates>
					126.166603,33.509651,1257.3 126.173943,33.502529,1249.68 
				</coordinates>
			</LineString>
		</MultiGeometry>
	</Placemark>
	<Placemark>
		<name>P-310</name>
		<visibility>0</visibility>
		<description><![CDATA[<div><div><span><b>Altitude:</b></span> <span>4,100 ft</span></div>
<div><span><b>Speed:</b></span> <span>215 kt - 208 kt</span></div>
<div><span><b>Timestamp:</b></span><br/><span>2024-07-21 10:03:35 UTC<br/>2024-07-21 10:03:41 UTC</span></div>
</div>]]></description>
		<Style>
			<LineStyle>
				<color>ff00ff36</color>
				<width>2</width>
			</LineStyle>
		</Style>
		<MultiGeometry>
			<LineString>
				<tessellate>1</tessellate>
				<altitudeMode>absolute</altitudeMode>
				<coordinates>
					126.173943,33.502529,1249.68 126.17865,33.498013,1249.68 
				</coordinates>
			</LineString>
		</MultiGeometry>
	</Placemark>
	<Placemark>
		<name>P-311</name>
		<visibility>0</visibility>
		<description><![CDATA[<div><div><span><b>Altitude:</b></span> <span>4,100 ft - 4,125 ft</span></div>
<div><span><b>Speed:</b></span> <span>208 kt - 197 kt</span></div>
<div><span><b>Timestamp:</b></span><br/><span>2024-07-21 10:03:41 UTC<br/>2024-07-21 10:03:50 UTC</span></div>
</div>]]></description>
		<Style>
			<LineStyle>
				<color>ff00ff36</color>
				<width>2</width>
			</LineStyle>
		</Style>
		<MultiGeometry>
			<LineString>
				<tessellate>1</tessellate>
				<altitudeMode>absolute</altitudeMode>
				<coordinates>
					126.17865,33.498013,1249.68 126.185394,33.491547,1257.3 
				</coordinates>
			</LineString>
		</MultiGeometry>
	</Placemark>
	<Placemark>
		<name>P-312</name>
		<visibility>0</visibility>
		<description><![CDATA[<div><div><span><b>Altitude:</b></span> <span>4,125 ft</span></div>
<div><span><b>Speed:</b></span> <span>197 kt - 195 kt</span></div>
<div><span><b>Timestamp:</b></span><br/><span>2024-07-21 10:03:50 UTC<br/>2024-07-21 10:03:56 UTC</span></div>
</div>]]></description>
		<Style>
			<LineStyle>
				<color>ff00ff36</color>
				<width>2</width>
			</LineStyle>
		</Style>
		<MultiGeometry>
			<LineString>
				<tessellate>1</tessellate>
				<altitudeMode>absolute</altitudeMode>
				<coordinates>
					126.185394,33.491547,1257.3 126.189514,33.48761,1257.3 
				</coordinates>
			</LineString>
		</MultiGeometry>
	</Placemark>
	<Placemark>
		<name>P-313</name>
		<visibility>0</visibility>
		<description><![CDATA[<div><div><span><b>Altitude:</b></span> <span>4,125 ft</span></div>
<div><span><b>Speed:</b></span> <span>195 kt - 192 kt</span></div>
<div><span><b>Timestamp:</b></span><br/><span>2024-07-21 10:03:56 UTC<br/>2024-07-21 10:04:05 UTC</span></div>
</div>]]></description>
		<Style>
			<LineStyle>
				<color>ff00ff36</color>
				<width>2</width>
			</LineStyle>
		</Style>
		<MultiGeometry>
			<LineString>
				<tessellate>1</tessellate>
				<altitudeMode>absolute</altitudeMode>
				<coordinates>
					126.189514,33.48761,1257.3 126.195969,33.481441,1257.3 
				</coordinates>
			</LineString>
		</MultiGeometry>
	</Placemark>
	<Placemark>
		<name>P-314</name>
		<visibility>0</visibility>
		<description><![CDATA[<div><div><span><b>Altitude:</b></span> <span>4,125 ft</span></div>
<div><span><b>Speed:</b></span> <span>192 kt - 190 kt</span></div>
<div><span><b>Timestamp:</b></span><br/><span>2024-07-21 10:04:05 UTC<br/>2024-07-21 10:04:14 UTC</span></div>
</div>]]></description>
		<Style>
			<LineStyle>
				<color>ff00ff36</color>
				<width>2</width>
			</LineStyle>
		</Style>
		<MultiGeometry>
			<LineString>
				<tessellate>1</tessellate>
				<altitudeMode>absolute</altitudeMode>
				<coordinates>
					126.195969,33.481441,1257.3 126.202415,33.475296,1257.3 
				</coordinates>
			</LineString>
		</MultiGeometry>
	</Placemark>
	<Placemark>
		<name>P-315</name>
		<visibility>0</visibility>
		<description><![CDATA[<div><div><span><b>Altitude:</b></span> <span>4,125 ft</span></div>
<div><span><b>Speed:</b></span> <span>190 kt - 189 kt</span></div>
<div><span><b>Timestamp:</b></span><br/><span>2024-07-21 10:04:14 UTC<br/>2024-07-21 10:04:24 UTC</span></div>
</div>]]></description>
		<Style>
			<LineStyle>
				<color>ff00ff36</color>
				<width>2</width>
			</LineStyle>
		</Style>
		<MultiGeometry>
			<LineString>
				<tessellate>1</tessellate>
				<altitudeMode>absolute</altitudeMode>
				<coordinates>
					126.202415,33.475296,1257.3 126.20874,33.469208,1257.3 
				</coordinates>
			</LineString>
		</MultiGeometry>
	</Placemark>
	<Placemark>
		<name>P-316</name>
		<visibility>0</visibility>
		<description><![CDATA[<div><div><span><b>Altitude:</b></span> <span>4,125 ft</span></div>
<div><span><b>Speed:</b></span> <span>189 kt - 188 kt</span></div>
<div><span><b>Timestamp:</b></span><br/><span>2024-07-21 10:04:24 UTC<br/>2024-07-21 10:04:33 UTC</span></div>
</div>]]></description>
		<Style>
			<LineStyle>
				<color>ff00ff36</color>
				<width>2</width>
			</LineStyle>
		</Style>
		<MultiGeometry>
			<LineString>
				<tessellate>1</tessellate>
				<altitudeMode>absolute</altitudeMode>
				<coordinates>
					126.20874,33.469208,1257.3 126.215088,33.463051,1257.3 
				</coordinates>
			</LineString>
		</MultiGeometry>
	</Placemark>
	<Placemark>
		<name>P-317</name>
		<visibility>0</visibility>
		<description><![CDATA[<div><div><span><b>Altitude:</b></span> <span>4,125 ft - 4,100 ft</span></div>
<div><span><b>Speed:</b></span> <span>188 kt - 190 kt</span></div>
<div><span><b>Timestamp:</b></span><br/><span>2024-07-21 10:04:33 UTC<br/>2024-07-21 10:04:42 UTC</span></div>
</div>]]></description>
		<Style>
			<LineStyle>
				<color>ff00ff36</color>
				<width>2</width>
			</LineStyle>
		</Style>
		<MultiGeometry>
			<LineString>
				<tessellate>1</tessellate>
				<altitudeMode>absolute</altitudeMode>
				<coordinates>
					126.215088,33.463051,1257.3 126.221321,33.457581,1249.68 
				</coordinates>
			</LineString>
		</MultiGeometry>
	</Placemark>
	<Placemark>
		<name>P-318</name>
		<visibility>0</visibility>
		<description><![CDATA[<div><div><span><b>Altitude:</b></span> <span>4,100 ft - 4,075 ft</span></div>
<div><span><b>Speed:</b></span> <span>190 kt - 192 kt</span></div>
<div><span><b>Timestamp:</b></span><br/><span>2024-07-21 10:04:42 UTC<br/>2024-07-21 10:04:45 UTC</span></div>
</div>]]></description>
		<Style>
			<LineStyle>
				<color>ff00ff36</color>
				<width>2</width>
			</LineStyle>
		</Style>
		<MultiGeometry>
			<LineString>
				<tessellate>1</tessellate>
				<altitudeMode>absolute</altitudeMode>
				<coordinates>
					126.221321,33.457581,1249.68 126.22422,33.455696,1242.06 
				</coordinates>
			</LineString>
		</MultiGeometry>
	</Placemark>
	<Placemark>
		<name>P-319</name>
		<visibility>0</visibility>
		<description><![CDATA[<div><div><span><b>Altitude:</b></span> <span>4,075 ft - 4,050 ft</span></div>
<div><span><b>Speed:</b></span> <span>192 kt - 194 kt</span></div>
<div><span><b>Timestamp:</b></span><br/><span>2024-07-21 10:04:45 UTC<br/>2024-07-21 10:04:48 UTC</span></div>
</div>]]></description>
		<Style>
			<LineStyle>
				<color>ff00ff36</color>
				<width>2</width>
			</LineStyle>
		</Style>
		<MultiGeometry>
			<LineString>
				<tessellate>1</tessellate>
				<altitudeMode>absolute</altitudeMode>
				<coordinates>
					126.22422,33.455696,1242.06 126.227142,33.454193,1234.44 
				</coordinates>
			</LineString>
		</MultiGeometry>
	</Placemark>
	<Placemark>
		<name>P-320</name>
		<visibility>0</visibility>
		<description><![CDATA[<div><div><span><b>Altitude:</b></span> <span>4,050 ft - 4,000 ft</span></div>
<div><span><b>Speed:</b></span> <span>194 kt - 196 kt</span></div>
<div><span><b>Timestamp:</b></span><br/><span>2024-07-21 10:04:48 UTC<br/>2024-07-21 10:04:51 UTC</span></div>
</div>]]></description>
		<Style>
			<LineStyle>
				<color>ff00ff36</color>
				<width>2</width>
			</LineStyle>
		</Style>
		<MultiGeometry>
			<LineString>
				<tessellate>1</tessellate>
				<altitudeMode>absolute</altitudeMode>
				<coordinates>
					126.227142,33.454193,1234.44 126.229889,33.45282,1219.2 
				</coordinates>
			</LineString>
		</MultiGeometry>
	</Placemark>
	<Placemark>
		<name>P-321</name>
		<visibility>0</visibility>
		<description><![CDATA[<div><div><span><b>Altitude:</b></span> <span>4,000 ft - 3,975 ft</span></div>
<div><span><b>Speed:</b></span> <span>196 kt</span></div>
<div><span><b>Timestamp:</b></span><br/><span>2024-07-21 10:04:51 UTC<br/>2024-07-21 10:04:54 UTC</span></div>
</div>]]></description>
		<Style>
			<LineStyle>
				<color>ff00ff36</color>
				<width>2</width>
			</LineStyle>
		</Style>
		<MultiGeometry>
			<LineString>
				<tessellate>1</tessellate>
				<altitudeMode>absolute</altitudeMode>
				<coordinates>
					126.229889,33.45282,1219.2 126.232857,33.451492,1211.58 
				</coordinates>
			</LineString>
		</MultiGeometry>
	</Placemark>
	<Placemark>
		<name>P-322</name>
		<visibility>0</visibility>
		<description><![CDATA[<div><div><span><b>Altitude:</b></span> <span>3,975 ft - 3,925 ft</span></div>
<div><span><b>Speed:</b></span> <span>196 kt</span></div>
<div><span><b>Timestamp:</b></span><br/><span>2024-07-21 10:04:54 UTC<br/>2024-07-21 10:04:57 UTC</span></div>
</div>]]></description>
		<Style>
			<LineStyle>
				<color>ff00ff36</color>
				<width>2</width>
			</LineStyle>
		</Style>
		<MultiGeometry>
			<LineString>
				<tessellate>1</tessellate>
				<altitudeMode>absolute</altitudeMode>
				<coordinates>
					126.232857,33.451492,1211.58 126.235825,33.450256,1196.34 
				</coordinates>
			</LineString>
		</MultiGeometry>
	</Placemark>
	<Placemark>
		<name>P-323</name>
		<visibility>0</visibility>
		<description><![CDATA[<div><div><span><b>Altitude:</b></span> <span>3,925 ft - 3,875 ft</span></div>
<div><span><b>Speed:</b></span> <span>196 kt</span></div>
<div><span><b>Timestamp:</b></span><br/><span>2024-07-21 10:04:57 UTC<br/>2024-07-21 10:05:00 UTC</span></div>
</div>]]></description>
		<Style>
			<LineStyle>
				<color>ff00ff0c</color>
				<width>2</width>
			</LineStyle>
		</Style>
		<MultiGeometry>
			<LineString>
				<tessellate>1</tessellate>
				<altitudeMode>absolute</altitudeMode>
				<coordinates>
					126.235825,33.450256,1196.34 126.238899,33.448929,1181.1 
				</coordinates>
			</LineString>
		</MultiGeometry>
	</Placemark>
	<Placemark>
		<name>P-324</name>
		<visibility>0</visibility>
		<description><![CDATA[<div><div><span><b>Altitude:</b></span> <span>3,875 ft - 3,850 ft</span></div>
<div><span><b>Speed:</b></span> <span>196 kt - 195 kt</span></div>
<div><span><b>Timestamp:</b></span><br/><span>2024-07-21 10:05:00 UTC<br/>2024-07-21 10:05:03 UTC</span></div>
</div>]]></description>
		<Style>
			<LineStyle>
				<color>ff00ff0c</color>
				<width>2</width>
			</LineStyle>
		</Style>
		<MultiGeometry>
			<LineString>
				<tessellate>1</tessellate>
				<altitudeMode>absolute</altitudeMode>
				<coordinates>
					126.238899,33.448929,1181.1 126.241425,33.447876,1173.48 
				</coordinates>
			</LineString>
		</MultiGeometry>
	</Placemark>
	<Placemark>
		<name>P-325</name>
		<visibility>0</visibility>
		<description><![CDATA[<div><div><span><b>Altitude:</b></span> <span>3,850 ft - 3,825 ft</span></div>
<div><span><b>Speed:</b></span> <span>195 kt - 194 kt</span></div>
<div><span><b>Timestamp:</b></span><br/><span>2024-07-21 10:05:03 UTC<br/>2024-07-21 10:05:06 UTC</span></div>
</div>]]></description>
		<Style>
			<LineStyle>
				<color>ff00ff0c</color>
				<width>2</width>
			</LineStyle>
		</Style>
		<MultiGeometry>
			<LineString>
				<tessellate>1</tessellate>
				<altitudeMode>absolute</altitudeMode>
				<coordinates>
					126.241425,33.447876,1173.48 126.244446,33.446594,1165.86 
				</coordinates>
			</LineString>
		</MultiGeometry>
	</Placemark>
	<Placemark>
		<name>P-326</name>
		<visibility>0</visibility>
		<description><![CDATA[<div><div><span><b>Altitude:</b></span> <span>3,825 ft - 3,800 ft</span></div>
<div><span><b>Speed:</b></span> <span>194 kt</span></div>
<div><span><b>Timestamp:</b></span><br/><span>2024-07-21 10:05:06 UTC<br/>2024-07-21 10:05:09 UTC</span></div>
</div>]]></description>
		<Style>
			<LineStyle>
				<color>ff00ff0c</color>
				<width>2</width>
			</LineStyle>
		</Style>
		<MultiGeometry>
			<LineString>
				<tessellate>1</tessellate>
				<altitudeMode>absolute</altitudeMode>
				<coordinates>
					126.244446,33.446594,1165.86 126.24752,33.445267,1158.24 
				</coordinates>
			</LineString>
		</MultiGeometry>
	</Placemark>
	<Placemark>
		<name>P-327</name>
		<visibility>0</visibility>
		<description><![CDATA[<div><div><span><b>Altitude:</b></span> <span>3,800 ft - 3,775 ft</span></div>
<div><span><b>Speed:</b></span> <span>194 kt - 193 kt</span></div>
<div><span><b>Timestamp:</b></span><br/><span>2024-07-21 10:05:09 UTC<br/>2024-07-21 10:05:12 UTC</span></div>
</div>]]></description>
		<Style>
			<LineStyle>
				<color>ff00ff0c</color>
				<width>2</width>
			</LineStyle>
		</Style>
		<MultiGeometry>
			<LineString>
				<tessellate>1</tessellate>
				<altitudeMode>absolute</altitudeMode>
				<coordinates>
					126.24752,33.445267,1158.24 126.250175,33.444057,1150.62 
				</coordinates>
			</LineString>
		</MultiGeometry>
	</Placemark>
	<Placemark>
		<name>P-328</name>
		<visibility>0</visibility>
		<description><![CDATA[<div><div><span><b>Altitude:</b></span> <span>3,775 ft - 3,725 ft</span></div>
<div><span><b>Speed:</b></span> <span>193 kt</span></div>
<div><span><b>Timestamp:</b></span><br/><span>2024-07-21 10:05:12 UTC<br/>2024-07-21 10:05:15 UTC</span></div>
</div>]]></description>
		<Style>
			<LineStyle>
				<color>ff00ff0c</color>
				<width>2</width>
			</LineStyle>
		</Style>
		<MultiGeometry>
			<LineString>
				<tessellate>1</tessellate>
				<altitudeMode>absolute</altitudeMode>
				<coordinates>
					126.250175,33.444057,1150.62 126.253036,33.442757,1135.38 
				</coordinates>
			</LineString>
		</MultiGeometry>
	</Placemark>
	<Placemark>
		<name>P-329</name>
		<visibility>0</visibility>
		<description><![CDATA[<div><div><span><b>Altitude:</b></span> <span>3,725 ft - 3,600 ft</span></div>
<div><span><b>Speed:</b></span> <span>193 kt</span></div>
<div><span><b>Timestamp:</b></span><br/><span>2024-07-21 10:05:15 UTC<br/>2024-07-21 10:05:24 UTC</span></div>
</div>]]></description>
		<Style>
			<LineStyle>
				<color>ff00ff0c</color>
				<width>2</width>
			</LineStyle>
		</Style>
		<MultiGeometry>
			<LineString>
				<tessellate>1</tessellate>
				<altitudeMode>absolute</altitudeMode>
				<coordinates>
					126.253036,33.442757,1135.38 126.26178,33.438751,1097.28 
				</coordinates>
			</LineString>
		</MultiGeometry>
	</Placemark>
	<Placemark>
		<name>P-330</name>
		<visibility>0</visibility>
		<description><![CDATA[<div><div><span><b>Altitude:</b></span> <span>3,600 ft - 3,500 ft</span></div>
<div><span><b>Speed:</b></span> <span>193 kt</span></div>
<div><span><b>Timestamp:</b></span><br/><span>2024-07-21 10:05:24 UTC<br/>2024-07-21 10:05:34 UTC</span></div>
</div>]]></description>
		<Style>
			<LineStyle>
				<color>ff00ff0c</color>
				<width>2</width>
			</LineStyle>
		</Style>
		<MultiGeometry>
			<LineString>
				<tessellate>1</tessellate>
				<altitudeMode>absolute</altitudeMode>
				<coordinates>
					126.26178,33.438751,1097.28 126.270523,33.434795,1066.8 
				</coordinates>
			</LineString>
		</MultiGeometry>
	</Placemark>
	<Placemark>
		<name>P-331</name>
		<visibility>0</visibility>
		<description><![CDATA[<div><div><span><b>Altitude:</b></span> <span>3,500 ft - 3,375 ft</span></div>
<div><span><b>Speed:</b></span> <span>193 kt</span></div>
<div><span><b>Timestamp:</b></span><br/><span>2024-07-21 10:05:34 UTC<br/>2024-07-21 10:05:43 UTC</span></div>
</div>]]></description>
		<Style>
			<LineStyle>
				<color>ff00ff0c</color>
				<width>2</width>
			</LineStyle>
		</Style>
		<MultiGeometry>
			<LineString>
				<tessellate>1</tessellate>
				<altitudeMode>absolute</altitudeMode>
				<coordinates>
					126.270523,33.434795,1066.8 126.278931,33.431023,1028.7 
				</coordinates>
			</LineString>
		</MultiGeometry>
	</Placemark>
	<Placemark>
		<name>P-332</name>
		<visibility>0</visibility>
		<description><![CDATA[<div><div><span><b>Altitude:</b></span> <span>3,375 ft - 3,275 ft</span></div>
<div><span><b>Speed:</b></span> <span>193 kt</span></div>
<div><span><b>Timestamp:</b></span><br/><span>2024-07-21 10:05:43 UTC<br/>2024-07-21 10:05:52 UTC</span></div>
</div>]]></description>
		<Style>
			<LineStyle>
				<color>ff00ff0c</color>
				<width>2</width>
			</LineStyle>
		</Style>
		<MultiGeometry>
			<LineString>
				<tessellate>1</tessellate>
				<altitudeMode>absolute</altitudeMode>
				<coordinates>
					126.278931,33.431023,1028.7 126.287727,33.427021,998.2199999999998 
				</coordinates>
			</LineString>
		</MultiGeometry>
	</Placemark>
	<Placemark>
		<name>P-333</name>
		<visibility>0</visibility>
		<description><![CDATA[<div><div><span><b>Altitude:</b></span> <span>3,275 ft - 3,150 ft</span></div>
<div><span><b>Speed:</b></span> <span>193 kt - 191 kt</span></div>
<div><span><b>Timestamp:</b></span><br/><span>2024-07-21 10:05:52 UTC<br/>2024-07-21 10:06:01 UTC</span></div>
</div>]]></description>
		<Style>
			<LineStyle>
				<color>ff1eff00</color>
				<width>2</width>
			</LineStyle>
		</Style>
		<MultiGeometry>
			<LineString>
				<tessellate>1</tessellate>
				<altitudeMode>absolute</altitudeMode>
				<coordinates>
					126.287727,33.427021,998.2199999999998 126.296028,33.423344,960.12 
				</coordinates>
			</LineString>
		</MultiGeometry>
	</Placemark>
	<Placemark>
		<name>P-334</name>
		<visibility>0</visibility>
		<description><![CDATA[<div><div><span><b>Altitude:</b></span> <span>3,150 ft - 3,100 ft</span></div>
<div><span><b>Speed:</b></span> <span>191 kt - 194 kt</span></div>
<div><span><b>Timestamp:</b></span><br/><span>2024-07-21 10:06:01 UTC<br/>2024-07-21 10:06:04 UTC</span></div>
</div>]]></description>
		<Style>
			<LineStyle>
				<color>ff1eff00</color>
				<width>2</width>
			</LineStyle>
		</Style>
		<MultiGeometry>
			<LineString>
				<tessellate>1</tessellate>
				<altitudeMode>absolute</altitudeMode>
				<coordinates>
					126.296028,33.423344,960.12 126.29921,33.422333,944.8799999999998 
				</coordinates>
			</LineString>
		</MultiGeometry>
	</Placemark>
	<Placemark>
		<name>P-335</name>
		<visibility>0</visibility>
		<description><![CDATA[<div><div><span><b>Altitude:</b></span> <span>3,100 ft - 3,050 ft</span></div>
<div><span><b>Speed:</b></span> <span>194 kt - 199 kt</span></div>
<div><span><b>Timestamp:</b></span><br/><span>2024-07-21 10:06:04 UTC<br/>2024-07-21 10:06:07 UTC</span></div>
</div>]]></description>
		<Style>
			<LineStyle>
				<color>ff1eff00</color>
				<width>2</width>
			</LineStyle>
		</Style>
		<MultiGeometry>
			<LineString>
				<tessellate>1</tessellate>
				<altitudeMode>absolute</altitudeMode>
				<coordinates>
					126.29921,33.422333,944.8799999999998 126.302864,33.421761,929.64 
				</coordinates>
			</LineString>
		</MultiGeometry>
	</Placemark>
	<Placemark>
		<name>P-336</name>
		<visibility>0</visibility>
		<description><![CDATA[<div><div><span><b>Altitude:</b></span> <span>3,050 ft - 3,000 ft</span></div>
<div><span><b>Speed:</b></span> <span>199 kt - 201 kt</span></div>
<div><span><b>Timestamp:</b></span><br/><span>2024-07-21 10:06:07 UTC<br/>2024-07-21 10:06:10 UTC</span></div>
</div>]]></description>
		<Style>
			<LineStyle>
				<color>ff1eff00</color>
				<width>2</width>
			</LineStyle>
		</Style>
		<MultiGeometry>
			<LineString>
				<tessellate>1</tessellate>
				<altitudeMode>absolute</altitudeMode>
				<coordinates>
					126.302864,33.421761,929.64 126.305107,33.421715,914.3999999999999 
				</coordinates>
			</LineString>
		</MultiGeometry>
	</Placemark>
	<Placemark>
		<name>P-337</name>
		<visibility>0</visibility>
		<description><![CDATA[<div><div><span><b>Altitude:</b></span> <span>3,000 ft - 2,950 ft</span></div>
<div><span><b>Speed:</b></span> <span>201 kt - 203 kt</span></div>
<div><span><b>Timestamp:</b></span><br/><span>2024-07-21 10:06:10 UTC<br/>2024-07-21 10:06:13 UTC</span></div>
</div>]]></description>
		<Style>
			<LineStyle>
				<color>ff1eff00</color>
				<width>2</width>
			</LineStyle>
		</Style>
		<MultiGeometry>
			<LineString>
				<tessellate>1</tessellate>
				<altitudeMode>absolute</altitudeMode>
				<coordinates>
					126.305107,33.421715,914.3999999999999 126.309814,33.422104,899.16 
				</coordinates>
			</LineString>
		</MultiGeometry>
	</Placemark>
	<Placemark>
		<name>P-338</name>
		<visibility>0</visibility>
		<description><![CDATA[<div><div><span><b>Altitude:</b></span> <span>2,950 ft - 2,925 ft</span></div>
<div><span><b>Speed:</b></span> <span>203 kt</span></div>
<div><span><b>Timestamp:</b></span><br/><span>2024-07-21 10:06:13 UTC<br/>2024-07-21 10:06:16 UTC</span></div>
</div>]]></description>
		<Style>
			<LineStyle>
				<color>ff1eff00</color>
				<width>2</width>
			</LineStyle>
		</Style>
		<MultiGeometry>
			<LineString>
				<tessellate>1</tessellate>
				<altitudeMode>absolute</altitudeMode>
				<coordinates>
					126.309814,33.422104,899.16 126.31311,33.422791,891.5399999999997 
				</coordinates>
			</LineString>
		</MultiGeometry>
	</Placemark>
	<Placemark>
		<name>P-339</name>
		<visibility>0</visibility>
		<description><![CDATA[<div><div><span><b>Altitude:</b></span> <span>2,925 ft - 2,900 ft</span></div>
<div><span><b>Speed:</b></span> <span>203 kt</span></div>
<div><span><b>Timestamp:</b></span><br/><span>2024-07-21 10:06:16 UTC<br/>2024-07-21 10:06:19 UTC</span></div>
</div>]]></description>
		<Style>
			<LineStyle>
				<color>ff1eff00</color>
				<width>2</width>
			</LineStyle>
		</Style>
		<MultiGeometry>
			<LineString>
				<tessellate>1</tessellate>
				<altitudeMode>absolute</altitudeMode>
				<coordinates>
					126.31311,33.422791,891.5399999999997 126.316353,33.423706,883.9199999999998 
				</coordinates>
			</LineString>
		</MultiGeometry>
	</Placemark>
	<Placemark>
		<name>P-340</name>
		<visibility>0</visibility>
		<description><![CDATA[<div><div><span><b>Altitude:</b></span> <span>2,900 ft - 2,850 ft</span></div>
<div><span><b>Speed:</b></span> <span>203 kt - 204 kt</span></div>
<div><span><b>Timestamp:</b></span><br/><span>2024-07-21 10:06:19 UTC<br/>2024-07-21 10:06:22 UTC</span></div>
</div>]]></description>
		<Style>
			<LineStyle>
				<color>ff1eff00</color>
				<width>2</width>
			</LineStyle>
		</Style>
		<MultiGeometry>
			<LineString>
				<tessellate>1</tessellate>
				<altitudeMode>absolute</altitudeMode>
				<coordinates>
					126.316353,33.423706,883.9199999999998 126.319374,33.424759,868.6799999999999 
				</coordinates>
			</LineString>
		</MultiGeometry>
	</Placemark>
	<Placemark>
		<name>P-341</name>
		<visibility>0</visibility>
		<description><![CDATA[<div><div><span><b>Altitude:</b></span> <span>2,850 ft - 2,800 ft</span></div>
<div><span><b>Speed:</b></span> <span>204 kt - 203 kt</span></div>
<div><span><b>Timestamp:</b></span><br/><span>2024-07-21 10:06:22 UTC<br/>2024-07-21 10:06:25 UTC</span></div>
</div>]]></description>
		<Style>
			<LineStyle>
				<color>ff1eff00</color>
				<width>2</width>
			</LineStyle>
		</Style>
		<MultiGeometry>
			<LineString>
				<tessellate>1</tessellate>
				<altitudeMode>absolute</altitudeMode>
				<coordinates>
					126.319374,33.424759,868.6799999999999 126.322342,33.425949,853.4399999999999 
				</coordinates>
			</LineString>
		</MultiGeometry>
	</Placemark>
	<Placemark>
		<name>P-342</name>
		<visibility>0</visibility>
		<description><![CDATA[<div><div><span><b>Altitude:</b></span> <span>2,800 ft - 2,750 ft</span></div>
<div><span><b>Speed:</b></span> <span>203 kt</span></div>
<div><span><b>Timestamp:</b></span><br/><span>2024-07-21 10:06:25 UTC<br/>2024-07-21 10:06:28 UTC</span></div>
</div>]]></description>
		<Style>
			<LineStyle>
				<color>ff1eff00</color>
				<width>2</width>
			</LineStyle>
		</Style>
		<MultiGeometry>
			<LineString>
				<tessellate>1</tessellate>
				<altitudeMode>absolute</altitudeMode>
				<coordinates>
					126.322342,33.425949,853.4399999999999 126.325394,33.427208,838.2 
				</coordinates>
			</LineString>
		</MultiGeometry>
	</Placemark>
	<Placemark>
		<name>P-343</name>
		<visibility>0</visibility>
		<description><![CDATA[<div><div><span><b>Altitude:</b></span> <span>2,750 ft - 2,700 ft</span></div>
<div><span><b>Speed:</b></span> <span>203 kt</span></div>
<div><span><b>Timestamp:</b></span><br/><span>2024-07-21 10:06:28 UTC<br/>2024-07-21 10:06:31 UTC</span></div>
</div>]]></description>
		<Style>
			<LineStyle>
				<color>ff1eff00</color>
				<width>2</width>
			</LineStyle>
		</Style>
		<MultiGeometry>
			<LineString>
				<tessellate>1</tessellate>
				<altitudeMode>absolute</altitudeMode>
				<coordinates>
					126.325394,33.427208,838.2 126.328384,33.428558,822.96 
				</coordinates>
			</LineString>
		</MultiGeometry>
	</Placemark>
	<Placemark>
		<name>P-344</name>
		<visibility>0</visibility>
		<description><![CDATA[<div><div><span><b>Altitude:</b></span> <span>2,700 ft - 2,650 ft</span></div>
<div><span><b>Speed:</b></span> <span>203 kt</span></div>
<div><span><b>Timestamp:</b></span><br/><span>2024-07-21 10:06:31 UTC<br/>2024-07-21 10:06:34 UTC</span></div>
</div>]]></description>
		<Style>
			<LineStyle>
				<color>ff1eff00</color>
				<width>2</width>
			</LineStyle>
		</Style>
		<MultiGeometry>
			<LineString>
				<tessellate>1</tessellate>
				<altitudeMode>absolute</altitudeMode>
				<coordinates>
					126.328384,33.428558,822.96 126.331238,33.429886,807.7199999999999 
				</coordinates>
			</LineString>
		</MultiGeometry>
	</Placemark>
	<Placemark>
		<name>P-345</name>
		<visibility>0</visibility>
		<description><![CDATA[<div><div><span><b>Altitude:</b></span> <span>2,650 ft - 2,575 ft</span></div>
<div><span><b>Speed:</b></span> <span>203 kt</span></div>
<div><span><b>Timestamp:</b></span><br/><span>2024-07-21 10:06:34 UTC<br/>2024-07-21 10:06:38 UTC</span></div>
</div>]]></description>
		<Style>
			<LineStyle>
				<color>ff1eff00</color>
				<width>2</width>
			</LineStyle>
		</Style>
		<MultiGeometry>
			<LineString>
				<tessellate>1</tessellate>
				<altitudeMode>absolute</altitudeMode>
				<coordinates>
					126.331238,33.429886,807.7199999999999 126.334587,33.431396,784.86 
				</coordinates>
			</LineString>
		</MultiGeometry>
	</Placemark>
	<Placemark>
		<name>P-346</name>
		<visibility>0</visibility>
		<description><![CDATA[<div><div><span><b>Altitude:</b></span> <span>2,575 ft - 2,525 ft</span></div>
<div><span><b>Speed:</b></span> <span>203 kt</span></div>
<div><span><b>Timestamp:</b></span><br/><span>2024-07-21 10:06:38 UTC<br/>2024-07-21 10:06:41 UTC</span></div>
</div>]]></description>
		<Style>
			<LineStyle>
				<color>ff42ff00</color>
				<width>2</width>
			</LineStyle>
		</Style>
		<MultiGeometry>
			<LineString>
				<tessellate>1</tessellate>
				<altitudeMode>absolute</altitudeMode>
				<coordinates>
					126.334587,33.431396,784.86 126.337563,33.432838,769.62 
				</coordinates>
			</LineString>
		</MultiGeometry>
	</Placemark>
	<Placemark>
		<name>P-347</name>
		<visibility>0</visibility>
		<description><![CDATA[<div><div><span><b>Altitude:</b></span> <span>2,525 ft - 2,475 ft</span></div>
<div><span><b>Speed:</b></span> <span>203 kt - 202 kt</span></div>
<div><span><b>Timestamp:</b></span><br/><span>2024-07-21 10:06:41 UTC<br/>2024-07-21 10:06:44 UTC</span></div>
</div>]]></description>
		<Style>
			<LineStyle>
				<color>ff42ff00</color>
				<width>2</width>
			</LineStyle>
		</Style>
		<MultiGeometry>
			<LineString>
				<tessellate>1</tessellate>
				<altitudeMode>absolute</altitudeMode>
				<coordinates>
					126.337563,33.432838,769.62 126.340408,33.434189,754.38 
				</coordinates>
			</LineString>
		</MultiGeometry>
	</Placemark>
	<Placemark>
		<name>P-348</name>
		<visibility>0</visibility>
		<description><![CDATA[<div><div><span><b>Altitude:</b></span> <span>2,475 ft - 2,425 ft</span></div>
<div><span><b>Speed:</b></span> <span>202 kt</span></div>
<div><span><b>Timestamp:</b></span><br/><span>2024-07-21 10:06:44 UTC<br/>2024-07-21 10:06:47 UTC</span></div>
</div>]]></description>
		<Style>
			<LineStyle>
				<color>ff42ff00</color>
				<width>2</width>
			</LineStyle>
		</Style>
		<MultiGeometry>
			<LineString>
				<tessellate>1</tessellate>
				<altitudeMode>absolute</altitudeMode>
				<coordinates>
					126.340408,33.434189,754.38 126.343048,33.435471,739.14 
				</coordinates>
			</LineString>
		</MultiGeometry>
	</Placemark>
	<Placemark>
		<name>P-349</name>
		<visibility>0</visibility>
		<description><![CDATA[<div><div><span><b>Altitude:</b></span> <span>2,425 ft - 2,350 ft</span></div>
<div><span><b>Speed:</b></span> <span>202 kt</span></div>
<div><span><b>Timestamp:</b></span><br/><span>2024-07-21 10:06:47 UTC<br/>2024-07-21 10:06:50 UTC</span></div>
</div>]]></description>
		<Style>
			<LineStyle>
				<color>ff42ff00</color>
				<width>2</width>
			</LineStyle>
		</Style>
		<MultiGeometry>
			<LineString>
				<tessellate>1</tessellate>
				<altitudeMode>absolute</altitudeMode>
				<coordinates>
					126.343048,33.435471,739.14 126.346237,33.437027,716.28 
				</coordinates>
			</LineString>
		</MultiGeometry>
	</Placemark>
	<Placemark>
		<name>P-350</name>
		<visibility>0</visibility>
		<description><![CDATA[<div><div><span><b>Altitude:</b></span> <span>2,350 ft - 2,300 ft</span></div>
<div><span><b>Speed:</b></span> <span>202 kt - 200 kt</span></div>
<div><span><b>Timestamp:</b></span><br/><span>2024-07-21 10:06:50 UTC<br/>2024-07-21 10:06:53 UTC</span></div>
</div>]]></description>
		<Style>
			<LineStyle>
				<color>ff42ff00</color>
				<width>2</width>
			</LineStyle>
		</Style>
		<MultiGeometry>
			<LineString>
				<tessellate>1</tessellate>
				<altitudeMode>absolute</altitudeMode>
				<coordinates>
					126.346237,33.437027,716.28 126.34922,33.438564,701.04 
				</coordinates>
			</LineString>
		</MultiGeometry>
	</Placemark>
	<Placemark>
		<name>P-351</name>
		<visibility>0</visibility>
		<description><![CDATA[<div><div><span><b>Altitude:</b></span> <span>2,300 ft - 2,250 ft</span></div>
<div><span><b>Speed:</b></span> <span>200 kt - 198 kt</span></div>
<div><span><b>Timestamp:</b></span><br/><span>2024-07-21 10:06:53 UTC<br/>2024-07-21 10:06:56 UTC</span></div>
</div>]]></description>
		<Style>
			<LineStyle>
				<color>ff42ff00</color>
				<width>2</width>
			</LineStyle>
		</Style>
		<MultiGeometry>
			<LineString>
				<tessellate>1</tessellate>
				<altitudeMode>absolute</altitudeMode>
				<coordinates>
					126.34922,33.438564,701.04 126.352165,33.440048,685.8 
				</coordinates>
			</LineString>
		</MultiGeometry>
	</Placemark>
	<Placemark>
		<name>P-352</name>
		<visibility>0</visibility>
		<description><![CDATA[<div><div><span><b>Altitude:</b></span> <span>2,250 ft - 2,200 ft</span></div>
<div><span><b>Speed:</b></span> <span>198 kt - 196 kt</span></div>
<div><span><b>Timestamp:</b></span><br/><span>2024-07-21 10:06:56 UTC<br/>2024-07-21 10:06:59 UTC</span></div>
</div>]]></description>
		<Style>
			<LineStyle>
				<color>ff42ff00</color>
				<width>2</width>
			</LineStyle>
		</Style>
		<MultiGeometry>
			<LineString>
				<tessellate>1</tessellate>
				<altitudeMode>absolute</altitudeMode>
				<coordinates>
					126.352165,33.440048,685.8 126.354599,33.44136,670.5599999999998 
				</coordinates>
			</LineString>
		</MultiGeometry>
	</Placemark>
	<Placemark>
		<name>P-353</name>
		<visibility>0</visibility>
		<description><![CDATA[<div><div><span><b>Altitude:</b></span> <span>2,200 ft - 2,125 ft</span></div>
<div><span><b>Speed:</b></span> <span>196 kt - 192 kt</span></div>
<div><span><b>Timestamp:</b></span><br/><span>2024-07-21 10:06:59 UTC<br/>2024-07-21 10:07:04 UTC</span></div>
</div>]]></description>
		<Style>
			<LineStyle>
				<color>ff42ff00</color>
				<width>2</width>
			</LineStyle>
		</Style>
		<MultiGeometry>
			<LineString>
				<tessellate>1</tessellate>
				<altitudeMode>absolute</altitudeMode>
				<coordinates>
					126.354599,33.44136,670.5599999999998 126.359085,33.443665,647.6999999999999 
				</coordinates>
			</LineString>
		</MultiGeometry>
	</Placemark>
	<Placemark>
		<name>P-354</name>
		<visibility>0</visibility>
		<description><![CDATA[<div><div><span><b>Altitude:</b></span> <span>2,125 ft - 2,000 ft</span></div>
<div><span><b>Speed:</b></span> <span>192 kt - 185 kt</span></div>
<div><span><b>Timestamp:</b></span><br/><span>2024-07-21 10:07:04 UTC<br/>2024-07-21 10:07:13 UTC</span></div>
</div>]]></description>
		<Style>
			<LineStyle>
				<color>ff42ff00</color>
				<width>2</width>
			</LineStyle>
		</Style>
		<MultiGeometry>
			<LineString>
				<tessellate>1</tessellate>
				<altitudeMode>absolute</altitudeMode>
				<coordinates>
					126.359085,33.443665,647.6999999999999 126.367378,33.447968,609.6 
				</coordinates>
			</LineString>
		</MultiGeometry>
	</Placemark>
	<Placemark>
		<name>P-355</name>
		<visibility>0</visibility>
		<description><![CDATA[<div><div><span><b>Altitude:</b></span> <span>2,000 ft - 1,900 ft</span></div>
<div><span><b>Speed:</b></span> <span>185 kt - 175 kt</span></div>
<div><span><b>Timestamp:</b></span><br/><span>2024-07-21 10:07:13 UTC<br/>2024-07-21 10:07:20 UTC</span></div>
</div>]]></description>
		<Style>
			<LineStyle>
				<color>ff42ff00</color>
				<width>2</width>
			</LineStyle>
		</Style>
		<MultiGeometry>
			<LineString>
				<tessellate>1</tessellate>
				<altitudeMode>absolute</altitudeMode>
				<coordinates>
					126.367378,33.447968,609.6 126.373642,33.451218,579.1199999999999 
				</coordinates>
			</LineString>
		</MultiGeometry>
	</Placemark>
	<Placemark>
		<name>P-356</name>
		<visibility>0</visibility>
		<description><![CDATA[<div><div><span><b>Altitude:</b></span> <span>1,900 ft - 1,775 ft</span></div>
<div><span><b>Speed:</b></span> <span>175 kt - 166 kt</span></div>
<div><span><b>Timestamp:</b></span><br/><span>2024-07-21 10:07:20 UTC<br/>2024-07-21 10:07:29 UTC</span></div>
</div>]]></description>
		<Style>
			<LineStyle>
				<color>ffccff00</color>
				<width>2</width>
			</LineStyle>
		</Style>
		<MultiGeometry>
			<LineString>
				<tessellate>1</tessellate>
				<altitudeMode>absolute</altitudeMode>
				<coordinates>
					126.373642,33.451218,579.1199999999999 126.380104,33.454533,541.0199999999999 
				</coordinates>
			</LineString>
		</MultiGeometry>
	</Placemark>
	<Placemark>
		<name>P-357</name>
		<visibility>0</visibility>
		<description><![CDATA[<div><div><span><b>Altitude:</b></span> <span>1,775 ft - 1,650 ft</span></div>
<div><span><b>Speed:</b></span> <span>166 kt - 157 kt</span></div>
<div><span><b>Timestamp:</b></span><br/><span>2024-07-21 10:07:29 UTC<br/>2024-07-21 10:07:36 UTC</span></div>
</div>]]></description>
		<Style>
			<LineStyle>
				<color>ffccff00</color>
				<width>2</width>
			</LineStyle>
		</Style>
		<MultiGeometry>
			<LineString>
				<tessellate>1</tessellate>
				<altitudeMode>absolute</altitudeMode>
				<coordinates>
					126.380104,33.454533,541.0199999999999 126.385895,33.457489,502.92 
				</coordinates>
			</LineString>
		</MultiGeometry>
	</Placemark>
	<Placemark>
		<name>P-358</name>
		<visibility>0</visibility>
		<description><![CDATA[<div><div><span><b>Altitude:</b></span> <span>1,650 ft - 1,575 ft</span></div>
<div><span><b>Speed:</b></span> <span>157 kt - 150 kt</span></div>
<div><span><b>Timestamp:</b></span><br/><span>2024-07-21 10:07:36 UTC<br/>2024-07-21 10:07:43 UTC</span></div>
</div>]]></description>
		<Style>
			<LineStyle>
				<color>ffccff00</color>
				<width>2</width>
			</LineStyle>
		</Style>
		<MultiGeometry>
			<LineString>
				<tessellate>1</tessellate>
				<altitudeMode>absolute</altitudeMode>
				<coordinates>
					126.385895,33.457489,502.92 126.391426,33.460354,480.06 
				</coordinates>
			</LineString>
		</MultiGeometry>
	</Placemark>
	<Placemark>
		<name>P-359</name>
		<visibility>0</visibility>
		<description><![CDATA[<div><div><span><b>Altitude:</b></span> <span>1,575 ft - 1,425 ft</span></div>
<div><span><b>Speed:</b></span> <span>150 kt - 144 kt</span></div>
<div><span><b>Timestamp:</b></span><br/><span>2024-07-21 10:07:43 UTC<br/>2024-07-21 10:07:57 UTC</span></div>
</div>]]></description>
		<Style>
			<LineStyle>
				<color>ffccff00</color>
				<width>2</width>
			</LineStyle>
		</Style>
		<MultiGeometry>
			<LineString>
				<tessellate>1</tessellate>
				<altitudeMode>absolute</altitudeMode>
				<coordinates>
					126.391426,33.460354,480.06 126.400337,33.464962,434.34 
				</coordinates>
			</LineString>
		</MultiGeometry>
	</Placemark>
	<Placemark>
		<name>P-360</name>
		<visibility>0</visibility>
		<description><![CDATA[<div><div><span><b>Altitude:</b></span> <span>1,425 ft - 1,325 ft</span></div>
<div><span><b>Speed:</b></span> <span>144 kt - 141 kt</span></div>
<div><span><b>Timestamp:</b></span><br/><span>2024-07-21 10:07:57 UTC<br/>2024-07-21 10:08:06 UTC</span></div>
</div>]]></description>
		<Style>
			<LineStyle>
				<color>ffccff00</color>
				<width>2</width>
			</LineStyle>
		</Style>
		<MultiGeometry>
			<LineString>
				<tessellate>1</tessellate>
				<altitudeMode>absolute</altitudeMode>
				<coordinates>
					126.400337,33.464962,434.34 126.406952,33.468266,403.86 
				</coordinates>
			</LineString>
		</MultiGeometry>
	</Placemark>
	<Placemark>
		<name>P-361</name>
		<visibility>0</visibility>
		<description><![CDATA[<div><div><span><b>Altitude:</b></span> <span>1,325 ft - 1,200 ft</span></div>
<div><span><b>Speed:</b></span> <span>141 kt - 140 kt</span></div>
<div><span><b>Timestamp:</b></span><br/><span>2024-07-21 10:08:06 UTC<br/>2024-07-21 10:08:15 UTC</span></div>
</div>]]></description>
		<Style>
			<LineStyle>
				<color>ffccff00</color>
				<width>2</width>
			</LineStyle>
		</Style>
		<MultiGeometry>
			<LineString>
				<tessellate>1</tessellate>
				<altitudeMode>absolute</altitudeMode>
				<coordinates>
					126.406952,33.468266,403.86 126.413177,33.471386,365.76 
				</coordinates>
			</LineString>
		</MultiGeometry>
	</Placemark>
	<Placemark>
		<name>P-362</name>
		<visibility>0</visibility>
		<description><![CDATA[<div><div><span><b>Altitude:</b></span> <span>1,200 ft - 1,175 ft</span></div>
<div><span><b>Speed:</b></span> <span>140 kt</span></div>
<div><span><b>Timestamp:</b></span><br/><span>2024-07-21 10:08:15 UTC<br/>2024-07-21 10:08:24 UTC</span></div>
</div>]]></description>
		<Style>
			<LineStyle>
				<color>fff0ff00</color>
				<width>2</width>
			</LineStyle>
		</Style>
		<MultiGeometry>
			<LineString>
				<tessellate>1</tessellate>
				<altitudeMode>absolute</altitudeMode>
				<coordinates>
					126.413177,33.471386,365.76 126.415756,33.472736,358.14 
				</coordinates>
			</LineString>
		</MultiGeometry>
	</Placemark>
	<Placemark>
		<name>P-363</name>
		<visibility>0</visibility>
		<description><![CDATA[<div><div><span><b>Altitude:</b></span> <span>1,175 ft - 1,025 ft</span></div>
<div><span><b>Speed:</b></span> <span>140 kt - 139 kt</span></div>
<div><span><b>Timestamp:</b></span><br/><span>2024-07-21 10:08:24 UTC<br/>2024-07-21 10:08:32 UTC</span></div>
</div>]]></description>
		<Style>
			<LineStyle>
				<color>fff0ff00</color>
				<width>2</width>
			</LineStyle>
		</Style>
		<MultiGeometry>
			<LineString>
				<tessellate>1</tessellate>
				<altitudeMode>absolute</altitudeMode>
				<coordinates>
					126.415756,33.472736,358.14 126.423264,33.476597,312.42 
				</coordinates>
			</LineString>
		</MultiGeometry>
	</Placemark>
	<Placemark>
		<name>P-364</name>
		<visibility>0</visibility>
		<description><![CDATA[<div><div><span><b>Altitude:</b></span> <span>1,025 ft - 925 ft</span></div>
<div><span><b>Speed:</b></span> <span>139 kt - 141 kt</span></div>
<div><span><b>Timestamp:</b></span><br/><span>2024-07-21 10:08:32 UTC<br/>2024-07-21 10:08:41 UTC</span></div>
</div>]]></description>
		<Style>
			<LineStyle>
				<color>fff0ff00</color>
				<width>2</width>
			</LineStyle>
		</Style>
		<MultiGeometry>
			<LineString>
				<tessellate>1</tessellate>
				<altitudeMode>absolute</altitudeMode>
				<coordinates>
					126.423264,33.476597,312.42 126.428421,33.479252,281.94 
				</coordinates>
			</LineString>
		</MultiGeometry>
	</Placemark>
	<Placemark>
		<name>P-365</name>
		<visibility>0</visibility>
		<description><![CDATA[<div><div><span><b>Altitude:</b></span> <span>925 ft - 825 ft</span></div>
<div><span><b>Speed:</b></span> <span>141 kt - 140 kt</span></div>
<div><span><b>Timestamp:</b></span><br/><span>2024-07-21 10:08:41 UTC<br/>2024-07-21 10:08:47 UTC</span></div>
</div>]]></description>
		<Style>
			<LineStyle>
				<color>ffffea00</color>
				<width>2</width>
			</LineStyle>
		</Style>
		<MultiGeometry>
			<LineString>
				<tessellate>1</tessellate>
				<altitudeMode>absolute</altitudeMode>
				<coordinates>
					126.428421,33.479252,281.94 126.434288,33.482346,251.46 
				</coordinates>
			</LineString>
		</MultiGeometry>
	</Placemark>
	<Placemark>
		<name>P-366</name>
		<visibility>0</visibility>
		<description><![CDATA[<div><div><span><b>Altitude:</b></span> <span>825 ft - 725 ft</span></div>
<div><span><b>Speed:</b></span> <span>140 kt - 145 kt</span></div>
<div><span><b>Timestamp:</b></span><br/><span>2024-07-21 10:08:47 UTC<br/>2024-07-21 10:08:57 UTC</span></div>
</div>]]></description>
		<Style>
			<LineStyle>
				<color>ffffea00</color>
				<width>2</width>
			</LineStyle>
		</Style>
		<MultiGeometry>
			<LineString>
				<tessellate>1</tessellate>
				<altitudeMode>absolute</altitudeMode>
				<coordinates>
					126.434288,33.482346,251.46 126.440643,33.485584,220.98 
				</coordinates>
			</LineString>
		</MultiGeometry>
	</Placemark>
	<Placemark>
		<name>P-367</name>
		<visibility>0</visibility>
		<description><![CDATA[<div><div><span><b>Altitude:</b></span> <span>725 ft - 625 ft</span></div>
<div><span><b>Speed:</b></span> <span>145 kt - 138 kt</span></div>
<div><span><b>Timestamp:</b></span><br/><span>2024-07-21 10:08:57 UTC<br/>2024-07-21 10:09:05 UTC</span></div>
</div>]]></description>
		<Style>
			<LineStyle>
				<color>ffffea00</color>
				<width>2</width>
			</LineStyle>
		</Style>
		<MultiGeometry>
			<LineString>
				<tessellate>1</tessellate>
				<altitudeMode>absolute</altitudeMode>
				<coordinates>
					126.440643,33.485584,220.98 126.446541,33.488617,190.5 
				</coordinates>
			</LineString>
		</MultiGeometry>
	</Placemark>
	<Placemark>
		<name>P-368</name>
		<visibility>0</visibility>
		<description><![CDATA[<div><div><span><b>Altitude:</b></span> <span>625 ft - 475 ft</span></div>
<div><span><b>Speed:</b></span> <span>138 kt - 132 kt</span></div>
<div><span><b>Timestamp:</b></span><br/><span>2024-07-21 10:09:05 UTC<br/>2024-07-21 10:09:18 UTC</span></div>
</div>]]></description>
		<Style>
			<LineStyle>
				<color>ffffe062</color>
				<width>2</width>
			</LineStyle>
		</Style>
		<MultiGeometry>
			<LineString>
				<tessellate>1</tessellate>
				<altitudeMode>absolute</altitudeMode>
				<coordinates>
					126.446541,33.488617,190.5 126.45401,33.492462,144.78 
				</coordinates>
			</LineString>
		</MultiGeometry>
	</Placemark>
	<Placemark>
		<name>P-369</name>
		<visibility>0</visibility>
		<description><![CDATA[<div><div><span><b>Altitude:</b></span> <span>475 ft - 375 ft</span></div>
<div><span><b>Speed:</b></span> <span>132 kt - 130 kt</span></div>
<div><span><b>Timestamp:</b></span><br/><span>2024-07-21 10:09:18 UTC<br/>2024-07-21 10:09:27 UTC</span></div>
</div>]]></description>
		<Style>
			<LineStyle>
				<color>ffffe062</color>
				<width>2</width>
			</LineStyle>
		</Style>
		<MultiGeometry>
			<LineString>
				<tessellate>1</tessellate>
				<altitudeMode>absolute</altitudeMode>
				<coordinates>
					126.45401,33.492462,144.78 126.460052,33.495575,114.3 
				</coordinates>
			</LineString>
		</MultiGeometry>
	</Placemark>
	<Placemark>
		<name>P-370</name>
		<visibility>0</visibility>
		<description><![CDATA[<div><div><span><b>Altitude:</b></span> <span>375 ft - 275 ft</span></div>
<div><span><b>Speed:</b></span> <span>130 kt - 126 kt</span></div>
<div><span><b>Timestamp:</b></span><br/><span>2024-07-21 10:09:27 UTC<br/>2024-07-21 10:09:40 UTC</span></div>
</div>]]></description>
		<Style>
			<LineStyle>
				<color>ffffe062</color>
				<width>2</width>
			</LineStyle>
		</Style>
		<MultiGeometry>
			<LineString>
				<tessellate>1</tessellate>
				<altitudeMode>absolute</altitudeMode>
				<coordinates>
					126.460052,33.495575,114.3 126.466644,33.498962,83.81999999999998 
				</coordinates>
			</LineString>
		</MultiGeometry>
	</Placemark>
	<Placemark>
		<name>P-371</name>
		<visibility>0</visibility>
		<description><![CDATA[<div><div><span><b>Altitude:</b></span> <span>275 ft - 150 ft</span></div>
<div><span><b>Speed:</b></span> <span>126 kt - 124 kt</span></div>
<div><span><b>Timestamp:</b></span><br/><span>2024-07-21 10:09:40 UTC<br/>2024-07-21 10:09:48 UTC</span></div>
</div>]]></description>
		<Style>
			<LineStyle>
				<color>ffffffff</color>
				<width>2</width>
			</LineStyle>
		</Style>
		<MultiGeometry>
			<LineString>
				<tessellate>1</tessellate>
				<altitudeMode>absolute</altitudeMode>
				<coordinates>
					126.466644,33.498962,83.81999999999998 126.472366,33.501923,45.72 
				</coordinates>
			</LineString>
		</MultiGeometry>
	</Placemark>
	<Placemark>
		<name>P-372</name>
		<visibility>0</visibility>
		<description><![CDATA[<div><div><span><b>Altitude:</b></span> <span>150 ft - 100 ft</span></div>
<div><span><b>Speed:</b></span> <span>124 kt - 104 kt</span></div>
<div><span><b>Timestamp:</b></span><br/><span>2024-07-21 10:09:48 UTC<br/>2024-07-21 10:09:58 UTC</span></div>
</div>]]></description>
		<Style>
			<LineStyle>
				<color>ffffffff</color>
				<width>2</width>
			</LineStyle>
		</Style>
		<MultiGeometry>
			<LineString>
				<tessellate>1</tessellate>
				<altitudeMode>absolute</altitudeMode>
				<coordinates>
					126.472366,33.501923,45.72 126.477859,33.504715,30.48 
				</coordinates>
			</LineString>
		</MultiGeometry>
	</Placemark>
	<Placemark>
		<name>P-373</name>
		<visibility>0</visibility>
		<description><![CDATA[<div><div><span><b>Altitude:</b></span> <span>100 ft - 0 ft</span></div>
<div><span><b>Speed:</b></span> <span>104 kt - 82 kt</span></div>
<div><span><b>Timestamp:</b></span><br/><span>2024-07-21 10:09:58 UTC<br/>2024-07-21 10:10:04 UTC</span></div>
</div>]]></description>
		<Style>
			<LineStyle>
				<color>ffffffff</color>
				<width>2</width>
			</LineStyle>
		</Style>
		<MultiGeometry>
			<LineString>
				<tessellate>1</tessellate>
				<coordinates>
					126.477859,33.504715,30.48 126.480309,33.505989,0 
				</coordinates>
			</LineString>
		</MultiGeometry>
	</Placemark>
	<Placemark>
		<name>P-374</name>
		<visibility>0</visibility>
		<description><![CDATA[<div><div><span><b>Altitude:</b></span> <span>0 ft</span></div>
<div><span><b>Speed:</b></span> <span>82 kt - 59 kt</span></div>
<div><span><b>Timestamp:</b></span><br/><span>2024-07-21 10:10:04 UTC<br/>2024-07-21 10:10:12 UTC</span></div>
</div>]]></description>
		<Style>
			<LineStyle>
				<color>ffffffff</color>
				<width>2</width>
			</LineStyle>
		</Style>
		<MultiGeometry>
			<LineString>
				<tessellate>1</tessellate>
				<coordinates>
					126.480309,33.505989,0 126.482681,33.507236,0 
				</coordinates>
			</LineString>
		</MultiGeometry>
	</Placemark>
	<Placemark>
		<name>P-375</name>
		<visibility>0</visibility>
		<description><![CDATA[<div><div><span><b>Altitude:</b></span> <span>0 ft</span></div>
<div><span><b>Speed:</b></span> <span>59 kt - 44 kt</span></div>
<div><span><b>Timestamp:</b></span><br/><span>2024-07-21 10:10:12 UTC<br/>2024-07-21 10:10:19 UTC</span></div>
</div>]]></description>
		<Style>
			<LineStyle>
				<color>ffffffff</color>
				<width>2</width>
			</LineStyle>
		</Style>
		<MultiGeometry>
			<LineString>
				<tessellate>1</tessellate>
				<coordinates>
					126.482681,33.507236,0 126.484421,33.508114,0 
				</coordinates>
			</LineString>
		</MultiGeometry>
	</Placemark>
	<Placemark>
		<name>P-376</name>
		<visibility>0</visibility>
		<description><![CDATA[<div><div><span><b>Altitude:</b></span> <span>0 ft</span></div>
<div><span><b>Speed:</b></span> <span>44 kt - 39 kt</span></div>
<div><span><b>Timestamp:</b></span><br/><span>2024-07-21 10:10:19 UTC<br/>2024-07-21 10:10:22 UTC</span></div>
</div>]]></description>
		<Style>
			<LineStyle>
				<color>ffffffff</color>
				<width>2</width>
			</LineStyle>
		</Style>
		<MultiGeometry>
			<LineString>
				<tessellate>1</tessellate>
				<coordinates>
					126.484421,33.508114,0 126.485008,33.508392,0 
				</coordinates>
			</LineString>
		</MultiGeometry>
	</Placemark>
	<Placemark>
		<name>P-377</name>
		<visibility>0</visibility>
		<description><![CDATA[<div><div><span><b>Altitude:</b></span> <span>0 ft</span></div>
<div><span><b>Speed:</b></span> <span>39 kt - 38 kt</span></div>
<div><span><b>Timestamp:</b></span><br/><span>2024-07-21 10:10:22 UTC<br/>2024-07-21 10:10:24 UTC</span></div>
</div>]]></description>
		<Style>
			<LineStyle>
				<color>ffffffff</color>
				<width>2</width>
			</LineStyle>
		</Style>
		<MultiGeometry>
			<LineString>
				<tessellate>1</tessellate>
				<coordinates>
					126.485008,33.508392,0 126.485214,33.508476,0 
				</coordinates>
			</LineString>
		</MultiGeometry>
	</Placemark>
	<Placemark>
		<name>P-378</name>
		<visibility>0</visibility>
		<description><![CDATA[<div><div><span><b>Altitude:</b></span> <span>0 ft</span></div>
<div><span><b>Speed:</b></span> <span>38 kt - 36 kt</span></div>
<div><span><b>Timestamp:</b></span><br/><span>2024-07-21 10:10:24 UTC<br/>2024-07-21 10:10:26 UTC</span></div>
</div>]]></description>
		<Style>
			<LineStyle>
				<color>ffffffff</color>
				<width>2</width>
			</LineStyle>
		</Style>
		<MultiGeometry>
			<LineString>
				<tessellate>1</tessellate>
				<coordinates>
					126.485214,33.508476,0 126.485596,33.508598,0 
				</coordinates>
			</LineString>
		</MultiGeometry>
	</Placemark>
	<Placemark>
		<name>P-379</name>
		<visibility>0</visibility>
		<description><![CDATA[<div><div><span><b>Altitude:</b></span> <span>0 ft</span></div>
<div><span><b>Speed:</b></span> <span>36 kt - 34 kt</span></div>
<div><span><b>Timestamp:</b></span><br/><span>2024-07-21 10:10:26 UTC<br/>2024-07-21 10:10:28 UTC</span></div>
</div>]]></description>
		<Style>
			<LineStyle>
				<color>ffffffff</color>
				<width>2</width>
			</LineStyle>
		</Style>
		<MultiGeometry>
			<LineString>
				<tessellate>1</tessellate>
				<coordinates>
					126.485596,33.508598,0 126.485977,33.508709,0 
				</coordinates>
			</LineString>
		</MultiGeometry>
	</Placemark>
	<Placemark>
		<name>P-380</name>
		<visibility>0</visibility>
		<description><![CDATA[<div><div><span><b>Altitude:</b></span> <span>0 ft</span></div>
<div><span><b>Speed:</b></span> <span>34 kt - 32 kt</span></div>
<div><span><b>Timestamp:</b></span><br/><span>2024-07-21 10:10:28 UTC<br/>2024-07-21 10:10:30 UTC</span></div>
</div>]]></description>
		<Style>
			<LineStyle>
				<color>ffffffff</color>
				<width>2</width>
			</LineStyle>
		</Style>
		<MultiGeometry>
			<LineString>
				<tessellate>1</tessellate>
				<coordinates>
					126.485977,33.508709,0 126.486282,33.508778,0 
				</coordinates>
			</LineString>
		</MultiGeometry>
	</Placemark>
	<Placemark>
		<name>P-381</name>
		<visibility>0</visibility>
		<description><![CDATA[<div><div><span><b>Altitude:</b></span> <span>0 ft</span></div>
<div><span><b>Speed:</b></span> <span>32 kt - 30 kt</span></div>
<div><span><b>Timestamp:</b></span><br/><span>2024-07-21 10:10:30 UTC<br/>2024-07-21 10:10:32 UTC</span></div>
</div>]]></description>
		<Style>
			<LineStyle>
				<color>ffffffff</color>
				<width>2</width>
			</LineStyle>
		</Style>
		<MultiGeometry>
			<LineString>
				<tessellate>1</tessellate>
				<coordinates>
					126.486282,33.508778,0 126.486626,33.508839,0 
				</coordinates>
			</LineString>
		</MultiGeometry>
	</Placemark>
	<Placemark>
		<name>P-382</name>
		<visibility>0</visibility>
		<description><![CDATA[<div><div><span><b>Altitude:</b></span> <span>0 ft</span></div>
<div><span><b>Speed:</b></span> <span>30 kt - 28 kt</span></div>
<div><span><b>Timestamp:</b></span><br/><span>2024-07-21 10:10:32 UTC<br/>2024-07-21 10:10:34 UTC</span></div>
</div>]]></description>
		<Style>
			<LineStyle>
				<color>ffffffff</color>
				<width>2</width>
			</LineStyle>
		</Style>
		<MultiGeometry>
			<LineString>
				<tessellate>1</tessellate>
				<coordinates>
					126.486626,33.508839,0 126.486938,33.508873,0 
				</coordinates>
			</LineString>
		</MultiGeometry>
	</Placemark>
	<Placemark>
		<name>P-383</name>
		<visibility>0</visibility>
		<description><![CDATA[<div><div><span><b>Altitude:</b></span> <span>0 ft</span></div>
<div><span><b>Speed:</b></span> <span>28 kt - 26 kt</span></div>
<div><span><b>Timestamp:</b></span><br/><span>2024-07-21 10:10:34 UTC<br/>2024-07-21 10:10:35 UTC</span></div>
</div>]]></description>
		<Style>
			<LineStyle>
				<color>ffffffff</color>
				<width>2</width>
			</LineStyle>
		</Style>
		<MultiGeometry>
			<LineString>
				<tessellate>1</tessellate>
				<coordinates>
					126.486938,33.508873,0 126.48716,33.508884,0 
				</coordinates>
			</LineString>
		</MultiGeometry>
	</Placemark>
	<Placemark>
		<name>P-384</name>
		<visibility>0</visibility>
		<description><![CDATA[<div><div><span><b>Altitude:</b></span> <span>0 ft</span></div>
<div><span><b>Speed:</b></span> <span>26 kt</span></div>
<div><span><b>Timestamp:</b></span><br/><span>2024-07-21 10:10:35 UTC<br/>2024-07-21 10:10:37 UTC</span></div>
</div>]]></description>
		<Style>
			<LineStyle>
				<color>ffffffff</color>
				<width>2</width>
			</LineStyle>
		</Style>
		<MultiGeometry>
			<LineString>
				<tessellate>1</tessellate>
				<coordinates>
					126.48716,33.508884,0 126.487373,33.508896,0 
				</coordinates>
			</LineString>
		</MultiGeometry>
	</Placemark>
	<Placemark>
		<name>P-385</name>
		<visibility>0</visibility>
		<description><![CDATA[<div><div><span><b>Altitude:</b></span> <span>0 ft</span></div>
<div><span><b>Speed:</b></span> <span>26 kt - 24 kt</span></div>
<div><span><b>Timestamp:</b></span><br/><span>2024-07-21 10:10:37 UTC<br/>2024-07-21 10:10:39 UTC</span></div>
</div>]]></description>
		<Style>
			<LineStyle>
				<color>ffffffff</color>
				<width>2</width>
			</LineStyle>
		</Style>
		<MultiGeometry>
			<LineString>
				<tessellate>1</tessellate>
				<coordinates>
					126.487373,33.508896,0 126.487625,33.508907,0 
				</coordinates>
			</LineString>
		</MultiGeometry>
	</Placemark>
	<Placemark>
		<name>P-386</name>
		<visibility>0</visibility>
		<description><![CDATA[<div><div><span><b>Altitude:</b></span> <span>0 ft</span></div>
<div><span><b>Speed:</b></span> <span>24 kt - 21 kt</span></div>
<div><span><b>Timestamp:</b></span><br/><span>2024-07-21 10:10:39 UTC<br/>2024-07-21 10:10:41 UTC</span></div>
</div>]]></description>
		<Style>
			<LineStyle>
				<color>ffffffff</color>
				<width>2</width>
			</LineStyle>
		</Style>
		<MultiGeometry>
			<LineString>
				<tessellate>1</tessellate>
				<coordinates>
					126.487625,33.508907,0 126.487877,33.508907,0 
				</coordinates>
			</LineString>
		</MultiGeometry>
	</Placemark>
	<Placemark>
		<name>P-387</name>
		<visibility>0</visibility>
		<description><![CDATA[<div><div><span><b>Altitude:</b></span> <span>0 ft</span></div>
<div><span><b>Speed:</b></span> <span>21 kt - 17 kt</span></div>
<div><span><b>Timestamp:</b></span><br/><span>2024-07-21 10:10:41 UTC<br/>2024-07-21 10:10:44 UTC</span></div>
</div>]]></description>
		<Style>
			<LineStyle>
				<color>ffffffff</color>
				<width>2</width>
			</LineStyle>
		</Style>
		<MultiGeometry>
			<LineString>
				<tessellate>1</tessellate>
				<coordinates>
					126.487877,33.508907,0 126.488136,33.508907,0 
				</coordinates>
			</LineString>
		</MultiGeometry>
	</Placemark>
	<Placemark>
		<name>P-388</name>
		<visibility>0</visibility>
		<description><![CDATA[<div><div><span><b>Altitude:</b></span> <span>0 ft</span></div>
<div><span><b>Speed:</b></span> <span>17 kt - 14 kt</span></div>
<div><span><b>Timestamp:</b></span><br/><span>2024-07-21 10:10:44 UTC<br/>2024-07-21 10:10:47 UTC</span></div>
</div>]]></description>
		<Style>
			<LineStyle>
				<color>ffffffff</color>
				<width>2</width>
			</LineStyle>
		</Style>
		<MultiGeometry>
			<LineString>
				<tessellate>1</tessellate>
				<coordinates>
					126.488136,33.508907,0 126.48838,33.508907,0 
				</coordinates>
			</LineString>
		</MultiGeometry>
	</Placemark>
	<Placemark>
		<name>P-389</name>
		<visibility>0</visibility>
		<description><![CDATA[<div><div><span><b>Altitude:</b></span> <span>0 ft</span></div>
<div><span><b>Speed:</b></span> <span>14 kt - 13 kt</span></div>
<div><span><b>Timestamp:</b></span><br/><span>2024-07-21 10:10:47 UTC<br/>2024-07-21 10:10:50 UTC</span></div>
</div>]]></description>
		<Style>
			<LineStyle>
				<color>ffffffff</color>
				<width>2</width>
			</LineStyle>
		</Style>
		<MultiGeometry>
			<LineString>
				<tessellate>1</tessellate>
				<coordinates>
					126.48838,33.508907,0 126.488594,33.508846,0 
				</coordinates>
			</LineString>
		</MultiGeometry>
	</Placemark>
	<Placemark>
		<name>P-390</name>
		<visibility>0</visibility>
		<description><![CDATA[<div><div><span><b>Altitude:</b></span> <span>0 ft</span></div>
<div><span><b>Speed:</b></span> <span>13 kt - 10 kt</span></div>
<div><span><b>Timestamp:</b></span><br/><span>2024-07-21 10:10:50 UTC<br/>2024-07-21 10:10:55 UTC</span></div>
</div>]]></description>
		<Style>
			<LineStyle>
				<color>ffffffff</color>
				<width>2</width>
			</LineStyle>
		</Style>
		<MultiGeometry>
			<LineString>
				<tessellate>1</tessellate>
				<coordinates>
					126.488594,33.508846,0 126.488754,33.508644,0 
				</coordinates>
			</LineString>
		</MultiGeometry>
	</Placemark>
	<Placemark>
		<name>P-391</name>
		<visibility>0</visibility>
		<description><![CDATA[<div><div><span><b>Altitude:</b></span> <span>0 ft</span></div>
<div><span><b>Speed:</b></span> <span>10 kt - 9 kt</span></div>
<div><span><b>Timestamp:</b></span><br/><span>2024-07-21 10:10:55 UTC<br/>2024-07-21 10:11:01 UTC</span></div>
</div>]]></description>
		<Style>
			<LineStyle>
				<color>ffffffff</color>
				<width>2</width>
			</LineStyle>
		</Style>
		<MultiGeometry>
			<LineString>
				<tessellate>1</tessellate>
				<coordinates>
					126.488754,33.508644,0 126.488716,33.508415,0 
				</coordinates>
			</LineString>
		</MultiGeometry>
	</Placemark>
	<Placemark>
		<name>P-392</name>
		<visibility>0</visibility>
		<description><![CDATA[<div><div><span><b>Altitude:</b></span> <span>0 ft</span></div>
<div><span><b>Speed:</b></span> <span>9 kt - 7 kt</span></div>
<div><span><b>Timestamp:</b></span><br/><span>2024-07-21 10:11:01 UTC<br/>2024-07-21 10:11:08 UTC</span></div>
</div>]]></description>
		<Style>
			<LineStyle>
				<color>ffffffff</color>
				<width>2</width>
			</LineStyle>
		</Style>
		<MultiGeometry>
			<LineString>
				<tessellate>1</tessellate>
				<coordinates>
					126.488716,33.508415,0 126.488556,33.508209,0 
				</coordinates>
			</LineString>
		</MultiGeometry>
	</Placemark>
	<Placemark>
		<name>P-393</name>
		<visibility>0</visibility>
		<description><![CDATA[<div><div><span><b>Altitude:</b></span> <span>0 ft</span></div>
<div><span><b>Speed:</b></span> <span>7 kt - 3 kt</span></div>
<div><span><b>Timestamp:</b></span><br/><span>2024-07-21 10:11:08 UTC<br/>2024-07-21 10:11:18 UTC</span></div>
</div>]]></description>
		<Style>
			<LineStyle>
				<color>ffffffff</color>
				<width>2</width>
			</LineStyle>
		</Style>
		<MultiGeometry>
			<LineString>
				<tessellate>1</tessellate>
				<coordinates>
					126.488556,33.508209,0 126.488495,33.508003,0 
				</coordinates>
			</LineString>
		</MultiGeometry>
	</Placemark>
	<Placemark>
		<name>P-394</name>
		<visibility>0</visibility>
		<description><![CDATA[<div><div><span><b>Altitude:</b></span> <span>0 ft</span></div>
<div><span><b>Speed:</b></span> <span>3 kt</span></div>
<div><span><b>Timestamp:</b></span><br/><span>2024-07-21 10:11:18 UTC<br/>2024-07-21 10:12:07 UTC</span></div>
</div>]]></description>
		<Style>
			<LineStyle>
				<color>ffffffff</color>
				<width>2</width>
			</LineStyle>
		</Style>
		<MultiGeometry>
			<LineString>
				<tessellate>1</tessellate>
				<coordinates>
					126.488495,33.508003,0 126.48864,33.507778,0 
				</coordinates>
			</LineString>
		</MultiGeometry>
	</Placemark>
	<Placemark>
		<name>P-395</name>
		<visibility>0</visibility>
		<description><![CDATA[<div><div><span><b>Altitude:</b></span> <span>0 ft</span></div>
<div><span><b>Speed:</b></span> <span>3 kt - 6 kt</span></div>
<div><span><b>Timestamp:</b></span><br/><span>2024-07-21 10:12:07 UTC<br/>2024-07-21 10:12:18 UTC</span></div>
</div>]]></description>
		<Style>
			<LineStyle>
				<color>ffffffff</color>
				<width>2</width>
			</LineStyle>
		</Style>
		<MultiGeometry>
			<LineString>
				<tessellate>1</tessellate>
				<coordinates>
					126.48864,33.507778,0 126.488792,33.507557,0 
				</coordinates>
			</LineString>
		</MultiGeometry>
	</Placemark>
	<Placemark>
		<name>P-396</name>
		<visibility>0</visibility>
		<description><![CDATA[<div><div><span><b>Altitude:</b></span> <span>0 ft</span></div>
<div><span><b>Speed:</b></span> <span>6 kt - 8 kt</span></div>
<div><span><b>Timestamp:</b></span><br/><span>2024-07-21 10:12:18 UTC<br/>2024-07-21 10:12:26 UTC</span></div>
</div>]]></description>
		<Style>
			<LineStyle>
				<color>ffffffff</color>
				<width>2</width>
			</LineStyle>
		</Style>
		<MultiGeometry>
			<LineString>
				<tessellate>1</tessellate>
				<coordinates>
					126.488792,33.507557,0 126.48896,33.507317,0 
				</coordinates>
			</LineString>
		</MultiGeometry>
	</Placemark>
	<Placemark>
		<name>P-397</name>
		<visibility>0</visibility>
		<description><![CDATA[<div><div><span><b>Altitude:</b></span> <span>0 ft</span></div>
<div><span><b>Speed:</b></span> <span>8 kt - 9 kt</span></div>
<div><span><b>Timestamp:</b></span><br/><span>2024-07-21 10:12:26 UTC<br/>2024-07-21 10:12:33 UTC</span></div>
</div>]]></description>
		<Style>
			<LineStyle>
				<color>ffffffff</color>
				<width>2</width>
			</LineStyle>
		</Style>
		<MultiGeometry>
			<LineString>
				<tessellate>1</tessellate>
				<coordinates>
					126.48896,33.507317,0 126.489197,33.507076,0 
				</coordinates>
			</LineString>
		</MultiGeometry>
	</Placemark>
	<Placemark>
		<name>P-398</name>
		<visibility>0</visibility>
		<description><![CDATA[<div><div><span><b>Altitude:</b></span> <span>0 ft</span></div>
<div><span><b>Speed:</b></span> <span>9 kt</span></div>
<div><span><b>Timestamp:</b></span><br/><span>2024-07-21 10:12:33 UTC<br/>2024-07-21 10:12:38 UTC</span></div>
</div>]]></description>
		<Style>
			<LineStyle>
				<color>ffffffff</color>
				<width>2</width>
			</LineStyle>
		</Style>
		<MultiGeometry>
			<LineString>
				<tessellate>1</tessellate>
				<coordinates>
					126.489197,33.507076,0 126.489403,33.507019,0 
				</coordinates>
			</LineString>
		</MultiGeometry>
	</Placemark>
	<Placemark>
		<name>P-399</name>
		<visibility>0</visibility>
		<description><![CDATA[<div><div><span><b>Altitude:</b></span> <span>0 ft</span></div>
<div><span><b>Speed:</b></span> <span>9 kt</span></div>
<div><span><b>Timestamp:</b></span><br/><span>2024-07-21 10:12:38 UTC<br/>2024-07-21 10:12:41 UTC</span></div>
</div>]]></description>
		<Style>
			<LineStyle>
				<color>ffffffff</color>
				<width>2</width>
			</LineStyle>
		</Style>
		<MultiGeometry>
			<LineString>
				<tessellate>1</tessellate>
				<coordinates>
					126.489403,33.507019,0 126.489616,33.507042,0 
				</coordinates>
			</LineString>
		</MultiGeometry>
	</Placemark>
	<Placemark>
		<name>P-400</name>
		<visibility>0</visibility>
		<description><![CDATA[<div><div><span><b>Altitude:</b></span> <span>0 ft</span></div>
<div><span><b>Speed:</b></span> <span>9 kt</span></div>
<div><span><b>Timestamp:</b></span><br/><span>2024-07-21 10:12:41 UTC<br/>2024-07-21 10:12:47 UTC</span></div>
</div>]]></description>
		<Style>
			<LineStyle>
				<color>ffffffff</color>
				<width>2</width>
			</LineStyle>
		</Style>
		<MultiGeometry>
			<LineString>
				<tessellate>1</tessellate>
				<coordinates>
					126.489616,33.507042,0 126.48983,33.50716,0 
				</coordinates>
			</LineString>
		</MultiGeometry>
	</Placemark>
	<Placemark>
		<name>P-401</name>
		<visibility>0</visibility>
		<description><![CDATA[<div><div><span><b>Altitude:</b></span> <span>0 ft</span></div>
<div><span><b>Speed:</b></span> <span>9 kt</span></div>
<div><span><b>Timestamp:</b></span><br/><span>2024-07-21 10:12:47 UTC<br/>2024-07-21 10:12:52 UTC</span></div>
</div>]]></description>
		<Style>
			<LineStyle>
				<color>ffffffff</color>
				<width>2</width>
			</LineStyle>
		</Style>
		<MultiGeometry>
			<LineString>
				<tessellate>1</tessellate>
				<coordinates>
					126.48983,33.50716,0 126.490074,33.507282,0 
				</coordinates>
			</LineString>
		</MultiGeometry>
	</Placemark>
	<Placemark>
		<name>P-402</name>
		<visibility>0</visibility>
		<description><![CDATA[<div><div><span><b>Altitude:</b></span> <span>0 ft</span></div>
<div><span><b>Speed:</b></span> <span>9 kt - 7 kt</span></div>
<div><span><b>Timestamp:</b></span><br/><span>2024-07-21 10:12:52 UTC<br/>2024-07-21 10:13:00 UTC</span></div>
</div>]]></description>
		<Style>
			<LineStyle>
				<color>ffffffff</color>
				<width>2</width>
			</LineStyle>
		</Style>
		<MultiGeometry>
			<LineString>
				<tessellate>1</tessellate>
				<coordinates>
					126.490074,33.507282,0 126.490265,33.507496,0 
				</coordinates>
			</LineString>
		</MultiGeometry>
	</Placemark>
	<Placemark>
		<name>P-403</name>
		<visibility>0</visibility>
		<description><![CDATA[<div><div><span><b>Altitude:</b></span> <span>0 ft</span></div>
<div><span><b>Speed:</b></span> <span>7 kt</span></div>
<div><span><b>Timestamp:</b></span><br/><span>2024-07-21 10:13:00 UTC<br/>2024-07-21 10:13:07 UTC</span></div>
</div>]]></description>
		<Style>
			<LineStyle>
				<color>ffffffff</color>
				<width>2</width>
			</LineStyle>
		</Style>
		<MultiGeometry>
			<LineString>
				<tessellate>1</tessellate>
				<coordinates>
					126.490265,33.507496,0 126.49012,33.507717,0 
				</coordinates>
			</LineString>
		</MultiGeometry>
	</Placemark>
	<Placemark>
		<name>P-404</name>
		<visibility>0</visibility>
		<description><![CDATA[<div><div><span><b>Altitude:</b></span> <span>0 ft</span></div>
<div><span><b>Speed:</b></span> <span>7 kt - 8 kt</span></div>
<div><span><b>Timestamp:</b></span><br/><span>2024-07-21 10:13:07 UTC<br/>2024-07-21 10:13:14 UTC</span></div>
</div>]]></description>
		<Style>
			<LineStyle>
				<color>ffffffff</color>
				<width>2</width>
			</LineStyle>
		</Style>
		<MultiGeometry>
			<LineString>
				<tessellate>1</tessellate>
				<coordinates>
					126.49012,33.507717,0 126.48996,33.507935,0 
				</coordinates>
			</LineString>
		</MultiGeometry>
	</Placemark>
	<Placemark>
		<name>P-405</name>
		<visibility>0</visibility>
		<description><![CDATA[<div><div><span><b>Altitude:</b></span> <span>0 ft</span></div>
<div><span><b>Speed:</b></span> <span>8 kt - 3 kt</span></div>
<div><span><b>Timestamp:</b></span><br/><span>2024-07-21 10:13:14 UTC<br/>2024-07-21 10:13:27 UTC</span></div>
</div>]]></description>
		<Style>
			<LineStyle>
				<color>ffffffff</color>
				<width>2</width>
			</LineStyle>
		</Style>
		<MultiGeometry>
			<LineString>
				<tessellate>1</tessellate>
				<coordinates>
					126.48996,33.507935,0 126.489815,33.508137,0 
				</coordinates>
			</LineString>
		</MultiGeometry>
	</Placemark>
	<atom:link rel="app" href="https://www.google.com/earth/about/versions/#earth-pro" title="Google Earth Pro 7.3.7.1155"></atom:link>
</Folder>
</kml>
