<?xml version="1.0" encoding="UTF-8"?>
<kml xmlns="http://www.opengis.net/kml/2.2" xmlns:gx="http://www.google.com/kml/ext/2.2" xmlns:kml="http://www.opengis.net/kml/2.2" xmlns:atom="http://www.w3.org/2005/Atom">
<Folder>
	<name>GMP-CJU RWY14</name>
	<visibility>0</visibility>
	<Placemark>
		<name>P-1</name>
		<visibility>0</visibility>
		<description><![CDATA[<div><div><span><b>Altitude:</b></span> <span>0 ft</span></div>
<div><span><b>Speed:</b></span> <span>0 kt - 2 kt</span></div>
<div><span><b>Timestamp:</b></span><br/><span>2024-07-16 08:46:28 UTC<br/>2024-07-16 09:35:31 UTC</span></div>
</div>]]></description>
		<Style>
			<LineStyle>
				<color>88000000</color>
				<width>2</width>
			</LineStyle>
		</Style>
		<MultiGeometry>
			<LineString>
				<tessellate>1</tessellate>
				<coordinates>
					126.801437,37.570335,0 126.801231,37.570152,0 
				</coordinates>
			</LineString>
		</MultiGeometry>
	</Placemark>
	<Placemark>
		<name>P-2</name>
		<visibility>0</visibility>
		<description><![CDATA[<div><div><span><b>Altitude:</b></span> <span>0 ft</span></div>
<div><span><b>Speed:</b></span> <span>2 kt</span></div>
<div><span><b>Timestamp:</b></span><br/><span>2024-07-16 09:35:31 UTC<br/>2024-07-16 09:35:51 UTC</span></div>
</div>]]></description>
		<Style>
			<LineStyle>
				<color>ffffffff</color>
				<width>2</width>
			</LineStyle>
		</Style>
		<MultiGeometry>
			<LineString>
				<tessellate>1</tessellate>
				<coordinates>
					126.801231,37.570152,0 126.801018,37.570019,0 
				</coordinates>
			</LineString>
		</MultiGeometry>
	</Placemark>
	<Placemark>
		<name>P-3</name>
		<visibility>0</visibility>
		<description><![CDATA[<div><div><span><b>Altitude:</b></span> <span>0 ft</span></div>
<div><span><b>Speed:</b></span> <span>2 kt</span></div>
<div><span><b>Timestamp:</b></span><br/><span>2024-07-16 09:35:51 UTC<br/>2024-07-16 09:36:15 UTC</span></div>
</div>]]></description>
		<Style>
			<LineStyle>
				<color>ffffffff</color>
				<width>2</width>
			</LineStyle>
		</Style>
		<MultiGeometry>
			<LineString>
				<tessellate>1</tessellate>
				<coordinates>
					126.801018,37.570019,0 126.800812,37.569832,0 
				</coordinates>
			</LineString>
		</MultiGeometry>
	</Placemark>
	<Placemark>
		<name>P-4</name>
		<visibility>0</visibility>
		<description><![CDATA[<div><div><span><b>Altitude:</b></span> <span>0 ft</span></div>
<div><span><b>Speed:</b></span> <span>2 kt</span></div>
<div><span><b>Timestamp:</b></span><br/><span>2024-07-16 09:36:15 UTC<br/>2024-07-16 09:36:36 UTC</span></div>
</div>]]></description>
		<Style>
			<LineStyle>
				<color>ffffffff</color>
				<width>2</width>
			</LineStyle>
		</Style>
		<MultiGeometry>
			<LineString>
				<tessellate>1</tessellate>
				<coordinates>
					126.800812,37.569832,0 126.800797,37.569614,0 
				</coordinates>
			</LineString>
		</MultiGeometry>
	</Placemark>
	<Placemark>
		<name>P-5</name>
		<visibility>0</visibility>
		<description><![CDATA[<div><div><span><b>Altitude:</b></span> <span>0 ft</span></div>
<div><span><b>Speed:</b></span> <span>2 kt - 1 kt</span></div>
<div><span><b>Timestamp:</b></span><br/><span>2024-07-16 09:36:36 UTC<br/>2024-07-16 09:37:36 UTC</span></div>
</div>]]></description>
		<Style>
			<LineStyle>
				<color>ffffffff</color>
				<width>2</width>
			</LineStyle>
		</Style>
		<MultiGeometry>
			<LineString>
				<tessellate>1</tessellate>
				<coordinates>
					126.800797,37.569614,0 126.800591,37.569775,0 
				</coordinates>
			</LineString>
		</MultiGeometry>
	</Placemark>
	<Placemark>
		<name>P-6</name>
		<visibility>0</visibility>
		<description><![CDATA[<div><div><span><b>Altitude:</b></span> <span>0 ft</span></div>
<div><span><b>Speed:</b></span> <span>1 kt - 6 kt</span></div>
<div><span><b>Timestamp:</b></span><br/><span>2024-07-16 09:37:36 UTC<br/>2024-07-16 09:41:38 UTC</span></div>
</div>]]></description>
		<Style>
			<LineStyle>
				<color>ffffffff</color>
				<width>2</width>
			</LineStyle>
		</Style>
		<MultiGeometry>
			<LineString>
				<tessellate>1</tessellate>
				<coordinates>
					126.800591,37.569775,0 126.799934,37.569981,0 
				</coordinates>
			</LineString>
		</MultiGeometry>
	</Placemark>
	<Placemark>
		<name>P-7</name>
		<visibility>0</visibility>
		<description><![CDATA[<div><div><span><b>Altitude:</b></span> <span>0 ft</span></div>
<div><span><b>Speed:</b></span> <span>6 kt - 7 kt</span></div>
<div><span><b>Timestamp:</b></span><br/><span>2024-07-16 09:41:38 UTC<br/>2024-07-16 09:41:46 UTC</span></div>
</div>]]></description>
		<Style>
			<LineStyle>
				<color>ffffffff</color>
				<width>2</width>
			</LineStyle>
		</Style>
		<MultiGeometry>
			<LineString>
				<tessellate>1</tessellate>
				<coordinates>
					126.799934,37.569981,0 126.79969,37.56982,0 
				</coordinates>
			</LineString>
		</MultiGeometry>
	</Placemark>
	<Placemark>
		<name>P-8</name>
		<visibility>0</visibility>
		<description><![CDATA[<div><div><span><b>Altitude:</b></span> <span>0 ft</span></div>
<div><span><b>Speed:</b></span> <span>7 kt - 8 kt</span></div>
<div><span><b>Timestamp:</b></span><br/><span>2024-07-16 09:41:46 UTC<br/>2024-07-16 09:41:56 UTC</span></div>
</div>]]></description>
		<Style>
			<LineStyle>
				<color>ffffffff</color>
				<width>2</width>
			</LineStyle>
		</Style>
		<MultiGeometry>
			<LineString>
				<tessellate>1</tessellate>
				<coordinates>
					126.79969,37.56982,0 126.799393,37.569592,0 
				</coordinates>
			</LineString>
		</MultiGeometry>
	</Placemark>
	<Placemark>
		<name>P-9</name>
		<visibility>0</visibility>
		<description><![CDATA[<div><div><span><b>Altitude:</b></span> <span>0 ft</span></div>
<div><span><b>Speed:</b></span> <span>8 kt</span></div>
<div><span><b>Timestamp:</b></span><br/><span>2024-07-16 09:41:56 UTC<br/>2024-07-16 09:42:02 UTC</span></div>
</div>]]></description>
		<Style>
			<LineStyle>
				<color>ffffffff</color>
				<width>2</width>
			</LineStyle>
		</Style>
		<MultiGeometry>
			<LineString>
				<tessellate>1</tessellate>
				<coordinates>
					126.799393,37.569592,0 126.799187,37.56942,0 
				</coordinates>
			</LineString>
		</MultiGeometry>
	</Placemark>
	<Placemark>
		<name>P-10</name>
		<visibility>0</visibility>
		<description><![CDATA[<div><div><span><b>Altitude:</b></span> <span>0 ft</span></div>
<div><span><b>Speed:</b></span> <span>8 kt - 9 kt</span></div>
<div><span><b>Timestamp:</b></span><br/><span>2024-07-16 09:42:02 UTC<br/>2024-07-16 09:42:09 UTC</span></div>
</div>]]></description>
		<Style>
			<LineStyle>
				<color>ffffffff</color>
				<width>2</width>
			</LineStyle>
		</Style>
		<MultiGeometry>
			<LineString>
				<tessellate>1</tessellate>
				<coordinates>
					126.799187,37.56942,0 126.798958,37.569241,0 
				</coordinates>
			</LineString>
		</MultiGeometry>
	</Placemark>
	<Placemark>
		<name>P-11</name>
		<visibility>0</visibility>
		<description><![CDATA[<div><div><span><b>Altitude:</b></span> <span>0 ft</span></div>
<div><span><b>Speed:</b></span> <span>9 kt - 10 kt</span></div>
<div><span><b>Timestamp:</b></span><br/><span>2024-07-16 09:42:09 UTC<br/>2024-07-16 09:42:16 UTC</span></div>
</div>]]></description>
		<Style>
			<LineStyle>
				<color>ffffffff</color>
				<width>2</width>
			</LineStyle>
		</Style>
		<MultiGeometry>
			<LineString>
				<tessellate>1</tessellate>
				<coordinates>
					126.798958,37.569241,0 126.798676,37.569019,0 
				</coordinates>
			</LineString>
		</MultiGeometry>
	</Placemark>
	<Placemark>
		<name>P-12</name>
		<visibility>0</visibility>
		<description><![CDATA[<div><div><span><b>Altitude:</b></span> <span>0 ft</span></div>
<div><span><b>Speed:</b></span> <span>10 kt</span></div>
<div><span><b>Timestamp:</b></span><br/><span>2024-07-16 09:42:16 UTC<br/>2024-07-16 09:42:22 UTC</span></div>
</div>]]></description>
		<Style>
			<LineStyle>
				<color>ffffffff</color>
				<width>2</width>
			</LineStyle>
		</Style>
		<MultiGeometry>
			<LineString>
				<tessellate>1</tessellate>
				<coordinates>
					126.798676,37.569019,0 126.798393,37.568798,0 
				</coordinates>
			</LineString>
		</MultiGeometry>
	</Placemark>
	<Placemark>
		<name>P-13</name>
		<visibility>0</visibility>
		<description><![CDATA[<div><div><span><b>Altitude:</b></span> <span>0 ft</span></div>
<div><span><b>Speed:</b></span> <span>10 kt - 11 kt</span></div>
<div><span><b>Timestamp:</b></span><br/><span>2024-07-16 09:42:22 UTC<br/>2024-07-16 09:42:29 UTC</span></div>
</div>]]></description>
		<Style>
			<LineStyle>
				<color>ffffffff</color>
				<width>2</width>
			</LineStyle>
		</Style>
		<MultiGeometry>
			<LineString>
				<tessellate>1</tessellate>
				<coordinates>
					126.798393,37.568798,0 126.798096,37.56855,0 
				</coordinates>
			</LineString>
		</MultiGeometry>
	</Placemark>
	<Placemark>
		<name>P-14</name>
		<visibility>0</visibility>
		<description><![CDATA[<div><div><span><b>Altitude:</b></span> <span>0 ft</span></div>
<div><span><b>Speed:</b></span> <span>11 kt - 12 kt</span></div>
<div><span><b>Timestamp:</b></span><br/><span>2024-07-16 09:42:29 UTC<br/>2024-07-16 09:42:36 UTC</span></div>
</div>]]></description>
		<Style>
			<LineStyle>
				<color>ffffffff</color>
				<width>2</width>
			</LineStyle>
		</Style>
		<MultiGeometry>
			<LineString>
				<tessellate>1</tessellate>
				<coordinates>
					126.798096,37.56855,0 126.797783,37.568306,0 
				</coordinates>
			</LineString>
		</MultiGeometry>
	</Placemark>
	<Placemark>
		<name>P-15</name>
		<visibility>0</visibility>
		<description><![CDATA[<div><div><span><b>Altitude:</b></span> <span>0 ft</span></div>
<div><span><b>Speed:</b></span> <span>12 kt</span></div>
<div><span><b>Timestamp:</b></span><br/><span>2024-07-16 09:42:36 UTC<br/>2024-07-16 09:42:44 UTC</span></div>
</div>]]></description>
		<Style>
			<LineStyle>
				<color>ffffffff</color>
				<width>2</width>
			</LineStyle>
		</Style>
		<MultiGeometry>
			<LineString>
				<tessellate>1</tessellate>
				<coordinates>
					126.797783,37.568306,0 126.797379,37.567978,0 
				</coordinates>
			</LineString>
		</MultiGeometry>
	</Placemark>
	<Placemark>
		<name>P-16</name>
		<visibility>0</visibility>
		<description><![CDATA[<div><div><span><b>Altitude:</b></span> <span>0 ft</span></div>
<div><span><b>Speed:</b></span> <span>12 kt - 13 kt</span></div>
<div><span><b>Timestamp:</b></span><br/><span>2024-07-16 09:42:44 UTC<br/>2024-07-16 09:42:50 UTC</span></div>
</div>]]></description>
		<Style>
			<LineStyle>
				<color>ffffffff</color>
				<width>2</width>
			</LineStyle>
		</Style>
		<MultiGeometry>
			<LineString>
				<tessellate>1</tessellate>
				<coordinates>
					126.797379,37.567978,0 126.797058,37.567726,0 
				</coordinates>
			</LineString>
		</MultiGeometry>
	</Placemark>
	<Placemark>
		<name>P-17</name>
		<visibility>0</visibility>
		<description><![CDATA[<div><div><span><b>Altitude:</b></span> <span>0 ft</span></div>
<div><span><b>Speed:</b></span> <span>13 kt - 14 kt</span></div>
<div><span><b>Timestamp:</b></span><br/><span>2024-07-16 09:42:50 UTC<br/>2024-07-16 09:42:57 UTC</span></div>
</div>]]></description>
		<Style>
			<LineStyle>
				<color>ffffffff</color>
				<width>2</width>
			</LineStyle>
		</Style>
		<MultiGeometry>
			<LineString>
				<tessellate>1</tessellate>
				<coordinates>
					126.797058,37.567726,0 126.796661,37.567398,0 
				</coordinates>
			</LineString>
		</MultiGeometry>
	</Placemark>
	<Placemark>
		<name>P-18</name>
		<visibility>0</visibility>
		<description><![CDATA[<div><div><span><b>Altitude:</b></span> <span>0 ft</span></div>
<div><span><b>Speed:</b></span> <span>14 kt - 15 kt</span></div>
<div><span><b>Timestamp:</b></span><br/><span>2024-07-16 09:42:57 UTC<br/>2024-07-16 09:43:04 UTC</span></div>
</div>]]></description>
		<Style>
			<LineStyle>
				<color>ffffffff</color>
				<width>2</width>
			</LineStyle>
		</Style>
		<MultiGeometry>
			<LineString>
				<tessellate>1</tessellate>
				<coordinates>
					126.796661,37.567398,0 126.796234,37.567062,0 
				</coordinates>
			</LineString>
		</MultiGeometry>
	</Placemark>
	<Placemark>
		<name>P-19</name>
		<visibility>0</visibility>
		<description><![CDATA[<div><div><span><b>Altitude:</b></span> <span>0 ft</span></div>
<div><span><b>Speed:</b></span> <span>15 kt</span></div>
<div><span><b>Timestamp:</b></span><br/><span>2024-07-16 09:43:04 UTC<br/>2024-07-16 09:43:12 UTC</span></div>
</div>]]></description>
		<Style>
			<LineStyle>
				<color>ffffffff</color>
				<width>2</width>
			</LineStyle>
		</Style>
		<MultiGeometry>
			<LineString>
				<tessellate>1</tessellate>
				<coordinates>
					126.796234,37.567062,0 126.795753,37.566685,0 
				</coordinates>
			</LineString>
		</MultiGeometry>
	</Placemark>
	<Placemark>
		<name>P-20</name>
		<visibility>0</visibility>
		<description><![CDATA[<div><div><span><b>Altitude:</b></span> <span>0 ft</span></div>
<div><span><b>Speed:</b></span> <span>15 kt - 16 kt</span></div>
<div><span><b>Timestamp:</b></span><br/><span>2024-07-16 09:43:12 UTC<br/>2024-07-16 09:43:18 UTC</span></div>
</div>]]></description>
		<Style>
			<LineStyle>
				<color>ffffffff</color>
				<width>2</width>
			</LineStyle>
		</Style>
		<MultiGeometry>
			<LineString>
				<tessellate>1</tessellate>
				<coordinates>
					126.795753,37.566685,0 126.795288,37.566319,0 
				</coordinates>
			</LineString>
		</MultiGeometry>
	</Placemark>
	<Placemark>
		<name>P-21</name>
		<visibility>0</visibility>
		<description><![CDATA[<div><div><span><b>Altitude:</b></span> <span>0 ft</span></div>
<div><span><b>Speed:</b></span> <span>16 kt - 17 kt</span></div>
<div><span><b>Timestamp:</b></span><br/><span>2024-07-16 09:43:18 UTC<br/>2024-07-16 09:43:25 UTC</span></div>
</div>]]></description>
		<Style>
			<LineStyle>
				<color>ffffffff</color>
				<width>2</width>
			</LineStyle>
		</Style>
		<MultiGeometry>
			<LineString>
				<tessellate>1</tessellate>
				<coordinates>
					126.795288,37.566319,0 126.794807,37.565929,0 
				</coordinates>
			</LineString>
		</MultiGeometry>
	</Placemark>
	<Placemark>
		<name>P-22</name>
		<visibility>0</visibility>
		<description><![CDATA[<div><div><span><b>Altitude:</b></span> <span>0 ft</span></div>
<div><span><b>Speed:</b></span> <span>17 kt</span></div>
<div><span><b>Timestamp:</b></span><br/><span>2024-07-16 09:43:25 UTC<br/>2024-07-16 09:43:33 UTC</span></div>
</div>]]></description>
		<Style>
			<LineStyle>
				<color>ffffffff</color>
				<width>2</width>
			</LineStyle>
		</Style>
		<MultiGeometry>
			<LineString>
				<tessellate>1</tessellate>
				<coordinates>
					126.794807,37.565929,0 126.794289,37.565514,0 
				</coordinates>
			</LineString>
		</MultiGeometry>
	</Placemark>
	<Placemark>
		<name>P-23</name>
		<visibility>0</visibility>
		<description><![CDATA[<div><div><span><b>Altitude:</b></span> <span>0 ft</span></div>
<div><span><b>Speed:</b></span> <span>17 kt</span></div>
<div><span><b>Timestamp:</b></span><br/><span>2024-07-16 09:43:33 UTC<br/>2024-07-16 09:43:40 UTC</span></div>
</div>]]></description>
		<Style>
			<LineStyle>
				<color>ffffffff</color>
				<width>2</width>
			</LineStyle>
		</Style>
		<MultiGeometry>
			<LineString>
				<tessellate>1</tessellate>
				<coordinates>
					126.794289,37.565514,0 126.793762,37.565105,0 
				</coordinates>
			</LineString>
		</MultiGeometry>
	</Placemark>
	<Placemark>
		<name>P-24</name>
		<visibility>0</visibility>
		<description><![CDATA[<div><div><span><b>Altitude:</b></span> <span>0 ft</span></div>
<div><span><b>Speed:</b></span> <span>17 kt</span></div>
<div><span><b>Timestamp:</b></span><br/><span>2024-07-16 09:43:40 UTC<br/>2024-07-16 09:43:47 UTC</span></div>
</div>]]></description>
		<Style>
			<LineStyle>
				<color>ffffffff</color>
				<width>2</width>
			</LineStyle>
		</Style>
		<MultiGeometry>
			<LineString>
				<tessellate>1</tessellate>
				<coordinates>
					126.793762,37.565105,0 126.793274,37.564713,0 
				</coordinates>
			</LineString>
		</MultiGeometry>
	</Placemark>
	<Placemark>
		<name>P-25</name>
		<visibility>0</visibility>
		<description><![CDATA[<div><div><span><b>Altitude:</b></span> <span>0 ft</span></div>
<div><span><b>Speed:</b></span> <span>17 kt - 16 kt</span></div>
<div><span><b>Timestamp:</b></span><br/><span>2024-07-16 09:43:47 UTC<br/>2024-07-16 09:43:54 UTC</span></div>
</div>]]></description>
		<Style>
			<LineStyle>
				<color>ffffffff</color>
				<width>2</width>
			</LineStyle>
		</Style>
		<MultiGeometry>
			<LineString>
				<tessellate>1</tessellate>
				<coordinates>
					126.793274,37.564713,0 126.792747,37.564293,0 
				</coordinates>
			</LineString>
		</MultiGeometry>
	</Placemark>
	<Placemark>
		<name>P-26</name>
		<visibility>0</visibility>
		<description><![CDATA[<div><div><span><b>Altitude:</b></span> <span>0 ft</span></div>
<div><span><b>Speed:</b></span> <span>16 kt</span></div>
<div><span><b>Timestamp:</b></span><br/><span>2024-07-16 09:43:54 UTC<br/>2024-07-16 09:44:02 UTC</span></div>
</div>]]></description>
		<Style>
			<LineStyle>
				<color>ffffffff</color>
				<width>2</width>
			</LineStyle>
		</Style>
		<MultiGeometry>
			<LineString>
				<tessellate>1</tessellate>
				<coordinates>
					126.792747,37.564293,0 126.792236,37.563881,0 
				</coordinates>
			</LineString>
		</MultiGeometry>
	</Placemark>
	<Placemark>
		<name>P-27</name>
		<visibility>0</visibility>
		<description><![CDATA[<div><div><span><b>Altitude:</b></span> <span>0 ft</span></div>
<div><span><b>Speed:</b></span> <span>16 kt</span></div>
<div><span><b>Timestamp:</b></span><br/><span>2024-07-16 09:44:02 UTC<br/>2024-07-16 09:44:09 UTC</span></div>
</div>]]></description>
		<Style>
			<LineStyle>
				<color>ffffffff</color>
				<width>2</width>
			</LineStyle>
		</Style>
		<MultiGeometry>
			<LineString>
				<tessellate>1</tessellate>
				<coordinates>
					126.792236,37.563881,0 126.79174,37.56348,0 
				</coordinates>
			</LineString>
		</MultiGeometry>
	</Placemark>
	<Placemark>
		<name>P-28</name>
		<visibility>0</visibility>
		<description><![CDATA[<div><div><span><b>Altitude:</b></span> <span>0 ft</span></div>
<div><span><b>Speed:</b></span> <span>16 kt - 13 kt</span></div>
<div><span><b>Timestamp:</b></span><br/><span>2024-07-16 09:44:09 UTC<br/>2024-07-16 09:44:15 UTC</span></div>
</div>]]></description>
		<Style>
			<LineStyle>
				<color>ffffffff</color>
				<width>2</width>
			</LineStyle>
		</Style>
		<MultiGeometry>
			<LineString>
				<tessellate>1</tessellate>
				<coordinates>
					126.79174,37.56348,0 126.791374,37.563206,0 
				</coordinates>
			</LineString>
		</MultiGeometry>
	</Placemark>
	<Placemark>
		<name>P-29</name>
		<visibility>0</visibility>
		<description><![CDATA[<div><div><span><b>Altitude:</b></span> <span>0 ft</span></div>
<div><span><b>Speed:</b></span> <span>13 kt</span></div>
<div><span><b>Timestamp:</b></span><br/><span>2024-07-16 09:44:15 UTC<br/>2024-07-16 09:44:29 UTC</span></div>
</div>]]></description>
		<Style>
			<LineStyle>
				<color>ffffffff</color>
				<width>2</width>
			</LineStyle>
		</Style>
		<MultiGeometry>
			<LineString>
				<tessellate>1</tessellate>
				<coordinates>
					126.791374,37.563206,0 126.790405,37.563419,0 
				</coordinates>
			</LineString>
		</MultiGeometry>
	</Placemark>
	<Placemark>
		<name>P-30</name>
		<visibility>0</visibility>
		<description><![CDATA[<div><div><span><b>Altitude:</b></span> <span>0 ft</span></div>
<div><span><b>Speed:</b></span> <span>13 kt - 14 kt</span></div>
<div><span><b>Timestamp:</b></span><br/><span>2024-07-16 09:44:29 UTC<br/>2024-07-16 09:44:36 UTC</span></div>
</div>]]></description>
		<Style>
			<LineStyle>
				<color>ffffffff</color>
				<width>2</width>
			</LineStyle>
		</Style>
		<MultiGeometry>
			<LineString>
				<tessellate>1</tessellate>
				<coordinates>
					126.790405,37.563419,0 126.790016,37.563732,0 
				</coordinates>
			</LineString>
		</MultiGeometry>
	</Placemark>
	<Placemark>
		<name>P-31</name>
		<visibility>0</visibility>
		<description><![CDATA[<div><div><span><b>Altitude:</b></span> <span>0 ft</span></div>
<div><span><b>Speed:</b></span> <span>14 kt - 15 kt</span></div>
<div><span><b>Timestamp:</b></span><br/><span>2024-07-16 09:44:36 UTC<br/>2024-07-16 09:44:41 UTC</span></div>
</div>]]></description>
		<Style>
			<LineStyle>
				<color>ffffffff</color>
				<width>2</width>
			</LineStyle>
		</Style>
		<MultiGeometry>
			<LineString>
				<tessellate>1</tessellate>
				<coordinates>
					126.790016,37.563732,0 126.789734,37.563942,0 
				</coordinates>
			</LineString>
		</MultiGeometry>
	</Placemark>
	<Placemark>
		<name>P-32</name>
		<visibility>0</visibility>
		<description><![CDATA[<div><div><span><b>Altitude:</b></span> <span>0 ft</span></div>
<div><span><b>Speed:</b></span> <span>15 kt</span></div>
<div><span><b>Timestamp:</b></span><br/><span>2024-07-16 09:44:41 UTC<br/>2024-07-16 09:44:44 UTC</span></div>
</div>]]></description>
		<Style>
			<LineStyle>
				<color>ffffffff</color>
				<width>2</width>
			</LineStyle>
		</Style>
		<MultiGeometry>
			<LineString>
				<tessellate>1</tessellate>
				<coordinates>
					126.789734,37.563942,0 126.789505,37.564133,0 
				</coordinates>
			</LineString>
		</MultiGeometry>
	</Placemark>
	<Placemark>
		<name>P-33</name>
		<visibility>0</visibility>
		<description><![CDATA[<div><div><span><b>Altitude:</b></span> <span>0 ft</span></div>
<div><span><b>Speed:</b></span> <span>15 kt - 16 kt</span></div>
<div><span><b>Timestamp:</b></span><br/><span>2024-07-16 09:44:44 UTC<br/>2024-07-16 09:44:52 UTC</span></div>
</div>]]></description>
		<Style>
			<LineStyle>
				<color>ffffffff</color>
				<width>2</width>
			</LineStyle>
		</Style>
		<MultiGeometry>
			<LineString>
				<tessellate>1</tessellate>
				<coordinates>
					126.789505,37.564133,0 126.789017,37.56451,0 
				</coordinates>
			</LineString>
		</MultiGeometry>
	</Placemark>
	<Placemark>
		<name>P-34</name>
		<visibility>0</visibility>
		<description><![CDATA[<div><div><span><b>Altitude:</b></span> <span>0 ft</span></div>
<div><span><b>Speed:</b></span> <span>16 kt - 17 kt</span></div>
<div><span><b>Timestamp:</b></span><br/><span>2024-07-16 09:44:52 UTC<br/>2024-07-16 09:44:58 UTC</span></div>
</div>]]></description>
		<Style>
			<LineStyle>
				<color>ffffffff</color>
				<width>2</width>
			</LineStyle>
		</Style>
		<MultiGeometry>
			<LineString>
				<tessellate>1</tessellate>
				<coordinates>
					126.789017,37.56451,0 126.788574,37.564884,0 
				</coordinates>
			</LineString>
		</MultiGeometry>
	</Placemark>
	<Placemark>
		<name>P-35</name>
		<visibility>0</visibility>
		<description><![CDATA[<div><div><span><b>Altitude:</b></span> <span>0 ft</span></div>
<div><span><b>Speed:</b></span> <span>17 kt - 19 kt</span></div>
<div><span><b>Timestamp:</b></span><br/><span>2024-07-16 09:44:58 UTC<br/>2024-07-16 09:45:06 UTC</span></div>
</div>]]></description>
		<Style>
			<LineStyle>
				<color>ffffffff</color>
				<width>2</width>
			</LineStyle>
		</Style>
		<MultiGeometry>
			<LineString>
				<tessellate>1</tessellate>
				<coordinates>
					126.788574,37.564884,0 126.787956,37.565365,0 
				</coordinates>
			</LineString>
		</MultiGeometry>
	</Placemark>
	<Placemark>
		<name>P-36</name>
		<visibility>0</visibility>
		<description><![CDATA[<div><div><span><b>Altitude:</b></span> <span>0 ft</span></div>
<div><span><b>Speed:</b></span> <span>19 kt - 20 kt</span></div>
<div><span><b>Timestamp:</b></span><br/><span>2024-07-16 09:45:06 UTC<br/>2024-07-16 09:45:13 UTC</span></div>
</div>]]></description>
		<Style>
			<LineStyle>
				<color>ffffffff</color>
				<width>2</width>
			</LineStyle>
		</Style>
		<MultiGeometry>
			<LineString>
				<tessellate>1</tessellate>
				<coordinates>
					126.787956,37.565365,0 126.787384,37.565826,0 
				</coordinates>
			</LineString>
		</MultiGeometry>
	</Placemark>
	<Placemark>
		<name>P-37</name>
		<visibility>0</visibility>
		<description><![CDATA[<div><div><span><b>Altitude:</b></span> <span>0 ft</span></div>
<div><span><b>Speed:</b></span> <span>20 kt - 22 kt</span></div>
<div><span><b>Timestamp:</b></span><br/><span>2024-07-16 09:45:13 UTC<br/>2024-07-16 09:45:21 UTC</span></div>
</div>]]></description>
		<Style>
			<LineStyle>
				<color>ffffffff</color>
				<width>2</width>
			</LineStyle>
		</Style>
		<MultiGeometry>
			<LineString>
				<tessellate>1</tessellate>
				<coordinates>
					126.787384,37.565826,0 126.786621,37.566433,0 
				</coordinates>
			</LineString>
		</MultiGeometry>
	</Placemark>
	<Placemark>
		<name>P-38</name>
		<visibility>0</visibility>
		<description><![CDATA[<div><div><span><b>Altitude:</b></span> <span>0 ft</span></div>
<div><span><b>Speed:</b></span> <span>22 kt - 23 kt</span></div>
<div><span><b>Timestamp:</b></span><br/><span>2024-07-16 09:45:21 UTC<br/>2024-07-16 09:45:30 UTC</span></div>
</div>]]></description>
		<Style>
			<LineStyle>
				<color>ffffffff</color>
				<width>2</width>
			</LineStyle>
		</Style>
		<MultiGeometry>
			<LineString>
				<tessellate>1</tessellate>
				<coordinates>
					126.786621,37.566433,0 126.785751,37.56712,0 
				</coordinates>
			</LineString>
		</MultiGeometry>
	</Placemark>
	<Placemark>
		<name>P-39</name>
		<visibility>0</visibility>
		<description><![CDATA[<div><div><span><b>Altitude:</b></span> <span>0 ft</span></div>
<div><span><b>Speed:</b></span> <span>23 kt - 24 kt</span></div>
<div><span><b>Timestamp:</b></span><br/><span>2024-07-16 09:45:30 UTC<br/>2024-07-16 09:45:38 UTC</span></div>
</div>]]></description>
		<Style>
			<LineStyle>
				<color>ffffffff</color>
				<width>2</width>
			</LineStyle>
		</Style>
		<MultiGeometry>
			<LineString>
				<tessellate>1</tessellate>
				<coordinates>
					126.785751,37.56712,0 126.785034,37.567703,0 
				</coordinates>
			</LineString>
		</MultiGeometry>
	</Placemark>
	<Placemark>
		<name>P-40</name>
		<visibility>0</visibility>
		<description><![CDATA[<div><div><span><b>Altitude:</b></span> <span>0 ft</span></div>
<div><span><b>Speed:</b></span> <span>24 kt - 22 kt</span></div>
<div><span><b>Timestamp:</b></span><br/><span>2024-07-16 09:45:38 UTC<br/>2024-07-16 09:45:45 UTC</span></div>
</div>]]></description>
		<Style>
			<LineStyle>
				<color>ffffffff</color>
				<width>2</width>
			</LineStyle>
		</Style>
		<MultiGeometry>
			<LineString>
				<tessellate>1</tessellate>
				<coordinates>
					126.785034,37.567703,0 126.78437,37.56823,0 
				</coordinates>
			</LineString>
		</MultiGeometry>
	</Placemark>
	<Placemark>
		<name>P-41</name>
		<visibility>0</visibility>
		<description><![CDATA[<div><div><span><b>Altitude:</b></span> <span>0 ft</span></div>
<div><span><b>Speed:</b></span> <span>22 kt - 20 kt</span></div>
<div><span><b>Timestamp:</b></span><br/><span>2024-07-16 09:45:45 UTC<br/>2024-07-16 09:45:57 UTC</span></div>
</div>]]></description>
		<Style>
			<LineStyle>
				<color>ffffffff</color>
				<width>2</width>
			</LineStyle>
		</Style>
		<MultiGeometry>
			<LineString>
				<tessellate>1</tessellate>
				<coordinates>
					126.78437,37.56823,0 126.783333,37.569042,0 
				</coordinates>
			</LineString>
		</MultiGeometry>
	</Placemark>
	<Placemark>
		<name>P-42</name>
		<visibility>0</visibility>
		<description><![CDATA[<div><div><span><b>Altitude:</b></span> <span>0 ft</span></div>
<div><span><b>Speed:</b></span> <span>20 kt</span></div>
<div><span><b>Timestamp:</b></span><br/><span>2024-07-16 09:45:57 UTC<br/>2024-07-16 09:46:06 UTC</span></div>
</div>]]></description>
		<Style>
			<LineStyle>
				<color>ffffffff</color>
				<width>2</width>
			</LineStyle>
		</Style>
		<MultiGeometry>
			<LineString>
				<tessellate>1</tessellate>
				<coordinates>
					126.783333,37.569042,0 126.782608,37.569614,0 
				</coordinates>
			</LineString>
		</MultiGeometry>
	</Placemark>
	<Placemark>
		<name>P-43</name>
		<visibility>0</visibility>
		<description><![CDATA[<div><div><span><b>Altitude:</b></span> <span>0 ft</span></div>
<div><span><b>Speed:</b></span> <span>20 kt</span></div>
<div><span><b>Timestamp:</b></span><br/><span>2024-07-16 09:46:06 UTC<br/>2024-07-16 09:46:15 UTC</span></div>
</div>]]></description>
		<Style>
			<LineStyle>
				<color>ffffffff</color>
				<width>2</width>
			</LineStyle>
		</Style>
		<MultiGeometry>
			<LineString>
				<tessellate>1</tessellate>
				<coordinates>
					126.782608,37.569614,0 126.781746,37.570312,0 
				</coordinates>
			</LineString>
		</MultiGeometry>
	</Placemark>
	<Placemark>
		<name>P-44</name>
		<visibility>0</visibility>
		<description><![CDATA[<div><div><span><b>Altitude:</b></span> <span>0 ft</span></div>
<div><span><b>Speed:</b></span> <span>20 kt - 18 kt</span></div>
<div><span><b>Timestamp:</b></span><br/><span>2024-07-16 09:46:15 UTC<br/>2024-07-16 09:46:23 UTC</span></div>
</div>]]></description>
		<Style>
			<LineStyle>
				<color>ffffffff</color>
				<width>2</width>
			</LineStyle>
		</Style>
		<MultiGeometry>
			<LineString>
				<tessellate>1</tessellate>
				<coordinates>
					126.781746,37.570312,0 126.781105,37.57082,0 
				</coordinates>
			</LineString>
		</MultiGeometry>
	</Placemark>
	<Placemark>
		<name>P-45</name>
		<visibility>0</visibility>
		<description><![CDATA[<div><div><span><b>Altitude:</b></span> <span>0 ft</span></div>
<div><span><b>Speed:</b></span> <span>18 kt - 16 kt</span></div>
<div><span><b>Timestamp:</b></span><br/><span>2024-07-16 09:46:23 UTC<br/>2024-07-16 09:46:31 UTC</span></div>
</div>]]></description>
		<Style>
			<LineStyle>
				<color>ffffffff</color>
				<width>2</width>
			</LineStyle>
		</Style>
		<MultiGeometry>
			<LineString>
				<tessellate>1</tessellate>
				<coordinates>
					126.781105,37.57082,0 126.78054,37.571274,0 
				</coordinates>
			</LineString>
		</MultiGeometry>
	</Placemark>
	<Placemark>
		<name>P-46</name>
		<visibility>0</visibility>
		<description><![CDATA[<div><div><span><b>Altitude:</b></span> <span>0 ft</span></div>
<div><span><b>Speed:</b></span> <span>16 kt - 15 kt</span></div>
<div><span><b>Timestamp:</b></span><br/><span>2024-07-16 09:46:31 UTC<br/>2024-07-16 09:46:36 UTC</span></div>
</div>]]></description>
		<Style>
			<LineStyle>
				<color>ffffffff</color>
				<width>2</width>
			</LineStyle>
		</Style>
		<MultiGeometry>
			<LineString>
				<tessellate>1</tessellate>
				<coordinates>
					126.78054,37.571274,0 126.780251,37.571503,0 
				</coordinates>
			</LineString>
		</MultiGeometry>
	</Placemark>
	<Placemark>
		<name>P-47</name>
		<visibility>0</visibility>
		<description><![CDATA[<div><div><span><b>Altitude:</b></span> <span>0 ft</span></div>
<div><span><b>Speed:</b></span> <span>15 kt - 14 kt</span></div>
<div><span><b>Timestamp:</b></span><br/><span>2024-07-16 09:46:36 UTC<br/>2024-07-16 09:46:42 UTC</span></div>
</div>]]></description>
		<Style>
			<LineStyle>
				<color>ffffffff</color>
				<width>2</width>
			</LineStyle>
		</Style>
		<MultiGeometry>
			<LineString>
				<tessellate>1</tessellate>
				<coordinates>
					126.780251,37.571503,0 126.779808,37.57159,0 
				</coordinates>
			</LineString>
		</MultiGeometry>
	</Placemark>
	<Placemark>
		<name>P-48</name>
		<visibility>0</visibility>
		<description><![CDATA[<div><div><span><b>Altitude:</b></span> <span>0 ft</span></div>
<div><span><b>Speed:</b></span> <span>14 kt</span></div>
<div><span><b>Timestamp:</b></span><br/><span>2024-07-16 09:46:42 UTC<br/>2024-07-16 09:46:45 UTC</span></div>
</div>]]></description>
		<Style>
			<LineStyle>
				<color>ffffffff</color>
				<width>2</width>
			</LineStyle>
		</Style>
		<MultiGeometry>
			<LineString>
				<tessellate>1</tessellate>
				<coordinates>
					126.779808,37.57159,0 126.779556,37.571495,0 
				</coordinates>
			</LineString>
		</MultiGeometry>
	</Placemark>
	<Placemark>
		<name>P-49</name>
		<visibility>0</visibility>
		<description><![CDATA[<div><div><span><b>Altitude:</b></span> <span>0 ft</span></div>
<div><span><b>Speed:</b></span> <span>14 kt</span></div>
<div><span><b>Timestamp:</b></span><br/><span>2024-07-16 09:46:45 UTC<br/>2024-07-16 09:46:51 UTC</span></div>
</div>]]></description>
		<Style>
			<LineStyle>
				<color>ffffffff</color>
				<width>2</width>
			</LineStyle>
		</Style>
		<MultiGeometry>
			<LineString>
				<tessellate>1</tessellate>
				<coordinates>
					126.779556,37.571495,0 126.779152,37.571194,0 
				</coordinates>
			</LineString>
		</MultiGeometry>
	</Placemark>
	<Placemark>
		<name>P-50</name>
		<visibility>0</visibility>
		<description><![CDATA[<div><div><span><b>Altitude:</b></span> <span>0 ft</span></div>
<div><span><b>Speed:</b></span> <span>14 kt - 13 kt</span></div>
<div><span><b>Timestamp:</b></span><br/><span>2024-07-16 09:46:51 UTC<br/>2024-07-16 09:46:56 UTC</span></div>
</div>]]></description>
		<Style>
			<LineStyle>
				<color>ffffffff</color>
				<width>2</width>
			</LineStyle>
		</Style>
		<MultiGeometry>
			<LineString>
				<tessellate>1</tessellate>
				<coordinates>
					126.779152,37.571194,0 126.778854,37.570953,0 
				</coordinates>
			</LineString>
		</MultiGeometry>
	</Placemark>
	<Placemark>
		<name>P-51</name>
		<visibility>0</visibility>
		<description><![CDATA[<div><div><span><b>Altitude:</b></span> <span>0 ft</span></div>
<div><span><b>Speed:</b></span> <span>13 kt - 11 kt</span></div>
<div><span><b>Timestamp:</b></span><br/><span>2024-07-16 09:46:56 UTC<br/>2024-07-16 09:47:00 UTC</span></div>
</div>]]></description>
		<Style>
			<LineStyle>
				<color>ffffffff</color>
				<width>2</width>
			</LineStyle>
		</Style>
		<MultiGeometry>
			<LineString>
				<tessellate>1</tessellate>
				<coordinates>
					126.778854,37.570953,0 126.778641,37.570774,0 
				</coordinates>
			</LineString>
		</MultiGeometry>
	</Placemark>
	<Placemark>
		<name>P-52</name>
		<visibility>0</visibility>
		<description><![CDATA[<div><div><span><b>Altitude:</b></span> <span>0 ft</span></div>
<div><span><b>Speed:</b></span> <span>11 kt - 8 kt</span></div>
<div><span><b>Timestamp:</b></span><br/><span>2024-07-16 09:47:00 UTC<br/>2024-07-16 09:47:06 UTC</span></div>
</div>]]></description>
		<Style>
			<LineStyle>
				<color>ffffffff</color>
				<width>2</width>
			</LineStyle>
		</Style>
		<MultiGeometry>
			<LineString>
				<tessellate>1</tessellate>
				<coordinates>
					126.778641,37.570774,0 126.778572,37.570564,0 
				</coordinates>
			</LineString>
		</MultiGeometry>
	</Placemark>
	<Placemark>
		<name>P-53</name>
		<visibility>0</visibility>
		<description><![CDATA[<div><div><span><b>Altitude:</b></span> <span>0 ft</span></div>
<div><span><b>Speed:</b></span> <span>8 kt</span></div>
<div><span><b>Timestamp:</b></span><br/><span>2024-07-16 09:47:06 UTC<br/>2024-07-16 09:47:13 UTC</span></div>
</div>]]></description>
		<Style>
			<LineStyle>
				<color>ffffffff</color>
				<width>2</width>
			</LineStyle>
		</Style>
		<MultiGeometry>
			<LineString>
				<tessellate>1</tessellate>
				<coordinates>
					126.778572,37.570564,0 126.778748,37.570347,0 
				</coordinates>
			</LineString>
		</MultiGeometry>
	</Placemark>
	<Placemark>
		<name>P-54</name>
		<visibility>0</visibility>
		<description><![CDATA[<div><div><span><b>Altitude:</b></span> <span>0 ft</span></div>
<div><span><b>Speed:</b></span> <span>8 kt</span></div>
<div><span><b>Timestamp:</b></span><br/><span>2024-07-16 09:47:13 UTC<br/>2024-07-16 09:47:19 UTC</span></div>
</div>]]></description>
		<Style>
			<LineStyle>
				<color>ffffffff</color>
				<width>2</width>
			</LineStyle>
		</Style>
		<MultiGeometry>
			<LineString>
				<tessellate>1</tessellate>
				<coordinates>
					126.778748,37.570347,0 126.778969,37.570183,0 
				</coordinates>
			</LineString>
		</MultiGeometry>
	</Placemark>
	<Placemark>
		<name>P-55</name>
		<visibility>0</visibility>
		<description><![CDATA[<div><div><span><b>Altitude:</b></span> <span>0 ft</span></div>
<div><span><b>Speed:</b></span> <span>8 kt - 10 kt</span></div>
<div><span><b>Timestamp:</b></span><br/><span>2024-07-16 09:47:19 UTC<br/>2024-07-16 09:47:25 UTC</span></div>
</div>]]></description>
		<Style>
			<LineStyle>
				<color>ffffffff</color>
				<width>2</width>
			</LineStyle>
		</Style>
		<MultiGeometry>
			<LineString>
				<tessellate>1</tessellate>
				<coordinates>
					126.778969,37.570183,0 126.779213,37.569996,0 
				</coordinates>
			</LineString>
		</MultiGeometry>
	</Placemark>
	<Placemark>
		<name>P-56</name>
		<visibility>0</visibility>
		<description><![CDATA[<div><div><span><b>Altitude:</b></span> <span>0 ft</span></div>
<div><span><b>Speed:</b></span> <span>10 kt - 17 kt</span></div>
<div><span><b>Timestamp:</b></span><br/><span>2024-07-16 09:47:25 UTC<br/>2024-07-16 09:47:29 UTC</span></div>
</div>]]></description>
		<Style>
			<LineStyle>
				<color>ffffffff</color>
				<width>2</width>
			</LineStyle>
		</Style>
		<MultiGeometry>
			<LineString>
				<tessellate>1</tessellate>
				<coordinates>
					126.779213,37.569996,0 126.77951,37.569763,0 
				</coordinates>
			</LineString>
		</MultiGeometry>
	</Placemark>
	<Placemark>
		<name>P-57</name>
		<visibility>0</visibility>
		<description><![CDATA[<div><div><span><b>Altitude:</b></span> <span>0 ft</span></div>
<div><span><b>Speed:</b></span> <span>17 kt - 56 kt</span></div>
<div><span><b>Timestamp:</b></span><br/><span>2024-07-16 09:47:29 UTC<br/>2024-07-16 09:47:36 UTC</span></div>
</div>]]></description>
		<Style>
			<LineStyle>
				<color>ffffffff</color>
				<width>2</width>
			</LineStyle>
		</Style>
		<MultiGeometry>
			<LineString>
				<tessellate>1</tessellate>
				<coordinates>
					126.77951,37.569763,0 126.780853,37.568699,0 
				</coordinates>
			</LineString>
		</MultiGeometry>
	</Placemark>
	<Placemark>
		<name>P-58</name>
		<visibility>0</visibility>
		<description><![CDATA[<div><div><span><b>Altitude:</b></span> <span>0 ft - 175 ft</span></div>
<div><span><b>Speed:</b></span> <span>56 kt - 96 kt</span></div>
<div><span><b>Timestamp:</b></span><br/><span>2024-07-16 09:47:36 UTC<br/>2024-07-16 09:47:44 UTC</span></div>
</div>]]></description>
		<Style>
			<LineStyle>
				<color>ffffffff</color>
				<width>2</width>
			</LineStyle>
		</Style>
		<MultiGeometry>
			<LineString>
				<tessellate>1</tessellate>
				<coordinates>
					126.780853,37.568699,0 126.783661,37.566444,53.34 
				</coordinates>
			</LineString>
		</MultiGeometry>
	</Placemark>
	<Placemark>
		<name>P-59</name>
		<visibility>0</visibility>
		<description><![CDATA[<div><div><span><b>Altitude:</b></span> <span>175 ft - 150 ft</span></div>
<div><span><b>Speed:</b></span> <span>96 kt - 130 kt</span></div>
<div><span><b>Timestamp:</b></span><br/><span>2024-07-16 09:47:44 UTC<br/>2024-07-16 09:47:54 UTC</span></div>
</div>]]></description>
		<Style>
			<LineStyle>
				<color>ffffffff</color>
				<width>2</width>
			</LineStyle>
		</Style>
		<MultiGeometry>
			<LineString>
				<tessellate>1</tessellate>
				<altitudeMode>absolute</altitudeMode>
				<coordinates>
					126.783661,37.566444,53.34 126.787781,37.563171,45.72 
				</coordinates>
			</LineString>
		</MultiGeometry>
	</Placemark>
	<Placemark>
		<name>P-60</name>
		<visibility>0</visibility>
		<description><![CDATA[<div><div><span><b>Altitude:</b></span> <span>150 ft - 450 ft</span></div>
<div><span><b>Speed:</b></span> <span>130 kt - 146 kt</span></div>
<div><span><b>Timestamp:</b></span><br/><span>2024-07-16 09:47:54 UTC<br/>2024-07-16 09:48:03 UTC</span></div>
</div>]]></description>
		<Style>
			<LineStyle>
				<color>ffffffff</color>
				<width>2</width>
			</LineStyle>
		</Style>
		<MultiGeometry>
			<LineString>
				<tessellate>1</tessellate>
				<altitudeMode>absolute</altitudeMode>
				<coordinates>
					126.787781,37.563171,45.72 126.793976,37.55809,137.16 
				</coordinates>
			</LineString>
		</MultiGeometry>
	</Placemark>
	<Placemark>
		<name>P-61</name>
		<visibility>0</visibility>
		<description><![CDATA[<div><div><span><b>Altitude:</b></span> <span>450 ft - 650 ft</span></div>
<div><span><b>Speed:</b></span> <span>146 kt - 148 kt</span></div>
<div><span><b>Timestamp:</b></span><br/><span>2024-07-16 09:48:03 UTC<br/>2024-07-16 09:48:10 UTC</span></div>
</div>]]></description>
		<Style>
			<LineStyle>
				<color>ffffe062</color>
				<width>2</width>
			</LineStyle>
		</Style>
		<MultiGeometry>
			<LineString>
				<tessellate>1</tessellate>
				<altitudeMode>absolute</altitudeMode>
				<coordinates>
					126.793976,37.55809,137.16 126.797714,37.555023,198.12 
				</coordinates>
			</LineString>
		</MultiGeometry>
	</Placemark>
	<Placemark>
		<name>P-62</name>
		<visibility>0</visibility>
		<description><![CDATA[<div><div><span><b>Altitude:</b></span> <span>650 ft - 1,100 ft</span></div>
<div><span><b>Speed:</b></span> <span>148 kt</span></div>
<div><span><b>Timestamp:</b></span><br/><span>2024-07-16 09:48:10 UTC<br/>2024-07-16 09:48:20 UTC</span></div>
</div>]]></description>
		<Style>
			<LineStyle>
				<color>ffffe062</color>
				<width>2</width>
			</LineStyle>
		</Style>
		<MultiGeometry>
			<LineString>
				<tessellate>1</tessellate>
				<altitudeMode>absolute</altitudeMode>
				<coordinates>
					126.797714,37.555023,198.12 126.80336,37.55043,335.2799999999999 
				</coordinates>
			</LineString>
		</MultiGeometry>
	</Placemark>
	<Placemark>
		<name>P-63</name>
		<visibility>0</visibility>
		<description><![CDATA[<div><div><span><b>Altitude:</b></span> <span>1,100 ft - 1,600 ft</span></div>
<div><span><b>Speed:</b></span> <span>148 kt - 146 kt</span></div>
<div><span><b>Timestamp:</b></span><br/><span>2024-07-16 09:48:20 UTC<br/>2024-07-16 09:48:28 UTC</span></div>
</div>]]></description>
		<Style>
			<LineStyle>
				<color>fff0ff00</color>
				<width>2</width>
			</LineStyle>
		</Style>
		<MultiGeometry>
			<LineString>
				<tessellate>1</tessellate>
				<altitudeMode>absolute</altitudeMode>
				<coordinates>
					126.80336,37.55043,335.2799999999999 126.809036,37.545918,487.6799999999999 
				</coordinates>
			</LineString>
		</MultiGeometry>
	</Placemark>
	<Placemark>
		<name>P-64</name>
		<visibility>0</visibility>
		<description><![CDATA[<div><div><span><b>Altitude:</b></span> <span>1,600 ft - 2,050 ft</span></div>
<div><span><b>Speed:</b></span> <span>146 kt - 144 kt</span></div>
<div><span><b>Timestamp:</b></span><br/><span>2024-07-16 09:48:28 UTC<br/>2024-07-16 09:48:38 UTC</span></div>
</div>]]></description>
		<Style>
			<LineStyle>
				<color>ffccff00</color>
				<width>2</width>
			</LineStyle>
		</Style>
		<MultiGeometry>
			<LineString>
				<tessellate>1</tessellate>
				<altitudeMode>absolute</altitudeMode>
				<coordinates>
					126.809036,37.545918,487.6799999999999 126.814659,37.541656,624.84 
				</coordinates>
			</LineString>
		</MultiGeometry>
	</Placemark>
	<Placemark>
		<name>P-65</name>
		<visibility>0</visibility>
		<description><![CDATA[<div><div><span><b>Altitude:</b></span> <span>2,050 ft - 2,375 ft</span></div>
<div><span><b>Speed:</b></span> <span>144 kt - 146 kt</span></div>
<div><span><b>Timestamp:</b></span><br/><span>2024-07-16 09:48:38 UTC<br/>2024-07-16 09:48:47 UTC</span></div>
</div>]]></description>
		<Style>
			<LineStyle>
				<color>ff42ff00</color>
				<width>2</width>
			</LineStyle>
		</Style>
		<MultiGeometry>
			<LineString>
				<tessellate>1</tessellate>
				<altitudeMode>absolute</altitudeMode>
				<coordinates>
					126.814659,37.541656,624.84 126.820038,37.537537,723.8999999999999 
				</coordinates>
			</LineString>
		</MultiGeometry>
	</Placemark>
	<Placemark>
		<name>P-66</name>
		<visibility>0</visibility>
		<description><![CDATA[<div><div><span><b>Altitude:</b></span> <span>2,375 ft - 2,725 ft</span></div>
<div><span><b>Speed:</b></span> <span>146 kt</span></div>
<div><span><b>Timestamp:</b></span><br/><span>2024-07-16 09:48:47 UTC<br/>2024-07-16 09:48:55 UTC</span></div>
</div>]]></description>
		<Style>
			<LineStyle>
				<color>ff42ff00</color>
				<width>2</width>
			</LineStyle>
		</Style>
		<MultiGeometry>
			<LineString>
				<tessellate>1</tessellate>
				<altitudeMode>absolute</altitudeMode>
				<coordinates>
					126.820038,37.537537,723.8999999999999 126.825531,37.533234,830.5799999999998 
				</coordinates>
			</LineString>
		</MultiGeometry>
	</Placemark>
	<Placemark>
		<name>P-67</name>
		<visibility>0</visibility>
		<description><![CDATA[<div><div><span><b>Altitude:</b></span> <span>2,725 ft - 3,100 ft</span></div>
<div><span><b>Speed:</b></span> <span>146 kt - 145 kt</span></div>
<div><span><b>Timestamp:</b></span><br/><span>2024-07-16 09:48:55 UTC<br/>2024-07-16 09:49:06 UTC</span></div>
</div>]]></description>
		<Style>
			<LineStyle>
				<color>ff1eff00</color>
				<width>2</width>
			</LineStyle>
		</Style>
		<MultiGeometry>
			<LineString>
				<tessellate>1</tessellate>
				<altitudeMode>absolute</altitudeMode>
				<coordinates>
					126.825531,37.533234,830.5799999999998 126.831543,37.528507,944.8799999999998 
				</coordinates>
			</LineString>
		</MultiGeometry>
	</Placemark>
	<Placemark>
		<name>P-68</name>
		<visibility>0</visibility>
		<description><![CDATA[<div><div><span><b>Altitude:</b></span> <span>3,100 ft - 3,425 ft</span></div>
<div><span><b>Speed:</b></span> <span>145 kt - 147 kt</span></div>
<div><span><b>Timestamp:</b></span><br/><span>2024-07-16 09:49:06 UTC<br/>2024-07-16 09:49:15 UTC</span></div>
</div>]]></description>
		<Style>
			<LineStyle>
				<color>ff1eff00</color>
				<width>2</width>
			</LineStyle>
		</Style>
		<MultiGeometry>
			<LineString>
				<tessellate>1</tessellate>
				<altitudeMode>absolute</altitudeMode>
				<coordinates>
					126.831543,37.528507,944.8799999999998 126.83638,37.524548,1043.94 
				</coordinates>
			</LineString>
		</MultiGeometry>
	</Placemark>
	<Placemark>
		<name>P-69</name>
		<visibility>0</visibility>
		<description><![CDATA[<div><div><span><b>Altitude:</b></span> <span>3,425 ft - 3,750 ft</span></div>
<div><span><b>Speed:</b></span> <span>147 kt - 154 kt</span></div>
<div><span><b>Timestamp:</b></span><br/><span>2024-07-16 09:49:15 UTC<br/>2024-07-16 09:49:23 UTC</span></div>
</div>]]></description>
		<Style>
			<LineStyle>
				<color>ff00ff0c</color>
				<width>2</width>
			</LineStyle>
		</Style>
		<MultiGeometry>
			<LineString>
				<tessellate>1</tessellate>
				<altitudeMode>absolute</altitudeMode>
				<coordinates>
					126.83638,37.524548,1043.94 126.841637,37.520359,1143 
				</coordinates>
			</LineString>
		</MultiGeometry>
	</Placemark>
	<Placemark>
		<name>P-70</name>
		<visibility>0</visibility>
		<description><![CDATA[<div><div><span><b>Altitude:</b></span> <span>3,750 ft - 4,000 ft</span></div>
<div><span><b>Speed:</b></span> <span>154 kt - 163 kt</span></div>
<div><span><b>Timestamp:</b></span><br/><span>2024-07-16 09:49:23 UTC<br/>2024-07-16 09:49:30 UTC</span></div>
</div>]]></description>
		<Style>
			<LineStyle>
				<color>ff00ff0c</color>
				<width>2</width>
			</LineStyle>
		</Style>
		<MultiGeometry>
			<LineString>
				<tessellate>1</tessellate>
				<altitudeMode>absolute</altitudeMode>
				<coordinates>
					126.841637,37.520359,1143 126.846451,37.516571,1219.2 
				</coordinates>
			</LineString>
		</MultiGeometry>
	</Placemark>
	<Placemark>
		<name>P-71</name>
		<visibility>0</visibility>
		<description><![CDATA[<div><div><span><b>Altitude:</b></span> <span>4,000 ft - 4,025 ft</span></div>
<div><span><b>Speed:</b></span> <span>163 kt - 174 kt</span></div>
<div><span><b>Timestamp:</b></span><br/><span>2024-07-16 09:49:30 UTC<br/>2024-07-16 09:49:38 UTC</span></div>
</div>]]></description>
		<Style>
			<LineStyle>
				<color>ff00ff36</color>
				<width>2</width>
			</LineStyle>
		</Style>
		<MultiGeometry>
			<LineString>
				<tessellate>1</tessellate>
				<altitudeMode>absolute</altitudeMode>
				<coordinates>
					126.846451,37.516571,1219.2 126.851479,37.512451,1226.82 
				</coordinates>
			</LineString>
		</MultiGeometry>
	</Placemark>
	<Placemark>
		<name>P-72</name>
		<visibility>0</visibility>
		<description><![CDATA[<div><div><span><b>Altitude:</b></span> <span>4,025 ft - 4,150 ft</span></div>
<div><span><b>Speed:</b></span> <span>174 kt - 185 kt</span></div>
<div><span><b>Timestamp:</b></span><br/><span>2024-07-16 09:49:38 UTC<br/>2024-07-16 09:49:45 UTC</span></div>
</div>]]></description>
		<Style>
			<LineStyle>
				<color>ff00ff36</color>
				<width>2</width>
			</LineStyle>
		</Style>
		<MultiGeometry>
			<LineString>
				<tessellate>1</tessellate>
				<altitudeMode>absolute</altitudeMode>
				<coordinates>
					126.851479,37.512451,1226.82 126.857224,37.507603,1264.92 
				</coordinates>
			</LineString>
		</MultiGeometry>
	</Placemark>
	<Placemark>
		<name>P-73</name>
		<visibility>0</visibility>
		<description><![CDATA[<div><div><span><b>Altitude:</b></span> <span>4,150 ft - 4,400 ft</span></div>
<div><span><b>Speed:</b></span> <span>185 kt - 197 kt</span></div>
<div><span><b>Timestamp:</b></span><br/><span>2024-07-16 09:49:45 UTC<br/>2024-07-16 09:49:55 UTC</span></div>
</div>]]></description>
		<Style>
			<LineStyle>
				<color>ff00ff36</color>
				<width>2</width>
			</LineStyle>
		</Style>
		<MultiGeometry>
			<LineString>
				<tessellate>1</tessellate>
				<altitudeMode>absolute</altitudeMode>
				<coordinates>
					126.857224,37.507603,1264.92 126.864685,37.500809,1341.12 
				</coordinates>
			</LineString>
		</MultiGeometry>
	</Placemark>
	<Placemark>
		<name>P-74</name>
		<visibility>0</visibility>
		<description><![CDATA[<div><div><span><b>Altitude:</b></span> <span>4,400 ft - 4,475 ft</span></div>
<div><span><b>Speed:</b></span> <span>197 kt - 199 kt</span></div>
<div><span><b>Timestamp:</b></span><br/><span>2024-07-16 09:49:55 UTC<br/>2024-07-16 09:49:59 UTC</span></div>
</div>]]></description>
		<Style>
			<LineStyle>
				<color>ff00ff36</color>
				<width>2</width>
			</LineStyle>
		</Style>
		<MultiGeometry>
			<LineString>
				<tessellate>1</tessellate>
				<altitudeMode>absolute</altitudeMode>
				<coordinates>
					126.864685,37.500809,1341.12 126.867134,37.49778,1363.98 
				</coordinates>
			</LineString>
		</MultiGeometry>
	</Placemark>
	<Placemark>
		<name>P-75</name>
		<visibility>0</visibility>
		<description><![CDATA[<div><div><span><b>Altitude:</b></span> <span>4,475 ft - 4,550 ft</span></div>
<div><span><b>Speed:</b></span> <span>199 kt - 203 kt</span></div>
<div><span><b>Timestamp:</b></span><br/><span>2024-07-16 09:49:59 UTC<br/>2024-07-16 09:50:02 UTC</span></div>
</div>]]></description>
		<Style>
			<LineStyle>
				<color>ff00ff36</color>
				<width>2</width>
			</LineStyle>
		</Style>
		<MultiGeometry>
			<LineString>
				<tessellate>1</tessellate>
				<altitudeMode>absolute</altitudeMode>
				<coordinates>
					126.867134,37.49778,1363.98 126.868889,37.494919,1386.84 
				</coordinates>
			</LineString>
		</MultiGeometry>
	</Placemark>
	<Placemark>
		<name>P-76</name>
		<visibility>0</visibility>
		<description><![CDATA[<div><div><span><b>Altitude:</b></span> <span>4,550 ft - 4,600 ft</span></div>
<div><span><b>Speed:</b></span> <span>203 kt - 206 kt</span></div>
<div><span><b>Timestamp:</b></span><br/><span>2024-07-16 09:50:02 UTC<br/>2024-07-16 09:50:06 UTC</span></div>
</div>]]></description>
		<Style>
			<LineStyle>
				<color>ff00ff36</color>
				<width>2</width>
			</LineStyle>
		</Style>
		<MultiGeometry>
			<LineString>
				<tessellate>1</tessellate>
				<altitudeMode>absolute</altitudeMode>
				<coordinates>
					126.868889,37.494919,1386.84 126.870178,37.492287,1402.08 
				</coordinates>
			</LineString>
		</MultiGeometry>
	</Placemark>
	<Placemark>
		<name>P-77</name>
		<visibility>0</visibility>
		<description><![CDATA[<div><div><span><b>Altitude:</b></span> <span>4,600 ft - 4,675 ft</span></div>
<div><span><b>Speed:</b></span> <span>206 kt - 210 kt</span></div>
<div><span><b>Timestamp:</b></span><br/><span>2024-07-16 09:50:06 UTC<br/>2024-07-16 09:50:10 UTC</span></div>
</div>]]></description>
		<Style>
			<LineStyle>
				<color>ff00ff36</color>
				<width>2</width>
			</LineStyle>
		</Style>
		<MultiGeometry>
			<LineString>
				<tessellate>1</tessellate>
				<altitudeMode>absolute</altitudeMode>
				<coordinates>
					126.870178,37.492287,1402.08 126.871811,37.488373,1424.94 
				</coordinates>
			</LineString>
		</MultiGeometry>
	</Placemark>
	<Placemark>
		<name>P-78</name>
		<visibility>0</visibility>
		<description><![CDATA[<div><div><span><b>Altitude:</b></span> <span>4,675 ft - 4,775 ft</span></div>
<div><span><b>Speed:</b></span> <span>210 kt - 214 kt</span></div>
<div><span><b>Timestamp:</b></span><br/><span>2024-07-16 09:50:10 UTC<br/>2024-07-16 09:50:13 UTC</span></div>
</div>]]></description>
		<Style>
			<LineStyle>
				<color>ff00ff36</color>
				<width>2</width>
			</LineStyle>
		</Style>
		<MultiGeometry>
			<LineString>
				<tessellate>1</tessellate>
				<altitudeMode>absolute</altitudeMode>
				<coordinates>
					126.871811,37.488373,1424.94 126.873329,37.484711,1455.42 
				</coordinates>
			</LineString>
		</MultiGeometry>
	</Placemark>
	<Placemark>
		<name>P-79</name>
		<visibility>0</visibility>
		<description><![CDATA[<div><div><span><b>Altitude:</b></span> <span>4,775 ft - 4,875 ft</span></div>
<div><span><b>Speed:</b></span> <span>214 kt - 217 kt</span></div>
<div><span><b>Timestamp:</b></span><br/><span>2024-07-16 09:50:13 UTC<br/>2024-07-16 09:50:17 UTC</span></div>
</div>]]></description>
		<Style>
			<LineStyle>
				<color>ff00ff36</color>
				<width>2</width>
			</LineStyle>
		</Style>
		<MultiGeometry>
			<LineString>
				<tessellate>1</tessellate>
				<altitudeMode>absolute</altitudeMode>
				<coordinates>
					126.873329,37.484711,1455.42 126.874596,37.481583,1485.9 
				</coordinates>
			</LineString>
		</MultiGeometry>
	</Placemark>
	<Placemark>
		<name>P-80</name>
		<visibility>0</visibility>
		<description><![CDATA[<div><div><span><b>Altitude:</b></span> <span>4,875 ft - 5,050 ft</span></div>
<div><span><b>Speed:</b></span> <span>217 kt - 221 kt</span></div>
<div><span><b>Timestamp:</b></span><br/><span>2024-07-16 09:50:17 UTC<br/>2024-07-16 09:50:21 UTC</span></div>
</div>]]></description>
		<Style>
			<LineStyle>
				<color>ff00ff36</color>
				<width>2</width>
			</LineStyle>
		</Style>
		<MultiGeometry>
			<LineString>
				<tessellate>1</tessellate>
				<altitudeMode>absolute</altitudeMode>
				<coordinates>
					126.874596,37.481583,1485.9 126.876091,37.477531,1539.24 
				</coordinates>
			</LineString>
		</MultiGeometry>
	</Placemark>
	<Placemark>
		<name>P-81</name>
		<visibility>0</visibility>
		<description><![CDATA[<div><div><span><b>Altitude:</b></span> <span>5,050 ft - 5,325 ft</span></div>
<div><span><b>Speed:</b></span> <span>221 kt - 225 kt</span></div>
<div><span><b>Timestamp:</b></span><br/><span>2024-07-16 09:50:21 UTC<br/>2024-07-16 09:50:28 UTC</span></div>
</div>]]></description>
		<Style>
			<LineStyle>
				<color>ff00ff72</color>
				<width>2</width>
			</LineStyle>
		</Style>
		<MultiGeometry>
			<LineString>
				<tessellate>1</tessellate>
				<altitudeMode>absolute</altitudeMode>
				<coordinates>
					126.876091,37.477531,1539.24 126.878838,37.470409,1623.06 
				</coordinates>
			</LineString>
		</MultiGeometry>
	</Placemark>
	<Placemark>
		<name>P-82</name>
		<visibility>0</visibility>
		<description><![CDATA[<div><div><span><b>Altitude:</b></span> <span>5,325 ft - 5,800 ft</span></div>
<div><span><b>Speed:</b></span> <span>225 kt - 244 kt</span></div>
<div><span><b>Timestamp:</b></span><br/><span>2024-07-16 09:50:28 UTC<br/>2024-07-16 09:50:42 UTC</span></div>
</div>]]></description>
		<Style>
			<LineStyle>
				<color>ff00ff72</color>
				<width>2</width>
			</LineStyle>
		</Style>
		<MultiGeometry>
			<LineString>
				<tessellate>1</tessellate>
				<altitudeMode>absolute</altitudeMode>
				<coordinates>
					126.878838,37.470409,1623.06 126.884491,37.455276,1767.84 
				</coordinates>
			</LineString>
		</MultiGeometry>
	</Placemark>
	<Placemark>
		<name>P-83</name>
		<visibility>0</visibility>
		<description><![CDATA[<div><div><span><b>Altitude:</b></span> <span>5,800 ft - 6,025 ft</span></div>
<div><span><b>Speed:</b></span> <span>244 kt - 270 kt</span></div>
<div><span><b>Timestamp:</b></span><br/><span>2024-07-16 09:50:42 UTC<br/>2024-07-16 09:50:53 UTC</span></div>
</div>]]></description>
		<Style>
			<LineStyle>
				<color>ff00ff72</color>
				<width>2</width>
			</LineStyle>
		</Style>
		<MultiGeometry>
			<LineString>
				<tessellate>1</tessellate>
				<altitudeMode>absolute</altitudeMode>
				<coordinates>
					126.884491,37.455276,1767.84 126.88958,37.441498,1836.42 
				</coordinates>
			</LineString>
		</MultiGeometry>
	</Placemark>
	<Placemark>
		<name>P-84</name>
		<visibility>0</visibility>
		<description><![CDATA[<div><div><span><b>Altitude:</b></span> <span>6,025 ft - 6,075 ft</span></div>
<div><span><b>Speed:</b></span> <span>270 kt - 285 kt</span></div>
<div><span><b>Timestamp:</b></span><br/><span>2024-07-16 09:50:53 UTC<br/>2024-07-16 09:51:10 UTC</span></div>
</div>]]></description>
		<Style>
			<LineStyle>
				<color>ff00ff72</color>
				<width>2</width>
			</LineStyle>
		</Style>
		<MultiGeometry>
			<LineString>
				<tessellate>1</tessellate>
				<altitudeMode>absolute</altitudeMode>
				<coordinates>
					126.88958,37.441498,1836.42 126.897873,37.42012,1851.66 
				</coordinates>
			</LineString>
		</MultiGeometry>
	</Placemark>
	<Placemark>
		<name>P-85</name>
		<visibility>0</visibility>
		<description><![CDATA[<div><div><span><b>Altitude:</b></span> <span>6,075 ft - 6,100 ft</span></div>
<div><span><b>Speed:</b></span> <span>285 kt - 284 kt</span></div>
<div><span><b>Timestamp:</b></span><br/><span>2024-07-16 09:51:10 UTC<br/>2024-07-16 09:51:26 UTC</span></div>
</div>]]></description>
		<Style>
			<LineStyle>
				<color>ff00ff72</color>
				<width>2</width>
			</LineStyle>
		</Style>
		<MultiGeometry>
			<LineString>
				<tessellate>1</tessellate>
				<altitudeMode>absolute</altitudeMode>
				<coordinates>
					126.897873,37.42012,1851.66 126.905525,37.401371,1859.28 
				</coordinates>
			</LineString>
		</MultiGeometry>
	</Placemark>
	<Placemark>
		<name>P-86</name>
		<visibility>0</visibility>
		<description><![CDATA[<div><div><span><b>Altitude:</b></span> <span>6,100 ft - 6,125 ft</span></div>
<div><span><b>Speed:</b></span> <span>284 kt</span></div>
<div><span><b>Timestamp:</b></span><br/><span>2024-07-16 09:51:26 UTC<br/>2024-07-16 09:51:39 UTC</span></div>
</div>]]></description>
		<Style>
			<LineStyle>
				<color>ff00ff72</color>
				<width>2</width>
			</LineStyle>
		</Style>
		<MultiGeometry>
			<LineString>
				<tessellate>1</tessellate>
				<altitudeMode>absolute</altitudeMode>
				<coordinates>
					126.905525,37.401371,1859.28 126.912331,37.385033,1866.9 
				</coordinates>
			</LineString>
		</MultiGeometry>
	</Placemark>
	<Placemark>
		<name>P-87</name>
		<visibility>0</visibility>
		<description><![CDATA[<div><div><span><b>Altitude:</b></span> <span>6,125 ft - 6,250 ft</span></div>
<div><span><b>Speed:</b></span> <span>284 kt - 292 kt</span></div>
<div><span><b>Timestamp:</b></span><br/><span>2024-07-16 09:51:39 UTC<br/>2024-07-16 09:51:55 UTC</span></div>
</div>]]></description>
		<Style>
			<LineStyle>
				<color>ff00ff72</color>
				<width>2</width>
			</LineStyle>
		</Style>
		<MultiGeometry>
			<LineString>
				<tessellate>1</tessellate>
				<altitudeMode>absolute</altitudeMode>
				<coordinates>
					126.912331,37.385033,1866.9 126.922714,37.365829,1905 
				</coordinates>
			</LineString>
		</MultiGeometry>
	</Placemark>
	<Placemark>
		<name>P-88</name>
		<visibility>0</visibility>
		<description><![CDATA[<div><div><span><b>Altitude:</b></span> <span>6,250 ft - 6,300 ft</span></div>
<div><span><b>Speed:</b></span> <span>292 kt - 294 kt</span></div>
<div><span><b>Timestamp:</b></span><br/><span>2024-07-16 09:51:55 UTC<br/>2024-07-16 09:51:57 UTC</span></div>
</div>]]></description>
		<Style>
			<LineStyle>
				<color>ff00ff72</color>
				<width>2</width>
			</LineStyle>
		</Style>
		<MultiGeometry>
			<LineString>
				<tessellate>1</tessellate>
				<altitudeMode>absolute</altitudeMode>
				<coordinates>
					126.922714,37.365829,1905 126.924751,37.363338,1920.24 
				</coordinates>
			</LineString>
		</MultiGeometry>
	</Placemark>
	<Placemark>
		<name>P-89</name>
		<visibility>0</visibility>
		<description><![CDATA[<div><div><span><b>Altitude:</b></span> <span>6,300 ft - 6,425 ft</span></div>
<div><span><b>Speed:</b></span> <span>294 kt - 296 kt</span></div>
<div><span><b>Timestamp:</b></span><br/><span>2024-07-16 09:51:57 UTC<br/>2024-07-16 09:52:01 UTC</span></div>
</div>]]></description>
		<Style>
			<LineStyle>
				<color>ff00ff72</color>
				<width>2</width>
			</LineStyle>
		</Style>
		<MultiGeometry>
			<LineString>
				<tessellate>1</tessellate>
				<altitudeMode>absolute</altitudeMode>
				<coordinates>
					126.924751,37.363338,1920.24 126.928734,37.358688,1958.34 
				</coordinates>
			</LineString>
		</MultiGeometry>
	</Placemark>
	<Placemark>
		<name>P-90</name>
		<visibility>0</visibility>
		<description><![CDATA[<div><div><span><b>Altitude:</b></span> <span>6,425 ft - 6,550 ft</span></div>
<div><span><b>Speed:</b></span> <span>296 kt</span></div>
<div><span><b>Timestamp:</b></span><br/><span>2024-07-16 09:52:01 UTC<br/>2024-07-16 09:52:04 UTC</span></div>
</div>]]></description>
		<Style>
			<LineStyle>
				<color>ff00ff72</color>
				<width>2</width>
			</LineStyle>
		</Style>
		<MultiGeometry>
			<LineString>
				<tessellate>1</tessellate>
				<altitudeMode>absolute</altitudeMode>
				<coordinates>
					126.928734,37.358688,1958.34 126.931656,37.355347,1996.44 
				</coordinates>
			</LineString>
		</MultiGeometry>
	</Placemark>
	<Placemark>
		<name>P-91</name>
		<visibility>0</visibility>
		<description><![CDATA[<div><div><span><b>Altitude:</b></span> <span>6,550 ft - 6,725 ft</span></div>
<div><span><b>Speed:</b></span> <span>296 kt</span></div>
<div><span><b>Timestamp:</b></span><br/><span>2024-07-16 09:52:04 UTC<br/>2024-07-16 09:52:08 UTC</span></div>
</div>]]></description>
		<Style>
			<LineStyle>
				<color>ff00ff72</color>
				<width>2</width>
			</LineStyle>
		</Style>
		<MultiGeometry>
			<LineString>
				<tessellate>1</tessellate>
				<altitudeMode>absolute</altitudeMode>
				<coordinates>
					126.931656,37.355347,1996.44 126.93502,37.351559,2049.78 
				</coordinates>
			</LineString>
		</MultiGeometry>
	</Placemark>
	<Placemark>
		<name>P-92</name>
		<visibility>0</visibility>
		<description><![CDATA[<div><div><span><b>Altitude:</b></span> <span>6,725 ft - 6,900 ft</span></div>
<div><span><b>Speed:</b></span> <span>296 kt</span></div>
<div><span><b>Timestamp:</b></span><br/><span>2024-07-16 09:52:08 UTC<br/>2024-07-16 09:52:11 UTC</span></div>
</div>]]></description>
		<Style>
			<LineStyle>
				<color>ff00ff9c</color>
				<width>2</width>
			</LineStyle>
		</Style>
		<MultiGeometry>
			<LineString>
				<tessellate>1</tessellate>
				<altitudeMode>absolute</altitudeMode>
				<coordinates>
					126.93502,37.351559,2049.78 126.93837,37.347794,2103.119999999999 
				</coordinates>
			</LineString>
		</MultiGeometry>
	</Placemark>
	<Placemark>
		<name>P-93</name>
		<visibility>0</visibility>
		<description><![CDATA[<div><div><span><b>Altitude:</b></span> <span>6,900 ft - 7,075 ft</span></div>
<div><span><b>Speed:</b></span> <span>296 kt</span></div>
<div><span><b>Timestamp:</b></span><br/><span>2024-07-16 09:52:11 UTC<br/>2024-07-16 09:52:14 UTC</span></div>
</div>]]></description>
		<Style>
			<LineStyle>
				<color>ff00ff9c</color>
				<width>2</width>
			</LineStyle>
		</Style>
		<MultiGeometry>
			<LineString>
				<tessellate>1</tessellate>
				<altitudeMode>absolute</altitudeMode>
				<coordinates>
					126.93837,37.347794,2103.119999999999 126.941467,37.344315,2156.46 
				</coordinates>
			</LineString>
		</MultiGeometry>
	</Placemark>
	<Placemark>
		<name>P-94</name>
		<visibility>0</visibility>
		<description><![CDATA[<div><div><span><b>Altitude:</b></span> <span>7,075 ft - 7,250 ft</span></div>
<div><span><b>Speed:</b></span> <span>296 kt - 294 kt</span></div>
<div><span><b>Timestamp:</b></span><br/><span>2024-07-16 09:52:14 UTC<br/>2024-07-16 09:52:18 UTC</span></div>
</div>]]></description>
		<Style>
			<LineStyle>
				<color>ff00ff9c</color>
				<width>2</width>
			</LineStyle>
		</Style>
		<MultiGeometry>
			<LineString>
				<tessellate>1</tessellate>
				<altitudeMode>absolute</altitudeMode>
				<coordinates>
					126.941467,37.344315,2156.46 126.944756,37.340622,2209.8 
				</coordinates>
			</LineString>
		</MultiGeometry>
	</Placemark>
	<Placemark>
		<name>P-95</name>
		<visibility>0</visibility>
		<description><![CDATA[<div><div><span><b>Altitude:</b></span> <span>7,250 ft - 7,400 ft</span></div>
<div><span><b>Speed:</b></span> <span>294 kt</span></div>
<div><span><b>Timestamp:</b></span><br/><span>2024-07-16 09:52:18 UTC<br/>2024-07-16 09:52:21 UTC</span></div>
</div>]]></description>
		<Style>
			<LineStyle>
				<color>ff00ff9c</color>
				<width>2</width>
			</LineStyle>
		</Style>
		<MultiGeometry>
			<LineString>
				<tessellate>1</tessellate>
				<altitudeMode>absolute</altitudeMode>
				<coordinates>
					126.944756,37.340622,2209.8 126.947899,37.337036,2255.52 
				</coordinates>
			</LineString>
		</MultiGeometry>
	</Placemark>
	<Placemark>
		<name>P-96</name>
		<visibility>0</visibility>
		<description><![CDATA[<div><div><span><b>Altitude:</b></span> <span>7,400 ft - 7,800 ft</span></div>
<div><span><b>Speed:</b></span> <span>294 kt - 289 kt</span></div>
<div><span><b>Timestamp:</b></span><br/><span>2024-07-16 09:52:21 UTC<br/>2024-07-16 09:52:32 UTC</span></div>
</div>]]></description>
		<Style>
			<LineStyle>
				<color>ff00ff9c</color>
				<width>2</width>
			</LineStyle>
		</Style>
		<MultiGeometry>
			<LineString>
				<tessellate>1</tessellate>
				<altitudeMode>absolute</altitudeMode>
				<coordinates>
					126.947899,37.337036,2255.52 126.959976,37.323162,2377.44 
				</coordinates>
			</LineString>
		</MultiGeometry>
	</Placemark>
	<Placemark>
		<name>P-97</name>
		<visibility>0</visibility>
		<description><![CDATA[<div><div><span><b>Altitude:</b></span> <span>7,800 ft - 8,075 ft</span></div>
<div><span><b>Speed:</b></span> <span>289 kt - 292 kt</span></div>
<div><span><b>Timestamp:</b></span><br/><span>2024-07-16 09:52:32 UTC<br/>2024-07-16 09:52:48 UTC</span></div>
</div>]]></description>
		<Style>
			<LineStyle>
				<color>ff00ff9c</color>
				<width>2</width>
			</LineStyle>
		</Style>
		<MultiGeometry>
			<LineString>
				<tessellate>1</tessellate>
				<altitudeMode>absolute</altitudeMode>
				<coordinates>
					126.959976,37.323162,2377.44 126.974136,37.306458,2461.26 
				</coordinates>
			</LineString>
		</MultiGeometry>
	</Placemark>
	<Placemark>
		<name>P-98</name>
		<visibility>0</visibility>
		<description><![CDATA[<div><div><span><b>Altitude:</b></span> <span>8,075 ft - 8,125 ft</span></div>
<div><span><b>Speed:</b></span> <span>292 kt - 294 kt</span></div>
<div><span><b>Timestamp:</b></span><br/><span>2024-07-16 09:52:48 UTC<br/>2024-07-16 09:53:02 UTC</span></div>
</div>]]></description>
		<Style>
			<LineStyle>
				<color>ff00ff9c</color>
				<width>2</width>
			</LineStyle>
		</Style>
		<MultiGeometry>
			<LineString>
				<tessellate>1</tessellate>
				<altitudeMode>absolute</altitudeMode>
				<coordinates>
					126.974136,37.306458,2461.26 126.987808,37.29039,2476.5 
				</coordinates>
			</LineString>
		</MultiGeometry>
	</Placemark>
	<Placemark>
		<name>P-99</name>
		<visibility>0</visibility>
		<description><![CDATA[<div><div><span><b>Altitude:</b></span> <span>8,125 ft</span></div>
<div><span><b>Speed:</b></span> <span>294 kt - 298 kt</span></div>
<div><span><b>Timestamp:</b></span><br/><span>2024-07-16 09:53:02 UTC<br/>2024-07-16 09:53:18 UTC</span></div>
</div>]]></description>
		<Style>
			<LineStyle>
				<color>ff00ff9c</color>
				<width>2</width>
			</LineStyle>
		</Style>
		<MultiGeometry>
			<LineString>
				<tessellate>1</tessellate>
				<altitudeMode>absolute</altitudeMode>
				<coordinates>
					126.987808,37.29039,2476.5 127.000961,37.274918,2476.5 
				</coordinates>
			</LineString>
		</MultiGeometry>
	</Placemark>
	<Placemark>
		<name>P-100</name>
		<visibility>0</visibility>
		<description><![CDATA[<div><div><span><b>Altitude:</b></span> <span>8,125 ft - 8,250 ft</span></div>
<div><span><b>Speed:</b></span> <span>298 kt - 299 kt</span></div>
<div><span><b>Timestamp:</b></span><br/><span>2024-07-16 09:53:18 UTC<br/>2024-07-16 09:53:30 UTC</span></div>
</div>]]></description>
		<Style>
			<LineStyle>
				<color>ff00ff9c</color>
				<width>2</width>
			</LineStyle>
		</Style>
		<MultiGeometry>
			<LineString>
				<tessellate>1</tessellate>
				<altitudeMode>absolute</altitudeMode>
				<coordinates>
					127.000961,37.274918,2476.5 127.014488,37.25906,2514.6 
				</coordinates>
			</LineString>
		</MultiGeometry>
	</Placemark>
	<Placemark>
		<name>P-101</name>
		<visibility>0</visibility>
		<description><![CDATA[<div><div><span><b>Altitude:</b></span> <span>8,250 ft - 8,825 ft</span></div>
<div><span><b>Speed:</b></span> <span>299 kt - 296 kt</span></div>
<div><span><b>Timestamp:</b></span><br/><span>2024-07-16 09:53:30 UTC<br/>2024-07-16 09:53:45 UTC</span></div>
</div>]]></description>
		<Style>
			<LineStyle>
				<color>ff00ffd2</color>
				<width>2</width>
			</LineStyle>
		</Style>
		<MultiGeometry>
			<LineString>
				<tessellate>1</tessellate>
				<altitudeMode>absolute</altitudeMode>
				<coordinates>
					127.014488,37.25906,2514.6 127.026909,37.240906,2689.86 
				</coordinates>
			</LineString>
		</MultiGeometry>
	</Placemark>
	<Placemark>
		<name>P-102</name>
		<visibility>0</visibility>
		<description><![CDATA[<div><div><span><b>Altitude:</b></span> <span>8,825 ft - 9,575 ft</span></div>
<div><span><b>Speed:</b></span> <span>296 kt - 278 kt</span></div>
<div><span><b>Timestamp:</b></span><br/><span>2024-07-16 09:53:45 UTC<br/>2024-07-16 09:54:00 UTC</span></div>
</div>]]></description>
		<Style>
			<LineStyle>
				<color>ff00ffd2</color>
				<width>2</width>
			</LineStyle>
		</Style>
		<MultiGeometry>
			<LineString>
				<tessellate>1</tessellate>
				<altitudeMode>absolute</altitudeMode>
				<coordinates>
					127.026909,37.240906,2689.86 127.029243,37.219818,2918.46 
				</coordinates>
			</LineString>
		</MultiGeometry>
	</Placemark>
	<Placemark>
		<name>P-103</name>
		<visibility>0</visibility>
		<description><![CDATA[<div><div><span><b>Altitude:</b></span> <span>9,575 ft - 9,650 ft</span></div>
<div><span><b>Speed:</b></span> <span>278 kt - 276 kt</span></div>
<div><span><b>Timestamp:</b></span><br/><span>2024-07-16 09:54:00 UTC<br/>2024-07-16 09:54:02 UTC</span></div>
</div>]]></description>
		<Style>
			<LineStyle>
				<color>ff00ffd2</color>
				<width>2</width>
			</LineStyle>
		</Style>
		<MultiGeometry>
			<LineString>
				<tessellate>1</tessellate>
				<altitudeMode>absolute</altitudeMode>
				<coordinates>
					127.029243,37.219818,2918.46 127.028778,37.217377,2941.32 
				</coordinates>
			</LineString>
		</MultiGeometry>
	</Placemark>
	<Placemark>
		<name>P-104</name>
		<visibility>0</visibility>
		<description><![CDATA[<div><div><span><b>Altitude:</b></span> <span>9,650 ft - 9,800 ft</span></div>
<div><span><b>Speed:</b></span> <span>276 kt - 270 kt</span></div>
<div><span><b>Timestamp:</b></span><br/><span>2024-07-16 09:54:02 UTC<br/>2024-07-16 09:54:10 UTC</span></div>
</div>]]></description>
		<Style>
			<LineStyle>
				<color>ff00ffd2</color>
				<width>2</width>
			</LineStyle>
		</Style>
		<MultiGeometry>
			<LineString>
				<tessellate>1</tessellate>
				<altitudeMode>absolute</altitudeMode>
				<coordinates>
					127.028778,37.217377,2941.32 127.026909,37.211346,2987.04 
				</coordinates>
			</LineString>
		</MultiGeometry>
	</Placemark>
	<Placemark>
		<name>P-105</name>
		<visibility>0</visibility>
		<description><![CDATA[<div><div><span><b>Altitude:</b></span> <span>9,800 ft - 9,950 ft</span></div>
<div><span><b>Speed:</b></span> <span>270 kt - 268 kt</span></div>
<div><span><b>Timestamp:</b></span><br/><span>2024-07-16 09:54:10 UTC<br/>2024-07-16 09:54:16 UTC</span></div>
</div>]]></description>
		<Style>
			<LineStyle>
				<color>ff00ffd2</color>
				<width>2</width>
			</LineStyle>
		</Style>
		<MultiGeometry>
			<LineString>
				<tessellate>1</tessellate>
				<altitudeMode>absolute</altitudeMode>
				<coordinates>
					127.026909,37.211346,2987.04 127.024162,37.204315,3032.76 
				</coordinates>
			</LineString>
		</MultiGeometry>
	</Placemark>
	<Placemark>
		<name>P-106</name>
		<visibility>0</visibility>
		<description><![CDATA[<div><div><span><b>Altitude:</b></span> <span>9,950 ft - 10,075 ft</span></div>
<div><span><b>Speed:</b></span> <span>268 kt - 271 kt</span></div>
<div><span><b>Timestamp:</b></span><br/><span>2024-07-16 09:54:16 UTC<br/>2024-07-16 09:54:24 UTC</span></div>
</div>]]></description>
		<Style>
			<LineStyle>
				<color>ff00ffe4</color>
				<width>2</width>
			</LineStyle>
		</Style>
		<MultiGeometry>
			<LineString>
				<tessellate>1</tessellate>
				<altitudeMode>absolute</altitudeMode>
				<coordinates>
					127.024162,37.204315,3032.76 127.020042,37.194122,3070.86 
				</coordinates>
			</LineString>
		</MultiGeometry>
	</Placemark>
	<Placemark>
		<name>P-107</name>
		<visibility>0</visibility>
		<description><![CDATA[<div><div><span><b>Altitude:</b></span> <span>10,075 ft - 10,100 ft</span></div>
<div><span><b>Speed:</b></span> <span>271 kt - 273 kt</span></div>
<div><span><b>Timestamp:</b></span><br/><span>2024-07-16 09:54:24 UTC<br/>2024-07-16 09:54:30 UTC</span></div>
</div>]]></description>
		<Style>
			<LineStyle>
				<color>ff00ffe4</color>
				<width>2</width>
			</LineStyle>
		</Style>
		<MultiGeometry>
			<LineString>
				<tessellate>1</tessellate>
				<altitudeMode>absolute</altitudeMode>
				<coordinates>
					127.020042,37.194122,3070.86 127.016525,37.184952,3078.48 
				</coordinates>
			</LineString>
		</MultiGeometry>
	</Placemark>
	<Placemark>
		<name>P-108</name>
		<visibility>0</visibility>
		<description><![CDATA[<div><div><span><b>Altitude:</b></span> <span>10,100 ft</span></div>
<div><span><b>Speed:</b></span> <span>273 kt - 276 kt</span></div>
<div><span><b>Timestamp:</b></span><br/><span>2024-07-16 09:54:30 UTC<br/>2024-07-16 09:54:34 UTC</span></div>
</div>]]></description>
		<Style>
			<LineStyle>
				<color>ff00ffe4</color>
				<width>2</width>
			</LineStyle>
		</Style>
		<MultiGeometry>
			<LineString>
				<tessellate>1</tessellate>
				<altitudeMode>absolute</altitudeMode>
				<coordinates>
					127.016525,37.184952,3078.48 127.015396,37.181854,3078.48 
				</coordinates>
			</LineString>
		</MultiGeometry>
	</Placemark>
	<Placemark>
		<name>P-109</name>
		<visibility>0</visibility>
		<description><![CDATA[<div><div><span><b>Altitude:</b></span> <span>10,100 ft - 10,200 ft</span></div>
<div><span><b>Speed:</b></span> <span>276 kt - 278 kt</span></div>
<div><span><b>Timestamp:</b></span><br/><span>2024-07-16 09:54:34 UTC<br/>2024-07-16 09:54:45 UTC</span></div>
</div>]]></description>
		<Style>
			<LineStyle>
				<color>ff00ffe4</color>
				<width>2</width>
			</LineStyle>
		</Style>
		<MultiGeometry>
			<LineString>
				<tessellate>1</tessellate>
				<altitudeMode>absolute</altitudeMode>
				<coordinates>
					127.015396,37.181854,3078.48 127.010307,37.168167,3108.96 
				</coordinates>
			</LineString>
		</MultiGeometry>
	</Placemark>
	<Placemark>
		<name>P-110</name>
		<visibility>0</visibility>
		<description><![CDATA[<div><div><span><b>Altitude:</b></span> <span>10,200 ft - 10,675 ft</span></div>
<div><span><b>Speed:</b></span> <span>278 kt - 284 kt</span></div>
<div><span><b>Timestamp:</b></span><br/><span>2024-07-16 09:54:45 UTC<br/>2024-07-16 09:54:57 UTC</span></div>
</div>]]></description>
		<Style>
			<LineStyle>
				<color>ff00ffe4</color>
				<width>2</width>
			</LineStyle>
		</Style>
		<MultiGeometry>
			<LineString>
				<tessellate>1</tessellate>
				<altitudeMode>absolute</altitudeMode>
				<coordinates>
					127.010307,37.168167,3108.96 127.003563,37.149895,3253.74 
				</coordinates>
			</LineString>
		</MultiGeometry>
	</Placemark>
	<Placemark>
		<name>P-111</name>
		<visibility>0</visibility>
		<description><![CDATA[<div><div><span><b>Altitude:</b></span> <span>10,675 ft - 11,675 ft</span></div>
<div><span><b>Speed:</b></span> <span>284 kt - 278 kt</span></div>
<div><span><b>Timestamp:</b></span><br/><span>2024-07-16 09:54:57 UTC<br/>2024-07-16 09:55:14 UTC</span></div>
</div>]]></description>
		<Style>
			<LineStyle>
				<color>ff00ffe4</color>
				<width>2</width>
			</LineStyle>
		</Style>
		<MultiGeometry>
			<LineString>
				<tessellate>1</tessellate>
				<altitudeMode>absolute</altitudeMode>
				<coordinates>
					127.003563,37.149895,3253.74 126.99646,37.130722,3558.54 
				</coordinates>
			</LineString>
		</MultiGeometry>
	</Placemark>
	<Placemark>
		<name>P-112</name>
		<visibility>0</visibility>
		<description><![CDATA[<div><div><span><b>Altitude:</b></span> <span>11,675 ft - 12,475 ft</span></div>
<div><span><b>Speed:</b></span> <span>278 kt</span></div>
<div><span><b>Timestamp:</b></span><br/><span>2024-07-16 09:55:14 UTC<br/>2024-07-16 09:55:29 UTC</span></div>
</div>]]></description>
		<Style>
			<LineStyle>
				<color>ff00eaff</color>
				<width>2</width>
			</LineStyle>
		</Style>
		<MultiGeometry>
			<LineString>
				<tessellate>1</tessellate>
				<altitudeMode>absolute</altitudeMode>
				<coordinates>
					126.99646,37.130722,3558.54 126.989914,37.113052,3802.38 
				</coordinates>
			</LineString>
		</MultiGeometry>
	</Placemark>
	<Placemark>
		<name>P-113</name>
		<visibility>0</visibility>
		<description><![CDATA[<div><div><span><b>Altitude:</b></span> <span>12,475 ft - 13,325 ft</span></div>
<div><span><b>Speed:</b></span> <span>278 kt - 306 kt</span></div>
<div><span><b>Timestamp:</b></span><br/><span>2024-07-16 09:55:29 UTC<br/>2024-07-16 09:55:59 UTC</span></div>
</div>]]></description>
		<Style>
			<LineStyle>
				<color>ff00eaff</color>
				<width>2</width>
			</LineStyle>
		</Style>
		<MultiGeometry>
			<LineString>
				<tessellate>1</tessellate>
				<altitudeMode>absolute</altitudeMode>
				<coordinates>
					126.989914,37.113052,3802.38 126.974251,37.072952,4061.46 
				</coordinates>
			</LineString>
		</MultiGeometry>
	</Placemark>
	<Placemark>
		<name>P-114</name>
		<visibility>0</visibility>
		<description><![CDATA[<div><div><span><b>Altitude:</b></span> <span>13,325 ft - 14,025 ft</span></div>
<div><span><b>Speed:</b></span> <span>306 kt - 338 kt</span></div>
<div><span><b>Timestamp:</b></span><br/><span>2024-07-16 09:55:59 UTC<br/>2024-07-16 09:56:33 UTC</span></div>
</div>]]></description>
		<Style>
			<LineStyle>
				<color>ff00c0ff</color>
				<width>2</width>
			</LineStyle>
		</Style>
		<MultiGeometry>
			<LineString>
				<tessellate>1</tessellate>
				<altitudeMode>absolute</altitudeMode>
				<coordinates>
					126.974251,37.072952,4061.46 126.9552,37.024658,4274.819999999999 
				</coordinates>
			</LineString>
		</MultiGeometry>
	</Placemark>
	<Placemark>
		<name>P-115</name>
		<visibility>0</visibility>
		<description><![CDATA[<div><div><span><b>Altitude:</b></span> <span>14,025 ft - 14,850 ft</span></div>
<div><span><b>Speed:</b></span> <span>338 kt - 358 kt</span></div>
<div><span><b>Timestamp:</b></span><br/><span>2024-07-16 09:56:33 UTC<br/>2024-07-16 09:57:03 UTC</span></div>
</div>]]></description>
		<Style>
			<LineStyle>
				<color>ff00c0ff</color>
				<width>2</width>
			</LineStyle>
		</Style>
		<MultiGeometry>
			<LineString>
				<tessellate>1</tessellate>
				<altitudeMode>absolute</altitudeMode>
				<coordinates>
					126.9552,37.024658,4274.819999999999 126.936989,36.976814,4526.28 
				</coordinates>
			</LineString>
		</MultiGeometry>
	</Placemark>
	<Placemark>
		<name>P-116</name>
		<visibility>0</visibility>
		<description><![CDATA[<div><div><span><b>Altitude:</b></span> <span>14,850 ft - 15,975 ft</span></div>
<div><span><b>Speed:</b></span> <span>358 kt - 369 kt</span></div>
<div><span><b>Timestamp:</b></span><br/><span>2024-07-16 09:57:03 UTC<br/>2024-07-16 09:57:37 UTC</span></div>
</div>]]></description>
		<Style>
			<LineStyle>
				<color>ff00a8ff</color>
				<width>2</width>
			</LineStyle>
		</Style>
		<MultiGeometry>
			<LineString>
				<tessellate>1</tessellate>
				<altitudeMode>absolute</altitudeMode>
				<coordinates>
					126.936989,36.976814,4526.28 126.916573,36.92342,4869.18 
				</coordinates>
			</LineString>
		</MultiGeometry>
	</Placemark>
	<Placemark>
		<name>P-117</name>
		<visibility>0</visibility>
		<description><![CDATA[<div><div><span><b>Altitude:</b></span> <span>15,975 ft - 17,250 ft</span></div>
<div><span><b>Speed:</b></span> <span>369 kt</span></div>
<div><span><b>Timestamp:</b></span><br/><span>2024-07-16 09:57:37 UTC<br/>2024-07-16 09:58:07 UTC</span></div>
</div>]]></description>
		<Style>
			<LineStyle>
				<color>ff00a8ff</color>
				<width>2</width>
			</LineStyle>
		</Style>
		<MultiGeometry>
			<LineString>
				<tessellate>1</tessellate>
				<altitudeMode>absolute</altitudeMode>
				<coordinates>
					126.916573,36.92342,4869.18 126.894302,36.874119,5257.8 
				</coordinates>
			</LineString>
		</MultiGeometry>
	</Placemark>
	<Placemark>
		<name>P-118</name>
		<visibility>0</visibility>
		<description><![CDATA[<div><div><span><b>Altitude:</b></span> <span>17,250 ft - 18,275 ft</span></div>
<div><span><b>Speed:</b></span> <span>369 kt - 380 kt</span></div>
<div><span><b>Timestamp:</b></span><br/><span>2024-07-16 09:58:07 UTC<br/>2024-07-16 09:58:41 UTC</span></div>
</div>]]></description>
		<Style>
			<LineStyle>
				<color>ff0096ff</color>
				<width>2</width>
			</LineStyle>
		</Style>
		<MultiGeometry>
			<LineString>
				<tessellate>1</tessellate>
				<altitudeMode>absolute</altitudeMode>
				<coordinates>
					126.894302,36.874119,5257.8 126.868912,36.819031,5570.219999999999 
				</coordinates>
			</LineString>
		</MultiGeometry>
	</Placemark>
	<Placemark>
		<name>P-119</name>
		<visibility>0</visibility>
		<description><![CDATA[<div><div><span><b>Altitude:</b></span> <span>18,275 ft - 19,200 ft</span></div>
<div><span><b>Speed:</b></span> <span>380 kt - 388 kt</span></div>
<div><span><b>Timestamp:</b></span><br/><span>2024-07-16 09:58:41 UTC<br/>2024-07-16 09:59:12 UTC</span></div>
</div>]]></description>
		<Style>
			<LineStyle>
				<color>ff0078ff</color>
				<width>2</width>
			</LineStyle>
		</Style>
		<MultiGeometry>
			<LineString>
				<tessellate>1</tessellate>
				<altitudeMode>absolute</altitudeMode>
				<coordinates>
					126.868912,36.819031,5570.219999999999 126.845566,36.768036,5852.16 
				</coordinates>
			</LineString>
		</MultiGeometry>
	</Placemark>
	<Placemark>
		<name>P-120</name>
		<visibility>0</visibility>
		<description><![CDATA[<div><div><span><b>Altitude:</b></span> <span>19,200 ft - 19,900 ft</span></div>
<div><span><b>Speed:</b></span> <span>388 kt - 395 kt</span></div>
<div><span><b>Timestamp:</b></span><br/><span>2024-07-16 09:59:12 UTC<br/>2024-07-16 09:59:42 UTC</span></div>
</div>]]></description>
		<Style>
			<LineStyle>
				<color>ff0078ff</color>
				<width>2</width>
			</LineStyle>
		</Style>
		<MultiGeometry>
			<LineString>
				<tessellate>1</tessellate>
				<altitudeMode>absolute</altitudeMode>
				<coordinates>
					126.845566,36.768036,5852.16 126.826111,36.716492,6065.52 
				</coordinates>
			</LineString>
		</MultiGeometry>
	</Placemark>
	<Placemark>
		<name>P-121</name>
		<visibility>0</visibility>
		<description><![CDATA[<div><div><span><b>Altitude:</b></span> <span>19,900 ft - 19,950 ft</span></div>
<div><span><b>Speed:</b></span> <span>395 kt - 398 kt</span></div>
<div><span><b>Timestamp:</b></span><br/><span>2024-07-16 09:59:42 UTC<br/>2024-07-16 09:59:45 UTC</span></div>
</div>]]></description>
		<Style>
			<LineStyle>
				<color>ff0054ff</color>
				<width>2</width>
			</LineStyle>
		</Style>
		<MultiGeometry>
			<LineString>
				<tessellate>1</tessellate>
				<altitudeMode>absolute</altitudeMode>
				<coordinates>
					126.826111,36.716492,6065.52 126.82547,36.709839,6080.759999999999 
				</coordinates>
			</LineString>
		</MultiGeometry>
	</Placemark>
	<Placemark>
		<name>P-122</name>
		<visibility>0</visibility>
		<description><![CDATA[<div><div><span><b>Altitude:</b></span> <span>19,950 ft - 19,975 ft</span></div>
<div><span><b>Speed:</b></span> <span>398 kt</span></div>
<div><span><b>Timestamp:</b></span><br/><span>2024-07-16 09:59:45 UTC<br/>2024-07-16 09:59:48 UTC</span></div>
</div>]]></description>
		<Style>
			<LineStyle>
				<color>ff0054ff</color>
				<width>2</width>
			</LineStyle>
		</Style>
		<MultiGeometry>
			<LineString>
				<tessellate>1</tessellate>
				<altitudeMode>absolute</altitudeMode>
				<coordinates>
					126.82547,36.709839,6080.759999999999 126.825233,36.704578,6088.38 
				</coordinates>
			</LineString>
		</MultiGeometry>
	</Placemark>
	<Placemark>
		<name>P-123</name>
		<visibility>0</visibility>
		<description><![CDATA[<div><div><span><b>Altitude:</b></span> <span>19,975 ft</span></div>
<div><span><b>Speed:</b></span> <span>398 kt - 399 kt</span></div>
<div><span><b>Timestamp:</b></span><br/><span>2024-07-16 09:59:48 UTC<br/>2024-07-16 09:59:51 UTC</span></div>
</div>]]></description>
		<Style>
			<LineStyle>
				<color>ff0054ff</color>
				<width>2</width>
			</LineStyle>
		</Style>
		<MultiGeometry>
			<LineString>
				<tessellate>1</tessellate>
				<altitudeMode>absolute</altitudeMode>
				<coordinates>
					126.825233,36.704578,6088.38 126.825356,36.699688,6088.38 
				</coordinates>
			</LineString>
		</MultiGeometry>
	</Placemark>
	<Placemark>
		<name>P-124</name>
		<visibility>0</visibility>
		<description><![CDATA[<div><div><span><b>Altitude:</b></span> <span>19,975 ft - 20,000 ft</span></div>
<div><span><b>Speed:</b></span> <span>399 kt - 400 kt</span></div>
<div><span><b>Timestamp:</b></span><br/><span>2024-07-16 09:59:51 UTC<br/>2024-07-16 09:59:54 UTC</span></div>
</div>]]></description>
		<Style>
			<LineStyle>
				<color>ff0054ff</color>
				<width>2</width>
			</LineStyle>
		</Style>
		<MultiGeometry>
			<LineString>
				<tessellate>1</tessellate>
				<altitudeMode>absolute</altitudeMode>
				<coordinates>
					126.825356,36.699688,6088.38 126.825775,36.693054,6095.999999999999 
				</coordinates>
			</LineString>
		</MultiGeometry>
	</Placemark>
	<Placemark>
		<name>P-125</name>
		<visibility>0</visibility>
		<description><![CDATA[<div><div><span><b>Altitude:</b></span> <span>20,000 ft - 20,025 ft</span></div>
<div><span><b>Speed:</b></span> <span>400 kt</span></div>
<div><span><b>Timestamp:</b></span><br/><span>2024-07-16 09:59:54 UTC<br/>2024-07-16 09:59:57 UTC</span></div>
</div>]]></description>
		<Style>
			<LineStyle>
				<color>ff0054ff</color>
				<width>2</width>
			</LineStyle>
		</Style>
		<MultiGeometry>
			<LineString>
				<tessellate>1</tessellate>
				<altitudeMode>absolute</altitudeMode>
				<coordinates>
					126.825775,36.693054,6095.999999999999 126.826233,36.687027,6103.62 
				</coordinates>
			</LineString>
		</MultiGeometry>
	</Placemark>
	<Placemark>
		<name>P-126</name>
		<visibility>0</visibility>
		<description><![CDATA[<div><div><span><b>Altitude:</b></span> <span>20,025 ft</span></div>
<div><span><b>Speed:</b></span> <span>400 kt</span></div>
<div><span><b>Timestamp:</b></span><br/><span>2024-07-16 09:59:57 UTC<br/>2024-07-16 10:00:00 UTC</span></div>
</div>]]></description>
		<Style>
			<LineStyle>
				<color>ff0054ff</color>
				<width>2</width>
			</LineStyle>
		</Style>
		<MultiGeometry>
			<LineString>
				<tessellate>1</tessellate>
				<altitudeMode>absolute</altitudeMode>
				<coordinates>
					126.826233,36.687027,6103.62 126.826584,36.681347,6103.62 
				</coordinates>
			</LineString>
		</MultiGeometry>
	</Placemark>
	<Placemark>
		<name>P-127</name>
		<visibility>0</visibility>
		<description><![CDATA[<div><div><span><b>Altitude:</b></span> <span>20,025 ft</span></div>
<div><span><b>Speed:</b></span> <span>400 kt - 399 kt</span></div>
<div><span><b>Timestamp:</b></span><br/><span>2024-07-16 10:00:00 UTC<br/>2024-07-16 10:00:03 UTC</span></div>
</div>]]></description>
		<Style>
			<LineStyle>
				<color>ff0054ff</color>
				<width>2</width>
			</LineStyle>
		</Style>
		<MultiGeometry>
			<LineString>
				<tessellate>1</tessellate>
				<altitudeMode>absolute</altitudeMode>
				<coordinates>
					126.826584,36.681347,6103.62 126.826973,36.676163,6103.62 
				</coordinates>
			</LineString>
		</MultiGeometry>
	</Placemark>
	<Placemark>
		<name>P-128</name>
		<visibility>0</visibility>
		<description><![CDATA[<div><div><span><b>Altitude:</b></span> <span>20,025 ft</span></div>
<div><span><b>Speed:</b></span> <span>399 kt - 400 kt</span></div>
<div><span><b>Timestamp:</b></span><br/><span>2024-07-16 10:00:03 UTC<br/>2024-07-16 10:00:06 UTC</span></div>
</div>]]></description>
		<Style>
			<LineStyle>
				<color>ff0054ff</color>
				<width>2</width>
			</LineStyle>
		</Style>
		<MultiGeometry>
			<LineString>
				<tessellate>1</tessellate>
				<altitudeMode>absolute</altitudeMode>
				<coordinates>
					126.826973,36.676163,6103.62 126.827339,36.670361,6103.62 
				</coordinates>
			</LineString>
		</MultiGeometry>
	</Placemark>
	<Placemark>
		<name>P-129</name>
		<visibility>0</visibility>
		<description><![CDATA[<div><div><span><b>Altitude:</b></span> <span>20,025 ft</span></div>
<div><span><b>Speed:</b></span> <span>400 kt</span></div>
<div><span><b>Timestamp:</b></span><br/><span>2024-07-16 10:00:06 UTC<br/>2024-07-16 10:00:09 UTC</span></div>
</div>]]></description>
		<Style>
			<LineStyle>
				<color>ff0054ff</color>
				<width>2</width>
			</LineStyle>
		</Style>
		<MultiGeometry>
			<LineString>
				<tessellate>1</tessellate>
				<altitudeMode>absolute</altitudeMode>
				<coordinates>
					126.827339,36.670361,6103.62 126.82766,36.665085,6103.62 
				</coordinates>
			</LineString>
		</MultiGeometry>
	</Placemark>
	<Placemark>
		<name>P-130</name>
		<visibility>0</visibility>
		<description><![CDATA[<div><div><span><b>Altitude:</b></span> <span>20,025 ft - 20,000 ft</span></div>
<div><span><b>Speed:</b></span> <span>400 kt - 406 kt</span></div>
<div><span><b>Timestamp:</b></span><br/><span>2024-07-16 10:00:09 UTC<br/>2024-07-16 10:00:43 UTC</span></div>
</div>]]></description>
		<Style>
			<LineStyle>
				<color>ff0054ff</color>
				<width>2</width>
			</LineStyle>
		</Style>
		<MultiGeometry>
			<LineString>
				<tessellate>1</tessellate>
				<altitudeMode>absolute</altitudeMode>
				<coordinates>
					126.82766,36.665085,6103.62 126.83046,36.602234,6095.999999999999 
				</coordinates>
			</LineString>
		</MultiGeometry>
	</Placemark>
	<Placemark>
		<name>P-131</name>
		<visibility>0</visibility>
		<description><![CDATA[<div><div><span><b>Altitude:</b></span> <span>20,000 ft</span></div>
<div><span><b>Speed:</b></span> <span>406 kt</span></div>
<div><span><b>Timestamp:</b></span><br/><span>2024-07-16 10:00:43 UTC<br/>2024-07-16 10:01:13 UTC</span></div>
</div>]]></description>
		<Style>
			<LineStyle>
				<color>ff0054ff</color>
				<width>2</width>
			</LineStyle>
		</Style>
		<MultiGeometry>
			<LineString>
				<tessellate>1</tessellate>
				<altitudeMode>absolute</altitudeMode>
				<coordinates>
					126.83046,36.602234,6095.999999999999 126.832253,36.545044,6095.999999999999 
				</coordinates>
			</LineString>
		</MultiGeometry>
	</Placemark>
	<Placemark>
		<name>P-132</name>
		<visibility>0</visibility>
		<description><![CDATA[<div><div><span><b>Altitude:</b></span> <span>20,000 ft</span></div>
<div><span><b>Speed:</b></span> <span>406 kt - 404 kt</span></div>
<div><span><b>Timestamp:</b></span><br/><span>2024-07-16 10:01:13 UTC<br/>2024-07-16 10:01:47 UTC</span></div>
</div>]]></description>
		<Style>
			<LineStyle>
				<color>ff0054ff</color>
				<width>2</width>
			</LineStyle>
		</Style>
		<MultiGeometry>
			<LineString>
				<tessellate>1</tessellate>
				<altitudeMode>absolute</altitudeMode>
				<coordinates>
					126.832253,36.545044,6095.999999999999 126.834412,36.483547,6095.999999999999 
				</coordinates>
			</LineString>
		</MultiGeometry>
	</Placemark>
	<Placemark>
		<name>P-133</name>
		<visibility>0</visibility>
		<description><![CDATA[<div><div><span><b>Altitude:</b></span> <span>20,000 ft</span></div>
<div><span><b>Speed:</b></span> <span>404 kt - 402 kt</span></div>
<div><span><b>Timestamp:</b></span><br/><span>2024-07-16 10:01:47 UTC<br/>2024-07-16 10:02:17 UTC</span></div>
</div>]]></description>
		<Style>
			<LineStyle>
				<color>ff0054ff</color>
				<width>2</width>
			</LineStyle>
		</Style>
		<MultiGeometry>
			<LineString>
				<tessellate>1</tessellate>
				<altitudeMode>absolute</altitudeMode>
				<coordinates>
					126.834412,36.483547,6095.999999999999 126.836533,36.426178,6095.999999999999 
				</coordinates>
			</LineString>
		</MultiGeometry>
	</Placemark>
	<Placemark>
		<name>P-134</name>
		<visibility>0</visibility>
		<description><![CDATA[<div><div><span><b>Altitude:</b></span> <span>20,000 ft</span></div>
<div><span><b>Speed:</b></span> <span>402 kt - 396 kt</span></div>
<div><span><b>Timestamp:</b></span><br/><span>2024-07-16 10:02:17 UTC<br/>2024-07-16 10:02:50 UTC</span></div>
</div>]]></description>
		<Style>
			<LineStyle>
				<color>ff0054ff</color>
				<width>2</width>
			</LineStyle>
		</Style>
		<MultiGeometry>
			<LineString>
				<tessellate>1</tessellate>
				<altitudeMode>absolute</altitudeMode>
				<coordinates>
					126.836533,36.426178,6095.999999999999 126.835991,36.36591,6095.999999999999 
				</coordinates>
			</LineString>
		</MultiGeometry>
	</Placemark>
	<Placemark>
		<name>P-135</name>
		<visibility>0</visibility>
		<description><![CDATA[<div><div><span><b>Altitude:</b></span> <span>20,000 ft</span></div>
<div><span><b>Speed:</b></span> <span>396 kt - 392 kt</span></div>
<div><span><b>Timestamp:</b></span><br/><span>2024-07-16 10:02:50 UTC<br/>2024-07-16 10:03:21 UTC</span></div>
</div>]]></description>
		<Style>
			<LineStyle>
				<color>ff0054ff</color>
				<width>2</width>
			</LineStyle>
		</Style>
		<MultiGeometry>
			<LineString>
				<tessellate>1</tessellate>
				<altitudeMode>absolute</altitudeMode>
				<coordinates>
					126.835991,36.36591,6095.999999999999 126.82972,36.309494,6095.999999999999 
				</coordinates>
			</LineString>
		</MultiGeometry>
	</Placemark>
	<Placemark>
		<name>P-136</name>
		<visibility>0</visibility>
		<description><![CDATA[<div><div><span><b>Altitude:</b></span> <span>20,000 ft</span></div>
<div><span><b>Speed:</b></span> <span>392 kt - 399 kt</span></div>
<div><span><b>Timestamp:</b></span><br/><span>2024-07-16 10:03:21 UTC<br/>2024-07-16 10:03:53 UTC</span></div>
</div>]]></description>
		<Style>
			<LineStyle>
				<color>ff0054ff</color>
				<width>2</width>
			</LineStyle>
		</Style>
		<MultiGeometry>
			<LineString>
				<tessellate>1</tessellate>
				<altitudeMode>absolute</altitudeMode>
				<coordinates>
					126.82972,36.309494,6095.999999999999 126.82325,36.251064,6095.999999999999 
				</coordinates>
			</LineString>
		</MultiGeometry>
	</Placemark>
	<Placemark>
		<name>P-137</name>
		<visibility>0</visibility>
		<description><![CDATA[<div><div><span><b>Altitude:</b></span> <span>20,000 ft</span></div>
<div><span><b>Speed:</b></span> <span>399 kt - 405 kt</span></div>
<div><span><b>Timestamp:</b></span><br/><span>2024-07-16 10:03:53 UTC<br/>2024-07-16 10:04:23 UTC</span></div>
</div>]]></description>
		<Style>
			<LineStyle>
				<color>ff0054ff</color>
				<width>2</width>
			</LineStyle>
		</Style>
		<MultiGeometry>
			<LineString>
				<tessellate>1</tessellate>
				<altitudeMode>absolute</altitudeMode>
				<coordinates>
					126.82325,36.251064,6095.999999999999 126.81723,36.194134,6095.999999999999 
				</coordinates>
			</LineString>
		</MultiGeometry>
	</Placemark>
	<Placemark>
		<name>P-138</name>
		<visibility>0</visibility>
		<description><![CDATA[<div><div><span><b>Altitude:</b></span> <span>20,000 ft</span></div>
<div><span><b>Speed:</b></span> <span>405 kt - 399 kt</span></div>
<div><span><b>Timestamp:</b></span><br/><span>2024-07-16 10:04:23 UTC<br/>2024-07-16 10:04:57 UTC</span></div>
</div>]]></description>
		<Style>
			<LineStyle>
				<color>ff0054ff</color>
				<width>2</width>
			</LineStyle>
		</Style>
		<MultiGeometry>
			<LineString>
				<tessellate>1</tessellate>
				<altitudeMode>absolute</altitudeMode>
				<coordinates>
					126.81723,36.194134,6095.999999999999 126.810493,36.132065,6095.999999999999 
				</coordinates>
			</LineString>
		</MultiGeometry>
	</Placemark>
	<Placemark>
		<name>P-139</name>
		<visibility>0</visibility>
		<description><![CDATA[<div><div><span><b>Altitude:</b></span> <span>20,000 ft</span></div>
<div><span><b>Speed:</b></span> <span>399 kt - 406 kt</span></div>
<div><span><b>Timestamp:</b></span><br/><span>2024-07-16 10:04:57 UTC<br/>2024-07-16 10:05:27 UTC</span></div>
</div>]]></description>
		<Style>
			<LineStyle>
				<color>ff0054ff</color>
				<width>2</width>
			</LineStyle>
		</Style>
		<MultiGeometry>
			<LineString>
				<tessellate>1</tessellate>
				<altitudeMode>absolute</altitudeMode>
				<coordinates>
					126.810493,36.132065,6095.999999999999 126.804085,36.075935,6095.999999999999 
				</coordinates>
			</LineString>
		</MultiGeometry>
	</Placemark>
	<Placemark>
		<name>P-140</name>
		<visibility>0</visibility>
		<description><![CDATA[<div><div><span><b>Altitude:</b></span> <span>20,000 ft</span></div>
<div><span><b>Speed:</b></span> <span>406 kt - 408 kt</span></div>
<div><span><b>Timestamp:</b></span><br/><span>2024-07-16 10:05:27 UTC<br/>2024-07-16 10:06:01 UTC</span></div>
</div>]]></description>
		<Style>
			<LineStyle>
				<color>ff0054ff</color>
				<width>2</width>
			</LineStyle>
		</Style>
		<MultiGeometry>
			<LineString>
				<tessellate>1</tessellate>
				<altitudeMode>absolute</altitudeMode>
				<coordinates>
					126.804085,36.075935,6095.999999999999 126.797218,36.012268,6095.999999999999 
				</coordinates>
			</LineString>
		</MultiGeometry>
	</Placemark>
	<Placemark>
		<name>P-141</name>
		<visibility>0</visibility>
		<description><![CDATA[<div><div><span><b>Altitude:</b></span> <span>20,000 ft</span></div>
<div><span><b>Speed:</b></span> <span>408 kt - 406 kt</span></div>
<div><span><b>Timestamp:</b></span><br/><span>2024-07-16 10:06:01 UTC<br/>2024-07-16 10:06:34 UTC</span></div>
</div>]]></description>
		<Style>
			<LineStyle>
				<color>ff0054ff</color>
				<width>2</width>
			</LineStyle>
		</Style>
		<MultiGeometry>
			<LineString>
				<tessellate>1</tessellate>
				<altitudeMode>absolute</altitudeMode>
				<coordinates>
					126.797218,36.012268,6095.999999999999 126.790581,35.949829,6095.999999999999 
				</coordinates>
			</LineString>
		</MultiGeometry>
	</Placemark>
	<Placemark>
		<name>P-142</name>
		<visibility>0</visibility>
		<description><![CDATA[<div><div><span><b>Altitude:</b></span> <span>20,000 ft</span></div>
<div><span><b>Speed:</b></span> <span>406 kt - 404 kt</span></div>
<div><span><b>Timestamp:</b></span><br/><span>2024-07-16 10:06:34 UTC<br/>2024-07-16 10:07:06 UTC</span></div>
</div>]]></description>
		<Style>
			<LineStyle>
				<color>ff0054ff</color>
				<width>2</width>
			</LineStyle>
		</Style>
		<MultiGeometry>
			<LineString>
				<tessellate>1</tessellate>
				<altitudeMode>absolute</altitudeMode>
				<coordinates>
					126.790581,35.949829,6095.999999999999 126.784119,35.88913,6095.999999999999 
				</coordinates>
			</LineString>
		</MultiGeometry>
	</Placemark>
	<Placemark>
		<name>P-143</name>
		<visibility>0</visibility>
		<description><![CDATA[<div><div><span><b>Altitude:</b></span> <span>20,000 ft</span></div>
<div><span><b>Speed:</b></span> <span>404 kt - 402 kt</span></div>
<div><span><b>Timestamp:</b></span><br/><span>2024-07-16 10:07:06 UTC<br/>2024-07-16 10:07:37 UTC</span></div>
</div>]]></description>
		<Style>
			<LineStyle>
				<color>ff0054ff</color>
				<width>2</width>
			</LineStyle>
		</Style>
		<MultiGeometry>
			<LineString>
				<tessellate>1</tessellate>
				<altitudeMode>absolute</altitudeMode>
				<coordinates>
					126.784119,35.88913,6095.999999999999 126.777992,35.83255,6095.999999999999 
				</coordinates>
			</LineString>
		</MultiGeometry>
	</Placemark>
	<Placemark>
		<name>P-144</name>
		<visibility>0</visibility>
		<description><![CDATA[<div><div><span><b>Altitude:</b></span> <span>20,000 ft</span></div>
<div><span><b>Speed:</b></span> <span>402 kt - 400 kt</span></div>
<div><span><b>Timestamp:</b></span><br/><span>2024-07-16 10:07:37 UTC<br/>2024-07-16 10:08:11 UTC</span></div>
</div>]]></description>
		<Style>
			<LineStyle>
				<color>ff0054ff</color>
				<width>2</width>
			</LineStyle>
		</Style>
		<MultiGeometry>
			<LineString>
				<tessellate>1</tessellate>
				<altitudeMode>absolute</altitudeMode>
				<coordinates>
					126.777992,35.83255,6095.999999999999 126.771065,35.769436,6095.999999999999 
				</coordinates>
			</LineString>
		</MultiGeometry>
	</Placemark>
	<Placemark>
		<name>P-145</name>
		<visibility>0</visibility>
		<description><![CDATA[<div><div><span><b>Altitude:</b></span> <span>20,000 ft</span></div>
<div><span><b>Speed:</b></span> <span>400 kt</span></div>
<div><span><b>Timestamp:</b></span><br/><span>2024-07-16 10:08:11 UTC<br/>2024-07-16 10:08:45 UTC</span></div>
</div>]]></description>
		<Style>
			<LineStyle>
				<color>ff0054ff</color>
				<width>2</width>
			</LineStyle>
		</Style>
		<MultiGeometry>
			<LineString>
				<tessellate>1</tessellate>
				<altitudeMode>absolute</altitudeMode>
				<coordinates>
					126.771065,35.769436,6095.999999999999 126.764374,35.706757,6095.999999999999 
				</coordinates>
			</LineString>
		</MultiGeometry>
	</Placemark>
	<Placemark>
		<name>P-146</name>
		<visibility>0</visibility>
		<description><![CDATA[<div><div><span><b>Altitude:</b></span> <span>20,000 ft</span></div>
<div><span><b>Speed:</b></span> <span>400 kt - 397 kt</span></div>
<div><span><b>Timestamp:</b></span><br/><span>2024-07-16 10:08:45 UTC<br/>2024-07-16 10:09:16 UTC</span></div>
</div>]]></description>
		<Style>
			<LineStyle>
				<color>ff0054ff</color>
				<width>2</width>
			</LineStyle>
		</Style>
		<MultiGeometry>
			<LineString>
				<tessellate>1</tessellate>
				<altitudeMode>absolute</altitudeMode>
				<coordinates>
					126.764374,35.706757,6095.999999999999 126.758255,35.649628,6095.999999999999 
				</coordinates>
			</LineString>
		</MultiGeometry>
	</Placemark>
	<Placemark>
		<name>P-147</name>
		<visibility>0</visibility>
		<description><![CDATA[<div><div><span><b>Altitude:</b></span> <span>20,000 ft</span></div>
<div><span><b>Speed:</b></span> <span>397 kt</span></div>
<div><span><b>Timestamp:</b></span><br/><span>2024-07-16 10:09:16 UTC<br/>2024-07-16 10:09:46 UTC</span></div>
</div>]]></description>
		<Style>
			<LineStyle>
				<color>ff0054ff</color>
				<width>2</width>
			</LineStyle>
		</Style>
		<MultiGeometry>
			<LineString>
				<tessellate>1</tessellate>
				<altitudeMode>absolute</altitudeMode>
				<coordinates>
					126.758255,35.649628,6095.999999999999 126.752182,35.594009,6095.999999999999 
				</coordinates>
			</LineString>
		</MultiGeometry>
	</Placemark>
	<Placemark>
		<name>P-148</name>
		<visibility>0</visibility>
		<description><![CDATA[<div><div><span><b>Altitude:</b></span> <span>20,000 ft</span></div>
<div><span><b>Speed:</b></span> <span>397 kt - 396 kt</span></div>
<div><span><b>Timestamp:</b></span><br/><span>2024-07-16 10:09:46 UTC<br/>2024-07-16 10:10:19 UTC</span></div>
</div>]]></description>
		<Style>
			<LineStyle>
				<color>ff0054ff</color>
				<width>2</width>
			</LineStyle>
		</Style>
		<MultiGeometry>
			<LineString>
				<tessellate>1</tessellate>
				<altitudeMode>absolute</altitudeMode>
				<coordinates>
					126.752182,35.594009,6095.999999999999 126.745644,35.533787,6095.999999999999 
				</coordinates>
			</LineString>
		</MultiGeometry>
	</Placemark>
	<Placemark>
		<name>P-149</name>
		<visibility>0</visibility>
		<description><![CDATA[<div><div><span><b>Altitude:</b></span> <span>20,000 ft</span></div>
<div><span><b>Speed:</b></span> <span>396 kt</span></div>
<div><span><b>Timestamp:</b></span><br/><span>2024-07-16 10:10:19 UTC<br/>2024-07-16 10:10:50 UTC</span></div>
</div>]]></description>
		<Style>
			<LineStyle>
				<color>ff0054ff</color>
				<width>2</width>
			</LineStyle>
		</Style>
		<MultiGeometry>
			<LineString>
				<tessellate>1</tessellate>
				<altitudeMode>absolute</altitudeMode>
				<coordinates>
					126.745644,35.533787,6095.999999999999 126.739655,35.477554,6095.999999999999 
				</coordinates>
			</LineString>
		</MultiGeometry>
	</Placemark>
	<Placemark>
		<name>P-150</name>
		<visibility>0</visibility>
		<description><![CDATA[<div><div><span><b>Altitude:</b></span> <span>20,000 ft</span></div>
<div><span><b>Speed:</b></span> <span>396 kt - 398 kt</span></div>
<div><span><b>Timestamp:</b></span><br/><span>2024-07-16 10:10:50 UTC<br/>2024-07-16 10:11:24 UTC</span></div>
</div>]]></description>
		<Style>
			<LineStyle>
				<color>ff0054ff</color>
				<width>2</width>
			</LineStyle>
		</Style>
		<MultiGeometry>
			<LineString>
				<tessellate>1</tessellate>
				<altitudeMode>absolute</altitudeMode>
				<coordinates>
					126.739655,35.477554,6095.999999999999 126.733078,35.416351,6095.999999999999 
				</coordinates>
			</LineString>
		</MultiGeometry>
	</Placemark>
	<Placemark>
		<name>P-151</name>
		<visibility>0</visibility>
		<description><![CDATA[<div><div><span><b>Altitude:</b></span> <span>20,000 ft</span></div>
<div><span><b>Speed:</b></span> <span>398 kt - 397 kt</span></div>
<div><span><b>Timestamp:</b></span><br/><span>2024-07-16 10:11:24 UTC<br/>2024-07-16 10:11:55 UTC</span></div>
</div>]]></description>
		<Style>
			<LineStyle>
				<color>ff0054ff</color>
				<width>2</width>
			</LineStyle>
		</Style>
		<MultiGeometry>
			<LineString>
				<tessellate>1</tessellate>
				<altitudeMode>absolute</altitudeMode>
				<coordinates>
					126.733078,35.416351,6095.999999999999 126.726883,35.359123,6095.999999999999 
				</coordinates>
			</LineString>
		</MultiGeometry>
	</Placemark>
	<Placemark>
		<name>P-152</name>
		<visibility>0</visibility>
		<description><![CDATA[<div><div><span><b>Altitude:</b></span> <span>20,000 ft</span></div>
<div><span><b>Speed:</b></span> <span>397 kt</span></div>
<div><span><b>Timestamp:</b></span><br/><span>2024-07-16 10:11:55 UTC<br/>2024-07-16 10:12:25 UTC</span></div>
</div>]]></description>
		<Style>
			<LineStyle>
				<color>ff0054ff</color>
				<width>2</width>
			</LineStyle>
		</Style>
		<MultiGeometry>
			<LineString>
				<tessellate>1</tessellate>
				<altitudeMode>absolute</altitudeMode>
				<coordinates>
					126.726883,35.359123,6095.999999999999 126.720924,35.30275,6095.999999999999 
				</coordinates>
			</LineString>
		</MultiGeometry>
	</Placemark>
	<Placemark>
		<name>P-153</name>
		<visibility>0</visibility>
		<description><![CDATA[<div><div><span><b>Altitude:</b></span> <span>20,000 ft</span></div>
<div><span><b>Speed:</b></span> <span>397 kt - 399 kt</span></div>
<div><span><b>Timestamp:</b></span><br/><span>2024-07-16 10:12:25 UTC<br/>2024-07-16 10:12:57 UTC</span></div>
</div>]]></description>
		<Style>
			<LineStyle>
				<color>ff0054ff</color>
				<width>2</width>
			</LineStyle>
		</Style>
		<MultiGeometry>
			<LineString>
				<tessellate>1</tessellate>
				<altitudeMode>absolute</altitudeMode>
				<coordinates>
					126.720924,35.30275,6095.999999999999 126.714821,35.245239,6095.999999999999 
				</coordinates>
			</LineString>
		</MultiGeometry>
	</Placemark>
	<Placemark>
		<name>P-154</name>
		<visibility>0</visibility>
		<description><![CDATA[<div><div><span><b>Altitude:</b></span> <span>20,000 ft - 19,950 ft</span></div>
<div><span><b>Speed:</b></span> <span>399 kt - 397 kt</span></div>
<div><span><b>Timestamp:</b></span><br/><span>2024-07-16 10:12:57 UTC<br/>2024-07-16 10:13:27 UTC</span></div>
</div>]]></description>
		<Style>
			<LineStyle>
				<color>ff0054ff</color>
				<width>2</width>
			</LineStyle>
		</Style>
		<MultiGeometry>
			<LineString>
				<tessellate>1</tessellate>
				<altitudeMode>absolute</altitudeMode>
				<coordinates>
					126.714821,35.245239,6095.999999999999 126.70887,35.189022,6080.759999999999 
				</coordinates>
			</LineString>
		</MultiGeometry>
	</Placemark>
	<Placemark>
		<name>P-155</name>
		<visibility>0</visibility>
		<description><![CDATA[<div><div><span><b>Altitude:</b></span> <span>19,950 ft - 19,475 ft</span></div>
<div><span><b>Speed:</b></span> <span>397 kt - 392 kt</span></div>
<div><span><b>Timestamp:</b></span><br/><span>2024-07-16 10:13:27 UTC<br/>2024-07-16 10:13:58 UTC</span></div>
</div>]]></description>
		<Style>
			<LineStyle>
				<color>ff0054ff</color>
				<width>2</width>
			</LineStyle>
		</Style>
		<MultiGeometry>
			<LineString>
				<tessellate>1</tessellate>
				<altitudeMode>absolute</altitudeMode>
				<coordinates>
					126.70887,35.189022,6080.759999999999 126.702866,35.132786,5935.98 
				</coordinates>
			</LineString>
		</MultiGeometry>
	</Placemark>
	<Placemark>
		<name>P-156</name>
		<visibility>0</visibility>
		<description><![CDATA[<div><div><span><b>Altitude:</b></span> <span>19,475 ft - 18,925 ft</span></div>
<div><span><b>Speed:</b></span> <span>392 kt - 381 kt</span></div>
<div><span><b>Timestamp:</b></span><br/><span>2024-07-16 10:13:58 UTC<br/>2024-07-16 10:14:29 UTC</span></div>
</div>]]></description>
		<Style>
			<LineStyle>
				<color>ff0078ff</color>
				<width>2</width>
			</LineStyle>
		</Style>
		<MultiGeometry>
			<LineString>
				<tessellate>1</tessellate>
				<altitudeMode>absolute</altitudeMode>
				<coordinates>
					126.702866,35.132786,5935.98 126.696968,35.076878,5768.34 
				</coordinates>
			</LineString>
		</MultiGeometry>
	</Placemark>
	<Placemark>
		<name>P-157</name>
		<visibility>0</visibility>
		<description><![CDATA[<div><div><span><b>Altitude:</b></span> <span>18,925 ft - 18,400 ft</span></div>
<div><span><b>Speed:</b></span> <span>381 kt - 360 kt</span></div>
<div><span><b>Timestamp:</b></span><br/><span>2024-07-16 10:14:29 UTC<br/>2024-07-16 10:15:03 UTC</span></div>
</div>]]></description>
		<Style>
			<LineStyle>
				<color>ff0078ff</color>
				<width>2</width>
			</LineStyle>
		</Style>
		<MultiGeometry>
			<LineString>
				<tessellate>1</tessellate>
				<altitudeMode>absolute</altitudeMode>
				<coordinates>
					126.696968,35.076878,5768.34 126.691071,35.020363,5608.32 
				</coordinates>
			</LineString>
		</MultiGeometry>
	</Placemark>
	<Placemark>
		<name>P-158</name>
		<visibility>0</visibility>
		<description><![CDATA[<div><div><span><b>Altitude:</b></span> <span>18,400 ft - 17,900 ft</span></div>
<div><span><b>Speed:</b></span> <span>360 kt - 346 kt</span></div>
<div><span><b>Timestamp:</b></span><br/><span>2024-07-16 10:15:03 UTC<br/>2024-07-16 10:15:33 UTC</span></div>
</div>]]></description>
		<Style>
			<LineStyle>
				<color>ff0078ff</color>
				<width>2</width>
			</LineStyle>
		</Style>
		<MultiGeometry>
			<LineString>
				<tessellate>1</tessellate>
				<altitudeMode>absolute</altitudeMode>
				<coordinates>
					126.691071,35.020363,5608.32 126.685806,34.970367,5455.92 
				</coordinates>
			</LineString>
		</MultiGeometry>
	</Placemark>
	<Placemark>
		<name>P-159</name>
		<visibility>0</visibility>
		<description><![CDATA[<div><div><span><b>Altitude:</b></span> <span>17,900 ft - 17,325 ft</span></div>
<div><span><b>Speed:</b></span> <span>346 kt - 343 kt</span></div>
<div><span><b>Timestamp:</b></span><br/><span>2024-07-16 10:15:33 UTC<br/>2024-07-16 10:16:07 UTC</span></div>
</div>]]></description>
		<Style>
			<LineStyle>
				<color>ff0096ff</color>
				<width>2</width>
			</LineStyle>
		</Style>
		<MultiGeometry>
			<LineString>
				<tessellate>1</tessellate>
				<altitudeMode>absolute</altitudeMode>
				<coordinates>
					126.685806,34.970367,5455.92 126.680046,34.917709,5280.659999999999 
				</coordinates>
			</LineString>
		</MultiGeometry>
	</Placemark>
	<Placemark>
		<name>P-160</name>
		<visibility>0</visibility>
		<description><![CDATA[<div><div><span><b>Altitude:</b></span> <span>17,325 ft - 16,825 ft</span></div>
<div><span><b>Speed:</b></span> <span>343 kt - 347 kt</span></div>
<div><span><b>Timestamp:</b></span><br/><span>2024-07-16 10:16:07 UTC<br/>2024-07-16 10:16:38 UTC</span></div>
</div>]]></description>
		<Style>
			<LineStyle>
				<color>ff0096ff</color>
				<width>2</width>
			</LineStyle>
		</Style>
		<MultiGeometry>
			<LineString>
				<tessellate>1</tessellate>
				<altitudeMode>absolute</altitudeMode>
				<coordinates>
					126.680046,34.917709,5280.659999999999 126.674828,34.867996,5128.259999999999 
				</coordinates>
			</LineString>
		</MultiGeometry>
	</Placemark>
	<Placemark>
		<name>P-161</name>
		<visibility>0</visibility>
		<description><![CDATA[<div><div><span><b>Altitude:</b></span> <span>16,825 ft - 16,300 ft</span></div>
<div><span><b>Speed:</b></span> <span>347 kt - 348 kt</span></div>
<div><span><b>Timestamp:</b></span><br/><span>2024-07-16 10:16:38 UTC<br/>2024-07-16 10:17:08 UTC</span></div>
</div>]]></description>
		<Style>
			<LineStyle>
				<color>ff0096ff</color>
				<width>2</width>
			</LineStyle>
		</Style>
		<MultiGeometry>
			<LineString>
				<tessellate>1</tessellate>
				<altitudeMode>absolute</altitudeMode>
				<coordinates>
					126.674828,34.867996,5128.259999999999 126.669617,34.819611,4968.24 
				</coordinates>
			</LineString>
		</MultiGeometry>
	</Placemark>
	<Placemark>
		<name>P-162</name>
		<visibility>0</visibility>
		<description><![CDATA[<div><div><span><b>Altitude:</b></span> <span>16,300 ft - 16,000 ft</span></div>
<div><span><b>Speed:</b></span> <span>348 kt - 345 kt</span></div>
<div><span><b>Timestamp:</b></span><br/><span>2024-07-16 10:17:08 UTC<br/>2024-07-16 10:17:41 UTC</span></div>
</div>]]></description>
		<Style>
			<LineStyle>
				<color>ff00a8ff</color>
				<width>2</width>
			</LineStyle>
		</Style>
		<MultiGeometry>
			<LineString>
				<tessellate>1</tessellate>
				<altitudeMode>absolute</altitudeMode>
				<coordinates>
					126.669617,34.819611,4968.24 126.663902,34.766052,4876.8 
				</coordinates>
			</LineString>
		</MultiGeometry>
	</Placemark>
	<Placemark>
		<name>P-163</name>
		<visibility>0</visibility>
		<description><![CDATA[<div><div><span><b>Altitude:</b></span> <span>16,000 ft</span></div>
<div><span><b>Speed:</b></span> <span>345 kt - 346 kt</span></div>
<div><span><b>Timestamp:</b></span><br/><span>2024-07-16 10:17:41 UTC<br/>2024-07-16 10:18:12 UTC</span></div>
</div>]]></description>
		<Style>
			<LineStyle>
				<color>ff00a8ff</color>
				<width>2</width>
			</LineStyle>
		</Style>
		<MultiGeometry>
			<LineString>
				<tessellate>1</tessellate>
				<altitudeMode>absolute</altitudeMode>
				<coordinates>
					126.663902,34.766052,4876.8 126.658684,34.71666,4876.8 
				</coordinates>
			</LineString>
		</MultiGeometry>
	</Placemark>
	<Placemark>
		<name>P-164</name>
		<visibility>0</visibility>
		<description><![CDATA[<div><div><span><b>Altitude:</b></span> <span>16,000 ft</span></div>
<div><span><b>Speed:</b></span> <span>346 kt</span></div>
<div><span><b>Timestamp:</b></span><br/><span>2024-07-16 10:18:12 UTC<br/>2024-07-16 10:18:46 UTC</span></div>
</div>]]></description>
		<Style>
			<LineStyle>
				<color>ff00a8ff</color>
				<width>2</width>
			</LineStyle>
		</Style>
		<MultiGeometry>
			<LineString>
				<tessellate>1</tessellate>
				<altitudeMode>absolute</altitudeMode>
				<coordinates>
					126.658684,34.71666,4876.8 126.653137,34.663376,4876.8 
				</coordinates>
			</LineString>
		</MultiGeometry>
	</Placemark>
	<Placemark>
		<name>P-165</name>
		<visibility>0</visibility>
		<description><![CDATA[<div><div><span><b>Altitude:</b></span> <span>16,000 ft</span></div>
<div><span><b>Speed:</b></span> <span>346 kt - 344 kt</span></div>
<div><span><b>Timestamp:</b></span><br/><span>2024-07-16 10:18:46 UTC<br/>2024-07-16 10:19:19 UTC</span></div>
</div>]]></description>
		<Style>
			<LineStyle>
				<color>ff00a8ff</color>
				<width>2</width>
			</LineStyle>
		</Style>
		<MultiGeometry>
			<LineString>
				<tessellate>1</tessellate>
				<altitudeMode>absolute</altitudeMode>
				<coordinates>
					126.653137,34.663376,4876.8 126.647705,34.610287,4876.8 
				</coordinates>
			</LineString>
		</MultiGeometry>
	</Placemark>
	<Placemark>
		<name>P-166</name>
		<visibility>0</visibility>
		<description><![CDATA[<div><div><span><b>Altitude:</b></span> <span>16,000 ft</span></div>
<div><span><b>Speed:</b></span> <span>344 kt - 346 kt</span></div>
<div><span><b>Timestamp:</b></span><br/><span>2024-07-16 10:19:19 UTC<br/>2024-07-16 10:19:49 UTC</span></div>
</div>]]></description>
		<Style>
			<LineStyle>
				<color>ff00a8ff</color>
				<width>2</width>
			</LineStyle>
		</Style>
		<MultiGeometry>
			<LineString>
				<tessellate>1</tessellate>
				<altitudeMode>absolute</altitudeMode>
				<coordinates>
					126.647705,34.610287,4876.8 126.642609,34.56229,4876.8 
				</coordinates>
			</LineString>
		</MultiGeometry>
	</Placemark>
	<Placemark>
		<name>P-167</name>
		<visibility>0</visibility>
		<description><![CDATA[<div><div><span><b>Altitude:</b></span> <span>16,000 ft</span></div>
<div><span><b>Speed:</b></span> <span>346 kt - 347 kt</span></div>
<div><span><b>Timestamp:</b></span><br/><span>2024-07-16 10:19:49 UTC<br/>2024-07-16 10:20:23 UTC</span></div>
</div>]]></description>
		<Style>
			<LineStyle>
				<color>ff00a8ff</color>
				<width>2</width>
			</LineStyle>
		</Style>
		<MultiGeometry>
			<LineString>
				<tessellate>1</tessellate>
				<altitudeMode>absolute</altitudeMode>
				<coordinates>
					126.642609,34.56229,4876.8 126.636948,34.50843,4876.8 
				</coordinates>
			</LineString>
		</MultiGeometry>
	</Placemark>
	<Placemark>
		<name>P-168</name>
		<visibility>0</visibility>
		<description><![CDATA[<div><div><span><b>Altitude:</b></span> <span>16,000 ft</span></div>
<div><span><b>Speed:</b></span> <span>347 kt</span></div>
<div><span><b>Timestamp:</b></span><br/><span>2024-07-16 10:20:23 UTC<br/>2024-07-16 10:20:53 UTC</span></div>
</div>]]></description>
		<Style>
			<LineStyle>
				<color>ff00a8ff</color>
				<width>2</width>
			</LineStyle>
		</Style>
		<MultiGeometry>
			<LineString>
				<tessellate>1</tessellate>
				<altitudeMode>absolute</altitudeMode>
				<coordinates>
					126.636948,34.50843,4876.8 126.631851,34.459549,4876.8 
				</coordinates>
			</LineString>
		</MultiGeometry>
	</Placemark>
	<Placemark>
		<name>P-169</name>
		<visibility>0</visibility>
		<description><![CDATA[<div><div><span><b>Altitude:</b></span> <span>16,000 ft</span></div>
<div><span><b>Speed:</b></span> <span>347 kt - 346 kt</span></div>
<div><span><b>Timestamp:</b></span><br/><span>2024-07-16 10:20:53 UTC<br/>2024-07-16 10:21:27 UTC</span></div>
</div>]]></description>
		<Style>
			<LineStyle>
				<color>ff00a8ff</color>
				<width>2</width>
			</LineStyle>
		</Style>
		<MultiGeometry>
			<LineString>
				<tessellate>1</tessellate>
				<altitudeMode>absolute</altitudeMode>
				<coordinates>
					126.631851,34.459549,4876.8 126.626297,34.405827,4876.8 
				</coordinates>
			</LineString>
		</MultiGeometry>
	</Placemark>
	<Placemark>
		<name>P-170</name>
		<visibility>0</visibility>
		<description><![CDATA[<div><div><span><b>Altitude:</b></span> <span>16,000 ft - 15,975 ft</span></div>
<div><span><b>Speed:</b></span> <span>346 kt - 353 kt</span></div>
<div><span><b>Timestamp:</b></span><br/><span>2024-07-16 10:21:27 UTC<br/>2024-07-16 10:21:45 UTC</span></div>
</div>]]></description>
		<Style>
			<LineStyle>
				<color>ff00a8ff</color>
				<width>2</width>
			</LineStyle>
		</Style>
		<MultiGeometry>
			<LineString>
				<tessellate>1</tessellate>
				<altitudeMode>absolute</altitudeMode>
				<coordinates>
					126.626297,34.405827,4876.8 126.626228,34.377045,4869.18 
				</coordinates>
			</LineString>
		</MultiGeometry>
	</Placemark>
	<Placemark>
		<name>P-171</name>
		<visibility>0</visibility>
		<description><![CDATA[<div><div><span><b>Altitude:</b></span> <span>15,975 ft</span></div>
<div><span><b>Speed:</b></span> <span>353 kt - 355 kt</span></div>
<div><span><b>Timestamp:</b></span><br/><span>2024-07-16 10:21:45 UTC<br/>2024-07-16 10:21:48 UTC</span></div>
</div>]]></description>
		<Style>
			<LineStyle>
				<color>ff00a8ff</color>
				<width>2</width>
			</LineStyle>
		</Style>
		<MultiGeometry>
			<LineString>
				<tessellate>1</tessellate>
				<altitudeMode>absolute</altitudeMode>
				<coordinates>
					126.626228,34.377045,4869.18 126.627411,34.372147,4869.18 
				</coordinates>
			</LineString>
		</MultiGeometry>
	</Placemark>
	<Placemark>
		<name>P-172</name>
		<visibility>0</visibility>
		<description><![CDATA[<div><div><span><b>Altitude:</b></span> <span>15,975 ft - 16,000 ft</span></div>
<div><span><b>Speed:</b></span> <span>355 kt - 357 kt</span></div>
<div><span><b>Timestamp:</b></span><br/><span>2024-07-16 10:21:48 UTC<br/>2024-07-16 10:21:51 UTC</span></div>
</div>]]></description>
		<Style>
			<LineStyle>
				<color>ff00a8ff</color>
				<width>2</width>
			</LineStyle>
		</Style>
		<MultiGeometry>
			<LineString>
				<tessellate>1</tessellate>
				<altitudeMode>absolute</altitudeMode>
				<coordinates>
					126.627411,34.372147,4869.18 126.629105,34.367283,4876.8 
				</coordinates>
			</LineString>
		</MultiGeometry>
	</Placemark>
	<Placemark>
		<name>P-173</name>
		<visibility>0</visibility>
		<description><![CDATA[<div><div><span><b>Altitude:</b></span> <span>16,000 ft</span></div>
<div><span><b>Speed:</b></span> <span>357 kt - 359 kt</span></div>
<div><span><b>Timestamp:</b></span><br/><span>2024-07-16 10:21:51 UTC<br/>2024-07-16 10:21:54 UTC</span></div>
</div>]]></description>
		<Style>
			<LineStyle>
				<color>ff00a8ff</color>
				<width>2</width>
			</LineStyle>
		</Style>
		<MultiGeometry>
			<LineString>
				<tessellate>1</tessellate>
				<altitudeMode>absolute</altitudeMode>
				<coordinates>
					126.629105,34.367283,4876.8 126.631104,34.362629,4876.8 
				</coordinates>
			</LineString>
		</MultiGeometry>
	</Placemark>
	<Placemark>
		<name>P-174</name>
		<visibility>0</visibility>
		<description><![CDATA[<div><div><span><b>Altitude:</b></span> <span>16,000 ft</span></div>
<div><span><b>Speed:</b></span> <span>359 kt - 361 kt</span></div>
<div><span><b>Timestamp:</b></span><br/><span>2024-07-16 10:21:54 UTC<br/>2024-07-16 10:21:57 UTC</span></div>
</div>]]></description>
		<Style>
			<LineStyle>
				<color>ff00a8ff</color>
				<width>2</width>
			</LineStyle>
		</Style>
		<MultiGeometry>
			<LineString>
				<tessellate>1</tessellate>
				<altitudeMode>absolute</altitudeMode>
				<coordinates>
					126.631104,34.362629,4876.8 126.633682,34.357319,4876.8 
				</coordinates>
			</LineString>
		</MultiGeometry>
	</Placemark>
	<Placemark>
		<name>P-175</name>
		<visibility>0</visibility>
		<description><![CDATA[<div><div><span><b>Altitude:</b></span> <span>16,000 ft</span></div>
<div><span><b>Speed:</b></span> <span>361 kt - 362 kt</span></div>
<div><span><b>Timestamp:</b></span><br/><span>2024-07-16 10:21:57 UTC<br/>2024-07-16 10:22:00 UTC</span></div>
</div>]]></description>
		<Style>
			<LineStyle>
				<color>ff00a8ff</color>
				<width>2</width>
			</LineStyle>
		</Style>
		<MultiGeometry>
			<LineString>
				<tessellate>1</tessellate>
				<altitudeMode>absolute</altitudeMode>
				<coordinates>
					126.633682,34.357319,4876.8 126.6362,34.352524,4876.8 
				</coordinates>
			</LineString>
		</MultiGeometry>
	</Placemark>
	<Placemark>
		<name>P-176</name>
		<visibility>0</visibility>
		<description><![CDATA[<div><div><span><b>Altitude:</b></span> <span>16,000 ft - 16,025 ft</span></div>
<div><span><b>Speed:</b></span> <span>362 kt - 363 kt</span></div>
<div><span><b>Timestamp:</b></span><br/><span>2024-07-16 10:22:00 UTC<br/>2024-07-16 10:22:03 UTC</span></div>
</div>]]></description>
		<Style>
			<LineStyle>
				<color>ff00a8ff</color>
				<width>2</width>
			</LineStyle>
		</Style>
		<MultiGeometry>
			<LineString>
				<tessellate>1</tessellate>
				<altitudeMode>absolute</altitudeMode>
				<coordinates>
					126.6362,34.352524,4876.8 126.638229,34.348709,4884.42 
				</coordinates>
			</LineString>
		</MultiGeometry>
	</Placemark>
	<Placemark>
		<name>P-177</name>
		<visibility>0</visibility>
		<description><![CDATA[<div><div><span><b>Altitude:</b></span> <span>16,025 ft</span></div>
<div><span><b>Speed:</b></span> <span>363 kt</span></div>
<div><span><b>Timestamp:</b></span><br/><span>2024-07-16 10:22:03 UTC<br/>2024-07-16 10:22:06 UTC</span></div>
</div>]]></description>
		<Style>
			<LineStyle>
				<color>ff00a8ff</color>
				<width>2</width>
			</LineStyle>
		</Style>
		<MultiGeometry>
			<LineString>
				<tessellate>1</tessellate>
				<altitudeMode>absolute</altitudeMode>
				<coordinates>
					126.638229,34.348709,4884.42 126.641006,34.34354,4884.42 
				</coordinates>
			</LineString>
		</MultiGeometry>
	</Placemark>
	<Placemark>
		<name>P-178</name>
		<visibility>0</visibility>
		<description><![CDATA[<div><div><span><b>Altitude:</b></span> <span>16,025 ft - 16,000 ft</span></div>
<div><span><b>Speed:</b></span> <span>363 kt - 364 kt</span></div>
<div><span><b>Timestamp:</b></span><br/><span>2024-07-16 10:22:06 UTC<br/>2024-07-16 10:22:09 UTC</span></div>
</div>]]></description>
		<Style>
			<LineStyle>
				<color>ff00a8ff</color>
				<width>2</width>
			</LineStyle>
		</Style>
		<MultiGeometry>
			<LineString>
				<tessellate>1</tessellate>
				<altitudeMode>absolute</altitudeMode>
				<coordinates>
					126.641006,34.34354,4884.42 126.643661,34.338638,4876.8 
				</coordinates>
			</LineString>
		</MultiGeometry>
	</Placemark>
	<Placemark>
		<name>P-179</name>
		<visibility>0</visibility>
		<description><![CDATA[<div><div><span><b>Altitude:</b></span> <span>16,000 ft</span></div>
<div><span><b>Speed:</b></span> <span>364 kt - 363 kt</span></div>
<div><span><b>Timestamp:</b></span><br/><span>2024-07-16 10:22:09 UTC<br/>2024-07-16 10:22:12 UTC</span></div>
</div>]]></description>
		<Style>
			<LineStyle>
				<color>ff00a8ff</color>
				<width>2</width>
			</LineStyle>
		</Style>
		<MultiGeometry>
			<LineString>
				<tessellate>1</tessellate>
				<altitudeMode>absolute</altitudeMode>
				<coordinates>
					126.643661,34.338638,4876.8 126.645699,34.334602,4876.8 
				</coordinates>
			</LineString>
		</MultiGeometry>
	</Placemark>
	<Placemark>
		<name>P-180</name>
		<visibility>0</visibility>
		<description><![CDATA[<div><div><span><b>Altitude:</b></span> <span>16,000 ft</span></div>
<div><span><b>Speed:</b></span> <span>363 kt</span></div>
<div><span><b>Timestamp:</b></span><br/><span>2024-07-16 10:22:12 UTC<br/>2024-07-16 10:22:15 UTC</span></div>
</div>]]></description>
		<Style>
			<LineStyle>
				<color>ff00a8ff</color>
				<width>2</width>
			</LineStyle>
		</Style>
		<MultiGeometry>
			<LineString>
				<tessellate>1</tessellate>
				<altitudeMode>absolute</altitudeMode>
				<coordinates>
					126.645699,34.334602,4876.8 126.647865,34.329987,4876.8 
				</coordinates>
			</LineString>
		</MultiGeometry>
	</Placemark>
	<Placemark>
		<name>P-181</name>
		<visibility>0</visibility>
		<description><![CDATA[<div><div><span><b>Altitude:</b></span> <span>16,000 ft - 15,575 ft</span></div>
<div><span><b>Speed:</b></span> <span>363 kt - 356 kt</span></div>
<div><span><b>Timestamp:</b></span><br/><span>2024-07-16 10:22:15 UTC<br/>2024-07-16 10:22:48 UTC</span></div>
</div>]]></description>
		<Style>
			<LineStyle>
				<color>ff00a8ff</color>
				<width>2</width>
			</LineStyle>
		</Style>
		<MultiGeometry>
			<LineString>
				<tessellate>1</tessellate>
				<altitudeMode>absolute</altitudeMode>
				<coordinates>
					126.647865,34.329987,4876.8 126.668106,34.277069,4747.26 
				</coordinates>
			</LineString>
		</MultiGeometry>
	</Placemark>
	<Placemark>
		<name>P-182</name>
		<visibility>0</visibility>
		<description><![CDATA[<div><div><span><b>Altitude:</b></span> <span>15,575 ft - 14,550 ft</span></div>
<div><span><b>Speed:</b></span> <span>356 kt</span></div>
<div><span><b>Timestamp:</b></span><br/><span>2024-07-16 10:22:48 UTC<br/>2024-07-16 10:23:18 UTC</span></div>
</div>]]></description>
		<Style>
			<LineStyle>
				<color>ff00a8ff</color>
				<width>2</width>
			</LineStyle>
		</Style>
		<MultiGeometry>
			<LineString>
				<tessellate>1</tessellate>
				<altitudeMode>absolute</altitudeMode>
				<coordinates>
					126.668106,34.277069,4747.26 126.686096,34.229397,4434.84 
				</coordinates>
			</LineString>
		</MultiGeometry>
	</Placemark>
	<Placemark>
		<name>P-183</name>
		<visibility>0</visibility>
		<description><![CDATA[<div><div><span><b>Altitude:</b></span> <span>14,550 ft - 14,075 ft</span></div>
<div><span><b>Speed:</b></span> <span>356 kt - 340 kt</span></div>
<div><span><b>Timestamp:</b></span><br/><span>2024-07-16 10:23:18 UTC<br/>2024-07-16 10:23:36 UTC</span></div>
</div>]]></description>
		<Style>
			<LineStyle>
				<color>ff00c0ff</color>
				<width>2</width>
			</LineStyle>
		</Style>
		<MultiGeometry>
			<LineString>
				<tessellate>1</tessellate>
				<altitudeMode>absolute</altitudeMode>
				<coordinates>
					126.686096,34.229397,4434.84 126.693306,34.201324,4290.06 
				</coordinates>
			</LineString>
		</MultiGeometry>
	</Placemark>
	<Placemark>
		<name>P-184</name>
		<visibility>0</visibility>
		<description><![CDATA[<div><div><span><b>Altitude:</b></span> <span>14,075 ft - 13,950 ft</span></div>
<div><span><b>Speed:</b></span> <span>340 kt - 335 kt</span></div>
<div><span><b>Timestamp:</b></span><br/><span>2024-07-16 10:23:36 UTC<br/>2024-07-16 10:23:40 UTC</span></div>
</div>]]></description>
		<Style>
			<LineStyle>
				<color>ff00c0ff</color>
				<width>2</width>
			</LineStyle>
		</Style>
		<MultiGeometry>
			<LineString>
				<tessellate>1</tessellate>
				<altitudeMode>absolute</altitudeMode>
				<coordinates>
					126.693306,34.201324,4290.06 126.69355,34.195587,4251.96 
				</coordinates>
			</LineString>
		</MultiGeometry>
	</Placemark>
	<Placemark>
		<name>P-185</name>
		<visibility>0</visibility>
		<description><![CDATA[<div><div><span><b>Altitude:</b></span> <span>13,950 ft - 13,825 ft</span></div>
<div><span><b>Speed:</b></span> <span>335 kt - 331 kt</span></div>
<div><span><b>Timestamp:</b></span><br/><span>2024-07-16 10:23:40 UTC<br/>2024-07-16 10:23:43 UTC</span></div>
</div>]]></description>
		<Style>
			<LineStyle>
				<color>ff00c0ff</color>
				<width>2</width>
			</LineStyle>
		</Style>
		<MultiGeometry>
			<LineString>
				<tessellate>1</tessellate>
				<altitudeMode>absolute</altitudeMode>
				<coordinates>
					126.69355,34.195587,4251.96 126.69355,34.191147,4213.86 
				</coordinates>
			</LineString>
		</MultiGeometry>
	</Placemark>
	<Placemark>
		<name>P-186</name>
		<visibility>0</visibility>
		<description><![CDATA[<div><div><span><b>Altitude:</b></span> <span>13,825 ft - 13,700 ft</span></div>
<div><span><b>Speed:</b></span> <span>331 kt - 329 kt</span></div>
<div><span><b>Timestamp:</b></span><br/><span>2024-07-16 10:23:43 UTC<br/>2024-07-16 10:23:46 UTC</span></div>
</div>]]></description>
		<Style>
			<LineStyle>
				<color>ff00c0ff</color>
				<width>2</width>
			</LineStyle>
		</Style>
		<MultiGeometry>
			<LineString>
				<tessellate>1</tessellate>
				<altitudeMode>absolute</altitudeMode>
				<coordinates>
					126.69355,34.191147,4213.86 126.693497,34.18689,4175.759999999999 
				</coordinates>
			</LineString>
		</MultiGeometry>
	</Placemark>
	<Placemark>
		<name>P-187</name>
		<visibility>0</visibility>
		<description><![CDATA[<div><div><span><b>Altitude:</b></span> <span>13,700 ft - 13,600 ft</span></div>
<div><span><b>Speed:</b></span> <span>329 kt - 328 kt</span></div>
<div><span><b>Timestamp:</b></span><br/><span>2024-07-16 10:23:46 UTC<br/>2024-07-16 10:23:48 UTC</span></div>
</div>]]></description>
		<Style>
			<LineStyle>
				<color>ff00c0ff</color>
				<width>2</width>
			</LineStyle>
		</Style>
		<MultiGeometry>
			<LineString>
				<tessellate>1</tessellate>
				<altitudeMode>absolute</altitudeMode>
				<coordinates>
					126.693497,34.18689,4175.759999999999 126.69342,34.183868,4145.28 
				</coordinates>
			</LineString>
		</MultiGeometry>
	</Placemark>
	<Placemark>
		<name>P-188</name>
		<visibility>0</visibility>
		<description><![CDATA[<div><div><span><b>Altitude:</b></span> <span>13,600 ft - 13,375 ft</span></div>
<div><span><b>Speed:</b></span> <span>328 kt</span></div>
<div><span><b>Timestamp:</b></span><br/><span>2024-07-16 10:23:48 UTC<br/>2024-07-16 10:23:52 UTC</span></div>
</div>]]></description>
		<Style>
			<LineStyle>
				<color>ff00c0ff</color>
				<width>2</width>
			</LineStyle>
		</Style>
		<MultiGeometry>
			<LineString>
				<tessellate>1</tessellate>
				<altitudeMode>absolute</altitudeMode>
				<coordinates>
					126.69342,34.183868,4145.28 126.693214,34.177277,4076.699999999999 
				</coordinates>
			</LineString>
		</MultiGeometry>
	</Placemark>
	<Placemark>
		<name>P-189</name>
		<visibility>0</visibility>
		<description><![CDATA[<div><div><span><b>Altitude:</b></span> <span>13,375 ft - 13,200 ft</span></div>
<div><span><b>Speed:</b></span> <span>328 kt - 327 kt</span></div>
<div><span><b>Timestamp:</b></span><br/><span>2024-07-16 10:23:52 UTC<br/>2024-07-16 10:23:55 UTC</span></div>
</div>]]></description>
		<Style>
			<LineStyle>
				<color>ff00c0ff</color>
				<width>2</width>
			</LineStyle>
		</Style>
		<MultiGeometry>
			<LineString>
				<tessellate>1</tessellate>
				<altitudeMode>absolute</altitudeMode>
				<coordinates>
					126.693214,34.177277,4076.699999999999 126.693024,34.172367,4023.36 
				</coordinates>
			</LineString>
		</MultiGeometry>
	</Placemark>
	<Placemark>
		<name>P-190</name>
		<visibility>0</visibility>
		<description><![CDATA[<div><div><span><b>Altitude:</b></span> <span>13,200 ft - 13,050 ft</span></div>
<div><span><b>Speed:</b></span> <span>327 kt - 326 kt</span></div>
<div><span><b>Timestamp:</b></span><br/><span>2024-07-16 10:23:55 UTC<br/>2024-07-16 10:23:58 UTC</span></div>
</div>]]></description>
		<Style>
			<LineStyle>
				<color>ff00c0ff</color>
				<width>2</width>
			</LineStyle>
		</Style>
		<MultiGeometry>
			<LineString>
				<tessellate>1</tessellate>
				<altitudeMode>absolute</altitudeMode>
				<coordinates>
					126.693024,34.172367,4023.36 126.692879,34.167938,3977.639999999999 
				</coordinates>
			</LineString>
		</MultiGeometry>
	</Placemark>
	<Placemark>
		<name>P-191</name>
		<visibility>0</visibility>
		<description><![CDATA[<div><div><span><b>Altitude:</b></span> <span>13,050 ft - 12,925 ft</span></div>
<div><span><b>Speed:</b></span> <span>326 kt</span></div>
<div><span><b>Timestamp:</b></span><br/><span>2024-07-16 10:23:58 UTC<br/>2024-07-16 10:24:01 UTC</span></div>
</div>]]></description>
		<Style>
			<LineStyle>
				<color>ff00eaff</color>
				<width>2</width>
			</LineStyle>
		</Style>
		<MultiGeometry>
			<LineString>
				<tessellate>1</tessellate>
				<altitudeMode>absolute</altitudeMode>
				<coordinates>
					126.692879,34.167938,3977.639999999999 126.692711,34.163544,3939.54 
				</coordinates>
			</LineString>
		</MultiGeometry>
	</Placemark>
	<Placemark>
		<name>P-192</name>
		<visibility>0</visibility>
		<description><![CDATA[<div><div><span><b>Altitude:</b></span> <span>12,925 ft - 11,200 ft</span></div>
<div><span><b>Speed:</b></span> <span>326 kt - 321 kt</span></div>
<div><span><b>Timestamp:</b></span><br/><span>2024-07-16 10:24:01 UTC<br/>2024-07-16 10:24:34 UTC</span></div>
</div>]]></description>
		<Style>
			<LineStyle>
				<color>ff00eaff</color>
				<width>2</width>
			</LineStyle>
		</Style>
		<MultiGeometry>
			<LineString>
				<tessellate>1</tessellate>
				<altitudeMode>absolute</altitudeMode>
				<coordinates>
					126.692711,34.163544,3939.54 126.691017,34.113899,3413.76 
				</coordinates>
			</LineString>
		</MultiGeometry>
	</Placemark>
	<Placemark>
		<name>P-193</name>
		<visibility>0</visibility>
		<description><![CDATA[<div><div><span><b>Altitude:</b></span> <span>11,200 ft - 10,475 ft</span></div>
<div><span><b>Speed:</b></span> <span>321 kt - 318 kt</span></div>
<div><span><b>Timestamp:</b></span><br/><span>2024-07-16 10:24:34 UTC<br/>2024-07-16 10:24:50 UTC</span></div>
</div>]]></description>
		<Style>
			<LineStyle>
				<color>ff00ffe4</color>
				<width>2</width>
			</LineStyle>
		</Style>
		<MultiGeometry>
			<LineString>
				<tessellate>1</tessellate>
				<altitudeMode>absolute</altitudeMode>
				<coordinates>
					126.691017,34.113899,3413.76 126.690353,34.091263,3192.78 
				</coordinates>
			</LineString>
		</MultiGeometry>
	</Placemark>
	<Placemark>
		<name>P-194</name>
		<visibility>0</visibility>
		<description><![CDATA[<div><div><span><b>Altitude:</b></span> <span>10,475 ft - 10,100 ft</span></div>
<div><span><b>Speed:</b></span> <span>318 kt - 303 kt</span></div>
<div><span><b>Timestamp:</b></span><br/><span>2024-07-16 10:24:50 UTC<br/>2024-07-16 10:25:05 UTC</span></div>
</div>]]></description>
		<Style>
			<LineStyle>
				<color>ff00ffe4</color>
				<width>2</width>
			</LineStyle>
		</Style>
		<MultiGeometry>
			<LineString>
				<tessellate>1</tessellate>
				<altitudeMode>absolute</altitudeMode>
				<coordinates>
					126.690353,34.091263,3192.78 126.689697,34.069626,3078.48 
				</coordinates>
			</LineString>
		</MultiGeometry>
	</Placemark>
	<Placemark>
		<name>P-195</name>
		<visibility>0</visibility>
		<description><![CDATA[<div><div><span><b>Altitude:</b></span> <span>10,100 ft - 9,775 ft</span></div>
<div><span><b>Speed:</b></span> <span>303 kt - 290 kt</span></div>
<div><span><b>Timestamp:</b></span><br/><span>2024-07-16 10:25:05 UTC<br/>2024-07-16 10:25:18 UTC</span></div>
</div>]]></description>
		<Style>
			<LineStyle>
				<color>ff00ffe4</color>
				<width>2</width>
			</LineStyle>
		</Style>
		<MultiGeometry>
			<LineString>
				<tessellate>1</tessellate>
				<altitudeMode>absolute</altitudeMode>
				<coordinates>
					126.689697,34.069626,3078.48 126.689232,34.051346,2979.42 
				</coordinates>
			</LineString>
		</MultiGeometry>
	</Placemark>
	<Placemark>
		<name>P-196</name>
		<visibility>0</visibility>
		<description><![CDATA[<div><div><span><b>Altitude:</b></span> <span>9,775 ft - 9,200 ft</span></div>
<div><span><b>Speed:</b></span> <span>290 kt - 283 kt</span></div>
<div><span><b>Timestamp:</b></span><br/><span>2024-07-16 10:25:18 UTC<br/>2024-07-16 10:25:33 UTC</span></div>
</div>]]></description>
		<Style>
			<LineStyle>
				<color>ff00ffd2</color>
				<width>2</width>
			</LineStyle>
		</Style>
		<MultiGeometry>
			<LineString>
				<tessellate>1</tessellate>
				<altitudeMode>absolute</altitudeMode>
				<coordinates>
					126.689232,34.051346,2979.42 126.688782,34.031593,2804.16 
				</coordinates>
			</LineString>
		</MultiGeometry>
	</Placemark>
	<Placemark>
		<name>P-197</name>
		<visibility>0</visibility>
		<description><![CDATA[<div><div><span><b>Altitude:</b></span> <span>9,200 ft - 8,600 ft</span></div>
<div><span><b>Speed:</b></span> <span>283 kt - 280 kt</span></div>
<div><span><b>Timestamp:</b></span><br/><span>2024-07-16 10:25:33 UTC<br/>2024-07-16 10:25:49 UTC</span></div>
</div>]]></description>
		<Style>
			<LineStyle>
				<color>ff00ffd2</color>
				<width>2</width>
			</LineStyle>
		</Style>
		<MultiGeometry>
			<LineString>
				<tessellate>1</tessellate>
				<altitudeMode>absolute</altitudeMode>
				<coordinates>
					126.688782,34.031593,2804.16 126.688171,34.011475,2621.28 
				</coordinates>
			</LineString>
		</MultiGeometry>
	</Placemark>
	<Placemark>
		<name>P-198</name>
		<visibility>0</visibility>
		<description><![CDATA[<div><div><span><b>Altitude:</b></span> <span>8,600 ft - 8,000 ft</span></div>
<div><span><b>Speed:</b></span> <span>280 kt - 279 kt</span></div>
<div><span><b>Timestamp:</b></span><br/><span>2024-07-16 10:25:49 UTC<br/>2024-07-16 10:26:03 UTC</span></div>
</div>]]></description>
		<Style>
			<LineStyle>
				<color>ff00ffd2</color>
				<width>2</width>
			</LineStyle>
		</Style>
		<MultiGeometry>
			<LineString>
				<tessellate>1</tessellate>
				<altitudeMode>absolute</altitudeMode>
				<coordinates>
					126.688171,34.011475,2621.28 126.687668,33.992752,2438.4 
				</coordinates>
			</LineString>
		</MultiGeometry>
	</Placemark>
	<Placemark>
		<name>P-199</name>
		<visibility>0</visibility>
		<description><![CDATA[<div><div><span><b>Altitude:</b></span> <span>8,000 ft - 7,375 ft</span></div>
<div><span><b>Speed:</b></span> <span>279 kt - 277 kt</span></div>
<div><span><b>Timestamp:</b></span><br/><span>2024-07-16 10:26:03 UTC<br/>2024-07-16 10:26:18 UTC</span></div>
</div>]]></description>
		<Style>
			<LineStyle>
				<color>ff00ff9c</color>
				<width>2</width>
			</LineStyle>
		</Style>
		<MultiGeometry>
			<LineString>
				<tessellate>1</tessellate>
				<altitudeMode>absolute</altitudeMode>
				<coordinates>
					126.687668,33.992752,2438.4 126.68718,33.973915,2247.9 
				</coordinates>
			</LineString>
		</MultiGeometry>
	</Placemark>
	<Placemark>
		<name>P-200</name>
		<visibility>0</visibility>
		<description><![CDATA[<div><div><span><b>Altitude:</b></span> <span>7,375 ft - 6,950 ft</span></div>
<div><span><b>Speed:</b></span> <span>277 kt - 278 kt</span></div>
<div><span><b>Timestamp:</b></span><br/><span>2024-07-16 10:26:18 UTC<br/>2024-07-16 10:26:30 UTC</span></div>
</div>]]></description>
		<Style>
			<LineStyle>
				<color>ff00ff9c</color>
				<width>2</width>
			</LineStyle>
		</Style>
		<MultiGeometry>
			<LineString>
				<tessellate>1</tessellate>
				<altitudeMode>absolute</altitudeMode>
				<coordinates>
					126.68718,33.973915,2247.9 126.686829,33.958466,2118.36 
				</coordinates>
			</LineString>
		</MultiGeometry>
	</Placemark>
	<Placemark>
		<name>P-201</name>
		<visibility>0</visibility>
		<description><![CDATA[<div><div><span><b>Altitude:</b></span> <span>6,950 ft - 6,550 ft</span></div>
<div><span><b>Speed:</b></span> <span>278 kt</span></div>
<div><span><b>Timestamp:</b></span><br/><span>2024-07-16 10:26:30 UTC<br/>2024-07-16 10:26:44 UTC</span></div>
</div>]]></description>
		<Style>
			<LineStyle>
				<color>ff00ff9c</color>
				<width>2</width>
			</LineStyle>
		</Style>
		<MultiGeometry>
			<LineString>
				<tessellate>1</tessellate>
				<altitudeMode>absolute</altitudeMode>
				<coordinates>
					126.686829,33.958466,2118.36 126.686485,33.939514,1996.44 
				</coordinates>
			</LineString>
		</MultiGeometry>
	</Placemark>
	<Placemark>
		<name>P-202</name>
		<visibility>0</visibility>
		<description><![CDATA[<div><div><span><b>Altitude:</b></span> <span>6,550 ft - 6,325 ft</span></div>
<div><span><b>Speed:</b></span> <span>278 kt - 274 kt</span></div>
<div><span><b>Timestamp:</b></span><br/><span>2024-07-16 10:26:44 UTC<br/>2024-07-16 10:26:57 UTC</span></div>
</div>]]></description>
		<Style>
			<LineStyle>
				<color>ff00ff72</color>
				<width>2</width>
			</LineStyle>
		</Style>
		<MultiGeometry>
			<LineString>
				<tessellate>1</tessellate>
				<altitudeMode>absolute</altitudeMode>
				<coordinates>
					126.686485,33.939514,1996.44 126.686096,33.923687,1927.86 
				</coordinates>
			</LineString>
		</MultiGeometry>
	</Placemark>
	<Placemark>
		<name>P-203</name>
		<visibility>0</visibility>
		<description><![CDATA[<div><div><span><b>Altitude:</b></span> <span>6,325 ft - 6,150 ft</span></div>
<div><span><b>Speed:</b></span> <span>274 kt - 264 kt</span></div>
<div><span><b>Timestamp:</b></span><br/><span>2024-07-16 10:26:57 UTC<br/>2024-07-16 10:27:12 UTC</span></div>
</div>]]></description>
		<Style>
			<LineStyle>
				<color>ff00ff72</color>
				<width>2</width>
			</LineStyle>
		</Style>
		<MultiGeometry>
			<LineString>
				<tessellate>1</tessellate>
				<altitudeMode>absolute</altitudeMode>
				<coordinates>
					126.686096,33.923687,1927.86 126.685524,33.904972,1874.52 
				</coordinates>
			</LineString>
		</MultiGeometry>
	</Placemark>
	<Placemark>
		<name>P-204</name>
		<visibility>0</visibility>
		<description><![CDATA[<div><div><span><b>Altitude:</b></span> <span>6,150 ft - 6,025 ft</span></div>
<div><span><b>Speed:</b></span> <span>264 kt - 255 kt</span></div>
<div><span><b>Timestamp:</b></span><br/><span>2024-07-16 10:27:12 UTC<br/>2024-07-16 10:27:24 UTC</span></div>
</div>]]></description>
		<Style>
			<LineStyle>
				<color>ff00ff72</color>
				<width>2</width>
			</LineStyle>
		</Style>
		<MultiGeometry>
			<LineString>
				<tessellate>1</tessellate>
				<altitudeMode>absolute</altitudeMode>
				<coordinates>
					126.685524,33.904972,1874.52 126.685066,33.890354,1836.42 
				</coordinates>
			</LineString>
		</MultiGeometry>
	</Placemark>
	<Placemark>
		<name>P-205</name>
		<visibility>0</visibility>
		<description><![CDATA[<div><div><span><b>Altitude:</b></span> <span>6,025 ft - 5,800 ft</span></div>
<div><span><b>Speed:</b></span> <span>255 kt - 247 kt</span></div>
<div><span><b>Timestamp:</b></span><br/><span>2024-07-16 10:27:24 UTC<br/>2024-07-16 10:27:39 UTC</span></div>
</div>]]></description>
		<Style>
			<LineStyle>
				<color>ff00ff72</color>
				<width>2</width>
			</LineStyle>
		</Style>
		<MultiGeometry>
			<LineString>
				<tessellate>1</tessellate>
				<altitudeMode>absolute</altitudeMode>
				<coordinates>
					126.685066,33.890354,1836.42 126.684418,33.872543,1767.84 
				</coordinates>
			</LineString>
		</MultiGeometry>
	</Placemark>
	<Placemark>
		<name>P-206</name>
		<visibility>0</visibility>
		<description><![CDATA[<div><div><span><b>Altitude:</b></span> <span>5,800 ft - 5,475 ft</span></div>
<div><span><b>Speed:</b></span> <span>247 kt - 245 kt</span></div>
<div><span><b>Timestamp:</b></span><br/><span>2024-07-16 10:27:39 UTC<br/>2024-07-16 10:27:54 UTC</span></div>
</div>]]></description>
		<Style>
			<LineStyle>
				<color>ff00ff72</color>
				<width>2</width>
			</LineStyle>
		</Style>
		<MultiGeometry>
			<LineString>
				<tessellate>1</tessellate>
				<altitudeMode>absolute</altitudeMode>
				<coordinates>
					126.684418,33.872543,1767.84 126.683746,33.855488,1668.78 
				</coordinates>
			</LineString>
		</MultiGeometry>
	</Placemark>
	<Placemark>
		<name>P-207</name>
		<visibility>0</visibility>
		<description><![CDATA[<div><div><span><b>Altitude:</b></span> <span>5,475 ft - 5,150 ft</span></div>
<div><span><b>Speed:</b></span> <span>245 kt - 243 kt</span></div>
<div><span><b>Timestamp:</b></span><br/><span>2024-07-16 10:27:54 UTC<br/>2024-07-16 10:28:10 UTC</span></div>
</div>]]></description>
		<Style>
			<LineStyle>
				<color>ff00ff72</color>
				<width>2</width>
			</LineStyle>
		</Style>
		<MultiGeometry>
			<LineString>
				<tessellate>1</tessellate>
				<altitudeMode>absolute</altitudeMode>
				<coordinates>
					126.683746,33.855488,1668.78 126.68306,33.838169,1569.72 
				</coordinates>
			</LineString>
		</MultiGeometry>
	</Placemark>
	<Placemark>
		<name>P-208</name>
		<visibility>0</visibility>
		<description><![CDATA[<div><div><span><b>Altitude:</b></span> <span>5,150 ft - 4,850 ft</span></div>
<div><span><b>Speed:</b></span> <span>243 kt - 241 kt</span></div>
<div><span><b>Timestamp:</b></span><br/><span>2024-07-16 10:28:10 UTC<br/>2024-07-16 10:28:25 UTC</span></div>
</div>]]></description>
		<Style>
			<LineStyle>
				<color>ff00ff72</color>
				<width>2</width>
			</LineStyle>
		</Style>
		<MultiGeometry>
			<LineString>
				<tessellate>1</tessellate>
				<altitudeMode>absolute</altitudeMode>
				<coordinates>
					126.68306,33.838169,1569.72 126.68251,33.821274,1478.28 
				</coordinates>
			</LineString>
		</MultiGeometry>
	</Placemark>
	<Placemark>
		<name>P-209</name>
		<visibility>0</visibility>
		<description><![CDATA[<div><div><span><b>Altitude:</b></span> <span>4,850 ft - 4,750 ft</span></div>
<div><span><b>Speed:</b></span> <span>241 kt - 237 kt</span></div>
<div><span><b>Timestamp:</b></span><br/><span>2024-07-16 10:28:25 UTC<br/>2024-07-16 10:28:34 UTC</span></div>
</div>]]></description>
		<Style>
			<LineStyle>
				<color>ff00ff36</color>
				<width>2</width>
			</LineStyle>
		</Style>
		<MultiGeometry>
			<LineString>
				<tessellate>1</tessellate>
				<altitudeMode>absolute</altitudeMode>
				<coordinates>
					126.68251,33.821274,1478.28 126.682205,33.811123,1447.8 
				</coordinates>
			</LineString>
		</MultiGeometry>
	</Placemark>
	<Placemark>
		<name>P-210</name>
		<visibility>0</visibility>
		<description><![CDATA[<div><div><span><b>Altitude:</b></span> <span>4,750 ft - 4,675 ft</span></div>
<div><span><b>Speed:</b></span> <span>237 kt - 231 kt</span></div>
<div><span><b>Timestamp:</b></span><br/><span>2024-07-16 10:28:34 UTC<br/>2024-07-16 10:28:43 UTC</span></div>
</div>]]></description>
		<Style>
			<LineStyle>
				<color>ff00ff36</color>
				<width>2</width>
			</LineStyle>
		</Style>
		<MultiGeometry>
			<LineString>
				<tessellate>1</tessellate>
				<altitudeMode>absolute</altitudeMode>
				<coordinates>
					126.682205,33.811123,1447.8 126.681892,33.801498,1424.94 
				</coordinates>
			</LineString>
		</MultiGeometry>
	</Placemark>
	<Placemark>
		<name>P-211</name>
		<visibility>0</visibility>
		<description><![CDATA[<div><div><span><b>Altitude:</b></span> <span>4,675 ft - 4,575 ft</span></div>
<div><span><b>Speed:</b></span> <span>231 kt - 225 kt</span></div>
<div><span><b>Timestamp:</b></span><br/><span>2024-07-16 10:28:43 UTC<br/>2024-07-16 10:28:52 UTC</span></div>
</div>]]></description>
		<Style>
			<LineStyle>
				<color>ff00ff36</color>
				<width>2</width>
			</LineStyle>
		</Style>
		<MultiGeometry>
			<LineString>
				<tessellate>1</tessellate>
				<altitudeMode>absolute</altitudeMode>
				<coordinates>
					126.681892,33.801498,1424.94 126.68158,33.79171,1394.46 
				</coordinates>
			</LineString>
		</MultiGeometry>
	</Placemark>
	<Placemark>
		<name>P-212</name>
		<visibility>0</visibility>
		<description><![CDATA[<div><div><span><b>Altitude:</b></span> <span>4,575 ft - 4,475 ft</span></div>
<div><span><b>Speed:</b></span> <span>225 kt - 220 kt</span></div>
<div><span><b>Timestamp:</b></span><br/><span>2024-07-16 10:28:52 UTC<br/>2024-07-16 10:29:01 UTC</span></div>
</div>]]></description>
		<Style>
			<LineStyle>
				<color>ff00ff36</color>
				<width>2</width>
			</LineStyle>
		</Style>
		<MultiGeometry>
			<LineString>
				<tessellate>1</tessellate>
				<altitudeMode>absolute</altitudeMode>
				<coordinates>
					126.68158,33.79171,1394.46 126.68129,33.782772,1363.98 
				</coordinates>
			</LineString>
		</MultiGeometry>
	</Placemark>
	<Placemark>
		<name>P-213</name>
		<visibility>0</visibility>
		<description><![CDATA[<div><div><span><b>Altitude:</b></span> <span>4,475 ft - 4,375 ft</span></div>
<div><span><b>Speed:</b></span> <span>220 kt - 215 kt</span></div>
<div><span><b>Timestamp:</b></span><br/><span>2024-07-16 10:29:01 UTC<br/>2024-07-16 10:29:10 UTC</span></div>
</div>]]></description>
		<Style>
			<LineStyle>
				<color>ff00ff36</color>
				<width>2</width>
			</LineStyle>
		</Style>
		<MultiGeometry>
			<LineString>
				<tessellate>1</tessellate>
				<altitudeMode>absolute</altitudeMode>
				<coordinates>
					126.68129,33.782772,1363.98 126.680992,33.773575,1333.5 
				</coordinates>
			</LineString>
		</MultiGeometry>
	</Placemark>
	<Placemark>
		<name>P-214</name>
		<visibility>0</visibility>
		<description><![CDATA[<div><div><span><b>Altitude:</b></span> <span>4,375 ft - 4,300 ft</span></div>
<div><span><b>Speed:</b></span> <span>215 kt - 211 kt</span></div>
<div><span><b>Timestamp:</b></span><br/><span>2024-07-16 10:29:10 UTC<br/>2024-07-16 10:29:19 UTC</span></div>
</div>]]></description>
		<Style>
			<LineStyle>
				<color>ff00ff36</color>
				<width>2</width>
			</LineStyle>
		</Style>
		<MultiGeometry>
			<LineString>
				<tessellate>1</tessellate>
				<altitudeMode>absolute</altitudeMode>
				<coordinates>
					126.680992,33.773575,1333.5 126.680717,33.76442,1310.64 
				</coordinates>
			</LineString>
		</MultiGeometry>
	</Placemark>
	<Placemark>
		<name>P-215</name>
		<visibility>0</visibility>
		<description><![CDATA[<div><div><span><b>Altitude:</b></span> <span>4,300 ft - 4,175 ft</span></div>
<div><span><b>Speed:</b></span> <span>211 kt - 207 kt</span></div>
<div><span><b>Timestamp:</b></span><br/><span>2024-07-16 10:29:19 UTC<br/>2024-07-16 10:29:29 UTC</span></div>
</div>]]></description>
		<Style>
			<LineStyle>
				<color>ff00ff36</color>
				<width>2</width>
			</LineStyle>
		</Style>
		<MultiGeometry>
			<LineString>
				<tessellate>1</tessellate>
				<altitudeMode>absolute</altitudeMode>
				<coordinates>
					126.680717,33.76442,1310.64 126.680489,33.755768,1272.54 
				</coordinates>
			</LineString>
		</MultiGeometry>
	</Placemark>
	<Placemark>
		<name>P-216</name>
		<visibility>0</visibility>
		<description><![CDATA[<div><div><span><b>Altitude:</b></span> <span>4,175 ft - 4,075 ft</span></div>
<div><span><b>Speed:</b></span> <span>207 kt - 203 kt</span></div>
<div><span><b>Timestamp:</b></span><br/><span>2024-07-16 10:29:29 UTC<br/>2024-07-16 10:29:38 UTC</span></div>
</div>]]></description>
		<Style>
			<LineStyle>
				<color>ff00ff36</color>
				<width>2</width>
			</LineStyle>
		</Style>
		<MultiGeometry>
			<LineString>
				<tessellate>1</tessellate>
				<altitudeMode>absolute</altitudeMode>
				<coordinates>
					126.680489,33.755768,1272.54 126.680267,33.747025,1242.06 
				</coordinates>
			</LineString>
		</MultiGeometry>
	</Placemark>
	<Placemark>
		<name>P-217</name>
		<visibility>0</visibility>
		<description><![CDATA[<div><div><span><b>Altitude:</b></span> <span>4,075 ft - 3,925 ft</span></div>
<div><span><b>Speed:</b></span> <span>203 kt - 201 kt</span></div>
<div><span><b>Timestamp:</b></span><br/><span>2024-07-16 10:29:38 UTC<br/>2024-07-16 10:29:47 UTC</span></div>
</div>]]></description>
		<Style>
			<LineStyle>
				<color>ff00ff36</color>
				<width>2</width>
			</LineStyle>
		</Style>
		<MultiGeometry>
			<LineString>
				<tessellate>1</tessellate>
				<altitudeMode>absolute</altitudeMode>
				<coordinates>
					126.680267,33.747025,1242.06 126.680031,33.738407,1196.34 
				</coordinates>
			</LineString>
		</MultiGeometry>
	</Placemark>
	<Placemark>
		<name>P-218</name>
		<visibility>0</visibility>
		<description><![CDATA[<div><div><span><b>Altitude:</b></span> <span>3,925 ft - 3,750 ft</span></div>
<div><span><b>Speed:</b></span> <span>201 kt - 200 kt</span></div>
<div><span><b>Timestamp:</b></span><br/><span>2024-07-16 10:29:47 UTC<br/>2024-07-16 10:29:56 UTC</span></div>
</div>]]></description>
		<Style>
			<LineStyle>
				<color>ff00ff0c</color>
				<width>2</width>
			</LineStyle>
		</Style>
		<MultiGeometry>
			<LineString>
				<tessellate>1</tessellate>
				<altitudeMode>absolute</altitudeMode>
				<coordinates>
					126.680031,33.738407,1196.34 126.679764,33.730225,1143 
				</coordinates>
			</LineString>
		</MultiGeometry>
	</Placemark>
	<Placemark>
		<name>P-219</name>
		<visibility>0</visibility>
		<description><![CDATA[<div><div><span><b>Altitude:</b></span> <span>3,750 ft - 3,625 ft</span></div>
<div><span><b>Speed:</b></span> <span>200 kt</span></div>
<div><span><b>Timestamp:</b></span><br/><span>2024-07-16 10:29:56 UTC<br/>2024-07-16 10:30:02 UTC</span></div>
</div>]]></description>
		<Style>
			<LineStyle>
				<color>ff00ff0c</color>
				<width>2</width>
			</LineStyle>
		</Style>
		<MultiGeometry>
			<LineString>
				<tessellate>1</tessellate>
				<altitudeMode>absolute</altitudeMode>
				<coordinates>
					126.679764,33.730225,1143 126.67952,33.724396,1104.9 
				</coordinates>
			</LineString>
		</MultiGeometry>
	</Placemark>
	<Placemark>
		<name>P-220</name>
		<visibility>0</visibility>
		<description><![CDATA[<div><div><span><b>Altitude:</b></span> <span>3,625 ft - 3,475 ft</span></div>
<div><span><b>Speed:</b></span> <span>200 kt - 199 kt</span></div>
<div><span><b>Timestamp:</b></span><br/><span>2024-07-16 10:30:02 UTC<br/>2024-07-16 10:30:11 UTC</span></div>
</div>]]></description>
		<Style>
			<LineStyle>
				<color>ff00ff0c</color>
				<width>2</width>
			</LineStyle>
		</Style>
		<MultiGeometry>
			<LineString>
				<tessellate>1</tessellate>
				<altitudeMode>absolute</altitudeMode>
				<coordinates>
					126.67952,33.724396,1104.9 126.67923,33.715923,1059.18 
				</coordinates>
			</LineString>
		</MultiGeometry>
	</Placemark>
	<Placemark>
		<name>P-221</name>
		<visibility>0</visibility>
		<description><![CDATA[<div><div><span><b>Altitude:</b></span> <span>3,475 ft - 3,300 ft</span></div>
<div><span><b>Speed:</b></span> <span>199 kt - 198 kt</span></div>
<div><span><b>Timestamp:</b></span><br/><span>2024-07-16 10:30:11 UTC<br/>2024-07-16 10:30:20 UTC</span></div>
</div>]]></description>
		<Style>
			<LineStyle>
				<color>ff00ff0c</color>
				<width>2</width>
			</LineStyle>
		</Style>
		<MultiGeometry>
			<LineString>
				<tessellate>1</tessellate>
				<altitudeMode>absolute</altitudeMode>
				<coordinates>
					126.67923,33.715923,1059.18 126.679001,33.707684,1005.84 
				</coordinates>
			</LineString>
		</MultiGeometry>
	</Placemark>
	<Placemark>
		<name>P-222</name>
		<visibility>0</visibility>
		<description><![CDATA[<div><div><span><b>Altitude:</b></span> <span>3,300 ft - 3,200 ft</span></div>
<div><span><b>Speed:</b></span> <span>198 kt - 194 kt</span></div>
<div><span><b>Timestamp:</b></span><br/><span>2024-07-16 10:30:20 UTC<br/>2024-07-16 10:30:29 UTC</span></div>
</div>]]></description>
		<Style>
			<LineStyle>
				<color>ff00ff0c</color>
				<width>2</width>
			</LineStyle>
		</Style>
		<MultiGeometry>
			<LineString>
				<tessellate>1</tessellate>
				<altitudeMode>absolute</altitudeMode>
				<coordinates>
					126.679001,33.707684,1005.84 126.678772,33.69949,975.3599999999998 
				</coordinates>
			</LineString>
		</MultiGeometry>
	</Placemark>
	<Placemark>
		<name>P-223</name>
		<visibility>0</visibility>
		<description><![CDATA[<div><div><span><b>Altitude:</b></span> <span>3,200 ft - 3,125 ft</span></div>
<div><span><b>Speed:</b></span> <span>194 kt - 191 kt</span></div>
<div><span><b>Timestamp:</b></span><br/><span>2024-07-16 10:30:29 UTC<br/>2024-07-16 10:30:38 UTC</span></div>
</div>]]></description>
		<Style>
			<LineStyle>
				<color>ff1eff00</color>
				<width>2</width>
			</LineStyle>
		</Style>
		<MultiGeometry>
			<LineString>
				<tessellate>1</tessellate>
				<altitudeMode>absolute</altitudeMode>
				<coordinates>
					126.678772,33.69949,975.3599999999998 126.678528,33.691589,952.5 
				</coordinates>
			</LineString>
		</MultiGeometry>
	</Placemark>
	<Placemark>
		<name>P-224</name>
		<visibility>0</visibility>
		<description><![CDATA[<div><div><span><b>Altitude:</b></span> <span>3,125 ft - 3,025 ft</span></div>
<div><span><b>Speed:</b></span> <span>191 kt - 186 kt</span></div>
<div><span><b>Timestamp:</b></span><br/><span>2024-07-16 10:30:38 UTC<br/>2024-07-16 10:30:47 UTC</span></div>
</div>]]></description>
		<Style>
			<LineStyle>
				<color>ff1eff00</color>
				<width>2</width>
			</LineStyle>
		</Style>
		<MultiGeometry>
			<LineString>
				<tessellate>1</tessellate>
				<altitudeMode>absolute</altitudeMode>
				<coordinates>
					126.678528,33.691589,952.5 126.6782,33.683525,922.02 
				</coordinates>
			</LineString>
		</MultiGeometry>
	</Placemark>
	<Placemark>
		<name>P-225</name>
		<visibility>0</visibility>
		<description><![CDATA[<div><div><span><b>Altitude:</b></span> <span>3,025 ft - 3,000 ft</span></div>
<div><span><b>Speed:</b></span> <span>186 kt - 181 kt</span></div>
<div><span><b>Timestamp:</b></span><br/><span>2024-07-16 10:30:47 UTC<br/>2024-07-16 10:30:56 UTC</span></div>
</div>]]></description>
		<Style>
			<LineStyle>
				<color>ff1eff00</color>
				<width>2</width>
			</LineStyle>
		</Style>
		<MultiGeometry>
			<LineString>
				<tessellate>1</tessellate>
				<altitudeMode>absolute</altitudeMode>
				<coordinates>
					126.6782,33.683525,922.02 126.677971,33.675701,914.3999999999999 
				</coordinates>
			</LineString>
		</MultiGeometry>
	</Placemark>
	<Placemark>
		<name>P-226</name>
		<visibility>0</visibility>
		<description><![CDATA[<div><div><span><b>Altitude:</b></span> <span>3,000 ft - 2,975 ft</span></div>
<div><span><b>Speed:</b></span> <span>181 kt - 179 kt</span></div>
<div><span><b>Timestamp:</b></span><br/><span>2024-07-16 10:30:56 UTC<br/>2024-07-16 10:31:05 UTC</span></div>
</div>]]></description>
		<Style>
			<LineStyle>
				<color>ff1eff00</color>
				<width>2</width>
			</LineStyle>
		</Style>
		<MultiGeometry>
			<LineString>
				<tessellate>1</tessellate>
				<altitudeMode>absolute</altitudeMode>
				<coordinates>
					126.677971,33.675701,914.3999999999999 126.677742,33.668381,906.78 
				</coordinates>
			</LineString>
		</MultiGeometry>
	</Placemark>
	<Placemark>
		<name>P-227</name>
		<visibility>0</visibility>
		<description><![CDATA[<div><div><span><b>Altitude:</b></span> <span>2,975 ft</span></div>
<div><span><b>Speed:</b></span> <span>179 kt</span></div>
<div><span><b>Timestamp:</b></span><br/><span>2024-07-16 10:31:05 UTC<br/>2024-07-16 10:31:14 UTC</span></div>
</div>]]></description>
		<Style>
			<LineStyle>
				<color>ff1eff00</color>
				<width>2</width>
			</LineStyle>
		</Style>
		<MultiGeometry>
			<LineString>
				<tessellate>1</tessellate>
				<altitudeMode>absolute</altitudeMode>
				<coordinates>
					126.677742,33.668381,906.78 126.677521,33.660828,906.78 
				</coordinates>
			</LineString>
		</MultiGeometry>
	</Placemark>
	<Placemark>
		<name>P-228</name>
		<visibility>0</visibility>
		<description><![CDATA[<div><div><span><b>Altitude:</b></span> <span>2,975 ft - 2,950 ft</span></div>
<div><span><b>Speed:</b></span> <span>179 kt - 180 kt</span></div>
<div><span><b>Timestamp:</b></span><br/><span>2024-07-16 10:31:14 UTC<br/>2024-07-16 10:31:24 UTC</span></div>
</div>]]></description>
		<Style>
			<LineStyle>
				<color>ff1eff00</color>
				<width>2</width>
			</LineStyle>
		</Style>
		<MultiGeometry>
			<LineString>
				<tessellate>1</tessellate>
				<altitudeMode>absolute</altitudeMode>
				<coordinates>
					126.677521,33.660828,906.78 126.677284,33.653358,899.16 
				</coordinates>
			</LineString>
		</MultiGeometry>
	</Placemark>
	<Placemark>
		<name>P-229</name>
		<visibility>0</visibility>
		<description><![CDATA[<div><div><span><b>Altitude:</b></span> <span>2,950 ft</span></div>
<div><span><b>Speed:</b></span> <span>180 kt - 181 kt</span></div>
<div><span><b>Timestamp:</b></span><br/><span>2024-07-16 10:31:24 UTC<br/>2024-07-16 10:31:33 UTC</span></div>
</div>]]></description>
		<Style>
			<LineStyle>
				<color>ff1eff00</color>
				<width>2</width>
			</LineStyle>
		</Style>
		<MultiGeometry>
			<LineString>
				<tessellate>1</tessellate>
				<altitudeMode>absolute</altitudeMode>
				<coordinates>
					126.677284,33.653358,899.16 126.677002,33.645538,899.16 
				</coordinates>
			</LineString>
		</MultiGeometry>
	</Placemark>
	<Placemark>
		<name>P-230</name>
		<visibility>0</visibility>
		<description><![CDATA[<div><div><span><b>Altitude:</b></span> <span>2,950 ft</span></div>
<div><span><b>Speed:</b></span> <span>181 kt - 182 kt</span></div>
<div><span><b>Timestamp:</b></span><br/><span>2024-07-16 10:31:33 UTC<br/>2024-07-16 10:31:42 UTC</span></div>
</div>]]></description>
		<Style>
			<LineStyle>
				<color>ff1eff00</color>
				<width>2</width>
			</LineStyle>
		</Style>
		<MultiGeometry>
			<LineString>
				<tessellate>1</tessellate>
				<altitudeMode>absolute</altitudeMode>
				<coordinates>
					126.677002,33.645538,899.16 126.676682,33.638077,899.16 
				</coordinates>
			</LineString>
		</MultiGeometry>
	</Placemark>
	<Placemark>
		<name>P-231</name>
		<visibility>0</visibility>
		<description><![CDATA[<div><div><span><b>Altitude:</b></span> <span>2,950 ft</span></div>
<div><span><b>Speed:</b></span> <span>182 kt - 178 kt</span></div>
<div><span><b>Timestamp:</b></span><br/><span>2024-07-16 10:31:42 UTC<br/>2024-07-16 10:31:51 UTC</span></div>
</div>]]></description>
		<Style>
			<LineStyle>
				<color>ff1eff00</color>
				<width>2</width>
			</LineStyle>
		</Style>
		<MultiGeometry>
			<LineString>
				<tessellate>1</tessellate>
				<altitudeMode>absolute</altitudeMode>
				<coordinates>
					126.676682,33.638077,899.16 126.676422,33.630501,899.16 
				</coordinates>
			</LineString>
		</MultiGeometry>
	</Placemark>
	<Placemark>
		<name>P-232</name>
		<visibility>0</visibility>
		<description><![CDATA[<div><div><span><b>Altitude:</b></span> <span>2,950 ft - 2,975 ft</span></div>
<div><span><b>Speed:</b></span> <span>178 kt - 174 kt</span></div>
<div><span><b>Timestamp:</b></span><br/><span>2024-07-16 10:31:51 UTC<br/>2024-07-16 10:32:00 UTC</span></div>
</div>]]></description>
		<Style>
			<LineStyle>
				<color>ff1eff00</color>
				<width>2</width>
			</LineStyle>
		</Style>
		<MultiGeometry>
			<LineString>
				<tessellate>1</tessellate>
				<altitudeMode>absolute</altitudeMode>
				<coordinates>
					126.676422,33.630501,899.16 126.676254,33.622772,906.78 
				</coordinates>
			</LineString>
		</MultiGeometry>
	</Placemark>
	<Placemark>
		<name>P-233</name>
		<visibility>0</visibility>
		<description><![CDATA[<div><div><span><b>Altitude:</b></span> <span>2,975 ft</span></div>
<div><span><b>Speed:</b></span> <span>174 kt</span></div>
<div><span><b>Timestamp:</b></span><br/><span>2024-07-16 10:32:00 UTC<br/>2024-07-16 10:32:06 UTC</span></div>
</div>]]></description>
		<Style>
			<LineStyle>
				<color>ff1eff00</color>
				<width>2</width>
			</LineStyle>
		</Style>
		<MultiGeometry>
			<LineString>
				<tessellate>1</tessellate>
				<altitudeMode>absolute</altitudeMode>
				<coordinates>
					126.676254,33.622772,906.78 126.676178,33.617889,906.78 
				</coordinates>
			</LineString>
		</MultiGeometry>
	</Placemark>
	<Placemark>
		<name>P-234</name>
		<visibility>0</visibility>
		<description><![CDATA[<div><div><span><b>Altitude:</b></span> <span>2,975 ft - 2,950 ft</span></div>
<div><span><b>Speed:</b></span> <span>174 kt - 171 kt</span></div>
<div><span><b>Timestamp:</b></span><br/><span>2024-07-16 10:32:06 UTC<br/>2024-07-16 10:32:15 UTC</span></div>
</div>]]></description>
		<Style>
			<LineStyle>
				<color>ff1eff00</color>
				<width>2</width>
			</LineStyle>
		</Style>
		<MultiGeometry>
			<LineString>
				<tessellate>1</tessellate>
				<altitudeMode>absolute</altitudeMode>
				<coordinates>
					126.676178,33.617889,906.78 126.675568,33.610809,899.16 
				</coordinates>
			</LineString>
		</MultiGeometry>
	</Placemark>
	<Placemark>
		<name>P-235</name>
		<visibility>0</visibility>
		<description><![CDATA[<div><div><span><b>Altitude:</b></span> <span>2,950 ft</span></div>
<div><span><b>Speed:</b></span> <span>171 kt - 170 kt</span></div>
<div><span><b>Timestamp:</b></span><br/><span>2024-07-16 10:32:15 UTC<br/>2024-07-16 10:32:18 UTC</span></div>
</div>]]></description>
		<Style>
			<LineStyle>
				<color>ff1eff00</color>
				<width>2</width>
			</LineStyle>
		</Style>
		<MultiGeometry>
			<LineString>
				<tessellate>1</tessellate>
				<altitudeMode>absolute</altitudeMode>
				<coordinates>
					126.675568,33.610809,899.16 126.674652,33.608528,899.16 
				</coordinates>
			</LineString>
		</MultiGeometry>
	</Placemark>
	<Placemark>
		<name>P-236</name>
		<visibility>0</visibility>
		<description><![CDATA[<div><div><span><b>Altitude:</b></span> <span>2,950 ft</span></div>
<div><span><b>Speed:</b></span> <span>170 kt - 168 kt</span></div>
<div><span><b>Timestamp:</b></span><br/><span>2024-07-16 10:32:18 UTC<br/>2024-07-16 10:32:21 UTC</span></div>
</div>]]></description>
		<Style>
			<LineStyle>
				<color>ff1eff00</color>
				<width>2</width>
			</LineStyle>
		</Style>
		<MultiGeometry>
			<LineString>
				<tessellate>1</tessellate>
				<altitudeMode>absolute</altitudeMode>
				<coordinates>
					126.674652,33.608528,899.16 126.673218,33.606434,899.16 
				</coordinates>
			</LineString>
		</MultiGeometry>
	</Placemark>
	<Placemark>
		<name>P-237</name>
		<visibility>0</visibility>
		<description><![CDATA[<div><div><span><b>Altitude:</b></span> <span>2,950 ft</span></div>
<div><span><b>Speed:</b></span> <span>168 kt</span></div>
<div><span><b>Timestamp:</b></span><br/><span>2024-07-16 10:32:21 UTC<br/>2024-07-16 10:32:24 UTC</span></div>
</div>]]></description>
		<Style>
			<LineStyle>
				<color>ff1eff00</color>
				<width>2</width>
			</LineStyle>
		</Style>
		<MultiGeometry>
			<LineString>
				<tessellate>1</tessellate>
				<altitudeMode>absolute</altitudeMode>
				<coordinates>
					126.673218,33.606434,899.16 126.671295,33.604614,899.16 
				</coordinates>
			</LineString>
		</MultiGeometry>
	</Placemark>
	<Placemark>
		<name>P-238</name>
		<visibility>0</visibility>
		<description><![CDATA[<div><div><span><b>Altitude:</b></span> <span>2,950 ft - 2,975 ft</span></div>
<div><span><b>Speed:</b></span> <span>168 kt - 169 kt</span></div>
<div><span><b>Timestamp:</b></span><br/><span>2024-07-16 10:32:24 UTC<br/>2024-07-16 10:32:27 UTC</span></div>
</div>]]></description>
		<Style>
			<LineStyle>
				<color>ff1eff00</color>
				<width>2</width>
			</LineStyle>
		</Style>
		<MultiGeometry>
			<LineString>
				<tessellate>1</tessellate>
				<altitudeMode>absolute</altitudeMode>
				<coordinates>
					126.671295,33.604614,899.16 126.66906,33.603058,906.78 
				</coordinates>
			</LineString>
		</MultiGeometry>
	</Placemark>
	<Placemark>
		<name>P-239</name>
		<visibility>0</visibility>
		<description><![CDATA[<div><div><span><b>Altitude:</b></span> <span>2,975 ft</span></div>
<div><span><b>Speed:</b></span> <span>169 kt</span></div>
<div><span><b>Timestamp:</b></span><br/><span>2024-07-16 10:32:27 UTC<br/>2024-07-16 10:32:30 UTC</span></div>
</div>]]></description>
		<Style>
			<LineStyle>
				<color>ff1eff00</color>
				<width>2</width>
			</LineStyle>
		</Style>
		<MultiGeometry>
			<LineString>
				<tessellate>1</tessellate>
				<altitudeMode>absolute</altitudeMode>
				<coordinates>
					126.66906,33.603058,906.78 126.667038,33.601826,906.78 
				</coordinates>
			</LineString>
		</MultiGeometry>
	</Placemark>
	<Placemark>
		<name>P-240</name>
		<visibility>0</visibility>
		<description><![CDATA[<div><div><span><b>Altitude:</b></span> <span>2,975 ft</span></div>
<div><span><b>Speed:</b></span> <span>169 kt</span></div>
<div><span><b>Timestamp:</b></span><br/><span>2024-07-16 10:32:30 UTC<br/>2024-07-16 10:32:33 UTC</span></div>
</div>]]></description>
		<Style>
			<LineStyle>
				<color>ff1eff00</color>
				<width>2</width>
			</LineStyle>
		</Style>
		<MultiGeometry>
			<LineString>
				<tessellate>1</tessellate>
				<altitudeMode>absolute</altitudeMode>
				<coordinates>
					126.667038,33.601826,906.78 126.664696,33.600521,906.78 
				</coordinates>
			</LineString>
		</MultiGeometry>
	</Placemark>
	<Placemark>
		<name>P-241</name>
		<visibility>0</visibility>
		<description><![CDATA[<div><div><span><b>Altitude:</b></span> <span>2,975 ft</span></div>
<div><span><b>Speed:</b></span> <span>169 kt - 170 kt</span></div>
<div><span><b>Timestamp:</b></span><br/><span>2024-07-16 10:32:33 UTC<br/>2024-07-16 10:32:36 UTC</span></div>
</div>]]></description>
		<Style>
			<LineStyle>
				<color>ff1eff00</color>
				<width>2</width>
			</LineStyle>
		</Style>
		<MultiGeometry>
			<LineString>
				<tessellate>1</tessellate>
				<altitudeMode>absolute</altitudeMode>
				<coordinates>
					126.664696,33.600521,906.78 126.662277,33.599213,906.78 
				</coordinates>
			</LineString>
		</MultiGeometry>
	</Placemark>
	<Placemark>
		<name>P-242</name>
		<visibility>0</visibility>
		<description><![CDATA[<div><div><span><b>Altitude:</b></span> <span>2,975 ft</span></div>
<div><span><b>Speed:</b></span> <span>170 kt - 168 kt</span></div>
<div><span><b>Timestamp:</b></span><br/><span>2024-07-16 10:32:36 UTC<br/>2024-07-16 10:32:39 UTC</span></div>
</div>]]></description>
		<Style>
			<LineStyle>
				<color>ff1eff00</color>
				<width>2</width>
			</LineStyle>
		</Style>
		<MultiGeometry>
			<LineString>
				<tessellate>1</tessellate>
				<altitudeMode>absolute</altitudeMode>
				<coordinates>
					126.662277,33.599213,906.78 126.65966,33.59782,906.78 
				</coordinates>
			</LineString>
		</MultiGeometry>
	</Placemark>
	<Placemark>
		<name>P-243</name>
		<visibility>0</visibility>
		<description><![CDATA[<div><div><span><b>Altitude:</b></span> <span>2,975 ft - 2,950 ft</span></div>
<div><span><b>Speed:</b></span> <span>168 kt - 167 kt</span></div>
<div><span><b>Timestamp:</b></span><br/><span>2024-07-16 10:32:39 UTC<br/>2024-07-16 10:32:43 UTC</span></div>
</div>]]></description>
		<Style>
			<LineStyle>
				<color>ff1eff00</color>
				<width>2</width>
			</LineStyle>
		</Style>
		<MultiGeometry>
			<LineString>
				<tessellate>1</tessellate>
				<altitudeMode>absolute</altitudeMode>
				<coordinates>
					126.65966,33.59782,906.78 126.657394,33.596649,899.16 
				</coordinates>
			</LineString>
		</MultiGeometry>
	</Placemark>
	<Placemark>
		<name>P-244</name>
		<visibility>0</visibility>
		<description><![CDATA[<div><div><span><b>Altitude:</b></span> <span>2,950 ft - 2,925 ft</span></div>
<div><span><b>Speed:</b></span> <span>167 kt - 166 kt</span></div>
<div><span><b>Timestamp:</b></span><br/><span>2024-07-16 10:32:43 UTC<br/>2024-07-16 10:32:45 UTC</span></div>
</div>]]></description>
		<Style>
			<LineStyle>
				<color>ff1eff00</color>
				<width>2</width>
			</LineStyle>
		</Style>
		<MultiGeometry>
			<LineString>
				<tessellate>1</tessellate>
				<altitudeMode>absolute</altitudeMode>
				<coordinates>
					126.657394,33.596649,899.16 126.655083,33.595448,891.5399999999997 
				</coordinates>
			</LineString>
		</MultiGeometry>
	</Placemark>
	<Placemark>
		<name>P-245</name>
		<visibility>0</visibility>
		<description><![CDATA[<div><div><span><b>Altitude:</b></span> <span>2,925 ft - 2,900 ft</span></div>
<div><span><b>Speed:</b></span> <span>166 kt - 164 kt</span></div>
<div><span><b>Timestamp:</b></span><br/><span>2024-07-16 10:32:45 UTC<br/>2024-07-16 10:32:49 UTC</span></div>
</div>]]></description>
		<Style>
			<LineStyle>
				<color>ff1eff00</color>
				<width>2</width>
			</LineStyle>
		</Style>
		<MultiGeometry>
			<LineString>
				<tessellate>1</tessellate>
				<altitudeMode>absolute</altitudeMode>
				<coordinates>
					126.655083,33.595448,891.5399999999997 126.652679,33.594234,883.9199999999998 
				</coordinates>
			</LineString>
		</MultiGeometry>
	</Placemark>
	<Placemark>
		<name>P-246</name>
		<visibility>0</visibility>
		<description><![CDATA[<div><div><span><b>Altitude:</b></span> <span>2,900 ft - 2,850 ft</span></div>
<div><span><b>Speed:</b></span> <span>164 kt - 162 kt</span></div>
<div><span><b>Timestamp:</b></span><br/><span>2024-07-16 10:32:49 UTC<br/>2024-07-16 10:32:52 UTC</span></div>
</div>]]></description>
		<Style>
			<LineStyle>
				<color>ff1eff00</color>
				<width>2</width>
			</LineStyle>
		</Style>
		<MultiGeometry>
			<LineString>
				<tessellate>1</tessellate>
				<altitudeMode>absolute</altitudeMode>
				<coordinates>
					126.652679,33.594234,883.9199999999998 126.650223,33.592979,868.6799999999999 
				</coordinates>
			</LineString>
		</MultiGeometry>
	</Placemark>
	<Placemark>
		<name>P-247</name>
		<visibility>0</visibility>
		<description><![CDATA[<div><div><span><b>Altitude:</b></span> <span>2,850 ft - 2,825 ft</span></div>
<div><span><b>Speed:</b></span> <span>162 kt - 161 kt</span></div>
<div><span><b>Timestamp:</b></span><br/><span>2024-07-16 10:32:52 UTC<br/>2024-07-16 10:32:55 UTC</span></div>
</div>]]></description>
		<Style>
			<LineStyle>
				<color>ff1eff00</color>
				<width>2</width>
			</LineStyle>
		</Style>
		<MultiGeometry>
			<LineString>
				<tessellate>1</tessellate>
				<altitudeMode>absolute</altitudeMode>
				<coordinates>
					126.650223,33.592979,868.6799999999999 126.647812,33.591751,861.0600000000001 
				</coordinates>
			</LineString>
		</MultiGeometry>
	</Placemark>
	<Placemark>
		<name>P-248</name>
		<visibility>0</visibility>
		<description><![CDATA[<div><div><span><b>Altitude:</b></span> <span>2,825 ft - 2,775 ft</span></div>
<div><span><b>Speed:</b></span> <span>161 kt</span></div>
<div><span><b>Timestamp:</b></span><br/><span>2024-07-16 10:32:55 UTC<br/>2024-07-16 10:32:58 UTC</span></div>
</div>]]></description>
		<Style>
			<LineStyle>
				<color>ff1eff00</color>
				<width>2</width>
			</LineStyle>
		</Style>
		<MultiGeometry>
			<LineString>
				<tessellate>1</tessellate>
				<altitudeMode>absolute</altitudeMode>
				<coordinates>
					126.647812,33.591751,861.0600000000001 126.645737,33.590698,845.8199999999999 
				</coordinates>
			</LineString>
		</MultiGeometry>
	</Placemark>
	<Placemark>
		<name>P-249</name>
		<visibility>0</visibility>
		<description><![CDATA[<div><div><span><b>Altitude:</b></span> <span>2,775 ft - 2,650 ft</span></div>
<div><span><b>Speed:</b></span> <span>161 kt - 159 kt</span></div>
<div><span><b>Timestamp:</b></span><br/><span>2024-07-16 10:32:58 UTC<br/>2024-07-16 10:33:07 UTC</span></div>
</div>]]></description>
		<Style>
			<LineStyle>
				<color>ff1eff00</color>
				<width>2</width>
			</LineStyle>
		</Style>
		<MultiGeometry>
			<LineString>
				<tessellate>1</tessellate>
				<altitudeMode>absolute</altitudeMode>
				<coordinates>
					126.645737,33.590698,845.8199999999999 126.638847,33.587219,807.7199999999999 
				</coordinates>
			</LineString>
		</MultiGeometry>
	</Placemark>
	<Placemark>
		<name>P-250</name>
		<visibility>0</visibility>
		<description><![CDATA[<div><div><span><b>Altitude:</b></span> <span>2,650 ft - 2,525 ft</span></div>
<div><span><b>Speed:</b></span> <span>159 kt - 157 kt</span></div>
<div><span><b>Timestamp:</b></span><br/><span>2024-07-16 10:33:07 UTC<br/>2024-07-16 10:33:16 UTC</span></div>
</div>]]></description>
		<Style>
			<LineStyle>
				<color>ff1eff00</color>
				<width>2</width>
			</LineStyle>
		</Style>
		<MultiGeometry>
			<LineString>
				<tessellate>1</tessellate>
				<altitudeMode>absolute</altitudeMode>
				<coordinates>
					126.638847,33.587219,807.7199999999999 126.632141,33.583763,769.62 
				</coordinates>
			</LineString>
		</MultiGeometry>
	</Placemark>
	<Placemark>
		<name>P-251</name>
		<visibility>0</visibility>
		<description><![CDATA[<div><div><span><b>Altitude:</b></span> <span>2,525 ft - 2,400 ft</span></div>
<div><span><b>Speed:</b></span> <span>157 kt - 156 kt</span></div>
<div><span><b>Timestamp:</b></span><br/><span>2024-07-16 10:33:16 UTC<br/>2024-07-16 10:33:25 UTC</span></div>
</div>]]></description>
		<Style>
			<LineStyle>
				<color>ff42ff00</color>
				<width>2</width>
			</LineStyle>
		</Style>
		<MultiGeometry>
			<LineString>
				<tessellate>1</tessellate>
				<altitudeMode>absolute</altitudeMode>
				<coordinates>
					126.632141,33.583763,769.62 126.625153,33.580223,731.52 
				</coordinates>
			</LineString>
		</MultiGeometry>
	</Placemark>
	<Placemark>
		<name>P-252</name>
		<visibility>0</visibility>
		<description><![CDATA[<div><div><span><b>Altitude:</b></span> <span>2,400 ft - 2,300 ft</span></div>
<div><span><b>Speed:</b></span> <span>156 kt - 154 kt</span></div>
<div><span><b>Timestamp:</b></span><br/><span>2024-07-16 10:33:25 UTC<br/>2024-07-16 10:33:34 UTC</span></div>
</div>]]></description>
		<Style>
			<LineStyle>
				<color>ff42ff00</color>
				<width>2</width>
			</LineStyle>
		</Style>
		<MultiGeometry>
			<LineString>
				<tessellate>1</tessellate>
				<altitudeMode>absolute</altitudeMode>
				<coordinates>
					126.625153,33.580223,731.52 126.618805,33.576965,701.04 
				</coordinates>
			</LineString>
		</MultiGeometry>
	</Placemark>
	<Placemark>
		<name>P-253</name>
		<visibility>0</visibility>
		<description><![CDATA[<div><div><span><b>Altitude:</b></span> <span>2,300 ft - 2,175 ft</span></div>
<div><span><b>Speed:</b></span> <span>154 kt - 152 kt</span></div>
<div><span><b>Timestamp:</b></span><br/><span>2024-07-16 10:33:34 UTC<br/>2024-07-16 10:33:43 UTC</span></div>
</div>]]></description>
		<Style>
			<LineStyle>
				<color>ff42ff00</color>
				<width>2</width>
			</LineStyle>
		</Style>
		<MultiGeometry>
			<LineString>
				<tessellate>1</tessellate>
				<altitudeMode>absolute</altitudeMode>
				<coordinates>
					126.618805,33.576965,701.04 126.612053,33.573521,662.9400000000001 
				</coordinates>
			</LineString>
		</MultiGeometry>
	</Placemark>
	<Placemark>
		<name>P-254</name>
		<visibility>0</visibility>
		<description><![CDATA[<div><div><span><b>Altitude:</b></span> <span>2,175 ft - 2,100 ft</span></div>
<div><span><b>Speed:</b></span> <span>152 kt - 150 kt</span></div>
<div><span><b>Timestamp:</b></span><br/><span>2024-07-16 10:33:43 UTC<br/>2024-07-16 10:33:49 UTC</span></div>
</div>]]></description>
		<Style>
			<LineStyle>
				<color>ff42ff00</color>
				<width>2</width>
			</LineStyle>
		</Style>
		<MultiGeometry>
			<LineString>
				<tessellate>1</tessellate>
				<altitudeMode>absolute</altitudeMode>
				<coordinates>
					126.612053,33.573521,662.9400000000001 126.60762,33.571289,640.08 
				</coordinates>
			</LineString>
		</MultiGeometry>
	</Placemark>
	<Placemark>
		<name>P-255</name>
		<visibility>0</visibility>
		<description><![CDATA[<div><div><span><b>Altitude:</b></span> <span>2,100 ft - 2,000 ft</span></div>
<div><span><b>Speed:</b></span> <span>150 kt - 145 kt</span></div>
<div><span><b>Timestamp:</b></span><br/><span>2024-07-16 10:33:49 UTC<br/>2024-07-16 10:33:58 UTC</span></div>
</div>]]></description>
		<Style>
			<LineStyle>
				<color>ff42ff00</color>
				<width>2</width>
			</LineStyle>
		</Style>
		<MultiGeometry>
			<LineString>
				<tessellate>1</tessellate>
				<altitudeMode>absolute</altitudeMode>
				<coordinates>
					126.60762,33.571289,640.08 126.6017,33.56826,609.6 
				</coordinates>
			</LineString>
		</MultiGeometry>
	</Placemark>
	<Placemark>
		<name>P-256</name>
		<visibility>0</visibility>
		<description><![CDATA[<div><div><span><b>Altitude:</b></span> <span>2,000 ft - 1,900 ft</span></div>
<div><span><b>Speed:</b></span> <span>145 kt - 143 kt</span></div>
<div><span><b>Timestamp:</b></span><br/><span>2024-07-16 10:33:58 UTC<br/>2024-07-16 10:34:07 UTC</span></div>
</div>]]></description>
		<Style>
			<LineStyle>
				<color>ff42ff00</color>
				<width>2</width>
			</LineStyle>
		</Style>
		<MultiGeometry>
			<LineString>
				<tessellate>1</tessellate>
				<altitudeMode>absolute</altitudeMode>
				<coordinates>
					126.6017,33.56826,609.6 126.595573,33.565063,579.1199999999999 
				</coordinates>
			</LineString>
		</MultiGeometry>
	</Placemark>
	<Placemark>
		<name>P-257</name>
		<visibility>0</visibility>
		<description><![CDATA[<div><div><span><b>Altitude:</b></span> <span>1,900 ft - 1,800 ft</span></div>
<div><span><b>Speed:</b></span> <span>143 kt - 145 kt</span></div>
<div><span><b>Timestamp:</b></span><br/><span>2024-07-16 10:34:07 UTC<br/>2024-07-16 10:34:16 UTC</span></div>
</div>]]></description>
		<Style>
			<LineStyle>
				<color>ffccff00</color>
				<width>2</width>
			</LineStyle>
		</Style>
		<MultiGeometry>
			<LineString>
				<tessellate>1</tessellate>
				<altitudeMode>absolute</altitudeMode>
				<coordinates>
					126.595573,33.565063,579.1199999999999 126.589577,33.561996,548.64 
				</coordinates>
			</LineString>
		</MultiGeometry>
	</Placemark>
	<Placemark>
		<name>P-258</name>
		<visibility>0</visibility>
		<description><![CDATA[<div><div><span><b>Altitude:</b></span> <span>1,800 ft - 1,700 ft</span></div>
<div><span><b>Speed:</b></span> <span>145 kt - 140 kt</span></div>
<div><span><b>Timestamp:</b></span><br/><span>2024-07-16 10:34:16 UTC<br/>2024-07-16 10:34:26 UTC</span></div>
</div>]]></description>
		<Style>
			<LineStyle>
				<color>ffccff00</color>
				<width>2</width>
			</LineStyle>
		</Style>
		<MultiGeometry>
			<LineString>
				<tessellate>1</tessellate>
				<altitudeMode>absolute</altitudeMode>
				<coordinates>
					126.589577,33.561996,548.64 126.582848,33.558563,518.16 
				</coordinates>
			</LineString>
		</MultiGeometry>
	</Placemark>
	<Placemark>
		<name>P-259</name>
		<visibility>0</visibility>
		<description><![CDATA[<div><div><span><b>Altitude:</b></span> <span>1,700 ft - 1,575 ft</span></div>
<div><span><b>Speed:</b></span> <span>140 kt - 138 kt</span></div>
<div><span><b>Timestamp:</b></span><br/><span>2024-07-16 10:34:26 UTC<br/>2024-07-16 10:34:35 UTC</span></div>
</div>]]></description>
		<Style>
			<LineStyle>
				<color>ffccff00</color>
				<width>2</width>
			</LineStyle>
		</Style>
		<MultiGeometry>
			<LineString>
				<tessellate>1</tessellate>
				<altitudeMode>absolute</altitudeMode>
				<coordinates>
					126.582848,33.558563,518.16 126.577133,33.555634,480.06 
				</coordinates>
			</LineString>
		</MultiGeometry>
	</Placemark>
	<Placemark>
		<name>P-260</name>
		<visibility>0</visibility>
		<description><![CDATA[<div><div><span><b>Altitude:</b></span> <span>1,575 ft - 1,500 ft</span></div>
<div><span><b>Speed:</b></span> <span>138 kt - 136 kt</span></div>
<div><span><b>Timestamp:</b></span><br/><span>2024-07-16 10:34:35 UTC<br/>2024-07-16 10:34:44 UTC</span></div>
</div>]]></description>
		<Style>
			<LineStyle>
				<color>ffccff00</color>
				<width>2</width>
			</LineStyle>
		</Style>
		<MultiGeometry>
			<LineString>
				<tessellate>1</tessellate>
				<altitudeMode>absolute</altitudeMode>
				<coordinates>
					126.577133,33.555634,480.06 126.572281,33.553131,457.1999999999998 
				</coordinates>
			</LineString>
		</MultiGeometry>
	</Placemark>
	<Placemark>
		<name>P-261</name>
		<visibility>0</visibility>
		<description><![CDATA[<div><div><span><b>Altitude:</b></span> <span>1,500 ft - 1,400 ft</span></div>
<div><span><b>Speed:</b></span> <span>136 kt</span></div>
<div><span><b>Timestamp:</b></span><br/><span>2024-07-16 10:34:44 UTC<br/>2024-07-16 10:34:50 UTC</span></div>
</div>]]></description>
		<Style>
			<LineStyle>
				<color>ffccff00</color>
				<width>2</width>
			</LineStyle>
		</Style>
		<MultiGeometry>
			<LineString>
				<tessellate>1</tessellate>
				<altitudeMode>absolute</altitudeMode>
				<coordinates>
					126.572281,33.553131,457.1999999999998 126.566589,33.550232,426.72 
				</coordinates>
			</LineString>
		</MultiGeometry>
	</Placemark>
	<Placemark>
		<name>P-262</name>
		<visibility>0</visibility>
		<description><![CDATA[<div><div><span><b>Altitude:</b></span> <span>1,400 ft - 1,300 ft</span></div>
<div><span><b>Speed:</b></span> <span>136 kt</span></div>
<div><span><b>Timestamp:</b></span><br/><span>2024-07-16 10:34:50 UTC<br/>2024-07-16 10:34:59 UTC</span></div>
</div>]]></description>
		<Style>
			<LineStyle>
				<color>ffccff00</color>
				<width>2</width>
			</LineStyle>
		</Style>
		<MultiGeometry>
			<LineString>
				<tessellate>1</tessellate>
				<altitudeMode>absolute</altitudeMode>
				<coordinates>
					126.566589,33.550232,426.72 126.560837,33.54731,396.24 
				</coordinates>
			</LineString>
		</MultiGeometry>
	</Placemark>
	<Placemark>
		<name>P-263</name>
		<visibility>0</visibility>
		<description><![CDATA[<div><div><span><b>Altitude:</b></span> <span>1,300 ft - 1,175 ft</span></div>
<div><span><b>Speed:</b></span> <span>136 kt</span></div>
<div><span><b>Timestamp:</b></span><br/><span>2024-07-16 10:34:59 UTC<br/>2024-07-16 10:35:09 UTC</span></div>
</div>]]></description>
		<Style>
			<LineStyle>
				<color>fff0ff00</color>
				<width>2</width>
			</LineStyle>
		</Style>
		<MultiGeometry>
			<LineString>
				<tessellate>1</tessellate>
				<altitudeMode>absolute</altitudeMode>
				<coordinates>
					126.560837,33.54731,396.24 126.554649,33.544144,358.14 
				</coordinates>
			</LineString>
		</MultiGeometry>
	</Placemark>
	<Placemark>
		<name>P-264</name>
		<visibility>0</visibility>
		<description><![CDATA[<div><div><span><b>Altitude:</b></span> <span>1,175 ft - 1,075 ft</span></div>
<div><span><b>Speed:</b></span> <span>136 kt - 137 kt</span></div>
<div><span><b>Timestamp:</b></span><br/><span>2024-07-16 10:35:09 UTC<br/>2024-07-16 10:35:18 UTC</span></div>
</div>]]></description>
		<Style>
			<LineStyle>
				<color>fff0ff00</color>
				<width>2</width>
			</LineStyle>
		</Style>
		<MultiGeometry>
			<LineString>
				<tessellate>1</tessellate>
				<altitudeMode>absolute</altitudeMode>
				<coordinates>
					126.554649,33.544144,358.14 126.548767,33.541119,327.66 
				</coordinates>
			</LineString>
		</MultiGeometry>
	</Placemark>
	<Placemark>
		<name>P-265</name>
		<visibility>0</visibility>
		<description><![CDATA[<div><div><span><b>Altitude:</b></span> <span>1,075 ft - 975 ft</span></div>
<div><span><b>Speed:</b></span> <span>137 kt - 135 kt</span></div>
<div><span><b>Timestamp:</b></span><br/><span>2024-07-16 10:35:18 UTC<br/>2024-07-16 10:35:27 UTC</span></div>
</div>]]></description>
		<Style>
			<LineStyle>
				<color>fff0ff00</color>
				<width>2</width>
			</LineStyle>
		</Style>
		<MultiGeometry>
			<LineString>
				<tessellate>1</tessellate>
				<altitudeMode>absolute</altitudeMode>
				<coordinates>
					126.548767,33.541119,327.66 126.543167,33.538193,297.1799999999999 
				</coordinates>
			</LineString>
		</MultiGeometry>
	</Placemark>
	<Placemark>
		<name>P-266</name>
		<visibility>0</visibility>
		<description><![CDATA[<div><div><span><b>Altitude:</b></span> <span>975 ft - 875 ft</span></div>
<div><span><b>Speed:</b></span> <span>135 kt - 136 kt</span></div>
<div><span><b>Timestamp:</b></span><br/><span>2024-07-16 10:35:27 UTC<br/>2024-07-16 10:35:36 UTC</span></div>
</div>]]></description>
		<Style>
			<LineStyle>
				<color>ffffea00</color>
				<width>2</width>
			</LineStyle>
		</Style>
		<MultiGeometry>
			<LineString>
				<tessellate>1</tessellate>
				<altitudeMode>absolute</altitudeMode>
				<coordinates>
					126.543167,33.538193,297.1799999999999 126.537224,33.53516,266.7 
				</coordinates>
			</LineString>
		</MultiGeometry>
	</Placemark>
	<Placemark>
		<name>P-267</name>
		<visibility>0</visibility>
		<description><![CDATA[<div><div><span><b>Altitude:</b></span> <span>875 ft - 750 ft</span></div>
<div><span><b>Speed:</b></span> <span>136 kt - 137 kt</span></div>
<div><span><b>Timestamp:</b></span><br/><span>2024-07-16 10:35:36 UTC<br/>2024-07-16 10:35:45 UTC</span></div>
</div>]]></description>
		<Style>
			<LineStyle>
				<color>ffffea00</color>
				<width>2</width>
			</LineStyle>
		</Style>
		<MultiGeometry>
			<LineString>
				<tessellate>1</tessellate>
				<altitudeMode>absolute</altitudeMode>
				<coordinates>
					126.537224,33.53516,266.7 126.531464,33.532196,228.6 
				</coordinates>
			</LineString>
		</MultiGeometry>
	</Placemark>
	<Placemark>
		<name>P-268</name>
		<visibility>0</visibility>
		<description><![CDATA[<div><div><span><b>Altitude:</b></span> <span>750 ft - 650 ft</span></div>
<div><span><b>Speed:</b></span> <span>137 kt - 138 kt</span></div>
<div><span><b>Timestamp:</b></span><br/><span>2024-07-16 10:35:45 UTC<br/>2024-07-16 10:35:54 UTC</span></div>
</div>]]></description>
		<Style>
			<LineStyle>
				<color>ffffea00</color>
				<width>2</width>
			</LineStyle>
		</Style>
		<MultiGeometry>
			<LineString>
				<tessellate>1</tessellate>
				<altitudeMode>absolute</altitudeMode>
				<coordinates>
					126.531464,33.532196,228.6 126.525337,33.529064,198.12 
				</coordinates>
			</LineString>
		</MultiGeometry>
	</Placemark>
	<Placemark>
		<name>P-269</name>
		<visibility>0</visibility>
		<description><![CDATA[<div><div><span><b>Altitude:</b></span> <span>650 ft - 550 ft</span></div>
<div><span><b>Speed:</b></span> <span>138 kt - 136 kt</span></div>
<div><span><b>Timestamp:</b></span><br/><span>2024-07-16 10:35:54 UTC<br/>2024-07-16 10:36:03 UTC</span></div>
</div>]]></description>
		<Style>
			<LineStyle>
				<color>ffffe062</color>
				<width>2</width>
			</LineStyle>
		</Style>
		<MultiGeometry>
			<LineString>
				<tessellate>1</tessellate>
				<altitudeMode>absolute</altitudeMode>
				<coordinates>
					126.525337,33.529064,198.12 126.519562,33.526085,167.64 
				</coordinates>
			</LineString>
		</MultiGeometry>
	</Placemark>
	<Placemark>
		<name>P-270</name>
		<visibility>0</visibility>
		<description><![CDATA[<div><div><span><b>Altitude:</b></span> <span>550 ft - 450 ft</span></div>
<div><span><b>Speed:</b></span> <span>136 kt</span></div>
<div><span><b>Timestamp:</b></span><br/><span>2024-07-16 10:36:03 UTC<br/>2024-07-16 10:36:12 UTC</span></div>
</div>]]></description>
		<Style>
			<LineStyle>
				<color>ffffe062</color>
				<width>2</width>
			</LineStyle>
		</Style>
		<MultiGeometry>
			<LineString>
				<tessellate>1</tessellate>
				<altitudeMode>absolute</altitudeMode>
				<coordinates>
					126.519562,33.526085,167.64 126.513565,33.52301,137.16 
				</coordinates>
			</LineString>
		</MultiGeometry>
	</Placemark>
	<Placemark>
		<name>P-271</name>
		<visibility>0</visibility>
		<description><![CDATA[<div><div><span><b>Altitude:</b></span> <span>450 ft - 350 ft</span></div>
<div><span><b>Speed:</b></span> <span>136 kt - 134 kt</span></div>
<div><span><b>Timestamp:</b></span><br/><span>2024-07-16 10:36:12 UTC<br/>2024-07-16 10:36:21 UTC</span></div>
</div>]]></description>
		<Style>
			<LineStyle>
				<color>ffffe062</color>
				<width>2</width>
			</LineStyle>
		</Style>
		<MultiGeometry>
			<LineString>
				<tessellate>1</tessellate>
				<altitudeMode>absolute</altitudeMode>
				<coordinates>
					126.513565,33.52301,137.16 126.50779,33.520031,106.68 
				</coordinates>
			</LineString>
		</MultiGeometry>
	</Placemark>
	<Placemark>
		<name>P-272</name>
		<visibility>0</visibility>
		<description><![CDATA[<div><div><span><b>Altitude:</b></span> <span>350 ft - 250 ft</span></div>
<div><span><b>Speed:</b></span> <span>134 kt - 132 kt</span></div>
<div><span><b>Timestamp:</b></span><br/><span>2024-07-16 10:36:21 UTC<br/>2024-07-16 10:36:30 UTC</span></div>
</div>]]></description>
		<Style>
			<LineStyle>
				<color>ffffe062</color>
				<width>2</width>
			</LineStyle>
		</Style>
		<MultiGeometry>
			<LineString>
				<tessellate>1</tessellate>
				<altitudeMode>absolute</altitudeMode>
				<coordinates>
					126.50779,33.520031,106.68 126.502075,33.517181,76.2 
				</coordinates>
			</LineString>
		</MultiGeometry>
	</Placemark>
	<Placemark>
		<name>P-273</name>
		<visibility>0</visibility>
		<description><![CDATA[<div><div><span><b>Altitude:</b></span> <span>250 ft - 125 ft</span></div>
<div><span><b>Speed:</b></span> <span>132 kt</span></div>
<div><span><b>Timestamp:</b></span><br/><span>2024-07-16 10:36:30 UTC<br/>2024-07-16 10:36:40 UTC</span></div>
</div>]]></description>
		<Style>
			<LineStyle>
				<color>ffffffff</color>
				<width>2</width>
			</LineStyle>
		</Style>
		<MultiGeometry>
			<LineString>
				<tessellate>1</tessellate>
				<altitudeMode>absolute</altitudeMode>
				<coordinates>
					126.502075,33.517181,76.2 126.496529,33.514343,38.1 
				</coordinates>
			</LineString>
		</MultiGeometry>
	</Placemark>
	<Placemark>
		<name>P-274</name>
		<visibility>0</visibility>
		<description><![CDATA[<div><div><span><b>Altitude:</b></span> <span>125 ft - 75 ft</span></div>
<div><span><b>Speed:</b></span> <span>132 kt - 128 kt</span></div>
<div><span><b>Timestamp:</b></span><br/><span>2024-07-16 10:36:40 UTC<br/>2024-07-16 10:36:48 UTC</span></div>
</div>]]></description>
		<Style>
			<LineStyle>
				<color>ffffffff</color>
				<width>2</width>
			</LineStyle>
		</Style>
		<MultiGeometry>
			<LineString>
				<tessellate>1</tessellate>
				<altitudeMode>absolute</altitudeMode>
				<coordinates>
					126.496529,33.514343,38.1 126.49131,33.511688,22.86 
				</coordinates>
			</LineString>
		</MultiGeometry>
	</Placemark>
	<Placemark>
		<name>P-275</name>
		<visibility>0</visibility>
		<description><![CDATA[<div><div><span><b>Altitude:</b></span> <span>75 ft - 0 ft</span></div>
<div><span><b>Speed:</b></span> <span>128 kt - 96 kt</span></div>
<div><span><b>Timestamp:</b></span><br/><span>2024-07-16 10:36:48 UTC<br/>2024-07-16 10:36:57 UTC</span></div>
</div>]]></description>
		<Style>
			<LineStyle>
				<color>ffffffff</color>
				<width>2</width>
			</LineStyle>
		</Style>
		<MultiGeometry>
			<LineString>
				<tessellate>1</tessellate>
				<coordinates>
					126.49131,33.511688,22.86 126.487465,33.509674,0 
				</coordinates>
			</LineString>
		</MultiGeometry>
	</Placemark>
	<Placemark>
		<name>P-276</name>
		<visibility>0</visibility>
		<description><![CDATA[<div><div><span><b>Altitude:</b></span> <span>0 ft</span></div>
<div><span><b>Speed:</b></span> <span>96 kt - 67 kt</span></div>
<div><span><b>Timestamp:</b></span><br/><span>2024-07-16 10:36:57 UTC<br/>2024-07-16 10:37:04 UTC</span></div>
</div>]]></description>
		<Style>
			<LineStyle>
				<color>ffffffff</color>
				<width>2</width>
			</LineStyle>
		</Style>
		<MultiGeometry>
			<LineString>
				<tessellate>1</tessellate>
				<coordinates>
					126.487465,33.509674,0 126.48455,33.508163,0 
				</coordinates>
			</LineString>
		</MultiGeometry>
	</Placemark>
	<Placemark>
		<name>P-277</name>
		<visibility>0</visibility>
		<description><![CDATA[<div><div><span><b>Altitude:</b></span> <span>0 ft</span></div>
<div><span><b>Speed:</b></span> <span>67 kt - 41 kt</span></div>
<div><span><b>Timestamp:</b></span><br/><span>2024-07-16 10:37:04 UTC<br/>2024-07-16 10:37:11 UTC</span></div>
</div>]]></description>
		<Style>
			<LineStyle>
				<color>ffffffff</color>
				<width>2</width>
			</LineStyle>
		</Style>
		<MultiGeometry>
			<LineString>
				<tessellate>1</tessellate>
				<coordinates>
					126.48455,33.508163,0 126.482903,33.507217,0 
				</coordinates>
			</LineString>
		</MultiGeometry>
	</Placemark>
	<Placemark>
		<name>P-278</name>
		<visibility>0</visibility>
		<description><![CDATA[<div><div><span><b>Altitude:</b></span> <span>0 ft</span></div>
<div><span><b>Speed:</b></span> <span>41 kt - 37 kt</span></div>
<div><span><b>Timestamp:</b></span><br/><span>2024-07-16 10:37:11 UTC<br/>2024-07-16 10:37:13 UTC</span></div>
</div>]]></description>
		<Style>
			<LineStyle>
				<color>ffffffff</color>
				<width>2</width>
			</LineStyle>
		</Style>
		<MultiGeometry>
			<LineString>
				<tessellate>1</tessellate>
				<coordinates>
					126.482903,33.507217,0 126.48259,33.506962,0 
				</coordinates>
			</LineString>
		</MultiGeometry>
	</Placemark>
	<Placemark>
		<name>P-279</name>
		<visibility>0</visibility>
		<description><![CDATA[<div><div><span><b>Altitude:</b></span> <span>0 ft</span></div>
<div><span><b>Speed:</b></span> <span>37 kt - 32 kt</span></div>
<div><span><b>Timestamp:</b></span><br/><span>2024-07-16 10:37:13 UTC<br/>2024-07-16 10:37:16 UTC</span></div>
</div>]]></description>
		<Style>
			<LineStyle>
				<color>ffffffff</color>
				<width>2</width>
			</LineStyle>
		</Style>
		<MultiGeometry>
			<LineString>
				<tessellate>1</tessellate>
				<coordinates>
					126.48259,33.506962,0 126.482292,33.506649,0 
				</coordinates>
			</LineString>
		</MultiGeometry>
	</Placemark>
	<Placemark>
		<name>P-280</name>
		<visibility>0</visibility>
		<description><![CDATA[<div><div><span><b>Altitude:</b></span> <span>0 ft</span></div>
<div><span><b>Speed:</b></span> <span>32 kt - 30 kt</span></div>
<div><span><b>Timestamp:</b></span><br/><span>2024-07-16 10:37:16 UTC<br/>2024-07-16 10:37:18 UTC</span></div>
</div>]]></description>
		<Style>
			<LineStyle>
				<color>ffffffff</color>
				<width>2</width>
			</LineStyle>
		</Style>
		<MultiGeometry>
			<LineString>
				<tessellate>1</tessellate>
				<coordinates>
					126.482292,33.506649,0 126.482109,33.506439,0 
				</coordinates>
			</LineString>
		</MultiGeometry>
	</Placemark>
	<Placemark>
		<name>P-281</name>
		<visibility>0</visibility>
		<description><![CDATA[<div><div><span><b>Altitude:</b></span> <span>0 ft</span></div>
<div><span><b>Speed:</b></span> <span>30 kt - 26 kt</span></div>
<div><span><b>Timestamp:</b></span><br/><span>2024-07-16 10:37:18 UTC<br/>2024-07-16 10:37:21 UTC</span></div>
</div>]]></description>
		<Style>
			<LineStyle>
				<color>ffffffff</color>
				<width>2</width>
			</LineStyle>
		</Style>
		<MultiGeometry>
			<LineString>
				<tessellate>1</tessellate>
				<coordinates>
					126.482109,33.506439,0 126.481926,33.506161,0 
				</coordinates>
			</LineString>
		</MultiGeometry>
	</Placemark>
	<Placemark>
		<name>P-282</name>
		<visibility>0</visibility>
		<description><![CDATA[<div><div><span><b>Altitude:</b></span> <span>0 ft</span></div>
<div><span><b>Speed:</b></span> <span>26 kt - 17 kt</span></div>
<div><span><b>Timestamp:</b></span><br/><span>2024-07-16 10:37:21 UTC<br/>2024-07-16 10:37:27 UTC</span></div>
</div>]]></description>
		<Style>
			<LineStyle>
				<color>ffffffff</color>
				<width>2</width>
			</LineStyle>
		</Style>
		<MultiGeometry>
			<LineString>
				<tessellate>1</tessellate>
				<coordinates>
					126.481926,33.506161,0 126.481613,33.505623,0 
				</coordinates>
			</LineString>
		</MultiGeometry>
	</Placemark>
	<Placemark>
		<name>P-283</name>
		<visibility>0</visibility>
		<description><![CDATA[<div><div><span><b>Altitude:</b></span> <span>0 ft</span></div>
<div><span><b>Speed:</b></span> <span>17 kt - 14 kt</span></div>
<div><span><b>Timestamp:</b></span><br/><span>2024-07-16 10:37:27 UTC<br/>2024-07-16 10:37:30 UTC</span></div>
</div>]]></description>
		<Style>
			<LineStyle>
				<color>ffffffff</color>
				<width>2</width>
			</LineStyle>
		</Style>
		<MultiGeometry>
			<LineString>
				<tessellate>1</tessellate>
				<coordinates>
					126.481613,33.505623,0 126.481613,33.505402,0 
				</coordinates>
			</LineString>
		</MultiGeometry>
	</Placemark>
	<Placemark>
		<name>P-284</name>
		<visibility>0</visibility>
		<description><![CDATA[<div><div><span><b>Altitude:</b></span> <span>0 ft</span></div>
<div><span><b>Speed:</b></span> <span>14 kt - 13 kt</span></div>
<div><span><b>Timestamp:</b></span><br/><span>2024-07-16 10:37:30 UTC<br/>2024-07-16 10:37:35 UTC</span></div>
</div>]]></description>
		<Style>
			<LineStyle>
				<color>ffffffff</color>
				<width>2</width>
			</LineStyle>
		</Style>
		<MultiGeometry>
			<LineString>
				<tessellate>1</tessellate>
				<coordinates>
					126.481613,33.505402,0 126.481812,33.505146,0 
				</coordinates>
			</LineString>
		</MultiGeometry>
	</Placemark>
	<Placemark>
		<name>P-285</name>
		<visibility>0</visibility>
		<description><![CDATA[<div><div><span><b>Altitude:</b></span> <span>0 ft</span></div>
<div><span><b>Speed:</b></span> <span>13 kt - 11 kt</span></div>
<div><span><b>Timestamp:</b></span><br/><span>2024-07-16 10:37:35 UTC<br/>2024-07-16 10:37:39 UTC</span></div>
</div>]]></description>
		<Style>
			<LineStyle>
				<color>ffffffff</color>
				<width>2</width>
			</LineStyle>
		</Style>
		<MultiGeometry>
			<LineString>
				<tessellate>1</tessellate>
				<coordinates>
					126.481812,33.505146,0 126.482079,33.505089,0 
				</coordinates>
			</LineString>
		</MultiGeometry>
	</Placemark>
	<Placemark>
		<name>P-286</name>
		<visibility>0</visibility>
		<description><![CDATA[<div><div><span><b>Altitude:</b></span> <span>0 ft</span></div>
<div><span><b>Speed:</b></span> <span>11 kt</span></div>
<div><span><b>Timestamp:</b></span><br/><span>2024-07-16 10:37:39 UTC<br/>2024-07-16 10:37:44 UTC</span></div>
</div>]]></description>
		<Style>
			<LineStyle>
				<color>ffffffff</color>
				<width>2</width>
			</LineStyle>
		</Style>
		<MultiGeometry>
			<LineString>
				<tessellate>1</tessellate>
				<coordinates>
					126.482079,33.505089,0 126.482353,33.505142,0 
				</coordinates>
			</LineString>
		</MultiGeometry>
	</Placemark>
	<Placemark>
		<name>P-287</name>
		<visibility>0</visibility>
		<description><![CDATA[<div><div><span><b>Altitude:</b></span> <span>0 ft</span></div>
<div><span><b>Speed:</b></span> <span>11 kt</span></div>
<div><span><b>Timestamp:</b></span><br/><span>2024-07-16 10:37:44 UTC<br/>2024-07-16 10:37:48 UTC</span></div>
</div>]]></description>
		<Style>
			<LineStyle>
				<color>ffffffff</color>
				<width>2</width>
			</LineStyle>
		</Style>
		<MultiGeometry>
			<LineString>
				<tessellate>1</tessellate>
				<coordinates>
					126.482353,33.505142,0 126.48259,33.505245,0 
				</coordinates>
			</LineString>
		</MultiGeometry>
	</Placemark>
	<Placemark>
		<name>P-288</name>
		<visibility>0</visibility>
		<description><![CDATA[<div><div><span><b>Altitude:</b></span> <span>0 ft</span></div>
<div><span><b>Speed:</b></span> <span>11 kt - 13 kt</span></div>
<div><span><b>Timestamp:</b></span><br/><span>2024-07-16 10:37:48 UTC<br/>2024-07-16 10:37:53 UTC</span></div>
</div>]]></description>
		<Style>
			<LineStyle>
				<color>ffffffff</color>
				<width>2</width>
			</LineStyle>
		</Style>
		<MultiGeometry>
			<LineString>
				<tessellate>1</tessellate>
				<coordinates>
					126.48259,33.505245,0 126.482849,33.505379,0 
				</coordinates>
			</LineString>
		</MultiGeometry>
	</Placemark>
	<Placemark>
		<name>P-289</name>
		<visibility>0</visibility>
		<description><![CDATA[<div><div><span><b>Altitude:</b></span> <span>0 ft</span></div>
<div><span><b>Speed:</b></span> <span>13 kt - 15 kt</span></div>
<div><span><b>Timestamp:</b></span><br/><span>2024-07-16 10:37:53 UTC<br/>2024-07-16 10:37:59 UTC</span></div>
</div>]]></description>
		<Style>
			<LineStyle>
				<color>ffffffff</color>
				<width>2</width>
			</LineStyle>
		</Style>
		<MultiGeometry>
			<LineString>
				<tessellate>1</tessellate>
				<coordinates>
					126.482849,33.505379,0 126.483322,33.505623,0 
				</coordinates>
			</LineString>
		</MultiGeometry>
	</Placemark>
	<Placemark>
		<name>P-290</name>
		<visibility>0</visibility>
		<description><![CDATA[<div><div><span><b>Altitude:</b></span> <span>0 ft</span></div>
<div><span><b>Speed:</b></span> <span>15 kt</span></div>
<div><span><b>Timestamp:</b></span><br/><span>2024-07-16 10:37:59 UTC<br/>2024-07-16 10:38:02 UTC</span></div>
</div>]]></description>
		<Style>
			<LineStyle>
				<color>ffffffff</color>
				<width>2</width>
			</LineStyle>
		</Style>
		<MultiGeometry>
			<LineString>
				<tessellate>1</tessellate>
				<coordinates>
					126.483322,33.505623,0 126.483551,33.505753,0 
				</coordinates>
			</LineString>
		</MultiGeometry>
	</Placemark>
	<Placemark>
		<name>P-291</name>
		<visibility>0</visibility>
		<description><![CDATA[<div><div><span><b>Altitude:</b></span> <span>0 ft</span></div>
<div><span><b>Speed:</b></span> <span>15 kt - 16 kt</span></div>
<div><span><b>Timestamp:</b></span><br/><span>2024-07-16 10:38:02 UTC<br/>2024-07-16 10:38:06 UTC</span></div>
</div>]]></description>
		<Style>
			<LineStyle>
				<color>ffffffff</color>
				<width>2</width>
			</LineStyle>
		</Style>
		<MultiGeometry>
			<LineString>
				<tessellate>1</tessellate>
				<coordinates>
					126.483551,33.505753,0 126.483818,33.505878,0 
				</coordinates>
			</LineString>
		</MultiGeometry>
	</Placemark>
	<Placemark>
		<name>P-292</name>
		<visibility>0</visibility>
		<description><![CDATA[<div><div><span><b>Altitude:</b></span> <span>0 ft</span></div>
<div><span><b>Speed:</b></span> <span>16 kt</span></div>
<div><span><b>Timestamp:</b></span><br/><span>2024-07-16 10:38:06 UTC<br/>2024-07-16 10:38:09 UTC</span></div>
</div>]]></description>
		<Style>
			<LineStyle>
				<color>ffffffff</color>
				<width>2</width>
			</LineStyle>
		</Style>
		<MultiGeometry>
			<LineString>
				<tessellate>1</tessellate>
				<coordinates>
					126.483818,33.505878,0 126.484047,33.506001,0 
				</coordinates>
			</LineString>
		</MultiGeometry>
	</Placemark>
	<Placemark>
		<name>P-293</name>
		<visibility>0</visibility>
		<description><![CDATA[<div><div><span><b>Altitude:</b></span> <span>0 ft</span></div>
<div><span><b>Speed:</b></span> <span>16 kt</span></div>
<div><span><b>Timestamp:</b></span><br/><span>2024-07-16 10:38:09 UTC<br/>2024-07-16 10:38:12 UTC</span></div>
</div>]]></description>
		<Style>
			<LineStyle>
				<color>ffffffff</color>
				<width>2</width>
			</LineStyle>
		</Style>
		<MultiGeometry>
			<LineString>
				<tessellate>1</tessellate>
				<coordinates>
					126.484047,33.506001,0 126.484268,33.506111,0 
				</coordinates>
			</LineString>
		</MultiGeometry>
	</Placemark>
	<Placemark>
		<name>P-294</name>
		<visibility>0</visibility>
		<description><![CDATA[<div><div><span><b>Altitude:</b></span> <span>0 ft</span></div>
<div><span><b>Speed:</b></span> <span>16 kt - 18 kt</span></div>
<div><span><b>Timestamp:</b></span><br/><span>2024-07-16 10:38:12 UTC<br/>2024-07-16 10:38:23 UTC</span></div>
</div>]]></description>
		<Style>
			<LineStyle>
				<color>ffffffff</color>
				<width>2</width>
			</LineStyle>
		</Style>
		<MultiGeometry>
			<LineString>
				<tessellate>1</tessellate>
				<coordinates>
					126.484268,33.506111,0 126.485214,33.506603,0 
				</coordinates>
			</LineString>
		</MultiGeometry>
	</Placemark>
	<Placemark>
		<name>P-295</name>
		<visibility>0</visibility>
		<description><![CDATA[<div><div><span><b>Altitude:</b></span> <span>0 ft</span></div>
<div><span><b>Speed:</b></span> <span>18 kt - 19 kt</span></div>
<div><span><b>Timestamp:</b></span><br/><span>2024-07-16 10:38:23 UTC<br/>2024-07-16 10:38:30 UTC</span></div>
</div>]]></description>
		<Style>
			<LineStyle>
				<color>ffffffff</color>
				<width>2</width>
			</LineStyle>
		</Style>
		<MultiGeometry>
			<LineString>
				<tessellate>1</tessellate>
				<coordinates>
					126.485214,33.506603,0 126.485855,33.506927,0 
				</coordinates>
			</LineString>
		</MultiGeometry>
	</Placemark>
	<Placemark>
		<name>P-296</name>
		<visibility>0</visibility>
		<description><![CDATA[<div><div><span><b>Altitude:</b></span> <span>0 ft</span></div>
<div><span><b>Speed:</b></span> <span>19 kt - 20 kt</span></div>
<div><span><b>Timestamp:</b></span><br/><span>2024-07-16 10:38:30 UTC<br/>2024-07-16 10:38:37 UTC</span></div>
</div>]]></description>
		<Style>
			<LineStyle>
				<color>ffffffff</color>
				<width>2</width>
			</LineStyle>
		</Style>
		<MultiGeometry>
			<LineString>
				<tessellate>1</tessellate>
				<coordinates>
					126.485855,33.506927,0 126.486534,33.507278,0 
				</coordinates>
			</LineString>
		</MultiGeometry>
	</Placemark>
	<Placemark>
		<name>P-297</name>
		<visibility>0</visibility>
		<description><![CDATA[<div><div><span><b>Altitude:</b></span> <span>0 ft</span></div>
<div><span><b>Speed:</b></span> <span>20 kt - 18 kt</span></div>
<div><span><b>Timestamp:</b></span><br/><span>2024-07-16 10:38:37 UTC<br/>2024-07-16 10:38:44 UTC</span></div>
</div>]]></description>
		<Style>
			<LineStyle>
				<color>ffffffff</color>
				<width>2</width>
			</LineStyle>
		</Style>
		<MultiGeometry>
			<LineString>
				<tessellate>1</tessellate>
				<coordinates>
					126.486534,33.507278,0 126.487183,33.507614,0 
				</coordinates>
			</LineString>
		</MultiGeometry>
	</Placemark>
	<Placemark>
		<name>P-298</name>
		<visibility>0</visibility>
		<description><![CDATA[<div><div><span><b>Altitude:</b></span> <span>0 ft</span></div>
<div><span><b>Speed:</b></span> <span>18 kt - 15 kt</span></div>
<div><span><b>Timestamp:</b></span><br/><span>2024-07-16 10:38:44 UTC<br/>2024-07-16 10:38:51 UTC</span></div>
</div>]]></description>
		<Style>
			<LineStyle>
				<color>ffffffff</color>
				<width>2</width>
			</LineStyle>
		</Style>
		<MultiGeometry>
			<LineString>
				<tessellate>1</tessellate>
				<coordinates>
					126.487183,33.507614,0 126.48774,33.5079,0 
				</coordinates>
			</LineString>
		</MultiGeometry>
	</Placemark>
	<Placemark>
		<name>P-299</name>
		<visibility>0</visibility>
		<description><![CDATA[<div><div><span><b>Altitude:</b></span> <span>0 ft</span></div>
<div><span><b>Speed:</b></span> <span>15 kt - 12 kt</span></div>
<div><span><b>Timestamp:</b></span><br/><span>2024-07-16 10:38:51 UTC<br/>2024-07-16 10:38:55 UTC</span></div>
</div>]]></description>
		<Style>
			<LineStyle>
				<color>ffffffff</color>
				<width>2</width>
			</LineStyle>
		</Style>
		<MultiGeometry>
			<LineString>
				<tessellate>1</tessellate>
				<coordinates>
					126.48774,33.5079,0 126.487968,33.508015,0 
				</coordinates>
			</LineString>
		</MultiGeometry>
	</Placemark>
	<Placemark>
		<name>P-300</name>
		<visibility>0</visibility>
		<description><![CDATA[<div><div><span><b>Altitude:</b></span> <span>0 ft</span></div>
<div><span><b>Speed:</b></span> <span>12 kt</span></div>
<div><span><b>Timestamp:</b></span><br/><span>2024-07-16 10:38:55 UTC<br/>2024-07-16 10:38:58 UTC</span></div>
</div>]]></description>
		<Style>
			<LineStyle>
				<color>ffffffff</color>
				<width>2</width>
			</LineStyle>
		</Style>
		<MultiGeometry>
			<LineString>
				<tessellate>1</tessellate>
				<coordinates>
					126.487968,33.508015,0 126.48819,33.508045,0 
				</coordinates>
			</LineString>
		</MultiGeometry>
	</Placemark>
	<Placemark>
		<name>P-301</name>
		<visibility>0</visibility>
		<description><![CDATA[<div><div><span><b>Altitude:</b></span> <span>0 ft</span></div>
<div><span><b>Speed:</b></span> <span>12 kt</span></div>
<div><span><b>Timestamp:</b></span><br/><span>2024-07-16 10:38:58 UTC<br/>2024-07-16 10:39:02 UTC</span></div>
</div>]]></description>
		<Style>
			<LineStyle>
				<color>ffffffff</color>
				<width>2</width>
			</LineStyle>
		</Style>
		<MultiGeometry>
			<LineString>
				<tessellate>1</tessellate>
				<coordinates>
					126.48819,33.508045,0 126.488426,33.507992,0 
				</coordinates>
			</LineString>
		</MultiGeometry>
	</Placemark>
	<Placemark>
		<name>P-302</name>
		<visibility>0</visibility>
		<description><![CDATA[<div><div><span><b>Altitude:</b></span> <span>0 ft</span></div>
<div><span><b>Speed:</b></span> <span>12 kt</span></div>
<div><span><b>Timestamp:</b></span><br/><span>2024-07-16 10:39:02 UTC<br/>2024-07-16 10:39:06 UTC</span></div>
</div>]]></description>
		<Style>
			<LineStyle>
				<color>ffffffff</color>
				<width>2</width>
			</LineStyle>
		</Style>
		<MultiGeometry>
			<LineString>
				<tessellate>1</tessellate>
				<coordinates>
					126.488426,33.507992,0 126.488632,33.50782,0 
				</coordinates>
			</LineString>
		</MultiGeometry>
	</Placemark>
	<Placemark>
		<name>P-303</name>
		<visibility>0</visibility>
		<description><![CDATA[<div><div><span><b>Altitude:</b></span> <span>0 ft</span></div>
<div><span><b>Speed:</b></span> <span>12 kt - 11 kt</span></div>
<div><span><b>Timestamp:</b></span><br/><span>2024-07-16 10:39:06 UTC<br/>2024-07-16 10:39:11 UTC</span></div>
</div>]]></description>
		<Style>
			<LineStyle>
				<color>ffffffff</color>
				<width>2</width>
			</LineStyle>
		</Style>
		<MultiGeometry>
			<LineString>
				<tessellate>1</tessellate>
				<coordinates>
					126.488632,33.50782,0 126.488792,33.507603,0 
				</coordinates>
			</LineString>
		</MultiGeometry>
	</Placemark>
	<Placemark>
		<name>P-304</name>
		<visibility>0</visibility>
		<description><![CDATA[<div><div><span><b>Altitude:</b></span> <span>0 ft</span></div>
<div><span><b>Speed:</b></span> <span>11 kt</span></div>
<div><span><b>Timestamp:</b></span><br/><span>2024-07-16 10:39:11 UTC<br/>2024-07-16 10:39:16 UTC</span></div>
</div>]]></description>
		<Style>
			<LineStyle>
				<color>ffffffff</color>
				<width>2</width>
			</LineStyle>
		</Style>
		<MultiGeometry>
			<LineString>
				<tessellate>1</tessellate>
				<coordinates>
					126.488792,33.507603,0 126.488945,33.507393,0 
				</coordinates>
			</LineString>
		</MultiGeometry>
	</Placemark>
	<Placemark>
		<name>P-305</name>
		<visibility>0</visibility>
		<description><![CDATA[<div><div><span><b>Altitude:</b></span> <span>0 ft</span></div>
<div><span><b>Speed:</b></span> <span>11 kt</span></div>
<div><span><b>Timestamp:</b></span><br/><span>2024-07-16 10:39:16 UTC<br/>2024-07-16 10:39:23 UTC</span></div>
</div>]]></description>
		<Style>
			<LineStyle>
				<color>ffffffff</color>
				<width>2</width>
			</LineStyle>
		</Style>
		<MultiGeometry>
			<LineString>
				<tessellate>1</tessellate>
				<coordinates>
					126.488945,33.507393,0 126.489243,33.507103,0 
				</coordinates>
			</LineString>
		</MultiGeometry>
	</Placemark>
	<Placemark>
		<name>P-306</name>
		<visibility>0</visibility>
		<description><![CDATA[<div><div><span><b>Altitude:</b></span> <span>0 ft</span></div>
<div><span><b>Speed:</b></span> <span>11 kt</span></div>
<div><span><b>Timestamp:</b></span><br/><span>2024-07-16 10:39:23 UTC<br/>2024-07-16 10:39:28 UTC</span></div>
</div>]]></description>
		<Style>
			<LineStyle>
				<color>ffffffff</color>
				<width>2</width>
			</LineStyle>
		</Style>
		<MultiGeometry>
			<LineString>
				<tessellate>1</tessellate>
				<coordinates>
					126.489243,33.507103,0 126.489525,33.507053,0 
				</coordinates>
			</LineString>
		</MultiGeometry>
	</Placemark>
	<Placemark>
		<name>P-307</name>
		<visibility>0</visibility>
		<description><![CDATA[<div><div><span><b>Altitude:</b></span> <span>0 ft</span></div>
<div><span><b>Speed:</b></span> <span>11 kt - 9 kt</span></div>
<div><span><b>Timestamp:</b></span><br/><span>2024-07-16 10:39:28 UTC<br/>2024-07-16 10:39:33 UTC</span></div>
</div>]]></description>
		<Style>
			<LineStyle>
				<color>ffffffff</color>
				<width>2</width>
			</LineStyle>
		</Style>
		<MultiGeometry>
			<LineString>
				<tessellate>1</tessellate>
				<coordinates>
					126.489525,33.507053,0 126.489754,33.507122,0 
				</coordinates>
			</LineString>
		</MultiGeometry>
	</Placemark>
	<Placemark>
		<name>P-308</name>
		<visibility>0</visibility>
		<description><![CDATA[<div><div><span><b>Altitude:</b></span> <span>0 ft</span></div>
<div><span><b>Speed:</b></span> <span>9 kt - 8 kt</span></div>
<div><span><b>Timestamp:</b></span><br/><span>2024-07-16 10:39:33 UTC<br/>2024-07-16 10:39:40 UTC</span></div>
</div>]]></description>
		<Style>
			<LineStyle>
				<color>ffffffff</color>
				<width>2</width>
			</LineStyle>
		</Style>
		<MultiGeometry>
			<LineString>
				<tessellate>1</tessellate>
				<coordinates>
					126.489754,33.507122,0 126.489891,33.507328,0 
				</coordinates>
			</LineString>
		</MultiGeometry>
	</Placemark>
	<Placemark>
		<name>P-309</name>
		<visibility>0</visibility>
		<description><![CDATA[<div><div><span><b>Altitude:</b></span> <span>0 ft</span></div>
<div><span><b>Speed:</b></span> <span>8 kt</span></div>
<div><span><b>Timestamp:</b></span><br/><span>2024-07-16 10:39:40 UTC<br/>2024-07-16 10:39:46 UTC</span></div>
</div>]]></description>
		<Style>
			<LineStyle>
				<color>ffffffff</color>
				<width>2</width>
			</LineStyle>
		</Style>
		<MultiGeometry>
			<LineString>
				<tessellate>1</tessellate>
				<coordinates>
					126.489891,33.507328,0 126.489769,33.507534,0 
				</coordinates>
			</LineString>
		</MultiGeometry>
	</Placemark>
	<Placemark>
		<name>P-310</name>
		<visibility>0</visibility>
		<description><![CDATA[<div><div><span><b>Altitude:</b></span> <span>0 ft</span></div>
<div><span><b>Speed:</b></span> <span>8 kt - 7 kt</span></div>
<div><span><b>Timestamp:</b></span><br/><span>2024-07-16 10:39:46 UTC<br/>2024-07-16 10:39:53 UTC</span></div>
</div>]]></description>
		<Style>
			<LineStyle>
				<color>ffffffff</color>
				<width>2</width>
			</LineStyle>
		</Style>
		<MultiGeometry>
			<LineString>
				<tessellate>1</tessellate>
				<coordinates>
					126.489769,33.507534,0 126.489609,33.50774,0 
				</coordinates>
			</LineString>
		</MultiGeometry>
	</Placemark>
	<Placemark>
		<name>P-311</name>
		<visibility>0</visibility>
		<description><![CDATA[<div><div><span><b>Altitude:</b></span> <span>0 ft</span></div>
<div><span><b>Speed:</b></span> <span>7 kt - 2 kt</span></div>
<div><span><b>Timestamp:</b></span><br/><span>2024-07-16 10:39:53 UTC<br/>2024-07-16 10:40:06 UTC</span></div>
</div>]]></description>
		<Style>
			<LineStyle>
				<color>ffffffff</color>
				<width>2</width>
			</LineStyle>
		</Style>
		<MultiGeometry>
			<LineString>
				<tessellate>1</tessellate>
				<coordinates>
					126.489609,33.50774,0 126.489456,33.507946,0 
				</coordinates>
			</LineString>
		</MultiGeometry>
	</Placemark>
	<Placemark>
		<name>P-312</name>
		<visibility>0</visibility>
		<description><![CDATA[<div><div><span><b>Altitude:</b></span> <span>0 ft</span></div>
<div><span><b>Speed:</b></span> <span>2 kt - 5 kt</span></div>
<div><span><b>Timestamp:</b></span><br/><span>2024-07-16 10:40:06 UTC<br/>2024-07-16 11:19:12 UTC</span></div>
</div>]]></description>
		<Style>
			<LineStyle>
				<color>88000000</color>
				<width>2</width>
			</LineStyle>
		</Style>
		<MultiGeometry>
			<LineString>
				<tessellate>1</tessellate>
				<coordinates>
					126.489456,33.507946,0 126.489265,33.508152,0 
				</coordinates>
			</LineString>
		</MultiGeometry>
	</Placemark>
	<Placemark>
		<name>P-313</name>
		<visibility>0</visibility>
		<description><![CDATA[<div><div><span><b>Altitude:</b></span> <span>0 ft</span></div>
<div><span><b>Speed:</b></span> <span>5 kt - 8 kt</span></div>
<div><span><b>Timestamp:</b></span><br/><span>2024-07-16 11:19:12 UTC<br/>2024-07-16 11:19:19 UTC</span></div>
</div>]]></description>
		<Style>
			<LineStyle>
				<color>ffffffff</color>
				<width>2</width>
			</LineStyle>
		</Style>
		<MultiGeometry>
			<LineString>
				<tessellate>1</tessellate>
				<coordinates>
					126.489265,33.508152,0 126.489128,33.508358,0 
				</coordinates>
			</LineString>
		</MultiGeometry>
	</Placemark>
	<Placemark>
		<name>P-314</name>
		<visibility>0</visibility>
		<description><![CDATA[<div><div><span><b>Altitude:</b></span> <span>0 ft</span></div>
<div><span><b>Speed:</b></span> <span>8 kt - 7 kt</span></div>
<div><span><b>Timestamp:</b></span><br/><span>2024-07-16 11:19:19 UTC<br/>2024-07-16 11:19:25 UTC</span></div>
</div>]]></description>
		<Style>
			<LineStyle>
				<color>ffffffff</color>
				<width>2</width>
			</LineStyle>
		</Style>
		<MultiGeometry>
			<LineString>
				<tessellate>1</tessellate>
				<coordinates>
					126.489128,33.508358,0 126.489166,33.508568,0 
				</coordinates>
			</LineString>
		</MultiGeometry>
	</Placemark>
	<Placemark>
		<name>P-315</name>
		<visibility>0</visibility>
		<description><![CDATA[<div><div><span><b>Altitude:</b></span> <span>0 ft</span></div>
<div><span><b>Speed:</b></span> <span>7 kt</span></div>
<div><span><b>Timestamp:</b></span><br/><span>2024-07-16 11:19:25 UTC<br/>2024-07-16 11:19:33 UTC</span></div>
</div>]]></description>
		<Style>
			<LineStyle>
				<color>ffffffff</color>
				<width>2</width>
			</LineStyle>
		</Style>
		<MultiGeometry>
			<LineString>
				<tessellate>1</tessellate>
				<coordinates>
					126.489166,33.508568,0 126.48941,33.508732,0 
				</coordinates>
			</LineString>
		</MultiGeometry>
	</Placemark>
	<Placemark>
		<name>P-316</name>
		<visibility>0</visibility>
		<description><![CDATA[<div><div><span><b>Altitude:</b></span> <span>0 ft</span></div>
<div><span><b>Speed:</b></span> <span>7 kt - 8 kt</span></div>
<div><span><b>Timestamp:</b></span><br/><span>2024-07-16 11:19:33 UTC<br/>2024-07-16 11:19:39 UTC</span></div>
</div>]]></description>
		<Style>
			<LineStyle>
				<color>ffffffff</color>
				<width>2</width>
			</LineStyle>
		</Style>
		<MultiGeometry>
			<LineString>
				<tessellate>1</tessellate>
				<coordinates>
					126.48941,33.508732,0 126.489647,33.50885,0 
				</coordinates>
			</LineString>
		</MultiGeometry>
	</Placemark>
	<Placemark>
		<name>P-317</name>
		<visibility>0</visibility>
		<description><![CDATA[<div><div><span><b>Altitude:</b></span> <span>0 ft</span></div>
<div><span><b>Speed:</b></span> <span>8 kt - 9 kt</span></div>
<div><span><b>Timestamp:</b></span><br/><span>2024-07-16 11:19:39 UTC<br/>2024-07-16 11:19:44 UTC</span></div>
</div>]]></description>
		<Style>
			<LineStyle>
				<color>ffffffff</color>
				<width>2</width>
			</LineStyle>
		</Style>
		<MultiGeometry>
			<LineString>
				<tessellate>1</tessellate>
				<coordinates>
					126.489647,33.50885,0 126.489853,33.508965,0 
				</coordinates>
			</LineString>
		</MultiGeometry>
	</Placemark>
	<Placemark>
		<name>P-318</name>
		<visibility>0</visibility>
		<description><![CDATA[<div><div><span><b>Altitude:</b></span> <span>0 ft</span></div>
<div><span><b>Speed:</b></span> <span>9 kt - 10 kt</span></div>
<div><span><b>Timestamp:</b></span><br/><span>2024-07-16 11:19:44 UTC<br/>2024-07-16 11:19:49 UTC</span></div>
</div>]]></description>
		<Style>
			<LineStyle>
				<color>ffffffff</color>
				<width>2</width>
			</LineStyle>
		</Style>
		<MultiGeometry>
			<LineString>
				<tessellate>1</tessellate>
				<coordinates>
					126.489853,33.508965,0 126.490089,33.50909,0 
				</coordinates>
			</LineString>
		</MultiGeometry>
	</Placemark>
	<Placemark>
		<name>P-319</name>
		<visibility>0</visibility>
		<description><![CDATA[<div><div><span><b>Altitude:</b></span> <span>0 ft</span></div>
<div><span><b>Speed:</b></span> <span>10 kt - 12 kt</span></div>
<div><span><b>Timestamp:</b></span><br/><span>2024-07-16 11:19:49 UTC<br/>2024-07-16 11:19:56 UTC</span></div>
</div>]]></description>
		<Style>
			<LineStyle>
				<color>ffffffff</color>
				<width>2</width>
			</LineStyle>
		</Style>
		<MultiGeometry>
			<LineString>
				<tessellate>1</tessellate>
				<coordinates>
					126.490089,33.50909,0 126.490471,33.509285,0 
				</coordinates>
			</LineString>
		</MultiGeometry>
	</Placemark>
	<Placemark>
		<name>P-320</name>
		<visibility>0</visibility>
		<description><![CDATA[<div><div><span><b>Altitude:</b></span> <span>0 ft</span></div>
<div><span><b>Speed:</b></span> <span>12 kt - 10 kt</span></div>
<div><span><b>Timestamp:</b></span><br/><span>2024-07-16 11:19:56 UTC<br/>2024-07-16 11:20:04 UTC</span></div>
</div>]]></description>
		<Style>
			<LineStyle>
				<color>ffffffff</color>
				<width>2</width>
			</LineStyle>
		</Style>
		<MultiGeometry>
			<LineString>
				<tessellate>1</tessellate>
				<coordinates>
					126.490471,33.509285,0 126.490868,33.509491,0 
				</coordinates>
			</LineString>
		</MultiGeometry>
	</Placemark>
	<Placemark>
		<name>P-321</name>
		<visibility>0</visibility>
		<description><![CDATA[<div><div><span><b>Altitude:</b></span> <span>0 ft</span></div>
<div><span><b>Speed:</b></span> <span>10 kt</span></div>
<div><span><b>Timestamp:</b></span><br/><span>2024-07-16 11:20:04 UTC<br/>2024-07-16 11:20:11 UTC</span></div>
</div>]]></description>
		<Style>
			<LineStyle>
				<color>ffffffff</color>
				<width>2</width>
			</LineStyle>
		</Style>
		<MultiGeometry>
			<LineString>
				<tessellate>1</tessellate>
				<coordinates>
					126.490868,33.509491,0 126.491226,33.509663,0 
				</coordinates>
			</LineString>
		</MultiGeometry>
	</Placemark>
	<Placemark>
		<name>P-322</name>
		<visibility>0</visibility>
		<description><![CDATA[<div><div><span><b>Altitude:</b></span> <span>0 ft</span></div>
<div><span><b>Speed:</b></span> <span>10 kt</span></div>
<div><span><b>Timestamp:</b></span><br/><span>2024-07-16 11:20:11 UTC<br/>2024-07-16 11:20:19 UTC</span></div>
</div>]]></description>
		<Style>
			<LineStyle>
				<color>ffffffff</color>
				<width>2</width>
			</LineStyle>
		</Style>
		<MultiGeometry>
			<LineString>
				<tessellate>1</tessellate>
				<coordinates>
					126.491226,33.509663,0 126.491554,33.509838,0 
				</coordinates>
			</LineString>
		</MultiGeometry>
	</Placemark>
	<Placemark>
		<name>P-323</name>
		<visibility>0</visibility>
		<description><![CDATA[<div><div><span><b>Altitude:</b></span> <span>0 ft</span></div>
<div><span><b>Speed:</b></span> <span>10 kt</span></div>
<div><span><b>Timestamp:</b></span><br/><span>2024-07-16 11:20:19 UTC<br/>2024-07-16 11:20:26 UTC</span></div>
</div>]]></description>
		<Style>
			<LineStyle>
				<color>ffffffff</color>
				<width>2</width>
			</LineStyle>
		</Style>
		<MultiGeometry>
			<LineString>
				<tessellate>1</tessellate>
				<coordinates>
					126.491554,33.509838,0 126.491882,33.510006,0 
				</coordinates>
			</LineString>
		</MultiGeometry>
	</Placemark>
	<Placemark>
		<name>P-324</name>
		<visibility>0</visibility>
		<description><![CDATA[<div><div><span><b>Altitude:</b></span> <span>0 ft</span></div>
<div><span><b>Speed:</b></span> <span>10 kt - 7 kt</span></div>
<div><span><b>Timestamp:</b></span><br/><span>2024-07-16 11:20:26 UTC<br/>2024-07-16 11:20:39 UTC</span></div>
</div>]]></description>
		<Style>
			<LineStyle>
				<color>ffffffff</color>
				<width>2</width>
			</LineStyle>
		</Style>
		<MultiGeometry>
			<LineString>
				<tessellate>1</tessellate>
				<coordinates>
					126.491882,33.510006,0 126.492378,33.510269,0 
				</coordinates>
			</LineString>
		</MultiGeometry>
	</Placemark>
	<Placemark>
		<name>P-325</name>
		<visibility>0</visibility>
		<description><![CDATA[<div><div><span><b>Altitude:</b></span> <span>0 ft</span></div>
<div><span><b>Speed:</b></span> <span>7 kt - 5 kt</span></div>
<div><span><b>Timestamp:</b></span><br/><span>2024-07-16 11:20:39 UTC<br/>2024-07-16 11:20:47 UTC</span></div>
</div>]]></description>
		<Style>
			<LineStyle>
				<color>ffffffff</color>
				<width>2</width>
			</LineStyle>
		</Style>
		<MultiGeometry>
			<LineString>
				<tessellate>1</tessellate>
				<coordinates>
					126.492378,33.510269,0 126.492599,33.510372,0 
				</coordinates>
			</LineString>
		</MultiGeometry>
	</Placemark>
	<Placemark>
		<name>P-326</name>
		<visibility>0</visibility>
		<description><![CDATA[<div><div><span><b>Altitude:</b></span> <span>0 ft</span></div>
<div><span><b>Speed:</b></span> <span>5 kt - 4 kt</span></div>
<div><span><b>Timestamp:</b></span><br/><span>2024-07-16 11:20:47 UTC<br/>2024-07-16 11:20:58 UTC</span></div>
</div>]]></description>
		<Style>
			<LineStyle>
				<color>ffffffff</color>
				<width>2</width>
			</LineStyle>
		</Style>
		<MultiGeometry>
			<LineString>
				<tessellate>1</tessellate>
				<coordinates>
					126.492599,33.510372,0 126.492821,33.510487,0 
				</coordinates>
			</LineString>
		</MultiGeometry>
	</Placemark>
	<Placemark>
		<name>P-327</name>
		<visibility>0</visibility>
		<description><![CDATA[<div><div><span><b>Altitude:</b></span> <span>0 ft</span></div>
<div><span><b>Speed:</b></span> <span>4 kt</span></div>
<div><span><b>Timestamp:</b></span><br/><span>2024-07-16 11:20:58 UTC<br/>2024-07-16 11:21:08 UTC</span></div>
</div>]]></description>
		<Style>
			<LineStyle>
				<color>ffffffff</color>
				<width>2</width>
			</LineStyle>
		</Style>
		<MultiGeometry>
			<LineString>
				<tessellate>1</tessellate>
				<coordinates>
					126.492821,33.510487,0 126.493027,33.51059,0 
				</coordinates>
			</LineString>
		</MultiGeometry>
	</Placemark>
	<Placemark>
		<name>P-328</name>
		<visibility>0</visibility>
		<description><![CDATA[<div><div><span><b>Altitude:</b></span> <span>0 ft</span></div>
<div><span><b>Speed:</b></span> <span>4 kt</span></div>
<div><span><b>Timestamp:</b></span><br/><span>2024-07-16 11:21:08 UTC<br/>2024-07-16 11:21:19 UTC</span></div>
</div>]]></description>
		<Style>
			<LineStyle>
				<color>ffffffff</color>
				<width>2</width>
			</LineStyle>
		</Style>
		<MultiGeometry>
			<LineString>
				<tessellate>1</tessellate>
				<coordinates>
					126.493027,33.51059,0 126.493248,33.510696,0 
				</coordinates>
			</LineString>
		</MultiGeometry>
	</Placemark>
	<Placemark>
		<name>P-329</name>
		<visibility>0</visibility>
		<description><![CDATA[<div><div><span><b>Altitude:</b></span> <span>0 ft</span></div>
<div><span><b>Speed:</b></span> <span>4 kt - 0 kt</span></div>
<div><span><b>Timestamp:</b></span><br/><span>2024-07-16 11:21:19 UTC<br/>2024-07-16 11:21:57 UTC</span></div>
</div>]]></description>
		<Style>
			<LineStyle>
				<color>ffffffff</color>
				<width>2</width>
			</LineStyle>
		</Style>
		<MultiGeometry>
			<LineString>
				<tessellate>1</tessellate>
				<coordinates>
					126.493248,33.510696,0 126.494057,33.511116,0 
				</coordinates>
			</LineString>
		</MultiGeometry>
	</Placemark>
	<Placemark>
		<name>P-330</name>
		<visibility>0</visibility>
		<description><![CDATA[<div><div><span><b>Altitude:</b></span> <span>0 ft</span></div>
<div><span><b>Speed:</b></span> <span>0 kt - 9 kt</span></div>
<div><span><b>Timestamp:</b></span><br/><span>2024-07-16 11:21:57 UTC<br/>2024-07-16 11:22:09 UTC</span></div>
</div>]]></description>
		<Style>
			<LineStyle>
				<color>ffffffff</color>
				<width>2</width>
			</LineStyle>
		</Style>
		<MultiGeometry>
			<LineString>
				<tessellate>1</tessellate>
				<coordinates>
					126.494057,33.511116,0 126.494576,33.511391,0 
				</coordinates>
			</LineString>
		</MultiGeometry>
	</Placemark>
	<Placemark>
		<name>P-331</name>
		<visibility>0</visibility>
		<description><![CDATA[<div><div><span><b>Altitude:</b></span> <span>0 ft</span></div>
<div><span><b>Speed:</b></span> <span>9 kt</span></div>
<div><span><b>Timestamp:</b></span><br/><span>2024-07-16 11:22:09 UTC<br/>2024-07-16 11:22:17 UTC</span></div>
</div>]]></description>
		<Style>
			<LineStyle>
				<color>ffffffff</color>
				<width>2</width>
			</LineStyle>
		</Style>
		<MultiGeometry>
			<LineString>
				<tessellate>1</tessellate>
				<coordinates>
					126.494576,33.511391,0 126.494942,33.51157,0 
				</coordinates>
			</LineString>
		</MultiGeometry>
	</Placemark>
	<Placemark>
		<name>P-332</name>
		<visibility>0</visibility>
		<description><![CDATA[<div><div><span><b>Altitude:</b></span> <span>0 ft</span></div>
<div><span><b>Speed:</b></span> <span>9 kt</span></div>
<div><span><b>Timestamp:</b></span><br/><span>2024-07-16 11:22:17 UTC<br/>2024-07-16 11:22:28 UTC</span></div>
</div>]]></description>
		<Style>
			<LineStyle>
				<color>ffffffff</color>
				<width>2</width>
			</LineStyle>
		</Style>
		<MultiGeometry>
			<LineString>
				<tessellate>1</tessellate>
				<coordinates>
					126.494942,33.51157,0 126.495453,33.511837,0 
				</coordinates>
			</LineString>
		</MultiGeometry>
	</Placemark>
	<Placemark>
		<name>P-333</name>
		<visibility>0</visibility>
		<description><![CDATA[<div><div><span><b>Altitude:</b></span> <span>0 ft</span></div>
<div><span><b>Speed:</b></span> <span>9 kt - 8 kt</span></div>
<div><span><b>Timestamp:</b></span><br/><span>2024-07-16 11:22:28 UTC<br/>2024-07-16 11:22:35 UTC</span></div>
</div>]]></description>
		<Style>
			<LineStyle>
				<color>ffffffff</color>
				<width>2</width>
			</LineStyle>
		</Style>
		<MultiGeometry>
			<LineString>
				<tessellate>1</tessellate>
				<coordinates>
					126.495453,33.511837,0 126.495728,33.511986,0 
				</coordinates>
			</LineString>
		</MultiGeometry>
	</Placemark>
	<Placemark>
		<name>P-334</name>
		<visibility>0</visibility>
		<description><![CDATA[<div><div><span><b>Altitude:</b></span> <span>0 ft</span></div>
<div><span><b>Speed:</b></span> <span>8 kt</span></div>
<div><span><b>Timestamp:</b></span><br/><span>2024-07-16 11:22:35 UTC<br/>2024-07-16 11:22:41 UTC</span></div>
</div>]]></description>
		<Style>
			<LineStyle>
				<color>ffffffff</color>
				<width>2</width>
			</LineStyle>
		</Style>
		<MultiGeometry>
			<LineString>
				<tessellate>1</tessellate>
				<coordinates>
					126.495728,33.511986,0 126.495979,33.512112,0 
				</coordinates>
			</LineString>
		</MultiGeometry>
	</Placemark>
	<Placemark>
		<name>P-335</name>
		<visibility>0</visibility>
		<description><![CDATA[<div><div><span><b>Altitude:</b></span> <span>0 ft</span></div>
<div><span><b>Speed:</b></span> <span>8 kt</span></div>
<div><span><b>Timestamp:</b></span><br/><span>2024-07-16 11:22:41 UTC<br/>2024-07-16 11:22:49 UTC</span></div>
</div>]]></description>
		<Style>
			<LineStyle>
				<color>ffffffff</color>
				<width>2</width>
			</LineStyle>
		</Style>
		<MultiGeometry>
			<LineString>
				<tessellate>1</tessellate>
				<coordinates>
					126.495979,33.512112,0 126.496277,33.51226,0 
				</coordinates>
			</LineString>
		</MultiGeometry>
	</Placemark>
	<Placemark>
		<name>P-336</name>
		<visibility>0</visibility>
		<description><![CDATA[<div><div><span><b>Altitude:</b></span> <span>0 ft</span></div>
<div><span><b>Speed:</b></span> <span>8 kt - 0 kt</span></div>
<div><span><b>Timestamp:</b></span><br/><span>2024-07-16 11:22:49 UTC<br/>2024-07-16 11:24:55 UTC</span></div>
</div>]]></description>
		<Style>
			<LineStyle>
				<color>ffffffff</color>
				<width>2</width>
			</LineStyle>
		</Style>
		<MultiGeometry>
			<LineString>
				<tessellate>1</tessellate>
				<coordinates>
					126.496277,33.51226,0 126.496498,33.512375,0 
				</coordinates>
			</LineString>
		</MultiGeometry>
	</Placemark>
	<Placemark>
		<name>P-337</name>
		<visibility>0</visibility>
		<description><![CDATA[<div><div><span><b>Altitude:</b></span> <span>0 ft</span></div>
<div><span><b>Speed:</b></span> <span>0 kt - 5 kt</span></div>
<div><span><b>Timestamp:</b></span><br/><span>2024-07-16 11:24:55 UTC<br/>2024-07-16 11:25:07 UTC</span></div>
</div>]]></description>
		<Style>
			<LineStyle>
				<color>ffffffff</color>
				<width>2</width>
			</LineStyle>
		</Style>
		<MultiGeometry>
			<LineString>
				<tessellate>1</tessellate>
				<coordinates>
					126.496498,33.512375,0 126.496704,33.512489,0 
				</coordinates>
			</LineString>
		</MultiGeometry>
	</Placemark>
	<Placemark>
		<name>P-338</name>
		<visibility>0</visibility>
		<description><![CDATA[<div><div><span><b>Altitude:</b></span> <span>0 ft</span></div>
<div><span><b>Speed:</b></span> <span>5 kt - 6 kt</span></div>
<div><span><b>Timestamp:</b></span><br/><span>2024-07-16 11:25:07 UTC<br/>2024-07-16 11:25:14 UTC</span></div>
</div>]]></description>
		<Style>
			<LineStyle>
				<color>ffffffff</color>
				<width>2</width>
			</LineStyle>
		</Style>
		<MultiGeometry>
			<LineString>
				<tessellate>1</tessellate>
				<coordinates>
					126.496704,33.512489,0 126.496918,33.512596,0 
				</coordinates>
			</LineString>
		</MultiGeometry>
	</Placemark>
	<Placemark>
		<name>P-339</name>
		<visibility>0</visibility>
		<description><![CDATA[<div><div><span><b>Altitude:</b></span> <span>0 ft</span></div>
<div><span><b>Speed:</b></span> <span>6 kt - 8 kt</span></div>
<div><span><b>Timestamp:</b></span><br/><span>2024-07-16 11:25:14 UTC<br/>2024-07-16 11:25:21 UTC</span></div>
</div>]]></description>
		<Style>
			<LineStyle>
				<color>ffffffff</color>
				<width>2</width>
			</LineStyle>
		</Style>
		<MultiGeometry>
			<LineString>
				<tessellate>1</tessellate>
				<coordinates>
					126.496918,33.512596,0 126.497169,33.512711,0 
				</coordinates>
			</LineString>
		</MultiGeometry>
	</Placemark>
	<Placemark>
		<name>P-340</name>
		<visibility>0</visibility>
		<description><![CDATA[<div><div><span><b>Altitude:</b></span> <span>0 ft</span></div>
<div><span><b>Speed:</b></span> <span>8 kt - 9 kt</span></div>
<div><span><b>Timestamp:</b></span><br/><span>2024-07-16 11:25:21 UTC<br/>2024-07-16 11:25:28 UTC</span></div>
</div>]]></description>
		<Style>
			<LineStyle>
				<color>ffffffff</color>
				<width>2</width>
			</LineStyle>
		</Style>
		<MultiGeometry>
			<LineString>
				<tessellate>1</tessellate>
				<coordinates>
					126.497169,33.512711,0 126.497467,33.512875,0 
				</coordinates>
			</LineString>
		</MultiGeometry>
	</Placemark>
	<Placemark>
		<name>P-341</name>
		<visibility>0</visibility>
		<description><![CDATA[<div><div><span><b>Altitude:</b></span> <span>0 ft</span></div>
<div><span><b>Speed:</b></span> <span>9 kt - 7 kt</span></div>
<div><span><b>Timestamp:</b></span><br/><span>2024-07-16 11:25:28 UTC<br/>2024-07-16 11:25:35 UTC</span></div>
</div>]]></description>
		<Style>
			<LineStyle>
				<color>ffffffff</color>
				<width>2</width>
			</LineStyle>
		</Style>
		<MultiGeometry>
			<LineString>
				<tessellate>1</tessellate>
				<coordinates>
					126.497467,33.512875,0 126.497734,33.513004,0 
				</coordinates>
			</LineString>
		</MultiGeometry>
	</Placemark>
	<Placemark>
		<name>P-342</name>
		<visibility>0</visibility>
		<description><![CDATA[<div><div><span><b>Altitude:</b></span> <span>0 ft</span></div>
<div><span><b>Speed:</b></span> <span>7 kt - 2 kt</span></div>
<div><span><b>Timestamp:</b></span><br/><span>2024-07-16 11:25:35 UTC<br/>2024-07-16 11:26:47 UTC</span></div>
</div>]]></description>
		<Style>
			<LineStyle>
				<color>ffffffff</color>
				<width>2</width>
			</LineStyle>
		</Style>
		<MultiGeometry>
			<LineString>
				<tessellate>1</tessellate>
				<coordinates>
					126.497734,33.513004,0 126.49794,33.513119,0 
				</coordinates>
			</LineString>
		</MultiGeometry>
	</Placemark>
	<Placemark>
		<name>P-343</name>
		<visibility>0</visibility>
		<description><![CDATA[<div><div><span><b>Altitude:</b></span> <span>0 ft</span></div>
<div><span><b>Speed:</b></span> <span>2 kt - 5 kt</span></div>
<div><span><b>Timestamp:</b></span><br/><span>2024-07-16 11:26:47 UTC<br/>2024-07-16 11:27:00 UTC</span></div>
</div>]]></description>
		<Style>
			<LineStyle>
				<color>ffffffff</color>
				<width>2</width>
			</LineStyle>
		</Style>
		<MultiGeometry>
			<LineString>
				<tessellate>1</tessellate>
				<coordinates>
					126.49794,33.513119,0 126.498169,33.51326,0 
				</coordinates>
			</LineString>
		</MultiGeometry>
	</Placemark>
	<Placemark>
		<name>P-344</name>
		<visibility>0</visibility>
		<description><![CDATA[<div><div><span><b>Altitude:</b></span> <span>0 ft</span></div>
<div><span><b>Speed:</b></span> <span>5 kt - 6 kt</span></div>
<div><span><b>Timestamp:</b></span><br/><span>2024-07-16 11:27:00 UTC<br/>2024-07-16 11:27:09 UTC</span></div>
</div>]]></description>
		<Style>
			<LineStyle>
				<color>ffffffff</color>
				<width>2</width>
			</LineStyle>
		</Style>
		<MultiGeometry>
			<LineString>
				<tessellate>1</tessellate>
				<coordinates>
					126.498169,33.51326,0 126.498314,33.513474,0 
				</coordinates>
			</LineString>
		</MultiGeometry>
	</Placemark>
	<Placemark>
		<name>P-345</name>
		<visibility>0</visibility>
		<description><![CDATA[<div><div><span><b>Altitude:</b></span> <span>0 ft</span></div>
<div><span><b>Speed:</b></span> <span>6 kt - 5 kt</span></div>
<div><span><b>Timestamp:</b></span><br/><span>2024-07-16 11:27:09 UTC<br/>2024-07-16 11:27:17 UTC</span></div>
</div>]]></description>
		<Style>
			<LineStyle>
				<color>ffffffff</color>
				<width>2</width>
			</LineStyle>
		</Style>
		<MultiGeometry>
			<LineString>
				<tessellate>1</tessellate>
				<coordinates>
					126.498314,33.513474,0 126.498329,33.51368,0 
				</coordinates>
			</LineString>
		</MultiGeometry>
	</Placemark>
	<Placemark>
		<name>P-346</name>
		<visibility>0</visibility>
		<description><![CDATA[<div><div><span><b>Altitude:</b></span> <span>0 ft</span></div>
<div><span><b>Speed:</b></span> <span>5 kt - 4 kt</span></div>
<div><span><b>Timestamp:</b></span><br/><span>2024-07-16 11:27:17 UTC<br/>2024-07-16 11:27:30 UTC</span></div>
</div>]]></description>
		<Style>
			<LineStyle>
				<color>ffffffff</color>
				<width>2</width>
			</LineStyle>
		</Style>
		<MultiGeometry>
			<LineString>
				<tessellate>1</tessellate>
				<coordinates>
					126.498329,33.51368,0 126.498199,33.513885,0 
				</coordinates>
			</LineString>
		</MultiGeometry>
	</Placemark>
	<Placemark>
		<name>P-347</name>
		<visibility>0</visibility>
		<description><![CDATA[<div><div><span><b>Altitude:</b></span> <span>0 ft</span></div>
<div><span><b>Speed:</b></span> <span>4 kt - 6 kt</span></div>
<div><span><b>Timestamp:</b></span><br/><span>2024-07-16 11:27:30 UTC<br/>2024-07-16 11:29:47 UTC</span></div>
</div>]]></description>
		<Style>
			<LineStyle>
				<color>ffffffff</color>
				<width>2</width>
			</LineStyle>
		</Style>
		<MultiGeometry>
			<LineString>
				<tessellate>1</tessellate>
				<coordinates>
					126.498199,33.513885,0 126.498055,33.514091,0 
				</coordinates>
			</LineString>
		</MultiGeometry>
	</Placemark>
	<Placemark>
		<name>P-348</name>
		<visibility>0</visibility>
		<description><![CDATA[<div><div><span><b>Altitude:</b></span> <span>0 ft</span></div>
<div><span><b>Speed:</b></span> <span>6 kt - 10 kt</span></div>
<div><span><b>Timestamp:</b></span><br/><span>2024-07-16 11:29:47 UTC<br/>2024-07-16 11:29:54 UTC</span></div>
</div>]]></description>
		<Style>
			<LineStyle>
				<color>ffffffff</color>
				<width>2</width>
			</LineStyle>
		</Style>
		<MultiGeometry>
			<LineString>
				<tessellate>1</tessellate>
				<coordinates>
					126.498055,33.514091,0 126.497849,33.514343,0 
				</coordinates>
			</LineString>
		</MultiGeometry>
	</Placemark>
	<Placemark>
		<name>P-349</name>
		<visibility>0</visibility>
		<description><![CDATA[<div><div><span><b>Altitude:</b></span> <span>0 ft</span></div>
<div><span><b>Speed:</b></span> <span>10 kt</span></div>
<div><span><b>Timestamp:</b></span><br/><span>2024-07-16 11:29:54 UTC<br/>2024-07-16 11:30:00 UTC</span></div>
</div>]]></description>
		<Style>
			<LineStyle>
				<color>ffffffff</color>
				<width>2</width>
			</LineStyle>
		</Style>
		<MultiGeometry>
			<LineString>
				<tessellate>1</tessellate>
				<coordinates>
					126.497849,33.514343,0 126.497635,33.514572,0 
				</coordinates>
			</LineString>
		</MultiGeometry>
	</Placemark>
	<Placemark>
		<name>P-350</name>
		<visibility>0</visibility>
		<description><![CDATA[<div><div><span><b>Altitude:</b></span> <span>0 ft</span></div>
<div><span><b>Speed:</b></span> <span>10 kt - 9 kt</span></div>
<div><span><b>Timestamp:</b></span><br/><span>2024-07-16 11:30:00 UTC<br/>2024-07-16 11:30:05 UTC</span></div>
</div>]]></description>
		<Style>
			<LineStyle>
				<color>ffffffff</color>
				<width>2</width>
			</LineStyle>
		</Style>
		<MultiGeometry>
			<LineString>
				<tessellate>1</tessellate>
				<coordinates>
					126.497635,33.514572,0 126.497421,33.514664,0 
				</coordinates>
			</LineString>
		</MultiGeometry>
	</Placemark>
	<Placemark>
		<name>P-351</name>
		<visibility>0</visibility>
		<description><![CDATA[<div><div><span><b>Altitude:</b></span> <span>0 ft</span></div>
<div><span><b>Speed:</b></span> <span>9 kt - 7 kt</span></div>
<div><span><b>Timestamp:</b></span><br/><span>2024-07-16 11:30:05 UTC<br/>2024-07-16 11:30:10 UTC</span></div>
</div>]]></description>
		<Style>
			<LineStyle>
				<color>ffffffff</color>
				<width>2</width>
			</LineStyle>
		</Style>
		<MultiGeometry>
			<LineString>
				<tessellate>1</tessellate>
				<coordinates>
					126.497421,33.514664,0 126.4972,33.514664,0 
				</coordinates>
			</LineString>
		</MultiGeometry>
	</Placemark>
	<Placemark>
		<name>P-352</name>
		<visibility>0</visibility>
		<description><![CDATA[<div><div><span><b>Altitude:</b></span> <span>0 ft</span></div>
<div><span><b>Speed:</b></span> <span>7 kt - 6 kt</span></div>
<div><span><b>Timestamp:</b></span><br/><span>2024-07-16 11:30:10 UTC<br/>2024-07-16 11:30:17 UTC</span></div>
</div>]]></description>
		<Style>
			<LineStyle>
				<color>ffffffff</color>
				<width>2</width>
			</LineStyle>
		</Style>
		<MultiGeometry>
			<LineString>
				<tessellate>1</tessellate>
				<coordinates>
					126.4972,33.514664,0 126.496994,33.514572,0 
				</coordinates>
			</LineString>
		</MultiGeometry>
	</Placemark>
	<Placemark>
		<name>P-353</name>
		<visibility>0</visibility>
		<description><![CDATA[<div><div><span><b>Altitude:</b></span> <span>0 ft</span></div>
<div><span><b>Speed:</b></span> <span>6 kt - 17 kt</span></div>
<div><span><b>Timestamp:</b></span><br/><span>2024-07-16 11:30:17 UTC<br/>2024-07-16 11:30:52 UTC</span></div>
</div>]]></description>
		<Style>
			<LineStyle>
				<color>ffffffff</color>
				<width>2</width>
			</LineStyle>
		</Style>
		<MultiGeometry>
			<LineString>
				<tessellate>1</tessellate>
				<coordinates>
					126.496994,33.514572,0 126.496597,33.514351,0 
				</coordinates>
			</LineString>
		</MultiGeometry>
	</Placemark>
	<Placemark>
		<name>P-354</name>
		<visibility>0</visibility>
		<description><![CDATA[<div><div><span><b>Altitude:</b></span> <span>0 ft</span></div>
<div><span><b>Speed:</b></span> <span>17 kt - 60 kt</span></div>
<div><span><b>Timestamp:</b></span><br/><span>2024-07-16 11:30:52 UTC<br/>2024-07-16 11:30:59 UTC</span></div>
</div>]]></description>
		<Style>
			<LineStyle>
				<color>ffffffff</color>
				<width>2</width>
			</LineStyle>
		</Style>
		<MultiGeometry>
			<LineString>
				<tessellate>1</tessellate>
				<coordinates>
					126.496597,33.514351,0 126.494965,33.513508,0 
				</coordinates>
			</LineString>
		</MultiGeometry>
	</Placemark>
	<atom:link rel="app" href="https://www.google.com/earth/about/versions/#earth-pro" title="Google Earth Pro 7.3.7.1155"></atom:link>
</Folder>
</kml>
