<?xml version="1.0" encoding="UTF-8"?>
<kml xmlns="http://www.opengis.net/kml/2.2" xmlns:gx="http://www.google.com/kml/ext/2.2" xmlns:kml="http://www.opengis.net/kml/2.2" xmlns:atom="http://www.w3.org/2005/Atom">
<Folder>
	<name>GMP-AGAVO RWY14</name>
	<visibility>0</visibility>
	<Placemark>
		<name>P-1</name>
		<visibility>0</visibility>
		<description><![CDATA[<div><div><span><b>Altitude:</b></span> <span>0 ft</span></div>
<div><span><b>Speed:</b></span> <span>3 kt - 5 kt</span></div>
<div><span><b>Timestamp:</b></span><br/><span>2024-09-22 21:56:38 UTC<br/>2024-09-22 21:57:09 UTC</span></div>
</div>]]></description>
		<Style>
			<LineStyle>
				<color>ffffffff</color>
				<width>2</width>
			</LineStyle>
		</Style>
		<MultiGeometry>
			<LineString>
				<tessellate>1</tessellate>
				<coordinates>
					126.801407,37.569145,0 126.801613,37.569294,0 
				</coordinates>
			</LineString>
		</MultiGeometry>
	</Placemark>
	<Placemark>
		<name>P-2</name>
		<visibility>0</visibility>
		<description><![CDATA[<div><div><span><b>Altitude:</b></span> <span>0 ft</span></div>
<div><span><b>Speed:</b></span> <span>5 kt - 3 kt</span></div>
<div><span><b>Timestamp:</b></span><br/><span>2024-09-22 21:57:09 UTC<br/>2024-09-22 21:57:22 UTC</span></div>
</div>]]></description>
		<Style>
			<LineStyle>
				<color>ffffffff</color>
				<width>2</width>
			</LineStyle>
		</Style>
		<MultiGeometry>
			<LineString>
				<tessellate>1</tessellate>
				<coordinates>
					126.801613,37.569294,0 126.801826,37.569458,0 
				</coordinates>
			</LineString>
		</MultiGeometry>
	</Placemark>
	<Placemark>
		<name>P-3</name>
		<visibility>0</visibility>
		<description><![CDATA[<div><div><span><b>Altitude:</b></span> <span>0 ft</span></div>
<div><span><b>Speed:</b></span> <span>3 kt</span></div>
<div><span><b>Timestamp:</b></span><br/><span>2024-09-22 21:57:22 UTC<br/>2024-09-22 21:57:38 UTC</span></div>
</div>]]></description>
		<Style>
			<LineStyle>
				<color>ffffffff</color>
				<width>2</width>
			</LineStyle>
		</Style>
		<MultiGeometry>
			<LineString>
				<tessellate>1</tessellate>
				<coordinates>
					126.801826,37.569458,0 126.80204,37.569626,0 
				</coordinates>
			</LineString>
		</MultiGeometry>
	</Placemark>
	<Placemark>
		<name>P-4</name>
		<visibility>0</visibility>
		<description><![CDATA[<div><div><span><b>Altitude:</b></span> <span>0 ft</span></div>
<div><span><b>Speed:</b></span> <span>3 kt</span></div>
<div><span><b>Timestamp:</b></span><br/><span>2024-09-22 21:57:38 UTC<br/>2024-09-23 00:12:47 UTC</span></div>
</div>]]></description>
		<Style>
			<LineStyle>
				<color>88000000</color>
				<width>2</width>
			</LineStyle>
		</Style>
		<MultiGeometry>
			<LineString>
				<tessellate>1</tessellate>
				<coordinates>
					126.80204,37.569626,0 126.801826,37.569447,0 
				</coordinates>
			</LineString>
		</MultiGeometry>
	</Placemark>
	<Placemark>
		<name>P-5</name>
		<visibility>0</visibility>
		<description><![CDATA[<div><div><span><b>Altitude:</b></span> <span>0 ft</span></div>
<div><span><b>Speed:</b></span> <span>3 kt</span></div>
<div><span><b>Timestamp:</b></span><br/><span>2024-09-23 00:12:47 UTC<br/>2024-09-23 00:13:03 UTC</span></div>
</div>]]></description>
		<Style>
			<LineStyle>
				<color>ffffffff</color>
				<width>2</width>
			</LineStyle>
		</Style>
		<MultiGeometry>
			<LineString>
				<tessellate>1</tessellate>
				<coordinates>
					126.801826,37.569447,0 126.80162,37.569321,0 
				</coordinates>
			</LineString>
		</MultiGeometry>
	</Placemark>
	<Placemark>
		<name>P-6</name>
		<visibility>0</visibility>
		<description><![CDATA[<div><div><span><b>Altitude:</b></span> <span>0 ft</span></div>
<div><span><b>Speed:</b></span> <span>3 kt</span></div>
<div><span><b>Timestamp:</b></span><br/><span>2024-09-23 00:13:03 UTC<br/>2024-09-23 00:13:17 UTC</span></div>
</div>]]></description>
		<Style>
			<LineStyle>
				<color>ffffffff</color>
				<width>2</width>
			</LineStyle>
		</Style>
		<MultiGeometry>
			<LineString>
				<tessellate>1</tessellate>
				<coordinates>
					126.80162,37.569321,0 126.801407,37.569252,0 
				</coordinates>
			</LineString>
		</MultiGeometry>
	</Placemark>
	<Placemark>
		<name>P-7</name>
		<visibility>0</visibility>
		<description><![CDATA[<div><div><span><b>Altitude:</b></span> <span>0 ft</span></div>
<div><span><b>Speed:</b></span> <span>3 kt - 4 kt</span></div>
<div><span><b>Timestamp:</b></span><br/><span>2024-09-23 00:13:17 UTC<br/>2024-09-23 00:17:17 UTC</span></div>
</div>]]></description>
		<Style>
			<LineStyle>
				<color>ffffffff</color>
				<width>2</width>
			</LineStyle>
		</Style>
		<MultiGeometry>
			<LineString>
				<tessellate>1</tessellate>
				<coordinates>
					126.801407,37.569252,0 126.801483,37.569008,0 
				</coordinates>
			</LineString>
		</MultiGeometry>
	</Placemark>
	<Placemark>
		<name>P-8</name>
		<visibility>0</visibility>
		<description><![CDATA[<div><div><span><b>Altitude:</b></span> <span>0 ft</span></div>
<div><span><b>Speed:</b></span> <span>4 kt</span></div>
<div><span><b>Timestamp:</b></span><br/><span>2024-09-23 00:17:17 UTC<br/>2024-09-23 00:17:28 UTC</span></div>
</div>]]></description>
		<Style>
			<LineStyle>
				<color>ffffffff</color>
				<width>2</width>
			</LineStyle>
		</Style>
		<MultiGeometry>
			<LineString>
				<tessellate>1</tessellate>
				<coordinates>
					126.801483,37.569008,0 126.801407,37.56879,0 
				</coordinates>
			</LineString>
		</MultiGeometry>
	</Placemark>
	<Placemark>
		<name>P-9</name>
		<visibility>0</visibility>
		<description><![CDATA[<div><div><span><b>Altitude:</b></span> <span>0 ft</span></div>
<div><span><b>Speed:</b></span> <span>4 kt</span></div>
<div><span><b>Timestamp:</b></span><br/><span>2024-09-23 00:17:28 UTC<br/>2024-09-23 00:17:41 UTC</span></div>
</div>]]></description>
		<Style>
			<LineStyle>
				<color>ffffffff</color>
				<width>2</width>
			</LineStyle>
		</Style>
		<MultiGeometry>
			<LineString>
				<tessellate>1</tessellate>
				<coordinates>
					126.801407,37.56879,0 126.801193,37.568619,0 
				</coordinates>
			</LineString>
		</MultiGeometry>
	</Placemark>
	<Placemark>
		<name>P-10</name>
		<visibility>0</visibility>
		<description><![CDATA[<div><div><span><b>Altitude:</b></span> <span>0 ft</span></div>
<div><span><b>Speed:</b></span> <span>4 kt - 5 kt</span></div>
<div><span><b>Timestamp:</b></span><br/><span>2024-09-23 00:17:41 UTC<br/>2024-09-23 00:17:52 UTC</span></div>
</div>]]></description>
		<Style>
			<LineStyle>
				<color>ffffffff</color>
				<width>2</width>
			</LineStyle>
		</Style>
		<MultiGeometry>
			<LineString>
				<tessellate>1</tessellate>
				<coordinates>
					126.801193,37.568619,0 126.800987,37.568459,0 
				</coordinates>
			</LineString>
		</MultiGeometry>
	</Placemark>
	<Placemark>
		<name>P-11</name>
		<visibility>0</visibility>
		<description><![CDATA[<div><div><span><b>Altitude:</b></span> <span>0 ft</span></div>
<div><span><b>Speed:</b></span> <span>5 kt - 7 kt</span></div>
<div><span><b>Timestamp:</b></span><br/><span>2024-09-23 00:17:52 UTC<br/>2024-09-23 00:18:00 UTC</span></div>
</div>]]></description>
		<Style>
			<LineStyle>
				<color>ffffffff</color>
				<width>2</width>
			</LineStyle>
		</Style>
		<MultiGeometry>
			<LineString>
				<tessellate>1</tessellate>
				<coordinates>
					126.800987,37.568459,0 126.800781,37.568298,0 
				</coordinates>
			</LineString>
		</MultiGeometry>
	</Placemark>
	<Placemark>
		<name>P-12</name>
		<visibility>0</visibility>
		<description><![CDATA[<div><div><span><b>Altitude:</b></span> <span>0 ft</span></div>
<div><span><b>Speed:</b></span> <span>7 kt - 9 kt</span></div>
<div><span><b>Timestamp:</b></span><br/><span>2024-09-23 00:18:00 UTC<br/>2024-09-23 00:18:07 UTC</span></div>
</div>]]></description>
		<Style>
			<LineStyle>
				<color>ffffffff</color>
				<width>2</width>
			</LineStyle>
		</Style>
		<MultiGeometry>
			<LineString>
				<tessellate>1</tessellate>
				<coordinates>
					126.800781,37.568298,0 126.800545,37.5681,0 
				</coordinates>
			</LineString>
		</MultiGeometry>
	</Placemark>
	<Placemark>
		<name>P-13</name>
		<visibility>0</visibility>
		<description><![CDATA[<div><div><span><b>Altitude:</b></span> <span>0 ft</span></div>
<div><span><b>Speed:</b></span> <span>9 kt - 10 kt</span></div>
<div><span><b>Timestamp:</b></span><br/><span>2024-09-23 00:18:07 UTC<br/>2024-09-23 00:18:15 UTC</span></div>
</div>]]></description>
		<Style>
			<LineStyle>
				<color>ffffffff</color>
				<width>2</width>
			</LineStyle>
		</Style>
		<MultiGeometry>
			<LineString>
				<tessellate>1</tessellate>
				<coordinates>
					126.800545,37.5681,0 126.80024,37.567852,0 
				</coordinates>
			</LineString>
		</MultiGeometry>
	</Placemark>
	<Placemark>
		<name>P-14</name>
		<visibility>0</visibility>
		<description><![CDATA[<div><div><span><b>Altitude:</b></span> <span>0 ft</span></div>
<div><span><b>Speed:</b></span> <span>10 kt - 11 kt</span></div>
<div><span><b>Timestamp:</b></span><br/><span>2024-09-23 00:18:15 UTC<br/>2024-09-23 00:18:23 UTC</span></div>
</div>]]></description>
		<Style>
			<LineStyle>
				<color>ffffffff</color>
				<width>2</width>
			</LineStyle>
		</Style>
		<MultiGeometry>
			<LineString>
				<tessellate>1</tessellate>
				<coordinates>
					126.80024,37.567852,0 126.799843,37.567554,0 
				</coordinates>
			</LineString>
		</MultiGeometry>
	</Placemark>
	<Placemark>
		<name>P-15</name>
		<visibility>0</visibility>
		<description><![CDATA[<div><div><span><b>Altitude:</b></span> <span>0 ft</span></div>
<div><span><b>Speed:</b></span> <span>11 kt - 12 kt</span></div>
<div><span><b>Timestamp:</b></span><br/><span>2024-09-23 00:18:23 UTC<br/>2024-09-23 00:18:31 UTC</span></div>
</div>]]></description>
		<Style>
			<LineStyle>
				<color>ffffffff</color>
				<width>2</width>
			</LineStyle>
		</Style>
		<MultiGeometry>
			<LineString>
				<tessellate>1</tessellate>
				<coordinates>
					126.799843,37.567554,0 126.799469,37.567261,0 
				</coordinates>
			</LineString>
		</MultiGeometry>
	</Placemark>
	<Placemark>
		<name>P-16</name>
		<visibility>0</visibility>
		<description><![CDATA[<div><div><span><b>Altitude:</b></span> <span>0 ft</span></div>
<div><span><b>Speed:</b></span> <span>12 kt</span></div>
<div><span><b>Timestamp:</b></span><br/><span>2024-09-23 00:18:31 UTC<br/>2024-09-23 00:18:34 UTC</span></div>
</div>]]></description>
		<Style>
			<LineStyle>
				<color>ffffffff</color>
				<width>2</width>
			</LineStyle>
		</Style>
		<MultiGeometry>
			<LineString>
				<tessellate>1</tessellate>
				<coordinates>
					126.799469,37.567261,0 126.799263,37.567188,0 
				</coordinates>
			</LineString>
		</MultiGeometry>
	</Placemark>
	<Placemark>
		<name>P-17</name>
		<visibility>0</visibility>
		<description><![CDATA[<div><div><span><b>Altitude:</b></span> <span>0 ft</span></div>
<div><span><b>Speed:</b></span> <span>12 kt - 13 kt</span></div>
<div><span><b>Timestamp:</b></span><br/><span>2024-09-23 00:18:34 UTC<br/>2024-09-23 00:18:37 UTC</span></div>
</div>]]></description>
		<Style>
			<LineStyle>
				<color>ffffffff</color>
				<width>2</width>
			</LineStyle>
		</Style>
		<MultiGeometry>
			<LineString>
				<tessellate>1</tessellate>
				<coordinates>
					126.799263,37.567188,0 126.799042,37.567188,0 
				</coordinates>
			</LineString>
		</MultiGeometry>
	</Placemark>
	<Placemark>
		<name>P-18</name>
		<visibility>0</visibility>
		<description><![CDATA[<div><div><span><b>Altitude:</b></span> <span>0 ft</span></div>
<div><span><b>Speed:</b></span> <span>13 kt</span></div>
<div><span><b>Timestamp:</b></span><br/><span>2024-09-23 00:18:37 UTC<br/>2024-09-23 00:18:40 UTC</span></div>
</div>]]></description>
		<Style>
			<LineStyle>
				<color>ffffffff</color>
				<width>2</width>
			</LineStyle>
		</Style>
		<MultiGeometry>
			<LineString>
				<tessellate>1</tessellate>
				<coordinates>
					126.799042,37.567188,0 126.798836,37.567223,0 
				</coordinates>
			</LineString>
		</MultiGeometry>
	</Placemark>
	<Placemark>
		<name>P-19</name>
		<visibility>0</visibility>
		<description><![CDATA[<div><div><span><b>Altitude:</b></span> <span>0 ft</span></div>
<div><span><b>Speed:</b></span> <span>13 kt</span></div>
<div><span><b>Timestamp:</b></span><br/><span>2024-09-23 00:18:40 UTC<br/>2024-09-23 00:18:43 UTC</span></div>
</div>]]></description>
		<Style>
			<LineStyle>
				<color>ffffffff</color>
				<width>2</width>
			</LineStyle>
		</Style>
		<MultiGeometry>
			<LineString>
				<tessellate>1</tessellate>
				<coordinates>
					126.798836,37.567223,0 126.79863,37.567307,0 
				</coordinates>
			</LineString>
		</MultiGeometry>
	</Placemark>
	<Placemark>
		<name>P-20</name>
		<visibility>0</visibility>
		<description><![CDATA[<div><div><span><b>Altitude:</b></span> <span>0 ft</span></div>
<div><span><b>Speed:</b></span> <span>13 kt</span></div>
<div><span><b>Timestamp:</b></span><br/><span>2024-09-23 00:18:43 UTC<br/>2024-09-23 00:18:47 UTC</span></div>
</div>]]></description>
		<Style>
			<LineStyle>
				<color>ffffffff</color>
				<width>2</width>
			</LineStyle>
		</Style>
		<MultiGeometry>
			<LineString>
				<tessellate>1</tessellate>
				<coordinates>
					126.79863,37.567307,0 126.798416,37.567486,0 
				</coordinates>
			</LineString>
		</MultiGeometry>
	</Placemark>
	<Placemark>
		<name>P-21</name>
		<visibility>0</visibility>
		<description><![CDATA[<div><div><span><b>Altitude:</b></span> <span>0 ft</span></div>
<div><span><b>Speed:</b></span> <span>13 kt</span></div>
<div><span><b>Timestamp:</b></span><br/><span>2024-09-23 00:18:47 UTC<br/>2024-09-23 00:18:51 UTC</span></div>
</div>]]></description>
		<Style>
			<LineStyle>
				<color>ffffffff</color>
				<width>2</width>
			</LineStyle>
		</Style>
		<MultiGeometry>
			<LineString>
				<tessellate>1</tessellate>
				<coordinates>
					126.798416,37.567486,0 126.798195,37.567669,0 
				</coordinates>
			</LineString>
		</MultiGeometry>
	</Placemark>
	<Placemark>
		<name>P-22</name>
		<visibility>0</visibility>
		<description><![CDATA[<div><div><span><b>Altitude:</b></span> <span>0 ft</span></div>
<div><span><b>Speed:</b></span> <span>13 kt</span></div>
<div><span><b>Timestamp:</b></span><br/><span>2024-09-23 00:18:51 UTC<br/>2024-09-23 00:18:55 UTC</span></div>
</div>]]></description>
		<Style>
			<LineStyle>
				<color>ffffffff</color>
				<width>2</width>
			</LineStyle>
		</Style>
		<MultiGeometry>
			<LineString>
				<tessellate>1</tessellate>
				<coordinates>
					126.798195,37.567669,0 126.797974,37.567841,0 
				</coordinates>
			</LineString>
		</MultiGeometry>
	</Placemark>
	<Placemark>
		<name>P-23</name>
		<visibility>0</visibility>
		<description><![CDATA[<div><div><span><b>Altitude:</b></span> <span>0 ft</span></div>
<div><span><b>Speed:</b></span> <span>13 kt</span></div>
<div><span><b>Timestamp:</b></span><br/><span>2024-09-23 00:18:55 UTC<br/>2024-09-23 00:18:58 UTC</span></div>
</div>]]></description>
		<Style>
			<LineStyle>
				<color>ffffffff</color>
				<width>2</width>
			</LineStyle>
		</Style>
		<MultiGeometry>
			<LineString>
				<tessellate>1</tessellate>
				<coordinates>
					126.797974,37.567841,0 126.797752,37.567936,0 
				</coordinates>
			</LineString>
		</MultiGeometry>
	</Placemark>
	<Placemark>
		<name>P-24</name>
		<visibility>0</visibility>
		<description><![CDATA[<div><div><span><b>Altitude:</b></span> <span>0 ft</span></div>
<div><span><b>Speed:</b></span> <span>13 kt</span></div>
<div><span><b>Timestamp:</b></span><br/><span>2024-09-23 00:18:58 UTC<br/>2024-09-23 00:19:01 UTC</span></div>
</div>]]></description>
		<Style>
			<LineStyle>
				<color>ffffffff</color>
				<width>2</width>
			</LineStyle>
		</Style>
		<MultiGeometry>
			<LineString>
				<tessellate>1</tessellate>
				<coordinates>
					126.797752,37.567936,0 126.797539,37.567924,0 
				</coordinates>
			</LineString>
		</MultiGeometry>
	</Placemark>
	<Placemark>
		<name>P-25</name>
		<visibility>0</visibility>
		<description><![CDATA[<div><div><span><b>Altitude:</b></span> <span>0 ft</span></div>
<div><span><b>Speed:</b></span> <span>13 kt</span></div>
<div><span><b>Timestamp:</b></span><br/><span>2024-09-23 00:19:01 UTC<br/>2024-09-23 00:19:04 UTC</span></div>
</div>]]></description>
		<Style>
			<LineStyle>
				<color>ffffffff</color>
				<width>2</width>
			</LineStyle>
		</Style>
		<MultiGeometry>
			<LineString>
				<tessellate>1</tessellate>
				<coordinates>
					126.797539,37.567924,0 126.797333,37.567879,0 
				</coordinates>
			</LineString>
		</MultiGeometry>
	</Placemark>
	<Placemark>
		<name>P-26</name>
		<visibility>0</visibility>
		<description><![CDATA[<div><div><span><b>Altitude:</b></span> <span>0 ft</span></div>
<div><span><b>Speed:</b></span> <span>13 kt</span></div>
<div><span><b>Timestamp:</b></span><br/><span>2024-09-23 00:19:04 UTC<br/>2024-09-23 00:19:08 UTC</span></div>
</div>]]></description>
		<Style>
			<LineStyle>
				<color>ffffffff</color>
				<width>2</width>
			</LineStyle>
		</Style>
		<MultiGeometry>
			<LineString>
				<tessellate>1</tessellate>
				<coordinates>
					126.797333,37.567879,0 126.797096,37.567726,0 
				</coordinates>
			</LineString>
		</MultiGeometry>
	</Placemark>
	<Placemark>
		<name>P-27</name>
		<visibility>0</visibility>
		<description><![CDATA[<div><div><span><b>Altitude:</b></span> <span>0 ft</span></div>
<div><span><b>Speed:</b></span> <span>13 kt - 14 kt</span></div>
<div><span><b>Timestamp:</b></span><br/><span>2024-09-23 00:19:08 UTC<br/>2024-09-23 00:19:12 UTC</span></div>
</div>]]></description>
		<Style>
			<LineStyle>
				<color>ffffffff</color>
				<width>2</width>
			</LineStyle>
		</Style>
		<MultiGeometry>
			<LineString>
				<tessellate>1</tessellate>
				<coordinates>
					126.797096,37.567726,0 126.796883,37.567543,0 
				</coordinates>
			</LineString>
		</MultiGeometry>
	</Placemark>
	<Placemark>
		<name>P-28</name>
		<visibility>0</visibility>
		<description><![CDATA[<div><div><span><b>Altitude:</b></span> <span>0 ft</span></div>
<div><span><b>Speed:</b></span> <span>14 kt - 15 kt</span></div>
<div><span><b>Timestamp:</b></span><br/><span>2024-09-23 00:19:12 UTC<br/>2024-09-23 00:19:16 UTC</span></div>
</div>]]></description>
		<Style>
			<LineStyle>
				<color>ffffffff</color>
				<width>2</width>
			</LineStyle>
		</Style>
		<MultiGeometry>
			<LineString>
				<tessellate>1</tessellate>
				<coordinates>
					126.796883,37.567543,0 126.796631,37.567348,0 
				</coordinates>
			</LineString>
		</MultiGeometry>
	</Placemark>
	<Placemark>
		<name>P-29</name>
		<visibility>0</visibility>
		<description><![CDATA[<div><div><span><b>Altitude:</b></span> <span>0 ft</span></div>
<div><span><b>Speed:</b></span> <span>15 kt - 16 kt</span></div>
<div><span><b>Timestamp:</b></span><br/><span>2024-09-23 00:19:16 UTC<br/>2024-09-23 00:19:19 UTC</span></div>
</div>]]></description>
		<Style>
			<LineStyle>
				<color>ffffffff</color>
				<width>2</width>
			</LineStyle>
		</Style>
		<MultiGeometry>
			<LineString>
				<tessellate>1</tessellate>
				<coordinates>
					126.796631,37.567348,0 126.796379,37.567142,0 
				</coordinates>
			</LineString>
		</MultiGeometry>
	</Placemark>
	<Placemark>
		<name>P-30</name>
		<visibility>0</visibility>
		<description><![CDATA[<div><div><span><b>Altitude:</b></span> <span>0 ft</span></div>
<div><span><b>Speed:</b></span> <span>16 kt - 17 kt</span></div>
<div><span><b>Timestamp:</b></span><br/><span>2024-09-23 00:19:19 UTC<br/>2024-09-23 00:19:23 UTC</span></div>
</div>]]></description>
		<Style>
			<LineStyle>
				<color>ffffffff</color>
				<width>2</width>
			</LineStyle>
		</Style>
		<MultiGeometry>
			<LineString>
				<tessellate>1</tessellate>
				<coordinates>
					126.796379,37.567142,0 126.79612,37.566948,0 
				</coordinates>
			</LineString>
		</MultiGeometry>
	</Placemark>
	<Placemark>
		<name>P-31</name>
		<visibility>0</visibility>
		<description><![CDATA[<div><div><span><b>Altitude:</b></span> <span>0 ft</span></div>
<div><span><b>Speed:</b></span> <span>17 kt - 18 kt</span></div>
<div><span><b>Timestamp:</b></span><br/><span>2024-09-23 00:19:23 UTC<br/>2024-09-23 00:19:26 UTC</span></div>
</div>]]></description>
		<Style>
			<LineStyle>
				<color>ffffffff</color>
				<width>2</width>
			</LineStyle>
		</Style>
		<MultiGeometry>
			<LineString>
				<tessellate>1</tessellate>
				<coordinates>
					126.79612,37.566948,0 126.795898,37.566765,0 
				</coordinates>
			</LineString>
		</MultiGeometry>
	</Placemark>
	<Placemark>
		<name>P-32</name>
		<visibility>0</visibility>
		<description><![CDATA[<div><div><span><b>Altitude:</b></span> <span>0 ft</span></div>
<div><span><b>Speed:</b></span> <span>18 kt - 21 kt</span></div>
<div><span><b>Timestamp:</b></span><br/><span>2024-09-23 00:19:26 UTC<br/>2024-09-23 00:19:33 UTC</span></div>
</div>]]></description>
		<Style>
			<LineStyle>
				<color>ffffffff</color>
				<width>2</width>
			</LineStyle>
		</Style>
		<MultiGeometry>
			<LineString>
				<tessellate>1</tessellate>
				<coordinates>
					126.795898,37.566765,0 126.795288,37.566284,0 
				</coordinates>
			</LineString>
		</MultiGeometry>
	</Placemark>
	<Placemark>
		<name>P-33</name>
		<visibility>0</visibility>
		<description><![CDATA[<div><div><span><b>Altitude:</b></span> <span>0 ft</span></div>
<div><span><b>Speed:</b></span> <span>21 kt - 23 kt</span></div>
<div><span><b>Timestamp:</b></span><br/><span>2024-09-23 00:19:33 UTC<br/>2024-09-23 00:19:40 UTC</span></div>
</div>]]></description>
		<Style>
			<LineStyle>
				<color>ffffffff</color>
				<width>2</width>
			</LineStyle>
		</Style>
		<MultiGeometry>
			<LineString>
				<tessellate>1</tessellate>
				<coordinates>
					126.795288,37.566284,0 126.794632,37.565758,0 
				</coordinates>
			</LineString>
		</MultiGeometry>
	</Placemark>
	<Placemark>
		<name>P-34</name>
		<visibility>0</visibility>
		<description><![CDATA[<div><div><span><b>Altitude:</b></span> <span>0 ft</span></div>
<div><span><b>Speed:</b></span> <span>23 kt</span></div>
<div><span><b>Timestamp:</b></span><br/><span>2024-09-23 00:19:40 UTC<br/>2024-09-23 00:19:46 UTC</span></div>
</div>]]></description>
		<Style>
			<LineStyle>
				<color>ffffffff</color>
				<width>2</width>
			</LineStyle>
		</Style>
		<MultiGeometry>
			<LineString>
				<tessellate>1</tessellate>
				<coordinates>
					126.794632,37.565758,0 126.794029,37.565289,0 
				</coordinates>
			</LineString>
		</MultiGeometry>
	</Placemark>
	<Placemark>
		<name>P-35</name>
		<visibility>0</visibility>
		<description><![CDATA[<div><div><span><b>Altitude:</b></span> <span>0 ft</span></div>
<div><span><b>Speed:</b></span> <span>23 kt</span></div>
<div><span><b>Timestamp:</b></span><br/><span>2024-09-23 00:19:46 UTC<br/>2024-09-23 00:19:53 UTC</span></div>
</div>]]></description>
		<Style>
			<LineStyle>
				<color>ffffffff</color>
				<width>2</width>
			</LineStyle>
		</Style>
		<MultiGeometry>
			<LineString>
				<tessellate>1</tessellate>
				<coordinates>
					126.794029,37.565289,0 126.793297,37.564693,0 
				</coordinates>
			</LineString>
		</MultiGeometry>
	</Placemark>
	<Placemark>
		<name>P-36</name>
		<visibility>0</visibility>
		<description><![CDATA[<div><div><span><b>Altitude:</b></span> <span>0 ft</span></div>
<div><span><b>Speed:</b></span> <span>23 kt - 22 kt</span></div>
<div><span><b>Timestamp:</b></span><br/><span>2024-09-23 00:19:53 UTC<br/>2024-09-23 00:20:01 UTC</span></div>
</div>]]></description>
		<Style>
			<LineStyle>
				<color>ffffffff</color>
				<width>2</width>
			</LineStyle>
		</Style>
		<MultiGeometry>
			<LineString>
				<tessellate>1</tessellate>
				<coordinates>
					126.793297,37.564693,0 126.792603,37.564152,0 
				</coordinates>
			</LineString>
		</MultiGeometry>
	</Placemark>
	<Placemark>
		<name>P-37</name>
		<visibility>0</visibility>
		<description><![CDATA[<div><div><span><b>Altitude:</b></span> <span>0 ft</span></div>
<div><span><b>Speed:</b></span> <span>22 kt - 20 kt</span></div>
<div><span><b>Timestamp:</b></span><br/><span>2024-09-23 00:20:01 UTC<br/>2024-09-23 00:20:10 UTC</span></div>
</div>]]></description>
		<Style>
			<LineStyle>
				<color>ffffffff</color>
				<width>2</width>
			</LineStyle>
		</Style>
		<MultiGeometry>
			<LineString>
				<tessellate>1</tessellate>
				<coordinates>
					126.792603,37.564152,0 126.791824,37.563526,0 
				</coordinates>
			</LineString>
		</MultiGeometry>
	</Placemark>
	<Placemark>
		<name>P-38</name>
		<visibility>0</visibility>
		<description><![CDATA[<div><div><span><b>Altitude:</b></span> <span>0 ft</span></div>
<div><span><b>Speed:</b></span> <span>20 kt - 14 kt</span></div>
<div><span><b>Timestamp:</b></span><br/><span>2024-09-23 00:20:10 UTC<br/>2024-09-23 00:20:16 UTC</span></div>
</div>]]></description>
		<Style>
			<LineStyle>
				<color>ffffffff</color>
				<width>2</width>
			</LineStyle>
		</Style>
		<MultiGeometry>
			<LineString>
				<tessellate>1</tessellate>
				<coordinates>
					126.791824,37.563526,0 126.79142,37.563198,0 
				</coordinates>
			</LineString>
		</MultiGeometry>
	</Placemark>
	<Placemark>
		<name>P-39</name>
		<visibility>0</visibility>
		<description><![CDATA[<div><div><span><b>Altitude:</b></span> <span>0 ft</span></div>
<div><span><b>Speed:</b></span> <span>14 kt - 13 kt</span></div>
<div><span><b>Timestamp:</b></span><br/><span>2024-09-23 00:20:16 UTC<br/>2024-09-23 00:20:19 UTC</span></div>
</div>]]></description>
		<Style>
			<LineStyle>
				<color>ffffffff</color>
				<width>2</width>
			</LineStyle>
		</Style>
		<MultiGeometry>
			<LineString>
				<tessellate>1</tessellate>
				<coordinates>
					126.79142,37.563198,0 126.791214,37.563091,0 
				</coordinates>
			</LineString>
		</MultiGeometry>
	</Placemark>
	<Placemark>
		<name>P-40</name>
		<visibility>0</visibility>
		<description><![CDATA[<div><div><span><b>Altitude:</b></span> <span>0 ft</span></div>
<div><span><b>Speed:</b></span> <span>13 kt</span></div>
<div><span><b>Timestamp:</b></span><br/><span>2024-09-23 00:20:19 UTC<br/>2024-09-23 00:20:22 UTC</span></div>
</div>]]></description>
		<Style>
			<LineStyle>
				<color>ffffffff</color>
				<width>2</width>
			</LineStyle>
		</Style>
		<MultiGeometry>
			<LineString>
				<tessellate>1</tessellate>
				<coordinates>
					126.791214,37.563091,0 126.791008,37.56308,0 
				</coordinates>
			</LineString>
		</MultiGeometry>
	</Placemark>
	<Placemark>
		<name>P-41</name>
		<visibility>0</visibility>
		<description><![CDATA[<div><div><span><b>Altitude:</b></span> <span>0 ft</span></div>
<div><span><b>Speed:</b></span> <span>13 kt</span></div>
<div><span><b>Timestamp:</b></span><br/><span>2024-09-23 00:20:22 UTC<br/>2024-09-23 00:20:31 UTC</span></div>
</div>]]></description>
		<Style>
			<LineStyle>
				<color>ffffffff</color>
				<width>2</width>
			</LineStyle>
		</Style>
		<MultiGeometry>
			<LineString>
				<tessellate>1</tessellate>
				<coordinates>
					126.791008,37.56308,0 126.790482,37.563351,0 
				</coordinates>
			</LineString>
		</MultiGeometry>
	</Placemark>
	<Placemark>
		<name>P-42</name>
		<visibility>0</visibility>
		<description><![CDATA[<div><div><span><b>Altitude:</b></span> <span>0 ft</span></div>
<div><span><b>Speed:</b></span> <span>13 kt</span></div>
<div><span><b>Timestamp:</b></span><br/><span>2024-09-23 00:20:31 UTC<br/>2024-09-23 00:20:35 UTC</span></div>
</div>]]></description>
		<Style>
			<LineStyle>
				<color>ffffffff</color>
				<width>2</width>
			</LineStyle>
		</Style>
		<MultiGeometry>
			<LineString>
				<tessellate>1</tessellate>
				<coordinates>
					126.790482,37.563351,0 126.79026,37.563526,0 
				</coordinates>
			</LineString>
		</MultiGeometry>
	</Placemark>
	<Placemark>
		<name>P-43</name>
		<visibility>0</visibility>
		<description><![CDATA[<div><div><span><b>Altitude:</b></span> <span>0 ft</span></div>
<div><span><b>Speed:</b></span> <span>13 kt</span></div>
<div><span><b>Timestamp:</b></span><br/><span>2024-09-23 00:20:35 UTC<br/>2024-09-23 00:20:39 UTC</span></div>
</div>]]></description>
		<Style>
			<LineStyle>
				<color>ffffffff</color>
				<width>2</width>
			</LineStyle>
		</Style>
		<MultiGeometry>
			<LineString>
				<tessellate>1</tessellate>
				<coordinates>
					126.79026,37.563526,0 126.790031,37.563709,0 
				</coordinates>
			</LineString>
		</MultiGeometry>
	</Placemark>
	<Placemark>
		<name>P-44</name>
		<visibility>0</visibility>
		<description><![CDATA[<div><div><span><b>Altitude:</b></span> <span>0 ft</span></div>
<div><span><b>Speed:</b></span> <span>13 kt - 14 kt</span></div>
<div><span><b>Timestamp:</b></span><br/><span>2024-09-23 00:20:39 UTC<br/>2024-09-23 00:20:44 UTC</span></div>
</div>]]></description>
		<Style>
			<LineStyle>
				<color>ffffffff</color>
				<width>2</width>
			</LineStyle>
		</Style>
		<MultiGeometry>
			<LineString>
				<tessellate>1</tessellate>
				<coordinates>
					126.790031,37.563709,0 126.789764,37.563927,0 
				</coordinates>
			</LineString>
		</MultiGeometry>
	</Placemark>
	<Placemark>
		<name>P-45</name>
		<visibility>0</visibility>
		<description><![CDATA[<div><div><span><b>Altitude:</b></span> <span>0 ft</span></div>
<div><span><b>Speed:</b></span> <span>14 kt</span></div>
<div><span><b>Timestamp:</b></span><br/><span>2024-09-23 00:20:44 UTC<br/>2024-09-23 00:20:48 UTC</span></div>
</div>]]></description>
		<Style>
			<LineStyle>
				<color>ffffffff</color>
				<width>2</width>
			</LineStyle>
		</Style>
		<MultiGeometry>
			<LineString>
				<tessellate>1</tessellate>
				<coordinates>
					126.789764,37.563927,0 126.789528,37.564117,0 
				</coordinates>
			</LineString>
		</MultiGeometry>
	</Placemark>
	<Placemark>
		<name>P-46</name>
		<visibility>0</visibility>
		<description><![CDATA[<div><div><span><b>Altitude:</b></span> <span>0 ft</span></div>
<div><span><b>Speed:</b></span> <span>14 kt - 15 kt</span></div>
<div><span><b>Timestamp:</b></span><br/><span>2024-09-23 00:20:48 UTC<br/>2024-09-23 00:20:55 UTC</span></div>
</div>]]></description>
		<Style>
			<LineStyle>
				<color>ffffffff</color>
				<width>2</width>
			</LineStyle>
		</Style>
		<MultiGeometry>
			<LineString>
				<tessellate>1</tessellate>
				<coordinates>
					126.789528,37.564117,0 126.789139,37.56443,0 
				</coordinates>
			</LineString>
		</MultiGeometry>
	</Placemark>
	<Placemark>
		<name>P-47</name>
		<visibility>0</visibility>
		<description><![CDATA[<div><div><span><b>Altitude:</b></span> <span>0 ft</span></div>
<div><span><b>Speed:</b></span> <span>15 kt</span></div>
<div><span><b>Timestamp:</b></span><br/><span>2024-09-23 00:20:55 UTC<br/>2024-09-23 00:21:02 UTC</span></div>
</div>]]></description>
		<Style>
			<LineStyle>
				<color>ffffffff</color>
				<width>2</width>
			</LineStyle>
		</Style>
		<MultiGeometry>
			<LineString>
				<tessellate>1</tessellate>
				<coordinates>
					126.789139,37.56443,0 126.788658,37.564808,0 
				</coordinates>
			</LineString>
		</MultiGeometry>
	</Placemark>
	<Placemark>
		<name>P-48</name>
		<visibility>0</visibility>
		<description><![CDATA[<div><div><span><b>Altitude:</b></span> <span>0 ft</span></div>
<div><span><b>Speed:</b></span> <span>15 kt - 16 kt</span></div>
<div><span><b>Timestamp:</b></span><br/><span>2024-09-23 00:21:02 UTC<br/>2024-09-23 00:21:09 UTC</span></div>
</div>]]></description>
		<Style>
			<LineStyle>
				<color>ffffffff</color>
				<width>2</width>
			</LineStyle>
		</Style>
		<MultiGeometry>
			<LineString>
				<tessellate>1</tessellate>
				<coordinates>
					126.788658,37.564808,0 126.788155,37.565212,0 
				</coordinates>
			</LineString>
		</MultiGeometry>
	</Placemark>
	<Placemark>
		<name>P-49</name>
		<visibility>0</visibility>
		<description><![CDATA[<div><div><span><b>Altitude:</b></span> <span>0 ft</span></div>
<div><span><b>Speed:</b></span> <span>16 kt - 17 kt</span></div>
<div><span><b>Timestamp:</b></span><br/><span>2024-09-23 00:21:09 UTC<br/>2024-09-23 00:21:16 UTC</span></div>
</div>]]></description>
		<Style>
			<LineStyle>
				<color>ffffffff</color>
				<width>2</width>
			</LineStyle>
		</Style>
		<MultiGeometry>
			<LineString>
				<tessellate>1</tessellate>
				<coordinates>
					126.788155,37.565212,0 126.787643,37.565609,0 
				</coordinates>
			</LineString>
		</MultiGeometry>
	</Placemark>
	<Placemark>
		<name>P-50</name>
		<visibility>0</visibility>
		<description><![CDATA[<div><div><span><b>Altitude:</b></span> <span>0 ft</span></div>
<div><span><b>Speed:</b></span> <span>17 kt - 18 kt</span></div>
<div><span><b>Timestamp:</b></span><br/><span>2024-09-23 00:21:16 UTC<br/>2024-09-23 00:21:24 UTC</span></div>
</div>]]></description>
		<Style>
			<LineStyle>
				<color>ffffffff</color>
				<width>2</width>
			</LineStyle>
		</Style>
		<MultiGeometry>
			<LineString>
				<tessellate>1</tessellate>
				<coordinates>
					126.787643,37.565609,0 126.787117,37.566021,0 
				</coordinates>
			</LineString>
		</MultiGeometry>
	</Placemark>
	<Placemark>
		<name>P-51</name>
		<visibility>0</visibility>
		<description><![CDATA[<div><div><span><b>Altitude:</b></span> <span>0 ft</span></div>
<div><span><b>Speed:</b></span> <span>18 kt - 20 kt</span></div>
<div><span><b>Timestamp:</b></span><br/><span>2024-09-23 00:21:24 UTC<br/>2024-09-23 00:21:31 UTC</span></div>
</div>]]></description>
		<Style>
			<LineStyle>
				<color>ffffffff</color>
				<width>2</width>
			</LineStyle>
		</Style>
		<MultiGeometry>
			<LineString>
				<tessellate>1</tessellate>
				<coordinates>
					126.787117,37.566021,0 126.786514,37.566517,0 
				</coordinates>
			</LineString>
		</MultiGeometry>
	</Placemark>
	<Placemark>
		<name>P-52</name>
		<visibility>0</visibility>
		<description><![CDATA[<div><div><span><b>Altitude:</b></span> <span>0 ft</span></div>
<div><span><b>Speed:</b></span> <span>20 kt - 21 kt</span></div>
<div><span><b>Timestamp:</b></span><br/><span>2024-09-23 00:21:31 UTC<br/>2024-09-23 00:21:38 UTC</span></div>
</div>]]></description>
		<Style>
			<LineStyle>
				<color>ffffffff</color>
				<width>2</width>
			</LineStyle>
		</Style>
		<MultiGeometry>
			<LineString>
				<tessellate>1</tessellate>
				<coordinates>
					126.786514,37.566517,0 126.785896,37.567005,0 
				</coordinates>
			</LineString>
		</MultiGeometry>
	</Placemark>
	<Placemark>
		<name>P-53</name>
		<visibility>0</visibility>
		<description><![CDATA[<div><div><span><b>Altitude:</b></span> <span>0 ft</span></div>
<div><span><b>Speed:</b></span> <span>21 kt - 22 kt</span></div>
<div><span><b>Timestamp:</b></span><br/><span>2024-09-23 00:21:38 UTC<br/>2024-09-23 00:21:45 UTC</span></div>
</div>]]></description>
		<Style>
			<LineStyle>
				<color>ffffffff</color>
				<width>2</width>
			</LineStyle>
		</Style>
		<MultiGeometry>
			<LineString>
				<tessellate>1</tessellate>
				<coordinates>
					126.785896,37.567005,0 126.78521,37.567554,0 
				</coordinates>
			</LineString>
		</MultiGeometry>
	</Placemark>
	<Placemark>
		<name>P-54</name>
		<visibility>0</visibility>
		<description><![CDATA[<div><div><span><b>Altitude:</b></span> <span>0 ft</span></div>
<div><span><b>Speed:</b></span> <span>22 kt - 23 kt</span></div>
<div><span><b>Timestamp:</b></span><br/><span>2024-09-23 00:21:45 UTC<br/>2024-09-23 00:21:53 UTC</span></div>
</div>]]></description>
		<Style>
			<LineStyle>
				<color>ffffffff</color>
				<width>2</width>
			</LineStyle>
		</Style>
		<MultiGeometry>
			<LineString>
				<tessellate>1</tessellate>
				<coordinates>
					126.78521,37.567554,0 126.784492,37.568111,0 
				</coordinates>
			</LineString>
		</MultiGeometry>
	</Placemark>
	<Placemark>
		<name>P-55</name>
		<visibility>0</visibility>
		<description><![CDATA[<div><div><span><b>Altitude:</b></span> <span>0 ft</span></div>
<div><span><b>Speed:</b></span> <span>23 kt - 24 kt</span></div>
<div><span><b>Timestamp:</b></span><br/><span>2024-09-23 00:21:53 UTC<br/>2024-09-23 00:22:00 UTC</span></div>
</div>]]></description>
		<Style>
			<LineStyle>
				<color>ffffffff</color>
				<width>2</width>
			</LineStyle>
		</Style>
		<MultiGeometry>
			<LineString>
				<tessellate>1</tessellate>
				<coordinates>
					126.784492,37.568111,0 126.783806,37.568665,0 
				</coordinates>
			</LineString>
		</MultiGeometry>
	</Placemark>
	<Placemark>
		<name>P-56</name>
		<visibility>0</visibility>
		<description><![CDATA[<div><div><span><b>Altitude:</b></span> <span>0 ft</span></div>
<div><span><b>Speed:</b></span> <span>24 kt - 25 kt</span></div>
<div><span><b>Timestamp:</b></span><br/><span>2024-09-23 00:22:00 UTC<br/>2024-09-23 00:22:06 UTC</span></div>
</div>]]></description>
		<Style>
			<LineStyle>
				<color>ffffffff</color>
				<width>2</width>
			</LineStyle>
		</Style>
		<MultiGeometry>
			<LineString>
				<tessellate>1</tessellate>
				<coordinates>
					126.783806,37.568665,0 126.783134,37.569202,0 
				</coordinates>
			</LineString>
		</MultiGeometry>
	</Placemark>
	<Placemark>
		<name>P-57</name>
		<visibility>0</visibility>
		<description><![CDATA[<div><div><span><b>Altitude:</b></span> <span>0 ft</span></div>
<div><span><b>Speed:</b></span> <span>25 kt</span></div>
<div><span><b>Timestamp:</b></span><br/><span>2024-09-23 00:22:06 UTC<br/>2024-09-23 00:22:14 UTC</span></div>
</div>]]></description>
		<Style>
			<LineStyle>
				<color>ffffffff</color>
				<width>2</width>
			</LineStyle>
		</Style>
		<MultiGeometry>
			<LineString>
				<tessellate>1</tessellate>
				<coordinates>
					126.783134,37.569202,0 126.782303,37.569866,0 
				</coordinates>
			</LineString>
		</MultiGeometry>
	</Placemark>
	<Placemark>
		<name>P-58</name>
		<visibility>0</visibility>
		<description><![CDATA[<div><div><span><b>Altitude:</b></span> <span>0 ft</span></div>
<div><span><b>Speed:</b></span> <span>25 kt - 23 kt</span></div>
<div><span><b>Timestamp:</b></span><br/><span>2024-09-23 00:22:14 UTC<br/>2024-09-23 00:22:21 UTC</span></div>
</div>]]></description>
		<Style>
			<LineStyle>
				<color>ffffffff</color>
				<width>2</width>
			</LineStyle>
		</Style>
		<MultiGeometry>
			<LineString>
				<tessellate>1</tessellate>
				<coordinates>
					126.782303,37.569866,0 126.78157,37.57045,0 
				</coordinates>
			</LineString>
		</MultiGeometry>
	</Placemark>
	<Placemark>
		<name>P-59</name>
		<visibility>0</visibility>
		<description><![CDATA[<div><div><span><b>Altitude:</b></span> <span>0 ft</span></div>
<div><span><b>Speed:</b></span> <span>23 kt - 19 kt</span></div>
<div><span><b>Timestamp:</b></span><br/><span>2024-09-23 00:22:21 UTC<br/>2024-09-23 00:22:27 UTC</span></div>
</div>]]></description>
		<Style>
			<LineStyle>
				<color>ffffffff</color>
				<width>2</width>
			</LineStyle>
		</Style>
		<MultiGeometry>
			<LineString>
				<tessellate>1</tessellate>
				<coordinates>
					126.78157,37.57045,0 126.78109,37.570827,0 
				</coordinates>
			</LineString>
		</MultiGeometry>
	</Placemark>
	<Placemark>
		<name>P-60</name>
		<visibility>0</visibility>
		<description><![CDATA[<div><div><span><b>Altitude:</b></span> <span>0 ft</span></div>
<div><span><b>Speed:</b></span> <span>19 kt - 15 kt</span></div>
<div><span><b>Timestamp:</b></span><br/><span>2024-09-23 00:22:27 UTC<br/>2024-09-23 00:22:34 UTC</span></div>
</div>]]></description>
		<Style>
			<LineStyle>
				<color>ffffffff</color>
				<width>2</width>
			</LineStyle>
		</Style>
		<MultiGeometry>
			<LineString>
				<tessellate>1</tessellate>
				<coordinates>
					126.78109,37.570827,0 126.780579,37.571251,0 
				</coordinates>
			</LineString>
		</MultiGeometry>
	</Placemark>
	<Placemark>
		<name>P-61</name>
		<visibility>0</visibility>
		<description><![CDATA[<div><div><span><b>Altitude:</b></span> <span>0 ft</span></div>
<div><span><b>Speed:</b></span> <span>15 kt - 6 kt</span></div>
<div><span><b>Timestamp:</b></span><br/><span>2024-09-23 00:22:34 UTC<br/>2024-09-23 00:22:42 UTC</span></div>
</div>]]></description>
		<Style>
			<LineStyle>
				<color>ffffffff</color>
				<width>2</width>
			</LineStyle>
		</Style>
		<MultiGeometry>
			<LineString>
				<tessellate>1</tessellate>
				<coordinates>
					126.780579,37.571251,0 126.780304,37.571449,0 
				</coordinates>
			</LineString>
		</MultiGeometry>
	</Placemark>
	<Placemark>
		<name>P-62</name>
		<visibility>0</visibility>
		<description><![CDATA[<div><div><span><b>Altitude:</b></span> <span>0 ft</span></div>
<div><span><b>Speed:</b></span> <span>6 kt - 4 kt</span></div>
<div><span><b>Timestamp:</b></span><br/><span>2024-09-23 00:22:42 UTC<br/>2024-09-23 00:23:40 UTC</span></div>
</div>]]></description>
		<Style>
			<LineStyle>
				<color>ffffffff</color>
				<width>2</width>
			</LineStyle>
		</Style>
		<MultiGeometry>
			<LineString>
				<tessellate>1</tessellate>
				<coordinates>
					126.780304,37.571449,0 126.780075,37.571568,0 
				</coordinates>
			</LineString>
		</MultiGeometry>
	</Placemark>
	<Placemark>
		<name>P-63</name>
		<visibility>0</visibility>
		<description><![CDATA[<div><div><span><b>Altitude:</b></span> <span>0 ft</span></div>
<div><span><b>Speed:</b></span> <span>4 kt - 6 kt</span></div>
<div><span><b>Timestamp:</b></span><br/><span>2024-09-23 00:23:40 UTC<br/>2024-09-23 00:23:47 UTC</span></div>
</div>]]></description>
		<Style>
			<LineStyle>
				<color>ffffffff</color>
				<width>2</width>
			</LineStyle>
		</Style>
		<MultiGeometry>
			<LineString>
				<tessellate>1</tessellate>
				<coordinates>
					126.780075,37.571568,0 126.779869,37.571579,0 
				</coordinates>
			</LineString>
		</MultiGeometry>
	</Placemark>
	<Placemark>
		<name>P-64</name>
		<visibility>0</visibility>
		<description><![CDATA[<div><div><span><b>Altitude:</b></span> <span>0 ft</span></div>
<div><span><b>Speed:</b></span> <span>6 kt - 7 kt</span></div>
<div><span><b>Timestamp:</b></span><br/><span>2024-09-23 00:23:47 UTC<br/>2024-09-23 00:23:53 UTC</span></div>
</div>]]></description>
		<Style>
			<LineStyle>
				<color>ffffffff</color>
				<width>2</width>
			</LineStyle>
		</Style>
		<MultiGeometry>
			<LineString>
				<tessellate>1</tessellate>
				<coordinates>
					126.779869,37.571579,0 126.779655,37.571537,0 
				</coordinates>
			</LineString>
		</MultiGeometry>
	</Placemark>
	<Placemark>
		<name>P-65</name>
		<visibility>0</visibility>
		<description><![CDATA[<div><div><span><b>Altitude:</b></span> <span>0 ft</span></div>
<div><span><b>Speed:</b></span> <span>7 kt - 6 kt</span></div>
<div><span><b>Timestamp:</b></span><br/><span>2024-09-23 00:23:53 UTC<br/>2024-09-23 00:24:00 UTC</span></div>
</div>]]></description>
		<Style>
			<LineStyle>
				<color>ffffffff</color>
				<width>2</width>
			</LineStyle>
		</Style>
		<MultiGeometry>
			<LineString>
				<tessellate>1</tessellate>
				<coordinates>
					126.779655,37.571537,0 126.779449,37.5714,0 
				</coordinates>
			</LineString>
		</MultiGeometry>
	</Placemark>
	<Placemark>
		<name>P-66</name>
		<visibility>0</visibility>
		<description><![CDATA[<div><div><span><b>Altitude:</b></span> <span>0 ft</span></div>
<div><span><b>Speed:</b></span> <span>6 kt - 4 kt</span></div>
<div><span><b>Timestamp:</b></span><br/><span>2024-09-23 00:24:00 UTC<br/>2024-09-23 00:25:21 UTC</span></div>
</div>]]></description>
		<Style>
			<LineStyle>
				<color>ffffffff</color>
				<width>2</width>
			</LineStyle>
		</Style>
		<MultiGeometry>
			<LineString>
				<tessellate>1</tessellate>
				<coordinates>
					126.779449,37.5714,0 126.779243,37.571228,0 
				</coordinates>
			</LineString>
		</MultiGeometry>
	</Placemark>
	<Placemark>
		<name>P-67</name>
		<visibility>0</visibility>
		<description><![CDATA[<div><div><span><b>Altitude:</b></span> <span>0 ft</span></div>
<div><span><b>Speed:</b></span> <span>4 kt - 6 kt</span></div>
<div><span><b>Timestamp:</b></span><br/><span>2024-09-23 00:25:21 UTC<br/>2024-09-23 00:25:30 UTC</span></div>
</div>]]></description>
		<Style>
			<LineStyle>
				<color>ffffffff</color>
				<width>2</width>
			</LineStyle>
		</Style>
		<MultiGeometry>
			<LineString>
				<tessellate>1</tessellate>
				<coordinates>
					126.779243,37.571228,0 126.77903,37.571056,0 
				</coordinates>
			</LineString>
		</MultiGeometry>
	</Placemark>
	<Placemark>
		<name>P-68</name>
		<visibility>0</visibility>
		<description><![CDATA[<div><div><span><b>Altitude:</b></span> <span>0 ft</span></div>
<div><span><b>Speed:</b></span> <span>6 kt - 7 kt</span></div>
<div><span><b>Timestamp:</b></span><br/><span>2024-09-23 00:25:30 UTC<br/>2024-09-23 00:25:37 UTC</span></div>
</div>]]></description>
		<Style>
			<LineStyle>
				<color>ffffffff</color>
				<width>2</width>
			</LineStyle>
		</Style>
		<MultiGeometry>
			<LineString>
				<tessellate>1</tessellate>
				<coordinates>
					126.77903,37.571056,0 126.778824,37.570892,0 
				</coordinates>
			</LineString>
		</MultiGeometry>
	</Placemark>
	<Placemark>
		<name>P-69</name>
		<visibility>0</visibility>
		<description><![CDATA[<div><div><span><b>Altitude:</b></span> <span>0 ft</span></div>
<div><span><b>Speed:</b></span> <span>7 kt</span></div>
<div><span><b>Timestamp:</b></span><br/><span>2024-09-23 00:25:37 UTC<br/>2024-09-23 00:25:45 UTC</span></div>
</div>]]></description>
		<Style>
			<LineStyle>
				<color>ffffffff</color>
				<width>2</width>
			</LineStyle>
		</Style>
		<MultiGeometry>
			<LineString>
				<tessellate>1</tessellate>
				<coordinates>
					126.778824,37.570892,0 126.778618,37.570705,0 
				</coordinates>
			</LineString>
		</MultiGeometry>
	</Placemark>
	<Placemark>
		<name>P-70</name>
		<visibility>0</visibility>
		<description><![CDATA[<div><div><span><b>Altitude:</b></span> <span>0 ft</span></div>
<div><span><b>Speed:</b></span> <span>7 kt</span></div>
<div><span><b>Timestamp:</b></span><br/><span>2024-09-23 00:25:45 UTC<br/>2024-09-23 00:25:52 UTC</span></div>
</div>]]></description>
		<Style>
			<LineStyle>
				<color>ffffffff</color>
				<width>2</width>
			</LineStyle>
		</Style>
		<MultiGeometry>
			<LineString>
				<tessellate>1</tessellate>
				<coordinates>
					126.778618,37.570705,0 126.778618,37.570473,0 
				</coordinates>
			</LineString>
		</MultiGeometry>
	</Placemark>
	<Placemark>
		<name>P-71</name>
		<visibility>0</visibility>
		<description><![CDATA[<div><div><span><b>Altitude:</b></span> <span>0 ft</span></div>
<div><span><b>Speed:</b></span> <span>7 kt - 3 kt</span></div>
<div><span><b>Timestamp:</b></span><br/><span>2024-09-23 00:25:52 UTC<br/>2024-09-23 00:26:01 UTC</span></div>
</div>]]></description>
		<Style>
			<LineStyle>
				<color>ffffffff</color>
				<width>2</width>
			</LineStyle>
		</Style>
		<MultiGeometry>
			<LineString>
				<tessellate>1</tessellate>
				<coordinates>
					126.778618,37.570473,0 126.778824,37.570309,0 
				</coordinates>
			</LineString>
		</MultiGeometry>
	</Placemark>
	<Placemark>
		<name>P-72</name>
		<visibility>0</visibility>
		<description><![CDATA[<div><div><span><b>Altitude:</b></span> <span>0 ft</span></div>
<div><span><b>Speed:</b></span> <span>3 kt - 13 kt</span></div>
<div><span><b>Timestamp:</b></span><br/><span>2024-09-23 00:26:01 UTC<br/>2024-09-23 00:26:54 UTC</span></div>
</div>]]></description>
		<Style>
			<LineStyle>
				<color>ffffffff</color>
				<width>2</width>
			</LineStyle>
		</Style>
		<MultiGeometry>
			<LineString>
				<tessellate>1</tessellate>
				<coordinates>
					126.778824,37.570309,0 126.779076,37.570099,0 
				</coordinates>
			</LineString>
		</MultiGeometry>
	</Placemark>
	<Placemark>
		<name>P-73</name>
		<visibility>0</visibility>
		<description><![CDATA[<div><div><span><b>Altitude:</b></span> <span>0 ft</span></div>
<div><span><b>Speed:</b></span> <span>13 kt - 47 kt</span></div>
<div><span><b>Timestamp:</b></span><br/><span>2024-09-23 00:26:54 UTC<br/>2024-09-23 00:27:01 UTC</span></div>
</div>]]></description>
		<Style>
			<LineStyle>
				<color>ffffffff</color>
				<width>2</width>
			</LineStyle>
		</Style>
		<MultiGeometry>
			<LineString>
				<tessellate>1</tessellate>
				<coordinates>
					126.779076,37.570099,0 126.780243,37.569157,0 
				</coordinates>
			</LineString>
		</MultiGeometry>
	</Placemark>
	<Placemark>
		<name>P-74</name>
		<visibility>0</visibility>
		<description><![CDATA[<div><div><span><b>Altitude:</b></span> <span>0 ft</span></div>
<div><span><b>Speed:</b></span> <span>47 kt - 89 kt</span></div>
<div><span><b>Timestamp:</b></span><br/><span>2024-09-23 00:27:01 UTC<br/>2024-09-23 00:27:10 UTC</span></div>
</div>]]></description>
		<Style>
			<LineStyle>
				<color>ffffffff</color>
				<width>2</width>
			</LineStyle>
		</Style>
		<MultiGeometry>
			<LineString>
				<tessellate>1</tessellate>
				<coordinates>
					126.780243,37.569157,0 126.783424,37.566631,0 
				</coordinates>
			</LineString>
		</MultiGeometry>
	</Placemark>
	<Placemark>
		<name>P-75</name>
		<visibility>0</visibility>
		<description><![CDATA[<div><div><span><b>Altitude:</b></span> <span>0 ft</span></div>
<div><span><b>Speed:</b></span> <span>89 kt - 122 kt</span></div>
<div><span><b>Timestamp:</b></span><br/><span>2024-09-23 00:27:10 UTC<br/>2024-09-23 00:27:18 UTC</span></div>
</div>]]></description>
		<Style>
			<LineStyle>
				<color>ffffffff</color>
				<width>2</width>
			</LineStyle>
		</Style>
		<MultiGeometry>
			<LineString>
				<tessellate>1</tessellate>
				<coordinates>
					126.783424,37.566631,0 126.787186,37.563652,0 
				</coordinates>
			</LineString>
		</MultiGeometry>
	</Placemark>
	<Placemark>
		<name>P-76</name>
		<visibility>0</visibility>
		<description><![CDATA[<div><div><span><b>Altitude:</b></span> <span>0 ft</span></div>
<div><span><b>Speed:</b></span> <span>122 kt - 160 kt</span></div>
<div><span><b>Timestamp:</b></span><br/><span>2024-09-23 00:27:18 UTC<br/>2024-09-23 00:27:29 UTC</span></div>
</div>]]></description>
		<Style>
			<LineStyle>
				<color>ffffffff</color>
				<width>2</width>
			</LineStyle>
		</Style>
		<MultiGeometry>
			<LineString>
				<tessellate>1</tessellate>
				<coordinates>
					126.787186,37.563652,0 126.793747,37.558392,0 
				</coordinates>
			</LineString>
		</MultiGeometry>
	</Placemark>
	<Placemark>
		<name>P-77</name>
		<visibility>0</visibility>
		<description><![CDATA[<div><div><span><b>Altitude:</b></span> <span>0 ft - 225 ft</span></div>
<div><span><b>Speed:</b></span> <span>160 kt - 166 kt</span></div>
<div><span><b>Timestamp:</b></span><br/><span>2024-09-23 00:27:29 UTC<br/>2024-09-23 00:27:38 UTC</span></div>
</div>]]></description>
		<Style>
			<LineStyle>
				<color>ffffffff</color>
				<width>2</width>
			</LineStyle>
		</Style>
		<MultiGeometry>
			<LineString>
				<tessellate>1</tessellate>
				<coordinates>
					126.793747,37.558392,0 126.799995,37.553467,68.58 
				</coordinates>
			</LineString>
		</MultiGeometry>
	</Placemark>
	<Placemark>
		<name>P-78</name>
		<visibility>0</visibility>
		<description><![CDATA[<div><div><span><b>Altitude:</b></span> <span>225 ft - 650 ft</span></div>
<div><span><b>Speed:</b></span> <span>166 kt - 162 kt</span></div>
<div><span><b>Timestamp:</b></span><br/><span>2024-09-23 00:27:38 UTC<br/>2024-09-23 00:27:47 UTC</span></div>
</div>]]></description>
		<Style>
			<LineStyle>
				<color>ffffffff</color>
				<width>2</width>
			</LineStyle>
		</Style>
		<MultiGeometry>
			<LineString>
				<tessellate>1</tessellate>
				<altitudeMode>absolute</altitudeMode>
				<coordinates>
					126.799995,37.553467,68.58 126.806068,37.54866,198.12 
				</coordinates>
			</LineString>
		</MultiGeometry>
	</Placemark>
	<Placemark>
		<name>P-79</name>
		<visibility>0</visibility>
		<description><![CDATA[<div><div><span><b>Altitude:</b></span> <span>650 ft - 1,050 ft</span></div>
<div><span><b>Speed:</b></span> <span>162 kt</span></div>
<div><span><b>Timestamp:</b></span><br/><span>2024-09-23 00:27:47 UTC<br/>2024-09-23 00:27:56 UTC</span></div>
</div>]]></description>
		<Style>
			<LineStyle>
				<color>ffffe062</color>
				<width>2</width>
			</LineStyle>
		</Style>
		<MultiGeometry>
			<LineString>
				<tessellate>1</tessellate>
				<altitudeMode>absolute</altitudeMode>
				<coordinates>
					126.806068,37.54866,198.12 126.811783,37.544147,320.04 
				</coordinates>
			</LineString>
		</MultiGeometry>
	</Placemark>
	<Placemark>
		<name>P-80</name>
		<visibility>0</visibility>
		<description><![CDATA[<div><div><span><b>Altitude:</b></span> <span>1,050 ft - 1,500 ft</span></div>
<div><span><b>Speed:</b></span> <span>162 kt</span></div>
<div><span><b>Timestamp:</b></span><br/><span>2024-09-23 00:27:56 UTC<br/>2024-09-23 00:28:05 UTC</span></div>
</div>]]></description>
		<Style>
			<LineStyle>
				<color>fff0ff00</color>
				<width>2</width>
			</LineStyle>
		</Style>
		<MultiGeometry>
			<LineString>
				<tessellate>1</tessellate>
				<altitudeMode>absolute</altitudeMode>
				<coordinates>
					126.811783,37.544147,320.04 126.818108,37.539001,457.1999999999998 
				</coordinates>
			</LineString>
		</MultiGeometry>
	</Placemark>
	<Placemark>
		<name>P-81</name>
		<visibility>0</visibility>
		<description><![CDATA[<div><div><span><b>Altitude:</b></span> <span>1,500 ft - 1,850 ft</span></div>
<div><span><b>Speed:</b></span> <span>162 kt - 160 kt</span></div>
<div><span><b>Timestamp:</b></span><br/><span>2024-09-23 00:28:05 UTC<br/>2024-09-23 00:28:14 UTC</span></div>
</div>]]></description>
		<Style>
			<LineStyle>
				<color>ffccff00</color>
				<width>2</width>
			</LineStyle>
		</Style>
		<MultiGeometry>
			<LineString>
				<tessellate>1</tessellate>
				<altitudeMode>absolute</altitudeMode>
				<coordinates>
					126.818108,37.539001,457.1999999999998 126.824142,37.534138,563.88 
				</coordinates>
			</LineString>
		</MultiGeometry>
	</Placemark>
	<Placemark>
		<name>P-82</name>
		<visibility>0</visibility>
		<description><![CDATA[<div><div><span><b>Altitude:</b></span> <span>1,850 ft - 2,050 ft</span></div>
<div><span><b>Speed:</b></span> <span>160 kt</span></div>
<div><span><b>Timestamp:</b></span><br/><span>2024-09-23 00:28:14 UTC<br/>2024-09-23 00:28:20 UTC</span></div>
</div>]]></description>
		<Style>
			<LineStyle>
				<color>ffccff00</color>
				<width>2</width>
			</LineStyle>
		</Style>
		<MultiGeometry>
			<LineString>
				<tessellate>1</tessellate>
				<altitudeMode>absolute</altitudeMode>
				<coordinates>
					126.824142,37.534138,563.88 126.827927,37.531128,624.84 
				</coordinates>
			</LineString>
		</MultiGeometry>
	</Placemark>
	<Placemark>
		<name>P-83</name>
		<visibility>0</visibility>
		<description><![CDATA[<div><div><span><b>Altitude:</b></span> <span>2,050 ft - 2,350 ft</span></div>
<div><span><b>Speed:</b></span> <span>160 kt - 159 kt</span></div>
<div><span><b>Timestamp:</b></span><br/><span>2024-09-23 00:28:20 UTC<br/>2024-09-23 00:28:29 UTC</span></div>
</div>]]></description>
		<Style>
			<LineStyle>
				<color>ff42ff00</color>
				<width>2</width>
			</LineStyle>
		</Style>
		<MultiGeometry>
			<LineString>
				<tessellate>1</tessellate>
				<altitudeMode>absolute</altitudeMode>
				<coordinates>
					126.827927,37.531128,624.84 126.833931,37.526318,716.28 
				</coordinates>
			</LineString>
		</MultiGeometry>
	</Placemark>
	<Placemark>
		<name>P-84</name>
		<visibility>0</visibility>
		<description><![CDATA[<div><div><span><b>Altitude:</b></span> <span>2,350 ft - 2,625 ft</span></div>
<div><span><b>Speed:</b></span> <span>159 kt - 160 kt</span></div>
<div><span><b>Timestamp:</b></span><br/><span>2024-09-23 00:28:29 UTC<br/>2024-09-23 00:28:38 UTC</span></div>
</div>]]></description>
		<Style>
			<LineStyle>
				<color>ff42ff00</color>
				<width>2</width>
			</LineStyle>
		</Style>
		<MultiGeometry>
			<LineString>
				<tessellate>1</tessellate>
				<altitudeMode>absolute</altitudeMode>
				<coordinates>
					126.833931,37.526318,716.28 126.839966,37.521561,800.1000000000001 
				</coordinates>
			</LineString>
		</MultiGeometry>
	</Placemark>
	<Placemark>
		<name>P-85</name>
		<visibility>0</visibility>
		<description><![CDATA[<div><div><span><b>Altitude:</b></span> <span>2,625 ft - 2,875 ft</span></div>
<div><span><b>Speed:</b></span> <span>160 kt - 164 kt</span></div>
<div><span><b>Timestamp:</b></span><br/><span>2024-09-23 00:28:38 UTC<br/>2024-09-23 00:28:48 UTC</span></div>
</div>]]></description>
		<Style>
			<LineStyle>
				<color>ff1eff00</color>
				<width>2</width>
			</LineStyle>
		</Style>
		<MultiGeometry>
			<LineString>
				<tessellate>1</tessellate>
				<altitudeMode>absolute</altitudeMode>
				<coordinates>
					126.839966,37.521561,800.1000000000001 126.84639,37.516434,876.3 
				</coordinates>
			</LineString>
		</MultiGeometry>
	</Placemark>
	<Placemark>
		<name>P-86</name>
		<visibility>0</visibility>
		<description><![CDATA[<div><div><span><b>Altitude:</b></span> <span>2,875 ft - 3,025 ft</span></div>
<div><span><b>Speed:</b></span> <span>164 kt - 168 kt</span></div>
<div><span><b>Timestamp:</b></span><br/><span>2024-09-23 00:28:48 UTC<br/>2024-09-23 00:28:56 UTC</span></div>
</div>]]></description>
		<Style>
			<LineStyle>
				<color>ff1eff00</color>
				<width>2</width>
			</LineStyle>
		</Style>
		<MultiGeometry>
			<LineString>
				<tessellate>1</tessellate>
				<altitudeMode>absolute</altitudeMode>
				<coordinates>
					126.84639,37.516434,876.3 126.851944,37.512039,922.02 
				</coordinates>
			</LineString>
		</MultiGeometry>
	</Placemark>
	<Placemark>
		<name>P-87</name>
		<visibility>0</visibility>
		<description><![CDATA[<div><div><span><b>Altitude:</b></span> <span>3,025 ft - 3,175 ft</span></div>
<div><span><b>Speed:</b></span> <span>168 kt - 179 kt</span></div>
<div><span><b>Timestamp:</b></span><br/><span>2024-09-23 00:28:56 UTC<br/>2024-09-23 00:29:05 UTC</span></div>
</div>]]></description>
		<Style>
			<LineStyle>
				<color>ff1eff00</color>
				<width>2</width>
			</LineStyle>
		</Style>
		<MultiGeometry>
			<LineString>
				<tessellate>1</tessellate>
				<altitudeMode>absolute</altitudeMode>
				<coordinates>
					126.851944,37.512039,922.02 126.858597,37.506718,967.7399999999999 
				</coordinates>
			</LineString>
		</MultiGeometry>
	</Placemark>
	<Placemark>
		<name>P-88</name>
		<visibility>0</visibility>
		<description><![CDATA[<div><div><span><b>Altitude:</b></span> <span>3,175 ft - 3,300 ft</span></div>
<div><span><b>Speed:</b></span> <span>179 kt - 190 kt</span></div>
<div><span><b>Timestamp:</b></span><br/><span>2024-09-23 00:29:05 UTC<br/>2024-09-23 00:29:14 UTC</span></div>
</div>]]></description>
		<Style>
			<LineStyle>
				<color>ff1eff00</color>
				<width>2</width>
			</LineStyle>
		</Style>
		<MultiGeometry>
			<LineString>
				<tessellate>1</tessellate>
				<altitudeMode>absolute</altitudeMode>
				<coordinates>
					126.858597,37.506718,967.7399999999999 126.865265,37.500824,1005.84 
				</coordinates>
			</LineString>
		</MultiGeometry>
	</Placemark>
	<Placemark>
		<name>P-89</name>
		<visibility>0</visibility>
		<description><![CDATA[<div><div><span><b>Altitude:</b></span> <span>3,300 ft</span></div>
<div><span><b>Speed:</b></span> <span>190 kt</span></div>
<div><span><b>Timestamp:</b></span><br/><span>2024-09-23 00:29:14 UTC<br/>2024-09-23 00:29:15 UTC</span></div>
</div>]]></description>
		<Style>
			<LineStyle>
				<color>ff00ff0c</color>
				<width>2</width>
			</LineStyle>
		</Style>
		<MultiGeometry>
			<LineString>
				<tessellate>1</tessellate>
				<altitudeMode>absolute</altitudeMode>
				<coordinates>
					126.865265,37.500824,1005.84 126.8657,37.500435,1005.84 
				</coordinates>
			</LineString>
		</MultiGeometry>
	</Placemark>
	<Placemark>
		<name>P-90</name>
		<visibility>0</visibility>
		<description><![CDATA[<div><div><span><b>Altitude:</b></span> <span>3,300 ft - 3,325 ft</span></div>
<div><span><b>Speed:</b></span> <span>190 kt - 194 kt</span></div>
<div><span><b>Timestamp:</b></span><br/><span>2024-09-23 00:29:15 UTC<br/>2024-09-23 00:29:17 UTC</span></div>
</div>]]></description>
		<Style>
			<LineStyle>
				<color>ff00ff0c</color>
				<width>2</width>
			</LineStyle>
		</Style>
		<MultiGeometry>
			<LineString>
				<tessellate>1</tessellate>
				<altitudeMode>absolute</altitudeMode>
				<coordinates>
					126.8657,37.500435,1005.84 126.866905,37.498901,1013.46 
				</coordinates>
			</LineString>
		</MultiGeometry>
	</Placemark>
	<Placemark>
		<name>P-91</name>
		<visibility>0</visibility>
		<description><![CDATA[<div><div><span><b>Altitude:</b></span> <span>3,325 ft - 3,400 ft</span></div>
<div><span><b>Speed:</b></span> <span>194 kt - 199 kt</span></div>
<div><span><b>Timestamp:</b></span><br/><span>2024-09-23 00:29:17 UTC<br/>2024-09-23 00:29:22 UTC</span></div>
</div>]]></description>
		<Style>
			<LineStyle>
				<color>ff00ff0c</color>
				<width>2</width>
			</LineStyle>
		</Style>
		<MultiGeometry>
			<LineString>
				<tessellate>1</tessellate>
				<altitudeMode>absolute</altitudeMode>
				<coordinates>
					126.866905,37.498901,1013.46 126.869698,37.494289,1036.32 
				</coordinates>
			</LineString>
		</MultiGeometry>
	</Placemark>
	<Placemark>
		<name>P-92</name>
		<visibility>0</visibility>
		<description><![CDATA[<div><div><span><b>Altitude:</b></span> <span>3,400 ft - 3,450 ft</span></div>
<div><span><b>Speed:</b></span> <span>199 kt - 203 kt</span></div>
<div><span><b>Timestamp:</b></span><br/><span>2024-09-23 00:29:22 UTC<br/>2024-09-23 00:29:25 UTC</span></div>
</div>]]></description>
		<Style>
			<LineStyle>
				<color>ff00ff0c</color>
				<width>2</width>
			</LineStyle>
		</Style>
		<MultiGeometry>
			<LineString>
				<tessellate>1</tessellate>
				<altitudeMode>absolute</altitudeMode>
				<coordinates>
					126.869698,37.494289,1036.32 126.870934,37.491623,1051.56 
				</coordinates>
			</LineString>
		</MultiGeometry>
	</Placemark>
	<Placemark>
		<name>P-93</name>
		<visibility>0</visibility>
		<description><![CDATA[<div><div><span><b>Altitude:</b></span> <span>3,450 ft - 3,500 ft</span></div>
<div><span><b>Speed:</b></span> <span>203 kt - 208 kt</span></div>
<div><span><b>Timestamp:</b></span><br/><span>2024-09-23 00:29:25 UTC<br/>2024-09-23 00:29:28 UTC</span></div>
</div>]]></description>
		<Style>
			<LineStyle>
				<color>ff00ff0c</color>
				<width>2</width>
			</LineStyle>
		</Style>
		<MultiGeometry>
			<LineString>
				<tessellate>1</tessellate>
				<altitudeMode>absolute</altitudeMode>
				<coordinates>
					126.870934,37.491623,1051.56 126.872047,37.488968,1066.8 
				</coordinates>
			</LineString>
		</MultiGeometry>
	</Placemark>
	<Placemark>
		<name>P-94</name>
		<visibility>0</visibility>
		<description><![CDATA[<div><div><span><b>Altitude:</b></span> <span>3,500 ft - 3,575 ft</span></div>
<div><span><b>Speed:</b></span> <span>208 kt - 211 kt</span></div>
<div><span><b>Timestamp:</b></span><br/><span>2024-09-23 00:29:28 UTC<br/>2024-09-23 00:29:32 UTC</span></div>
</div>]]></description>
		<Style>
			<LineStyle>
				<color>ff00ff0c</color>
				<width>2</width>
			</LineStyle>
		</Style>
		<MultiGeometry>
			<LineString>
				<tessellate>1</tessellate>
				<altitudeMode>absolute</altitudeMode>
				<coordinates>
					126.872047,37.488968,1066.8 126.873344,37.485817,1089.66 
				</coordinates>
			</LineString>
		</MultiGeometry>
	</Placemark>
	<Placemark>
		<name>P-95</name>
		<visibility>0</visibility>
		<description><![CDATA[<div><div><span><b>Altitude:</b></span> <span>3,575 ft - 3,625 ft</span></div>
<div><span><b>Speed:</b></span> <span>211 kt - 215 kt</span></div>
<div><span><b>Timestamp:</b></span><br/><span>2024-09-23 00:29:32 UTC<br/>2024-09-23 00:29:36 UTC</span></div>
</div>]]></description>
		<Style>
			<LineStyle>
				<color>ff00ff0c</color>
				<width>2</width>
			</LineStyle>
		</Style>
		<MultiGeometry>
			<LineString>
				<tessellate>1</tessellate>
				<altitudeMode>absolute</altitudeMode>
				<coordinates>
					126.873344,37.485817,1089.66 126.874733,37.482193,1104.9 
				</coordinates>
			</LineString>
		</MultiGeometry>
	</Placemark>
	<Placemark>
		<name>P-96</name>
		<visibility>0</visibility>
		<description><![CDATA[<div><div><span><b>Altitude:</b></span> <span>3,625 ft - 3,675 ft</span></div>
<div><span><b>Speed:</b></span> <span>215 kt - 218 kt</span></div>
<div><span><b>Timestamp:</b></span><br/><span>2024-09-23 00:29:36 UTC<br/>2024-09-23 00:29:38 UTC</span></div>
</div>]]></description>
		<Style>
			<LineStyle>
				<color>ff00ff0c</color>
				<width>2</width>
			</LineStyle>
		</Style>
		<MultiGeometry>
			<LineString>
				<tessellate>1</tessellate>
				<altitudeMode>absolute</altitudeMode>
				<coordinates>
					126.874733,37.482193,1104.9 126.875847,37.47916,1120.14 
				</coordinates>
			</LineString>
		</MultiGeometry>
	</Placemark>
	<Placemark>
		<name>P-97</name>
		<visibility>0</visibility>
		<description><![CDATA[<div><div><span><b>Altitude:</b></span> <span>3,675 ft - 3,750 ft</span></div>
<div><span><b>Speed:</b></span> <span>218 kt - 222 kt</span></div>
<div><span><b>Timestamp:</b></span><br/><span>2024-09-23 00:29:38 UTC<br/>2024-09-23 00:29:42 UTC</span></div>
</div>]]></description>
		<Style>
			<LineStyle>
				<color>ff00ff0c</color>
				<width>2</width>
			</LineStyle>
		</Style>
		<MultiGeometry>
			<LineString>
				<tessellate>1</tessellate>
				<altitudeMode>absolute</altitudeMode>
				<coordinates>
					126.875847,37.47916,1120.14 126.87719,37.475601,1143 
				</coordinates>
			</LineString>
		</MultiGeometry>
	</Placemark>
	<Placemark>
		<name>P-98</name>
		<visibility>0</visibility>
		<description><![CDATA[<div><div><span><b>Altitude:</b></span> <span>3,750 ft - 3,825 ft</span></div>
<div><span><b>Speed:</b></span> <span>222 kt - 226 kt</span></div>
<div><span><b>Timestamp:</b></span><br/><span>2024-09-23 00:29:42 UTC<br/>2024-09-23 00:29:45 UTC</span></div>
</div>]]></description>
		<Style>
			<LineStyle>
				<color>ff00ff0c</color>
				<width>2</width>
			</LineStyle>
		</Style>
		<MultiGeometry>
			<LineString>
				<tessellate>1</tessellate>
				<altitudeMode>absolute</altitudeMode>
				<coordinates>
					126.87719,37.475601,1143 126.878357,37.472317,1165.86 
				</coordinates>
			</LineString>
		</MultiGeometry>
	</Placemark>
	<Placemark>
		<name>P-99</name>
		<visibility>0</visibility>
		<description><![CDATA[<div><div><span><b>Altitude:</b></span> <span>3,825 ft - 3,900 ft</span></div>
<div><span><b>Speed:</b></span> <span>226 kt - 229 kt</span></div>
<div><span><b>Timestamp:</b></span><br/><span>2024-09-23 00:29:45 UTC<br/>2024-09-23 00:29:48 UTC</span></div>
</div>]]></description>
		<Style>
			<LineStyle>
				<color>ff00ff0c</color>
				<width>2</width>
			</LineStyle>
		</Style>
		<MultiGeometry>
			<LineString>
				<tessellate>1</tessellate>
				<altitudeMode>absolute</altitudeMode>
				<coordinates>
					126.878357,37.472317,1165.86 126.879494,37.469292,1188.72 
				</coordinates>
			</LineString>
		</MultiGeometry>
	</Placemark>
	<Placemark>
		<name>P-100</name>
		<visibility>0</visibility>
		<description><![CDATA[<div><div><span><b>Altitude:</b></span> <span>3,900 ft - 3,975 ft</span></div>
<div><span><b>Speed:</b></span> <span>229 kt - 232 kt</span></div>
<div><span><b>Timestamp:</b></span><br/><span>2024-09-23 00:29:48 UTC<br/>2024-09-23 00:29:51 UTC</span></div>
</div>]]></description>
		<Style>
			<LineStyle>
				<color>ff00ff0c</color>
				<width>2</width>
			</LineStyle>
		</Style>
		<MultiGeometry>
			<LineString>
				<tessellate>1</tessellate>
				<altitudeMode>absolute</altitudeMode>
				<coordinates>
					126.879494,37.469292,1188.72 126.880623,37.466125,1211.58 
				</coordinates>
			</LineString>
		</MultiGeometry>
	</Placemark>
	<Placemark>
		<name>P-101</name>
		<visibility>0</visibility>
		<description><![CDATA[<div><div><span><b>Altitude:</b></span> <span>3,975 ft - 4,050 ft</span></div>
<div><span><b>Speed:</b></span> <span>232 kt - 236 kt</span></div>
<div><span><b>Timestamp:</b></span><br/><span>2024-09-23 00:29:51 UTC<br/>2024-09-23 00:29:54 UTC</span></div>
</div>]]></description>
		<Style>
			<LineStyle>
				<color>ff00ff36</color>
				<width>2</width>
			</LineStyle>
		</Style>
		<MultiGeometry>
			<LineString>
				<tessellate>1</tessellate>
				<altitudeMode>absolute</altitudeMode>
				<coordinates>
					126.880623,37.466125,1211.58 126.881744,37.463013,1234.44 
				</coordinates>
			</LineString>
		</MultiGeometry>
	</Placemark>
	<Placemark>
		<name>P-102</name>
		<visibility>0</visibility>
		<description><![CDATA[<div><div><span><b>Altitude:</b></span> <span>4,050 ft - 4,300 ft</span></div>
<div><span><b>Speed:</b></span> <span>236 kt - 242 kt</span></div>
<div><span><b>Timestamp:</b></span><br/><span>2024-09-23 00:29:54 UTC<br/>2024-09-23 00:30:03 UTC</span></div>
</div>]]></description>
		<Style>
			<LineStyle>
				<color>ff00ff36</color>
				<width>2</width>
			</LineStyle>
		</Style>
		<MultiGeometry>
			<LineString>
				<tessellate>1</tessellate>
				<altitudeMode>absolute</altitudeMode>
				<coordinates>
					126.881744,37.463013,1234.44 126.885284,37.453323,1310.64 
				</coordinates>
			</LineString>
		</MultiGeometry>
	</Placemark>
	<Placemark>
		<name>P-103</name>
		<visibility>0</visibility>
		<description><![CDATA[<div><div><span><b>Altitude:</b></span> <span>4,300 ft - 4,525 ft</span></div>
<div><span><b>Speed:</b></span> <span>242 kt - 254 kt</span></div>
<div><span><b>Timestamp:</b></span><br/><span>2024-09-23 00:30:03 UTC<br/>2024-09-23 00:30:12 UTC</span></div>
</div>]]></description>
		<Style>
			<LineStyle>
				<color>ff00ff36</color>
				<width>2</width>
			</LineStyle>
		</Style>
		<MultiGeometry>
			<LineString>
				<tessellate>1</tessellate>
				<altitudeMode>absolute</altitudeMode>
				<coordinates>
					126.885284,37.453323,1310.64 126.889046,37.44313,1379.22 
				</coordinates>
			</LineString>
		</MultiGeometry>
	</Placemark>
	<Placemark>
		<name>P-104</name>
		<visibility>0</visibility>
		<description><![CDATA[<div><div><span><b>Altitude:</b></span> <span>4,525 ft - 4,700 ft</span></div>
<div><span><b>Speed:</b></span> <span>254 kt - 259 kt</span></div>
<div><span><b>Timestamp:</b></span><br/><span>2024-09-23 00:30:12 UTC<br/>2024-09-23 00:30:19 UTC</span></div>
</div>]]></description>
		<Style>
			<LineStyle>
				<color>ff00ff36</color>
				<width>2</width>
			</LineStyle>
		</Style>
		<MultiGeometry>
			<LineString>
				<tessellate>1</tessellate>
				<altitudeMode>absolute</altitudeMode>
				<coordinates>
					126.889046,37.44313,1379.22 126.891731,37.4361,1432.56 
				</coordinates>
			</LineString>
		</MultiGeometry>
	</Placemark>
	<Placemark>
		<name>P-105</name>
		<visibility>0</visibility>
		<description><![CDATA[<div><div><span><b>Altitude:</b></span> <span>4,700 ft - 4,950 ft</span></div>
<div><span><b>Speed:</b></span> <span>259 kt - 267 kt</span></div>
<div><span><b>Timestamp:</b></span><br/><span>2024-09-23 00:30:19 UTC<br/>2024-09-23 00:30:28 UTC</span></div>
</div>]]></description>
		<Style>
			<LineStyle>
				<color>ff00ff36</color>
				<width>2</width>
			</LineStyle>
		</Style>
		<MultiGeometry>
			<LineString>
				<tessellate>1</tessellate>
				<altitudeMode>absolute</altitudeMode>
				<coordinates>
					126.891731,37.4361,1432.56 126.895432,37.424786,1508.76 
				</coordinates>
			</LineString>
		</MultiGeometry>
	</Placemark>
	<Placemark>
		<name>P-106</name>
		<visibility>0</visibility>
		<description><![CDATA[<div><div><span><b>Altitude:</b></span> <span>4,950 ft - 5,125 ft</span></div>
<div><span><b>Speed:</b></span> <span>267 kt - 272 kt</span></div>
<div><span><b>Timestamp:</b></span><br/><span>2024-09-23 00:30:28 UTC<br/>2024-09-23 00:30:34 UTC</span></div>
</div>]]></description>
		<Style>
			<LineStyle>
				<color>ff00ff72</color>
				<width>2</width>
			</LineStyle>
		</Style>
		<MultiGeometry>
			<LineString>
				<tessellate>1</tessellate>
				<altitudeMode>absolute</altitudeMode>
				<coordinates>
					126.895432,37.424786,1508.76 126.896004,37.417191,1562.1 
				</coordinates>
			</LineString>
		</MultiGeometry>
	</Placemark>
	<Placemark>
		<name>P-107</name>
		<visibility>0</visibility>
		<description><![CDATA[<div><div><span><b>Altitude:</b></span> <span>5,125 ft - 5,225 ft</span></div>
<div><span><b>Speed:</b></span> <span>272 kt - 273 kt</span></div>
<div><span><b>Timestamp:</b></span><br/><span>2024-09-23 00:30:34 UTC<br/>2024-09-23 00:30:37 UTC</span></div>
</div>]]></description>
		<Style>
			<LineStyle>
				<color>ff00ff72</color>
				<width>2</width>
			</LineStyle>
		</Style>
		<MultiGeometry>
			<LineString>
				<tessellate>1</tessellate>
				<altitudeMode>absolute</altitudeMode>
				<coordinates>
					126.896004,37.417191,1562.1 126.895554,37.413475,1592.58 
				</coordinates>
			</LineString>
		</MultiGeometry>
	</Placemark>
	<Placemark>
		<name>P-108</name>
		<visibility>0</visibility>
		<description><![CDATA[<div><div><span><b>Altitude:</b></span> <span>5,225 ft - 5,325 ft</span></div>
<div><span><b>Speed:</b></span> <span>273 kt - 274 kt</span></div>
<div><span><b>Timestamp:</b></span><br/><span>2024-09-23 00:30:37 UTC<br/>2024-09-23 00:30:40 UTC</span></div>
</div>]]></description>
		<Style>
			<LineStyle>
				<color>ff00ff72</color>
				<width>2</width>
			</LineStyle>
		</Style>
		<MultiGeometry>
			<LineString>
				<tessellate>1</tessellate>
				<altitudeMode>absolute</altitudeMode>
				<coordinates>
					126.895554,37.413475,1592.58 126.8946,37.409866,1623.06 
				</coordinates>
			</LineString>
		</MultiGeometry>
	</Placemark>
	<Placemark>
		<name>P-109</name>
		<visibility>0</visibility>
		<description><![CDATA[<div><div><span><b>Altitude:</b></span> <span>5,325 ft - 5,450 ft</span></div>
<div><span><b>Speed:</b></span> <span>274 kt - 276 kt</span></div>
<div><span><b>Timestamp:</b></span><br/><span>2024-09-23 00:30:40 UTC<br/>2024-09-23 00:30:44 UTC</span></div>
</div>]]></description>
		<Style>
			<LineStyle>
				<color>ff00ff72</color>
				<width>2</width>
			</LineStyle>
		</Style>
		<MultiGeometry>
			<LineString>
				<tessellate>1</tessellate>
				<altitudeMode>absolute</altitudeMode>
				<coordinates>
					126.8946,37.409866,1623.06 126.892792,37.405334,1661.16 
				</coordinates>
			</LineString>
		</MultiGeometry>
	</Placemark>
	<Placemark>
		<name>P-110</name>
		<visibility>0</visibility>
		<description><![CDATA[<div><div><span><b>Altitude:</b></span> <span>5,450 ft - 5,525 ft</span></div>
<div><span><b>Speed:</b></span> <span>276 kt</span></div>
<div><span><b>Timestamp:</b></span><br/><span>2024-09-23 00:30:44 UTC<br/>2024-09-23 00:30:47 UTC</span></div>
</div>]]></description>
		<Style>
			<LineStyle>
				<color>ff00ff72</color>
				<width>2</width>
			</LineStyle>
		</Style>
		<MultiGeometry>
			<LineString>
				<tessellate>1</tessellate>
				<altitudeMode>absolute</altitudeMode>
				<coordinates>
					126.892792,37.405334,1661.16 126.890572,37.401581,1684.02 
				</coordinates>
			</LineString>
		</MultiGeometry>
	</Placemark>
	<Placemark>
		<name>P-111</name>
		<visibility>0</visibility>
		<description><![CDATA[<div><div><span><b>Altitude:</b></span> <span>5,525 ft - 5,600 ft</span></div>
<div><span><b>Speed:</b></span> <span>276 kt</span></div>
<div><span><b>Timestamp:</b></span><br/><span>2024-09-23 00:30:47 UTC<br/>2024-09-23 00:30:50 UTC</span></div>
</div>]]></description>
		<Style>
			<LineStyle>
				<color>ff00ff72</color>
				<width>2</width>
			</LineStyle>
		</Style>
		<MultiGeometry>
			<LineString>
				<tessellate>1</tessellate>
				<altitudeMode>absolute</altitudeMode>
				<coordinates>
					126.890572,37.401581,1684.02 126.888,37.398148,1706.88 
				</coordinates>
			</LineString>
		</MultiGeometry>
	</Placemark>
	<Placemark>
		<name>P-112</name>
		<visibility>0</visibility>
		<description><![CDATA[<div><div><span><b>Altitude:</b></span> <span>5,600 ft - 5,650 ft</span></div>
<div><span><b>Speed:</b></span> <span>276 kt</span></div>
<div><span><b>Timestamp:</b></span><br/><span>2024-09-23 00:30:50 UTC<br/>2024-09-23 00:30:53 UTC</span></div>
</div>]]></description>
		<Style>
			<LineStyle>
				<color>ff00ff72</color>
				<width>2</width>
			</LineStyle>
		</Style>
		<MultiGeometry>
			<LineString>
				<tessellate>1</tessellate>
				<altitudeMode>absolute</altitudeMode>
				<coordinates>
					126.888,37.398148,1706.88 126.885139,37.395081,1722.12 
				</coordinates>
			</LineString>
		</MultiGeometry>
	</Placemark>
	<Placemark>
		<name>P-113</name>
		<visibility>0</visibility>
		<description><![CDATA[<div><div><span><b>Altitude:</b></span> <span>5,650 ft - 5,675 ft</span></div>
<div><span><b>Speed:</b></span> <span>276 kt - 275 kt</span></div>
<div><span><b>Timestamp:</b></span><br/><span>2024-09-23 00:30:53 UTC<br/>2024-09-23 00:30:55 UTC</span></div>
</div>]]></description>
		<Style>
			<LineStyle>
				<color>ff00ff72</color>
				<width>2</width>
			</LineStyle>
		</Style>
		<MultiGeometry>
			<LineString>
				<tessellate>1</tessellate>
				<altitudeMode>absolute</altitudeMode>
				<coordinates>
					126.885139,37.395081,1722.12 126.883965,37.394028,1729.74 
				</coordinates>
			</LineString>
		</MultiGeometry>
	</Placemark>
	<Placemark>
		<name>P-114</name>
		<visibility>0</visibility>
		<description><![CDATA[<div><div><span><b>Altitude:</b></span> <span>5,675 ft - 5,800 ft</span></div>
<div><span><b>Speed:</b></span> <span>275 kt - 273 kt</span></div>
<div><span><b>Timestamp:</b></span><br/><span>2024-09-23 00:30:55 UTC<br/>2024-09-23 00:30:58 UTC</span></div>
</div>]]></description>
		<Style>
			<LineStyle>
				<color>ff00ff72</color>
				<width>2</width>
			</LineStyle>
		</Style>
		<MultiGeometry>
			<LineString>
				<tessellate>1</tessellate>
				<altitudeMode>absolute</altitudeMode>
				<coordinates>
					126.883965,37.394028,1729.74 126.879234,37.390411,1767.84 
				</coordinates>
			</LineString>
		</MultiGeometry>
	</Placemark>
	<Placemark>
		<name>P-115</name>
		<visibility>0</visibility>
		<description><![CDATA[<div><div><span><b>Altitude:</b></span> <span>5,800 ft - 5,975 ft</span></div>
<div><span><b>Speed:</b></span> <span>273 kt - 271 kt</span></div>
<div><span><b>Timestamp:</b></span><br/><span>2024-09-23 00:30:58 UTC<br/>2024-09-23 00:31:02 UTC</span></div>
</div>]]></description>
		<Style>
			<LineStyle>
				<color>ff00ff72</color>
				<width>2</width>
			</LineStyle>
		</Style>
		<MultiGeometry>
			<LineString>
				<tessellate>1</tessellate>
				<altitudeMode>absolute</altitudeMode>
				<coordinates>
					126.879234,37.390411,1767.84 126.874115,37.387451,1821.18 
				</coordinates>
			</LineString>
		</MultiGeometry>
	</Placemark>
	<Placemark>
		<name>P-116</name>
		<visibility>0</visibility>
		<description><![CDATA[<div><div><span><b>Altitude:</b></span> <span>5,975 ft - 6,025 ft</span></div>
<div><span><b>Speed:</b></span> <span>271 kt - 270 kt</span></div>
<div><span><b>Timestamp:</b></span><br/><span>2024-09-23 00:31:02 UTC<br/>2024-09-23 00:31:03 UTC</span></div>
</div>]]></description>
		<Style>
			<LineStyle>
				<color>ff00ff72</color>
				<width>2</width>
			</LineStyle>
		</Style>
		<MultiGeometry>
			<LineString>
				<tessellate>1</tessellate>
				<altitudeMode>absolute</altitudeMode>
				<coordinates>
					126.874115,37.387451,1821.18 126.872803,37.386894,1836.42 
				</coordinates>
			</LineString>
		</MultiGeometry>
	</Placemark>
	<Placemark>
		<name>P-117</name>
		<visibility>0</visibility>
		<description><![CDATA[<div><div><span><b>Altitude:</b></span> <span>6,025 ft - 6,225 ft</span></div>
<div><span><b>Speed:</b></span> <span>270 kt - 269 kt</span></div>
<div><span><b>Timestamp:</b></span><br/><span>2024-09-23 00:31:03 UTC<br/>2024-09-23 00:31:07 UTC</span></div>
</div>]]></description>
		<Style>
			<LineStyle>
				<color>ff00ff72</color>
				<width>2</width>
			</LineStyle>
		</Style>
		<MultiGeometry>
			<LineString>
				<tessellate>1</tessellate>
				<altitudeMode>absolute</altitudeMode>
				<coordinates>
					126.872803,37.386894,1836.42 126.867432,37.384781,1897.38 
				</coordinates>
			</LineString>
		</MultiGeometry>
	</Placemark>
	<Placemark>
		<name>P-118</name>
		<visibility>0</visibility>
		<description><![CDATA[<div><div><span><b>Altitude:</b></span> <span>6,225 ft - 6,350 ft</span></div>
<div><span><b>Speed:</b></span> <span>269 kt</span></div>
<div><span><b>Timestamp:</b></span><br/><span>2024-09-23 00:31:07 UTC<br/>2024-09-23 00:31:10 UTC</span></div>
</div>]]></description>
		<Style>
			<LineStyle>
				<color>ff00ff72</color>
				<width>2</width>
			</LineStyle>
		</Style>
		<MultiGeometry>
			<LineString>
				<tessellate>1</tessellate>
				<altitudeMode>absolute</altitudeMode>
				<coordinates>
					126.867432,37.384781,1897.38 126.863129,37.38345,1935.48 
				</coordinates>
			</LineString>
		</MultiGeometry>
	</Placemark>
	<Placemark>
		<name>P-119</name>
		<visibility>0</visibility>
		<description><![CDATA[<div><div><span><b>Altitude:</b></span> <span>6,350 ft - 6,475 ft</span></div>
<div><span><b>Speed:</b></span> <span>269 kt - 270 kt</span></div>
<div><span><b>Timestamp:</b></span><br/><span>2024-09-23 00:31:10 UTC<br/>2024-09-23 00:31:13 UTC</span></div>
</div>]]></description>
		<Style>
			<LineStyle>
				<color>ff00ff72</color>
				<width>2</width>
			</LineStyle>
		</Style>
		<MultiGeometry>
			<LineString>
				<tessellate>1</tessellate>
				<altitudeMode>absolute</altitudeMode>
				<coordinates>
					126.863129,37.38345,1935.48 126.858955,37.382355,1973.58 
				</coordinates>
			</LineString>
		</MultiGeometry>
	</Placemark>
	<Placemark>
		<name>P-120</name>
		<visibility>0</visibility>
		<description><![CDATA[<div><div><span><b>Altitude:</b></span> <span>6,475 ft - 6,575 ft</span></div>
<div><span><b>Speed:</b></span> <span>270 kt</span></div>
<div><span><b>Timestamp:</b></span><br/><span>2024-09-23 00:31:13 UTC<br/>2024-09-23 00:31:15 UTC</span></div>
</div>]]></description>
		<Style>
			<LineStyle>
				<color>ff00ff72</color>
				<width>2</width>
			</LineStyle>
		</Style>
		<MultiGeometry>
			<LineString>
				<tessellate>1</tessellate>
				<altitudeMode>absolute</altitudeMode>
				<coordinates>
					126.858955,37.382355,1973.58 126.855133,37.381447,2004.06 
				</coordinates>
			</LineString>
		</MultiGeometry>
	</Placemark>
	<Placemark>
		<name>P-121</name>
		<visibility>0</visibility>
		<description><![CDATA[<div><div><span><b>Altitude:</b></span> <span>6,575 ft - 6,725 ft</span></div>
<div><span><b>Speed:</b></span> <span>270 kt - 271 kt</span></div>
<div><span><b>Timestamp:</b></span><br/><span>2024-09-23 00:31:15 UTC<br/>2024-09-23 00:31:19 UTC</span></div>
</div>]]></description>
		<Style>
			<LineStyle>
				<color>ff00ff9c</color>
				<width>2</width>
			</LineStyle>
		</Style>
		<MultiGeometry>
			<LineString>
				<tessellate>1</tessellate>
				<altitudeMode>absolute</altitudeMode>
				<coordinates>
					126.855133,37.381447,2004.06 126.849953,37.380249,2049.78 
				</coordinates>
			</LineString>
		</MultiGeometry>
	</Placemark>
	<Placemark>
		<name>P-122</name>
		<visibility>0</visibility>
		<description><![CDATA[<div><div><span><b>Altitude:</b></span> <span>6,725 ft - 6,850 ft</span></div>
<div><span><b>Speed:</b></span> <span>271 kt - 272 kt</span></div>
<div><span><b>Timestamp:</b></span><br/><span>2024-09-23 00:31:19 UTC<br/>2024-09-23 00:31:22 UTC</span></div>
</div>]]></description>
		<Style>
			<LineStyle>
				<color>ff00ff9c</color>
				<width>2</width>
			</LineStyle>
		</Style>
		<MultiGeometry>
			<LineString>
				<tessellate>1</tessellate>
				<altitudeMode>absolute</altitudeMode>
				<coordinates>
					126.849953,37.380249,2049.78 126.84446,37.378922,2087.88 
				</coordinates>
			</LineString>
		</MultiGeometry>
	</Placemark>
	<Placemark>
		<name>P-123</name>
		<visibility>0</visibility>
		<description><![CDATA[<div><div><span><b>Altitude:</b></span> <span>6,850 ft - 6,900 ft</span></div>
<div><span><b>Speed:</b></span> <span>272 kt - 274 kt</span></div>
<div><span><b>Timestamp:</b></span><br/><span>2024-09-23 00:31:22 UTC<br/>2024-09-23 00:31:24 UTC</span></div>
</div>]]></description>
		<Style>
			<LineStyle>
				<color>ff00ff9c</color>
				<width>2</width>
			</LineStyle>
		</Style>
		<MultiGeometry>
			<LineString>
				<tessellate>1</tessellate>
				<altitudeMode>absolute</altitudeMode>
				<coordinates>
					126.84446,37.378922,2087.88 126.840981,37.378094,2103.119999999999 
				</coordinates>
			</LineString>
		</MultiGeometry>
	</Placemark>
	<Placemark>
		<name>P-124</name>
		<visibility>0</visibility>
		<description><![CDATA[<div><div><span><b>Altitude:</b></span> <span>6,900 ft - 7,050 ft</span></div>
<div><span><b>Speed:</b></span> <span>274 kt - 278 kt</span></div>
<div><span><b>Timestamp:</b></span><br/><span>2024-09-23 00:31:24 UTC<br/>2024-09-23 00:31:28 UTC</span></div>
</div>]]></description>
		<Style>
			<LineStyle>
				<color>ff00ff9c</color>
				<width>2</width>
			</LineStyle>
		</Style>
		<MultiGeometry>
			<LineString>
				<tessellate>1</tessellate>
				<altitudeMode>absolute</altitudeMode>
				<coordinates>
					126.840981,37.378094,2103.119999999999 126.834053,37.376328,2148.84 
				</coordinates>
			</LineString>
		</MultiGeometry>
	</Placemark>
	<Placemark>
		<name>P-125</name>
		<visibility>0</visibility>
		<description><![CDATA[<div><div><span><b>Altitude:</b></span> <span>7,050 ft - 7,100 ft</span></div>
<div><span><b>Speed:</b></span> <span>278 kt - 280 kt</span></div>
<div><span><b>Timestamp:</b></span><br/><span>2024-09-23 00:31:28 UTC<br/>2024-09-23 00:31:32 UTC</span></div>
</div>]]></description>
		<Style>
			<LineStyle>
				<color>ff00ff9c</color>
				<width>2</width>
			</LineStyle>
		</Style>
		<MultiGeometry>
			<LineString>
				<tessellate>1</tessellate>
				<altitudeMode>absolute</altitudeMode>
				<coordinates>
					126.834053,37.376328,2148.84 126.831665,37.375717,2164.079999999999 
				</coordinates>
			</LineString>
		</MultiGeometry>
	</Placemark>
	<Placemark>
		<name>P-126</name>
		<visibility>0</visibility>
		<description><![CDATA[<div><div><span><b>Altitude:</b></span> <span>7,100 ft - 7,225 ft</span></div>
<div><span><b>Speed:</b></span> <span>280 kt</span></div>
<div><span><b>Timestamp:</b></span><br/><span>2024-09-23 00:31:32 UTC<br/>2024-09-23 00:31:35 UTC</span></div>
</div>]]></description>
		<Style>
			<LineStyle>
				<color>ff00ff9c</color>
				<width>2</width>
			</LineStyle>
		</Style>
		<MultiGeometry>
			<LineString>
				<tessellate>1</tessellate>
				<altitudeMode>absolute</altitudeMode>
				<coordinates>
					126.831665,37.375717,2164.079999999999 126.825119,37.373978,2202.18 
				</coordinates>
			</LineString>
		</MultiGeometry>
	</Placemark>
	<Placemark>
		<name>P-127</name>
		<visibility>0</visibility>
		<description><![CDATA[<div><div><span><b>Altitude:</b></span> <span>7,225 ft - 7,775 ft</span></div>
<div><span><b>Speed:</b></span> <span>280 kt - 287 kt</span></div>
<div><span><b>Timestamp:</b></span><br/><span>2024-09-23 00:31:35 UTC<br/>2024-09-23 00:31:49 UTC</span></div>
</div>]]></description>
		<Style>
			<LineStyle>
				<color>ff00ff9c</color>
				<width>2</width>
			</LineStyle>
		</Style>
		<MultiGeometry>
			<LineString>
				<tessellate>1</tessellate>
				<altitudeMode>absolute</altitudeMode>
				<coordinates>
					126.825119,37.373978,2202.18 126.801628,37.367573,2369.82 
				</coordinates>
			</LineString>
		</MultiGeometry>
	</Placemark>
	<Placemark>
		<name>P-128</name>
		<visibility>0</visibility>
		<description><![CDATA[<div><div><span><b>Altitude:</b></span> <span>7,775 ft - 8,250 ft</span></div>
<div><span><b>Speed:</b></span> <span>287 kt - 290 kt</span></div>
<div><span><b>Timestamp:</b></span><br/><span>2024-09-23 00:31:49 UTC<br/>2024-09-23 00:32:01 UTC</span></div>
</div>]]></description>
		<Style>
			<LineStyle>
				<color>ff00ff9c</color>
				<width>2</width>
			</LineStyle>
		</Style>
		<MultiGeometry>
			<LineString>
				<tessellate>1</tessellate>
				<altitudeMode>absolute</altitudeMode>
				<coordinates>
					126.801628,37.367573,2369.82 126.783218,37.362762,2514.6 
				</coordinates>
			</LineString>
		</MultiGeometry>
	</Placemark>
	<Placemark>
		<name>P-129</name>
		<visibility>0</visibility>
		<description><![CDATA[<div><div><span><b>Altitude:</b></span> <span>8,250 ft - 8,450 ft</span></div>
<div><span><b>Speed:</b></span> <span>290 kt - 292 kt</span></div>
<div><span><b>Timestamp:</b></span><br/><span>2024-09-23 00:32:01 UTC<br/>2024-09-23 00:32:08 UTC</span></div>
</div>]]></description>
		<Style>
			<LineStyle>
				<color>ff00ffd2</color>
				<width>2</width>
			</LineStyle>
		</Style>
		<MultiGeometry>
			<LineString>
				<tessellate>1</tessellate>
				<altitudeMode>absolute</altitudeMode>
				<coordinates>
					126.783218,37.362762,2514.6 126.77282,37.361343,2575.56 
				</coordinates>
			</LineString>
		</MultiGeometry>
	</Placemark>
	<Placemark>
		<name>P-130</name>
		<visibility>0</visibility>
		<description><![CDATA[<div><div><span><b>Altitude:</b></span> <span>8,450 ft - 8,575 ft</span></div>
<div><span><b>Speed:</b></span> <span>292 kt</span></div>
<div><span><b>Timestamp:</b></span><br/><span>2024-09-23 00:32:08 UTC<br/>2024-09-23 00:32:11 UTC</span></div>
</div>]]></description>
		<Style>
			<LineStyle>
				<color>ff00ffd2</color>
				<width>2</width>
			</LineStyle>
		</Style>
		<MultiGeometry>
			<LineString>
				<tessellate>1</tessellate>
				<altitudeMode>absolute</altitudeMode>
				<coordinates>
					126.77282,37.361343,2575.56 126.766525,37.36129,2613.659999999999 
				</coordinates>
			</LineString>
		</MultiGeometry>
	</Placemark>
	<Placemark>
		<name>P-131</name>
		<visibility>0</visibility>
		<description><![CDATA[<div><div><span><b>Altitude:</b></span> <span>8,575 ft - 8,650 ft</span></div>
<div><span><b>Speed:</b></span> <span>292 kt - 294 kt</span></div>
<div><span><b>Timestamp:</b></span><br/><span>2024-09-23 00:32:11 UTC<br/>2024-09-23 00:32:14 UTC</span></div>
</div>]]></description>
		<Style>
			<LineStyle>
				<color>ff00ffd2</color>
				<width>2</width>
			</LineStyle>
		</Style>
		<MultiGeometry>
			<LineString>
				<tessellate>1</tessellate>
				<altitudeMode>absolute</altitudeMode>
				<coordinates>
					126.766525,37.36129,2613.659999999999 126.763298,37.361477,2636.52 
				</coordinates>
			</LineString>
		</MultiGeometry>
	</Placemark>
	<Placemark>
		<name>P-132</name>
		<visibility>0</visibility>
		<description><![CDATA[<div><div><span><b>Altitude:</b></span> <span>8,650 ft - 8,750 ft</span></div>
<div><span><b>Speed:</b></span> <span>294 kt</span></div>
<div><span><b>Timestamp:</b></span><br/><span>2024-09-23 00:32:14 UTC<br/>2024-09-23 00:32:17 UTC</span></div>
</div>]]></description>
		<Style>
			<LineStyle>
				<color>ff00ffd2</color>
				<width>2</width>
			</LineStyle>
		</Style>
		<MultiGeometry>
			<LineString>
				<tessellate>1</tessellate>
				<altitudeMode>absolute</altitudeMode>
				<coordinates>
					126.763298,37.361477,2636.52 126.758286,37.36208,2667 
				</coordinates>
			</LineString>
		</MultiGeometry>
	</Placemark>
	<Placemark>
		<name>P-133</name>
		<visibility>0</visibility>
		<description><![CDATA[<div><div><span><b>Altitude:</b></span> <span>8,750 ft - 8,900 ft</span></div>
<div><span><b>Speed:</b></span> <span>294 kt</span></div>
<div><span><b>Timestamp:</b></span><br/><span>2024-09-23 00:32:17 UTC<br/>2024-09-23 00:32:20 UTC</span></div>
</div>]]></description>
		<Style>
			<LineStyle>
				<color>ff00ffd2</color>
				<width>2</width>
			</LineStyle>
		</Style>
		<MultiGeometry>
			<LineString>
				<tessellate>1</tessellate>
				<altitudeMode>absolute</altitudeMode>
				<coordinates>
					126.758286,37.36208,2667 126.751663,37.363541,2712.72 
				</coordinates>
			</LineString>
		</MultiGeometry>
	</Placemark>
	<Placemark>
		<name>P-134</name>
		<visibility>0</visibility>
		<description><![CDATA[<div><div><span><b>Altitude:</b></span> <span>8,900 ft - 9,100 ft</span></div>
<div><span><b>Speed:</b></span> <span>294 kt</span></div>
<div><span><b>Timestamp:</b></span><br/><span>2024-09-23 00:32:20 UTC<br/>2024-09-23 00:32:24 UTC</span></div>
</div>]]></description>
		<Style>
			<LineStyle>
				<color>ff00ffd2</color>
				<width>2</width>
			</LineStyle>
		</Style>
		<MultiGeometry>
			<LineString>
				<tessellate>1</tessellate>
				<altitudeMode>absolute</altitudeMode>
				<coordinates>
					126.751663,37.363541,2712.72 126.745087,37.365524,2773.679999999999 
				</coordinates>
			</LineString>
		</MultiGeometry>
	</Placemark>
	<Placemark>
		<name>P-135</name>
		<visibility>0</visibility>
		<description><![CDATA[<div><div><span><b>Altitude:</b></span> <span>9,100 ft - 9,225 ft</span></div>
<div><span><b>Speed:</b></span> <span>294 kt - 293 kt</span></div>
<div><span><b>Timestamp:</b></span><br/><span>2024-09-23 00:32:24 UTC<br/>2024-09-23 00:32:26 UTC</span></div>
</div>]]></description>
		<Style>
			<LineStyle>
				<color>ff00ffd2</color>
				<width>2</width>
			</LineStyle>
		</Style>
		<MultiGeometry>
			<LineString>
				<tessellate>1</tessellate>
				<altitudeMode>absolute</altitudeMode>
				<coordinates>
					126.745087,37.365524,2773.679999999999 126.740967,37.366875,2811.78 
				</coordinates>
			</LineString>
		</MultiGeometry>
	</Placemark>
	<Placemark>
		<name>P-136</name>
		<visibility>0</visibility>
		<description><![CDATA[<div><div><span><b>Altitude:</b></span> <span>9,225 ft - 9,425 ft</span></div>
<div><span><b>Speed:</b></span> <span>293 kt - 291 kt</span></div>
<div><span><b>Timestamp:</b></span><br/><span>2024-09-23 00:32:26 UTC<br/>2024-09-23 00:32:30 UTC</span></div>
</div>]]></description>
		<Style>
			<LineStyle>
				<color>ff00ffd2</color>
				<width>2</width>
			</LineStyle>
		</Style>
		<MultiGeometry>
			<LineString>
				<tessellate>1</tessellate>
				<altitudeMode>absolute</altitudeMode>
				<coordinates>
					126.740967,37.366875,2811.78 126.735237,37.368786,2872.74 
				</coordinates>
			</LineString>
		</MultiGeometry>
	</Placemark>
	<Placemark>
		<name>P-137</name>
		<visibility>0</visibility>
		<description><![CDATA[<div><div><span><b>Altitude:</b></span> <span>9,425 ft - 9,600 ft</span></div>
<div><span><b>Speed:</b></span> <span>291 kt</span></div>
<div><span><b>Timestamp:</b></span><br/><span>2024-09-23 00:32:30 UTC<br/>2024-09-23 00:32:33 UTC</span></div>
</div>]]></description>
		<Style>
			<LineStyle>
				<color>ff00ffd2</color>
				<width>2</width>
			</LineStyle>
		</Style>
		<MultiGeometry>
			<LineString>
				<tessellate>1</tessellate>
				<altitudeMode>absolute</altitudeMode>
				<coordinates>
					126.735237,37.368786,2872.74 126.730637,37.370274,2926.08 
				</coordinates>
			</LineString>
		</MultiGeometry>
	</Placemark>
	<Placemark>
		<name>P-138</name>
		<visibility>0</visibility>
		<description><![CDATA[<div><div><span><b>Altitude:</b></span> <span>9,600 ft - 9,750 ft</span></div>
<div><span><b>Speed:</b></span> <span>291 kt - 289 kt</span></div>
<div><span><b>Timestamp:</b></span><br/><span>2024-09-23 00:32:33 UTC<br/>2024-09-23 00:32:36 UTC</span></div>
</div>]]></description>
		<Style>
			<LineStyle>
				<color>ff00ffd2</color>
				<width>2</width>
			</LineStyle>
		</Style>
		<MultiGeometry>
			<LineString>
				<tessellate>1</tessellate>
				<altitudeMode>absolute</altitudeMode>
				<coordinates>
					126.730637,37.370274,2926.08 126.726181,37.371735,2971.8 
				</coordinates>
			</LineString>
		</MultiGeometry>
	</Placemark>
	<Placemark>
		<name>P-139</name>
		<visibility>0</visibility>
		<description><![CDATA[<div><div><span><b>Altitude:</b></span> <span>9,750 ft - 9,900 ft</span></div>
<div><span><b>Speed:</b></span> <span>289 kt</span></div>
<div><span><b>Timestamp:</b></span><br/><span>2024-09-23 00:32:36 UTC<br/>2024-09-23 00:32:39 UTC</span></div>
</div>]]></description>
		<Style>
			<LineStyle>
				<color>ff00ffd2</color>
				<width>2</width>
			</LineStyle>
		</Style>
		<MultiGeometry>
			<LineString>
				<tessellate>1</tessellate>
				<altitudeMode>absolute</altitudeMode>
				<coordinates>
					126.726181,37.371735,2971.8 126.721268,37.373299,3017.52 
				</coordinates>
			</LineString>
		</MultiGeometry>
	</Placemark>
	<Placemark>
		<name>P-140</name>
		<visibility>0</visibility>
		<description><![CDATA[<div><div><span><b>Altitude:</b></span> <span>9,900 ft - 9,975 ft</span></div>
<div><span><b>Speed:</b></span> <span>289 kt - 288 kt</span></div>
<div><span><b>Timestamp:</b></span><br/><span>2024-09-23 00:32:39 UTC<br/>2024-09-23 00:32:41 UTC</span></div>
</div>]]></description>
		<Style>
			<LineStyle>
				<color>ff00ffe4</color>
				<width>2</width>
			</LineStyle>
		</Style>
		<MultiGeometry>
			<LineString>
				<tessellate>1</tessellate>
				<altitudeMode>absolute</altitudeMode>
				<coordinates>
					126.721268,37.373299,3017.52 126.718163,37.374279,3040.38 
				</coordinates>
			</LineString>
		</MultiGeometry>
	</Placemark>
	<Placemark>
		<name>P-141</name>
		<visibility>0</visibility>
		<description><![CDATA[<div><div><span><b>Altitude:</b></span> <span>9,975 ft - 10,175 ft</span></div>
<div><span><b>Speed:</b></span> <span>288 kt - 289 kt</span></div>
<div><span><b>Timestamp:</b></span><br/><span>2024-09-23 00:32:41 UTC<br/>2024-09-23 00:32:47 UTC</span></div>
</div>]]></description>
		<Style>
			<LineStyle>
				<color>ff00ffe4</color>
				<width>2</width>
			</LineStyle>
		</Style>
		<MultiGeometry>
			<LineString>
				<tessellate>1</tessellate>
				<altitudeMode>absolute</altitudeMode>
				<coordinates>
					126.718163,37.374279,3040.38 126.710815,37.376587,3101.34 
				</coordinates>
			</LineString>
		</MultiGeometry>
	</Placemark>
	<Placemark>
		<name>P-142</name>
		<visibility>0</visibility>
		<description><![CDATA[<div><div><span><b>Altitude:</b></span> <span>10,175 ft - 10,750 ft</span></div>
<div><span><b>Speed:</b></span> <span>289 kt - 294 kt</span></div>
<div><span><b>Timestamp:</b></span><br/><span>2024-09-23 00:32:47 UTC<br/>2024-09-23 00:33:02 UTC</span></div>
</div>]]></description>
		<Style>
			<LineStyle>
				<color>ff00ffe4</color>
				<width>2</width>
			</LineStyle>
		</Style>
		<MultiGeometry>
			<LineString>
				<tessellate>1</tessellate>
				<altitudeMode>absolute</altitudeMode>
				<coordinates>
					126.710815,37.376587,3101.34 126.685043,37.384552,3276.599999999999 
				</coordinates>
			</LineString>
		</MultiGeometry>
	</Placemark>
	<Placemark>
		<name>P-143</name>
		<visibility>0</visibility>
		<description><![CDATA[<div><div><span><b>Altitude:</b></span> <span>10,750 ft - 11,375 ft</span></div>
<div><span><b>Speed:</b></span> <span>294 kt - 296 kt</span></div>
<div><span><b>Timestamp:</b></span><br/><span>2024-09-23 00:33:02 UTC<br/>2024-09-23 00:33:17 UTC</span></div>
</div>]]></description>
		<Style>
			<LineStyle>
				<color>ff00ffe4</color>
				<width>2</width>
			</LineStyle>
		</Style>
		<MultiGeometry>
			<LineString>
				<tessellate>1</tessellate>
				<altitudeMode>absolute</altitudeMode>
				<coordinates>
					126.685043,37.384552,3276.599999999999 126.66021,37.392151,3467.099999999999 
				</coordinates>
			</LineString>
		</MultiGeometry>
	</Placemark>
	<Placemark>
		<name>P-144</name>
		<visibility>0</visibility>
		<description><![CDATA[<div><div><span><b>Altitude:</b></span> <span>11,375 ft - 12,125 ft</span></div>
<div><span><b>Speed:</b></span> <span>296 kt - 292 kt</span></div>
<div><span><b>Timestamp:</b></span><br/><span>2024-09-23 00:33:17 UTC<br/>2024-09-23 00:33:32 UTC</span></div>
</div>]]></description>
		<Style>
			<LineStyle>
				<color>ff00ffe4</color>
				<width>2</width>
			</LineStyle>
		</Style>
		<MultiGeometry>
			<LineString>
				<tessellate>1</tessellate>
				<altitudeMode>absolute</altitudeMode>
				<coordinates>
					126.66021,37.392151,3467.099999999999 126.63578,37.399521,3695.699999999999 
				</coordinates>
			</LineString>
		</MultiGeometry>
	</Placemark>
	<Placemark>
		<name>P-145</name>
		<visibility>0</visibility>
		<description><![CDATA[<div><div><span><b>Altitude:</b></span> <span>12,125 ft - 13,300 ft</span></div>
<div><span><b>Speed:</b></span> <span>292 kt - 293 kt</span></div>
<div><span><b>Timestamp:</b></span><br/><span>2024-09-23 00:33:32 UTC<br/>2024-09-23 00:34:03 UTC</span></div>
</div>]]></description>
		<Style>
			<LineStyle>
				<color>ff00eaff</color>
				<width>2</width>
			</LineStyle>
		</Style>
		<MultiGeometry>
			<LineString>
				<tessellate>1</tessellate>
				<altitudeMode>absolute</altitudeMode>
				<coordinates>
					126.63578,37.399521,3695.699999999999 126.587578,37.412033,4053.84 
				</coordinates>
			</LineString>
		</MultiGeometry>
	</Placemark>
	<Placemark>
		<name>P-146</name>
		<visibility>0</visibility>
		<description><![CDATA[<div><div><span><b>Altitude:</b></span> <span>13,300 ft - 13,425 ft</span></div>
<div><span><b>Speed:</b></span> <span>293 kt - 294 kt</span></div>
<div><span><b>Timestamp:</b></span><br/><span>2024-09-23 00:34:03 UTC<br/>2024-09-23 00:34:06 UTC</span></div>
</div>]]></description>
		<Style>
			<LineStyle>
				<color>ff00c0ff</color>
				<width>2</width>
			</LineStyle>
		</Style>
		<MultiGeometry>
			<LineString>
				<tessellate>1</tessellate>
				<altitudeMode>absolute</altitudeMode>
				<coordinates>
					126.587578,37.412033,4053.84 126.581902,37.412357,4091.94 
				</coordinates>
			</LineString>
		</MultiGeometry>
	</Placemark>
	<Placemark>
		<name>P-147</name>
		<visibility>0</visibility>
		<description><![CDATA[<div><div><span><b>Altitude:</b></span> <span>13,425 ft - 13,550 ft</span></div>
<div><span><b>Speed:</b></span> <span>294 kt - 296 kt</span></div>
<div><span><b>Timestamp:</b></span><br/><span>2024-09-23 00:34:06 UTC<br/>2024-09-23 00:34:09 UTC</span></div>
</div>]]></description>
		<Style>
			<LineStyle>
				<color>ff00c0ff</color>
				<width>2</width>
			</LineStyle>
		</Style>
		<MultiGeometry>
			<LineString>
				<tessellate>1</tessellate>
				<altitudeMode>absolute</altitudeMode>
				<coordinates>
					126.581902,37.412357,4091.94 126.576057,37.412384,4130.04 
				</coordinates>
			</LineString>
		</MultiGeometry>
	</Placemark>
	<Placemark>
		<name>P-148</name>
		<visibility>0</visibility>
		<description><![CDATA[<div><div><span><b>Altitude:</b></span> <span>13,550 ft - 13,650 ft</span></div>
<div><span><b>Speed:</b></span> <span>296 kt</span></div>
<div><span><b>Timestamp:</b></span><br/><span>2024-09-23 00:34:09 UTC<br/>2024-09-23 00:34:12 UTC</span></div>
</div>]]></description>
		<Style>
			<LineStyle>
				<color>ff00c0ff</color>
				<width>2</width>
			</LineStyle>
		</Style>
		<MultiGeometry>
			<LineString>
				<tessellate>1</tessellate>
				<altitudeMode>absolute</altitudeMode>
				<coordinates>
					126.576057,37.412384,4130.04 126.570679,37.412312,4160.52 
				</coordinates>
			</LineString>
		</MultiGeometry>
	</Placemark>
	<Placemark>
		<name>P-149</name>
		<visibility>0</visibility>
		<description><![CDATA[<div><div><span><b>Altitude:</b></span> <span>13,650 ft - 13,775 ft</span></div>
<div><span><b>Speed:</b></span> <span>296 kt</span></div>
<div><span><b>Timestamp:</b></span><br/><span>2024-09-23 00:34:12 UTC<br/>2024-09-23 00:34:15 UTC</span></div>
</div>]]></description>
		<Style>
			<LineStyle>
				<color>ff00c0ff</color>
				<width>2</width>
			</LineStyle>
		</Style>
		<MultiGeometry>
			<LineString>
				<tessellate>1</tessellate>
				<altitudeMode>absolute</altitudeMode>
				<coordinates>
					126.570679,37.412312,4160.52 126.565727,37.412266,4198.62 
				</coordinates>
			</LineString>
		</MultiGeometry>
	</Placemark>
	<Placemark>
		<name>P-150</name>
		<visibility>0</visibility>
		<description><![CDATA[<div><div><span><b>Altitude:</b></span> <span>13,775 ft - 13,900 ft</span></div>
<div><span><b>Speed:</b></span> <span>296 kt - 295 kt</span></div>
<div><span><b>Timestamp:</b></span><br/><span>2024-09-23 00:34:15 UTC<br/>2024-09-23 00:34:18 UTC</span></div>
</div>]]></description>
		<Style>
			<LineStyle>
				<color>ff00c0ff</color>
				<width>2</width>
			</LineStyle>
		</Style>
		<MultiGeometry>
			<LineString>
				<tessellate>1</tessellate>
				<altitudeMode>absolute</altitudeMode>
				<coordinates>
					126.565727,37.412266,4198.62 126.56041,37.41217,4236.72 
				</coordinates>
			</LineString>
		</MultiGeometry>
	</Placemark>
	<Placemark>
		<name>P-151</name>
		<visibility>0</visibility>
		<description><![CDATA[<div><div><span><b>Altitude:</b></span> <span>13,900 ft - 14,050 ft</span></div>
<div><span><b>Speed:</b></span> <span>295 kt - 294 kt</span></div>
<div><span><b>Timestamp:</b></span><br/><span>2024-09-23 00:34:18 UTC<br/>2024-09-23 00:34:21 UTC</span></div>
</div>]]></description>
		<Style>
			<LineStyle>
				<color>ff00c0ff</color>
				<width>2</width>
			</LineStyle>
		</Style>
		<MultiGeometry>
			<LineString>
				<tessellate>1</tessellate>
				<altitudeMode>absolute</altitudeMode>
				<coordinates>
					126.56041,37.41217,4236.72 126.554848,37.412064,4282.44 
				</coordinates>
			</LineString>
		</MultiGeometry>
	</Placemark>
	<Placemark>
		<name>P-152</name>
		<visibility>0</visibility>
		<description><![CDATA[<div><div><span><b>Altitude:</b></span> <span>14,050 ft - 14,150 ft</span></div>
<div><span><b>Speed:</b></span> <span>294 kt</span></div>
<div><span><b>Timestamp:</b></span><br/><span>2024-09-23 00:34:21 UTC<br/>2024-09-23 00:34:24 UTC</span></div>
</div>]]></description>
		<Style>
			<LineStyle>
				<color>ff00c0ff</color>
				<width>2</width>
			</LineStyle>
		</Style>
		<MultiGeometry>
			<LineString>
				<tessellate>1</tessellate>
				<altitudeMode>absolute</altitudeMode>
				<coordinates>
					126.554848,37.412064,4282.44 126.54966,37.412033,4312.919999999999 
				</coordinates>
			</LineString>
		</MultiGeometry>
	</Placemark>
	<Placemark>
		<name>P-153</name>
		<visibility>0</visibility>
		<description><![CDATA[<div><div><span><b>Altitude:</b></span> <span>14,150 ft - 14,200 ft</span></div>
<div><span><b>Speed:</b></span> <span>294 kt</span></div>
<div><span><b>Timestamp:</b></span><br/><span>2024-09-23 00:34:24 UTC<br/>2024-09-23 00:34:28 UTC</span></div>
</div>]]></description>
		<Style>
			<LineStyle>
				<color>ff00c0ff</color>
				<width>2</width>
			</LineStyle>
		</Style>
		<MultiGeometry>
			<LineString>
				<tessellate>1</tessellate>
				<altitudeMode>absolute</altitudeMode>
				<coordinates>
					126.54966,37.412033,4312.919999999999 126.548004,37.411972,4328.159999999999 
				</coordinates>
			</LineString>
		</MultiGeometry>
	</Placemark>
	<Placemark>
		<name>P-154</name>
		<visibility>0</visibility>
		<description><![CDATA[<div><div><span><b>Altitude:</b></span> <span>14,200 ft - 15,100 ft</span></div>
<div><span><b>Speed:</b></span> <span>294 kt - 301 kt</span></div>
<div><span><b>Timestamp:</b></span><br/><span>2024-09-23 00:34:28 UTC<br/>2024-09-23 00:34:59 UTC</span></div>
</div>]]></description>
		<Style>
			<LineStyle>
				<color>ff00c0ff</color>
				<width>2</width>
			</LineStyle>
		</Style>
		<MultiGeometry>
			<LineString>
				<tessellate>1</tessellate>
				<altitudeMode>absolute</altitudeMode>
				<coordinates>
					126.548004,37.411972,4328.159999999999 126.496231,37.411743,4602.48 
				</coordinates>
			</LineString>
		</MultiGeometry>
	</Placemark>
	<Placemark>
		<name>P-155</name>
		<visibility>0</visibility>
		<description><![CDATA[<div><div><span><b>Altitude:</b></span> <span>15,100 ft - 16,375 ft</span></div>
<div><span><b>Speed:</b></span> <span>301 kt - 297 kt</span></div>
<div><span><b>Timestamp:</b></span><br/><span>2024-09-23 00:34:59 UTC<br/>2024-09-23 00:35:29 UTC</span></div>
</div>]]></description>
		<Style>
			<LineStyle>
				<color>ff00a8ff</color>
				<width>2</width>
			</LineStyle>
		</Style>
		<MultiGeometry>
			<LineString>
				<tessellate>1</tessellate>
				<altitudeMode>absolute</altitudeMode>
				<coordinates>
					126.496231,37.411743,4602.48 126.439079,37.411427,4991.099999999999 
				</coordinates>
			</LineString>
		</MultiGeometry>
	</Placemark>
	<Placemark>
		<name>P-156</name>
		<visibility>0</visibility>
		<description><![CDATA[<div><div><span><b>Altitude:</b></span> <span>16,375 ft - 17,350 ft</span></div>
<div><span><b>Speed:</b></span> <span>297 kt - 303 kt</span></div>
<div><span><b>Timestamp:</b></span><br/><span>2024-09-23 00:35:29 UTC<br/>2024-09-23 00:36:02 UTC</span></div>
</div>]]></description>
		<Style>
			<LineStyle>
				<color>ff00a8ff</color>
				<width>2</width>
			</LineStyle>
		</Style>
		<MultiGeometry>
			<LineString>
				<tessellate>1</tessellate>
				<altitudeMode>absolute</altitudeMode>
				<coordinates>
					126.439079,37.411427,4991.099999999999 126.382774,37.411102,5288.28 
				</coordinates>
			</LineString>
		</MultiGeometry>
	</Placemark>
	<Placemark>
		<name>P-157</name>
		<visibility>0</visibility>
		<description><![CDATA[<div><div><span><b>Altitude:</b></span> <span>17,350 ft - 18,425 ft</span></div>
<div><span><b>Speed:</b></span> <span>303 kt - 301 kt</span></div>
<div><span><b>Timestamp:</b></span><br/><span>2024-09-23 00:36:02 UTC<br/>2024-09-23 00:36:33 UTC</span></div>
</div>]]></description>
		<Style>
			<LineStyle>
				<color>ff0096ff</color>
				<width>2</width>
			</LineStyle>
		</Style>
		<MultiGeometry>
			<LineString>
				<tessellate>1</tessellate>
				<altitudeMode>absolute</altitudeMode>
				<coordinates>
					126.382774,37.411102,5288.28 126.328224,37.410645,5615.939999999999 
				</coordinates>
			</LineString>
		</MultiGeometry>
	</Placemark>
	<Placemark>
		<name>P-158</name>
		<visibility>0</visibility>
		<description><![CDATA[<div><div><span><b>Altitude:</b></span> <span>18,425 ft - 19,475 ft</span></div>
<div><span><b>Speed:</b></span> <span>301 kt - 302 kt</span></div>
<div><span><b>Timestamp:</b></span><br/><span>2024-09-23 00:36:33 UTC<br/>2024-09-23 00:37:05 UTC</span></div>
</div>]]></description>
		<Style>
			<LineStyle>
				<color>ff0078ff</color>
				<width>2</width>
			</LineStyle>
		</Style>
		<MultiGeometry>
			<LineString>
				<tessellate>1</tessellate>
				<altitudeMode>absolute</altitudeMode>
				<coordinates>
					126.328224,37.410645,5615.939999999999 126.269928,37.410122,5935.98 
				</coordinates>
			</LineString>
		</MultiGeometry>
	</Placemark>
	<Placemark>
		<name>P-159</name>
		<visibility>0</visibility>
		<description><![CDATA[<div><div><span><b>Altitude:</b></span> <span>19,475 ft - 20,375 ft</span></div>
<div><span><b>Speed:</b></span> <span>302 kt - 306 kt</span></div>
<div><span><b>Timestamp:</b></span><br/><span>2024-09-23 00:37:05 UTC<br/>2024-09-23 00:37:38 UTC</span></div>
</div>]]></description>
		<Style>
			<LineStyle>
				<color>ff0078ff</color>
				<width>2</width>
			</LineStyle>
		</Style>
		<MultiGeometry>
			<LineString>
				<tessellate>1</tessellate>
				<altitudeMode>absolute</altitudeMode>
				<coordinates>
					126.269928,37.410122,5935.98 126.212921,37.409637,6210.3 
				</coordinates>
			</LineString>
		</MultiGeometry>
	</Placemark>
	<Placemark>
		<name>P-160</name>
		<visibility>0</visibility>
		<description><![CDATA[<div><div><span><b>Altitude:</b></span> <span>20,375 ft - 21,175 ft</span></div>
<div><span><b>Speed:</b></span> <span>306 kt - 311 kt</span></div>
<div><span><b>Timestamp:</b></span><br/><span>2024-09-23 00:37:38 UTC<br/>2024-09-23 00:38:10 UTC</span></div>
</div>]]></description>
		<Style>
			<LineStyle>
				<color>ff0054ff</color>
				<width>2</width>
			</LineStyle>
		</Style>
		<MultiGeometry>
			<LineString>
				<tessellate>1</tessellate>
				<altitudeMode>absolute</altitudeMode>
				<coordinates>
					126.212921,37.409637,6210.3 126.156769,37.409088,6454.139999999999 
				</coordinates>
			</LineString>
		</MultiGeometry>
	</Placemark>
	<Placemark>
		<name>P-161</name>
		<visibility>0</visibility>
		<description><![CDATA[<div><div><span><b>Altitude:</b></span> <span>21,175 ft - 21,975 ft</span></div>
<div><span><b>Speed:</b></span> <span>311 kt - 316 kt</span></div>
<div><span><b>Timestamp:</b></span><br/><span>2024-09-23 00:38:10 UTC<br/>2024-09-23 00:38:41 UTC</span></div>
</div>]]></description>
		<Style>
			<LineStyle>
				<color>ff0054ff</color>
				<width>2</width>
			</LineStyle>
		</Style>
		<MultiGeometry>
			<LineString>
				<tessellate>1</tessellate>
				<altitudeMode>absolute</altitudeMode>
				<coordinates>
					126.156769,37.409088,6454.139999999999 126.099907,37.408585,6697.979999999999 
				</coordinates>
			</LineString>
		</MultiGeometry>
	</Placemark>
	<Placemark>
		<name>P-162</name>
		<visibility>0</visibility>
		<description><![CDATA[<div><div><span><b>Altitude:</b></span> <span>21,975 ft - 22,775 ft</span></div>
<div><span><b>Speed:</b></span> <span>316 kt - 321 kt</span></div>
<div><span><b>Timestamp:</b></span><br/><span>2024-09-23 00:38:41 UTC<br/>2024-09-23 00:39:12 UTC</span></div>
</div>]]></description>
		<Style>
			<LineStyle>
				<color>ff0030ff</color>
				<width>2</width>
			</LineStyle>
		</Style>
		<MultiGeometry>
			<LineString>
				<tessellate>1</tessellate>
				<altitudeMode>absolute</altitudeMode>
				<coordinates>
					126.099907,37.408585,6697.979999999999 126.041817,37.408035,6941.819999999999 
				</coordinates>
			</LineString>
		</MultiGeometry>
	</Placemark>
	<Placemark>
		<name>P-163</name>
		<visibility>0</visibility>
		<description><![CDATA[<div><div><span><b>Altitude:</b></span> <span>22,775 ft - 23,775 ft</span></div>
<div><span><b>Speed:</b></span> <span>321 kt - 320 kt</span></div>
<div><span><b>Timestamp:</b></span><br/><span>2024-09-23 00:39:12 UTC<br/>2024-09-23 00:39:46 UTC</span></div>
</div>]]></description>
		<Style>
			<LineStyle>
				<color>ff0030ff</color>
				<width>2</width>
			</LineStyle>
		</Style>
		<MultiGeometry>
			<LineString>
				<tessellate>1</tessellate>
				<altitudeMode>absolute</altitudeMode>
				<coordinates>
					126.041817,37.408035,6941.819999999999 125.978706,37.407394,7246.62 
				</coordinates>
			</LineString>
		</MultiGeometry>
	</Placemark>
	<Placemark>
		<name>P-164</name>
		<visibility>0</visibility>
		<description><![CDATA[<div><div><span><b>Altitude:</b></span> <span>23,775 ft - 24,625 ft</span></div>
<div><span><b>Speed:</b></span> <span>320 kt - 318 kt</span></div>
<div><span><b>Timestamp:</b></span><br/><span>2024-09-23 00:39:46 UTC<br/>2024-09-23 00:40:16 UTC</span></div>
</div>]]></description>
		<Style>
			<LineStyle>
				<color>ff001eff</color>
				<width>2</width>
			</LineStyle>
		</Style>
		<MultiGeometry>
			<LineString>
				<tessellate>1</tessellate>
				<altitudeMode>absolute</altitudeMode>
				<coordinates>
					125.978706,37.407394,7246.62 125.922905,37.406677,7505.699999999999 
				</coordinates>
			</LineString>
		</MultiGeometry>
	</Placemark>
	<Placemark>
		<name>P-165</name>
		<visibility>0</visibility>
		<description><![CDATA[<div><div><span><b>Altitude:</b></span> <span>24,625 ft - 25,400 ft</span></div>
<div><span><b>Speed:</b></span> <span>318 kt - 321 kt</span></div>
<div><span><b>Timestamp:</b></span><br/><span>2024-09-23 00:40:16 UTC<br/>2024-09-23 00:40:48 UTC</span></div>
</div>]]></description>
		<Style>
			<LineStyle>
				<color>ff0000ff</color>
				<width>2</width>
			</LineStyle>
		</Style>
		<MultiGeometry>
			<LineString>
				<tessellate>1</tessellate>
				<altitudeMode>absolute</altitudeMode>
				<coordinates>
					125.922905,37.406677,7505.699999999999 125.862648,37.406021,7741.919999999999 
				</coordinates>
			</LineString>
		</MultiGeometry>
	</Placemark>
	<Placemark>
		<name>P-166</name>
		<visibility>0</visibility>
		<description><![CDATA[<div><div><span><b>Altitude:</b></span> <span>25,400 ft - 26,050 ft</span></div>
<div><span><b>Speed:</b></span> <span>321 kt - 324 kt</span></div>
<div><span><b>Timestamp:</b></span><br/><span>2024-09-23 00:40:48 UTC<br/>2024-09-23 00:41:18 UTC</span></div>
</div>]]></description>
		<Style>
			<LineStyle>
				<color>ff0000ff</color>
				<width>2</width>
			</LineStyle>
		</Style>
		<MultiGeometry>
			<LineString>
				<tessellate>1</tessellate>
				<altitudeMode>absolute</altitudeMode>
				<coordinates>
					125.862648,37.406021,7741.919999999999 125.808594,37.405426,7940.039999999998 
				</coordinates>
			</LineString>
		</MultiGeometry>
	</Placemark>
	<Placemark>
		<name>P-167</name>
		<visibility>0</visibility>
		<description><![CDATA[<div><div><span><b>Altitude:</b></span> <span>26,050 ft - 26,875 ft</span></div>
<div><span><b>Speed:</b></span> <span>324 kt - 326 kt</span></div>
<div><span><b>Timestamp:</b></span><br/><span>2024-09-23 00:41:18 UTC<br/>2024-09-23 00:41:51 UTC</span></div>
</div>]]></description>
		<Style>
			<LineStyle>
				<color>ff0000ff</color>
				<width>2</width>
			</LineStyle>
		</Style>
		<MultiGeometry>
			<LineString>
				<tessellate>1</tessellate>
				<altitudeMode>absolute</altitudeMode>
				<coordinates>
					125.808594,37.405426,7940.039999999998 125.746353,37.404648,8191.499999999998 
				</coordinates>
			</LineString>
		</MultiGeometry>
	</Placemark>
	<Placemark>
		<name>P-168</name>
		<visibility>0</visibility>
		<description><![CDATA[<div><div><span><b>Altitude:</b></span> <span>26,875 ft - 27,825 ft</span></div>
<div><span><b>Speed:</b></span> <span>326 kt - 324 kt</span></div>
<div><span><b>Timestamp:</b></span><br/><span>2024-09-23 00:41:51 UTC<br/>2024-09-23 00:42:24 UTC</span></div>
</div>]]></description>
		<Style>
			<LineStyle>
				<color>ff0000ff</color>
				<width>2</width>
			</LineStyle>
		</Style>
		<MultiGeometry>
			<LineString>
				<tessellate>1</tessellate>
				<altitudeMode>absolute</altitudeMode>
				<coordinates>
					125.746353,37.404648,8191.499999999998 125.684013,37.403839,8481.059999999999 
				</coordinates>
			</LineString>
		</MultiGeometry>
	</Placemark>
	<Placemark>
		<name>P-169</name>
		<visibility>0</visibility>
		<description><![CDATA[<div><div><span><b>Altitude:</b></span> <span>27,825 ft - 28,425 ft</span></div>
<div><span><b>Speed:</b></span> <span>324 kt - 326 kt</span></div>
<div><span><b>Timestamp:</b></span><br/><span>2024-09-23 00:42:24 UTC<br/>2024-09-23 00:42:52 UTC</span></div>
</div>]]></description>
		<Style>
			<LineStyle>
				<color>ff0000ff</color>
				<width>2</width>
			</LineStyle>
		</Style>
		<MultiGeometry>
			<LineString>
				<tessellate>1</tessellate>
				<altitudeMode>absolute</altitudeMode>
				<coordinates>
					125.684013,37.403839,8481.059999999999 125.631294,37.403137,8663.940000000001 
				</coordinates>
			</LineString>
		</MultiGeometry>
	</Placemark>
	<Placemark>
		<name>P-170</name>
		<visibility>0</visibility>
		<description><![CDATA[<div><div><span><b>Altitude:</b></span> <span>28,425 ft - 29,350 ft</span></div>
<div><span><b>Speed:</b></span> <span>326 kt - 325 kt</span></div>
<div><span><b>Timestamp:</b></span><br/><span>2024-09-23 00:42:52 UTC<br/>2024-09-23 00:43:28 UTC</span></div>
</div>]]></description>
		<Style>
			<LineStyle>
				<color>ff2400ff</color>
				<width>2</width>
			</LineStyle>
		</Style>
		<MultiGeometry>
			<LineString>
				<tessellate>1</tessellate>
				<altitudeMode>absolute</altitudeMode>
				<coordinates>
					125.631294,37.403137,8663.940000000001 125.562683,37.402222,8945.879999999999 
				</coordinates>
			</LineString>
		</MultiGeometry>
	</Placemark>
	<Placemark>
		<name>P-171</name>
		<visibility>0</visibility>
		<description><![CDATA[<div><div><span><b>Altitude:</b></span> <span>29,350 ft - 30,125 ft</span></div>
<div><span><b>Speed:</b></span> <span>325 kt - 324 kt</span></div>
<div><span><b>Timestamp:</b></span><br/><span>2024-09-23 00:43:28 UTC<br/>2024-09-23 00:44:01 UTC</span></div>
</div>]]></description>
		<Style>
			<LineStyle>
				<color>ff2400ff</color>
				<width>2</width>
			</LineStyle>
		</Style>
		<MultiGeometry>
			<LineString>
				<tessellate>1</tessellate>
				<altitudeMode>absolute</altitudeMode>
				<coordinates>
					125.562683,37.402222,8945.879999999999 125.501007,37.401325,9182.099999999999 
				</coordinates>
			</LineString>
		</MultiGeometry>
	</Placemark>
	<Placemark>
		<name>P-172</name>
		<visibility>0</visibility>
		<description><![CDATA[<div><div><span><b>Altitude:</b></span> <span>30,125 ft - 30,775 ft</span></div>
<div><span><b>Speed:</b></span> <span>324 kt - 326 kt</span></div>
<div><span><b>Timestamp:</b></span><br/><span>2024-09-23 00:44:01 UTC<br/>2024-09-23 00:44:34 UTC</span></div>
</div>]]></description>
		<Style>
			<LineStyle>
				<color>ff3600ff</color>
				<width>2</width>
			</LineStyle>
		</Style>
		<MultiGeometry>
			<LineString>
				<tessellate>1</tessellate>
				<altitudeMode>absolute</altitudeMode>
				<coordinates>
					125.501007,37.401325,9182.099999999999 125.438011,37.400349,9380.219999999998 
				</coordinates>
			</LineString>
		</MultiGeometry>
	</Placemark>
	<Placemark>
		<name>P-173</name>
		<visibility>0</visibility>
		<description><![CDATA[<div><div><span><b>Altitude:</b></span> <span>30,775 ft - 31,275 ft</span></div>
<div><span><b>Speed:</b></span> <span>326 kt - 329 kt</span></div>
<div><span><b>Timestamp:</b></span><br/><span>2024-09-23 00:44:34 UTC<br/>2024-09-23 00:45:05 UTC</span></div>
</div>]]></description>
		<Style>
			<LineStyle>
				<color>ff3600ff</color>
				<width>2</width>
			</LineStyle>
		</Style>
		<MultiGeometry>
			<LineString>
				<tessellate>1</tessellate>
				<altitudeMode>absolute</altitudeMode>
				<coordinates>
					125.438011,37.400349,9380.219999999998 125.380302,37.399429,9532.620000000001 
				</coordinates>
			</LineString>
		</MultiGeometry>
	</Placemark>
	<Placemark>
		<name>P-174</name>
		<visibility>0</visibility>
		<description><![CDATA[<div><div><span><b>Altitude:</b></span> <span>31,275 ft - 31,800 ft</span></div>
<div><span><b>Speed:</b></span> <span>329 kt - 332 kt</span></div>
<div><span><b>Timestamp:</b></span><br/><span>2024-09-23 00:45:05 UTC<br/>2024-09-23 00:45:36 UTC</span></div>
</div>]]></description>
		<Style>
			<LineStyle>
				<color>ff4e00ff</color>
				<width>2</width>
			</LineStyle>
		</Style>
		<MultiGeometry>
			<LineString>
				<tessellate>1</tessellate>
				<altitudeMode>absolute</altitudeMode>
				<coordinates>
					125.380302,37.399429,9532.620000000001 125.320107,37.398514,9692.639999999999 
				</coordinates>
			</LineString>
		</MultiGeometry>
	</Placemark>
	<Placemark>
		<name>P-175</name>
		<visibility>0</visibility>
		<description><![CDATA[<div><div><span><b>Altitude:</b></span> <span>31,800 ft - 32,100 ft</span></div>
<div><span><b>Speed:</b></span> <span>332 kt - 340 kt</span></div>
<div><span><b>Timestamp:</b></span><br/><span>2024-09-23 00:45:36 UTC<br/>2024-09-23 00:46:09 UTC</span></div>
</div>]]></description>
		<Style>
			<LineStyle>
				<color>ff4e00ff</color>
				<width>2</width>
			</LineStyle>
		</Style>
		<MultiGeometry>
			<LineString>
				<tessellate>1</tessellate>
				<altitudeMode>absolute</altitudeMode>
				<coordinates>
					125.320107,37.398514,9692.639999999999 125.257347,37.397507,9784.08 
				</coordinates>
			</LineString>
		</MultiGeometry>
	</Placemark>
	<Placemark>
		<name>P-176</name>
		<visibility>0</visibility>
		<description><![CDATA[<div><div><span><b>Altitude:</b></span> <span>32,100 ft</span></div>
<div><span><b>Speed:</b></span> <span>340 kt - 359 kt</span></div>
<div><span><b>Timestamp:</b></span><br/><span>2024-09-23 00:46:09 UTC<br/>2024-09-23 00:46:42 UTC</span></div>
</div>]]></description>
		<Style>
			<LineStyle>
				<color>ff4e00ff</color>
				<width>2</width>
			</LineStyle>
		</Style>
		<MultiGeometry>
			<LineString>
				<tessellate>1</tessellate>
				<altitudeMode>absolute</altitudeMode>
				<coordinates>
					125.257347,37.397507,9784.08 125.188431,37.396389,9784.08 
				</coordinates>
			</LineString>
		</MultiGeometry>
	</Placemark>
	<Placemark>
		<name>P-177</name>
		<visibility>0</visibility>
		<description><![CDATA[<div><div><span><b>Altitude:</b></span> <span>32,100 ft</span></div>
<div><span><b>Speed:</b></span> <span>359 kt - 376 kt</span></div>
<div><span><b>Timestamp:</b></span><br/><span>2024-09-23 00:46:42 UTC<br/>2024-09-23 00:47:15 UTC</span></div>
</div>]]></description>
		<Style>
			<LineStyle>
				<color>ff4e00ff</color>
				<width>2</width>
			</LineStyle>
		</Style>
		<MultiGeometry>
			<LineString>
				<tessellate>1</tessellate>
				<altitudeMode>absolute</altitudeMode>
				<coordinates>
					125.188431,37.396389,9784.08 125.118393,37.39518,9784.08 
				</coordinates>
			</LineString>
		</MultiGeometry>
	</Placemark>
	<Placemark>
		<name>P-178</name>
		<visibility>0</visibility>
		<description><![CDATA[<div><div><span><b>Altitude:</b></span> <span>32,100 ft</span></div>
<div><span><b>Speed:</b></span> <span>376 kt - 390 kt</span></div>
<div><span><b>Timestamp:</b></span><br/><span>2024-09-23 00:47:15 UTC<br/>2024-09-23 00:47:49 UTC</span></div>
</div>]]></description>
		<Style>
			<LineStyle>
				<color>ff4e00ff</color>
				<width>2</width>
			</LineStyle>
		</Style>
		<MultiGeometry>
			<LineString>
				<tessellate>1</tessellate>
				<altitudeMode>absolute</altitudeMode>
				<coordinates>
					125.118393,37.39518,9784.08 125.043465,37.393829,9784.08 
				</coordinates>
			</LineString>
		</MultiGeometry>
	</Placemark>
	<Placemark>
		<name>P-179</name>
		<visibility>0</visibility>
		<description><![CDATA[<div><div><span><b>Altitude:</b></span> <span>32,100 ft</span></div>
<div><span><b>Speed:</b></span> <span>390 kt - 394 kt</span></div>
<div><span><b>Timestamp:</b></span><br/><span>2024-09-23 00:47:49 UTC<br/>2024-09-23 00:48:19 UTC</span></div>
</div>]]></description>
		<Style>
			<LineStyle>
				<color>ff4e00ff</color>
				<width>2</width>
			</LineStyle>
		</Style>
		<MultiGeometry>
			<LineString>
				<tessellate>1</tessellate>
				<altitudeMode>absolute</altitudeMode>
				<coordinates>
					125.043465,37.393829,9784.08 124.975632,37.392525,9784.08 
				</coordinates>
			</LineString>
		</MultiGeometry>
	</Placemark>
	<Placemark>
		<name>P-180</name>
		<visibility>0</visibility>
		<description><![CDATA[<div><div><span><b>Altitude:</b></span> <span>32,100 ft</span></div>
<div><span><b>Speed:</b></span> <span>394 kt</span></div>
<div><span><b>Timestamp:</b></span><br/><span>2024-09-23 00:48:19 UTC<br/>2024-09-23 00:48:52 UTC</span></div>
</div>]]></description>
		<Style>
			<LineStyle>
				<color>ff4e00ff</color>
				<width>2</width>
			</LineStyle>
		</Style>
		<MultiGeometry>
			<LineString>
				<tessellate>1</tessellate>
				<altitudeMode>absolute</altitudeMode>
				<coordinates>
					124.975632,37.392525,9784.08 124.899979,37.391083,9784.08 
				</coordinates>
			</LineString>
		</MultiGeometry>
	</Placemark>
	<Placemark>
		<name>P-181</name>
		<visibility>0</visibility>
		<description><![CDATA[<div><div><span><b>Altitude:</b></span> <span>32,100 ft</span></div>
<div><span><b>Speed:</b></span> <span>394 kt</span></div>
<div><span><b>Timestamp:</b></span><br/><span>2024-09-23 00:48:52 UTC<br/>2024-09-23 00:49:24 UTC</span></div>
</div>]]></description>
		<Style>
			<LineStyle>
				<color>ff4e00ff</color>
				<width>2</width>
			</LineStyle>
		</Style>
		<MultiGeometry>
			<LineString>
				<tessellate>1</tessellate>
				<altitudeMode>absolute</altitudeMode>
				<coordinates>
					124.899979,37.391083,9784.08 124.826485,37.389587,9784.08 
				</coordinates>
			</LineString>
		</MultiGeometry>
	</Placemark>
	<Placemark>
		<name>P-182</name>
		<visibility>0</visibility>
		<description><![CDATA[<div><div><span><b>Altitude:</b></span> <span>32,100 ft</span></div>
<div><span><b>Speed:</b></span> <span>394 kt</span></div>
<div><span><b>Timestamp:</b></span><br/><span>2024-09-23 00:49:24 UTC<br/>2024-09-23 00:50:06 UTC</span></div>
</div>]]></description>
		<Style>
			<LineStyle>
				<color>ff4e00ff</color>
				<width>2</width>
			</LineStyle>
		</Style>
		<MultiGeometry>
			<LineString>
				<tessellate>1</tessellate>
				<altitudeMode>absolute</altitudeMode>
				<coordinates>
					124.826485,37.389587,9784.08 124.731934,37.387527,9784.08 
				</coordinates>
			</LineString>
		</MultiGeometry>
	</Placemark>
	<Placemark>
		<name>P-183</name>
		<visibility>0</visibility>
		<description><![CDATA[<div><div><span><b>Altitude:</b></span> <span>32,100 ft</span></div>
<div><span><b>Speed:</b></span> <span>394 kt - 395 kt</span></div>
<div><span><b>Timestamp:</b></span><br/><span>2024-09-23 00:50:06 UTC<br/>2024-09-23 00:50:36 UTC</span></div>
</div>]]></description>
		<Style>
			<LineStyle>
				<color>ff4e00ff</color>
				<width>2</width>
			</LineStyle>
		</Style>
		<MultiGeometry>
			<LineString>
				<tessellate>1</tessellate>
				<altitudeMode>absolute</altitudeMode>
				<coordinates>
					124.731934,37.387527,9784.08 124.660408,37.385834,9784.08 
				</coordinates>
			</LineString>
		</MultiGeometry>
	</Placemark>
	<Placemark>
		<name>P-184</name>
		<visibility>0</visibility>
		<description><![CDATA[<div><div><span><b>Altitude:</b></span> <span>32,100 ft</span></div>
<div><span><b>Speed:</b></span> <span>395 kt - 394 kt</span></div>
<div><span><b>Timestamp:</b></span><br/><span>2024-09-23 00:50:36 UTC<br/>2024-09-23 00:51:10 UTC</span></div>
</div>]]></description>
		<Style>
			<LineStyle>
				<color>ff4e00ff</color>
				<width>2</width>
			</LineStyle>
		</Style>
		<MultiGeometry>
			<LineString>
				<tessellate>1</tessellate>
				<altitudeMode>absolute</altitudeMode>
				<coordinates>
					124.660408,37.385834,9784.08 124.583908,37.384277,9784.08 
				</coordinates>
			</LineString>
		</MultiGeometry>
	</Placemark>
	<Placemark>
		<name>P-185</name>
		<visibility>0</visibility>
		<description><![CDATA[<div><div><span><b>Altitude:</b></span> <span>32,100 ft</span></div>
<div><span><b>Speed:</b></span> <span>394 kt - 396 kt</span></div>
<div><span><b>Timestamp:</b></span><br/><span>2024-09-23 00:51:10 UTC<br/>2024-09-23 00:51:41 UTC</span></div>
</div>]]></description>
		<Style>
			<LineStyle>
				<color>ff4e00ff</color>
				<width>2</width>
			</LineStyle>
		</Style>
		<MultiGeometry>
			<LineString>
				<tessellate>1</tessellate>
				<altitudeMode>absolute</altitudeMode>
				<coordinates>
					124.583908,37.384277,9784.08 124.513084,37.380478,9784.08 
				</coordinates>
			</LineString>
		</MultiGeometry>
	</Placemark>
	<Placemark>
		<name>P-186</name>
		<visibility>0</visibility>
		<description><![CDATA[<div><div><span><b>Altitude:</b></span> <span>32,100 ft</span></div>
<div><span><b>Speed:</b></span> <span>396 kt - 398 kt</span></div>
<div><span><b>Timestamp:</b></span><br/><span>2024-09-23 00:51:41 UTC<br/>2024-09-23 00:52:16 UTC</span></div>
</div>]]></description>
		<Style>
			<LineStyle>
				<color>ff4e00ff</color>
				<width>2</width>
			</LineStyle>
		</Style>
		<MultiGeometry>
			<LineString>
				<tessellate>1</tessellate>
				<altitudeMode>absolute</altitudeMode>
				<coordinates>
					124.513084,37.380478,9784.08 124.434196,37.367107,9784.08 
				</coordinates>
			</LineString>
		</MultiGeometry>
	</Placemark>
	<Placemark>
		<name>P-187</name>
		<visibility>0</visibility>
		<description><![CDATA[<div><div><span><b>Altitude:</b></span> <span>32,100 ft</span></div>
<div><span><b>Speed:</b></span> <span>398 kt - 401 kt</span></div>
<div><span><b>Timestamp:</b></span><br/><span>2024-09-23 00:52:16 UTC<br/>2024-09-23 00:52:47 UTC</span></div>
</div>]]></description>
		<Style>
			<LineStyle>
				<color>ff4e00ff</color>
				<width>2</width>
			</LineStyle>
		</Style>
		<MultiGeometry>
			<LineString>
				<tessellate>1</tessellate>
				<altitudeMode>absolute</altitudeMode>
				<coordinates>
					124.434196,37.367107,9784.08 124.366783,37.348114,9784.08 
				</coordinates>
			</LineString>
		</MultiGeometry>
	</Placemark>
	<Placemark>
		<name>P-188</name>
		<visibility>0</visibility>
		<description><![CDATA[<div><div><span><b>Altitude:</b></span> <span>32,100 ft</span></div>
<div><span><b>Speed:</b></span> <span>401 kt - 405 kt</span></div>
<div><span><b>Timestamp:</b></span><br/><span>2024-09-23 00:52:47 UTC<br/>2024-09-23 00:53:20 UTC</span></div>
</div>]]></description>
		<Style>
			<LineStyle>
				<color>ff4e00ff</color>
				<width>2</width>
			</LineStyle>
		</Style>
		<MultiGeometry>
			<LineString>
				<tessellate>1</tessellate>
				<altitudeMode>absolute</altitudeMode>
				<coordinates>
					124.366783,37.348114,9784.08 124.296455,37.319595,9784.08 
				</coordinates>
			</LineString>
		</MultiGeometry>
	</Placemark>
	<Placemark>
		<name>P-189</name>
		<visibility>0</visibility>
		<description><![CDATA[<div><div><span><b>Altitude:</b></span> <span>32,100 ft</span></div>
<div><span><b>Speed:</b></span> <span>405 kt - 408 kt</span></div>
<div><span><b>Timestamp:</b></span><br/><span>2024-09-23 00:53:20 UTC<br/>2024-09-23 00:53:54 UTC</span></div>
</div>]]></description>
		<Style>
			<LineStyle>
				<color>ff4e00ff</color>
				<width>2</width>
			</LineStyle>
		</Style>
		<MultiGeometry>
			<LineString>
				<tessellate>1</tessellate>
				<altitudeMode>absolute</altitudeMode>
				<coordinates>
					124.296455,37.319595,9784.08 124.230011,37.286087,9784.08 
				</coordinates>
			</LineString>
		</MultiGeometry>
	</Placemark>
	<Placemark>
		<name>P-190</name>
		<visibility>0</visibility>
		<description><![CDATA[<div><div><span><b>Altitude:</b></span> <span>32,100 ft</span></div>
<div><span><b>Speed:</b></span> <span>408 kt - 407 kt</span></div>
<div><span><b>Timestamp:</b></span><br/><span>2024-09-23 00:53:54 UTC<br/>2024-09-23 00:54:24 UTC</span></div>
</div>]]></description>
		<Style>
			<LineStyle>
				<color>ff4e00ff</color>
				<width>2</width>
			</LineStyle>
		</Style>
		<MultiGeometry>
			<LineString>
				<tessellate>1</tessellate>
				<altitudeMode>absolute</altitudeMode>
				<coordinates>
					124.230011,37.286087,9784.08 124.169586,37.25592,9784.08 
				</coordinates>
			</LineString>
		</MultiGeometry>
	</Placemark>
	<Placemark>
		<name>P-191</name>
		<visibility>0</visibility>
		<description><![CDATA[<div><div><span><b>Altitude:</b></span> <span>32,100 ft</span></div>
<div><span><b>Speed:</b></span> <span>407 kt</span></div>
<div><span><b>Timestamp:</b></span><br/><span>2024-09-23 00:54:24 UTC<br/>2024-09-23 00:54:58 UTC</span></div>
</div>]]></description>
		<Style>
			<LineStyle>
				<color>ff4e00ff</color>
				<width>2</width>
			</LineStyle>
		</Style>
		<MultiGeometry>
			<LineString>
				<tessellate>1</tessellate>
				<altitudeMode>absolute</altitudeMode>
				<coordinates>
					124.169586,37.25592,9784.08 124.103355,37.222519,9784.08 
				</coordinates>
			</LineString>
		</MultiGeometry>
	</Placemark>
	<Placemark>
		<name>P-192</name>
		<visibility>0</visibility>
		<description><![CDATA[<div><div><span><b>Altitude:</b></span> <span>32,100 ft</span></div>
<div><span><b>Speed:</b></span> <span>407 kt - 408 kt</span></div>
<div><span><b>Timestamp:</b></span><br/><span>2024-09-23 00:54:58 UTC<br/>2024-09-23 00:55:28 UTC</span></div>
</div>]]></description>
		<Style>
			<LineStyle>
				<color>ff4e00ff</color>
				<width>2</width>
			</LineStyle>
		</Style>
		<MultiGeometry>
			<LineString>
				<tessellate>1</tessellate>
				<altitudeMode>absolute</altitudeMode>
				<coordinates>
					124.103355,37.222519,9784.08 124.042747,37.190071,9784.08 
				</coordinates>
			</LineString>
		</MultiGeometry>
	</Placemark>
	<Placemark>
		<name>P-193</name>
		<visibility>0</visibility>
		<description><![CDATA[<div><div><span><b>Altitude:</b></span> <span>32,100 ft</span></div>
<div><span><b>Speed:</b></span> <span>408 kt</span></div>
<div><span><b>Timestamp:</b></span><br/><span>2024-09-23 00:55:28 UTC<br/>2024-09-23 00:56:01 UTC</span></div>
</div>]]></description>
		<Style>
			<LineStyle>
				<color>ff4e00ff</color>
				<width>2</width>
			</LineStyle>
		</Style>
		<MultiGeometry>
			<LineString>
				<tessellate>1</tessellate>
				<altitudeMode>absolute</altitudeMode>
				<coordinates>
					124.042747,37.190071,9784.08 123.97773,37.154709,9784.08 
				</coordinates>
			</LineString>
		</MultiGeometry>
	</Placemark>
	<Placemark>
		<name>P-194</name>
		<visibility>0</visibility>
		<description><![CDATA[<div><div><span><b>Altitude:</b></span> <span>32,100 ft</span></div>
<div><span><b>Speed:</b></span> <span>408 kt</span></div>
<div><span><b>Timestamp:</b></span><br/><span>2024-09-23 00:56:01 UTC<br/>2024-09-23 00:56:34 UTC</span></div>
</div>]]></description>
		<Style>
			<LineStyle>
				<color>ff4e00ff</color>
				<width>2</width>
			</LineStyle>
		</Style>
		<MultiGeometry>
			<LineString>
				<tessellate>1</tessellate>
				<altitudeMode>absolute</altitudeMode>
				<coordinates>
					123.97773,37.154709,9784.08 123.912827,37.121033,9784.08 
				</coordinates>
			</LineString>
		</MultiGeometry>
	</Placemark>
	<Placemark>
		<name>P-195</name>
		<visibility>0</visibility>
		<description><![CDATA[<div><div><span><b>Altitude:</b></span> <span>32,100 ft</span></div>
<div><span><b>Speed:</b></span> <span>408 kt</span></div>
<div><span><b>Timestamp:</b></span><br/><span>2024-09-23 00:56:34 UTC<br/>2024-09-23 00:57:05 UTC</span></div>
</div>]]></description>
		<Style>
			<LineStyle>
				<color>ff4e00ff</color>
				<width>2</width>
			</LineStyle>
		</Style>
		<MultiGeometry>
			<LineString>
				<tessellate>1</tessellate>
				<altitudeMode>absolute</altitudeMode>
				<coordinates>
					123.912827,37.121033,9784.08 123.85067,37.089565,9784.08 
				</coordinates>
			</LineString>
		</MultiGeometry>
	</Placemark>
	<Placemark>
		<name>P-196</name>
		<visibility>0</visibility>
		<description><![CDATA[<div><div><span><b>Altitude:</b></span> <span>32,100 ft</span></div>
<div><span><b>Speed:</b></span> <span>408 kt - 410 kt</span></div>
<div><span><b>Timestamp:</b></span><br/><span>2024-09-23 00:57:05 UTC<br/>2024-09-23 00:57:37 UTC</span></div>
</div>]]></description>
		<Style>
			<LineStyle>
				<color>ff4e00ff</color>
				<width>2</width>
			</LineStyle>
		</Style>
		<MultiGeometry>
			<LineString>
				<tessellate>1</tessellate>
				<altitudeMode>absolute</altitudeMode>
				<coordinates>
					123.85067,37.089565,9784.08 123.787285,37.056976,9784.08 
				</coordinates>
			</LineString>
		</MultiGeometry>
	</Placemark>
	<Placemark>
		<name>P-197</name>
		<visibility>0</visibility>
		<description><![CDATA[<div><div><span><b>Altitude:</b></span> <span>32,100 ft - 32,125 ft</span></div>
<div><span><b>Speed:</b></span> <span>410 kt - 409 kt</span></div>
<div><span><b>Timestamp:</b></span><br/><span>2024-09-23 00:57:37 UTC<br/>2024-09-23 00:58:12 UTC</span></div>
</div>]]></description>
		<Style>
			<LineStyle>
				<color>ff4e00ff</color>
				<width>2</width>
			</LineStyle>
		</Style>
		<MultiGeometry>
			<LineString>
				<tessellate>1</tessellate>
				<altitudeMode>absolute</altitudeMode>
				<coordinates>
					123.787285,37.056976,9784.08 123.718498,37.021317,9791.699999999999 
				</coordinates>
			</LineString>
		</MultiGeometry>
	</Placemark>
	<Placemark>
		<name>P-198</name>
		<visibility>0</visibility>
		<description><![CDATA[<div><div><span><b>Altitude:</b></span> <span>32,125 ft - 32,100 ft</span></div>
<div><span><b>Speed:</b></span> <span>409 kt - 410 kt</span></div>
<div><span><b>Timestamp:</b></span><br/><span>2024-09-23 00:58:12 UTC<br/>2024-09-23 00:58:45 UTC</span></div>
</div>]]></description>
		<Style>
			<LineStyle>
				<color>ff4e00ff</color>
				<width>2</width>
			</LineStyle>
		</Style>
		<MultiGeometry>
			<LineString>
				<tessellate>1</tessellate>
				<altitudeMode>absolute</altitudeMode>
				<coordinates>
					123.718498,37.021317,9791.699999999999 123.652351,36.987076,9784.08 
				</coordinates>
			</LineString>
		</MultiGeometry>
	</Placemark>
	<Placemark>
		<name>P-199</name>
		<visibility>0</visibility>
		<description><![CDATA[<div><div><span><b>Altitude:</b></span> <span>32,100 ft</span></div>
<div><span><b>Speed:</b></span> <span>410 kt</span></div>
<div><span><b>Timestamp:</b></span><br/><span>2024-09-23 00:58:45 UTC<br/>2024-09-23 00:59:18 UTC</span></div>
</div>]]></description>
		<Style>
			<LineStyle>
				<color>ff4e00ff</color>
				<width>2</width>
			</LineStyle>
		</Style>
		<MultiGeometry>
			<LineString>
				<tessellate>1</tessellate>
				<altitudeMode>absolute</altitudeMode>
				<coordinates>
					123.652351,36.987076,9784.08 123.586433,36.952652,9784.08 
				</coordinates>
			</LineString>
		</MultiGeometry>
	</Placemark>
	<Placemark>
		<name>P-200</name>
		<visibility>0</visibility>
		<description><![CDATA[<div><div><span><b>Altitude:</b></span> <span>32,100 ft</span></div>
<div><span><b>Speed:</b></span> <span>410 kt - 405 kt</span></div>
<div><span><b>Timestamp:</b></span><br/><span>2024-09-23 00:59:18 UTC<br/>2024-09-23 00:59:51 UTC</span></div>
</div>]]></description>
		<Style>
			<LineStyle>
				<color>ff4e00ff</color>
				<width>2</width>
			</LineStyle>
		</Style>
		<MultiGeometry>
			<LineString>
				<tessellate>1</tessellate>
				<altitudeMode>absolute</altitudeMode>
				<coordinates>
					123.586433,36.952652,9784.08 123.520241,36.921745,9784.08 
				</coordinates>
			</LineString>
		</MultiGeometry>
	</Placemark>
	<Placemark>
		<name>P-201</name>
		<visibility>0</visibility>
		<description><![CDATA[<div><div><span><b>Altitude:</b></span> <span>32,100 ft</span></div>
<div><span><b>Speed:</b></span> <span>405 kt - 401 kt</span></div>
<div><span><b>Timestamp:</b></span><br/><span>2024-09-23 00:59:51 UTC<br/>2024-09-23 01:00:24 UTC</span></div>
</div>]]></description>
		<Style>
			<LineStyle>
				<color>ff4e00ff</color>
				<width>2</width>
			</LineStyle>
		</Style>
		<MultiGeometry>
			<LineString>
				<tessellate>1</tessellate>
				<altitudeMode>absolute</altitudeMode>
				<coordinates>
					123.520241,36.921745,9784.08 123.448517,36.898407,9784.08 
				</coordinates>
			</LineString>
		</MultiGeometry>
	</Placemark>
	<Placemark>
		<name>P-202</name>
		<visibility>0</visibility>
		<description><![CDATA[<div><div><span><b>Altitude:</b></span> <span>32,100 ft</span></div>
<div><span><b>Speed:</b></span> <span>401 kt - 397 kt</span></div>
<div><span><b>Timestamp:</b></span><br/><span>2024-09-23 01:00:24 UTC<br/>2024-09-23 01:00:57 UTC</span></div>
</div>]]></description>
		<Style>
			<LineStyle>
				<color>ff4e00ff</color>
				<width>2</width>
			</LineStyle>
		</Style>
		<MultiGeometry>
			<LineString>
				<tessellate>1</tessellate>
				<altitudeMode>absolute</altitudeMode>
				<coordinates>
					123.448517,36.898407,9784.08 123.374535,36.882797,9784.08 
				</coordinates>
			</LineString>
		</MultiGeometry>
	</Placemark>
	<Placemark>
		<name>P-203</name>
		<visibility>0</visibility>
		<description><![CDATA[<div><div><span><b>Altitude:</b></span> <span>32,100 ft - 32,075 ft</span></div>
<div><span><b>Speed:</b></span> <span>397 kt - 396 kt</span></div>
<div><span><b>Timestamp:</b></span><br/><span>2024-09-23 01:00:57 UTC<br/>2024-09-23 01:01:32 UTC</span></div>
</div>]]></description>
		<Style>
			<LineStyle>
				<color>ff4e00ff</color>
				<width>2</width>
			</LineStyle>
		</Style>
		<MultiGeometry>
			<LineString>
				<tessellate>1</tessellate>
				<altitudeMode>absolute</altitudeMode>
				<coordinates>
					123.374535,36.882797,9784.08 123.29747,36.875004,9776.459999999999 
				</coordinates>
			</LineString>
		</MultiGeometry>
	</Placemark>
	<Placemark>
		<name>P-204</name>
		<visibility>0</visibility>
		<description><![CDATA[<div><div><span><b>Altitude:</b></span> <span>32,075 ft</span></div>
<div><span><b>Speed:</b></span> <span>396 kt</span></div>
<div><span><b>Timestamp:</b></span><br/><span>2024-09-23 01:01:32 UTC<br/>2024-09-23 01:02:01 UTC</span></div>
</div>]]></description>
		<Style>
			<LineStyle>
				<color>ff4e00ff</color>
				<width>2</width>
			</LineStyle>
		</Style>
		<MultiGeometry>
			<LineString>
				<tessellate>1</tessellate>
				<altitudeMode>absolute</altitudeMode>
				<coordinates>
					123.29747,36.875004,9776.459999999999 123.232803,36.874771,9776.459999999999 
				</coordinates>
			</LineString>
		</MultiGeometry>
	</Placemark>
	<Placemark>
		<name>P-205</name>
		<visibility>0</visibility>
		<description><![CDATA[<div><div><span><b>Altitude:</b></span> <span>32,075 ft - 32,100 ft</span></div>
<div><span><b>Speed:</b></span> <span>396 kt - 397 kt</span></div>
<div><span><b>Timestamp:</b></span><br/><span>2024-09-23 01:02:01 UTC<br/>2024-09-23 01:02:35 UTC</span></div>
</div>]]></description>
		<Style>
			<LineStyle>
				<color>ff4e00ff</color>
				<width>2</width>
			</LineStyle>
		</Style>
		<MultiGeometry>
			<LineString>
				<tessellate>1</tessellate>
				<altitudeMode>absolute</altitudeMode>
				<coordinates>
					123.232803,36.874771,9776.459999999999 123.15274,36.882732,9784.08 
				</coordinates>
			</LineString>
		</MultiGeometry>
	</Placemark>
	<Placemark>
		<name>P-206</name>
		<visibility>0</visibility>
		<description><![CDATA[<div><div><span><b>Altitude:</b></span> <span>32,100 ft</span></div>
<div><span><b>Speed:</b></span> <span>397 kt - 400 kt</span></div>
<div><span><b>Timestamp:</b></span><br/><span>2024-09-23 01:02:35 UTC<br/>2024-09-23 01:03:14 UTC</span></div>
</div>]]></description>
		<Style>
			<LineStyle>
				<color>ff4e00ff</color>
				<width>2</width>
			</LineStyle>
		</Style>
		<MultiGeometry>
			<LineString>
				<tessellate>1</tessellate>
				<altitudeMode>absolute</altitudeMode>
				<coordinates>
					123.15274,36.882732,9784.08 123.077499,36.898682,9784.08 
				</coordinates>
			</LineString>
		</MultiGeometry>
	</Placemark>
	<Placemark>
		<name>P-207</name>
		<visibility>0</visibility>
		<description><![CDATA[<div><div><span><b>Altitude:</b></span> <span>32,100 ft</span></div>
<div><span><b>Speed:</b></span> <span>400 kt</span></div>
<div><span><b>Timestamp:</b></span><br/><span>2024-09-23 01:03:14 UTC<br/>2024-09-23 01:03:49 UTC</span></div>
</div>]]></description>
		<Style>
			<LineStyle>
				<color>ff4e00ff</color>
				<width>2</width>
			</LineStyle>
		</Style>
		<MultiGeometry>
			<LineString>
				<tessellate>1</tessellate>
				<altitudeMode>absolute</altitudeMode>
				<coordinates>
					123.077499,36.898682,9784.08 122.98996,36.919647,9784.08 
				</coordinates>
			</LineString>
		</MultiGeometry>
	</Placemark>
	<Placemark>
		<name>P-208</name>
		<visibility>0</visibility>
		<description><![CDATA[<div><div><span><b>Altitude:</b></span> <span>32,100 ft - 32,200 ft</span></div>
<div><span><b>Speed:</b></span> <span>400 kt - 402 kt</span></div>
<div><span><b>Timestamp:</b></span><br/><span>2024-09-23 01:03:49 UTC<br/>2024-09-23 01:04:23 UTC</span></div>
</div>]]></description>
		<Style>
			<LineStyle>
				<color>ff4e00ff</color>
				<width>2</width>
			</LineStyle>
		</Style>
		<MultiGeometry>
			<LineString>
				<tessellate>1</tessellate>
				<altitudeMode>absolute</altitudeMode>
				<coordinates>
					122.98996,36.919647,9784.08 122.913841,36.937664,9814.559999999998 
				</coordinates>
			</LineString>
		</MultiGeometry>
	</Placemark>
	<Placemark>
		<name>P-209</name>
		<visibility>0</visibility>
		<description><![CDATA[<div><div><span><b>Altitude:</b></span> <span>32,200 ft - 32,925 ft</span></div>
<div><span><b>Speed:</b></span> <span>402 kt - 400 kt</span></div>
<div><span><b>Timestamp:</b></span><br/><span>2024-09-23 01:04:23 UTC<br/>2024-09-23 01:04:59 UTC</span></div>
</div>]]></description>
		<Style>
			<LineStyle>
				<color>ff4e00ff</color>
				<width>2</width>
			</LineStyle>
		</Style>
		<MultiGeometry>
			<LineString>
				<tessellate>1</tessellate>
				<altitudeMode>absolute</altitudeMode>
				<coordinates>
					122.913841,36.937664,9814.559999999998 122.832993,36.956818,10035.54 
				</coordinates>
			</LineString>
		</MultiGeometry>
	</Placemark>
	<Placemark>
		<name>P-210</name>
		<visibility>0</visibility>
		<description><![CDATA[<div><div><span><b>Altitude:</b></span> <span>32,925 ft - 33,375 ft</span></div>
<div><span><b>Speed:</b></span> <span>400 kt</span></div>
<div><span><b>Timestamp:</b></span><br/><span>2024-09-23 01:04:59 UTC<br/>2024-09-23 01:05:23 UTC</span></div>
</div>]]></description>
		<Style>
			<LineStyle>
				<color>ff6000ff</color>
				<width>2</width>
			</LineStyle>
		</Style>
		<MultiGeometry>
			<LineString>
				<tessellate>1</tessellate>
				<altitudeMode>absolute</altitudeMode>
				<coordinates>
					122.832993,36.956818,10035.54 122.779289,36.969635,10172.7 
				</coordinates>
			</LineString>
		</MultiGeometry>
	</Placemark>
	<Placemark>
		<name>P-211</name>
		<visibility>0</visibility>
		<description><![CDATA[<div><div><span><b>Altitude:</b></span> <span>33,375 ft - 33,875 ft</span></div>
<div><span><b>Speed:</b></span> <span>400 kt - 397 kt</span></div>
<div><span><b>Timestamp:</b></span><br/><span>2024-09-23 01:05:23 UTC<br/>2024-09-23 01:05:46 UTC</span></div>
</div>]]></description>
		<Style>
			<LineStyle>
				<color>ff6000ff</color>
				<width>2</width>
			</LineStyle>
		</Style>
		<MultiGeometry>
			<LineString>
				<tessellate>1</tessellate>
				<altitudeMode>absolute</altitudeMode>
				<coordinates>
					122.779289,36.969635,10172.7 122.729622,36.981449,10325.1 
				</coordinates>
			</LineString>
		</MultiGeometry>
	</Placemark>
	<Placemark>
		<name>P-212</name>
		<visibility>0</visibility>
		<description><![CDATA[<div><div><span><b>Altitude:</b></span> <span>33,875 ft - 34,100 ft</span></div>
<div><span><b>Speed:</b></span> <span>397 kt - 391 kt</span></div>
<div><span><b>Timestamp:</b></span><br/><span>2024-09-23 01:05:46 UTC<br/>2024-09-23 01:06:45 UTC</span></div>
</div>]]></description>
		<Style>
			<LineStyle>
				<color>ff6000ff</color>
				<width>2</width>
			</LineStyle>
		</Style>
		<MultiGeometry>
			<LineString>
				<tessellate>1</tessellate>
				<altitudeMode>absolute</altitudeMode>
				<coordinates>
					122.729622,36.981449,10325.1 122.60041,37.011978,10393.68 
				</coordinates>
			</LineString>
		</MultiGeometry>
	</Placemark>
	<Placemark>
		<name>P-213</name>
		<visibility>0</visibility>
		<description><![CDATA[<div><div><span><b>Altitude:</b></span> <span>34,100 ft</span></div>
<div><span><b>Speed:</b></span> <span>391 kt - 400 kt</span></div>
<div><span><b>Timestamp:</b></span><br/><span>2024-09-23 01:06:45 UTC<br/>2024-09-23 01:08:45 UTC</span></div>
</div>]]></description>
		<Style>
			<LineStyle>
				<color>ff6000ff</color>
				<width>2</width>
			</LineStyle>
		</Style>
		<MultiGeometry>
			<LineString>
				<tessellate>1</tessellate>
				<altitudeMode>absolute</altitudeMode>
				<coordinates>
					122.60041,37.011978,10393.68 122.342499,37.080627,10393.68 
				</coordinates>
			</LineString>
		</MultiGeometry>
	</Placemark>
	<Placemark>
		<name>P-214</name>
		<visibility>0</visibility>
		<description><![CDATA[<div><div><span><b>Altitude:</b></span> <span>34,100 ft</span></div>
<div><span><b>Speed:</b></span> <span>400 kt - 393 kt</span></div>
<div><span><b>Timestamp:</b></span><br/><span>2024-09-23 01:08:45 UTC<br/>2024-09-23 01:10:46 UTC</span></div>
</div>]]></description>
		<Style>
			<LineStyle>
				<color>ff6000ff</color>
				<width>2</width>
			</LineStyle>
		</Style>
		<MultiGeometry>
			<LineString>
				<tessellate>1</tessellate>
				<altitudeMode>absolute</altitudeMode>
				<coordinates>
					122.342499,37.080627,10393.68 122.120583,37.211239,10393.68 
				</coordinates>
			</LineString>
		</MultiGeometry>
	</Placemark>
	<Placemark>
		<name>P-215</name>
		<visibility>0</visibility>
		<description><![CDATA[<div><div><span><b>Altitude:</b></span> <span>34,100 ft</span></div>
<div><span><b>Speed:</b></span> <span>393 kt</span></div>
<div><span><b>Timestamp:</b></span><br/><span>2024-09-23 01:10:46 UTC<br/>2024-09-23 01:12:46 UTC</span></div>
</div>]]></description>
		<Style>
			<LineStyle>
				<color>ff6000ff</color>
				<width>2</width>
			</LineStyle>
		</Style>
		<MultiGeometry>
			<LineString>
				<tessellate>1</tessellate>
				<altitudeMode>absolute</altitudeMode>
				<coordinates>
					122.120583,37.211239,10393.68 121.860588,37.278625,10393.68 
				</coordinates>
			</LineString>
		</MultiGeometry>
	</Placemark>
	<Placemark>
		<name>P-216</name>
		<visibility>0</visibility>
		<description><![CDATA[<div><div><span><b>Altitude:</b></span> <span>34,100 ft</span></div>
<div><span><b>Speed:</b></span> <span>393 kt - 394 kt</span></div>
<div><span><b>Timestamp:</b></span><br/><span>2024-09-23 01:12:46 UTC<br/>2024-09-23 01:13:45 UTC</span></div>
</div>]]></description>
		<Style>
			<LineStyle>
				<color>ff6000ff</color>
				<width>2</width>
			</LineStyle>
		</Style>
		<MultiGeometry>
			<LineString>
				<tessellate>1</tessellate>
				<altitudeMode>absolute</altitudeMode>
				<coordinates>
					121.860588,37.278625,10393.68 121.731682,37.311665,10393.68 
				</coordinates>
			</LineString>
		</MultiGeometry>
	</Placemark>
	<Placemark>
		<name>P-217</name>
		<visibility>0</visibility>
		<description><![CDATA[<div><div><span><b>Altitude:</b></span> <span>34,100 ft - 34,125 ft</span></div>
<div><span><b>Speed:</b></span> <span>394 kt</span></div>
<div><span><b>Timestamp:</b></span><br/><span>2024-09-23 01:13:45 UTC<br/>2024-09-23 01:15:46 UTC</span></div>
</div>]]></description>
		<Style>
			<LineStyle>
				<color>ff6000ff</color>
				<width>2</width>
			</LineStyle>
		</Style>
		<MultiGeometry>
			<LineString>
				<tessellate>1</tessellate>
				<altitudeMode>absolute</altitudeMode>
				<coordinates>
					121.731682,37.311665,10393.68 121.468468,37.378971,10401.3 
				</coordinates>
			</LineString>
		</MultiGeometry>
	</Placemark>
	<Placemark>
		<name>P-218</name>
		<visibility>0</visibility>
		<description><![CDATA[<div><div><span><b>Altitude:</b></span> <span>34,125 ft - 34,100 ft</span></div>
<div><span><b>Speed:</b></span> <span>394 kt</span></div>
<div><span><b>Timestamp:</b></span><br/><span>2024-09-23 01:15:46 UTC<br/>2024-09-23 01:16:46 UTC</span></div>
</div>]]></description>
		<Style>
			<LineStyle>
				<color>ff6000ff</color>
				<width>2</width>
			</LineStyle>
		</Style>
		<MultiGeometry>
			<LineString>
				<tessellate>1</tessellate>
				<altitudeMode>absolute</altitudeMode>
				<coordinates>
					121.468468,37.378971,10401.3 121.338326,37.4118,10393.68 
				</coordinates>
			</LineString>
		</MultiGeometry>
	</Placemark>
	<Placemark>
		<name>P-219</name>
		<visibility>0</visibility>
		<description><![CDATA[<div><div><span><b>Altitude:</b></span> <span>34,100 ft</span></div>
<div><span><b>Speed:</b></span> <span>394 kt - 393 kt</span></div>
<div><span><b>Timestamp:</b></span><br/><span>2024-09-23 01:16:46 UTC<br/>2024-09-23 01:17:46 UTC</span></div>
</div>]]></description>
		<Style>
			<LineStyle>
				<color>ff6000ff</color>
				<width>2</width>
			</LineStyle>
		</Style>
		<MultiGeometry>
			<LineString>
				<tessellate>1</tessellate>
				<altitudeMode>absolute</altitudeMode>
				<coordinates>
					121.338326,37.4118,10393.68 121.207077,37.444656,10393.68 
				</coordinates>
			</LineString>
		</MultiGeometry>
	</Placemark>
	<Placemark>
		<name>P-220</name>
		<visibility>0</visibility>
		<description><![CDATA[<div><div><span><b>Altitude:</b></span> <span>34,100 ft</span></div>
<div><span><b>Speed:</b></span> <span>393 kt - 394 kt</span></div>
<div><span><b>Timestamp:</b></span><br/><span>2024-09-23 01:17:46 UTC<br/>2024-09-23 01:18:46 UTC</span></div>
</div>]]></description>
		<Style>
			<LineStyle>
				<color>ff6000ff</color>
				<width>2</width>
			</LineStyle>
		</Style>
		<MultiGeometry>
			<LineString>
				<tessellate>1</tessellate>
				<altitudeMode>absolute</altitudeMode>
				<coordinates>
					121.207077,37.444656,10393.68 121.079803,37.483429,10393.68 
				</coordinates>
			</LineString>
		</MultiGeometry>
	</Placemark>
	<Placemark>
		<name>P-221</name>
		<visibility>0</visibility>
		<description><![CDATA[<div><div><span><b>Altitude:</b></span> <span>34,100 ft</span></div>
<div><span><b>Speed:</b></span> <span>394 kt</span></div>
<div><span><b>Timestamp:</b></span><br/><span>2024-09-23 01:18:46 UTC<br/>2024-09-23 01:19:46 UTC</span></div>
</div>]]></description>
		<Style>
			<LineStyle>
				<color>ff6000ff</color>
				<width>2</width>
			</LineStyle>
		</Style>
		<MultiGeometry>
			<LineString>
				<tessellate>1</tessellate>
				<altitudeMode>absolute</altitudeMode>
				<coordinates>
					121.079803,37.483429,10393.68 120.951828,37.524315,10393.68 
				</coordinates>
			</LineString>
		</MultiGeometry>
	</Placemark>
	<Placemark>
		<name>P-222</name>
		<visibility>0</visibility>
		<description><![CDATA[<div><div><span><b>Altitude:</b></span> <span>34,100 ft</span></div>
<div><span><b>Speed:</b></span> <span>394 kt</span></div>
<div><span><b>Timestamp:</b></span><br/><span>2024-09-23 01:19:46 UTC<br/>2024-09-23 01:21:46 UTC</span></div>
</div>]]></description>
		<Style>
			<LineStyle>
				<color>ff6000ff</color>
				<width>2</width>
			</LineStyle>
		</Style>
		<MultiGeometry>
			<LineString>
				<tessellate>1</tessellate>
				<altitudeMode>absolute</altitudeMode>
				<coordinates>
					120.951828,37.524315,10393.68 120.69664,37.6049,10393.68 
				</coordinates>
			</LineString>
		</MultiGeometry>
	</Placemark>
	<Placemark>
		<name>P-223</name>
		<visibility>0</visibility>
		<description><![CDATA[<div><div><span><b>Altitude:</b></span> <span>34,100 ft</span></div>
<div><span><b>Speed:</b></span> <span>394 kt</span></div>
<div><span><b>Timestamp:</b></span><br/><span>2024-09-23 01:21:46 UTC<br/>2024-09-23 01:22:45 UTC</span></div>
</div>]]></description>
		<Style>
			<LineStyle>
				<color>ff6000ff</color>
				<width>2</width>
			</LineStyle>
		</Style>
		<MultiGeometry>
			<LineString>
				<tessellate>1</tessellate>
				<altitudeMode>absolute</altitudeMode>
				<coordinates>
					120.69664,37.6049,10393.68 120.572083,37.646423,10393.68 
				</coordinates>
			</LineString>
		</MultiGeometry>
	</Placemark>
	<Placemark>
		<name>P-224</name>
		<visibility>0</visibility>
		<description><![CDATA[<div><div><span><b>Altitude:</b></span> <span>34,100 ft</span></div>
<div><span><b>Speed:</b></span> <span>394 kt - 395 kt</span></div>
<div><span><b>Timestamp:</b></span><br/><span>2024-09-23 01:22:45 UTC<br/>2024-09-23 01:23:46 UTC</span></div>
</div>]]></description>
		<Style>
			<LineStyle>
				<color>ff6000ff</color>
				<width>2</width>
			</LineStyle>
		</Style>
		<MultiGeometry>
			<LineString>
				<tessellate>1</tessellate>
				<altitudeMode>absolute</altitudeMode>
				<coordinates>
					120.572083,37.646423,10393.68 120.448845,37.699402,10393.68 
				</coordinates>
			</LineString>
		</MultiGeometry>
	</Placemark>
	<Placemark>
		<name>P-225</name>
		<visibility>0</visibility>
		<description><![CDATA[<div><div><span><b>Altitude:</b></span> <span>34,100 ft</span></div>
<div><span><b>Speed:</b></span> <span>395 kt - 394 kt</span></div>
<div><span><b>Timestamp:</b></span><br/><span>2024-09-23 01:23:46 UTC<br/>2024-09-23 01:24:46 UTC</span></div>
</div>]]></description>
		<Style>
			<LineStyle>
				<color>ff6000ff</color>
				<width>2</width>
			</LineStyle>
		</Style>
		<MultiGeometry>
			<LineString>
				<tessellate>1</tessellate>
				<altitudeMode>absolute</altitudeMode>
				<coordinates>
					120.448845,37.699402,10393.68 120.328537,37.753773,10393.68 
				</coordinates>
			</LineString>
		</MultiGeometry>
	</Placemark>
	<Placemark>
		<name>P-226</name>
		<visibility>0</visibility>
		<description><![CDATA[<div><div><span><b>Altitude:</b></span> <span>34,100 ft</span></div>
<div><span><b>Speed:</b></span> <span>394 kt</span></div>
<div><span><b>Timestamp:</b></span><br/><span>2024-09-23 01:24:46 UTC<br/>2024-09-23 01:25:46 UTC</span></div>
</div>]]></description>
		<Style>
			<LineStyle>
				<color>ff6000ff</color>
				<width>2</width>
			</LineStyle>
		</Style>
		<MultiGeometry>
			<LineString>
				<tessellate>1</tessellate>
				<altitudeMode>absolute</altitudeMode>
				<coordinates>
					120.328537,37.753773,10393.68 120.21019,37.80777,10393.68 
				</coordinates>
			</LineString>
		</MultiGeometry>
	</Placemark>
	<Placemark>
		<name>P-227</name>
		<visibility>0</visibility>
		<description><![CDATA[<div><div><span><b>Altitude:</b></span> <span>34,100 ft</span></div>
<div><span><b>Speed:</b></span> <span>394 kt - 393 kt</span></div>
<div><span><b>Timestamp:</b></span><br/><span>2024-09-23 01:25:46 UTC<br/>2024-09-23 01:26:46 UTC</span></div>
</div>]]></description>
		<Style>
			<LineStyle>
				<color>ff6000ff</color>
				<width>2</width>
			</LineStyle>
		</Style>
		<MultiGeometry>
			<LineString>
				<tessellate>1</tessellate>
				<altitudeMode>absolute</altitudeMode>
				<coordinates>
					120.21019,37.80777,10393.68 120.089699,37.86224,10393.68 
				</coordinates>
			</LineString>
		</MultiGeometry>
	</Placemark>
	<Placemark>
		<name>P-228</name>
		<visibility>0</visibility>
		<description><![CDATA[<div><div><span><b>Altitude:</b></span> <span>34,100 ft</span></div>
<div><span><b>Speed:</b></span> <span>393 kt - 391 kt</span></div>
<div><span><b>Timestamp:</b></span><br/><span>2024-09-23 01:26:46 UTC<br/>2024-09-23 01:27:46 UTC</span></div>
</div>]]></description>
		<Style>
			<LineStyle>
				<color>ff6000ff</color>
				<width>2</width>
			</LineStyle>
		</Style>
		<MultiGeometry>
			<LineString>
				<tessellate>1</tessellate>
				<altitudeMode>absolute</altitudeMode>
				<coordinates>
					120.089699,37.86224,10393.68 119.970642,37.915867,10393.68 
				</coordinates>
			</LineString>
		</MultiGeometry>
	</Placemark>
	<Placemark>
		<name>P-229</name>
		<visibility>0</visibility>
		<description><![CDATA[<div><div><span><b>Altitude:</b></span> <span>34,100 ft</span></div>
<div><span><b>Speed:</b></span> <span>391 kt</span></div>
<div><span><b>Timestamp:</b></span><br/><span>2024-09-23 01:27:46 UTC<br/>2024-09-23 01:28:46 UTC</span></div>
</div>]]></description>
		<Style>
			<LineStyle>
				<color>ff6000ff</color>
				<width>2</width>
			</LineStyle>
		</Style>
		<MultiGeometry>
			<LineString>
				<tessellate>1</tessellate>
				<altitudeMode>absolute</altitudeMode>
				<coordinates>
					119.970642,37.915867,10393.68 119.851761,37.969311,10393.68 
				</coordinates>
			</LineString>
		</MultiGeometry>
	</Placemark>
	<Placemark>
		<name>P-230</name>
		<visibility>0</visibility>
		<description><![CDATA[<div><div><span><b>Altitude:</b></span> <span>34,100 ft</span></div>
<div><span><b>Speed:</b></span> <span>391 kt - 390 kt</span></div>
<div><span><b>Timestamp:</b></span><br/><span>2024-09-23 01:28:46 UTC<br/>2024-09-23 01:29:46 UTC</span></div>
</div>]]></description>
		<Style>
			<LineStyle>
				<color>ff6000ff</color>
				<width>2</width>
			</LineStyle>
		</Style>
		<MultiGeometry>
			<LineString>
				<tessellate>1</tessellate>
				<altitudeMode>absolute</altitudeMode>
				<coordinates>
					119.851761,37.969311,10393.68 119.732353,38.02256,10393.68 
				</coordinates>
			</LineString>
		</MultiGeometry>
	</Placemark>
	<Placemark>
		<name>P-231</name>
		<visibility>0</visibility>
		<description><![CDATA[<div><div><span><b>Altitude:</b></span> <span>34,100 ft</span></div>
<div><span><b>Speed:</b></span> <span>390 kt - 386 kt</span></div>
<div><span><b>Timestamp:</b></span><br/><span>2024-09-23 01:29:46 UTC<br/>2024-09-23 01:31:46 UTC</span></div>
</div>]]></description>
		<Style>
			<LineStyle>
				<color>ff6000ff</color>
				<width>2</width>
			</LineStyle>
		</Style>
		<MultiGeometry>
			<LineString>
				<tessellate>1</tessellate>
				<altitudeMode>absolute</altitudeMode>
				<coordinates>
					119.732353,38.02256,10393.68 119.492264,38.124607,10393.68 
				</coordinates>
			</LineString>
		</MultiGeometry>
	</Placemark>
	<Placemark>
		<name>P-232</name>
		<visibility>0</visibility>
		<description><![CDATA[<div><div><span><b>Altitude:</b></span> <span>34,100 ft</span></div>
<div><span><b>Speed:</b></span> <span>386 kt</span></div>
<div><span><b>Timestamp:</b></span><br/><span>2024-09-23 01:31:46 UTC<br/>2024-09-23 01:32:46 UTC</span></div>
</div>]]></description>
		<Style>
			<LineStyle>
				<color>ff6000ff</color>
				<width>2</width>
			</LineStyle>
		</Style>
		<MultiGeometry>
			<LineString>
				<tessellate>1</tessellate>
				<altitudeMode>absolute</altitudeMode>
				<coordinates>
					119.492264,38.124607,10393.68 119.366341,38.165405,10393.68 
				</coordinates>
			</LineString>
		</MultiGeometry>
	</Placemark>
	<Placemark>
		<name>P-233</name>
		<visibility>0</visibility>
		<description><![CDATA[<div><div><span><b>Altitude:</b></span> <span>34,100 ft</span></div>
<div><span><b>Speed:</b></span> <span>386 kt - 387 kt</span></div>
<div><span><b>Timestamp:</b></span><br/><span>2024-09-23 01:32:46 UTC<br/>2024-09-23 01:33:46 UTC</span></div>
</div>]]></description>
		<Style>
			<LineStyle>
				<color>ff6000ff</color>
				<width>2</width>
			</LineStyle>
		</Style>
		<MultiGeometry>
			<LineString>
				<tessellate>1</tessellate>
				<altitudeMode>absolute</altitudeMode>
				<coordinates>
					119.366341,38.165405,10393.68 119.240227,38.206512,10393.68 
				</coordinates>
			</LineString>
		</MultiGeometry>
	</Placemark>
	<Placemark>
		<name>P-234</name>
		<visibility>0</visibility>
		<description><![CDATA[<div><div><span><b>Altitude:</b></span> <span>34,100 ft</span></div>
<div><span><b>Speed:</b></span> <span>387 kt - 388 kt</span></div>
<div><span><b>Timestamp:</b></span><br/><span>2024-09-23 01:33:46 UTC<br/>2024-09-23 01:34:46 UTC</span></div>
</div>]]></description>
		<Style>
			<LineStyle>
				<color>ff6000ff</color>
				<width>2</width>
			</LineStyle>
		</Style>
		<MultiGeometry>
			<LineString>
				<tessellate>1</tessellate>
				<altitudeMode>absolute</altitudeMode>
				<coordinates>
					119.240227,38.206512,10393.68 119.11425,38.247318,10393.68 
				</coordinates>
			</LineString>
		</MultiGeometry>
	</Placemark>
	<Placemark>
		<name>P-235</name>
		<visibility>0</visibility>
		<description><![CDATA[<div><div><span><b>Altitude:</b></span> <span>34,100 ft</span></div>
<div><span><b>Speed:</b></span> <span>388 kt</span></div>
<div><span><b>Timestamp:</b></span><br/><span>2024-09-23 01:34:46 UTC<br/>2024-09-23 01:35:46 UTC</span></div>
</div>]]></description>
		<Style>
			<LineStyle>
				<color>ff6000ff</color>
				<width>2</width>
			</LineStyle>
		</Style>
		<MultiGeometry>
			<LineString>
				<tessellate>1</tessellate>
				<altitudeMode>absolute</altitudeMode>
				<coordinates>
					119.11425,38.247318,10393.68 118.986488,38.288406,10393.68 
				</coordinates>
			</LineString>
		</MultiGeometry>
	</Placemark>
	<Placemark>
		<name>P-236</name>
		<visibility>0</visibility>
		<description><![CDATA[<div><div><span><b>Altitude:</b></span> <span>34,100 ft - 34,125 ft</span></div>
<div><span><b>Speed:</b></span> <span>388 kt</span></div>
<div><span><b>Timestamp:</b></span><br/><span>2024-09-23 01:35:46 UTC<br/>2024-09-23 01:36:46 UTC</span></div>
</div>]]></description>
		<Style>
			<LineStyle>
				<color>ff6000ff</color>
				<width>2</width>
			</LineStyle>
		</Style>
		<MultiGeometry>
			<LineString>
				<tessellate>1</tessellate>
				<altitudeMode>absolute</altitudeMode>
				<coordinates>
					118.986488,38.288406,10393.68 118.859894,38.328785,10401.3 
				</coordinates>
			</LineString>
		</MultiGeometry>
	</Placemark>
	<Placemark>
		<name>P-237</name>
		<visibility>0</visibility>
		<description><![CDATA[<div><div><span><b>Altitude:</b></span> <span>34,125 ft - 34,100 ft</span></div>
<div><span><b>Speed:</b></span> <span>388 kt - 387 kt</span></div>
<div><span><b>Timestamp:</b></span><br/><span>2024-09-23 01:36:46 UTC<br/>2024-09-23 01:37:46 UTC</span></div>
</div>]]></description>
		<Style>
			<LineStyle>
				<color>ff6000ff</color>
				<width>2</width>
			</LineStyle>
		</Style>
		<MultiGeometry>
			<LineString>
				<tessellate>1</tessellate>
				<altitudeMode>absolute</altitudeMode>
				<coordinates>
					118.859894,38.328785,10401.3 118.733131,38.369331,10393.68 
				</coordinates>
			</LineString>
		</MultiGeometry>
	</Placemark>
	<Placemark>
		<name>P-238</name>
		<visibility>0</visibility>
		<description><![CDATA[<div><div><span><b>Altitude:</b></span> <span>34,100 ft</span></div>
<div><span><b>Speed:</b></span> <span>387 kt - 386 kt</span></div>
<div><span><b>Timestamp:</b></span><br/><span>2024-09-23 01:37:46 UTC<br/>2024-09-23 01:38:46 UTC</span></div>
</div>]]></description>
		<Style>
			<LineStyle>
				<color>ff6000ff</color>
				<width>2</width>
			</LineStyle>
		</Style>
		<MultiGeometry>
			<LineString>
				<tessellate>1</tessellate>
				<altitudeMode>absolute</altitudeMode>
				<coordinates>
					118.733131,38.369331,10393.68 118.607521,38.409531,10393.68 
				</coordinates>
			</LineString>
		</MultiGeometry>
	</Placemark>
	<Placemark>
		<name>P-239</name>
		<visibility>0</visibility>
		<description><![CDATA[<div><div><span><b>Altitude:</b></span> <span>34,100 ft</span></div>
<div><span><b>Speed:</b></span> <span>386 kt</span></div>
<div><span><b>Timestamp:</b></span><br/><span>2024-09-23 01:38:46 UTC<br/>2024-09-23 01:39:46 UTC</span></div>
</div>]]></description>
		<Style>
			<LineStyle>
				<color>ff6000ff</color>
				<width>2</width>
			</LineStyle>
		</Style>
		<MultiGeometry>
			<LineString>
				<tessellate>1</tessellate>
				<altitudeMode>absolute</altitudeMode>
				<coordinates>
					118.607521,38.409531,10393.68 118.481384,38.449543,10393.68 
				</coordinates>
			</LineString>
		</MultiGeometry>
	</Placemark>
	<Placemark>
		<name>P-240</name>
		<visibility>0</visibility>
		<description><![CDATA[<div><div><span><b>Altitude:</b></span> <span>34,100 ft</span></div>
<div><span><b>Speed:</b></span> <span>386 kt - 387 kt</span></div>
<div><span><b>Timestamp:</b></span><br/><span>2024-09-23 01:39:46 UTC<br/>2024-09-23 01:40:46 UTC</span></div>
</div>]]></description>
		<Style>
			<LineStyle>
				<color>ff6000ff</color>
				<width>2</width>
			</LineStyle>
		</Style>
		<MultiGeometry>
			<LineString>
				<tessellate>1</tessellate>
				<altitudeMode>absolute</altitudeMode>
				<coordinates>
					118.481384,38.449543,10393.68 118.353981,38.489777,10393.68 
				</coordinates>
			</LineString>
		</MultiGeometry>
	</Placemark>
	<Placemark>
		<name>P-241</name>
		<visibility>0</visibility>
		<description><![CDATA[<div><div><span><b>Altitude:</b></span> <span>34,100 ft</span></div>
<div><span><b>Speed:</b></span> <span>387 kt - 386 kt</span></div>
<div><span><b>Timestamp:</b></span><br/><span>2024-09-23 01:40:46 UTC<br/>2024-09-23 01:41:46 UTC</span></div>
</div>]]></description>
		<Style>
			<LineStyle>
				<color>ff6000ff</color>
				<width>2</width>
			</LineStyle>
		</Style>
		<MultiGeometry>
			<LineString>
				<tessellate>1</tessellate>
				<altitudeMode>absolute</altitudeMode>
				<coordinates>
					118.353981,38.489777,10393.68 118.227219,38.529739,10393.68 
				</coordinates>
			</LineString>
		</MultiGeometry>
	</Placemark>
	<Placemark>
		<name>P-242</name>
		<visibility>0</visibility>
		<description><![CDATA[<div><div><span><b>Altitude:</b></span> <span>34,100 ft</span></div>
<div><span><b>Speed:</b></span> <span>386 kt - 387 kt</span></div>
<div><span><b>Timestamp:</b></span><br/><span>2024-09-23 01:41:46 UTC<br/>2024-09-23 01:42:46 UTC</span></div>
</div>]]></description>
		<Style>
			<LineStyle>
				<color>ff6000ff</color>
				<width>2</width>
			</LineStyle>
		</Style>
		<MultiGeometry>
			<LineString>
				<tessellate>1</tessellate>
				<altitudeMode>absolute</altitudeMode>
				<coordinates>
					118.227219,38.529739,10393.68 118.100998,38.569748,10393.68 
				</coordinates>
			</LineString>
		</MultiGeometry>
	</Placemark>
	<Placemark>
		<name>P-243</name>
		<visibility>0</visibility>
		<description><![CDATA[<div><div><span><b>Altitude:</b></span> <span>34,100 ft</span></div>
<div><span><b>Speed:</b></span> <span>387 kt - 396 kt</span></div>
<div><span><b>Timestamp:</b></span><br/><span>2024-09-23 01:42:46 UTC<br/>2024-09-23 01:43:46 UTC</span></div>
</div>]]></description>
		<Style>
			<LineStyle>
				<color>ff6000ff</color>
				<width>2</width>
			</LineStyle>
		</Style>
		<MultiGeometry>
			<LineString>
				<tessellate>1</tessellate>
				<altitudeMode>absolute</altitudeMode>
				<coordinates>
					118.100998,38.569748,10393.68 117.983398,38.628117,10393.68 
				</coordinates>
			</LineString>
		</MultiGeometry>
	</Placemark>
	<Placemark>
		<name>P-244</name>
		<visibility>0</visibility>
		<description><![CDATA[<div><div><span><b>Altitude:</b></span> <span>34,100 ft</span></div>
<div><span><b>Speed:</b></span> <span>396 kt - 397 kt</span></div>
<div><span><b>Timestamp:</b></span><br/><span>2024-09-23 01:43:46 UTC<br/>2024-09-23 01:45:46 UTC</span></div>
</div>]]></description>
		<Style>
			<LineStyle>
				<color>ff6000ff</color>
				<width>2</width>
			</LineStyle>
		</Style>
		<MultiGeometry>
			<LineString>
				<tessellate>1</tessellate>
				<altitudeMode>absolute</altitudeMode>
				<coordinates>
					117.983398,38.628117,10393.68 117.778198,38.779411,10393.68 
				</coordinates>
			</LineString>
		</MultiGeometry>
	</Placemark>
	<Placemark>
		<name>P-245</name>
		<visibility>0</visibility>
		<description><![CDATA[<div><div><span><b>Altitude:</b></span> <span>34,100 ft - 34,075 ft</span></div>
<div><span><b>Speed:</b></span> <span>397 kt - 398 kt</span></div>
<div><span><b>Timestamp:</b></span><br/><span>2024-09-23 01:45:46 UTC<br/>2024-09-23 01:47:46 UTC</span></div>
</div>]]></description>
		<Style>
			<LineStyle>
				<color>ff6000ff</color>
				<width>2</width>
			</LineStyle>
		</Style>
		<MultiGeometry>
			<LineString>
				<tessellate>1</tessellate>
				<altitudeMode>absolute</altitudeMode>
				<coordinates>
					117.778198,38.779411,10393.68 117.574463,38.931358,10386.06 
				</coordinates>
			</LineString>
		</MultiGeometry>
	</Placemark>
	<Placemark>
		<name>P-246</name>
		<visibility>0</visibility>
		<description><![CDATA[<div><div><span><b>Altitude:</b></span> <span>34,075 ft - 34,100 ft</span></div>
<div><span><b>Speed:</b></span> <span>398 kt - 397 kt</span></div>
<div><span><b>Timestamp:</b></span><br/><span>2024-09-23 01:47:46 UTC<br/>2024-09-23 01:48:46 UTC</span></div>
</div>]]></description>
		<Style>
			<LineStyle>
				<color>ff6000ff</color>
				<width>2</width>
			</LineStyle>
		</Style>
		<MultiGeometry>
			<LineString>
				<tessellate>1</tessellate>
				<altitudeMode>absolute</altitudeMode>
				<coordinates>
					117.574463,38.931358,10386.06 117.470238,39.00732,10393.68 
				</coordinates>
			</LineString>
		</MultiGeometry>
	</Placemark>
	<Placemark>
		<name>P-247</name>
		<visibility>0</visibility>
		<description><![CDATA[<div><div><span><b>Altitude:</b></span> <span>34,100 ft - 34,125 ft</span></div>
<div><span><b>Speed:</b></span> <span>397 kt - 392 kt</span></div>
<div><span><b>Timestamp:</b></span><br/><span>2024-09-23 01:48:46 UTC<br/>2024-09-23 01:49:46 UTC</span></div>
</div>]]></description>
		<Style>
			<LineStyle>
				<color>ff6000ff</color>
				<width>2</width>
			</LineStyle>
		</Style>
		<MultiGeometry>
			<LineString>
				<tessellate>1</tessellate>
				<altitudeMode>absolute</altitudeMode>
				<coordinates>
					117.470238,39.00732,10393.68 117.353027,39.064407,10401.3 
				</coordinates>
			</LineString>
		</MultiGeometry>
	</Placemark>
	<Placemark>
		<name>P-248</name>
		<visibility>0</visibility>
		<description><![CDATA[<div><div><span><b>Altitude:</b></span> <span>34,125 ft</span></div>
<div><span><b>Speed:</b></span> <span>392 kt - 388 kt</span></div>
<div><span><b>Timestamp:</b></span><br/><span>2024-09-23 01:49:46 UTC<br/>2024-09-23 01:50:46 UTC</span></div>
</div>]]></description>
		<Style>
			<LineStyle>
				<color>ff6000ff</color>
				<width>2</width>
			</LineStyle>
		</Style>
		<MultiGeometry>
			<LineString>
				<tessellate>1</tessellate>
				<altitudeMode>absolute</altitudeMode>
				<coordinates>
					117.353027,39.064407,10401.3 117.221909,39.098923,10401.3 
				</coordinates>
			</LineString>
		</MultiGeometry>
	</Placemark>
	<Placemark>
		<name>P-249</name>
		<visibility>0</visibility>
		<description><![CDATA[<div><div><span><b>Altitude:</b></span> <span>34,125 ft</span></div>
<div><span><b>Speed:</b></span> <span>388 kt - 396 kt</span></div>
<div><span><b>Timestamp:</b></span><br/><span>2024-09-23 01:50:46 UTC<br/>2024-09-23 01:51:51 UTC</span></div>
</div>]]></description>
		<Style>
			<LineStyle>
				<color>ff6000ff</color>
				<width>2</width>
			</LineStyle>
		</Style>
		<MultiGeometry>
			<LineString>
				<tessellate>1</tessellate>
				<altitudeMode>absolute</altitudeMode>
				<coordinates>
					117.221909,39.098923,10401.3 117.082611,39.140533,10401.3 
				</coordinates>
			</LineString>
		</MultiGeometry>
	</Placemark>
	<Placemark>
		<name>P-250</name>
		<visibility>0</visibility>
		<description><![CDATA[<div><div><span><b>Altitude:</b></span> <span>34,125 ft - 34,100 ft</span></div>
<div><span><b>Speed:</b></span> <span>396 kt - 405 kt</span></div>
<div><span><b>Timestamp:</b></span><br/><span>2024-09-23 01:51:51 UTC<br/>2024-09-23 01:52:21 UTC</span></div>
</div>]]></description>
		<Style>
			<LineStyle>
				<color>ff6000ff</color>
				<width>2</width>
			</LineStyle>
		</Style>
		<MultiGeometry>
			<LineString>
				<tessellate>1</tessellate>
				<altitudeMode>absolute</altitudeMode>
				<coordinates>
					117.082611,39.140533,10401.3 117.030212,39.177246,10393.68 
				</coordinates>
			</LineString>
		</MultiGeometry>
	</Placemark>
	<Placemark>
		<name>P-251</name>
		<visibility>0</visibility>
		<description><![CDATA[<div><div><span><b>Altitude:</b></span> <span>34,100 ft</span></div>
<div><span><b>Speed:</b></span> <span>405 kt - 407 kt</span></div>
<div><span><b>Timestamp:</b></span><br/><span>2024-09-23 01:52:21 UTC<br/>2024-09-23 01:52:26 UTC</span></div>
</div>]]></description>
		<Style>
			<LineStyle>
				<color>ff6000ff</color>
				<width>2</width>
			</LineStyle>
		</Style>
		<MultiGeometry>
			<LineString>
				<tessellate>1</tessellate>
				<altitudeMode>absolute</altitudeMode>
				<coordinates>
					117.030212,39.177246,10393.68 117.021851,39.184975,10393.68 
				</coordinates>
			</LineString>
		</MultiGeometry>
	</Placemark>
	<Placemark>
		<name>P-252</name>
		<visibility>0</visibility>
		<description><![CDATA[<div><div><span><b>Altitude:</b></span> <span>34,100 ft</span></div>
<div><span><b>Speed:</b></span> <span>407 kt - 410 kt</span></div>
<div><span><b>Timestamp:</b></span><br/><span>2024-09-23 01:52:26 UTC<br/>2024-09-23 01:52:31 UTC</span></div>
</div>]]></description>
		<Style>
			<LineStyle>
				<color>ff6000ff</color>
				<width>2</width>
			</LineStyle>
		</Style>
		<MultiGeometry>
			<LineString>
				<tessellate>1</tessellate>
				<altitudeMode>absolute</altitudeMode>
				<coordinates>
					117.021851,39.184975,10393.68 117.013855,39.192982,10393.68 
				</coordinates>
			</LineString>
		</MultiGeometry>
	</Placemark>
	<Placemark>
		<name>P-253</name>
		<visibility>0</visibility>
		<description><![CDATA[<div><div><span><b>Altitude:</b></span> <span>34,100 ft</span></div>
<div><span><b>Speed:</b></span> <span>410 kt - 412 kt</span></div>
<div><span><b>Timestamp:</b></span><br/><span>2024-09-23 01:52:31 UTC<br/>2024-09-23 01:52:34 UTC</span></div>
</div>]]></description>
		<Style>
			<LineStyle>
				<color>ff6000ff</color>
				<width>2</width>
			</LineStyle>
		</Style>
		<MultiGeometry>
			<LineString>
				<tessellate>1</tessellate>
				<altitudeMode>absolute</altitudeMode>
				<coordinates>
					117.013855,39.192982,10393.68 117.009712,39.197479,10393.68 
				</coordinates>
			</LineString>
		</MultiGeometry>
	</Placemark>
	<Placemark>
		<name>P-254</name>
		<visibility>0</visibility>
		<description><![CDATA[<div><div><span><b>Altitude:</b></span> <span>34,100 ft</span></div>
<div><span><b>Speed:</b></span> <span>412 kt - 418 kt</span></div>
<div><span><b>Timestamp:</b></span><br/><span>2024-09-23 01:52:34 UTC<br/>2024-09-23 01:52:46 UTC</span></div>
</div>]]></description>
		<Style>
			<LineStyle>
				<color>ff6000ff</color>
				<width>2</width>
			</LineStyle>
		</Style>
		<MultiGeometry>
			<LineString>
				<tessellate>1</tessellate>
				<altitudeMode>absolute</altitudeMode>
				<coordinates>
					117.009712,39.197479,10393.68 116.999023,39.210114,10393.68 
				</coordinates>
			</LineString>
		</MultiGeometry>
	</Placemark>
	<Placemark>
		<name>P-255</name>
		<visibility>0</visibility>
		<description><![CDATA[<div><div><span><b>Altitude:</b></span> <span>34,100 ft</span></div>
<div><span><b>Speed:</b></span> <span>418 kt - 443 kt</span></div>
<div><span><b>Timestamp:</b></span><br/><span>2024-09-23 01:52:46 UTC<br/>2024-09-23 01:53:46 UTC</span></div>
</div>]]></description>
		<Style>
			<LineStyle>
				<color>ff6000ff</color>
				<width>2</width>
			</LineStyle>
		</Style>
		<MultiGeometry>
			<LineString>
				<tessellate>1</tessellate>
				<altitudeMode>absolute</altitudeMode>
				<coordinates>
					116.999023,39.210114,10393.68 116.951782,39.330639,10393.68 
				</coordinates>
			</LineString>
		</MultiGeometry>
	</Placemark>
	<Placemark>
		<name>P-256</name>
		<visibility>0</visibility>
		<description><![CDATA[<div><div><span><b>Altitude:</b></span> <span>34,100 ft</span></div>
<div><span><b>Speed:</b></span> <span>443 kt - 440 kt</span></div>
<div><span><b>Timestamp:</b></span><br/><span>2024-09-23 01:53:46 UTC<br/>2024-09-23 01:54:48 UTC</span></div>
</div>]]></description>
		<Style>
			<LineStyle>
				<color>ff6000ff</color>
				<width>2</width>
			</LineStyle>
		</Style>
		<MultiGeometry>
			<LineString>
				<tessellate>1</tessellate>
				<altitudeMode>absolute</altitudeMode>
				<coordinates>
					116.951782,39.330639,10393.68 116.925842,39.45507,10393.68 
				</coordinates>
			</LineString>
		</MultiGeometry>
	</Placemark>
	<Placemark>
		<name>P-257</name>
		<visibility>0</visibility>
		<description><![CDATA[<div><div><span><b>Altitude:</b></span> <span>34,100 ft</span></div>
<div><span><b>Speed:</b></span> <span>440 kt</span></div>
<div><span><b>Timestamp:</b></span><br/><span>2024-09-23 01:54:48 UTC<br/>2024-09-23 01:55:23 UTC</span></div>
</div>]]></description>
		<Style>
			<LineStyle>
				<color>ff6000ff</color>
				<width>2</width>
			</LineStyle>
		</Style>
		<MultiGeometry>
			<LineString>
				<tessellate>1</tessellate>
				<altitudeMode>absolute</altitudeMode>
				<coordinates>
					116.925842,39.45507,10393.68 116.911308,39.525467,10393.68 
				</coordinates>
			</LineString>
		</MultiGeometry>
	</Placemark>
	<Placemark>
		<name>P-258</name>
		<visibility>0</visibility>
		<description><![CDATA[<div><div><span><b>Altitude:</b></span> <span>34,100 ft</span></div>
<div><span><b>Speed:</b></span> <span>440 kt</span></div>
<div><span><b>Timestamp:</b></span><br/><span>2024-09-23 01:55:23 UTC<br/>2024-09-23 01:55:58 UTC</span></div>
</div>]]></description>
		<Style>
			<LineStyle>
				<color>ff6000ff</color>
				<width>2</width>
			</LineStyle>
		</Style>
		<MultiGeometry>
			<LineString>
				<tessellate>1</tessellate>
				<altitudeMode>absolute</altitudeMode>
				<coordinates>
					116.911308,39.525467,10393.68 116.897812,39.591019,10393.68 
				</coordinates>
			</LineString>
		</MultiGeometry>
	</Placemark>
	<Placemark>
		<name>P-259</name>
		<visibility>0</visibility>
		<description><![CDATA[<div><div><span><b>Altitude:</b></span> <span>34,100 ft</span></div>
<div><span><b>Speed:</b></span> <span>440 kt</span></div>
<div><span><b>Timestamp:</b></span><br/><span>2024-09-23 01:55:58 UTC<br/>2024-09-23 01:56:27 UTC</span></div>
</div>]]></description>
		<Style>
			<LineStyle>
				<color>ff6000ff</color>
				<width>2</width>
			</LineStyle>
		</Style>
		<MultiGeometry>
			<LineString>
				<tessellate>1</tessellate>
				<altitudeMode>absolute</altitudeMode>
				<coordinates>
					116.897812,39.591019,10393.68 116.885155,39.652313,10393.68 
				</coordinates>
			</LineString>
		</MultiGeometry>
	</Placemark>
	<Placemark>
		<name>P-260</name>
		<visibility>0</visibility>
		<description><![CDATA[<div><div><span><b>Altitude:</b></span> <span>34,100 ft</span></div>
<div><span><b>Speed:</b></span> <span>440 kt - 441 kt</span></div>
<div><span><b>Timestamp:</b></span><br/><span>2024-09-23 01:56:27 UTC<br/>2024-09-23 01:57:46 UTC</span></div>
</div>]]></description>
		<Style>
			<LineStyle>
				<color>ff6000ff</color>
				<width>2</width>
			</LineStyle>
		</Style>
		<MultiGeometry>
			<LineString>
				<tessellate>1</tessellate>
				<altitudeMode>absolute</altitudeMode>
				<coordinates>
					116.885155,39.652313,10393.68 116.85154,39.813858,10393.68 
				</coordinates>
			</LineString>
		</MultiGeometry>
	</Placemark>
	<Placemark>
		<name>P-261</name>
		<visibility>0</visibility>
		<description><![CDATA[<div><div><span><b>Altitude:</b></span> <span>34,100 ft</span></div>
<div><span><b>Speed:</b></span> <span>441 kt - 442 kt</span></div>
<div><span><b>Timestamp:</b></span><br/><span>2024-09-23 01:57:46 UTC<br/>2024-09-23 01:58:17 UTC</span></div>
</div>]]></description>
		<Style>
			<LineStyle>
				<color>ff6000ff</color>
				<width>2</width>
			</LineStyle>
		</Style>
		<MultiGeometry>
			<LineString>
				<tessellate>1</tessellate>
				<altitudeMode>absolute</altitudeMode>
				<coordinates>
					116.85154,39.813858,10393.68 116.839005,39.876343,10393.68 
				</coordinates>
			</LineString>
		</MultiGeometry>
	</Placemark>
	<Placemark>
		<name>P-262</name>
		<visibility>0</visibility>
		<description><![CDATA[<div><div><span><b>Altitude:</b></span> <span>34,100 ft</span></div>
<div><span><b>Speed:</b></span> <span>442 kt - 443 kt</span></div>
<div><span><b>Timestamp:</b></span><br/><span>2024-09-23 01:58:17 UTC<br/>2024-09-23 01:58:46 UTC</span></div>
</div>]]></description>
		<Style>
			<LineStyle>
				<color>ff6000ff</color>
				<width>2</width>
			</LineStyle>
		</Style>
		<MultiGeometry>
			<LineString>
				<tessellate>1</tessellate>
				<altitudeMode>absolute</altitudeMode>
				<coordinates>
					116.839005,39.876343,10393.68 116.827492,39.934837,10393.68 
				</coordinates>
			</LineString>
		</MultiGeometry>
	</Placemark>
	<Placemark>
		<name>P-263</name>
		<visibility>0</visibility>
		<description><![CDATA[<div><div><span><b>Altitude:</b></span> <span>34,100 ft</span></div>
<div><span><b>Speed:</b></span> <span>443 kt - 445 kt</span></div>
<div><span><b>Timestamp:</b></span><br/><span>2024-09-23 01:58:46 UTC<br/>2024-09-23 01:59:46 UTC</span></div>
</div>]]></description>
		<Style>
			<LineStyle>
				<color>ff6000ff</color>
				<width>2</width>
			</LineStyle>
		</Style>
		<MultiGeometry>
			<LineString>
				<tessellate>1</tessellate>
				<altitudeMode>absolute</altitudeMode>
				<coordinates>
					116.827492,39.934837,10393.68 116.803017,40.057877,10393.68 
				</coordinates>
			</LineString>
		</MultiGeometry>
	</Placemark>
	<Placemark>
		<name>P-264</name>
		<visibility>0</visibility>
		<description><![CDATA[<div><div><span><b>Altitude:</b></span> <span>34,100 ft - 34,125 ft</span></div>
<div><span><b>Speed:</b></span> <span>445 kt - 446 kt</span></div>
<div><span><b>Timestamp:</b></span><br/><span>2024-09-23 01:59:46 UTC<br/>2024-09-23 02:00:22 UTC</span></div>
</div>]]></description>
		<Style>
			<LineStyle>
				<color>ff6000ff</color>
				<width>2</width>
			</LineStyle>
		</Style>
		<MultiGeometry>
			<LineString>
				<tessellate>1</tessellate>
				<altitudeMode>absolute</altitudeMode>
				<coordinates>
					116.803017,40.057877,10393.68 116.788757,40.130447,10401.3 
				</coordinates>
			</LineString>
		</MultiGeometry>
	</Placemark>
	<Placemark>
		<name>P-265</name>
		<visibility>0</visibility>
		<description><![CDATA[<div><div><span><b>Altitude:</b></span> <span>34,125 ft</span></div>
<div><span><b>Speed:</b></span> <span>446 kt</span></div>
<div><span><b>Timestamp:</b></span><br/><span>2024-09-23 02:00:22 UTC<br/>2024-09-23 02:00:46 UTC</span></div>
</div>]]></description>
		<Style>
			<LineStyle>
				<color>ff6000ff</color>
				<width>2</width>
			</LineStyle>
		</Style>
		<MultiGeometry>
			<LineString>
				<tessellate>1</tessellate>
				<altitudeMode>absolute</altitudeMode>
				<coordinates>
					116.788757,40.130447,10401.3 116.779114,40.179016,10401.3 
				</coordinates>
			</LineString>
		</MultiGeometry>
	</Placemark>
	<Placemark>
		<name>P-266</name>
		<visibility>0</visibility>
		<description><![CDATA[<div><div><span><b>Altitude:</b></span> <span>34,125 ft</span></div>
<div><span><b>Speed:</b></span> <span>446 kt</span></div>
<div><span><b>Timestamp:</b></span><br/><span>2024-09-23 02:00:46 UTC<br/>2024-09-23 02:01:44 UTC</span></div>
</div>]]></description>
		<Style>
			<LineStyle>
				<color>ff6000ff</color>
				<width>2</width>
			</LineStyle>
		</Style>
		<MultiGeometry>
			<LineString>
				<tessellate>1</tessellate>
				<altitudeMode>absolute</altitudeMode>
				<coordinates>
					116.779114,40.179016,10401.3 116.756081,40.294128,10401.3 
				</coordinates>
			</LineString>
		</MultiGeometry>
	</Placemark>
	<Placemark>
		<name>P-267</name>
		<visibility>0</visibility>
		<description><![CDATA[<div><div><span><b>Altitude:</b></span> <span>34,125 ft - 34,100 ft</span></div>
<div><span><b>Speed:</b></span> <span>446 kt - 442 kt</span></div>
<div><span><b>Timestamp:</b></span><br/><span>2024-09-23 02:01:44 UTC<br/>2024-09-23 02:01:55 UTC</span></div>
</div>]]></description>
		<Style>
			<LineStyle>
				<color>ff6000ff</color>
				<width>2</width>
			</LineStyle>
		</Style>
		<MultiGeometry>
			<LineString>
				<tessellate>1</tessellate>
				<altitudeMode>absolute</altitudeMode>
				<coordinates>
					116.756081,40.294128,10401.3 116.750084,40.319405,10393.68 
				</coordinates>
			</LineString>
		</MultiGeometry>
	</Placemark>
	<Placemark>
		<name>P-268</name>
		<visibility>0</visibility>
		<description><![CDATA[<div><div><span><b>Altitude:</b></span> <span>34,100 ft</span></div>
<div><span><b>Speed:</b></span> <span>442 kt - 436 kt</span></div>
<div><span><b>Timestamp:</b></span><br/><span>2024-09-23 02:01:55 UTC<br/>2024-09-23 02:02:52 UTC</span></div>
</div>]]></description>
		<Style>
			<LineStyle>
				<color>ff6000ff</color>
				<width>2</width>
			</LineStyle>
		</Style>
		<MultiGeometry>
			<LineString>
				<tessellate>1</tessellate>
				<altitudeMode>absolute</altitudeMode>
				<coordinates>
					116.750084,40.319405,10393.68 116.708313,40.430099,10393.68 
				</coordinates>
			</LineString>
		</MultiGeometry>
	</Placemark>
	<Placemark>
		<name>P-269</name>
		<visibility>0</visibility>
		<description><![CDATA[<div><div><span><b>Altitude:</b></span> <span>34,100 ft</span></div>
<div><span><b>Speed:</b></span> <span>436 kt - 435 kt</span></div>
<div><span><b>Timestamp:</b></span><br/><span>2024-09-23 02:02:52 UTC<br/>2024-09-23 02:03:25 UTC</span></div>
</div>]]></description>
		<Style>
			<LineStyle>
				<color>ff6000ff</color>
				<width>2</width>
			</LineStyle>
		</Style>
		<MultiGeometry>
			<LineString>
				<tessellate>1</tessellate>
				<altitudeMode>absolute</altitudeMode>
				<coordinates>
					116.708313,40.430099,10393.68 116.683777,40.491119,10393.68 
				</coordinates>
			</LineString>
		</MultiGeometry>
	</Placemark>
	<Placemark>
		<name>P-270</name>
		<visibility>0</visibility>
		<description><![CDATA[<div><div><span><b>Altitude:</b></span> <span>34,100 ft - 34,075 ft</span></div>
<div><span><b>Speed:</b></span> <span>435 kt</span></div>
<div><span><b>Timestamp:</b></span><br/><span>2024-09-23 02:03:25 UTC<br/>2024-09-23 02:03:43 UTC</span></div>
</div>]]></description>
		<Style>
			<LineStyle>
				<color>ff6000ff</color>
				<width>2</width>
			</LineStyle>
		</Style>
		<MultiGeometry>
			<LineString>
				<tessellate>1</tessellate>
				<altitudeMode>absolute</altitudeMode>
				<coordinates>
					116.683777,40.491119,10393.68 116.672554,40.518833,10386.06 
				</coordinates>
			</LineString>
		</MultiGeometry>
	</Placemark>
	<Placemark>
		<name>P-271</name>
		<visibility>0</visibility>
		<description><![CDATA[<div><div><span><b>Altitude:</b></span> <span>34,075 ft</span></div>
<div><span><b>Speed:</b></span> <span>435 kt - 438 kt</span></div>
<div><span><b>Timestamp:</b></span><br/><span>2024-09-23 02:03:43 UTC<br/>2024-09-23 02:04:45 UTC</span></div>
</div>]]></description>
		<Style>
			<LineStyle>
				<color>ff6000ff</color>
				<width>2</width>
			</LineStyle>
		</Style>
		<MultiGeometry>
			<LineString>
				<tessellate>1</tessellate>
				<altitudeMode>absolute</altitudeMode>
				<coordinates>
					116.672554,40.518833,10386.06 116.619446,40.64859,10386.06 
				</coordinates>
			</LineString>
		</MultiGeometry>
	</Placemark>
	<Placemark>
		<name>P-272</name>
		<visibility>0</visibility>
		<description><![CDATA[<div><div><span><b>Altitude:</b></span> <span>34,075 ft - 34,100 ft</span></div>
<div><span><b>Speed:</b></span> <span>438 kt - 443 kt</span></div>
<div><span><b>Timestamp:</b></span><br/><span>2024-09-23 02:04:45 UTC<br/>2024-09-23 02:05:46 UTC</span></div>
</div>]]></description>
		<Style>
			<LineStyle>
				<color>ff6000ff</color>
				<width>2</width>
			</LineStyle>
		</Style>
		<MultiGeometry>
			<LineString>
				<tessellate>1</tessellate>
				<altitudeMode>absolute</altitudeMode>
				<coordinates>
					116.619446,40.64859,10386.06 116.574364,40.766727,10393.68 
				</coordinates>
			</LineString>
		</MultiGeometry>
	</Placemark>
	<Placemark>
		<name>P-273</name>
		<visibility>0</visibility>
		<description><![CDATA[<div><div><span><b>Altitude:</b></span> <span>34,100 ft - 34,125 ft</span></div>
<div><span><b>Speed:</b></span> <span>443 kt - 451 kt</span></div>
<div><span><b>Timestamp:</b></span><br/><span>2024-09-23 02:05:46 UTC<br/>2024-09-23 02:06:46 UTC</span></div>
</div>]]></description>
		<Style>
			<LineStyle>
				<color>ff6000ff</color>
				<width>2</width>
			</LineStyle>
		</Style>
		<MultiGeometry>
			<LineString>
				<tessellate>1</tessellate>
				<altitudeMode>absolute</altitudeMode>
				<coordinates>
					116.574364,40.766727,10393.68 116.556396,40.890564,10401.3 
				</coordinates>
			</LineString>
		</MultiGeometry>
	</Placemark>
	<Placemark>
		<name>P-274</name>
		<visibility>0</visibility>
		<description><![CDATA[<div><div><span><b>Altitude:</b></span> <span>34,125 ft - 34,100 ft</span></div>
<div><span><b>Speed:</b></span> <span>451 kt - 452 kt</span></div>
<div><span><b>Timestamp:</b></span><br/><span>2024-09-23 02:06:46 UTC<br/>2024-09-23 02:07:46 UTC</span></div>
</div>]]></description>
		<Style>
			<LineStyle>
				<color>ff6000ff</color>
				<width>2</width>
			</LineStyle>
		</Style>
		<MultiGeometry>
			<LineString>
				<tessellate>1</tessellate>
				<altitudeMode>absolute</altitudeMode>
				<coordinates>
					116.556396,40.890564,10401.3 116.5448,41.014572,10393.68 
				</coordinates>
			</LineString>
		</MultiGeometry>
	</Placemark>
	<Placemark>
		<name>P-275</name>
		<visibility>0</visibility>
		<description><![CDATA[<div><div><span><b>Altitude:</b></span> <span>34,100 ft - 34,150 ft</span></div>
<div><span><b>Speed:</b></span> <span>452 kt - 444 kt</span></div>
<div><span><b>Timestamp:</b></span><br/><span>2024-09-23 02:07:46 UTC<br/>2024-09-23 02:08:46 UTC</span></div>
</div>]]></description>
		<Style>
			<LineStyle>
				<color>ff6000ff</color>
				<width>2</width>
			</LineStyle>
		</Style>
		<MultiGeometry>
			<LineString>
				<tessellate>1</tessellate>
				<altitudeMode>absolute</altitudeMode>
				<coordinates>
					116.5448,41.014572,10393.68 116.532921,41.140633,10408.92 
				</coordinates>
			</LineString>
		</MultiGeometry>
	</Placemark>
	<Placemark>
		<name>P-276</name>
		<visibility>0</visibility>
		<description><![CDATA[<div><div><span><b>Altitude:</b></span> <span>34,150 ft - 34,100 ft</span></div>
<div><span><b>Speed:</b></span> <span>444 kt - 429 kt</span></div>
<div><span><b>Timestamp:</b></span><br/><span>2024-09-23 02:08:46 UTC<br/>2024-09-23 02:09:46 UTC</span></div>
</div>]]></description>
		<Style>
			<LineStyle>
				<color>ff6000ff</color>
				<width>2</width>
			</LineStyle>
		</Style>
		<MultiGeometry>
			<LineString>
				<tessellate>1</tessellate>
				<altitudeMode>absolute</altitudeMode>
				<coordinates>
					116.532921,41.140633,10408.92 116.496216,41.256874,10393.68 
				</coordinates>
			</LineString>
		</MultiGeometry>
	</Placemark>
	<Placemark>
		<name>P-277</name>
		<visibility>0</visibility>
		<description><![CDATA[<div><div><span><b>Altitude:</b></span> <span>34,100 ft - 34,250 ft</span></div>
<div><span><b>Speed:</b></span> <span>429 kt - 424 kt</span></div>
<div><span><b>Timestamp:</b></span><br/><span>2024-09-23 02:09:46 UTC<br/>2024-09-23 02:11:44 UTC</span></div>
</div>]]></description>
		<Style>
			<LineStyle>
				<color>ff6000ff</color>
				<width>2</width>
			</LineStyle>
		</Style>
		<MultiGeometry>
			<LineString>
				<tessellate>1</tessellate>
				<altitudeMode>absolute</altitudeMode>
				<coordinates>
					116.496216,41.256874,10393.68 116.351768,41.459789,10439.4 
				</coordinates>
			</LineString>
		</MultiGeometry>
	</Placemark>
	<Placemark>
		<name>P-278</name>
		<visibility>0</visibility>
		<description><![CDATA[<div><div><span><b>Altitude:</b></span> <span>34,250 ft - 35,775 ft</span></div>
<div><span><b>Speed:</b></span> <span>424 kt - 417 kt</span></div>
<div><span><b>Timestamp:</b></span><br/><span>2024-09-23 02:11:44 UTC<br/>2024-09-23 02:12:46 UTC</span></div>
</div>]]></description>
		<Style>
			<LineStyle>
				<color>ff6000ff</color>
				<width>2</width>
			</LineStyle>
		</Style>
		<MultiGeometry>
			<LineString>
				<tessellate>1</tessellate>
				<altitudeMode>absolute</altitudeMode>
				<coordinates>
					116.351768,41.459789,10439.4 116.269653,41.563232,10904.22 
				</coordinates>
			</LineString>
		</MultiGeometry>
	</Placemark>
	<Placemark>
		<name>P-279</name>
		<visibility>0</visibility>
		<description><![CDATA[<div><div><span><b>Altitude:</b></span> <span>35,775 ft - 36,100 ft</span></div>
<div><span><b>Speed:</b></span> <span>417 kt - 406 kt</span></div>
<div><span><b>Timestamp:</b></span><br/><span>2024-09-23 02:12:46 UTC<br/>2024-09-23 02:13:46 UTC</span></div>
</div>]]></description>
		<Style>
			<LineStyle>
				<color>ff7800ff</color>
				<width>2</width>
			</LineStyle>
		</Style>
		<MultiGeometry>
			<LineString>
				<tessellate>1</tessellate>
				<altitudeMode>absolute</altitudeMode>
				<coordinates>
					116.269653,41.563232,10904.22 116.190575,41.661785,11003.28 
				</coordinates>
			</LineString>
		</MultiGeometry>
	</Placemark>
	<Placemark>
		<name>P-280</name>
		<visibility>0</visibility>
		<description><![CDATA[<div><div><span><b>Altitude:</b></span> <span>36,100 ft</span></div>
<div><span><b>Speed:</b></span> <span>406 kt - 412 kt</span></div>
<div><span><b>Timestamp:</b></span><br/><span>2024-09-23 02:13:46 UTC<br/>2024-09-23 02:15:44 UTC</span></div>
</div>]]></description>
		<Style>
			<LineStyle>
				<color>ff9600ff</color>
				<width>2</width>
			</LineStyle>
		</Style>
		<MultiGeometry>
			<LineString>
				<tessellate>1</tessellate>
				<altitudeMode>absolute</altitudeMode>
				<coordinates>
					116.190575,41.661785,11003.28 116.037849,41.85265,11003.28 
				</coordinates>
			</LineString>
		</MultiGeometry>
	</Placemark>
	<Placemark>
		<name>P-281</name>
		<visibility>0</visibility>
		<description><![CDATA[<div><div><span><b>Altitude:</b></span> <span>36,100 ft - 36,125 ft</span></div>
<div><span><b>Speed:</b></span> <span>412 kt - 398 kt</span></div>
<div><span><b>Timestamp:</b></span><br/><span>2024-09-23 02:15:44 UTC<br/>2024-09-23 02:17:46 UTC</span></div>
</div>]]></description>
		<Style>
			<LineStyle>
				<color>ff9600ff</color>
				<width>2</width>
			</LineStyle>
		</Style>
		<MultiGeometry>
			<LineString>
				<tessellate>1</tessellate>
				<altitudeMode>absolute</altitudeMode>
				<coordinates>
					116.037849,41.85265,11003.28 115.821991,42.011261,11010.9 
				</coordinates>
			</LineString>
		</MultiGeometry>
	</Placemark>
	<Placemark>
		<name>P-282</name>
		<visibility>0</visibility>
		<description><![CDATA[<div><div><span><b>Altitude:</b></span> <span>36,125 ft - 36,100 ft</span></div>
<div><span><b>Speed:</b></span> <span>398 kt - 396 kt</span></div>
<div><span><b>Timestamp:</b></span><br/><span>2024-09-23 02:17:46 UTC<br/>2024-09-23 02:18:46 UTC</span></div>
</div>]]></description>
		<Style>
			<LineStyle>
				<color>ff9600ff</color>
				<width>2</width>
			</LineStyle>
		</Style>
		<MultiGeometry>
			<LineString>
				<tessellate>1</tessellate>
				<altitudeMode>absolute</altitudeMode>
				<coordinates>
					115.821991,42.011261,11010.9 115.692039,42.064178,11003.28 
				</coordinates>
			</LineString>
		</MultiGeometry>
	</Placemark>
	<Placemark>
		<name>P-283</name>
		<visibility>0</visibility>
		<description><![CDATA[<div><div><span><b>Altitude:</b></span> <span>36,100 ft</span></div>
<div><span><b>Speed:</b></span> <span>396 kt - 397 kt</span></div>
<div><span><b>Timestamp:</b></span><br/><span>2024-09-23 02:18:46 UTC<br/>2024-09-23 02:19:45 UTC</span></div>
</div>]]></description>
		<Style>
			<LineStyle>
				<color>ff9600ff</color>
				<width>2</width>
			</LineStyle>
		</Style>
		<MultiGeometry>
			<LineString>
				<tessellate>1</tessellate>
				<altitudeMode>absolute</altitudeMode>
				<coordinates>
					115.692039,42.064178,11003.28 115.565437,42.115528,11003.28 
				</coordinates>
			</LineString>
		</MultiGeometry>
	</Placemark>
	<Placemark>
		<name>P-284</name>
		<visibility>0</visibility>
		<description><![CDATA[<div><div><span><b>Altitude:</b></span> <span>36,100 ft - 36,050 ft</span></div>
<div><span><b>Speed:</b></span> <span>397 kt - 400 kt</span></div>
<div><span><b>Timestamp:</b></span><br/><span>2024-09-23 02:19:45 UTC<br/>2024-09-23 02:20:45 UTC</span></div>
</div>]]></description>
		<Style>
			<LineStyle>
				<color>ff9600ff</color>
				<width>2</width>
			</LineStyle>
		</Style>
		<MultiGeometry>
			<LineString>
				<tessellate>1</tessellate>
				<altitudeMode>absolute</altitudeMode>
				<coordinates>
					115.565437,42.115528,11003.28 115.434792,42.16777,10988.04 
				</coordinates>
			</LineString>
		</MultiGeometry>
	</Placemark>
	<Placemark>
		<name>P-285</name>
		<visibility>0</visibility>
		<description><![CDATA[<div><div><span><b>Altitude:</b></span> <span>36,050 ft - 36,100 ft</span></div>
<div><span><b>Speed:</b></span> <span>400 kt - 402 kt</span></div>
<div><span><b>Timestamp:</b></span><br/><span>2024-09-23 02:20:45 UTC<br/>2024-09-23 02:21:45 UTC</span></div>
</div>]]></description>
		<Style>
			<LineStyle>
				<color>ff7800ff</color>
				<width>2</width>
			</LineStyle>
		</Style>
		<MultiGeometry>
			<LineString>
				<tessellate>1</tessellate>
				<altitudeMode>absolute</altitudeMode>
				<coordinates>
					115.434792,42.16777,10988.04 115.296455,42.210114,11003.28 
				</coordinates>
			</LineString>
		</MultiGeometry>
	</Placemark>
	<Placemark>
		<name>P-286</name>
		<visibility>0</visibility>
		<description><![CDATA[<div><div><span><b>Altitude:</b></span> <span>36,100 ft - 36,125 ft</span></div>
<div><span><b>Speed:</b></span> <span>402 kt - 407 kt</span></div>
<div><span><b>Timestamp:</b></span><br/><span>2024-09-23 02:21:45 UTC<br/>2024-09-23 02:22:44 UTC</span></div>
</div>]]></description>
		<Style>
			<LineStyle>
				<color>ff9600ff</color>
				<width>2</width>
			</LineStyle>
		</Style>
		<MultiGeometry>
			<LineString>
				<tessellate>1</tessellate>
				<altitudeMode>absolute</altitudeMode>
				<coordinates>
					115.296455,42.210114,11003.28 115.1492,42.22604,11010.9 
				</coordinates>
			</LineString>
		</MultiGeometry>
	</Placemark>
	<Placemark>
		<name>P-287</name>
		<visibility>0</visibility>
		<description><![CDATA[<div><div><span><b>Altitude:</b></span> <span>36,125 ft</span></div>
<div><span><b>Speed:</b></span> <span>407 kt - 408 kt</span></div>
<div><span><b>Timestamp:</b></span><br/><span>2024-09-23 02:22:44 UTC<br/>2024-09-23 02:25:44 UTC</span></div>
</div>]]></description>
		<Style>
			<LineStyle>
				<color>ff9600ff</color>
				<width>2</width>
			</LineStyle>
		</Style>
		<MultiGeometry>
			<LineString>
				<tessellate>1</tessellate>
				<altitudeMode>absolute</altitudeMode>
				<coordinates>
					115.1492,42.22604,11010.9 114.694267,42.19606,11010.9 
				</coordinates>
			</LineString>
		</MultiGeometry>
	</Placemark>
	<Placemark>
		<name>P-288</name>
		<visibility>0</visibility>
		<description><![CDATA[<div><div><span><b>Altitude:</b></span> <span>36,125 ft - 36,100 ft</span></div>
<div><span><b>Speed:</b></span> <span>408 kt</span></div>
<div><span><b>Timestamp:</b></span><br/><span>2024-09-23 02:25:44 UTC<br/>2024-09-23 02:26:44 UTC</span></div>
</div>]]></description>
		<Style>
			<LineStyle>
				<color>ff9600ff</color>
				<width>2</width>
			</LineStyle>
		</Style>
		<MultiGeometry>
			<LineString>
				<tessellate>1</tessellate>
				<altitudeMode>absolute</altitudeMode>
				<coordinates>
					114.694267,42.19606,11010.9 114.541603,42.184891,11003.28 
				</coordinates>
			</LineString>
		</MultiGeometry>
	</Placemark>
	<Placemark>
		<name>P-289</name>
		<visibility>0</visibility>
		<description><![CDATA[<div><div><span><b>Altitude:</b></span> <span>36,100 ft</span></div>
<div><span><b>Speed:</b></span> <span>408 kt - 407 kt</span></div>
<div><span><b>Timestamp:</b></span><br/><span>2024-09-23 02:26:44 UTC<br/>2024-09-23 02:27:44 UTC</span></div>
</div>]]></description>
		<Style>
			<LineStyle>
				<color>ff9600ff</color>
				<width>2</width>
			</LineStyle>
		</Style>
		<MultiGeometry>
			<LineString>
				<tessellate>1</tessellate>
				<altitudeMode>absolute</altitudeMode>
				<coordinates>
					114.541603,42.184891,11003.28 114.39077,42.173771,11003.28 
				</coordinates>
			</LineString>
		</MultiGeometry>
	</Placemark>
	<Placemark>
		<name>P-290</name>
		<visibility>0</visibility>
		<description><![CDATA[<div><div><span><b>Altitude:</b></span> <span>36,100 ft</span></div>
<div><span><b>Speed:</b></span> <span>407 kt - 405 kt</span></div>
<div><span><b>Timestamp:</b></span><br/><span>2024-09-23 02:27:44 UTC<br/>2024-09-23 02:35:04 UTC</span></div>
</div>]]></description>
		<Style>
			<LineStyle>
				<color>ff9600ff</color>
				<width>2</width>
			</LineStyle>
		</Style>
		<MultiGeometry>
			<LineString>
				<tessellate>1</tessellate>
				<altitudeMode>absolute</altitudeMode>
				<coordinates>
					114.39077,42.173771,11003.28 113.290703,42.064041,11003.28 
				</coordinates>
			</LineString>
		</MultiGeometry>
	</Placemark>
	<Placemark>
		<name>P-291</name>
		<visibility>0</visibility>
		<description><![CDATA[<div><div><span><b>Altitude:</b></span> <span>36,100 ft</span></div>
<div><span><b>Speed:</b></span> <span>405 kt</span></div>
<div><span><b>Timestamp:</b></span><br/><span>2024-09-23 02:35:04 UTC<br/>2024-09-23 02:35:39 UTC</span></div>
</div>]]></description>
		<Style>
			<LineStyle>
				<color>ff9600ff</color>
				<width>2</width>
			</LineStyle>
		</Style>
		<MultiGeometry>
			<LineString>
				<tessellate>1</tessellate>
				<altitudeMode>absolute</altitudeMode>
				<coordinates>
					113.290703,42.064041,11003.28 113.206635,42.048214,11003.28 
				</coordinates>
			</LineString>
		</MultiGeometry>
	</Placemark>
	<Placemark>
		<name>P-292</name>
		<visibility>0</visibility>
		<description><![CDATA[<div><div><span><b>Altitude:</b></span> <span>36,100 ft</span></div>
<div><span><b>Speed:</b></span> <span>405 kt</span></div>
<div><span><b>Timestamp:</b></span><br/><span>2024-09-23 02:35:39 UTC<br/>2024-09-23 02:36:09 UTC</span></div>
</div>]]></description>
		<Style>
			<LineStyle>
				<color>ff9600ff</color>
				<width>2</width>
			</LineStyle>
		</Style>
		<MultiGeometry>
			<LineString>
				<tessellate>1</tessellate>
				<altitudeMode>absolute</altitudeMode>
				<coordinates>
					113.206635,42.048214,11003.28 113.133774,42.034378,11003.28 
				</coordinates>
			</LineString>
		</MultiGeometry>
	</Placemark>
	<Placemark>
		<name>P-293</name>
		<visibility>0</visibility>
		<description><![CDATA[<div><div><span><b>Altitude:</b></span> <span>36,100 ft</span></div>
<div><span><b>Speed:</b></span> <span>405 kt - 404 kt</span></div>
<div><span><b>Timestamp:</b></span><br/><span>2024-09-23 02:36:09 UTC<br/>2024-09-23 02:36:40 UTC</span></div>
</div>]]></description>
		<Style>
			<LineStyle>
				<color>ff9600ff</color>
				<width>2</width>
			</LineStyle>
		</Style>
		<MultiGeometry>
			<LineString>
				<tessellate>1</tessellate>
				<altitudeMode>absolute</altitudeMode>
				<coordinates>
					113.133774,42.034378,11003.28 113.056534,42.019634,11003.28 
				</coordinates>
			</LineString>
		</MultiGeometry>
	</Placemark>
	<Placemark>
		<name>P-294</name>
		<visibility>0</visibility>
		<description><![CDATA[<div><div><span><b>Altitude:</b></span> <span>36,100 ft</span></div>
<div><span><b>Speed:</b></span> <span>404 kt</span></div>
<div><span><b>Timestamp:</b></span><br/><span>2024-09-23 02:36:40 UTC<br/>2024-09-23 02:37:07 UTC</span></div>
</div>]]></description>
		<Style>
			<LineStyle>
				<color>ff9600ff</color>
				<width>2</width>
			</LineStyle>
		</Style>
		<MultiGeometry>
			<LineString>
				<tessellate>1</tessellate>
				<altitudeMode>absolute</altitudeMode>
				<coordinates>
					113.056534,42.019634,11003.28 112.992134,42.007278,11003.28 
				</coordinates>
			</LineString>
		</MultiGeometry>
	</Placemark>
	<Placemark>
		<name>P-295</name>
		<visibility>0</visibility>
		<description><![CDATA[<div><div><span><b>Altitude:</b></span> <span>36,100 ft</span></div>
<div><span><b>Speed:</b></span> <span>404 kt - 403 kt</span></div>
<div><span><b>Timestamp:</b></span><br/><span>2024-09-23 02:37:07 UTC<br/>2024-09-23 02:37:46 UTC</span></div>
</div>]]></description>
		<Style>
			<LineStyle>
				<color>ff9600ff</color>
				<width>2</width>
			</LineStyle>
		</Style>
		<MultiGeometry>
			<LineString>
				<tessellate>1</tessellate>
				<altitudeMode>absolute</altitudeMode>
				<coordinates>
					112.992134,42.007278,11003.28 112.897423,41.98909,11003.28 
				</coordinates>
			</LineString>
		</MultiGeometry>
	</Placemark>
	<Placemark>
		<name>P-296</name>
		<visibility>0</visibility>
		<description><![CDATA[<div><div><span><b>Altitude:</b></span> <span>36,100 ft</span></div>
<div><span><b>Speed:</b></span> <span>403 kt - 404 kt</span></div>
<div><span><b>Timestamp:</b></span><br/><span>2024-09-23 02:37:46 UTC<br/>2024-09-23 02:38:34 UTC</span></div>
</div>]]></description>
		<Style>
			<LineStyle>
				<color>ff9600ff</color>
				<width>2</width>
			</LineStyle>
		</Style>
		<MultiGeometry>
			<LineString>
				<tessellate>1</tessellate>
				<altitudeMode>absolute</altitudeMode>
				<coordinates>
					112.897423,41.98909,11003.28 112.781898,41.966812,11003.28 
				</coordinates>
			</LineString>
		</MultiGeometry>
	</Placemark>
	<Placemark>
		<name>P-297</name>
		<visibility>0</visibility>
		<description><![CDATA[<div><div><span><b>Altitude:</b></span> <span>36,100 ft</span></div>
<div><span><b>Speed:</b></span> <span>404 kt - 312 kt</span></div>
<div><span><b>Timestamp:</b></span><br/><span>2024-09-23 02:38:34 UTC<br/>2024-09-23 02:38:49 UTC</span></div>
</div>]]></description>
		<Style>
			<LineStyle>
				<color>ff9600ff</color>
				<width>2</width>
			</LineStyle>
		</Style>
		<MultiGeometry>
			<LineString>
				<tessellate>1</tessellate>
				<altitudeMode>absolute</altitudeMode>
				<coordinates>
					112.781898,41.966812,11003.28 112.743423,41.961349,11003.28 
				</coordinates>
			</LineString>
		</MultiGeometry>
	</Placemark>
	<Placemark>
		<name>P-298</name>
		<visibility>0</visibility>
		<description><![CDATA[<div><div><span><b>Altitude:</b></span> <span>36,100 ft - 36,125 ft</span></div>
<div><span><b>Speed:</b></span> <span>312 kt - 401 kt</span></div>
<div><span><b>Timestamp:</b></span><br/><span>2024-09-23 02:38:49 UTC<br/>2024-09-23 02:39:46 UTC</span></div>
</div>]]></description>
		<Style>
			<LineStyle>
				<color>ff9600ff</color>
				<width>2</width>
			</LineStyle>
		</Style>
		<MultiGeometry>
			<LineString>
				<tessellate>1</tessellate>
				<altitudeMode>absolute</altitudeMode>
				<coordinates>
					112.743423,41.961349,11003.28 112.602959,41.95776,11010.9 
				</coordinates>
			</LineString>
		</MultiGeometry>
	</Placemark>
	<Placemark>
		<name>P-299</name>
		<visibility>0</visibility>
		<description><![CDATA[<div><div><span><b>Altitude:</b></span> <span>36,125 ft - 36,075 ft</span></div>
<div><span><b>Speed:</b></span> <span>401 kt - 404 kt</span></div>
<div><span><b>Timestamp:</b></span><br/><span>2024-09-23 02:39:46 UTC<br/>2024-09-23 02:42:46 UTC</span></div>
</div>]]></description>
		<Style>
			<LineStyle>
				<color>ff9600ff</color>
				<width>2</width>
			</LineStyle>
		</Style>
		<MultiGeometry>
			<LineString>
				<tessellate>1</tessellate>
				<altitudeMode>absolute</altitudeMode>
				<coordinates>
					112.602959,41.95776,11010.9 112.166908,42.037628,10995.66 
				</coordinates>
			</LineString>
		</MultiGeometry>
	</Placemark>
	<Placemark>
		<name>P-300</name>
		<visibility>0</visibility>
		<description><![CDATA[<div><div><span><b>Altitude:</b></span> <span>36,075 ft - 36,100 ft</span></div>
<div><span><b>Speed:</b></span> <span>404 kt - 407 kt</span></div>
<div><span><b>Timestamp:</b></span><br/><span>2024-09-23 02:42:46 UTC<br/>2024-09-23 02:43:44 UTC</span></div>
</div>]]></description>
		<Style>
			<LineStyle>
				<color>ff7800ff</color>
				<width>2</width>
			</LineStyle>
		</Style>
		<MultiGeometry>
			<LineString>
				<tessellate>1</tessellate>
				<altitudeMode>absolute</altitudeMode>
				<coordinates>
					112.166908,42.037628,10995.66 112.024841,42.06601,11003.28 
				</coordinates>
			</LineString>
		</MultiGeometry>
	</Placemark>
	<Placemark>
		<name>P-301</name>
		<visibility>0</visibility>
		<description><![CDATA[<div><div><span><b>Altitude:</b></span> <span>36,100 ft</span></div>
<div><span><b>Speed:</b></span> <span>407 kt - 408 kt</span></div>
<div><span><b>Timestamp:</b></span><br/><span>2024-09-23 02:43:44 UTC<br/>2024-09-23 02:43:53 UTC</span></div>
</div>]]></description>
		<Style>
			<LineStyle>
				<color>ff9600ff</color>
				<width>2</width>
			</LineStyle>
		</Style>
		<MultiGeometry>
			<LineString>
				<tessellate>1</tessellate>
				<altitudeMode>absolute</altitudeMode>
				<coordinates>
					112.024841,42.06601,11003.28 112.007553,42.069397,11003.28 
				</coordinates>
			</LineString>
		</MultiGeometry>
	</Placemark>
	<Placemark>
		<name>P-302</name>
		<visibility>0</visibility>
		<description><![CDATA[<div><div><span><b>Altitude:</b></span> <span>36,100 ft - 36,125 ft</span></div>
<div><span><b>Speed:</b></span> <span>408 kt - 409 kt</span></div>
<div><span><b>Timestamp:</b></span><br/><span>2024-09-23 02:43:53 UTC<br/>2024-09-23 02:44:49 UTC</span></div>
</div>]]></description>
		<Style>
			<LineStyle>
				<color>ff9600ff</color>
				<width>2</width>
			</LineStyle>
		</Style>
		<MultiGeometry>
			<LineString>
				<tessellate>1</tessellate>
				<altitudeMode>absolute</altitudeMode>
				<coordinates>
					112.007553,42.069397,11003.28 111.86541,42.097282,11010.9 
				</coordinates>
			</LineString>
		</MultiGeometry>
	</Placemark>
	<Placemark>
		<name>P-303</name>
		<visibility>0</visibility>
		<description><![CDATA[<div><div><span><b>Altitude:</b></span> <span>36,125 ft</span></div>
<div><span><b>Speed:</b></span> <span>409 kt</span></div>
<div><span><b>Timestamp:</b></span><br/><span>2024-09-23 02:44:49 UTC<br/>2024-09-23 02:45:19 UTC</span></div>
</div>]]></description>
		<Style>
			<LineStyle>
				<color>ff9600ff</color>
				<width>2</width>
			</LineStyle>
		</Style>
		<MultiGeometry>
			<LineString>
				<tessellate>1</tessellate>
				<altitudeMode>absolute</altitudeMode>
				<coordinates>
					111.86541,42.097282,11010.9 111.79068,42.112179,11010.9 
				</coordinates>
			</LineString>
		</MultiGeometry>
	</Placemark>
	<Placemark>
		<name>P-304</name>
		<visibility>0</visibility>
		<description><![CDATA[<div><div><span><b>Altitude:</b></span> <span>36,125 ft</span></div>
<div><span><b>Speed:</b></span> <span>409 kt</span></div>
<div><span><b>Timestamp:</b></span><br/><span>2024-09-23 02:45:19 UTC<br/>2024-09-23 02:45:52 UTC</span></div>
</div>]]></description>
		<Style>
			<LineStyle>
				<color>ff9600ff</color>
				<width>2</width>
			</LineStyle>
		</Style>
		<MultiGeometry>
			<LineString>
				<tessellate>1</tessellate>
				<altitudeMode>absolute</altitudeMode>
				<coordinates>
					111.79068,42.112179,11010.9 111.708664,42.128147,11010.9 
				</coordinates>
			</LineString>
		</MultiGeometry>
	</Placemark>
	<Placemark>
		<name>P-305</name>
		<visibility>0</visibility>
		<description><![CDATA[<div><div><span><b>Altitude:</b></span> <span>36,125 ft</span></div>
<div><span><b>Speed:</b></span> <span>409 kt</span></div>
<div><span><b>Timestamp:</b></span><br/><span>2024-09-23 02:45:52 UTC<br/>2024-09-23 02:46:05 UTC</span></div>
</div>]]></description>
		<Style>
			<LineStyle>
				<color>ff9600ff</color>
				<width>2</width>
			</LineStyle>
		</Style>
		<MultiGeometry>
			<LineString>
				<tessellate>1</tessellate>
				<altitudeMode>absolute</altitudeMode>
				<coordinates>
					111.708664,42.128147,11010.9 111.678207,42.134079,11010.9 
				</coordinates>
			</LineString>
		</MultiGeometry>
	</Placemark>
	<Placemark>
		<name>P-306</name>
		<visibility>0</visibility>
		<description><![CDATA[<div><div><span><b>Altitude:</b></span> <span>36,125 ft</span></div>
<div><span><b>Speed:</b></span> <span>409 kt - 407 kt</span></div>
<div><span><b>Timestamp:</b></span><br/><span>2024-09-23 02:46:05 UTC<br/>2024-09-23 02:47:03 UTC</span></div>
</div>]]></description>
		<Style>
			<LineStyle>
				<color>ff9600ff</color>
				<width>2</width>
			</LineStyle>
		</Style>
		<MultiGeometry>
			<LineString>
				<tessellate>1</tessellate>
				<altitudeMode>absolute</altitudeMode>
				<coordinates>
					111.678207,42.134079,11010.9 111.534325,42.162003,11010.9 
				</coordinates>
			</LineString>
		</MultiGeometry>
	</Placemark>
	<Placemark>
		<name>P-307</name>
		<visibility>0</visibility>
		<description><![CDATA[<div><div><span><b>Altitude:</b></span> <span>36,125 ft</span></div>
<div><span><b>Speed:</b></span> <span>407 kt - 406 kt</span></div>
<div><span><b>Timestamp:</b></span><br/><span>2024-09-23 02:47:03 UTC<br/>2024-09-23 02:47:35 UTC</span></div>
</div>]]></description>
		<Style>
			<LineStyle>
				<color>ff9600ff</color>
				<width>2</width>
			</LineStyle>
		</Style>
		<MultiGeometry>
			<LineString>
				<tessellate>1</tessellate>
				<altitudeMode>absolute</altitudeMode>
				<coordinates>
					111.534325,42.162003,11010.9 111.456299,42.177025,11010.9 
				</coordinates>
			</LineString>
		</MultiGeometry>
	</Placemark>
	<Placemark>
		<name>P-308</name>
		<visibility>0</visibility>
		<description><![CDATA[<div><div><span><b>Altitude:</b></span> <span>36,125 ft - 36,100 ft</span></div>
<div><span><b>Speed:</b></span> <span>406 kt</span></div>
<div><span><b>Timestamp:</b></span><br/><span>2024-09-23 02:47:35 UTC<br/>2024-09-23 02:47:43 UTC</span></div>
</div>]]></description>
		<Style>
			<LineStyle>
				<color>ff9600ff</color>
				<width>2</width>
			</LineStyle>
		</Style>
		<MultiGeometry>
			<LineString>
				<tessellate>1</tessellate>
				<altitudeMode>absolute</altitudeMode>
				<coordinates>
					111.456299,42.177025,11010.9 111.436562,42.180752,11003.28 
				</coordinates>
			</LineString>
		</MultiGeometry>
	</Placemark>
	<Placemark>
		<name>P-309</name>
		<visibility>0</visibility>
		<description><![CDATA[<div><div><span><b>Altitude:</b></span> <span>36,100 ft - 36,075 ft</span></div>
<div><span><b>Speed:</b></span> <span>406 kt - 405 kt</span></div>
<div><span><b>Timestamp:</b></span><br/><span>2024-09-23 02:47:43 UTC<br/>2024-09-23 02:48:48 UTC</span></div>
</div>]]></description>
		<Style>
			<LineStyle>
				<color>ff9600ff</color>
				<width>2</width>
			</LineStyle>
		</Style>
		<MultiGeometry>
			<LineString>
				<tessellate>1</tessellate>
				<altitudeMode>absolute</altitudeMode>
				<coordinates>
					111.436562,42.180752,11003.28 111.274261,42.198208,10995.66 
				</coordinates>
			</LineString>
		</MultiGeometry>
	</Placemark>
	<Placemark>
		<name>P-310</name>
		<visibility>0</visibility>
		<description><![CDATA[<div><div><span><b>Altitude:</b></span> <span>36,075 ft</span></div>
<div><span><b>Speed:</b></span> <span>405 kt</span></div>
<div><span><b>Timestamp:</b></span><br/><span>2024-09-23 02:48:48 UTC<br/>2024-09-23 02:49:22 UTC</span></div>
</div>]]></description>
		<Style>
			<LineStyle>
				<color>ff7800ff</color>
				<width>2</width>
			</LineStyle>
		</Style>
		<MultiGeometry>
			<LineString>
				<tessellate>1</tessellate>
				<altitudeMode>absolute</altitudeMode>
				<coordinates>
					111.274261,42.198208,10995.66 111.190201,42.194717,10995.66 
				</coordinates>
			</LineString>
		</MultiGeometry>
	</Placemark>
	<Placemark>
		<name>P-311</name>
		<visibility>0</visibility>
		<description><![CDATA[<div><div><span><b>Altitude:</b></span> <span>36,075 ft</span></div>
<div><span><b>Speed:</b></span> <span>405 kt - 406 kt</span></div>
<div><span><b>Timestamp:</b></span><br/><span>2024-09-23 02:49:22 UTC<br/>2024-09-23 02:49:52 UTC</span></div>
</div>]]></description>
		<Style>
			<LineStyle>
				<color>ff7800ff</color>
				<width>2</width>
			</LineStyle>
		</Style>
		<MultiGeometry>
			<LineString>
				<tessellate>1</tessellate>
				<altitudeMode>absolute</altitudeMode>
				<coordinates>
					111.190201,42.194717,10995.66 111.115227,42.186401,10995.66 
				</coordinates>
			</LineString>
		</MultiGeometry>
	</Placemark>
	<Placemark>
		<name>P-312</name>
		<visibility>0</visibility>
		<description><![CDATA[<div><div><span><b>Altitude:</b></span> <span>36,075 ft - 36,100 ft</span></div>
<div><span><b>Speed:</b></span> <span>406 kt</span></div>
<div><span><b>Timestamp:</b></span><br/><span>2024-09-23 02:49:52 UTC<br/>2024-09-23 02:50:26 UTC</span></div>
</div>]]></description>
		<Style>
			<LineStyle>
				<color>ff7800ff</color>
				<width>2</width>
			</LineStyle>
		</Style>
		<MultiGeometry>
			<LineString>
				<tessellate>1</tessellate>
				<altitudeMode>absolute</altitudeMode>
				<coordinates>
					111.115227,42.186401,10995.66 111.030327,42.177353,11003.28 
				</coordinates>
			</LineString>
		</MultiGeometry>
	</Placemark>
	<Placemark>
		<name>P-313</name>
		<visibility>0</visibility>
		<description><![CDATA[<div><div><span><b>Altitude:</b></span> <span>36,100 ft</span></div>
<div><span><b>Speed:</b></span> <span>406 kt</span></div>
<div><span><b>Timestamp:</b></span><br/><span>2024-09-23 02:50:26 UTC<br/>2024-09-23 02:50:56 UTC</span></div>
</div>]]></description>
		<Style>
			<LineStyle>
				<color>ff9600ff</color>
				<width>2</width>
			</LineStyle>
		</Style>
		<MultiGeometry>
			<LineString>
				<tessellate>1</tessellate>
				<altitudeMode>absolute</altitudeMode>
				<coordinates>
					111.030327,42.177353,11003.28 110.953545,42.168926,11003.28 
				</coordinates>
			</LineString>
		</MultiGeometry>
	</Placemark>
	<Placemark>
		<name>P-314</name>
		<visibility>0</visibility>
		<description><![CDATA[<div><div><span><b>Altitude:</b></span> <span>36,100 ft</span></div>
<div><span><b>Speed:</b></span> <span>406 kt</span></div>
<div><span><b>Timestamp:</b></span><br/><span>2024-09-23 02:50:56 UTC<br/>2024-09-23 02:51:30 UTC</span></div>
</div>]]></description>
		<Style>
			<LineStyle>
				<color>ff9600ff</color>
				<width>2</width>
			</LineStyle>
		</Style>
		<MultiGeometry>
			<LineString>
				<tessellate>1</tessellate>
				<altitudeMode>absolute</altitudeMode>
				<coordinates>
					110.953545,42.168926,11003.28 110.869652,42.159943,11003.28 
				</coordinates>
			</LineString>
		</MultiGeometry>
	</Placemark>
	<Placemark>
		<name>P-315</name>
		<visibility>0</visibility>
		<description><![CDATA[<div><div><span><b>Altitude:</b></span> <span>36,100 ft</span></div>
<div><span><b>Speed:</b></span> <span>406 kt - 407 kt</span></div>
<div><span><b>Timestamp:</b></span><br/><span>2024-09-23 02:51:30 UTC<br/>2024-09-23 02:52:00 UTC</span></div>
</div>]]></description>
		<Style>
			<LineStyle>
				<color>ff9600ff</color>
				<width>2</width>
			</LineStyle>
		</Style>
		<MultiGeometry>
			<LineString>
				<tessellate>1</tessellate>
				<altitudeMode>absolute</altitudeMode>
				<coordinates>
					110.869652,42.159943,11003.28 110.793434,42.151566,11003.28 
				</coordinates>
			</LineString>
		</MultiGeometry>
	</Placemark>
	<Placemark>
		<name>P-316</name>
		<visibility>0</visibility>
		<description><![CDATA[<div><div><span><b>Altitude:</b></span> <span>36,100 ft</span></div>
<div><span><b>Speed:</b></span> <span>407 kt - 406 kt</span></div>
<div><span><b>Timestamp:</b></span><br/><span>2024-09-23 02:52:00 UTC<br/>2024-09-23 02:52:33 UTC</span></div>
</div>]]></description>
		<Style>
			<LineStyle>
				<color>ff9600ff</color>
				<width>2</width>
			</LineStyle>
		</Style>
		<MultiGeometry>
			<LineString>
				<tessellate>1</tessellate>
				<altitudeMode>absolute</altitudeMode>
				<coordinates>
					110.793434,42.151566,11003.28 110.711662,42.142639,11003.28 
				</coordinates>
			</LineString>
		</MultiGeometry>
	</Placemark>
	<Placemark>
		<name>P-317</name>
		<visibility>0</visibility>
		<description><![CDATA[<div><div><span><b>Altitude:</b></span> <span>36,100 ft</span></div>
<div><span><b>Speed:</b></span> <span>406 kt - 407 kt</span></div>
<div><span><b>Timestamp:</b></span><br/><span>2024-09-23 02:52:33 UTC<br/>2024-09-23 02:53:07 UTC</span></div>
</div>]]></description>
		<Style>
			<LineStyle>
				<color>ff9600ff</color>
				<width>2</width>
			</LineStyle>
		</Style>
		<MultiGeometry>
			<LineString>
				<tessellate>1</tessellate>
				<altitudeMode>absolute</altitudeMode>
				<coordinates>
					110.711662,42.142639,11003.28 110.627281,42.133221,11003.28 
				</coordinates>
			</LineString>
		</MultiGeometry>
	</Placemark>
	<Placemark>
		<name>P-318</name>
		<visibility>0</visibility>
		<description><![CDATA[<div><div><span><b>Altitude:</b></span> <span>36,100 ft</span></div>
<div><span><b>Speed:</b></span> <span>407 kt - 408 kt</span></div>
<div><span><b>Timestamp:</b></span><br/><span>2024-09-23 02:53:07 UTC<br/>2024-09-23 02:53:40 UTC</span></div>
</div>]]></description>
		<Style>
			<LineStyle>
				<color>ff9600ff</color>
				<width>2</width>
			</LineStyle>
		</Style>
		<MultiGeometry>
			<LineString>
				<tessellate>1</tessellate>
				<altitudeMode>absolute</altitudeMode>
				<coordinates>
					110.627281,42.133221,11003.28 110.544815,42.124142,11003.28 
				</coordinates>
			</LineString>
		</MultiGeometry>
	</Placemark>
	<Placemark>
		<name>P-319</name>
		<visibility>0</visibility>
		<description><![CDATA[<div><div><span><b>Altitude:</b></span> <span>36,100 ft</span></div>
<div><span><b>Speed:</b></span> <span>408 kt</span></div>
<div><span><b>Timestamp:</b></span><br/><span>2024-09-23 02:53:40 UTC<br/>2024-09-23 02:54:13 UTC</span></div>
</div>]]></description>
		<Style>
			<LineStyle>
				<color>ff9600ff</color>
				<width>2</width>
			</LineStyle>
		</Style>
		<MultiGeometry>
			<LineString>
				<tessellate>1</tessellate>
				<altitudeMode>absolute</altitudeMode>
				<coordinates>
					110.544815,42.124142,11003.28 110.460564,42.114647,11003.28 
				</coordinates>
			</LineString>
		</MultiGeometry>
	</Placemark>
	<Placemark>
		<name>P-320</name>
		<visibility>0</visibility>
		<description><![CDATA[<div><div><span><b>Altitude:</b></span> <span>36,100 ft</span></div>
<div><span><b>Speed:</b></span> <span>408 kt - 410 kt</span></div>
<div><span><b>Timestamp:</b></span><br/><span>2024-09-23 02:54:13 UTC<br/>2024-09-23 02:54:47 UTC</span></div>
</div>]]></description>
		<Style>
			<LineStyle>
				<color>ff9600ff</color>
				<width>2</width>
			</LineStyle>
		</Style>
		<MultiGeometry>
			<LineString>
				<tessellate>1</tessellate>
				<altitudeMode>absolute</altitudeMode>
				<coordinates>
					110.460564,42.114647,11003.28 110.377083,42.104961,11003.28 
				</coordinates>
			</LineString>
		</MultiGeometry>
	</Placemark>
	<Placemark>
		<name>P-321</name>
		<visibility>0</visibility>
		<description><![CDATA[<div><div><span><b>Altitude:</b></span> <span>36,100 ft</span></div>
<div><span><b>Speed:</b></span> <span>410 kt</span></div>
<div><span><b>Timestamp:</b></span><br/><span>2024-09-23 02:54:47 UTC<br/>2024-09-23 02:55:20 UTC</span></div>
</div>]]></description>
		<Style>
			<LineStyle>
				<color>ff9600ff</color>
				<width>2</width>
			</LineStyle>
		</Style>
		<MultiGeometry>
			<LineString>
				<tessellate>1</tessellate>
				<altitudeMode>absolute</altitudeMode>
				<coordinates>
					110.377083,42.104961,11003.28 110.292374,42.095032,11003.28 
				</coordinates>
			</LineString>
		</MultiGeometry>
	</Placemark>
	<Placemark>
		<name>P-322</name>
		<visibility>0</visibility>
		<description><![CDATA[<div><div><span><b>Altitude:</b></span> <span>36,100 ft - 36,125 ft</span></div>
<div><span><b>Speed:</b></span> <span>410 kt - 409 kt</span></div>
<div><span><b>Timestamp:</b></span><br/><span>2024-09-23 02:55:20 UTC<br/>2024-09-23 02:55:51 UTC</span></div>
</div>]]></description>
		<Style>
			<LineStyle>
				<color>ff9600ff</color>
				<width>2</width>
			</LineStyle>
		</Style>
		<MultiGeometry>
			<LineString>
				<tessellate>1</tessellate>
				<altitudeMode>absolute</altitudeMode>
				<coordinates>
					110.292374,42.095032,11003.28 110.214409,42.086105,11010.9 
				</coordinates>
			</LineString>
		</MultiGeometry>
	</Placemark>
	<Placemark>
		<name>P-323</name>
		<visibility>0</visibility>
		<description><![CDATA[<div><div><span><b>Altitude:</b></span> <span>36,125 ft</span></div>
<div><span><b>Speed:</b></span> <span>409 kt</span></div>
<div><span><b>Timestamp:</b></span><br/><span>2024-09-23 02:55:51 UTC<br/>2024-09-23 02:56:24 UTC</span></div>
</div>]]></description>
		<Style>
			<LineStyle>
				<color>ff9600ff</color>
				<width>2</width>
			</LineStyle>
		</Style>
		<MultiGeometry>
			<LineString>
				<tessellate>1</tessellate>
				<altitudeMode>absolute</altitudeMode>
				<coordinates>
					110.214409,42.086105,11010.9 110.133881,42.076767,11010.9 
				</coordinates>
			</LineString>
		</MultiGeometry>
	</Placemark>
	<Placemark>
		<name>P-324</name>
		<visibility>0</visibility>
		<description><![CDATA[<div><div><span><b>Altitude:</b></span> <span>36,125 ft</span></div>
<div><span><b>Speed:</b></span> <span>409 kt - 407 kt</span></div>
<div><span><b>Timestamp:</b></span><br/><span>2024-09-23 02:56:24 UTC<br/>2024-09-23 02:56:54 UTC</span></div>
</div>]]></description>
		<Style>
			<LineStyle>
				<color>ff9600ff</color>
				<width>2</width>
			</LineStyle>
		</Style>
		<MultiGeometry>
			<LineString>
				<tessellate>1</tessellate>
				<altitudeMode>absolute</altitudeMode>
				<coordinates>
					110.133881,42.076767,11010.9 110.056107,42.067749,11010.9 
				</coordinates>
			</LineString>
		</MultiGeometry>
	</Placemark>
	<Placemark>
		<name>P-325</name>
		<visibility>0</visibility>
		<description><![CDATA[<div><div><span><b>Altitude:</b></span> <span>36,125 ft - 36,100 ft</span></div>
<div><span><b>Speed:</b></span> <span>407 kt - 408 kt</span></div>
<div><span><b>Timestamp:</b></span><br/><span>2024-09-23 02:56:54 UTC<br/>2024-09-23 02:57:28 UTC</span></div>
</div>]]></description>
		<Style>
			<LineStyle>
				<color>ff9600ff</color>
				<width>2</width>
			</LineStyle>
		</Style>
		<MultiGeometry>
			<LineString>
				<tessellate>1</tessellate>
				<altitudeMode>absolute</altitudeMode>
				<coordinates>
					110.056107,42.067749,11010.9 109.972206,42.057953,11003.28 
				</coordinates>
			</LineString>
		</MultiGeometry>
	</Placemark>
	<Placemark>
		<name>P-326</name>
		<visibility>0</visibility>
		<description><![CDATA[<div><div><span><b>Altitude:</b></span> <span>36,100 ft</span></div>
<div><span><b>Speed:</b></span> <span>408 kt - 407 kt</span></div>
<div><span><b>Timestamp:</b></span><br/><span>2024-09-23 02:57:28 UTC<br/>2024-09-23 02:58:01 UTC</span></div>
</div>]]></description>
		<Style>
			<LineStyle>
				<color>ff9600ff</color>
				<width>2</width>
			</LineStyle>
		</Style>
		<MultiGeometry>
			<LineString>
				<tessellate>1</tessellate>
				<altitudeMode>absolute</altitudeMode>
				<coordinates>
					109.972206,42.057953,11003.28 109.889565,42.048294,11003.28 
				</coordinates>
			</LineString>
		</MultiGeometry>
	</Placemark>
	<Placemark>
		<name>P-327</name>
		<visibility>0</visibility>
		<description><![CDATA[<div><div><span><b>Altitude:</b></span> <span>36,100 ft - 36,075 ft</span></div>
<div><span><b>Speed:</b></span> <span>407 kt - 408 kt</span></div>
<div><span><b>Timestamp:</b></span><br/><span>2024-09-23 02:58:01 UTC<br/>2024-09-23 02:58:31 UTC</span></div>
</div>]]></description>
		<Style>
			<LineStyle>
				<color>ff9600ff</color>
				<width>2</width>
			</LineStyle>
		</Style>
		<MultiGeometry>
			<LineString>
				<tessellate>1</tessellate>
				<altitudeMode>absolute</altitudeMode>
				<coordinates>
					109.889565,42.048294,11003.28 109.814163,42.039326,10995.66 
				</coordinates>
			</LineString>
		</MultiGeometry>
	</Placemark>
	<Placemark>
		<name>P-328</name>
		<visibility>0</visibility>
		<description><![CDATA[<div><div><span><b>Altitude:</b></span> <span>36,075 ft</span></div>
<div><span><b>Speed:</b></span> <span>408 kt</span></div>
<div><span><b>Timestamp:</b></span><br/><span>2024-09-23 02:58:31 UTC<br/>2024-09-23 02:59:05 UTC</span></div>
</div>]]></description>
		<Style>
			<LineStyle>
				<color>ff7800ff</color>
				<width>2</width>
			</LineStyle>
		</Style>
		<MultiGeometry>
			<LineString>
				<tessellate>1</tessellate>
				<altitudeMode>absolute</altitudeMode>
				<coordinates>
					109.814163,42.039326,10995.66 109.730362,42.029221,10995.66 
				</coordinates>
			</LineString>
		</MultiGeometry>
	</Placemark>
	<Placemark>
		<name>P-329</name>
		<visibility>0</visibility>
		<description><![CDATA[<div><div><span><b>Altitude:</b></span> <span>36,075 ft - 36,100 ft</span></div>
<div><span><b>Speed:</b></span> <span>408 kt</span></div>
<div><span><b>Timestamp:</b></span><br/><span>2024-09-23 02:59:05 UTC<br/>2024-09-23 02:59:38 UTC</span></div>
</div>]]></description>
		<Style>
			<LineStyle>
				<color>ff7800ff</color>
				<width>2</width>
			</LineStyle>
		</Style>
		<MultiGeometry>
			<LineString>
				<tessellate>1</tessellate>
				<altitudeMode>absolute</altitudeMode>
				<coordinates>
					109.730362,42.029221,10995.66 109.647423,42.019272,11003.28 
				</coordinates>
			</LineString>
		</MultiGeometry>
	</Placemark>
	<Placemark>
		<name>P-330</name>
		<visibility>0</visibility>
		<description><![CDATA[<div><div><span><b>Altitude:</b></span> <span>36,100 ft</span></div>
<div><span><b>Speed:</b></span> <span>408 kt</span></div>
<div><span><b>Timestamp:</b></span><br/><span>2024-09-23 02:59:38 UTC<br/>2024-09-23 03:00:08 UTC</span></div>
</div>]]></description>
		<Style>
			<LineStyle>
				<color>ff9600ff</color>
				<width>2</width>
			</LineStyle>
		</Style>
		<MultiGeometry>
			<LineString>
				<tessellate>1</tessellate>
				<altitudeMode>absolute</altitudeMode>
				<coordinates>
					109.647423,42.019272,11003.28 109.57177,42.010162,11003.28 
				</coordinates>
			</LineString>
		</MultiGeometry>
	</Placemark>
	<Placemark>
		<name>P-331</name>
		<visibility>0</visibility>
		<description><![CDATA[<div><div><span><b>Altitude:</b></span> <span>36,100 ft</span></div>
<div><span><b>Speed:</b></span> <span>408 kt</span></div>
<div><span><b>Timestamp:</b></span><br/><span>2024-09-23 03:00:08 UTC<br/>2024-09-23 03:00:42 UTC</span></div>
</div>]]></description>
		<Style>
			<LineStyle>
				<color>ff9600ff</color>
				<width>2</width>
			</LineStyle>
		</Style>
		<MultiGeometry>
			<LineString>
				<tessellate>1</tessellate>
				<altitudeMode>absolute</altitudeMode>
				<coordinates>
					109.57177,42.010162,11003.28 109.488312,41.999954,11003.28 
				</coordinates>
			</LineString>
		</MultiGeometry>
	</Placemark>
	<Placemark>
		<name>P-332</name>
		<visibility>0</visibility>
		<description><![CDATA[<div><div><span><b>Altitude:</b></span> <span>36,100 ft</span></div>
<div><span><b>Speed:</b></span> <span>408 kt</span></div>
<div><span><b>Timestamp:</b></span><br/><span>2024-09-23 03:00:42 UTC<br/>2024-09-23 03:01:12 UTC</span></div>
</div>]]></description>
		<Style>
			<LineStyle>
				<color>ff9600ff</color>
				<width>2</width>
			</LineStyle>
		</Style>
		<MultiGeometry>
			<LineString>
				<tessellate>1</tessellate>
				<altitudeMode>absolute</altitudeMode>
				<coordinates>
					109.488312,41.999954,11003.28 109.411819,41.990677,11003.28 
				</coordinates>
			</LineString>
		</MultiGeometry>
	</Placemark>
	<Placemark>
		<name>P-333</name>
		<visibility>0</visibility>
		<description><![CDATA[<div><div><span><b>Altitude:</b></span> <span>36,100 ft - 36,125 ft</span></div>
<div><span><b>Speed:</b></span> <span>408 kt - 407 kt</span></div>
<div><span><b>Timestamp:</b></span><br/><span>2024-09-23 03:01:12 UTC<br/>2024-09-23 03:01:46 UTC</span></div>
</div>]]></description>
		<Style>
			<LineStyle>
				<color>ff9600ff</color>
				<width>2</width>
			</LineStyle>
		</Style>
		<MultiGeometry>
			<LineString>
				<tessellate>1</tessellate>
				<altitudeMode>absolute</altitudeMode>
				<coordinates>
					109.411819,41.990677,11003.28 109.32872,41.980484,11010.9 
				</coordinates>
			</LineString>
		</MultiGeometry>
	</Placemark>
	<Placemark>
		<name>P-334</name>
		<visibility>0</visibility>
		<description><![CDATA[<div><div><span><b>Altitude:</b></span> <span>36,125 ft - 36,100 ft</span></div>
<div><span><b>Speed:</b></span> <span>407 kt</span></div>
<div><span><b>Timestamp:</b></span><br/><span>2024-09-23 03:01:46 UTC<br/>2024-09-23 03:02:19 UTC</span></div>
</div>]]></description>
		<Style>
			<LineStyle>
				<color>ff9600ff</color>
				<width>2</width>
			</LineStyle>
		</Style>
		<MultiGeometry>
			<LineString>
				<tessellate>1</tessellate>
				<altitudeMode>absolute</altitudeMode>
				<coordinates>
					109.32872,41.980484,11010.9 109.245491,41.970154,11003.28 
				</coordinates>
			</LineString>
		</MultiGeometry>
	</Placemark>
	<Placemark>
		<name>P-335</name>
		<visibility>0</visibility>
		<description><![CDATA[<div><div><span><b>Altitude:</b></span> <span>36,100 ft</span></div>
<div><span><b>Speed:</b></span> <span>407 kt</span></div>
<div><span><b>Timestamp:</b></span><br/><span>2024-09-23 03:02:19 UTC<br/>2024-09-23 03:02:49 UTC</span></div>
</div>]]></description>
		<Style>
			<LineStyle>
				<color>ff9600ff</color>
				<width>2</width>
			</LineStyle>
		</Style>
		<MultiGeometry>
			<LineString>
				<tessellate>1</tessellate>
				<altitudeMode>absolute</altitudeMode>
				<coordinates>
					109.245491,41.970154,11003.28 109.169548,41.960697,11003.28 
				</coordinates>
			</LineString>
		</MultiGeometry>
	</Placemark>
	<Placemark>
		<name>P-336</name>
		<visibility>0</visibility>
		<description><![CDATA[<div><div><span><b>Altitude:</b></span> <span>36,100 ft</span></div>
<div><span><b>Speed:</b></span> <span>407 kt</span></div>
<div><span><b>Timestamp:</b></span><br/><span>2024-09-23 03:02:49 UTC<br/>2024-09-23 03:03:23 UTC</span></div>
</div>]]></description>
		<Style>
			<LineStyle>
				<color>ff9600ff</color>
				<width>2</width>
			</LineStyle>
		</Style>
		<MultiGeometry>
			<LineString>
				<tessellate>1</tessellate>
				<altitudeMode>absolute</altitudeMode>
				<coordinates>
					109.169548,41.960697,11003.28 109.086494,41.950241,11003.28 
				</coordinates>
			</LineString>
		</MultiGeometry>
	</Placemark>
	<Placemark>
		<name>P-337</name>
		<visibility>0</visibility>
		<description><![CDATA[<div><div><span><b>Altitude:</b></span> <span>36,100 ft - 36,125 ft</span></div>
<div><span><b>Speed:</b></span> <span>407 kt - 405 kt</span></div>
<div><span><b>Timestamp:</b></span><br/><span>2024-09-23 03:03:23 UTC<br/>2024-09-23 03:03:53 UTC</span></div>
</div>]]></description>
		<Style>
			<LineStyle>
				<color>ff9600ff</color>
				<width>2</width>
			</LineStyle>
		</Style>
		<MultiGeometry>
			<LineString>
				<tessellate>1</tessellate>
				<altitudeMode>absolute</altitudeMode>
				<coordinates>
					109.086494,41.950241,11003.28 109.010689,41.940681,11010.9 
				</coordinates>
			</LineString>
		</MultiGeometry>
	</Placemark>
	<Placemark>
		<name>P-338</name>
		<visibility>0</visibility>
		<description><![CDATA[<div><div><span><b>Altitude:</b></span> <span>36,125 ft</span></div>
<div><span><b>Speed:</b></span> <span>405 kt - 404 kt</span></div>
<div><span><b>Timestamp:</b></span><br/><span>2024-09-23 03:03:53 UTC<br/>2024-09-23 03:04:26 UTC</span></div>
</div>]]></description>
		<Style>
			<LineStyle>
				<color>ff9600ff</color>
				<width>2</width>
			</LineStyle>
		</Style>
		<MultiGeometry>
			<LineString>
				<tessellate>1</tessellate>
				<altitudeMode>absolute</altitudeMode>
				<coordinates>
					109.010689,41.940681,11010.9 108.930717,41.930626,11010.9 
				</coordinates>
			</LineString>
		</MultiGeometry>
	</Placemark>
	<Placemark>
		<name>P-339</name>
		<visibility>0</visibility>
		<description><![CDATA[<div><div><span><b>Altitude:</b></span> <span>36,125 ft - 36,100 ft</span></div>
<div><span><b>Speed:</b></span> <span>404 kt - 403 kt</span></div>
<div><span><b>Timestamp:</b></span><br/><span>2024-09-23 03:04:26 UTC<br/>2024-09-23 03:04:58 UTC</span></div>
</div>]]></description>
		<Style>
			<LineStyle>
				<color>ff9600ff</color>
				<width>2</width>
			</LineStyle>
		</Style>
		<MultiGeometry>
			<LineString>
				<tessellate>1</tessellate>
				<altitudeMode>absolute</altitudeMode>
				<coordinates>
					108.930717,41.930626,11010.9 108.850288,41.920349,11003.28 
				</coordinates>
			</LineString>
		</MultiGeometry>
	</Placemark>
	<Placemark>
		<name>P-340</name>
		<visibility>0</visibility>
		<description><![CDATA[<div><div><span><b>Altitude:</b></span> <span>36,100 ft - 36,075 ft</span></div>
<div><span><b>Speed:</b></span> <span>403 kt</span></div>
<div><span><b>Timestamp:</b></span><br/><span>2024-09-23 03:04:58 UTC<br/>2024-09-23 03:05:32 UTC</span></div>
</div>]]></description>
		<Style>
			<LineStyle>
				<color>ff9600ff</color>
				<width>2</width>
			</LineStyle>
		</Style>
		<MultiGeometry>
			<LineString>
				<tessellate>1</tessellate>
				<altitudeMode>absolute</altitudeMode>
				<coordinates>
					108.850288,41.920349,11003.28 108.766563,41.90963,10995.66 
				</coordinates>
			</LineString>
		</MultiGeometry>
	</Placemark>
	<Placemark>
		<name>P-341</name>
		<visibility>0</visibility>
		<description><![CDATA[<div><div><span><b>Altitude:</b></span> <span>36,075 ft</span></div>
<div><span><b>Speed:</b></span> <span>403 kt - 404 kt</span></div>
<div><span><b>Timestamp:</b></span><br/><span>2024-09-23 03:05:32 UTC<br/>2024-09-23 03:06:06 UTC</span></div>
</div>]]></description>
		<Style>
			<LineStyle>
				<color>ff7800ff</color>
				<width>2</width>
			</LineStyle>
		</Style>
		<MultiGeometry>
			<LineString>
				<tessellate>1</tessellate>
				<altitudeMode>absolute</altitudeMode>
				<coordinates>
					108.766563,41.90963,10995.66 108.683334,41.89883,10995.66 
				</coordinates>
			</LineString>
		</MultiGeometry>
	</Placemark>
	<Placemark>
		<name>P-342</name>
		<visibility>0</visibility>
		<description><![CDATA[<div><div><span><b>Altitude:</b></span> <span>36,075 ft</span></div>
<div><span><b>Speed:</b></span> <span>404 kt - 406 kt</span></div>
<div><span><b>Timestamp:</b></span><br/><span>2024-09-23 03:06:06 UTC<br/>2024-09-23 03:06:36 UTC</span></div>
</div>]]></description>
		<Style>
			<LineStyle>
				<color>ff7800ff</color>
				<width>2</width>
			</LineStyle>
		</Style>
		<MultiGeometry>
			<LineString>
				<tessellate>1</tessellate>
				<altitudeMode>absolute</altitudeMode>
				<coordinates>
					108.683334,41.89883,10995.66 108.610138,41.889332,10995.66 
				</coordinates>
			</LineString>
		</MultiGeometry>
	</Placemark>
	<Placemark>
		<name>P-343</name>
		<visibility>0</visibility>
		<description><![CDATA[<div><div><span><b>Altitude:</b></span> <span>36,075 ft - 36,100 ft</span></div>
<div><span><b>Speed:</b></span> <span>406 kt</span></div>
<div><span><b>Timestamp:</b></span><br/><span>2024-09-23 03:06:36 UTC<br/>2024-09-23 03:07:10 UTC</span></div>
</div>]]></description>
		<Style>
			<LineStyle>
				<color>ff7800ff</color>
				<width>2</width>
			</LineStyle>
		</Style>
		<MultiGeometry>
			<LineString>
				<tessellate>1</tessellate>
				<altitudeMode>absolute</altitudeMode>
				<coordinates>
					108.610138,41.889332,10995.66 108.5252,41.878281,11003.28 
				</coordinates>
			</LineString>
		</MultiGeometry>
	</Placemark>
	<Placemark>
		<name>P-344</name>
		<visibility>0</visibility>
		<description><![CDATA[<div><div><span><b>Altitude:</b></span> <span>36,100 ft - 36,125 ft</span></div>
<div><span><b>Speed:</b></span> <span>406 kt - 405 kt</span></div>
<div><span><b>Timestamp:</b></span><br/><span>2024-09-23 03:07:10 UTC<br/>2024-09-23 03:07:41 UTC</span></div>
</div>]]></description>
		<Style>
			<LineStyle>
				<color>ff9600ff</color>
				<width>2</width>
			</LineStyle>
		</Style>
		<MultiGeometry>
			<LineString>
				<tessellate>1</tessellate>
				<altitudeMode>absolute</altitudeMode>
				<coordinates>
					108.5252,41.878281,11003.28 108.44796,41.868107,11010.9 
				</coordinates>
			</LineString>
		</MultiGeometry>
	</Placemark>
	<Placemark>
		<name>P-345</name>
		<visibility>0</visibility>
		<description><![CDATA[<div><div><span><b>Altitude:</b></span> <span>36,125 ft</span></div>
<div><span><b>Speed:</b></span> <span>405 kt</span></div>
<div><span><b>Timestamp:</b></span><br/><span>2024-09-23 03:07:41 UTC<br/>2024-09-23 03:08:15 UTC</span></div>
</div>]]></description>
		<Style>
			<LineStyle>
				<color>ff9600ff</color>
				<width>2</width>
			</LineStyle>
		</Style>
		<MultiGeometry>
			<LineString>
				<tessellate>1</tessellate>
				<altitudeMode>absolute</altitudeMode>
				<coordinates>
					108.44796,41.868107,11010.9 108.365517,41.857132,11010.9 
				</coordinates>
			</LineString>
		</MultiGeometry>
	</Placemark>
	<Placemark>
		<name>P-346</name>
		<visibility>0</visibility>
		<description><![CDATA[<div><div><span><b>Altitude:</b></span> <span>36,125 ft</span></div>
<div><span><b>Speed:</b></span> <span>405 kt - 404 kt</span></div>
<div><span><b>Timestamp:</b></span><br/><span>2024-09-23 03:08:15 UTC<br/>2024-09-23 03:08:45 UTC</span></div>
</div>]]></description>
		<Style>
			<LineStyle>
				<color>ff9600ff</color>
				<width>2</width>
			</LineStyle>
		</Style>
		<MultiGeometry>
			<LineString>
				<tessellate>1</tessellate>
				<altitudeMode>absolute</altitudeMode>
				<coordinates>
					108.365517,41.857132,11010.9 108.290642,41.847157,11010.9 
				</coordinates>
			</LineString>
		</MultiGeometry>
	</Placemark>
	<Placemark>
		<name>P-347</name>
		<visibility>0</visibility>
		<description><![CDATA[<div><div><span><b>Altitude:</b></span> <span>36,125 ft</span></div>
<div><span><b>Speed:</b></span> <span>404 kt - 403 kt</span></div>
<div><span><b>Timestamp:</b></span><br/><span>2024-09-23 03:08:45 UTC<br/>2024-09-23 03:09:19 UTC</span></div>
</div>]]></description>
		<Style>
			<LineStyle>
				<color>ff9600ff</color>
				<width>2</width>
			</LineStyle>
		</Style>
		<MultiGeometry>
			<LineString>
				<tessellate>1</tessellate>
				<altitudeMode>absolute</altitudeMode>
				<coordinates>
					108.290642,41.847157,11010.9 108.209091,41.836304,11010.9 
				</coordinates>
			</LineString>
		</MultiGeometry>
	</Placemark>
	<Placemark>
		<name>P-348</name>
		<visibility>0</visibility>
		<description><![CDATA[<div><div><span><b>Altitude:</b></span> <span>36,125 ft - 36,100 ft</span></div>
<div><span><b>Speed:</b></span> <span>403 kt - 402 kt</span></div>
<div><span><b>Timestamp:</b></span><br/><span>2024-09-23 03:09:19 UTC<br/>2024-09-23 03:09:49 UTC</span></div>
</div>]]></description>
		<Style>
			<LineStyle>
				<color>ff9600ff</color>
				<width>2</width>
			</LineStyle>
		</Style>
		<MultiGeometry>
			<LineString>
				<tessellate>1</tessellate>
				<altitudeMode>absolute</altitudeMode>
				<coordinates>
					108.209091,41.836304,11010.9 108.133827,41.826206,11003.28 
				</coordinates>
			</LineString>
		</MultiGeometry>
	</Placemark>
	<Placemark>
		<name>P-349</name>
		<visibility>0</visibility>
		<description><![CDATA[<div><div><span><b>Altitude:</b></span> <span>36,100 ft</span></div>
<div><span><b>Speed:</b></span> <span>402 kt - 400 kt</span></div>
<div><span><b>Timestamp:</b></span><br/><span>2024-09-23 03:09:49 UTC<br/>2024-09-23 03:10:23 UTC</span></div>
</div>]]></description>
		<Style>
			<LineStyle>
				<color>ff9600ff</color>
				<width>2</width>
			</LineStyle>
		</Style>
		<MultiGeometry>
			<LineString>
				<tessellate>1</tessellate>
				<altitudeMode>absolute</altitudeMode>
				<coordinates>
					108.133827,41.826206,11003.28 108.0513,41.815083,11003.28 
				</coordinates>
			</LineString>
		</MultiGeometry>
	</Placemark>
	<Placemark>
		<name>P-350</name>
		<visibility>0</visibility>
		<description><![CDATA[<div><div><span><b>Altitude:</b></span> <span>36,100 ft</span></div>
<div><span><b>Speed:</b></span> <span>400 kt - 399 kt</span></div>
<div><span><b>Timestamp:</b></span><br/><span>2024-09-23 03:10:23 UTC<br/>2024-09-23 03:10:56 UTC</span></div>
</div>]]></description>
		<Style>
			<LineStyle>
				<color>ff9600ff</color>
				<width>2</width>
			</LineStyle>
		</Style>
		<MultiGeometry>
			<LineString>
				<tessellate>1</tessellate>
				<altitudeMode>absolute</altitudeMode>
				<coordinates>
					108.0513,41.815083,11003.28 107.970566,41.804234,11003.28 
				</coordinates>
			</LineString>
		</MultiGeometry>
	</Placemark>
	<Placemark>
		<name>P-351</name>
		<visibility>0</visibility>
		<description><![CDATA[<div><div><span><b>Altitude:</b></span> <span>36,100 ft</span></div>
<div><span><b>Speed:</b></span> <span>399 kt - 397 kt</span></div>
<div><span><b>Timestamp:</b></span><br/><span>2024-09-23 03:10:56 UTC<br/>2024-09-23 03:11:26 UTC</span></div>
</div>]]></description>
		<Style>
			<LineStyle>
				<color>ff9600ff</color>
				<width>2</width>
			</LineStyle>
		</Style>
		<MultiGeometry>
			<LineString>
				<tessellate>1</tessellate>
				<altitudeMode>absolute</altitudeMode>
				<coordinates>
					107.970566,41.804234,11003.28 107.897041,41.794281,11003.28 
				</coordinates>
			</LineString>
		</MultiGeometry>
	</Placemark>
	<Placemark>
		<name>P-352</name>
		<visibility>0</visibility>
		<description><![CDATA[<div><div><span><b>Altitude:</b></span> <span>36,100 ft</span></div>
<div><span><b>Speed:</b></span> <span>397 kt - 396 kt</span></div>
<div><span><b>Timestamp:</b></span><br/><span>2024-09-23 03:11:26 UTC<br/>2024-09-23 03:12:00 UTC</span></div>
</div>]]></description>
		<Style>
			<LineStyle>
				<color>ff9600ff</color>
				<width>2</width>
			</LineStyle>
		</Style>
		<MultiGeometry>
			<LineString>
				<tessellate>1</tessellate>
				<altitudeMode>absolute</altitudeMode>
				<coordinates>
					107.897041,41.794281,11003.28 107.816826,41.783295,11003.28 
				</coordinates>
			</LineString>
		</MultiGeometry>
	</Placemark>
	<Placemark>
		<name>P-353</name>
		<visibility>0</visibility>
		<description><![CDATA[<div><div><span><b>Altitude:</b></span> <span>36,100 ft - 36,075 ft</span></div>
<div><span><b>Speed:</b></span> <span>396 kt</span></div>
<div><span><b>Timestamp:</b></span><br/><span>2024-09-23 03:12:00 UTC<br/>2024-09-23 03:12:30 UTC</span></div>
</div>]]></description>
		<Style>
			<LineStyle>
				<color>ff9600ff</color>
				<width>2</width>
			</LineStyle>
		</Style>
		<MultiGeometry>
			<LineString>
				<tessellate>1</tessellate>
				<altitudeMode>absolute</altitudeMode>
				<coordinates>
					107.816826,41.783295,11003.28 107.743355,41.773178,10995.66 
				</coordinates>
			</LineString>
		</MultiGeometry>
	</Placemark>
	<Placemark>
		<name>P-354</name>
		<visibility>0</visibility>
		<description><![CDATA[<div><div><span><b>Altitude:</b></span> <span>36,075 ft - 36,100 ft</span></div>
<div><span><b>Speed:</b></span> <span>396 kt - 395 kt</span></div>
<div><span><b>Timestamp:</b></span><br/><span>2024-09-23 03:12:30 UTC<br/>2024-09-23 03:13:03 UTC</span></div>
</div>]]></description>
		<Style>
			<LineStyle>
				<color>ff7800ff</color>
				<width>2</width>
			</LineStyle>
		</Style>
		<MultiGeometry>
			<LineString>
				<tessellate>1</tessellate>
				<altitudeMode>absolute</altitudeMode>
				<coordinates>
					107.743355,41.773178,10995.66 107.663521,41.762054,11003.28 
				</coordinates>
			</LineString>
		</MultiGeometry>
	</Placemark>
	<Placemark>
		<name>P-355</name>
		<visibility>0</visibility>
		<description><![CDATA[<div><div><span><b>Altitude:</b></span> <span>36,100 ft - 36,075 ft</span></div>
<div><span><b>Speed:</b></span> <span>395 kt - 394 kt</span></div>
<div><span><b>Timestamp:</b></span><br/><span>2024-09-23 03:13:03 UTC<br/>2024-09-23 03:13:37 UTC</span></div>
</div>]]></description>
		<Style>
			<LineStyle>
				<color>ff9600ff</color>
				<width>2</width>
			</LineStyle>
		</Style>
		<MultiGeometry>
			<LineString>
				<tessellate>1</tessellate>
				<altitudeMode>absolute</altitudeMode>
				<coordinates>
					107.663521,41.762054,11003.28 107.582657,41.750607,10995.66 
				</coordinates>
			</LineString>
		</MultiGeometry>
	</Placemark>
	<Placemark>
		<name>P-356</name>
		<visibility>0</visibility>
		<description><![CDATA[<div><div><span><b>Altitude:</b></span> <span>36,075 ft - 36,100 ft</span></div>
<div><span><b>Speed:</b></span> <span>394 kt</span></div>
<div><span><b>Timestamp:</b></span><br/><span>2024-09-23 03:13:37 UTC<br/>2024-09-23 03:14:07 UTC</span></div>
</div>]]></description>
		<Style>
			<LineStyle>
				<color>ff7800ff</color>
				<width>2</width>
			</LineStyle>
		</Style>
		<MultiGeometry>
			<LineString>
				<tessellate>1</tessellate>
				<altitudeMode>absolute</altitudeMode>
				<coordinates>
					107.582657,41.750607,10995.66 107.510208,41.740402,11003.28 
				</coordinates>
			</LineString>
		</MultiGeometry>
	</Placemark>
	<Placemark>
		<name>P-357</name>
		<visibility>0</visibility>
		<description><![CDATA[<div><div><span><b>Altitude:</b></span> <span>36,100 ft</span></div>
<div><span><b>Speed:</b></span> <span>394 kt</span></div>
<div><span><b>Timestamp:</b></span><br/><span>2024-09-23 03:14:07 UTC<br/>2024-09-23 03:14:41 UTC</span></div>
</div>]]></description>
		<Style>
			<LineStyle>
				<color>ff9600ff</color>
				<width>2</width>
			</LineStyle>
		</Style>
		<MultiGeometry>
			<LineString>
				<tessellate>1</tessellate>
				<altitudeMode>absolute</altitudeMode>
				<coordinates>
					107.510208,41.740402,11003.28 107.43013,41.729195,11003.28 
				</coordinates>
			</LineString>
		</MultiGeometry>
	</Placemark>
	<Placemark>
		<name>P-358</name>
		<visibility>0</visibility>
		<description><![CDATA[<div><div><span><b>Altitude:</b></span> <span>36,100 ft</span></div>
<div><span><b>Speed:</b></span> <span>394 kt - 393 kt</span></div>
<div><span><b>Timestamp:</b></span><br/><span>2024-09-23 03:14:41 UTC<br/>2024-09-23 03:15:14 UTC</span></div>
</div>]]></description>
		<Style>
			<LineStyle>
				<color>ff9600ff</color>
				<width>2</width>
			</LineStyle>
		</Style>
		<MultiGeometry>
			<LineString>
				<tessellate>1</tessellate>
				<altitudeMode>absolute</altitudeMode>
				<coordinates>
					107.43013,41.729195,11003.28 107.351051,41.718021,11003.28 
				</coordinates>
			</LineString>
		</MultiGeometry>
	</Placemark>
	<Placemark>
		<name>P-359</name>
		<visibility>0</visibility>
		<description><![CDATA[<div><div><span><b>Altitude:</b></span> <span>36,100 ft</span></div>
<div><span><b>Speed:</b></span> <span>393 kt - 394 kt</span></div>
<div><span><b>Timestamp:</b></span><br/><span>2024-09-23 03:15:14 UTC<br/>2024-09-23 03:15:47 UTC</span></div>
</div>]]></description>
		<Style>
			<LineStyle>
				<color>ff9600ff</color>
				<width>2</width>
			</LineStyle>
		</Style>
		<MultiGeometry>
			<LineString>
				<tessellate>1</tessellate>
				<altitudeMode>absolute</altitudeMode>
				<coordinates>
					107.351051,41.718021,11003.28 107.271271,41.706802,11003.28 
				</coordinates>
			</LineString>
		</MultiGeometry>
	</Placemark>
	<Placemark>
		<name>P-360</name>
		<visibility>0</visibility>
		<description><![CDATA[<div><div><span><b>Altitude:</b></span> <span>36,100 ft - 36,075 ft</span></div>
<div><span><b>Speed:</b></span> <span>394 kt - 395 kt</span></div>
<div><span><b>Timestamp:</b></span><br/><span>2024-09-23 03:15:47 UTC<br/>2024-09-23 03:16:21 UTC</span></div>
</div>]]></description>
		<Style>
			<LineStyle>
				<color>ff9600ff</color>
				<width>2</width>
			</LineStyle>
		</Style>
		<MultiGeometry>
			<LineString>
				<tessellate>1</tessellate>
				<altitudeMode>absolute</altitudeMode>
				<coordinates>
					107.271271,41.706802,11003.28 107.19175,41.695351,10995.66 
				</coordinates>
			</LineString>
		</MultiGeometry>
	</Placemark>
	<Placemark>
		<name>P-361</name>
		<visibility>0</visibility>
		<description><![CDATA[<div><div><span><b>Altitude:</b></span> <span>36,075 ft</span></div>
<div><span><b>Speed:</b></span> <span>395 kt - 397 kt</span></div>
<div><span><b>Timestamp:</b></span><br/><span>2024-09-23 03:16:21 UTC<br/>2024-09-23 03:16:54 UTC</span></div>
</div>]]></description>
		<Style>
			<LineStyle>
				<color>ff7800ff</color>
				<width>2</width>
			</LineStyle>
		</Style>
		<MultiGeometry>
			<LineString>
				<tessellate>1</tessellate>
				<altitudeMode>absolute</altitudeMode>
				<coordinates>
					107.19175,41.695351,10995.66 107.112015,41.683823,10995.66 
				</coordinates>
			</LineString>
		</MultiGeometry>
	</Placemark>
	<Placemark>
		<name>P-362</name>
		<visibility>0</visibility>
		<description><![CDATA[<div><div><span><b>Altitude:</b></span> <span>36,075 ft</span></div>
<div><span><b>Speed:</b></span> <span>397 kt - 399 kt</span></div>
<div><span><b>Timestamp:</b></span><br/><span>2024-09-23 03:16:54 UTC<br/>2024-09-23 03:17:27 UTC</span></div>
</div>]]></description>
		<Style>
			<LineStyle>
				<color>ff7800ff</color>
				<width>2</width>
			</LineStyle>
		</Style>
		<MultiGeometry>
			<LineString>
				<tessellate>1</tessellate>
				<altitudeMode>absolute</altitudeMode>
				<coordinates>
					107.112015,41.683823,10995.66 107.031929,41.672195,10995.66 
				</coordinates>
			</LineString>
		</MultiGeometry>
	</Placemark>
	<Placemark>
		<name>P-363</name>
		<visibility>0</visibility>
		<description><![CDATA[<div><div><span><b>Altitude:</b></span> <span>36,075 ft - 36,100 ft</span></div>
<div><span><b>Speed:</b></span> <span>399 kt - 400 kt</span></div>
<div><span><b>Timestamp:</b></span><br/><span>2024-09-23 03:17:27 UTC<br/>2024-09-23 03:18:01 UTC</span></div>
</div>]]></description>
		<Style>
			<LineStyle>
				<color>ff7800ff</color>
				<width>2</width>
			</LineStyle>
		</Style>
		<MultiGeometry>
			<LineString>
				<tessellate>1</tessellate>
				<altitudeMode>absolute</altitudeMode>
				<coordinates>
					107.031929,41.672195,10995.66 106.95031,41.660389,11003.28 
				</coordinates>
			</LineString>
		</MultiGeometry>
	</Placemark>
	<Placemark>
		<name>P-364</name>
		<visibility>0</visibility>
		<description><![CDATA[<div><div><span><b>Altitude:</b></span> <span>36,100 ft - 36,125 ft</span></div>
<div><span><b>Speed:</b></span> <span>400 kt</span></div>
<div><span><b>Timestamp:</b></span><br/><span>2024-09-23 03:18:01 UTC<br/>2024-09-23 03:18:34 UTC</span></div>
</div>]]></description>
		<Style>
			<LineStyle>
				<color>ff9600ff</color>
				<width>2</width>
			</LineStyle>
		</Style>
		<MultiGeometry>
			<LineString>
				<tessellate>1</tessellate>
				<altitudeMode>absolute</altitudeMode>
				<coordinates>
					106.95031,41.660389,11003.28 106.86982,41.648712,11010.9 
				</coordinates>
			</LineString>
		</MultiGeometry>
	</Placemark>
	<Placemark>
		<name>P-365</name>
		<visibility>0</visibility>
		<description><![CDATA[<div><div><span><b>Altitude:</b></span> <span>36,125 ft</span></div>
<div><span><b>Speed:</b></span> <span>400 kt - 401 kt</span></div>
<div><span><b>Timestamp:</b></span><br/><span>2024-09-23 03:18:34 UTC<br/>2024-09-23 03:19:04 UTC</span></div>
</div>]]></description>
		<Style>
			<LineStyle>
				<color>ff9600ff</color>
				<width>2</width>
			</LineStyle>
		</Style>
		<MultiGeometry>
			<LineString>
				<tessellate>1</tessellate>
				<altitudeMode>absolute</altitudeMode>
				<coordinates>
					106.86982,41.648712,11010.9 106.796913,41.637955,11010.9 
				</coordinates>
			</LineString>
		</MultiGeometry>
	</Placemark>
	<Placemark>
		<name>P-366</name>
		<visibility>0</visibility>
		<description><![CDATA[<div><div><span><b>Altitude:</b></span> <span>36,125 ft</span></div>
<div><span><b>Speed:</b></span> <span>401 kt - 400 kt</span></div>
<div><span><b>Timestamp:</b></span><br/><span>2024-09-23 03:19:04 UTC<br/>2024-09-23 03:19:37 UTC</span></div>
</div>]]></description>
		<Style>
			<LineStyle>
				<color>ff9600ff</color>
				<width>2</width>
			</LineStyle>
		</Style>
		<MultiGeometry>
			<LineString>
				<tessellate>1</tessellate>
				<altitudeMode>absolute</altitudeMode>
				<coordinates>
					106.796913,41.637955,11010.9 106.715508,41.625916,11010.9 
				</coordinates>
			</LineString>
		</MultiGeometry>
	</Placemark>
	<Placemark>
		<name>P-367</name>
		<visibility>0</visibility>
		<description><![CDATA[<div><div><span><b>Altitude:</b></span> <span>36,125 ft</span></div>
<div><span><b>Speed:</b></span> <span>400 kt - 399 kt</span></div>
<div><span><b>Timestamp:</b></span><br/><span>2024-09-23 03:19:37 UTC<br/>2024-09-23 03:20:11 UTC</span></div>
</div>]]></description>
		<Style>
			<LineStyle>
				<color>ff9600ff</color>
				<width>2</width>
			</LineStyle>
		</Style>
		<MultiGeometry>
			<LineString>
				<tessellate>1</tessellate>
				<altitudeMode>absolute</altitudeMode>
				<coordinates>
					106.715508,41.625916,11010.9 106.635109,41.614014,11010.9 
				</coordinates>
			</LineString>
		</MultiGeometry>
	</Placemark>
	<Placemark>
		<name>P-368</name>
		<visibility>0</visibility>
		<description><![CDATA[<div><div><span><b>Altitude:</b></span> <span>36,125 ft</span></div>
<div><span><b>Speed:</b></span> <span>399 kt - 397 kt</span></div>
<div><span><b>Timestamp:</b></span><br/><span>2024-09-23 03:20:11 UTC<br/>2024-09-23 03:20:44 UTC</span></div>
</div>]]></description>
		<Style>
			<LineStyle>
				<color>ff9600ff</color>
				<width>2</width>
			</LineStyle>
		</Style>
		<MultiGeometry>
			<LineString>
				<tessellate>1</tessellate>
				<altitudeMode>absolute</altitudeMode>
				<coordinates>
					106.635109,41.614014,11010.9 106.555023,41.602158,11010.9 
				</coordinates>
			</LineString>
		</MultiGeometry>
	</Placemark>
	<Placemark>
		<name>P-369</name>
		<visibility>0</visibility>
		<description><![CDATA[<div><div><span><b>Altitude:</b></span> <span>36,125 ft</span></div>
<div><span><b>Speed:</b></span> <span>397 kt - 396 kt</span></div>
<div><span><b>Timestamp:</b></span><br/><span>2024-09-23 03:20:44 UTC<br/>2024-09-23 03:21:17 UTC</span></div>
</div>]]></description>
		<Style>
			<LineStyle>
				<color>ff9600ff</color>
				<width>2</width>
			</LineStyle>
		</Style>
		<MultiGeometry>
			<LineString>
				<tessellate>1</tessellate>
				<altitudeMode>absolute</altitudeMode>
				<coordinates>
					106.555023,41.602158,11010.9 106.475342,41.590282,11010.9 
				</coordinates>
			</LineString>
		</MultiGeometry>
	</Placemark>
	<Placemark>
		<name>P-370</name>
		<visibility>0</visibility>
		<description><![CDATA[<div><div><span><b>Altitude:</b></span> <span>36,125 ft - 36,100 ft</span></div>
<div><span><b>Speed:</b></span> <span>396 kt - 395 kt</span></div>
<div><span><b>Timestamp:</b></span><br/><span>2024-09-23 03:21:17 UTC<br/>2024-09-23 03:21:51 UTC</span></div>
</div>]]></description>
		<Style>
			<LineStyle>
				<color>ff9600ff</color>
				<width>2</width>
			</LineStyle>
		</Style>
		<MultiGeometry>
			<LineString>
				<tessellate>1</tessellate>
				<altitudeMode>absolute</altitudeMode>
				<coordinates>
					106.475342,41.590282,11010.9 106.394974,41.578125,11003.28 
				</coordinates>
			</LineString>
		</MultiGeometry>
	</Placemark>
	<Placemark>
		<name>P-371</name>
		<visibility>0</visibility>
		<description><![CDATA[<div><div><span><b>Altitude:</b></span> <span>36,100 ft - 36,075 ft</span></div>
<div><span><b>Speed:</b></span> <span>395 kt - 394 kt</span></div>
<div><span><b>Timestamp:</b></span><br/><span>2024-09-23 03:21:51 UTC<br/>2024-09-23 03:22:21 UTC</span></div>
</div>]]></description>
		<Style>
			<LineStyle>
				<color>ff9600ff</color>
				<width>2</width>
			</LineStyle>
		</Style>
		<MultiGeometry>
			<LineString>
				<tessellate>1</tessellate>
				<altitudeMode>absolute</altitudeMode>
				<coordinates>
					106.394974,41.578125,11003.28 106.322556,41.567146,10995.66 
				</coordinates>
			</LineString>
		</MultiGeometry>
	</Placemark>
	<Placemark>
		<name>P-372</name>
		<visibility>0</visibility>
		<description><![CDATA[<div><div><span><b>Altitude:</b></span> <span>36,075 ft</span></div>
<div><span><b>Speed:</b></span> <span>394 kt</span></div>
<div><span><b>Timestamp:</b></span><br/><span>2024-09-23 03:22:21 UTC<br/>2024-09-23 03:22:54 UTC</span></div>
</div>]]></description>
		<Style>
			<LineStyle>
				<color>ff7800ff</color>
				<width>2</width>
			</LineStyle>
		</Style>
		<MultiGeometry>
			<LineString>
				<tessellate>1</tessellate>
				<altitudeMode>absolute</altitudeMode>
				<coordinates>
					106.322556,41.567146,10995.66 106.243347,41.555145,10995.66 
				</coordinates>
			</LineString>
		</MultiGeometry>
	</Placemark>
	<Placemark>
		<name>P-373</name>
		<visibility>0</visibility>
		<description><![CDATA[<div><div><span><b>Altitude:</b></span> <span>36,075 ft</span></div>
<div><span><b>Speed:</b></span> <span>394 kt</span></div>
<div><span><b>Timestamp:</b></span><br/><span>2024-09-23 03:22:54 UTC<br/>2024-09-23 03:23:28 UTC</span></div>
</div>]]></description>
		<Style>
			<LineStyle>
				<color>ff7800ff</color>
				<width>2</width>
			</LineStyle>
		</Style>
		<MultiGeometry>
			<LineString>
				<tessellate>1</tessellate>
				<altitudeMode>absolute</altitudeMode>
				<coordinates>
					106.243347,41.555145,10995.66 106.165199,41.543289,10995.66 
				</coordinates>
			</LineString>
		</MultiGeometry>
	</Placemark>
	<Placemark>
		<name>P-374</name>
		<visibility>0</visibility>
		<description><![CDATA[<div><div><span><b>Altitude:</b></span> <span>36,075 ft</span></div>
<div><span><b>Speed:</b></span> <span>394 kt - 398 kt</span></div>
<div><span><b>Timestamp:</b></span><br/><span>2024-09-23 03:23:28 UTC<br/>2024-09-23 03:23:58 UTC</span></div>
</div>]]></description>
		<Style>
			<LineStyle>
				<color>ff7800ff</color>
				<width>2</width>
			</LineStyle>
		</Style>
		<MultiGeometry>
			<LineString>
				<tessellate>1</tessellate>
				<altitudeMode>absolute</altitudeMode>
				<coordinates>
					106.165199,41.543289,10995.66 106.093117,41.530136,10995.66 
				</coordinates>
			</LineString>
		</MultiGeometry>
	</Placemark>
	<Placemark>
		<name>P-375</name>
		<visibility>0</visibility>
		<description><![CDATA[<div><div><span><b>Altitude:</b></span> <span>36,075 ft - 36,100 ft</span></div>
<div><span><b>Speed:</b></span> <span>398 kt - 399 kt</span></div>
<div><span><b>Timestamp:</b></span><br/><span>2024-09-23 03:23:58 UTC<br/>2024-09-23 03:24:56 UTC</span></div>
</div>]]></description>
		<Style>
			<LineStyle>
				<color>ff7800ff</color>
				<width>2</width>
			</LineStyle>
		</Style>
		<MultiGeometry>
			<LineString>
				<tessellate>1</tessellate>
				<altitudeMode>absolute</altitudeMode>
				<coordinates>
					106.093117,41.530136,10995.66 105.960823,41.491287,11003.28 
				</coordinates>
			</LineString>
		</MultiGeometry>
	</Placemark>
	<Placemark>
		<name>P-376</name>
		<visibility>0</visibility>
		<description><![CDATA[<div><div><span><b>Altitude:</b></span> <span>36,100 ft - 36,125 ft</span></div>
<div><span><b>Speed:</b></span> <span>399 kt</span></div>
<div><span><b>Timestamp:</b></span><br/><span>2024-09-23 03:24:56 UTC<br/>2024-09-23 03:25:29 UTC</span></div>
</div>]]></description>
		<Style>
			<LineStyle>
				<color>ff9600ff</color>
				<width>2</width>
			</LineStyle>
		</Style>
		<MultiGeometry>
			<LineString>
				<tessellate>1</tessellate>
				<altitudeMode>absolute</altitudeMode>
				<coordinates>
					105.960823,41.491287,11003.28 105.884483,41.468399,11010.9 
				</coordinates>
			</LineString>
		</MultiGeometry>
	</Placemark>
	<Placemark>
		<name>P-377</name>
		<visibility>0</visibility>
		<description><![CDATA[<div><div><span><b>Altitude:</b></span> <span>36,125 ft - 36,100 ft</span></div>
<div><span><b>Speed:</b></span> <span>399 kt</span></div>
<div><span><b>Timestamp:</b></span><br/><span>2024-09-23 03:25:29 UTC<br/>2024-09-23 03:25:59 UTC</span></div>
</div>]]></description>
		<Style>
			<LineStyle>
				<color>ff9600ff</color>
				<width>2</width>
			</LineStyle>
		</Style>
		<MultiGeometry>
			<LineString>
				<tessellate>1</tessellate>
				<altitudeMode>absolute</altitudeMode>
				<coordinates>
					105.884483,41.468399,11010.9 105.815819,41.447845,11003.28 
				</coordinates>
			</LineString>
		</MultiGeometry>
	</Placemark>
	<Placemark>
		<name>P-378</name>
		<visibility>0</visibility>
		<description><![CDATA[<div><div><span><b>Altitude:</b></span> <span>36,100 ft</span></div>
<div><span><b>Speed:</b></span> <span>399 kt - 400 kt</span></div>
<div><span><b>Timestamp:</b></span><br/><span>2024-09-23 03:25:59 UTC<br/>2024-09-23 03:26:33 UTC</span></div>
</div>]]></description>
		<Style>
			<LineStyle>
				<color>ff9600ff</color>
				<width>2</width>
			</LineStyle>
		</Style>
		<MultiGeometry>
			<LineString>
				<tessellate>1</tessellate>
				<altitudeMode>absolute</altitudeMode>
				<coordinates>
					105.815819,41.447845,11003.28 105.73951,41.424507,11003.28 
				</coordinates>
			</LineString>
		</MultiGeometry>
	</Placemark>
	<Placemark>
		<name>P-379</name>
		<visibility>0</visibility>
		<description><![CDATA[<div><div><span><b>Altitude:</b></span> <span>36,100 ft</span></div>
<div><span><b>Speed:</b></span> <span>400 kt</span></div>
<div><span><b>Timestamp:</b></span><br/><span>2024-09-23 03:26:33 UTC<br/>2024-09-23 03:27:15 UTC</span></div>
</div>]]></description>
		<Style>
			<LineStyle>
				<color>ff9600ff</color>
				<width>2</width>
			</LineStyle>
		</Style>
		<MultiGeometry>
			<LineString>
				<tessellate>1</tessellate>
				<altitudeMode>absolute</altitudeMode>
				<coordinates>
					105.73951,41.424507,11003.28 105.643059,41.394947,11003.28 
				</coordinates>
			</LineString>
		</MultiGeometry>
	</Placemark>
	<Placemark>
		<name>P-380</name>
		<visibility>0</visibility>
		<description><![CDATA[<div><div><span><b>Altitude:</b></span> <span>36,100 ft</span></div>
<div><span><b>Speed:</b></span> <span>400 kt - 401 kt</span></div>
<div><span><b>Timestamp:</b></span><br/><span>2024-09-23 03:27:15 UTC<br/>2024-09-23 03:27:45 UTC</span></div>
</div>]]></description>
		<Style>
			<LineStyle>
				<color>ff9600ff</color>
				<width>2</width>
			</LineStyle>
		</Style>
		<MultiGeometry>
			<LineString>
				<tessellate>1</tessellate>
				<altitudeMode>absolute</altitudeMode>
				<coordinates>
					105.643059,41.394947,11003.28 105.574219,41.374054,11003.28 
				</coordinates>
			</LineString>
		</MultiGeometry>
	</Placemark>
	<Placemark>
		<name>P-381</name>
		<visibility>0</visibility>
		<description><![CDATA[<div><div><span><b>Altitude:</b></span> <span>36,100 ft</span></div>
<div><span><b>Speed:</b></span> <span>401 kt - 402 kt</span></div>
<div><span><b>Timestamp:</b></span><br/><span>2024-09-23 03:27:45 UTC<br/>2024-09-23 03:28:18 UTC</span></div>
</div>]]></description>
		<Style>
			<LineStyle>
				<color>ff9600ff</color>
				<width>2</width>
			</LineStyle>
		</Style>
		<MultiGeometry>
			<LineString>
				<tessellate>1</tessellate>
				<altitudeMode>absolute</altitudeMode>
				<coordinates>
					105.574219,41.374054,11003.28 105.497925,41.3508,11003.28 
				</coordinates>
			</LineString>
		</MultiGeometry>
	</Placemark>
	<Placemark>
		<name>P-382</name>
		<visibility>0</visibility>
		<description><![CDATA[<div><div><span><b>Altitude:</b></span> <span>36,100 ft</span></div>
<div><span><b>Speed:</b></span> <span>402 kt - 404 kt</span></div>
<div><span><b>Timestamp:</b></span><br/><span>2024-09-23 03:28:18 UTC<br/>2024-09-23 03:28:52 UTC</span></div>
</div>]]></description>
		<Style>
			<LineStyle>
				<color>ff9600ff</color>
				<width>2</width>
			</LineStyle>
		</Style>
		<MultiGeometry>
			<LineString>
				<tessellate>1</tessellate>
				<altitudeMode>absolute</altitudeMode>
				<coordinates>
					105.497925,41.3508,11003.28 105.421692,41.327454,11003.28 
				</coordinates>
			</LineString>
		</MultiGeometry>
	</Placemark>
	<Placemark>
		<name>P-383</name>
		<visibility>0</visibility>
		<description><![CDATA[<div><div><span><b>Altitude:</b></span> <span>36,100 ft</span></div>
<div><span><b>Speed:</b></span> <span>404 kt</span></div>
<div><span><b>Timestamp:</b></span><br/><span>2024-09-23 03:28:52 UTC<br/>2024-09-23 03:29:25 UTC</span></div>
</div>]]></description>
		<Style>
			<LineStyle>
				<color>ff9600ff</color>
				<width>2</width>
			</LineStyle>
		</Style>
		<MultiGeometry>
			<LineString>
				<tessellate>1</tessellate>
				<altitudeMode>absolute</altitudeMode>
				<coordinates>
					105.421692,41.327454,11003.28 105.345963,41.303844,11003.28 
				</coordinates>
			</LineString>
		</MultiGeometry>
	</Placemark>
	<Placemark>
		<name>P-384</name>
		<visibility>0</visibility>
		<description><![CDATA[<div><div><span><b>Altitude:</b></span> <span>36,100 ft - 36,125 ft</span></div>
<div><span><b>Speed:</b></span> <span>404 kt - 405 kt</span></div>
<div><span><b>Timestamp:</b></span><br/><span>2024-09-23 03:29:25 UTC<br/>2024-09-23 03:29:58 UTC</span></div>
</div>]]></description>
		<Style>
			<LineStyle>
				<color>ff9600ff</color>
				<width>2</width>
			</LineStyle>
		</Style>
		<MultiGeometry>
			<LineString>
				<tessellate>1</tessellate>
				<altitudeMode>absolute</altitudeMode>
				<coordinates>
					105.345963,41.303844,11003.28 105.270325,41.280487,11010.9 
				</coordinates>
			</LineString>
		</MultiGeometry>
	</Placemark>
	<Placemark>
		<name>P-385</name>
		<visibility>0</visibility>
		<description><![CDATA[<div><div><span><b>Altitude:</b></span> <span>36,125 ft</span></div>
<div><span><b>Speed:</b></span> <span>405 kt</span></div>
<div><span><b>Timestamp:</b></span><br/><span>2024-09-23 03:29:58 UTC<br/>2024-09-23 03:30:32 UTC</span></div>
</div>]]></description>
		<Style>
			<LineStyle>
				<color>ff9600ff</color>
				<width>2</width>
			</LineStyle>
		</Style>
		<MultiGeometry>
			<LineString>
				<tessellate>1</tessellate>
				<altitudeMode>absolute</altitudeMode>
				<coordinates>
					105.270325,41.280487,11010.9 105.192406,41.256454,11010.9 
				</coordinates>
			</LineString>
		</MultiGeometry>
	</Placemark>
	<Placemark>
		<name>P-386</name>
		<visibility>0</visibility>
		<description><![CDATA[<div><div><span><b>Altitude:</b></span> <span>36,125 ft</span></div>
<div><span><b>Speed:</b></span> <span>405 kt</span></div>
<div><span><b>Timestamp:</b></span><br/><span>2024-09-23 03:30:32 UTC<br/>2024-09-23 03:31:02 UTC</span></div>
</div>]]></description>
		<Style>
			<LineStyle>
				<color>ff9600ff</color>
				<width>2</width>
			</LineStyle>
		</Style>
		<MultiGeometry>
			<LineString>
				<tessellate>1</tessellate>
				<altitudeMode>absolute</altitudeMode>
				<coordinates>
					105.192406,41.256454,11010.9 105.122993,41.234901,11010.9 
				</coordinates>
			</LineString>
		</MultiGeometry>
	</Placemark>
	<Placemark>
		<name>P-387</name>
		<visibility>0</visibility>
		<description><![CDATA[<div><div><span><b>Altitude:</b></span> <span>36,125 ft - 36,100 ft</span></div>
<div><span><b>Speed:</b></span> <span>405 kt</span></div>
<div><span><b>Timestamp:</b></span><br/><span>2024-09-23 03:31:02 UTC<br/>2024-09-23 03:31:35 UTC</span></div>
</div>]]></description>
		<Style>
			<LineStyle>
				<color>ff9600ff</color>
				<width>2</width>
			</LineStyle>
		</Style>
		<MultiGeometry>
			<LineString>
				<tessellate>1</tessellate>
				<altitudeMode>absolute</altitudeMode>
				<coordinates>
					105.122993,41.234901,11010.9 105.045586,41.210789,11003.28 
				</coordinates>
			</LineString>
		</MultiGeometry>
	</Placemark>
	<Placemark>
		<name>P-388</name>
		<visibility>0</visibility>
		<description><![CDATA[<div><div><span><b>Altitude:</b></span> <span>36,100 ft</span></div>
<div><span><b>Speed:</b></span> <span>405 kt - 404 kt</span></div>
<div><span><b>Timestamp:</b></span><br/><span>2024-09-23 03:31:35 UTC<br/>2024-09-23 03:32:08 UTC</span></div>
</div>]]></description>
		<Style>
			<LineStyle>
				<color>ff9600ff</color>
				<width>2</width>
			</LineStyle>
		</Style>
		<MultiGeometry>
			<LineString>
				<tessellate>1</tessellate>
				<altitudeMode>absolute</altitudeMode>
				<coordinates>
					105.045586,41.210789,11003.28 104.971191,41.187607,11003.28 
				</coordinates>
			</LineString>
		</MultiGeometry>
	</Placemark>
	<Placemark>
		<name>P-389</name>
		<visibility>0</visibility>
		<description><![CDATA[<div><div><span><b>Altitude:</b></span> <span>36,100 ft</span></div>
<div><span><b>Speed:</b></span> <span>404 kt</span></div>
<div><span><b>Timestamp:</b></span><br/><span>2024-09-23 03:32:08 UTC<br/>2024-09-23 03:32:42 UTC</span></div>
</div>]]></description>
		<Style>
			<LineStyle>
				<color>ff9600ff</color>
				<width>2</width>
			</LineStyle>
		</Style>
		<MultiGeometry>
			<LineString>
				<tessellate>1</tessellate>
				<altitudeMode>absolute</altitudeMode>
				<coordinates>
					104.971191,41.187607,11003.28 104.893188,41.163208,11003.28 
				</coordinates>
			</LineString>
		</MultiGeometry>
	</Placemark>
	<Placemark>
		<name>P-390</name>
		<visibility>0</visibility>
		<description><![CDATA[<div><div><span><b>Altitude:</b></span> <span>36,100 ft</span></div>
<div><span><b>Speed:</b></span> <span>404 kt - 403 kt</span></div>
<div><span><b>Timestamp:</b></span><br/><span>2024-09-23 03:32:42 UTC<br/>2024-09-23 03:33:15 UTC</span></div>
</div>]]></description>
		<Style>
			<LineStyle>
				<color>ff9600ff</color>
				<width>2</width>
			</LineStyle>
		</Style>
		<MultiGeometry>
			<LineString>
				<tessellate>1</tessellate>
				<altitudeMode>absolute</altitudeMode>
				<coordinates>
					104.893188,41.163208,11003.28 104.817062,41.139328,11003.28 
				</coordinates>
			</LineString>
		</MultiGeometry>
	</Placemark>
	<Placemark>
		<name>P-391</name>
		<visibility>0</visibility>
		<description><![CDATA[<div><div><span><b>Altitude:</b></span> <span>36,100 ft</span></div>
<div><span><b>Speed:</b></span> <span>403 kt - 404 kt</span></div>
<div><span><b>Timestamp:</b></span><br/><span>2024-09-23 03:33:15 UTC<br/>2024-09-23 03:33:49 UTC</span></div>
</div>]]></description>
		<Style>
			<LineStyle>
				<color>ff9600ff</color>
				<width>2</width>
			</LineStyle>
		</Style>
		<MultiGeometry>
			<LineString>
				<tessellate>1</tessellate>
				<altitudeMode>absolute</altitudeMode>
				<coordinates>
					104.817062,41.139328,11003.28 104.740784,41.115261,11003.28 
				</coordinates>
			</LineString>
		</MultiGeometry>
	</Placemark>
	<Placemark>
		<name>P-392</name>
		<visibility>0</visibility>
		<description><![CDATA[<div><div><span><b>Altitude:</b></span> <span>36,100 ft - 36,075 ft</span></div>
<div><span><b>Speed:</b></span> <span>404 kt - 397 kt</span></div>
<div><span><b>Timestamp:</b></span><br/><span>2024-09-23 03:33:49 UTC<br/>2024-09-23 03:34:16 UTC</span></div>
</div>]]></description>
		<Style>
			<LineStyle>
				<color>ff9600ff</color>
				<width>2</width>
			</LineStyle>
		</Style>
		<MultiGeometry>
			<LineString>
				<tessellate>1</tessellate>
				<altitudeMode>absolute</altitudeMode>
				<coordinates>
					104.740784,41.115261,11003.28 104.677673,41.09827,10995.66 
				</coordinates>
			</LineString>
		</MultiGeometry>
	</Placemark>
	<Placemark>
		<name>P-393</name>
		<visibility>0</visibility>
		<description><![CDATA[<div><div><span><b>Altitude:</b></span> <span>36,075 ft</span></div>
<div><span><b>Speed:</b></span> <span>397 kt - 396 kt</span></div>
<div><span><b>Timestamp:</b></span><br/><span>2024-09-23 03:34:16 UTC<br/>2024-09-23 03:34:19 UTC</span></div>
</div>]]></description>
		<Style>
			<LineStyle>
				<color>ff7800ff</color>
				<width>2</width>
			</LineStyle>
		</Style>
		<MultiGeometry>
			<LineString>
				<tessellate>1</tessellate>
				<altitudeMode>absolute</altitudeMode>
				<coordinates>
					104.677673,41.09827,10995.66 104.670776,41.097382,10995.66 
				</coordinates>
			</LineString>
		</MultiGeometry>
	</Placemark>
	<Placemark>
		<name>P-394</name>
		<visibility>0</visibility>
		<description><![CDATA[<div><div><span><b>Altitude:</b></span> <span>36,075 ft - 36,100 ft</span></div>
<div><span><b>Speed:</b></span> <span>396 kt - 395 kt</span></div>
<div><span><b>Timestamp:</b></span><br/><span>2024-09-23 03:34:19 UTC<br/>2024-09-23 03:34:22 UTC</span></div>
</div>]]></description>
		<Style>
			<LineStyle>
				<color>ff7800ff</color>
				<width>2</width>
			</LineStyle>
		</Style>
		<MultiGeometry>
			<LineString>
				<tessellate>1</tessellate>
				<altitudeMode>absolute</altitudeMode>
				<coordinates>
					104.670776,41.097382,10995.66 104.663391,41.096695,11003.28 
				</coordinates>
			</LineString>
		</MultiGeometry>
	</Placemark>
	<Placemark>
		<name>P-395</name>
		<visibility>0</visibility>
		<description><![CDATA[<div><div><span><b>Altitude:</b></span> <span>36,100 ft</span></div>
<div><span><b>Speed:</b></span> <span>395 kt - 394 kt</span></div>
<div><span><b>Timestamp:</b></span><br/><span>2024-09-23 03:34:22 UTC<br/>2024-09-23 03:34:25 UTC</span></div>
</div>]]></description>
		<Style>
			<LineStyle>
				<color>ff9600ff</color>
				<width>2</width>
			</LineStyle>
		</Style>
		<MultiGeometry>
			<LineString>
				<tessellate>1</tessellate>
				<altitudeMode>absolute</altitudeMode>
				<coordinates>
					104.663391,41.096695,11003.28 104.656075,41.096222,11003.28 
				</coordinates>
			</LineString>
		</MultiGeometry>
	</Placemark>
	<Placemark>
		<name>P-396</name>
		<visibility>0</visibility>
		<description><![CDATA[<div><div><span><b>Altitude:</b></span> <span>36,100 ft</span></div>
<div><span><b>Speed:</b></span> <span>394 kt - 393 kt</span></div>
<div><span><b>Timestamp:</b></span><br/><span>2024-09-23 03:34:25 UTC<br/>2024-09-23 03:34:28 UTC</span></div>
</div>]]></description>
		<Style>
			<LineStyle>
				<color>ff9600ff</color>
				<width>2</width>
			</LineStyle>
		</Style>
		<MultiGeometry>
			<LineString>
				<tessellate>1</tessellate>
				<altitudeMode>absolute</altitudeMode>
				<coordinates>
					104.656075,41.096222,11003.28 104.648773,41.095943,11003.28 
				</coordinates>
			</LineString>
		</MultiGeometry>
	</Placemark>
	<Placemark>
		<name>P-397</name>
		<visibility>0</visibility>
		<description><![CDATA[<div><div><span><b>Altitude:</b></span> <span>36,100 ft</span></div>
<div><span><b>Speed:</b></span> <span>393 kt</span></div>
<div><span><b>Timestamp:</b></span><br/><span>2024-09-23 03:34:28 UTC<br/>2024-09-23 03:34:30 UTC</span></div>
</div>]]></description>
		<Style>
			<LineStyle>
				<color>ff9600ff</color>
				<width>2</width>
			</LineStyle>
		</Style>
		<MultiGeometry>
			<LineString>
				<tessellate>1</tessellate>
				<altitudeMode>absolute</altitudeMode>
				<coordinates>
					104.648773,41.095943,11003.28 104.643402,41.095898,11003.28 
				</coordinates>
			</LineString>
		</MultiGeometry>
	</Placemark>
	<Placemark>
		<name>P-398</name>
		<visibility>0</visibility>
		<description><![CDATA[<div><div><span><b>Altitude:</b></span> <span>36,100 ft - 36,125 ft</span></div>
<div><span><b>Speed:</b></span> <span>393 kt</span></div>
<div><span><b>Timestamp:</b></span><br/><span>2024-09-23 03:34:30 UTC<br/>2024-09-23 03:34:34 UTC</span></div>
</div>]]></description>
		<Style>
			<LineStyle>
				<color>ff9600ff</color>
				<width>2</width>
			</LineStyle>
		</Style>
		<MultiGeometry>
			<LineString>
				<tessellate>1</tessellate>
				<altitudeMode>absolute</altitudeMode>
				<coordinates>
					104.643402,41.095898,11003.28 104.633972,41.096008,11010.9 
				</coordinates>
			</LineString>
		</MultiGeometry>
	</Placemark>
	<Placemark>
		<name>P-399</name>
		<visibility>0</visibility>
		<description><![CDATA[<div><div><span><b>Altitude:</b></span> <span>36,125 ft</span></div>
<div><span><b>Speed:</b></span> <span>393 kt - 392 kt</span></div>
<div><span><b>Timestamp:</b></span><br/><span>2024-09-23 03:34:34 UTC<br/>2024-09-23 03:34:36 UTC</span></div>
</div>]]></description>
		<Style>
			<LineStyle>
				<color>ff9600ff</color>
				<width>2</width>
			</LineStyle>
		</Style>
		<MultiGeometry>
			<LineString>
				<tessellate>1</tessellate>
				<altitudeMode>absolute</altitudeMode>
				<coordinates>
					104.633972,41.096008,11010.9 104.62886,41.096176,11010.9 
				</coordinates>
			</LineString>
		</MultiGeometry>
	</Placemark>
	<Placemark>
		<name>P-400</name>
		<visibility>0</visibility>
		<description><![CDATA[<div><div><span><b>Altitude:</b></span> <span>36,125 ft - 36,100 ft</span></div>
<div><span><b>Speed:</b></span> <span>392 kt</span></div>
<div><span><b>Timestamp:</b></span><br/><span>2024-09-23 03:34:36 UTC<br/>2024-09-23 03:34:40 UTC</span></div>
</div>]]></description>
		<Style>
			<LineStyle>
				<color>ff9600ff</color>
				<width>2</width>
			</LineStyle>
		</Style>
		<MultiGeometry>
			<LineString>
				<tessellate>1</tessellate>
				<altitudeMode>absolute</altitudeMode>
				<coordinates>
					104.62886,41.096176,11010.9 104.619934,41.096695,11003.28 
				</coordinates>
			</LineString>
		</MultiGeometry>
	</Placemark>
	<Placemark>
		<name>P-401</name>
		<visibility>0</visibility>
		<description><![CDATA[<div><div><span><b>Altitude:</b></span> <span>36,100 ft</span></div>
<div><span><b>Speed:</b></span> <span>392 kt</span></div>
<div><span><b>Timestamp:</b></span><br/><span>2024-09-23 03:34:40 UTC<br/>2024-09-23 03:34:43 UTC</span></div>
</div>]]></description>
		<Style>
			<LineStyle>
				<color>ff9600ff</color>
				<width>2</width>
			</LineStyle>
		</Style>
		<MultiGeometry>
			<LineString>
				<tessellate>1</tessellate>
				<altitudeMode>absolute</altitudeMode>
				<coordinates>
					104.619934,41.096695,11003.28 104.612793,41.09729,11003.28 
				</coordinates>
			</LineString>
		</MultiGeometry>
	</Placemark>
	<Placemark>
		<name>P-402</name>
		<visibility>0</visibility>
		<description><![CDATA[<div><div><span><b>Altitude:</b></span> <span>36,100 ft</span></div>
<div><span><b>Speed:</b></span> <span>392 kt - 391 kt</span></div>
<div><span><b>Timestamp:</b></span><br/><span>2024-09-23 03:34:43 UTC<br/>2024-09-23 03:34:46 UTC</span></div>
</div>]]></description>
		<Style>
			<LineStyle>
				<color>ff9600ff</color>
				<width>2</width>
			</LineStyle>
		</Style>
		<MultiGeometry>
			<LineString>
				<tessellate>1</tessellate>
				<altitudeMode>absolute</altitudeMode>
				<coordinates>
					104.612793,41.09729,11003.28 104.605896,41.097977,11003.28 
				</coordinates>
			</LineString>
		</MultiGeometry>
	</Placemark>
	<Placemark>
		<name>P-403</name>
		<visibility>0</visibility>
		<description><![CDATA[<div><div><span><b>Altitude:</b></span> <span>36,100 ft</span></div>
<div><span><b>Speed:</b></span> <span>391 kt - 392 kt</span></div>
<div><span><b>Timestamp:</b></span><br/><span>2024-09-23 03:34:46 UTC<br/>2024-09-23 03:34:49 UTC</span></div>
</div>]]></description>
		<Style>
			<LineStyle>
				<color>ff9600ff</color>
				<width>2</width>
			</LineStyle>
		</Style>
		<MultiGeometry>
			<LineString>
				<tessellate>1</tessellate>
				<altitudeMode>absolute</altitudeMode>
				<coordinates>
					104.605896,41.097977,11003.28 104.598457,41.098877,11003.28 
				</coordinates>
			</LineString>
		</MultiGeometry>
	</Placemark>
	<Placemark>
		<name>P-404</name>
		<visibility>0</visibility>
		<description><![CDATA[<div><div><span><b>Altitude:</b></span> <span>36,100 ft</span></div>
<div><span><b>Speed:</b></span> <span>392 kt - 391 kt</span></div>
<div><span><b>Timestamp:</b></span><br/><span>2024-09-23 03:34:49 UTC<br/>2024-09-23 03:34:52 UTC</span></div>
</div>]]></description>
		<Style>
			<LineStyle>
				<color>ff9600ff</color>
				<width>2</width>
			</LineStyle>
		</Style>
		<MultiGeometry>
			<LineString>
				<tessellate>1</tessellate>
				<altitudeMode>absolute</altitudeMode>
				<coordinates>
					104.598457,41.098877,11003.28 104.590782,41.099854,11003.28 
				</coordinates>
			</LineString>
		</MultiGeometry>
	</Placemark>
	<Placemark>
		<name>P-405</name>
		<visibility>0</visibility>
		<description><![CDATA[<div><div><span><b>Altitude:</b></span> <span>36,100 ft</span></div>
<div><span><b>Speed:</b></span> <span>391 kt - 392 kt</span></div>
<div><span><b>Timestamp:</b></span><br/><span>2024-09-23 03:34:52 UTC<br/>2024-09-23 03:34:55 UTC</span></div>
</div>]]></description>
		<Style>
			<LineStyle>
				<color>ff9600ff</color>
				<width>2</width>
			</LineStyle>
		</Style>
		<MultiGeometry>
			<LineString>
				<tessellate>1</tessellate>
				<altitudeMode>absolute</altitudeMode>
				<coordinates>
					104.590782,41.099854,11003.28 104.583801,41.100769,11003.28 
				</coordinates>
			</LineString>
		</MultiGeometry>
	</Placemark>
	<Placemark>
		<name>P-406</name>
		<visibility>0</visibility>
		<description><![CDATA[<div><div><span><b>Altitude:</b></span> <span>36,100 ft</span></div>
<div><span><b>Speed:</b></span> <span>392 kt</span></div>
<div><span><b>Timestamp:</b></span><br/><span>2024-09-23 03:34:55 UTC<br/>2024-09-23 03:34:58 UTC</span></div>
</div>]]></description>
		<Style>
			<LineStyle>
				<color>ff9600ff</color>
				<width>2</width>
			</LineStyle>
		</Style>
		<MultiGeometry>
			<LineString>
				<tessellate>1</tessellate>
				<altitudeMode>absolute</altitudeMode>
				<coordinates>
					104.583801,41.100769,11003.28 104.576859,41.101669,11003.28 
				</coordinates>
			</LineString>
		</MultiGeometry>
	</Placemark>
	<Placemark>
		<name>P-407</name>
		<visibility>0</visibility>
		<description><![CDATA[<div><div><span><b>Altitude:</b></span> <span>36,100 ft</span></div>
<div><span><b>Speed:</b></span> <span>392 kt</span></div>
<div><span><b>Timestamp:</b></span><br/><span>2024-09-23 03:34:58 UTC<br/>2024-09-23 03:35:01 UTC</span></div>
</div>]]></description>
		<Style>
			<LineStyle>
				<color>ff9600ff</color>
				<width>2</width>
			</LineStyle>
		</Style>
		<MultiGeometry>
			<LineString>
				<tessellate>1</tessellate>
				<altitudeMode>absolute</altitudeMode>
				<coordinates>
					104.576859,41.101669,11003.28 104.570129,41.102463,11003.28 
				</coordinates>
			</LineString>
		</MultiGeometry>
	</Placemark>
	<Placemark>
		<name>P-408</name>
		<visibility>0</visibility>
		<description><![CDATA[<div><div><span><b>Altitude:</b></span> <span>36,100 ft</span></div>
<div><span><b>Speed:</b></span> <span>392 kt</span></div>
<div><span><b>Timestamp:</b></span><br/><span>2024-09-23 03:35:01 UTC<br/>2024-09-23 03:35:29 UTC</span></div>
</div>]]></description>
		<Style>
			<LineStyle>
				<color>ff9600ff</color>
				<width>2</width>
			</LineStyle>
		</Style>
		<MultiGeometry>
			<LineString>
				<tessellate>1</tessellate>
				<altitudeMode>absolute</altitudeMode>
				<coordinates>
					104.570129,41.102463,11003.28 104.506287,41.114136,11003.28 
				</coordinates>
			</LineString>
		</MultiGeometry>
	</Placemark>
	<Placemark>
		<name>P-409</name>
		<visibility>0</visibility>
		<description><![CDATA[<div><div><span><b>Altitude:</b></span> <span>36,100 ft</span></div>
<div><span><b>Speed:</b></span> <span>392 kt</span></div>
<div><span><b>Timestamp:</b></span><br/><span>2024-09-23 03:35:29 UTC<br/>2024-09-23 03:35:32 UTC</span></div>
</div>]]></description>
		<Style>
			<LineStyle>
				<color>ff9600ff</color>
				<width>2</width>
			</LineStyle>
		</Style>
		<MultiGeometry>
			<LineString>
				<tessellate>1</tessellate>
				<altitudeMode>absolute</altitudeMode>
				<coordinates>
					104.506287,41.114136,11003.28 104.49958,41.116287,11003.28 
				</coordinates>
			</LineString>
		</MultiGeometry>
	</Placemark>
	<Placemark>
		<name>P-410</name>
		<visibility>0</visibility>
		<description><![CDATA[<div><div><span><b>Altitude:</b></span> <span>36,100 ft</span></div>
<div><span><b>Speed:</b></span> <span>392 kt - 393 kt</span></div>
<div><span><b>Timestamp:</b></span><br/><span>2024-09-23 03:35:32 UTC<br/>2024-09-23 03:35:35 UTC</span></div>
</div>]]></description>
		<Style>
			<LineStyle>
				<color>ff9600ff</color>
				<width>2</width>
			</LineStyle>
		</Style>
		<MultiGeometry>
			<LineString>
				<tessellate>1</tessellate>
				<altitudeMode>absolute</altitudeMode>
				<coordinates>
					104.49958,41.116287,11003.28 104.492493,41.118759,11003.28 
				</coordinates>
			</LineString>
		</MultiGeometry>
	</Placemark>
	<Placemark>
		<name>P-411</name>
		<visibility>0</visibility>
		<description><![CDATA[<div><div><span><b>Altitude:</b></span> <span>36,100 ft</span></div>
<div><span><b>Speed:</b></span> <span>393 kt</span></div>
<div><span><b>Timestamp:</b></span><br/><span>2024-09-23 03:35:35 UTC<br/>2024-09-23 03:35:38 UTC</span></div>
</div>]]></description>
		<Style>
			<LineStyle>
				<color>ff9600ff</color>
				<width>2</width>
			</LineStyle>
		</Style>
		<MultiGeometry>
			<LineString>
				<tessellate>1</tessellate>
				<altitudeMode>absolute</altitudeMode>
				<coordinates>
					104.492493,41.118759,11003.28 104.486023,41.121185,11003.28 
				</coordinates>
			</LineString>
		</MultiGeometry>
	</Placemark>
	<Placemark>
		<name>P-412</name>
		<visibility>0</visibility>
		<description><![CDATA[<div><div><span><b>Altitude:</b></span> <span>36,100 ft</span></div>
<div><span><b>Speed:</b></span> <span>393 kt</span></div>
<div><span><b>Timestamp:</b></span><br/><span>2024-09-23 03:35:38 UTC<br/>2024-09-23 03:35:41 UTC</span></div>
</div>]]></description>
		<Style>
			<LineStyle>
				<color>ff9600ff</color>
				<width>2</width>
			</LineStyle>
		</Style>
		<MultiGeometry>
			<LineString>
				<tessellate>1</tessellate>
				<altitudeMode>absolute</altitudeMode>
				<coordinates>
					104.486023,41.121185,11003.28 104.479546,41.123875,11003.28 
				</coordinates>
			</LineString>
		</MultiGeometry>
	</Placemark>
	<Placemark>
		<name>P-413</name>
		<visibility>0</visibility>
		<description><![CDATA[<div><div><span><b>Altitude:</b></span> <span>36,100 ft</span></div>
<div><span><b>Speed:</b></span> <span>393 kt - 394 kt</span></div>
<div><span><b>Timestamp:</b></span><br/><span>2024-09-23 03:35:41 UTC<br/>2024-09-23 03:35:44 UTC</span></div>
</div>]]></description>
		<Style>
			<LineStyle>
				<color>ff9600ff</color>
				<width>2</width>
			</LineStyle>
		</Style>
		<MultiGeometry>
			<LineString>
				<tessellate>1</tessellate>
				<altitudeMode>absolute</altitudeMode>
				<coordinates>
					104.479546,41.123875,11003.28 104.474365,41.126129,11003.28 
				</coordinates>
			</LineString>
		</MultiGeometry>
	</Placemark>
	<Placemark>
		<name>P-414</name>
		<visibility>0</visibility>
		<description><![CDATA[<div><div><span><b>Altitude:</b></span> <span>36,100 ft</span></div>
<div><span><b>Speed:</b></span> <span>394 kt - 395 kt</span></div>
<div><span><b>Timestamp:</b></span><br/><span>2024-09-23 03:35:44 UTC<br/>2024-09-23 03:35:47 UTC</span></div>
</div>]]></description>
		<Style>
			<LineStyle>
				<color>ff9600ff</color>
				<width>2</width>
			</LineStyle>
		</Style>
		<MultiGeometry>
			<LineString>
				<tessellate>1</tessellate>
				<altitudeMode>absolute</altitudeMode>
				<coordinates>
					104.474365,41.126129,11003.28 104.468262,41.129013,11003.28 
				</coordinates>
			</LineString>
		</MultiGeometry>
	</Placemark>
	<Placemark>
		<name>P-415</name>
		<visibility>0</visibility>
		<description><![CDATA[<div><div><span><b>Altitude:</b></span> <span>36,100 ft</span></div>
<div><span><b>Speed:</b></span> <span>395 kt - 396 kt</span></div>
<div><span><b>Timestamp:</b></span><br/><span>2024-09-23 03:35:47 UTC<br/>2024-09-23 03:35:50 UTC</span></div>
</div>]]></description>
		<Style>
			<LineStyle>
				<color>ff9600ff</color>
				<width>2</width>
			</LineStyle>
		</Style>
		<MultiGeometry>
			<LineString>
				<tessellate>1</tessellate>
				<altitudeMode>absolute</altitudeMode>
				<coordinates>
					104.468262,41.129013,11003.28 104.461243,41.132584,11003.28 
				</coordinates>
			</LineString>
		</MultiGeometry>
	</Placemark>
	<Placemark>
		<name>P-416</name>
		<visibility>0</visibility>
		<description><![CDATA[<div><div><span><b>Altitude:</b></span> <span>36,100 ft</span></div>
<div><span><b>Speed:</b></span> <span>396 kt - 397 kt</span></div>
<div><span><b>Timestamp:</b></span><br/><span>2024-09-23 03:35:50 UTC<br/>2024-09-23 03:35:53 UTC</span></div>
</div>]]></description>
		<Style>
			<LineStyle>
				<color>ff9600ff</color>
				<width>2</width>
			</LineStyle>
		</Style>
		<MultiGeometry>
			<LineString>
				<tessellate>1</tessellate>
				<altitudeMode>absolute</altitudeMode>
				<coordinates>
					104.461243,41.132584,11003.28 104.455635,41.135651,11003.28 
				</coordinates>
			</LineString>
		</MultiGeometry>
	</Placemark>
	<Placemark>
		<name>P-417</name>
		<visibility>0</visibility>
		<description><![CDATA[<div><div><span><b>Altitude:</b></span> <span>36,100 ft</span></div>
<div><span><b>Speed:</b></span> <span>397 kt</span></div>
<div><span><b>Timestamp:</b></span><br/><span>2024-09-23 03:35:53 UTC<br/>2024-09-23 03:35:56 UTC</span></div>
</div>]]></description>
		<Style>
			<LineStyle>
				<color>ff9600ff</color>
				<width>2</width>
			</LineStyle>
		</Style>
		<MultiGeometry>
			<LineString>
				<tessellate>1</tessellate>
				<altitudeMode>absolute</altitudeMode>
				<coordinates>
					104.455635,41.135651,11003.28 104.449951,41.138901,11003.28 
				</coordinates>
			</LineString>
		</MultiGeometry>
	</Placemark>
	<Placemark>
		<name>P-418</name>
		<visibility>0</visibility>
		<description><![CDATA[<div><div><span><b>Altitude:</b></span> <span>36,100 ft</span></div>
<div><span><b>Speed:</b></span> <span>397 kt - 398 kt</span></div>
<div><span><b>Timestamp:</b></span><br/><span>2024-09-23 03:35:56 UTC<br/>2024-09-23 03:35:59 UTC</span></div>
</div>]]></description>
		<Style>
			<LineStyle>
				<color>ff9600ff</color>
				<width>2</width>
			</LineStyle>
		</Style>
		<MultiGeometry>
			<LineString>
				<tessellate>1</tessellate>
				<altitudeMode>absolute</altitudeMode>
				<coordinates>
					104.449951,41.138901,11003.28 104.44397,41.142609,11003.28 
				</coordinates>
			</LineString>
		</MultiGeometry>
	</Placemark>
	<Placemark>
		<name>P-419</name>
		<visibility>0</visibility>
		<description><![CDATA[<div><div><span><b>Altitude:</b></span> <span>36,100 ft - 36,075 ft</span></div>
<div><span><b>Speed:</b></span> <span>398 kt - 400 kt</span></div>
<div><span><b>Timestamp:</b></span><br/><span>2024-09-23 03:35:59 UTC<br/>2024-09-23 03:36:02 UTC</span></div>
</div>]]></description>
		<Style>
			<LineStyle>
				<color>ff9600ff</color>
				<width>2</width>
			</LineStyle>
		</Style>
		<MultiGeometry>
			<LineString>
				<tessellate>1</tessellate>
				<altitudeMode>absolute</altitudeMode>
				<coordinates>
					104.44397,41.142609,11003.28 104.43866,41.14608,10995.66 
				</coordinates>
			</LineString>
		</MultiGeometry>
	</Placemark>
	<Placemark>
		<name>P-420</name>
		<visibility>0</visibility>
		<description><![CDATA[<div><div><span><b>Altitude:</b></span> <span>36,075 ft</span></div>
<div><span><b>Speed:</b></span> <span>400 kt - 399 kt</span></div>
<div><span><b>Timestamp:</b></span><br/><span>2024-09-23 03:36:02 UTC<br/>2024-09-23 03:36:05 UTC</span></div>
</div>]]></description>
		<Style>
			<LineStyle>
				<color>ff7800ff</color>
				<width>2</width>
			</LineStyle>
		</Style>
		<MultiGeometry>
			<LineString>
				<tessellate>1</tessellate>
				<altitudeMode>absolute</altitudeMode>
				<coordinates>
					104.43866,41.14608,10995.66 104.432739,41.150208,10995.66 
				</coordinates>
			</LineString>
		</MultiGeometry>
	</Placemark>
	<Placemark>
		<name>P-421</name>
		<visibility>0</visibility>
		<description><![CDATA[<div><div><span><b>Altitude:</b></span> <span>36,075 ft</span></div>
<div><span><b>Speed:</b></span> <span>399 kt - 400 kt</span></div>
<div><span><b>Timestamp:</b></span><br/><span>2024-09-23 03:36:05 UTC<br/>2024-09-23 03:36:08 UTC</span></div>
</div>]]></description>
		<Style>
			<LineStyle>
				<color>ff7800ff</color>
				<width>2</width>
			</LineStyle>
		</Style>
		<MultiGeometry>
			<LineString>
				<tessellate>1</tessellate>
				<altitudeMode>absolute</altitudeMode>
				<coordinates>
					104.432739,41.150208,10995.66 104.42804,41.153687,10995.66 
				</coordinates>
			</LineString>
		</MultiGeometry>
	</Placemark>
	<Placemark>
		<name>P-422</name>
		<visibility>0</visibility>
		<description><![CDATA[<div><div><span><b>Altitude:</b></span> <span>36,075 ft</span></div>
<div><span><b>Speed:</b></span> <span>400 kt - 402 kt</span></div>
<div><span><b>Timestamp:</b></span><br/><span>2024-09-23 03:36:08 UTC<br/>2024-09-23 03:36:11 UTC</span></div>
</div>]]></description>
		<Style>
			<LineStyle>
				<color>ff7800ff</color>
				<width>2</width>
			</LineStyle>
		</Style>
		<MultiGeometry>
			<LineString>
				<tessellate>1</tessellate>
				<altitudeMode>absolute</altitudeMode>
				<coordinates>
					104.42804,41.153687,10995.66 104.422302,41.158276,10995.66 
				</coordinates>
			</LineString>
		</MultiGeometry>
	</Placemark>
	<Placemark>
		<name>P-423</name>
		<visibility>0</visibility>
		<description><![CDATA[<div><div><span><b>Altitude:</b></span> <span>36,075 ft</span></div>
<div><span><b>Speed:</b></span> <span>402 kt - 403 kt</span></div>
<div><span><b>Timestamp:</b></span><br/><span>2024-09-23 03:36:11 UTC<br/>2024-09-23 03:36:14 UTC</span></div>
</div>]]></description>
		<Style>
			<LineStyle>
				<color>ff7800ff</color>
				<width>2</width>
			</LineStyle>
		</Style>
		<MultiGeometry>
			<LineString>
				<tessellate>1</tessellate>
				<altitudeMode>absolute</altitudeMode>
				<coordinates>
					104.422302,41.158276,10995.66 104.417603,41.162292,10995.66 
				</coordinates>
			</LineString>
		</MultiGeometry>
	</Placemark>
	<Placemark>
		<name>P-424</name>
		<visibility>0</visibility>
		<description><![CDATA[<div><div><span><b>Altitude:</b></span> <span>36,075 ft</span></div>
<div><span><b>Speed:</b></span> <span>403 kt - 404 kt</span></div>
<div><span><b>Timestamp:</b></span><br/><span>2024-09-23 03:36:14 UTC<br/>2024-09-23 03:36:17 UTC</span></div>
</div>]]></description>
		<Style>
			<LineStyle>
				<color>ff7800ff</color>
				<width>2</width>
			</LineStyle>
		</Style>
		<MultiGeometry>
			<LineString>
				<tessellate>1</tessellate>
				<altitudeMode>absolute</altitudeMode>
				<coordinates>
					104.417603,41.162292,10995.66 104.41272,41.166733,10995.66 
				</coordinates>
			</LineString>
		</MultiGeometry>
	</Placemark>
	<Placemark>
		<name>P-425</name>
		<visibility>0</visibility>
		<description><![CDATA[<div><div><span><b>Altitude:</b></span> <span>36,075 ft</span></div>
<div><span><b>Speed:</b></span> <span>404 kt</span></div>
<div><span><b>Timestamp:</b></span><br/><span>2024-09-23 03:36:17 UTC<br/>2024-09-23 03:36:20 UTC</span></div>
</div>]]></description>
		<Style>
			<LineStyle>
				<color>ff7800ff</color>
				<width>2</width>
			</LineStyle>
		</Style>
		<MultiGeometry>
			<LineString>
				<tessellate>1</tessellate>
				<altitudeMode>absolute</altitudeMode>
				<coordinates>
					104.41272,41.166733,10995.66 104.408325,41.170853,10995.66 
				</coordinates>
			</LineString>
		</MultiGeometry>
	</Placemark>
	<Placemark>
		<name>P-426</name>
		<visibility>0</visibility>
		<description><![CDATA[<div><div><span><b>Altitude:</b></span> <span>36,075 ft - 36,100 ft</span></div>
<div><span><b>Speed:</b></span> <span>404 kt</span></div>
<div><span><b>Timestamp:</b></span><br/><span>2024-09-23 03:36:20 UTC<br/>2024-09-23 03:36:23 UTC</span></div>
</div>]]></description>
		<Style>
			<LineStyle>
				<color>ff7800ff</color>
				<width>2</width>
			</LineStyle>
		</Style>
		<MultiGeometry>
			<LineString>
				<tessellate>1</tessellate>
				<altitudeMode>absolute</altitudeMode>
				<coordinates>
					104.408325,41.170853,10995.66 104.403748,41.17511,11003.28 
				</coordinates>
			</LineString>
		</MultiGeometry>
	</Placemark>
	<Placemark>
		<name>P-427</name>
		<visibility>0</visibility>
		<description><![CDATA[<div><div><span><b>Altitude:</b></span> <span>36,100 ft</span></div>
<div><span><b>Speed:</b></span> <span>404 kt - 403 kt</span></div>
<div><span><b>Timestamp:</b></span><br/><span>2024-09-23 03:36:23 UTC<br/>2024-09-23 03:36:26 UTC</span></div>
</div>]]></description>
		<Style>
			<LineStyle>
				<color>ff9600ff</color>
				<width>2</width>
			</LineStyle>
		</Style>
		<MultiGeometry>
			<LineString>
				<tessellate>1</tessellate>
				<altitudeMode>absolute</altitudeMode>
				<coordinates>
					104.403748,41.17511,11003.28 104.399147,41.179317,11003.28 
				</coordinates>
			</LineString>
		</MultiGeometry>
	</Placemark>
	<Placemark>
		<name>P-428</name>
		<visibility>0</visibility>
		<description><![CDATA[<div><div><span><b>Altitude:</b></span> <span>36,100 ft</span></div>
<div><span><b>Speed:</b></span> <span>403 kt - 398 kt</span></div>
<div><span><b>Timestamp:</b></span><br/><span>2024-09-23 03:36:26 UTC<br/>2024-09-23 03:36:53 UTC</span></div>
</div>]]></description>
		<Style>
			<LineStyle>
				<color>ff9600ff</color>
				<width>2</width>
			</LineStyle>
		</Style>
		<MultiGeometry>
			<LineString>
				<tessellate>1</tessellate>
				<altitudeMode>absolute</altitudeMode>
				<coordinates>
					104.399147,41.179317,11003.28 104.351952,41.215488,11003.28 
				</coordinates>
			</LineString>
		</MultiGeometry>
	</Placemark>
	<Placemark>
		<name>P-429</name>
		<visibility>0</visibility>
		<description><![CDATA[<div><div><span><b>Altitude:</b></span> <span>36,100 ft</span></div>
<div><span><b>Speed:</b></span> <span>398 kt</span></div>
<div><span><b>Timestamp:</b></span><br/><span>2024-09-23 03:36:53 UTC<br/>2024-09-23 03:36:56 UTC</span></div>
</div>]]></description>
		<Style>
			<LineStyle>
				<color>ff9600ff</color>
				<width>2</width>
			</LineStyle>
		</Style>
		<MultiGeometry>
			<LineString>
				<tessellate>1</tessellate>
				<altitudeMode>absolute</altitudeMode>
				<coordinates>
					104.351952,41.215488,11003.28 104.346497,41.219055,11003.28 
				</coordinates>
			</LineString>
		</MultiGeometry>
	</Placemark>
	<Placemark>
		<name>P-430</name>
		<visibility>0</visibility>
		<description><![CDATA[<div><div><span><b>Altitude:</b></span> <span>36,100 ft</span></div>
<div><span><b>Speed:</b></span> <span>398 kt</span></div>
<div><span><b>Timestamp:</b></span><br/><span>2024-09-23 03:36:56 UTC<br/>2024-09-23 03:36:59 UTC</span></div>
</div>]]></description>
		<Style>
			<LineStyle>
				<color>ff9600ff</color>
				<width>2</width>
			</LineStyle>
		</Style>
		<MultiGeometry>
			<LineString>
				<tessellate>1</tessellate>
				<altitudeMode>absolute</altitudeMode>
				<coordinates>
					104.346497,41.219055,11003.28 104.34034,41.222939,11003.28 
				</coordinates>
			</LineString>
		</MultiGeometry>
	</Placemark>
	<Placemark>
		<name>P-431</name>
		<visibility>0</visibility>
		<description><![CDATA[<div><div><span><b>Altitude:</b></span> <span>36,100 ft</span></div>
<div><span><b>Speed:</b></span> <span>398 kt - 395 kt</span></div>
<div><span><b>Timestamp:</b></span><br/><span>2024-09-23 03:36:59 UTC<br/>2024-09-23 03:37:33 UTC</span></div>
</div>]]></description>
		<Style>
			<LineStyle>
				<color>ff9600ff</color>
				<width>2</width>
			</LineStyle>
		</Style>
		<MultiGeometry>
			<LineString>
				<tessellate>1</tessellate>
				<altitudeMode>absolute</altitudeMode>
				<coordinates>
					104.34034,41.222939,11003.28 104.274963,41.25824,11003.28 
				</coordinates>
			</LineString>
		</MultiGeometry>
	</Placemark>
	<Placemark>
		<name>P-432</name>
		<visibility>0</visibility>
		<description><![CDATA[<div><div><span><b>Altitude:</b></span> <span>36,100 ft</span></div>
<div><span><b>Speed:</b></span> <span>395 kt - 392 kt</span></div>
<div><span><b>Timestamp:</b></span><br/><span>2024-09-23 03:37:33 UTC<br/>2024-09-23 03:38:03 UTC</span></div>
</div>]]></description>
		<Style>
			<LineStyle>
				<color>ff9600ff</color>
				<width>2</width>
			</LineStyle>
		</Style>
		<MultiGeometry>
			<LineString>
				<tessellate>1</tessellate>
				<altitudeMode>absolute</altitudeMode>
				<coordinates>
					104.274963,41.25824,11003.28 104.210007,41.28434,11003.28 
				</coordinates>
			</LineString>
		</MultiGeometry>
	</Placemark>
	<Placemark>
		<name>P-433</name>
		<visibility>0</visibility>
		<description><![CDATA[<div><div><span><b>Altitude:</b></span> <span>36,100 ft</span></div>
<div><span><b>Speed:</b></span> <span>392 kt</span></div>
<div><span><b>Timestamp:</b></span><br/><span>2024-09-23 03:38:03 UTC<br/>2024-09-23 03:38:37 UTC</span></div>
</div>]]></description>
		<Style>
			<LineStyle>
				<color>ff9600ff</color>
				<width>2</width>
			</LineStyle>
		</Style>
		<MultiGeometry>
			<LineString>
				<tessellate>1</tessellate>
				<altitudeMode>absolute</altitudeMode>
				<coordinates>
					104.210007,41.28434,11003.28 104.134583,41.306717,11003.28 
				</coordinates>
			</LineString>
		</MultiGeometry>
	</Placemark>
	<Placemark>
		<name>P-434</name>
		<visibility>0</visibility>
		<description><![CDATA[<div><div><span><b>Altitude:</b></span> <span>36,100 ft</span></div>
<div><span><b>Speed:</b></span> <span>392 kt - 391 kt</span></div>
<div><span><b>Timestamp:</b></span><br/><span>2024-09-23 03:38:37 UTC<br/>2024-09-23 03:39:09 UTC</span></div>
</div>]]></description>
		<Style>
			<LineStyle>
				<color>ff9600ff</color>
				<width>2</width>
			</LineStyle>
		</Style>
		<MultiGeometry>
			<LineString>
				<tessellate>1</tessellate>
				<altitudeMode>absolute</altitudeMode>
				<coordinates>
					104.134583,41.306717,11003.28 104.061562,41.327774,11003.28 
				</coordinates>
			</LineString>
		</MultiGeometry>
	</Placemark>
	<Placemark>
		<name>P-435</name>
		<visibility>0</visibility>
		<description><![CDATA[<div><div><span><b>Altitude:</b></span> <span>36,100 ft</span></div>
<div><span><b>Speed:</b></span> <span>391 kt - 392 kt</span></div>
<div><span><b>Timestamp:</b></span><br/><span>2024-09-23 03:39:09 UTC<br/>2024-09-23 03:39:43 UTC</span></div>
</div>]]></description>
		<Style>
			<LineStyle>
				<color>ff9600ff</color>
				<width>2</width>
			</LineStyle>
		</Style>
		<MultiGeometry>
			<LineString>
				<tessellate>1</tessellate>
				<altitudeMode>absolute</altitudeMode>
				<coordinates>
					104.061562,41.327774,11003.28 103.986328,41.34938,11003.28 
				</coordinates>
			</LineString>
		</MultiGeometry>
	</Placemark>
	<Placemark>
		<name>P-436</name>
		<visibility>0</visibility>
		<description><![CDATA[<div><div><span><b>Altitude:</b></span> <span>36,100 ft</span></div>
<div><span><b>Speed:</b></span> <span>392 kt - 391 kt</span></div>
<div><span><b>Timestamp:</b></span><br/><span>2024-09-23 03:39:43 UTC<br/>2024-09-23 03:40:13 UTC</span></div>
</div>]]></description>
		<Style>
			<LineStyle>
				<color>ff9600ff</color>
				<width>2</width>
			</LineStyle>
		</Style>
		<MultiGeometry>
			<LineString>
				<tessellate>1</tessellate>
				<altitudeMode>absolute</altitudeMode>
				<coordinates>
					103.986328,41.34938,11003.28 103.919617,41.368195,11003.28 
				</coordinates>
			</LineString>
		</MultiGeometry>
	</Placemark>
	<Placemark>
		<name>P-437</name>
		<visibility>0</visibility>
		<description><![CDATA[<div><div><span><b>Altitude:</b></span> <span>36,100 ft</span></div>
<div><span><b>Speed:</b></span> <span>391 kt</span></div>
<div><span><b>Timestamp:</b></span><br/><span>2024-09-23 03:40:13 UTC<br/>2024-09-23 03:40:46 UTC</span></div>
</div>]]></description>
		<Style>
			<LineStyle>
				<color>ff9600ff</color>
				<width>2</width>
			</LineStyle>
		</Style>
		<MultiGeometry>
			<LineString>
				<tessellate>1</tessellate>
				<altitudeMode>absolute</altitudeMode>
				<coordinates>
					103.919617,41.368195,11003.28 103.842896,41.389755,11003.28 
				</coordinates>
			</LineString>
		</MultiGeometry>
	</Placemark>
	<Placemark>
		<name>P-438</name>
		<visibility>0</visibility>
		<description><![CDATA[<div><div><span><b>Altitude:</b></span> <span>36,100 ft</span></div>
<div><span><b>Speed:</b></span> <span>391 kt - 392 kt</span></div>
<div><span><b>Timestamp:</b></span><br/><span>2024-09-23 03:40:46 UTC<br/>2024-09-23 03:41:19 UTC</span></div>
</div>]]></description>
		<Style>
			<LineStyle>
				<color>ff9600ff</color>
				<width>2</width>
			</LineStyle>
		</Style>
		<MultiGeometry>
			<LineString>
				<tessellate>1</tessellate>
				<altitudeMode>absolute</altitudeMode>
				<coordinates>
					103.842896,41.389755,11003.28 103.769051,41.410767,11003.28 
				</coordinates>
			</LineString>
		</MultiGeometry>
	</Placemark>
	<Placemark>
		<name>P-439</name>
		<visibility>0</visibility>
		<description><![CDATA[<div><div><span><b>Altitude:</b></span> <span>36,100 ft</span></div>
<div><span><b>Speed:</b></span> <span>392 kt</span></div>
<div><span><b>Timestamp:</b></span><br/><span>2024-09-23 03:41:19 UTC<br/>2024-09-23 03:41:53 UTC</span></div>
</div>]]></description>
		<Style>
			<LineStyle>
				<color>ff9600ff</color>
				<width>2</width>
			</LineStyle>
		</Style>
		<MultiGeometry>
			<LineString>
				<tessellate>1</tessellate>
				<altitudeMode>absolute</altitudeMode>
				<coordinates>
					103.769051,41.410767,11003.28 103.692863,41.432377,11003.28 
				</coordinates>
			</LineString>
		</MultiGeometry>
	</Placemark>
	<Placemark>
		<name>P-440</name>
		<visibility>0</visibility>
		<description><![CDATA[<div><div><span><b>Altitude:</b></span> <span>36,100 ft</span></div>
<div><span><b>Speed:</b></span> <span>392 kt</span></div>
<div><span><b>Timestamp:</b></span><br/><span>2024-09-23 03:41:53 UTC<br/>2024-09-23 03:42:26 UTC</span></div>
</div>]]></description>
		<Style>
			<LineStyle>
				<color>ff9600ff</color>
				<width>2</width>
			</LineStyle>
		</Style>
		<MultiGeometry>
			<LineString>
				<tessellate>1</tessellate>
				<altitudeMode>absolute</altitudeMode>
				<coordinates>
					103.692863,41.432377,11003.28 103.618988,41.453201,11003.28 
				</coordinates>
			</LineString>
		</MultiGeometry>
	</Placemark>
	<Placemark>
		<name>P-441</name>
		<visibility>0</visibility>
		<description><![CDATA[<div><div><span><b>Altitude:</b></span> <span>36,100 ft</span></div>
<div><span><b>Speed:</b></span> <span>392 kt - 393 kt</span></div>
<div><span><b>Timestamp:</b></span><br/><span>2024-09-23 03:42:26 UTC<br/>2024-09-23 03:43:00 UTC</span></div>
</div>]]></description>
		<Style>
			<LineStyle>
				<color>ff9600ff</color>
				<width>2</width>
			</LineStyle>
		</Style>
		<MultiGeometry>
			<LineString>
				<tessellate>1</tessellate>
				<altitudeMode>absolute</altitudeMode>
				<coordinates>
					103.618988,41.453201,11003.28 103.542183,41.474831,11003.28 
				</coordinates>
			</LineString>
		</MultiGeometry>
	</Placemark>
	<Placemark>
		<name>P-442</name>
		<visibility>0</visibility>
		<description><![CDATA[<div><div><span><b>Altitude:</b></span> <span>36,100 ft</span></div>
<div><span><b>Speed:</b></span> <span>393 kt - 392 kt</span></div>
<div><span><b>Timestamp:</b></span><br/><span>2024-09-23 03:43:00 UTC<br/>2024-09-23 03:43:32 UTC</span></div>
</div>]]></description>
		<Style>
			<LineStyle>
				<color>ff9600ff</color>
				<width>2</width>
			</LineStyle>
		</Style>
		<MultiGeometry>
			<LineString>
				<tessellate>1</tessellate>
				<altitudeMode>absolute</altitudeMode>
				<coordinates>
					103.542183,41.474831,11003.28 103.469116,41.495224,11003.28 
				</coordinates>
			</LineString>
		</MultiGeometry>
	</Placemark>
	<Placemark>
		<name>P-443</name>
		<visibility>0</visibility>
		<description><![CDATA[<div><div><span><b>Altitude:</b></span> <span>36,100 ft</span></div>
<div><span><b>Speed:</b></span> <span>392 kt - 393 kt</span></div>
<div><span><b>Timestamp:</b></span><br/><span>2024-09-23 03:43:32 UTC<br/>2024-09-23 03:44:05 UTC</span></div>
</div>]]></description>
		<Style>
			<LineStyle>
				<color>ff9600ff</color>
				<width>2</width>
			</LineStyle>
		</Style>
		<MultiGeometry>
			<LineString>
				<tessellate>1</tessellate>
				<altitudeMode>absolute</altitudeMode>
				<coordinates>
					103.469116,41.495224,11003.28 103.393768,41.516144,11003.28 
				</coordinates>
			</LineString>
		</MultiGeometry>
	</Placemark>
	<Placemark>
		<name>P-444</name>
		<visibility>0</visibility>
		<description><![CDATA[<div><div><span><b>Altitude:</b></span> <span>36,100 ft</span></div>
<div><span><b>Speed:</b></span> <span>393 kt</span></div>
<div><span><b>Timestamp:</b></span><br/><span>2024-09-23 03:44:05 UTC<br/>2024-09-23 03:44:36 UTC</span></div>
</div>]]></description>
		<Style>
			<LineStyle>
				<color>ff9600ff</color>
				<width>2</width>
			</LineStyle>
		</Style>
		<MultiGeometry>
			<LineString>
				<tessellate>1</tessellate>
				<altitudeMode>absolute</altitudeMode>
				<coordinates>
					103.393768,41.516144,11003.28 103.324371,41.535255,11003.28 
				</coordinates>
			</LineString>
		</MultiGeometry>
	</Placemark>
	<Placemark>
		<name>P-445</name>
		<visibility>0</visibility>
		<description><![CDATA[<div><div><span><b>Altitude:</b></span> <span>36,100 ft - 36,075 ft</span></div>
<div><span><b>Speed:</b></span> <span>393 kt - 392 kt</span></div>
<div><span><b>Timestamp:</b></span><br/><span>2024-09-23 03:44:36 UTC<br/>2024-09-23 04:06:43 UTC</span></div>
</div>]]></description>
		<Style>
			<LineStyle>
				<color>88000000</color>
				<width>2</width>
			</LineStyle>
		</Style>
		<MultiGeometry>
			<LineString>
				<tessellate>1</tessellate>
				<coordinates>
					103.324371,41.535255,11003.28 100.22406,42.150909,10995.66 
				</coordinates>
			</LineString>
		</MultiGeometry>
	</Placemark>
	<Placemark>
		<name>P-446</name>
		<visibility>0</visibility>
		<description><![CDATA[<div><div><span><b>Altitude:</b></span> <span>36,075 ft - 36,125 ft</span></div>
<div><span><b>Speed:</b></span> <span>392 kt - 393 kt</span></div>
<div><span><b>Timestamp:</b></span><br/><span>2024-09-23 04:06:43 UTC<br/>2024-09-23 04:07:42 UTC</span></div>
</div>]]></description>
		<Style>
			<LineStyle>
				<color>ff7800ff</color>
				<width>2</width>
			</LineStyle>
		</Style>
		<MultiGeometry>
			<LineString>
				<tessellate>1</tessellate>
				<altitudeMode>absolute</altitudeMode>
				<coordinates>
					100.22406,42.150909,10995.66 100.079643,42.149189,11010.9 
				</coordinates>
			</LineString>
		</MultiGeometry>
	</Placemark>
	<Placemark>
		<name>P-447</name>
		<visibility>0</visibility>
		<description><![CDATA[<div><div><span><b>Altitude:</b></span> <span>36,125 ft</span></div>
<div><span><b>Speed:</b></span> <span>393 kt</span></div>
<div><span><b>Timestamp:</b></span><br/><span>2024-09-23 04:07:42 UTC<br/>2024-09-23 04:08:47 UTC</span></div>
</div>]]></description>
		<Style>
			<LineStyle>
				<color>ff9600ff</color>
				<width>2</width>
			</LineStyle>
		</Style>
		<MultiGeometry>
			<LineString>
				<tessellate>1</tessellate>
				<altitudeMode>absolute</altitudeMode>
				<coordinates>
					100.079643,42.149189,11010.9 99.92189800000001,42.147129,11010.9 
				</coordinates>
			</LineString>
		</MultiGeometry>
	</Placemark>
	<Placemark>
		<name>P-448</name>
		<visibility>0</visibility>
		<description><![CDATA[<div><div><span><b>Altitude:</b></span> <span>36,125 ft</span></div>
<div><span><b>Speed:</b></span> <span>393 kt - 391 kt</span></div>
<div><span><b>Timestamp:</b></span><br/><span>2024-09-23 04:08:47 UTC<br/>2024-09-23 04:09:47 UTC</span></div>
</div>]]></description>
		<Style>
			<LineStyle>
				<color>ff9600ff</color>
				<width>2</width>
			</LineStyle>
		</Style>
		<MultiGeometry>
			<LineString>
				<tessellate>1</tessellate>
				<altitudeMode>absolute</altitudeMode>
				<coordinates>
					99.92189800000001,42.147129,11010.9 99.77459,42.144932,11010.9 
				</coordinates>
			</LineString>
		</MultiGeometry>
	</Placemark>
	<Placemark>
		<name>P-449</name>
		<visibility>0</visibility>
		<description><![CDATA[<div><div><span><b>Altitude:</b></span> <span>36,125 ft - 36,100 ft</span></div>
<div><span><b>Speed:</b></span> <span>391 kt - 390 kt</span></div>
<div><span><b>Timestamp:</b></span><br/><span>2024-09-23 04:09:47 UTC<br/>2024-09-23 04:10:47 UTC</span></div>
</div>]]></description>
		<Style>
			<LineStyle>
				<color>ff9600ff</color>
				<width>2</width>
			</LineStyle>
		</Style>
		<MultiGeometry>
			<LineString>
				<tessellate>1</tessellate>
				<altitudeMode>absolute</altitudeMode>
				<coordinates>
					99.77459,42.144932,11010.9 99.62882999999999,42.14296,11003.28 
				</coordinates>
			</LineString>
		</MultiGeometry>
	</Placemark>
	<Placemark>
		<name>P-450</name>
		<visibility>0</visibility>
		<description><![CDATA[<div><div><span><b>Altitude:</b></span> <span>36,100 ft - 36,075 ft</span></div>
<div><span><b>Speed:</b></span> <span>390 kt - 382 kt</span></div>
<div><span><b>Timestamp:</b></span><br/><span>2024-09-23 04:10:47 UTC<br/>2024-09-23 04:17:42 UTC</span></div>
</div>]]></description>
		<Style>
			<LineStyle>
				<color>ff9600ff</color>
				<width>2</width>
			</LineStyle>
		</Style>
		<MultiGeometry>
			<LineString>
				<tessellate>1</tessellate>
				<altitudeMode>absolute</altitudeMode>
				<coordinates>
					99.62882999999999,42.14296,11003.28 98.625328,42.12241,10995.66 
				</coordinates>
			</LineString>
		</MultiGeometry>
	</Placemark>
	<Placemark>
		<name>P-451</name>
		<visibility>0</visibility>
		<description><![CDATA[<div><div><span><b>Altitude:</b></span> <span>36,075 ft - 36,100 ft</span></div>
<div><span><b>Speed:</b></span> <span>382 kt - 381 kt</span></div>
<div><span><b>Timestamp:</b></span><br/><span>2024-09-23 04:17:42 UTC<br/>2024-09-23 04:24:38 UTC</span></div>
</div>]]></description>
		<Style>
			<LineStyle>
				<color>ff7800ff</color>
				<width>2</width>
			</LineStyle>
		</Style>
		<MultiGeometry>
			<LineString>
				<tessellate>1</tessellate>
				<altitudeMode>absolute</altitudeMode>
				<coordinates>
					98.625328,42.12241,10995.66 97.63867999999999,42.09338,11003.28 
				</coordinates>
			</LineString>
		</MultiGeometry>
	</Placemark>
	<Placemark>
		<name>P-452</name>
		<visibility>0</visibility>
		<description><![CDATA[<div><div><span><b>Altitude:</b></span> <span>36,100 ft</span></div>
<div><span><b>Speed:</b></span> <span>381 kt - 379 kt</span></div>
<div><span><b>Timestamp:</b></span><br/><span>2024-09-23 04:24:38 UTC<br/>2024-09-23 04:26:43 UTC</span></div>
</div>]]></description>
		<Style>
			<LineStyle>
				<color>ff9600ff</color>
				<width>2</width>
			</LineStyle>
		</Style>
		<MultiGeometry>
			<LineString>
				<tessellate>1</tessellate>
				<altitudeMode>absolute</altitudeMode>
				<coordinates>
					97.63867999999999,42.09338,11003.28 97.34384900000001,42.08313,11003.28 
				</coordinates>
			</LineString>
		</MultiGeometry>
	</Placemark>
	<Placemark>
		<name>P-453</name>
		<visibility>0</visibility>
		<description><![CDATA[<div><div><span><b>Altitude:</b></span> <span>36,100 ft</span></div>
<div><span><b>Speed:</b></span> <span>379 kt</span></div>
<div><span><b>Timestamp:</b></span><br/><span>2024-09-23 04:26:43 UTC<br/>2024-09-23 04:28:45 UTC</span></div>
</div>]]></description>
		<Style>
			<LineStyle>
				<color>ff9600ff</color>
				<width>2</width>
			</LineStyle>
		</Style>
		<MultiGeometry>
			<LineString>
				<tessellate>1</tessellate>
				<altitudeMode>absolute</altitudeMode>
				<coordinates>
					97.34384900000001,42.08313,11003.28 97.05647299999998,42.072651,11003.28 
				</coordinates>
			</LineString>
		</MultiGeometry>
	</Placemark>
	<Placemark>
		<name>P-454</name>
		<visibility>0</visibility>
		<description><![CDATA[<div><div><span><b>Altitude:</b></span> <span>36,100 ft</span></div>
<div><span><b>Speed:</b></span> <span>379 kt</span></div>
<div><span><b>Timestamp:</b></span><br/><span>2024-09-23 04:28:45 UTC<br/>2024-09-23 04:29:45 UTC</span></div>
</div>]]></description>
		<Style>
			<LineStyle>
				<color>ff9600ff</color>
				<width>2</width>
			</LineStyle>
		</Style>
		<MultiGeometry>
			<LineString>
				<tessellate>1</tessellate>
				<altitudeMode>absolute</altitudeMode>
				<coordinates>
					97.05647299999998,42.072651,11003.28 96.91538999999999,42.066971,11003.28 
				</coordinates>
			</LineString>
		</MultiGeometry>
	</Placemark>
	<Placemark>
		<name>P-455</name>
		<visibility>0</visibility>
		<description><![CDATA[<div><div><span><b>Altitude:</b></span> <span>36,100 ft</span></div>
<div><span><b>Speed:</b></span> <span>379 kt - 380 kt</span></div>
<div><span><b>Timestamp:</b></span><br/><span>2024-09-23 04:29:45 UTC<br/>2024-09-23 04:30:40 UTC</span></div>
</div>]]></description>
		<Style>
			<LineStyle>
				<color>ff9600ff</color>
				<width>2</width>
			</LineStyle>
		</Style>
		<MultiGeometry>
			<LineString>
				<tessellate>1</tessellate>
				<altitudeMode>absolute</altitudeMode>
				<coordinates>
					96.91538999999999,42.066971,11003.28 96.78649099999998,42.061661,11003.28 
				</coordinates>
			</LineString>
		</MultiGeometry>
	</Placemark>
	<Placemark>
		<name>P-456</name>
		<visibility>0</visibility>
		<description><![CDATA[<div><div><span><b>Altitude:</b></span> <span>36,100 ft</span></div>
<div><span><b>Speed:</b></span> <span>380 kt - 387 kt</span></div>
<div><span><b>Timestamp:</b></span><br/><span>2024-09-23 04:30:40 UTC<br/>2024-09-23 04:34:44 UTC</span></div>
</div>]]></description>
		<Style>
			<LineStyle>
				<color>ff9600ff</color>
				<width>2</width>
			</LineStyle>
		</Style>
		<MultiGeometry>
			<LineString>
				<tessellate>1</tessellate>
				<altitudeMode>absolute</altitudeMode>
				<coordinates>
					96.78649099999998,42.061661,11003.28 96.21071600000001,42.023731,11003.28 
				</coordinates>
			</LineString>
		</MultiGeometry>
	</Placemark>
	<Placemark>
		<name>P-457</name>
		<visibility>0</visibility>
		<description><![CDATA[<div><div><span><b>Altitude:</b></span> <span>36,100 ft - 36,125 ft</span></div>
<div><span><b>Speed:</b></span> <span>387 kt - 386 kt</span></div>
<div><span><b>Timestamp:</b></span><br/><span>2024-09-23 04:34:44 UTC<br/>2024-09-23 04:35:47 UTC</span></div>
</div>]]></description>
		<Style>
			<LineStyle>
				<color>ff9600ff</color>
				<width>2</width>
			</LineStyle>
		</Style>
		<MultiGeometry>
			<LineString>
				<tessellate>1</tessellate>
				<altitudeMode>absolute</altitudeMode>
				<coordinates>
					96.21071600000001,42.023731,11003.28 96.06207999999999,42.000641,11010.9 
				</coordinates>
			</LineString>
		</MultiGeometry>
	</Placemark>
	<Placemark>
		<name>P-458</name>
		<visibility>0</visibility>
		<description><![CDATA[<div><div><span><b>Altitude:</b></span> <span>36,125 ft</span></div>
<div><span><b>Speed:</b></span> <span>386 kt</span></div>
<div><span><b>Timestamp:</b></span><br/><span>2024-09-23 04:35:47 UTC<br/>2024-09-23 04:36:45 UTC</span></div>
</div>]]></description>
		<Style>
			<LineStyle>
				<color>ff9600ff</color>
				<width>2</width>
			</LineStyle>
		</Style>
		<MultiGeometry>
			<LineString>
				<tessellate>1</tessellate>
				<altitudeMode>absolute</altitudeMode>
				<coordinates>
					96.06207999999999,42.000641,11010.9 95.928062,41.979542,11010.9 
				</coordinates>
			</LineString>
		</MultiGeometry>
	</Placemark>
	<Placemark>
		<name>P-459</name>
		<visibility>0</visibility>
		<description><![CDATA[<div><div><span><b>Altitude:</b></span> <span>36,125 ft - 36,100 ft</span></div>
<div><span><b>Speed:</b></span> <span>386 kt - 383 kt</span></div>
<div><span><b>Timestamp:</b></span><br/><span>2024-09-23 04:36:45 UTC<br/>2024-09-23 04:37:45 UTC</span></div>
</div>]]></description>
		<Style>
			<LineStyle>
				<color>ff9600ff</color>
				<width>2</width>
			</LineStyle>
		</Style>
		<MultiGeometry>
			<LineString>
				<tessellate>1</tessellate>
				<altitudeMode>absolute</altitudeMode>
				<coordinates>
					95.928062,41.979542,11010.9 95.787857,41.95715,11003.28 
				</coordinates>
			</LineString>
		</MultiGeometry>
	</Placemark>
	<Placemark>
		<name>P-460</name>
		<visibility>0</visibility>
		<description><![CDATA[<div><div><span><b>Altitude:</b></span> <span>36,100 ft</span></div>
<div><span><b>Speed:</b></span> <span>383 kt - 382 kt</span></div>
<div><span><b>Timestamp:</b></span><br/><span>2024-09-23 04:37:45 UTC<br/>2024-09-23 04:38:46 UTC</span></div>
</div>]]></description>
		<Style>
			<LineStyle>
				<color>ff9600ff</color>
				<width>2</width>
			</LineStyle>
		</Style>
		<MultiGeometry>
			<LineString>
				<tessellate>1</tessellate>
				<altitudeMode>absolute</altitudeMode>
				<coordinates>
					95.787857,41.95715,11003.28 95.64601100000002,41.934441,11003.28 
				</coordinates>
			</LineString>
		</MultiGeometry>
	</Placemark>
	<Placemark>
		<name>P-461</name>
		<visibility>0</visibility>
		<description><![CDATA[<div><div><span><b>Altitude:</b></span> <span>36,100 ft - 36,075 ft</span></div>
<div><span><b>Speed:</b></span> <span>382 kt - 384 kt</span></div>
<div><span><b>Timestamp:</b></span><br/><span>2024-09-23 04:38:46 UTC<br/>2024-09-23 04:39:45 UTC</span></div>
</div>]]></description>
		<Style>
			<LineStyle>
				<color>ff9600ff</color>
				<width>2</width>
			</LineStyle>
		</Style>
		<MultiGeometry>
			<LineString>
				<tessellate>1</tessellate>
				<altitudeMode>absolute</altitudeMode>
				<coordinates>
					95.64601100000002,41.934441,11003.28 95.50939200000001,41.91238,10995.66 
				</coordinates>
			</LineString>
		</MultiGeometry>
	</Placemark>
	<Placemark>
		<name>P-462</name>
		<visibility>0</visibility>
		<description><![CDATA[<div><div><span><b>Altitude:</b></span> <span>36,075 ft - 36,100 ft</span></div>
<div><span><b>Speed:</b></span> <span>384 kt - 382 kt</span></div>
<div><span><b>Timestamp:</b></span><br/><span>2024-09-23 04:39:45 UTC<br/>2024-09-23 04:40:46 UTC</span></div>
</div>]]></description>
		<Style>
			<LineStyle>
				<color>ff7800ff</color>
				<width>2</width>
			</LineStyle>
		</Style>
		<MultiGeometry>
			<LineString>
				<tessellate>1</tessellate>
				<altitudeMode>absolute</altitudeMode>
				<coordinates>
					95.50939200000001,41.91238,10995.66 95.367012,41.898739,11003.28 
				</coordinates>
			</LineString>
		</MultiGeometry>
	</Placemark>
	<Placemark>
		<name>P-463</name>
		<visibility>0</visibility>
		<description><![CDATA[<div><div><span><b>Altitude:</b></span> <span>36,100 ft</span></div>
<div><span><b>Speed:</b></span> <span>382 kt - 383 kt</span></div>
<div><span><b>Timestamp:</b></span><br/><span>2024-09-23 04:40:46 UTC<br/>2024-09-23 04:41:46 UTC</span></div>
</div>]]></description>
		<Style>
			<LineStyle>
				<color>ff9600ff</color>
				<width>2</width>
			</LineStyle>
		</Style>
		<MultiGeometry>
			<LineString>
				<tessellate>1</tessellate>
				<altitudeMode>absolute</altitudeMode>
				<coordinates>
					95.367012,41.898739,11003.28 95.22605900000001,41.911148,11003.28 
				</coordinates>
			</LineString>
		</MultiGeometry>
	</Placemark>
	<Placemark>
		<name>P-464</name>
		<visibility>0</visibility>
		<description><![CDATA[<div><div><span><b>Altitude:</b></span> <span>36,100 ft - 36,125 ft</span></div>
<div><span><b>Speed:</b></span> <span>383 kt - 397 kt</span></div>
<div><span><b>Timestamp:</b></span><br/><span>2024-09-23 04:41:46 UTC<br/>2024-09-23 04:43:46 UTC</span></div>
</div>]]></description>
		<Style>
			<LineStyle>
				<color>ff9600ff</color>
				<width>2</width>
			</LineStyle>
		</Style>
		<MultiGeometry>
			<LineString>
				<tessellate>1</tessellate>
				<altitudeMode>absolute</altitudeMode>
				<coordinates>
					95.22605900000001,41.911148,11003.28 94.97162600000001,42.01112,11010.9 
				</coordinates>
			</LineString>
		</MultiGeometry>
	</Placemark>
	<Placemark>
		<name>P-465</name>
		<visibility>0</visibility>
		<description><![CDATA[<div><div><span><b>Altitude:</b></span> <span>36,125 ft</span></div>
<div><span><b>Speed:</b></span> <span>397 kt - 396 kt</span></div>
<div><span><b>Timestamp:</b></span><br/><span>2024-09-23 04:43:46 UTC<br/>2024-09-23 04:44:46 UTC</span></div>
</div>]]></description>
		<Style>
			<LineStyle>
				<color>ff9600ff</color>
				<width>2</width>
			</LineStyle>
		</Style>
		<MultiGeometry>
			<LineString>
				<tessellate>1</tessellate>
				<altitudeMode>absolute</altitudeMode>
				<coordinates>
					94.97162600000001,42.01112,11010.9 94.86247299999998,42.082478,11010.9 
				</coordinates>
			</LineString>
		</MultiGeometry>
	</Placemark>
	<Placemark>
		<name>P-466</name>
		<visibility>0</visibility>
		<description><![CDATA[<div><div><span><b>Altitude:</b></span> <span>36,125 ft - 36,100 ft</span></div>
<div><span><b>Speed:</b></span> <span>396 kt - 394 kt</span></div>
<div><span><b>Timestamp:</b></span><br/><span>2024-09-23 04:44:46 UTC<br/>2024-09-23 04:45:46 UTC</span></div>
</div>]]></description>
		<Style>
			<LineStyle>
				<color>ff9600ff</color>
				<width>2</width>
			</LineStyle>
		</Style>
		<MultiGeometry>
			<LineString>
				<tessellate>1</tessellate>
				<altitudeMode>absolute</altitudeMode>
				<coordinates>
					94.86247299999998,42.082478,11010.9 94.75115199999999,42.154587,11003.28 
				</coordinates>
			</LineString>
		</MultiGeometry>
	</Placemark>
	<Placemark>
		<name>P-467</name>
		<visibility>0</visibility>
		<description><![CDATA[<div><div><span><b>Altitude:</b></span> <span>36,100 ft</span></div>
<div><span><b>Speed:</b></span> <span>394 kt - 390 kt</span></div>
<div><span><b>Timestamp:</b></span><br/><span>2024-09-23 04:45:46 UTC<br/>2024-09-23 04:47:46 UTC</span></div>
</div>]]></description>
		<Style>
			<LineStyle>
				<color>ff9600ff</color>
				<width>2</width>
			</LineStyle>
		</Style>
		<MultiGeometry>
			<LineString>
				<tessellate>1</tessellate>
				<altitudeMode>absolute</altitudeMode>
				<coordinates>
					94.75115199999999,42.154587,11003.28 94.530235,42.297318,11003.28 
				</coordinates>
			</LineString>
		</MultiGeometry>
	</Placemark>
	<Placemark>
		<name>P-468</name>
		<visibility>0</visibility>
		<description><![CDATA[<div><div><span><b>Altitude:</b></span> <span>36,100 ft - 36,075 ft</span></div>
<div><span><b>Speed:</b></span> <span>390 kt - 389 kt</span></div>
<div><span><b>Timestamp:</b></span><br/><span>2024-09-23 04:47:46 UTC<br/>2024-09-23 04:48:46 UTC</span></div>
</div>]]></description>
		<Style>
			<LineStyle>
				<color>ff9600ff</color>
				<width>2</width>
			</LineStyle>
		</Style>
		<MultiGeometry>
			<LineString>
				<tessellate>1</tessellate>
				<altitudeMode>absolute</altitudeMode>
				<coordinates>
					94.530235,42.297318,11003.28 94.420464,42.367702,10995.66 
				</coordinates>
			</LineString>
		</MultiGeometry>
	</Placemark>
	<Placemark>
		<name>P-469</name>
		<visibility>0</visibility>
		<description><![CDATA[<div><div><span><b>Altitude:</b></span> <span>36,075 ft</span></div>
<div><span><b>Speed:</b></span> <span>389 kt - 391 kt</span></div>
<div><span><b>Timestamp:</b></span><br/><span>2024-09-23 04:48:46 UTC<br/>2024-09-23 04:49:46 UTC</span></div>
</div>]]></description>
		<Style>
			<LineStyle>
				<color>ff7800ff</color>
				<width>2</width>
			</LineStyle>
		</Style>
		<MultiGeometry>
			<LineString>
				<tessellate>1</tessellate>
				<altitudeMode>absolute</altitudeMode>
				<coordinates>
					94.420464,42.367702,10995.66 94.30976900000002,42.438461,10995.66 
				</coordinates>
			</LineString>
		</MultiGeometry>
	</Placemark>
	<Placemark>
		<name>P-470</name>
		<visibility>0</visibility>
		<description><![CDATA[<div><div><span><b>Altitude:</b></span> <span>36,075 ft - 36,100 ft</span></div>
<div><span><b>Speed:</b></span> <span>391 kt - 394 kt</span></div>
<div><span><b>Timestamp:</b></span><br/><span>2024-09-23 04:49:46 UTC<br/>2024-09-23 04:50:46 UTC</span></div>
</div>]]></description>
		<Style>
			<LineStyle>
				<color>ff7800ff</color>
				<width>2</width>
			</LineStyle>
		</Style>
		<MultiGeometry>
			<LineString>
				<tessellate>1</tessellate>
				<altitudeMode>absolute</altitudeMode>
				<coordinates>
					94.30976900000002,42.438461,10995.66 94.19789900000001,42.509949,11003.28 
				</coordinates>
			</LineString>
		</MultiGeometry>
	</Placemark>
	<Placemark>
		<name>P-471</name>
		<visibility>0</visibility>
		<description><![CDATA[<div><div><span><b>Altitude:</b></span> <span>36,100 ft - 36,150 ft</span></div>
<div><span><b>Speed:</b></span> <span>394 kt - 390 kt</span></div>
<div><span><b>Timestamp:</b></span><br/><span>2024-09-23 04:50:46 UTC<br/>2024-09-23 04:51:46 UTC</span></div>
</div>]]></description>
		<Style>
			<LineStyle>
				<color>ff9600ff</color>
				<width>2</width>
			</LineStyle>
		</Style>
		<MultiGeometry>
			<LineString>
				<tessellate>1</tessellate>
				<altitudeMode>absolute</altitudeMode>
				<coordinates>
					94.19789900000001,42.509949,11003.28 94.086082,42.580914,11018.52 
				</coordinates>
			</LineString>
		</MultiGeometry>
	</Placemark>
	<Placemark>
		<name>P-472</name>
		<visibility>0</visibility>
		<description><![CDATA[<div><div><span><b>Altitude:</b></span> <span>36,150 ft</span></div>
<div><span><b>Speed:</b></span> <span>390 kt - 384 kt</span></div>
<div><span><b>Timestamp:</b></span><br/><span>2024-09-23 04:51:46 UTC<br/>2024-09-23 04:52:46 UTC</span></div>
</div>]]></description>
		<Style>
			<LineStyle>
				<color>ff9600ff</color>
				<width>2</width>
			</LineStyle>
		</Style>
		<MultiGeometry>
			<LineString>
				<tessellate>1</tessellate>
				<altitudeMode>absolute</altitudeMode>
				<coordinates>
					94.086082,42.580914,11018.52 93.976112,42.650574,11018.52 
				</coordinates>
			</LineString>
		</MultiGeometry>
	</Placemark>
	<Placemark>
		<name>P-473</name>
		<visibility>0</visibility>
		<description><![CDATA[<div><div><span><b>Altitude:</b></span> <span>36,150 ft - 36,050 ft</span></div>
<div><span><b>Speed:</b></span> <span>384 kt - 377 kt</span></div>
<div><span><b>Timestamp:</b></span><br/><span>2024-09-23 04:52:46 UTC<br/>2024-09-23 04:54:46 UTC</span></div>
</div>]]></description>
		<Style>
			<LineStyle>
				<color>ff9600ff</color>
				<width>2</width>
			</LineStyle>
		</Style>
		<MultiGeometry>
			<LineString>
				<tessellate>1</tessellate>
				<altitudeMode>absolute</altitudeMode>
				<coordinates>
					93.976112,42.650574,11018.52 93.75888799999998,42.787079,10988.04 
				</coordinates>
			</LineString>
		</MultiGeometry>
	</Placemark>
	<Placemark>
		<name>P-474</name>
		<visibility>0</visibility>
		<description><![CDATA[<div><div><span><b>Altitude:</b></span> <span>36,050 ft - 36,100 ft</span></div>
<div><span><b>Speed:</b></span> <span>377 kt - 374 kt</span></div>
<div><span><b>Timestamp:</b></span><br/><span>2024-09-23 04:54:46 UTC<br/>2024-09-23 04:55:46 UTC</span></div>
</div>]]></description>
		<Style>
			<LineStyle>
				<color>ff7800ff</color>
				<width>2</width>
			</LineStyle>
		</Style>
		<MultiGeometry>
			<LineString>
				<tessellate>1</tessellate>
				<altitudeMode>absolute</altitudeMode>
				<coordinates>
					93.75888799999998,42.787079,10988.04 93.64305100000001,42.845306,11003.28 
				</coordinates>
			</LineString>
		</MultiGeometry>
	</Placemark>
	<Placemark>
		<name>P-475</name>
		<visibility>0</visibility>
		<description><![CDATA[<div><div><span><b>Altitude:</b></span> <span>36,100 ft - 36,125 ft</span></div>
<div><span><b>Speed:</b></span> <span>374 kt - 378 kt</span></div>
<div><span><b>Timestamp:</b></span><br/><span>2024-09-23 04:55:46 UTC<br/>2024-09-23 04:56:46 UTC</span></div>
</div>]]></description>
		<Style>
			<LineStyle>
				<color>ff9600ff</color>
				<width>2</width>
			</LineStyle>
		</Style>
		<MultiGeometry>
			<LineString>
				<tessellate>1</tessellate>
				<altitudeMode>absolute</altitudeMode>
				<coordinates>
					93.64305100000001,42.845306,11003.28 93.50960499999998,42.883129,11010.9 
				</coordinates>
			</LineString>
		</MultiGeometry>
	</Placemark>
	<Placemark>
		<name>P-476</name>
		<visibility>0</visibility>
		<description><![CDATA[<div><div><span><b>Altitude:</b></span> <span>36,125 ft - 36,150 ft</span></div>
<div><span><b>Speed:</b></span> <span>378 kt - 379 kt</span></div>
<div><span><b>Timestamp:</b></span><br/><span>2024-09-23 04:56:46 UTC<br/>2024-09-23 04:57:46 UTC</span></div>
</div>]]></description>
		<Style>
			<LineStyle>
				<color>ff9600ff</color>
				<width>2</width>
			</LineStyle>
		</Style>
		<MultiGeometry>
			<LineString>
				<tessellate>1</tessellate>
				<altitudeMode>absolute</altitudeMode>
				<coordinates>
					93.50960499999998,42.883129,11010.9 93.37535099999999,42.91674,11018.52 
				</coordinates>
			</LineString>
		</MultiGeometry>
	</Placemark>
	<Placemark>
		<name>P-477</name>
		<visibility>0</visibility>
		<description><![CDATA[<div><div><span><b>Altitude:</b></span> <span>36,150 ft</span></div>
<div><span><b>Speed:</b></span> <span>379 kt - 378 kt</span></div>
<div><span><b>Timestamp:</b></span><br/><span>2024-09-23 04:57:46 UTC<br/>2024-09-23 04:59:46 UTC</span></div>
</div>]]></description>
		<Style>
			<LineStyle>
				<color>ff9600ff</color>
				<width>2</width>
			</LineStyle>
		</Style>
		<MultiGeometry>
			<LineString>
				<tessellate>1</tessellate>
				<altitudeMode>absolute</altitudeMode>
				<coordinates>
					93.37535099999999,42.91674,11018.52 93.102997,42.9841,11018.52 
				</coordinates>
			</LineString>
		</MultiGeometry>
	</Placemark>
	<Placemark>
		<name>P-478</name>
		<visibility>0</visibility>
		<description><![CDATA[<div><div><span><b>Altitude:</b></span> <span>36,150 ft - 36,125 ft</span></div>
<div><span><b>Speed:</b></span> <span>378 kt - 374 kt</span></div>
<div><span><b>Timestamp:</b></span><br/><span>2024-09-23 04:59:46 UTC<br/>2024-09-23 05:00:46 UTC</span></div>
</div>]]></description>
		<Style>
			<LineStyle>
				<color>ff9600ff</color>
				<width>2</width>
			</LineStyle>
		</Style>
		<MultiGeometry>
			<LineString>
				<tessellate>1</tessellate>
				<altitudeMode>absolute</altitudeMode>
				<coordinates>
					93.102997,42.9841,11018.52 92.969444,43.017014,11010.9 
				</coordinates>
			</LineString>
		</MultiGeometry>
	</Placemark>
	<Placemark>
		<name>P-479</name>
		<visibility>0</visibility>
		<description><![CDATA[<div><div><span><b>Altitude:</b></span> <span>36,125 ft - 36,075 ft</span></div>
<div><span><b>Speed:</b></span> <span>374 kt - 386 kt</span></div>
<div><span><b>Timestamp:</b></span><br/><span>2024-09-23 05:00:46 UTC<br/>2024-09-23 05:03:46 UTC</span></div>
</div>]]></description>
		<Style>
			<LineStyle>
				<color>ff9600ff</color>
				<width>2</width>
			</LineStyle>
		</Style>
		<MultiGeometry>
			<LineString>
				<tessellate>1</tessellate>
				<altitudeMode>absolute</altitudeMode>
				<coordinates>
					92.969444,43.017014,11010.9 92.56523900000001,43.114635,10995.66 
				</coordinates>
			</LineString>
		</MultiGeometry>
	</Placemark>
	<Placemark>
		<name>P-480</name>
		<visibility>0</visibility>
		<description><![CDATA[<div><div><span><b>Altitude:</b></span> <span>36,075 ft - 36,100 ft</span></div>
<div><span><b>Speed:</b></span> <span>386 kt - 381 kt</span></div>
<div><span><b>Timestamp:</b></span><br/><span>2024-09-23 05:03:46 UTC<br/>2024-09-23 05:04:46 UTC</span></div>
</div>]]></description>
		<Style>
			<LineStyle>
				<color>ff7800ff</color>
				<width>2</width>
			</LineStyle>
		</Style>
		<MultiGeometry>
			<LineString>
				<tessellate>1</tessellate>
				<altitudeMode>absolute</altitudeMode>
				<coordinates>
					92.56523900000001,43.114635,10995.66 92.427528,43.147202,11003.28 
				</coordinates>
			</LineString>
		</MultiGeometry>
	</Placemark>
	<Placemark>
		<name>P-481</name>
		<visibility>0</visibility>
		<description><![CDATA[<div><div><span><b>Altitude:</b></span> <span>36,100 ft</span></div>
<div><span><b>Speed:</b></span> <span>381 kt - 378 kt</span></div>
<div><span><b>Timestamp:</b></span><br/><span>2024-09-23 05:04:46 UTC<br/>2024-09-23 05:05:45 UTC</span></div>
</div>]]></description>
		<Style>
			<LineStyle>
				<color>ff9600ff</color>
				<width>2</width>
			</LineStyle>
		</Style>
		<MultiGeometry>
			<LineString>
				<tessellate>1</tessellate>
				<altitudeMode>absolute</altitudeMode>
				<coordinates>
					92.427528,43.147202,11003.28 92.293465,43.179157,11003.28 
				</coordinates>
			</LineString>
		</MultiGeometry>
	</Placemark>
	<Placemark>
		<name>P-482</name>
		<visibility>0</visibility>
		<description><![CDATA[<div><div><span><b>Altitude:</b></span> <span>36,100 ft - 36,075 ft</span></div>
<div><span><b>Speed:</b></span> <span>378 kt - 380 kt</span></div>
<div><span><b>Timestamp:</b></span><br/><span>2024-09-23 05:05:45 UTC<br/>2024-09-23 05:08:45 UTC</span></div>
</div>]]></description>
		<Style>
			<LineStyle>
				<color>ff9600ff</color>
				<width>2</width>
			</LineStyle>
		</Style>
		<MultiGeometry>
			<LineString>
				<tessellate>1</tessellate>
				<altitudeMode>absolute</altitudeMode>
				<coordinates>
					92.293465,43.179157,11003.28 91.883957,43.27533,10995.66 
				</coordinates>
			</LineString>
		</MultiGeometry>
	</Placemark>
	<Placemark>
		<name>P-483</name>
		<visibility>0</visibility>
		<description><![CDATA[<div><div><span><b>Altitude:</b></span> <span>36,075 ft - 36,150 ft</span></div>
<div><span><b>Speed:</b></span> <span>380 kt - 382 kt</span></div>
<div><span><b>Timestamp:</b></span><br/><span>2024-09-23 05:08:45 UTC<br/>2024-09-23 05:09:45 UTC</span></div>
</div>]]></description>
		<Style>
			<LineStyle>
				<color>ff7800ff</color>
				<width>2</width>
			</LineStyle>
		</Style>
		<MultiGeometry>
			<LineString>
				<tessellate>1</tessellate>
				<altitudeMode>absolute</altitudeMode>
				<coordinates>
					91.883957,43.27533,10995.66 91.744591,43.307331,11018.52 
				</coordinates>
			</LineString>
		</MultiGeometry>
	</Placemark>
	<Placemark>
		<name>P-484</name>
		<visibility>0</visibility>
		<description><![CDATA[<div><div><span><b>Altitude:</b></span> <span>36,150 ft - 36,100 ft</span></div>
<div><span><b>Speed:</b></span> <span>382 kt</span></div>
<div><span><b>Timestamp:</b></span><br/><span>2024-09-23 05:09:45 UTC<br/>2024-09-23 05:11:44 UTC</span></div>
</div>]]></description>
		<Style>
			<LineStyle>
				<color>ff9600ff</color>
				<width>2</width>
			</LineStyle>
		</Style>
		<MultiGeometry>
			<LineString>
				<tessellate>1</tessellate>
				<altitudeMode>absolute</altitudeMode>
				<coordinates>
					91.744591,43.307331,11018.52 91.46961199999998,43.37059,11003.28 
				</coordinates>
			</LineString>
		</MultiGeometry>
	</Placemark>
	<Placemark>
		<name>P-485</name>
		<visibility>0</visibility>
		<description><![CDATA[<div><div><span><b>Altitude:</b></span> <span>36,100 ft</span></div>
<div><span><b>Speed:</b></span> <span>382 kt</span></div>
<div><span><b>Timestamp:</b></span><br/><span>2024-09-23 05:11:44 UTC<br/>2024-09-23 05:12:45 UTC</span></div>
</div>]]></description>
		<Style>
			<LineStyle>
				<color>ff9600ff</color>
				<width>2</width>
			</LineStyle>
		</Style>
		<MultiGeometry>
			<LineString>
				<tessellate>1</tessellate>
				<altitudeMode>absolute</altitudeMode>
				<coordinates>
					91.46961199999998,43.37059,11003.28 91.32777400000002,43.402744,11003.28 
				</coordinates>
			</LineString>
		</MultiGeometry>
	</Placemark>
	<Placemark>
		<name>P-486</name>
		<visibility>0</visibility>
		<description><![CDATA[<div><div><span><b>Altitude:</b></span> <span>36,100 ft - 36,050 ft</span></div>
<div><span><b>Speed:</b></span> <span>382 kt - 386 kt</span></div>
<div><span><b>Timestamp:</b></span><br/><span>2024-09-23 05:12:45 UTC<br/>2024-09-23 05:13:45 UTC</span></div>
</div>]]></description>
		<Style>
			<LineStyle>
				<color>ff9600ff</color>
				<width>2</width>
			</LineStyle>
		</Style>
		<MultiGeometry>
			<LineString>
				<tessellate>1</tessellate>
				<altitudeMode>absolute</altitudeMode>
				<coordinates>
					91.32777400000002,43.402744,11003.28 91.190247,43.433701,10988.04 
				</coordinates>
			</LineString>
		</MultiGeometry>
	</Placemark>
	<Placemark>
		<name>P-487</name>
		<visibility>0</visibility>
		<description><![CDATA[<div><div><span><b>Altitude:</b></span> <span>36,050 ft - 36,100 ft</span></div>
<div><span><b>Speed:</b></span> <span>386 kt - 391 kt</span></div>
<div><span><b>Timestamp:</b></span><br/><span>2024-09-23 05:13:45 UTC<br/>2024-09-23 05:14:45 UTC</span></div>
</div>]]></description>
		<Style>
			<LineStyle>
				<color>ff7800ff</color>
				<width>2</width>
			</LineStyle>
		</Style>
		<MultiGeometry>
			<LineString>
				<tessellate>1</tessellate>
				<altitudeMode>absolute</altitudeMode>
				<coordinates>
					91.190247,43.433701,10988.04 91.04734000000001,43.46571,11003.28 
				</coordinates>
			</LineString>
		</MultiGeometry>
	</Placemark>
	<Placemark>
		<name>P-488</name>
		<visibility>0</visibility>
		<description><![CDATA[<div><div><span><b>Altitude:</b></span> <span>36,100 ft - 36,150 ft</span></div>
<div><span><b>Speed:</b></span> <span>391 kt - 392 kt</span></div>
<div><span><b>Timestamp:</b></span><br/><span>2024-09-23 05:14:45 UTC<br/>2024-09-23 05:15:45 UTC</span></div>
</div>]]></description>
		<Style>
			<LineStyle>
				<color>ff9600ff</color>
				<width>2</width>
			</LineStyle>
		</Style>
		<MultiGeometry>
			<LineString>
				<tessellate>1</tessellate>
				<altitudeMode>absolute</altitudeMode>
				<coordinates>
					91.04734000000001,43.46571,11003.28 90.904083,43.497852,11018.52 
				</coordinates>
			</LineString>
		</MultiGeometry>
	</Placemark>
	<Placemark>
		<name>P-489</name>
		<visibility>0</visibility>
		<description><![CDATA[<div><div><span><b>Altitude:</b></span> <span>36,150 ft - 36,075 ft</span></div>
<div><span><b>Speed:</b></span> <span>392 kt - 389 kt</span></div>
<div><span><b>Timestamp:</b></span><br/><span>2024-09-23 05:15:45 UTC<br/>2024-09-23 05:18:44 UTC</span></div>
</div>]]></description>
		<Style>
			<LineStyle>
				<color>ff9600ff</color>
				<width>2</width>
			</LineStyle>
		</Style>
		<MultiGeometry>
			<LineString>
				<tessellate>1</tessellate>
				<altitudeMode>absolute</altitudeMode>
				<coordinates>
					90.904083,43.497852,11018.52 90.480591,43.59063,10995.66 
				</coordinates>
			</LineString>
		</MultiGeometry>
	</Placemark>
	<Placemark>
		<name>P-490</name>
		<visibility>0</visibility>
		<description><![CDATA[<div><div><span><b>Altitude:</b></span> <span>36,075 ft - 36,100 ft</span></div>
<div><span><b>Speed:</b></span> <span>389 kt - 394 kt</span></div>
<div><span><b>Timestamp:</b></span><br/><span>2024-09-23 05:18:44 UTC<br/>2024-09-23 05:25:45 UTC</span></div>
</div>]]></description>
		<Style>
			<LineStyle>
				<color>ff7800ff</color>
				<width>2</width>
			</LineStyle>
		</Style>
		<MultiGeometry>
			<LineString>
				<tessellate>1</tessellate>
				<altitudeMode>absolute</altitudeMode>
				<coordinates>
					90.480591,43.59063,10995.66 89.504402,43.859661,11003.28 
				</coordinates>
			</LineString>
		</MultiGeometry>
	</Placemark>
	<Placemark>
		<name>P-491</name>
		<visibility>0</visibility>
		<description><![CDATA[<div><div><span><b>Altitude:</b></span> <span>36,100 ft</span></div>
<div><span><b>Speed:</b></span> <span>394 kt - 406 kt</span></div>
<div><span><b>Timestamp:</b></span><br/><span>2024-09-23 05:25:45 UTC<br/>2024-09-23 05:39:45 UTC</span></div>
</div>]]></description>
		<Style>
			<LineStyle>
				<color>88000000</color>
				<width>2</width>
			</LineStyle>
		</Style>
		<MultiGeometry>
			<LineString>
				<tessellate>1</tessellate>
				<coordinates>
					89.504402,43.859661,11003.28 87.54939299999999,44.471741,11003.28 
				</coordinates>
			</LineString>
		</MultiGeometry>
	</Placemark>
	<Placemark>
		<name>P-492</name>
		<visibility>0</visibility>
		<description><![CDATA[<div><div><span><b>Altitude:</b></span> <span>36,100 ft - 36,075 ft</span></div>
<div><span><b>Speed:</b></span> <span>406 kt - 420 kt</span></div>
<div><span><b>Timestamp:</b></span><br/><span>2024-09-23 05:39:45 UTC<br/>2024-09-23 05:55:45 UTC</span></div>
</div>]]></description>
		<Style>
			<LineStyle>
				<color>88000000</color>
				<width>2</width>
			</LineStyle>
		</Style>
		<MultiGeometry>
			<LineString>
				<tessellate>1</tessellate>
				<coordinates>
					87.54939299999999,44.471741,11003.28 85.53164700000001,45.595089,10995.66 
				</coordinates>
			</LineString>
		</MultiGeometry>
	</Placemark>
	<Placemark>
		<name>P-493</name>
		<visibility>0</visibility>
		<description><![CDATA[<div><div><span><b>Altitude:</b></span> <span>36,075 ft - 36,100 ft</span></div>
<div><span><b>Speed:</b></span> <span>420 kt - 430 kt</span></div>
<div><span><b>Timestamp:</b></span><br/><span>2024-09-23 05:55:45 UTC<br/>2024-09-23 06:02:45 UTC</span></div>
</div>]]></description>
		<Style>
			<LineStyle>
				<color>ff7800ff</color>
				<width>2</width>
			</LineStyle>
		</Style>
		<MultiGeometry>
			<LineString>
				<tessellate>1</tessellate>
				<altitudeMode>absolute</altitudeMode>
				<coordinates>
					85.53164700000001,45.595089,10995.66 84.59150699999999,46.095291,11003.28 
				</coordinates>
			</LineString>
		</MultiGeometry>
	</Placemark>
	<Placemark>
		<name>P-494</name>
		<visibility>0</visibility>
		<description><![CDATA[<div><div><span><b>Altitude:</b></span> <span>36,100 ft</span></div>
<div><span><b>Speed:</b></span> <span>430 kt - 428 kt</span></div>
<div><span><b>Timestamp:</b></span><br/><span>2024-09-23 06:02:45 UTC<br/>2024-09-23 06:04:45 UTC</span></div>
</div>]]></description>
		<Style>
			<LineStyle>
				<color>ff9600ff</color>
				<width>2</width>
			</LineStyle>
		</Style>
		<MultiGeometry>
			<LineString>
				<tessellate>1</tessellate>
				<altitudeMode>absolute</altitudeMode>
				<coordinates>
					84.59150699999999,46.095291,11003.28 84.316582,46.238338,11003.28 
				</coordinates>
			</LineString>
		</MultiGeometry>
	</Placemark>
	<Placemark>
		<name>P-495</name>
		<visibility>0</visibility>
		<description><![CDATA[<div><div><span><b>Altitude:</b></span> <span>36,100 ft</span></div>
<div><span><b>Speed:</b></span> <span>428 kt - 426 kt</span></div>
<div><span><b>Timestamp:</b></span><br/><span>2024-09-23 06:04:45 UTC<br/>2024-09-23 06:05:45 UTC</span></div>
</div>]]></description>
		<Style>
			<LineStyle>
				<color>ff9600ff</color>
				<width>2</width>
			</LineStyle>
		</Style>
		<MultiGeometry>
			<LineString>
				<tessellate>1</tessellate>
				<altitudeMode>absolute</altitudeMode>
				<coordinates>
					84.316582,46.238338,11003.28 84.181091,46.309471,11003.28 
				</coordinates>
			</LineString>
		</MultiGeometry>
	</Placemark>
	<Placemark>
		<name>P-496</name>
		<visibility>0</visibility>
		<description><![CDATA[<div><div><span><b>Altitude:</b></span> <span>36,100 ft</span></div>
<div><span><b>Speed:</b></span> <span>426 kt - 428 kt</span></div>
<div><span><b>Timestamp:</b></span><br/><span>2024-09-23 06:05:45 UTC<br/>2024-09-23 06:07:45 UTC</span></div>
</div>]]></description>
		<Style>
			<LineStyle>
				<color>ff9600ff</color>
				<width>2</width>
			</LineStyle>
		</Style>
		<MultiGeometry>
			<LineString>
				<tessellate>1</tessellate>
				<altitudeMode>absolute</altitudeMode>
				<coordinates>
					84.181091,46.309471,11003.28 83.905952,46.44936,11003.28 
				</coordinates>
			</LineString>
		</MultiGeometry>
	</Placemark>
	<Placemark>
		<name>P-497</name>
		<visibility>0</visibility>
		<description><![CDATA[<div><div><span><b>Altitude:</b></span> <span>36,100 ft</span></div>
<div><span><b>Speed:</b></span> <span>428 kt - 427 kt</span></div>
<div><span><b>Timestamp:</b></span><br/><span>2024-09-23 06:07:45 UTC<br/>2024-09-23 06:08:45 UTC</span></div>
</div>]]></description>
		<Style>
			<LineStyle>
				<color>ff9600ff</color>
				<width>2</width>
			</LineStyle>
		</Style>
		<MultiGeometry>
			<LineString>
				<tessellate>1</tessellate>
				<altitudeMode>absolute</altitudeMode>
				<coordinates>
					83.905952,46.44936,11003.28 83.76821099999999,46.519909,11003.28 
				</coordinates>
			</LineString>
		</MultiGeometry>
	</Placemark>
	<Placemark>
		<name>P-498</name>
		<visibility>0</visibility>
		<description><![CDATA[<div><div><span><b>Altitude:</b></span> <span>36,100 ft - 36,075 ft</span></div>
<div><span><b>Speed:</b></span> <span>427 kt - 435 kt</span></div>
<div><span><b>Timestamp:</b></span><br/><span>2024-09-23 06:08:45 UTC<br/>2024-09-23 06:10:46 UTC</span></div>
</div>]]></description>
		<Style>
			<LineStyle>
				<color>ff9600ff</color>
				<width>2</width>
			</LineStyle>
		</Style>
		<MultiGeometry>
			<LineString>
				<tessellate>1</tessellate>
				<altitudeMode>absolute</altitudeMode>
				<coordinates>
					83.76821099999999,46.519909,11003.28 83.485184,46.662521,10995.66 
				</coordinates>
			</LineString>
		</MultiGeometry>
	</Placemark>
	<Placemark>
		<name>P-499</name>
		<visibility>0</visibility>
		<description><![CDATA[<div><div><span><b>Altitude:</b></span> <span>36,075 ft - 36,125 ft</span></div>
<div><span><b>Speed:</b></span> <span>435 kt - 436 kt</span></div>
<div><span><b>Timestamp:</b></span><br/><span>2024-09-23 06:10:46 UTC<br/>2024-09-23 06:11:46 UTC</span></div>
</div>]]></description>
		<Style>
			<LineStyle>
				<color>ff7800ff</color>
				<width>2</width>
			</LineStyle>
		</Style>
		<MultiGeometry>
			<LineString>
				<tessellate>1</tessellate>
				<altitudeMode>absolute</altitudeMode>
				<coordinates>
					83.485184,46.662521,10995.66 83.339737,46.73025100000001,11010.9 
				</coordinates>
			</LineString>
		</MultiGeometry>
	</Placemark>
	<Placemark>
		<name>P-500</name>
		<visibility>0</visibility>
		<description><![CDATA[<div><div><span><b>Altitude:</b></span> <span>36,125 ft - 36,075 ft</span></div>
<div><span><b>Speed:</b></span> <span>436 kt - 442 kt</span></div>
<div><span><b>Timestamp:</b></span><br/><span>2024-09-23 06:11:46 UTC<br/>2024-09-23 06:12:46 UTC</span></div>
</div>]]></description>
		<Style>
			<LineStyle>
				<color>ff9600ff</color>
				<width>2</width>
			</LineStyle>
		</Style>
		<MultiGeometry>
			<LineString>
				<tessellate>1</tessellate>
				<altitudeMode>absolute</altitudeMode>
				<coordinates>
					83.339737,46.73025100000001,11010.9 83.18948399999999,46.79517,10995.66 
				</coordinates>
			</LineString>
		</MultiGeometry>
	</Placemark>
	<Placemark>
		<name>P-501</name>
		<visibility>0</visibility>
		<description><![CDATA[<div><div><span><b>Altitude:</b></span> <span>36,075 ft - 36,000 ft</span></div>
<div><span><b>Speed:</b></span> <span>442 kt - 434 kt</span></div>
<div><span><b>Timestamp:</b></span><br/><span>2024-09-23 06:12:46 UTC<br/>2024-09-23 06:20:42 UTC</span></div>
</div>]]></description>
		<Style>
			<LineStyle>
				<color>ff7800ff</color>
				<width>2</width>
			</LineStyle>
		</Style>
		<MultiGeometry>
			<LineString>
				<tessellate>1</tessellate>
				<altitudeMode>absolute</altitudeMode>
				<coordinates>
					83.18948399999999,46.79517,10995.66 81.831177,47.020569,10972.8 
				</coordinates>
			</LineString>
		</MultiGeometry>
	</Placemark>
	<Placemark>
		<name>P-502</name>
		<visibility>0</visibility>
		<description><![CDATA[<div><div><span><b>Altitude:</b></span> <span>36,000 ft</span></div>
<div><span><b>Speed:</b></span> <span>434 kt</span></div>
<div><span><b>Timestamp:</b></span><br/><span>2024-09-23 06:20:42 UTC<br/>2024-09-23 06:21:42 UTC</span></div>
</div>]]></description>
		<Style>
			<LineStyle>
				<color>ff7800ff</color>
				<width>2</width>
			</LineStyle>
		</Style>
		<MultiGeometry>
			<LineString>
				<tessellate>1</tessellate>
				<altitudeMode>absolute</altitudeMode>
				<coordinates>
					81.831177,47.020569,10972.8 81.658913,47.036289,10972.8 
				</coordinates>
			</LineString>
		</MultiGeometry>
	</Placemark>
	<Placemark>
		<name>P-503</name>
		<visibility>0</visibility>
		<description><![CDATA[<div><div><span><b>Altitude:</b></span> <span>36,000 ft - 35,975 ft</span></div>
<div><span><b>Speed:</b></span> <span>434 kt - 433 kt</span></div>
<div><span><b>Timestamp:</b></span><br/><span>2024-09-23 06:21:42 UTC<br/>2024-09-23 06:22:44 UTC</span></div>
</div>]]></description>
		<Style>
			<LineStyle>
				<color>ff7800ff</color>
				<width>2</width>
			</LineStyle>
		</Style>
		<MultiGeometry>
			<LineString>
				<tessellate>1</tessellate>
				<altitudeMode>absolute</altitudeMode>
				<coordinates>
					81.658913,47.036289,10972.8 81.477417,47.052841,10965.18 
				</coordinates>
			</LineString>
		</MultiGeometry>
	</Placemark>
	<Placemark>
		<name>P-504</name>
		<visibility>0</visibility>
		<description><![CDATA[<div><div><span><b>Altitude:</b></span> <span>35,975 ft</span></div>
<div><span><b>Speed:</b></span> <span>433 kt - 434 kt</span></div>
<div><span><b>Timestamp:</b></span><br/><span>2024-09-23 06:22:44 UTC<br/>2024-09-23 06:23:39 UTC</span></div>
</div>]]></description>
		<Style>
			<LineStyle>
				<color>ff7800ff</color>
				<width>2</width>
			</LineStyle>
		</Style>
		<MultiGeometry>
			<LineString>
				<tessellate>1</tessellate>
				<altitudeMode>absolute</altitudeMode>
				<coordinates>
					81.477417,47.052841,10965.18 81.31881,47.06699,10965.18 
				</coordinates>
			</LineString>
		</MultiGeometry>
	</Placemark>
	<Placemark>
		<name>P-505</name>
		<visibility>0</visibility>
		<description><![CDATA[<div><div><span><b>Altitude:</b></span> <span>35,975 ft - 36,000 ft</span></div>
<div><span><b>Speed:</b></span> <span>434 kt - 435 kt</span></div>
<div><span><b>Timestamp:</b></span><br/><span>2024-09-23 06:23:39 UTC<br/>2024-09-23 06:24:47 UTC</span></div>
</div>]]></description>
		<Style>
			<LineStyle>
				<color>ff7800ff</color>
				<width>2</width>
			</LineStyle>
		</Style>
		<MultiGeometry>
			<LineString>
				<tessellate>1</tessellate>
				<altitudeMode>absolute</altitudeMode>
				<coordinates>
					81.31881,47.06699,10965.18 81.118584,47.08433899999999,10972.8 
				</coordinates>
			</LineString>
		</MultiGeometry>
	</Placemark>
	<Placemark>
		<name>P-506</name>
		<visibility>0</visibility>
		<description><![CDATA[<div><div><span><b>Altitude:</b></span> <span>36,000 ft</span></div>
<div><span><b>Speed:</b></span> <span>435 kt</span></div>
<div><span><b>Timestamp:</b></span><br/><span>2024-09-23 06:24:47 UTC<br/>2024-09-23 06:25:31 UTC</span></div>
</div>]]></description>
		<Style>
			<LineStyle>
				<color>ff7800ff</color>
				<width>2</width>
			</LineStyle>
		</Style>
		<MultiGeometry>
			<LineString>
				<tessellate>1</tessellate>
				<altitudeMode>absolute</altitudeMode>
				<coordinates>
					81.118584,47.08433899999999,10972.8 80.991142,47.095001,10972.8 
				</coordinates>
			</LineString>
		</MultiGeometry>
	</Placemark>
	<Placemark>
		<name>P-507</name>
		<visibility>0</visibility>
		<description><![CDATA[<div><div><span><b>Altitude:</b></span> <span>36,000 ft - 36,025 ft</span></div>
<div><span><b>Speed:</b></span> <span>435 kt</span></div>
<div><span><b>Timestamp:</b></span><br/><span>2024-09-23 06:25:31 UTC<br/>2024-09-23 06:26:12 UTC</span></div>
</div>]]></description>
		<Style>
			<LineStyle>
				<color>ff7800ff</color>
				<width>2</width>
			</LineStyle>
		</Style>
		<MultiGeometry>
			<LineString>
				<tessellate>1</tessellate>
				<altitudeMode>absolute</altitudeMode>
				<coordinates>
					80.991142,47.095001,10972.8 80.869095,47.10578900000001,10980.42 
				</coordinates>
			</LineString>
		</MultiGeometry>
	</Placemark>
	<Placemark>
		<name>P-508</name>
		<visibility>0</visibility>
		<description><![CDATA[<div><div><span><b>Altitude:</b></span> <span>36,025 ft - 36,000 ft</span></div>
<div><span><b>Speed:</b></span> <span>435 kt</span></div>
<div><span><b>Timestamp:</b></span><br/><span>2024-09-23 06:26:12 UTC<br/>2024-09-23 06:26:46 UTC</span></div>
</div>]]></description>
		<Style>
			<LineStyle>
				<color>ff7800ff</color>
				<width>2</width>
			</LineStyle>
		</Style>
		<MultiGeometry>
			<LineString>
				<tessellate>1</tessellate>
				<altitudeMode>absolute</altitudeMode>
				<coordinates>
					80.869095,47.10578900000001,10980.42 80.771698,47.114124,10972.8 
				</coordinates>
			</LineString>
		</MultiGeometry>
	</Placemark>
	<Placemark>
		<name>P-509</name>
		<visibility>0</visibility>
		<description><![CDATA[<div><div><span><b>Altitude:</b></span> <span>36,000 ft - 36,025 ft</span></div>
<div><span><b>Speed:</b></span> <span>435 kt</span></div>
<div><span><b>Timestamp:</b></span><br/><span>2024-09-23 06:26:46 UTC<br/>2024-09-23 06:27:17 UTC</span></div>
</div>]]></description>
		<Style>
			<LineStyle>
				<color>ff7800ff</color>
				<width>2</width>
			</LineStyle>
		</Style>
		<MultiGeometry>
			<LineString>
				<tessellate>1</tessellate>
				<altitudeMode>absolute</altitudeMode>
				<coordinates>
					80.771698,47.114124,10972.8 80.679794,47.121853,10980.42 
				</coordinates>
			</LineString>
		</MultiGeometry>
	</Placemark>
	<Placemark>
		<name>P-510</name>
		<visibility>0</visibility>
		<description><![CDATA[<div><div><span><b>Altitude:</b></span> <span>36,025 ft - 36,000 ft</span></div>
<div><span><b>Speed:</b></span> <span>435 kt - 434 kt</span></div>
<div><span><b>Timestamp:</b></span><br/><span>2024-09-23 06:27:17 UTC<br/>2024-09-23 06:27:49 UTC</span></div>
</div>]]></description>
		<Style>
			<LineStyle>
				<color>ff7800ff</color>
				<width>2</width>
			</LineStyle>
		</Style>
		<MultiGeometry>
			<LineString>
				<tessellate>1</tessellate>
				<altitudeMode>absolute</altitudeMode>
				<coordinates>
					80.679794,47.121853,10980.42 80.58704400000001,47.129391,10972.8 
				</coordinates>
			</LineString>
		</MultiGeometry>
	</Placemark>
	<Placemark>
		<name>P-511</name>
		<visibility>0</visibility>
		<description><![CDATA[<div><div><span><b>Altitude:</b></span> <span>36,000 ft</span></div>
<div><span><b>Speed:</b></span> <span>434 kt - 433 kt</span></div>
<div><span><b>Timestamp:</b></span><br/><span>2024-09-23 06:27:49 UTC<br/>2024-09-23 06:28:21 UTC</span></div>
</div>]]></description>
		<Style>
			<LineStyle>
				<color>ff7800ff</color>
				<width>2</width>
			</LineStyle>
		</Style>
		<MultiGeometry>
			<LineString>
				<tessellate>1</tessellate>
				<altitudeMode>absolute</altitudeMode>
				<coordinates>
					80.58704400000001,47.129391,10972.8 80.493942,47.136932,10972.8 
				</coordinates>
			</LineString>
		</MultiGeometry>
	</Placemark>
	<Placemark>
		<name>P-512</name>
		<visibility>0</visibility>
		<description><![CDATA[<div><div><span><b>Altitude:</b></span> <span>36,000 ft</span></div>
<div><span><b>Speed:</b></span> <span>433 kt</span></div>
<div><span><b>Timestamp:</b></span><br/><span>2024-09-23 06:28:21 UTC<br/>2024-09-23 06:28:52 UTC</span></div>
</div>]]></description>
		<Style>
			<LineStyle>
				<color>ff7800ff</color>
				<width>2</width>
			</LineStyle>
		</Style>
		<MultiGeometry>
			<LineString>
				<tessellate>1</tessellate>
				<altitudeMode>absolute</altitudeMode>
				<coordinates>
					80.493942,47.136932,10972.8 80.40252700000001,47.14447400000001,10972.8 
				</coordinates>
			</LineString>
		</MultiGeometry>
	</Placemark>
	<Placemark>
		<name>P-513</name>
		<visibility>0</visibility>
		<description><![CDATA[<div><div><span><b>Altitude:</b></span> <span>36,000 ft - 35,975 ft</span></div>
<div><span><b>Speed:</b></span> <span>433 kt - 432 kt</span></div>
<div><span><b>Timestamp:</b></span><br/><span>2024-09-23 06:28:52 UTC<br/>2024-09-23 06:29:24 UTC</span></div>
</div>]]></description>
		<Style>
			<LineStyle>
				<color>ff7800ff</color>
				<width>2</width>
			</LineStyle>
		</Style>
		<MultiGeometry>
			<LineString>
				<tessellate>1</tessellate>
				<altitudeMode>absolute</altitudeMode>
				<coordinates>
					80.40252700000001,47.14447400000001,10972.8 80.31034099999999,47.152065,10965.18 
				</coordinates>
			</LineString>
		</MultiGeometry>
	</Placemark>
	<Placemark>
		<name>P-514</name>
		<visibility>0</visibility>
		<description><![CDATA[<div><div><span><b>Altitude:</b></span> <span>35,975 ft</span></div>
<div><span><b>Speed:</b></span> <span>432 kt - 433 kt</span></div>
<div><span><b>Timestamp:</b></span><br/><span>2024-09-23 06:29:24 UTC<br/>2024-09-23 06:29:55 UTC</span></div>
</div>]]></description>
		<Style>
			<LineStyle>
				<color>ff7800ff</color>
				<width>2</width>
			</LineStyle>
		</Style>
		<MultiGeometry>
			<LineString>
				<tessellate>1</tessellate>
				<altitudeMode>absolute</altitudeMode>
				<coordinates>
					80.31034099999999,47.152065,10965.18 80.219635,47.159046,10965.18 
				</coordinates>
			</LineString>
		</MultiGeometry>
	</Placemark>
	<Placemark>
		<name>P-515</name>
		<visibility>0</visibility>
		<description><![CDATA[<div><div><span><b>Altitude:</b></span> <span>35,975 ft - 36,000 ft</span></div>
<div><span><b>Speed:</b></span> <span>433 kt</span></div>
<div><span><b>Timestamp:</b></span><br/><span>2024-09-23 06:29:55 UTC<br/>2024-09-23 06:30:26 UTC</span></div>
</div>]]></description>
		<Style>
			<LineStyle>
				<color>ff7800ff</color>
				<width>2</width>
			</LineStyle>
		</Style>
		<MultiGeometry>
			<LineString>
				<tessellate>1</tessellate>
				<altitudeMode>absolute</altitudeMode>
				<coordinates>
					80.219635,47.159046,10965.18 80.128647,47.165936,10972.8 
				</coordinates>
			</LineString>
		</MultiGeometry>
	</Placemark>
	<Placemark>
		<name>P-516</name>
		<visibility>0</visibility>
		<description><![CDATA[<div><div><span><b>Altitude:</b></span> <span>36,000 ft</span></div>
<div><span><b>Speed:</b></span> <span>433 kt</span></div>
<div><span><b>Timestamp:</b></span><br/><span>2024-09-23 06:30:26 UTC<br/>2024-09-23 06:30:58 UTC</span></div>
</div>]]></description>
		<Style>
			<LineStyle>
				<color>ff7800ff</color>
				<width>2</width>
			</LineStyle>
		</Style>
		<MultiGeometry>
			<LineString>
				<tessellate>1</tessellate>
				<altitudeMode>absolute</altitudeMode>
				<coordinates>
					80.128647,47.165936,10972.8 80.037514,47.17287100000001,10972.8 
				</coordinates>
			</LineString>
		</MultiGeometry>
	</Placemark>
	<Placemark>
		<name>P-517</name>
		<visibility>0</visibility>
		<description><![CDATA[<div><div><span><b>Altitude:</b></span> <span>36,000 ft</span></div>
<div><span><b>Speed:</b></span> <span>433 kt</span></div>
<div><span><b>Timestamp:</b></span><br/><span>2024-09-23 06:30:58 UTC<br/>2024-09-23 06:31:28 UTC</span></div>
</div>]]></description>
		<Style>
			<LineStyle>
				<color>ff7800ff</color>
				<width>2</width>
			</LineStyle>
		</Style>
		<MultiGeometry>
			<LineString>
				<tessellate>1</tessellate>
				<altitudeMode>absolute</altitudeMode>
				<coordinates>
					80.037514,47.17287100000001,10972.8 79.949341,47.179764,10972.8 
				</coordinates>
			</LineString>
		</MultiGeometry>
	</Placemark>
	<Placemark>
		<name>P-518</name>
		<visibility>0</visibility>
		<description><![CDATA[<div><div><span><b>Altitude:</b></span> <span>36,000 ft</span></div>
<div><span><b>Speed:</b></span> <span>433 kt</span></div>
<div><span><b>Timestamp:</b></span><br/><span>2024-09-23 06:31:28 UTC<br/>2024-09-23 06:31:47 UTC</span></div>
</div>]]></description>
		<Style>
			<LineStyle>
				<color>ff7800ff</color>
				<width>2</width>
			</LineStyle>
		</Style>
		<MultiGeometry>
			<LineString>
				<tessellate>1</tessellate>
				<altitudeMode>absolute</altitudeMode>
				<coordinates>
					79.949341,47.179764,10972.8 79.892303,47.18421899999999,10972.8 
				</coordinates>
			</LineString>
		</MultiGeometry>
	</Placemark>
	<Placemark>
		<name>P-519</name>
		<visibility>0</visibility>
		<description><![CDATA[<div><div><span><b>Altitude:</b></span> <span>36,000 ft</span></div>
<div><span><b>Speed:</b></span> <span>433 kt - 432 kt</span></div>
<div><span><b>Timestamp:</b></span><br/><span>2024-09-23 06:31:47 UTC<br/>2024-09-23 06:33:16 UTC</span></div>
</div>]]></description>
		<Style>
			<LineStyle>
				<color>ff7800ff</color>
				<width>2</width>
			</LineStyle>
		</Style>
		<MultiGeometry>
			<LineString>
				<tessellate>1</tessellate>
				<altitudeMode>absolute</altitudeMode>
				<coordinates>
					79.892303,47.18421899999999,10972.8 79.634193,47.204021,10972.8 
				</coordinates>
			</LineString>
		</MultiGeometry>
	</Placemark>
	<Placemark>
		<name>P-520</name>
		<visibility>0</visibility>
		<description><![CDATA[<div><div><span><b>Altitude:</b></span> <span>36,000 ft - 35,975 ft</span></div>
<div><span><b>Speed:</b></span> <span>432 kt - 433 kt</span></div>
<div><span><b>Timestamp:</b></span><br/><span>2024-09-23 06:33:16 UTC<br/>2024-09-23 06:34:36 UTC</span></div>
</div>]]></description>
		<Style>
			<LineStyle>
				<color>ff7800ff</color>
				<width>2</width>
			</LineStyle>
		</Style>
		<MultiGeometry>
			<LineString>
				<tessellate>1</tessellate>
				<altitudeMode>absolute</altitudeMode>
				<coordinates>
					79.634193,47.204021,10972.8 79.399704,47.221848,10965.18 
				</coordinates>
			</LineString>
		</MultiGeometry>
	</Placemark>
	<Placemark>
		<name>P-521</name>
		<visibility>0</visibility>
		<description><![CDATA[<div><div><span><b>Altitude:</b></span> <span>35,975 ft - 36,000 ft</span></div>
<div><span><b>Speed:</b></span> <span>433 kt - 434 kt</span></div>
<div><span><b>Timestamp:</b></span><br/><span>2024-09-23 06:34:36 UTC<br/>2024-09-23 06:35:09 UTC</span></div>
</div>]]></description>
		<Style>
			<LineStyle>
				<color>ff7800ff</color>
				<width>2</width>
			</LineStyle>
		</Style>
		<MultiGeometry>
			<LineString>
				<tessellate>1</tessellate>
				<altitudeMode>absolute</altitudeMode>
				<coordinates>
					79.399704,47.221848,10965.18 79.303894,47.22868699999999,10972.8 
				</coordinates>
			</LineString>
		</MultiGeometry>
	</Placemark>
	<Placemark>
		<name>P-522</name>
		<visibility>0</visibility>
		<description><![CDATA[<div><div><span><b>Altitude:</b></span> <span>36,000 ft</span></div>
<div><span><b>Speed:</b></span> <span>434 kt - 433 kt</span></div>
<div><span><b>Timestamp:</b></span><br/><span>2024-09-23 06:35:09 UTC<br/>2024-09-23 06:35:41 UTC</span></div>
</div>]]></description>
		<Style>
			<LineStyle>
				<color>ff7800ff</color>
				<width>2</width>
			</LineStyle>
		</Style>
		<MultiGeometry>
			<LineString>
				<tessellate>1</tessellate>
				<altitudeMode>absolute</altitudeMode>
				<coordinates>
					79.303894,47.22868699999999,10972.8 79.209023,47.235718,10972.8 
				</coordinates>
			</LineString>
		</MultiGeometry>
	</Placemark>
	<Placemark>
		<name>P-523</name>
		<visibility>0</visibility>
		<description><![CDATA[<div><div><span><b>Altitude:</b></span> <span>36,000 ft</span></div>
<div><span><b>Speed:</b></span> <span>433 kt - 434 kt</span></div>
<div><span><b>Timestamp:</b></span><br/><span>2024-09-23 06:35:41 UTC<br/>2024-09-23 06:36:13 UTC</span></div>
</div>]]></description>
		<Style>
			<LineStyle>
				<color>ff7800ff</color>
				<width>2</width>
			</LineStyle>
		</Style>
		<MultiGeometry>
			<LineString>
				<tessellate>1</tessellate>
				<altitudeMode>absolute</altitudeMode>
				<coordinates>
					79.209023,47.235718,10972.8 79.117622,47.24223300000001,10972.8 
				</coordinates>
			</LineString>
		</MultiGeometry>
	</Placemark>
	<Placemark>
		<name>P-524</name>
		<visibility>0</visibility>
		<description><![CDATA[<div><div><span><b>Altitude:</b></span> <span>36,000 ft - 36,025 ft</span></div>
<div><span><b>Speed:</b></span> <span>434 kt - 433 kt</span></div>
<div><span><b>Timestamp:</b></span><br/><span>2024-09-23 06:36:13 UTC<br/>2024-09-23 06:36:44 UTC</span></div>
</div>]]></description>
		<Style>
			<LineStyle>
				<color>ff7800ff</color>
				<width>2</width>
			</LineStyle>
		</Style>
		<MultiGeometry>
			<LineString>
				<tessellate>1</tessellate>
				<altitudeMode>absolute</altitudeMode>
				<coordinates>
					79.117622,47.24223300000001,10972.8 79.02555099999999,47.248535,10980.42 
				</coordinates>
			</LineString>
		</MultiGeometry>
	</Placemark>
	<Placemark>
		<name>P-525</name>
		<visibility>0</visibility>
		<description><![CDATA[<div><div><span><b>Altitude:</b></span> <span>36,025 ft</span></div>
<div><span><b>Speed:</b></span> <span>433 kt - 432 kt</span></div>
<div><span><b>Timestamp:</b></span><br/><span>2024-09-23 06:36:44 UTC<br/>2024-09-23 06:37:15 UTC</span></div>
</div>]]></description>
		<Style>
			<LineStyle>
				<color>ff7800ff</color>
				<width>2</width>
			</LineStyle>
		</Style>
		<MultiGeometry>
			<LineString>
				<tessellate>1</tessellate>
				<altitudeMode>absolute</altitudeMode>
				<coordinates>
					79.02555099999999,47.248535,10980.42 78.93512,47.254715,10980.42 
				</coordinates>
			</LineString>
		</MultiGeometry>
	</Placemark>
	<Placemark>
		<name>P-526</name>
		<visibility>0</visibility>
		<description><![CDATA[<div><div><span><b>Altitude:</b></span> <span>36,025 ft - 35,975 ft</span></div>
<div><span><b>Speed:</b></span> <span>432 kt - 434 kt</span></div>
<div><span><b>Timestamp:</b></span><br/><span>2024-09-23 06:37:15 UTC<br/>2024-09-23 06:37:48 UTC</span></div>
</div>]]></description>
		<Style>
			<LineStyle>
				<color>ff7800ff</color>
				<width>2</width>
			</LineStyle>
		</Style>
		<MultiGeometry>
			<LineString>
				<tessellate>1</tessellate>
				<altitudeMode>absolute</altitudeMode>
				<coordinates>
					78.93512,47.254715,10980.42 78.84077499999999,47.260986,10965.18 
				</coordinates>
			</LineString>
		</MultiGeometry>
	</Placemark>
	<Placemark>
		<name>P-527</name>
		<visibility>0</visibility>
		<description><![CDATA[<div><div><span><b>Altitude:</b></span> <span>35,975 ft</span></div>
<div><span><b>Speed:</b></span> <span>434 kt</span></div>
<div><span><b>Timestamp:</b></span><br/><span>2024-09-23 06:37:48 UTC<br/>2024-09-23 06:38:19 UTC</span></div>
</div>]]></description>
		<Style>
			<LineStyle>
				<color>ff7800ff</color>
				<width>2</width>
			</LineStyle>
		</Style>
		<MultiGeometry>
			<LineString>
				<tessellate>1</tessellate>
				<altitudeMode>absolute</altitudeMode>
				<coordinates>
					78.84077499999999,47.260986,10965.18 78.74809999999999,47.267048,10965.18 
				</coordinates>
			</LineString>
		</MultiGeometry>
	</Placemark>
	<Placemark>
		<name>P-528</name>
		<visibility>0</visibility>
		<description><![CDATA[<div><div><span><b>Altitude:</b></span> <span>35,975 ft - 36,000 ft</span></div>
<div><span><b>Speed:</b></span> <span>434 kt - 421 kt</span></div>
<div><span><b>Timestamp:</b></span><br/><span>2024-09-23 06:38:19 UTC<br/>2024-09-23 07:05:37 UTC</span></div>
</div>]]></description>
		<Style>
			<LineStyle>
				<color>88000000</color>
				<width>2</width>
			</LineStyle>
		</Style>
		<MultiGeometry>
			<LineString>
				<tessellate>1</tessellate>
				<coordinates>
					78.74809999999999,47.267048,10965.18 74.006653,47.63026,10972.8 
				</coordinates>
			</LineString>
		</MultiGeometry>
	</Placemark>
	<Placemark>
		<name>P-529</name>
		<visibility>0</visibility>
		<description><![CDATA[<div><div><span><b>Altitude:</b></span> <span>36,000 ft</span></div>
<div><span><b>Speed:</b></span> <span>421 kt - 420 kt</span></div>
<div><span><b>Timestamp:</b></span><br/><span>2024-09-23 07:05:37 UTC<br/>2024-09-23 07:06:08 UTC</span></div>
</div>]]></description>
		<Style>
			<LineStyle>
				<color>ff7800ff</color>
				<width>2</width>
			</LineStyle>
		</Style>
		<MultiGeometry>
			<LineString>
				<tessellate>1</tessellate>
				<altitudeMode>absolute</altitudeMode>
				<coordinates>
					74.006653,47.63026,10972.8 73.91793800000001,47.6353,10972.8 
				</coordinates>
			</LineString>
		</MultiGeometry>
	</Placemark>
	<Placemark>
		<name>P-530</name>
		<visibility>0</visibility>
		<description><![CDATA[<div><div><span><b>Altitude:</b></span> <span>36,000 ft</span></div>
<div><span><b>Speed:</b></span> <span>420 kt</span></div>
<div><span><b>Timestamp:</b></span><br/><span>2024-09-23 07:06:08 UTC<br/>2024-09-23 07:07:05 UTC</span></div>
</div>]]></description>
		<Style>
			<LineStyle>
				<color>ff7800ff</color>
				<width>2</width>
			</LineStyle>
		</Style>
		<MultiGeometry>
			<LineString>
				<tessellate>1</tessellate>
				<altitudeMode>absolute</altitudeMode>
				<coordinates>
					73.91793800000001,47.6353,10972.8 73.76016199999999,47.64402799999999,10972.8 
				</coordinates>
			</LineString>
		</MultiGeometry>
	</Placemark>
	<Placemark>
		<name>P-531</name>
		<visibility>0</visibility>
		<description><![CDATA[<div><div><span><b>Altitude:</b></span> <span>36,000 ft</span></div>
<div><span><b>Speed:</b></span> <span>420 kt</span></div>
<div><span><b>Timestamp:</b></span><br/><span>2024-09-23 07:07:05 UTC<br/>2024-09-23 07:07:39 UTC</span></div>
</div>]]></description>
		<Style>
			<LineStyle>
				<color>ff7800ff</color>
				<width>2</width>
			</LineStyle>
		</Style>
		<MultiGeometry>
			<LineString>
				<tessellate>1</tessellate>
				<altitudeMode>absolute</altitudeMode>
				<coordinates>
					73.76016199999999,47.64402799999999,10972.8 73.657135,47.649612,10972.8 
				</coordinates>
			</LineString>
		</MultiGeometry>
	</Placemark>
	<Placemark>
		<name>P-532</name>
		<visibility>0</visibility>
		<description><![CDATA[<div><div><span><b>Altitude:</b></span> <span>36,000 ft</span></div>
<div><span><b>Speed:</b></span> <span>420 kt - 416 kt</span></div>
<div><span><b>Timestamp:</b></span><br/><span>2024-09-23 07:07:39 UTC<br/>2024-09-23 07:12:47 UTC</span></div>
</div>]]></description>
		<Style>
			<LineStyle>
				<color>ff7800ff</color>
				<width>2</width>
			</LineStyle>
		</Style>
		<MultiGeometry>
			<LineString>
				<tessellate>1</tessellate>
				<altitudeMode>absolute</altitudeMode>
				<coordinates>
					73.657135,47.649612,10972.8 72.779617,47.692429,10972.8 
				</coordinates>
			</LineString>
		</MultiGeometry>
	</Placemark>
	<Placemark>
		<name>P-533</name>
		<visibility>0</visibility>
		<description><![CDATA[<div><div><span><b>Altitude:</b></span> <span>36,000 ft</span></div>
<div><span><b>Speed:</b></span> <span>416 kt</span></div>
<div><span><b>Timestamp:</b></span><br/><span>2024-09-23 07:12:47 UTC<br/>2024-09-23 07:13:19 UTC</span></div>
</div>]]></description>
		<Style>
			<LineStyle>
				<color>ff7800ff</color>
				<width>2</width>
			</LineStyle>
		</Style>
		<MultiGeometry>
			<LineString>
				<tessellate>1</tessellate>
				<altitudeMode>absolute</altitudeMode>
				<coordinates>
					72.779617,47.692429,10972.8 72.68459300000001,47.69659,10972.8 
				</coordinates>
			</LineString>
		</MultiGeometry>
	</Placemark>
	<Placemark>
		<name>P-534</name>
		<visibility>0</visibility>
		<description><![CDATA[<div><div><span><b>Altitude:</b></span> <span>36,000 ft</span></div>
<div><span><b>Speed:</b></span> <span>416 kt - 412 kt</span></div>
<div><span><b>Timestamp:</b></span><br/><span>2024-09-23 07:13:19 UTC<br/>2024-09-23 07:15:43 UTC</span></div>
</div>]]></description>
		<Style>
			<LineStyle>
				<color>ff7800ff</color>
				<width>2</width>
			</LineStyle>
		</Style>
		<MultiGeometry>
			<LineString>
				<tessellate>1</tessellate>
				<altitudeMode>absolute</altitudeMode>
				<coordinates>
					72.68459300000001,47.69659,10972.8 72.278419,47.713997,10972.8 
				</coordinates>
			</LineString>
		</MultiGeometry>
	</Placemark>
	<Placemark>
		<name>P-535</name>
		<visibility>0</visibility>
		<description><![CDATA[<div><div><span><b>Altitude:</b></span> <span>36,000 ft</span></div>
<div><span><b>Speed:</b></span> <span>412 kt - 411 kt</span></div>
<div><span><b>Timestamp:</b></span><br/><span>2024-09-23 07:15:43 UTC<br/>2024-09-23 07:16:17 UTC</span></div>
</div>]]></description>
		<Style>
			<LineStyle>
				<color>ff7800ff</color>
				<width>2</width>
			</LineStyle>
		</Style>
		<MultiGeometry>
			<LineString>
				<tessellate>1</tessellate>
				<altitudeMode>absolute</altitudeMode>
				<coordinates>
					72.278419,47.713997,10972.8 72.182289,47.71772000000001,10972.8 
				</coordinates>
			</LineString>
		</MultiGeometry>
	</Placemark>
	<Placemark>
		<name>P-536</name>
		<visibility>0</visibility>
		<description><![CDATA[<div><div><span><b>Altitude:</b></span> <span>36,000 ft</span></div>
<div><span><b>Speed:</b></span> <span>411 kt - 409 kt</span></div>
<div><span><b>Timestamp:</b></span><br/><span>2024-09-23 07:16:17 UTC<br/>2024-09-23 07:16:57 UTC</span></div>
</div>]]></description>
		<Style>
			<LineStyle>
				<color>ff7800ff</color>
				<width>2</width>
			</LineStyle>
		</Style>
		<MultiGeometry>
			<LineString>
				<tessellate>1</tessellate>
				<altitudeMode>absolute</altitudeMode>
				<coordinates>
					72.182289,47.71772000000001,10972.8 72.07010699999999,47.722046,10972.8 
				</coordinates>
			</LineString>
		</MultiGeometry>
	</Placemark>
	<Placemark>
		<name>P-537</name>
		<visibility>0</visibility>
		<description><![CDATA[<div><div><span><b>Altitude:</b></span> <span>36,000 ft</span></div>
<div><span><b>Speed:</b></span> <span>409 kt - 408 kt</span></div>
<div><span><b>Timestamp:</b></span><br/><span>2024-09-23 07:16:57 UTC<br/>2024-09-23 07:17:28 UTC</span></div>
</div>]]></description>
		<Style>
			<LineStyle>
				<color>ff7800ff</color>
				<width>2</width>
			</LineStyle>
		</Style>
		<MultiGeometry>
			<LineString>
				<tessellate>1</tessellate>
				<altitudeMode>absolute</altitudeMode>
				<coordinates>
					72.07010699999999,47.722046,10972.8 71.981369,47.725586,10972.8 
				</coordinates>
			</LineString>
		</MultiGeometry>
	</Placemark>
	<Placemark>
		<name>P-538</name>
		<visibility>0</visibility>
		<description><![CDATA[<div><div><span><b>Altitude:</b></span> <span>36,000 ft - 35,975 ft</span></div>
<div><span><b>Speed:</b></span> <span>408 kt</span></div>
<div><span><b>Timestamp:</b></span><br/><span>2024-09-23 07:17:28 UTC<br/>2024-09-23 07:18:08 UTC</span></div>
</div>]]></description>
		<Style>
			<LineStyle>
				<color>ff7800ff</color>
				<width>2</width>
			</LineStyle>
		</Style>
		<MultiGeometry>
			<LineString>
				<tessellate>1</tessellate>
				<altitudeMode>absolute</altitudeMode>
				<coordinates>
					71.981369,47.725586,10972.8 71.873474,47.72954599999999,10965.18 
				</coordinates>
			</LineString>
		</MultiGeometry>
	</Placemark>
	<Placemark>
		<name>P-539</name>
		<visibility>0</visibility>
		<description><![CDATA[<div><div><span><b>Altitude:</b></span> <span>35,975 ft</span></div>
<div><span><b>Speed:</b></span> <span>408 kt</span></div>
<div><span><b>Timestamp:</b></span><br/><span>2024-09-23 07:18:08 UTC<br/>2024-09-23 07:18:25 UTC</span></div>
</div>]]></description>
		<Style>
			<LineStyle>
				<color>ff7800ff</color>
				<width>2</width>
			</LineStyle>
		</Style>
		<MultiGeometry>
			<LineString>
				<tessellate>1</tessellate>
				<altitudeMode>absolute</altitudeMode>
				<coordinates>
					71.873474,47.72954599999999,10965.18 71.823189,47.73138400000001,10965.18 
				</coordinates>
			</LineString>
		</MultiGeometry>
	</Placemark>
	<Placemark>
		<name>P-540</name>
		<visibility>0</visibility>
		<description><![CDATA[<div><div><span><b>Altitude:</b></span> <span>35,975 ft - 36,000 ft</span></div>
<div><span><b>Speed:</b></span> <span>408 kt - 410 kt</span></div>
<div><span><b>Timestamp:</b></span><br/><span>2024-09-23 07:18:25 UTC<br/>2024-09-23 07:27:46 UTC</span></div>
</div>]]></description>
		<Style>
			<LineStyle>
				<color>ff7800ff</color>
				<width>2</width>
			</LineStyle>
		</Style>
		<MultiGeometry>
			<LineString>
				<tessellate>1</tessellate>
				<altitudeMode>absolute</altitudeMode>
				<coordinates>
					71.823189,47.73138400000001,10965.18 70.251938,47.675682,10972.8 
				</coordinates>
			</LineString>
		</MultiGeometry>
	</Placemark>
	<Placemark>
		<name>P-541</name>
		<visibility>0</visibility>
		<description><![CDATA[<div><div><span><b>Altitude:</b></span> <span>36,000 ft</span></div>
<div><span><b>Speed:</b></span> <span>410 kt - 416 kt</span></div>
<div><span><b>Timestamp:</b></span><br/><span>2024-09-23 07:27:46 UTC<br/>2024-09-23 07:39:05 UTC</span></div>
</div>]]></description>
		<Style>
			<LineStyle>
				<color>88000000</color>
				<width>2</width>
			</LineStyle>
		</Style>
		<MultiGeometry>
			<LineString>
				<tessellate>1</tessellate>
				<coordinates>
					70.251938,47.675682,10972.8 68.350273,47.547638,10972.8 
				</coordinates>
			</LineString>
		</MultiGeometry>
	</Placemark>
	<Placemark>
		<name>P-542</name>
		<visibility>0</visibility>
		<description><![CDATA[<div><div><span><b>Altitude:</b></span> <span>36,000 ft</span></div>
<div><span><b>Speed:</b></span> <span>416 kt - 415 kt</span></div>
<div><span><b>Timestamp:</b></span><br/><span>2024-09-23 07:39:05 UTC<br/>2024-09-23 07:40:20 UTC</span></div>
</div>]]></description>
		<Style>
			<LineStyle>
				<color>ff7800ff</color>
				<width>2</width>
			</LineStyle>
		</Style>
		<MultiGeometry>
			<LineString>
				<tessellate>1</tessellate>
				<altitudeMode>absolute</altitudeMode>
				<coordinates>
					68.350273,47.547638,10972.8 68.136292,47.53123100000001,10972.8 
				</coordinates>
			</LineString>
		</MultiGeometry>
	</Placemark>
	<Placemark>
		<name>P-543</name>
		<visibility>0</visibility>
		<description><![CDATA[<div><div><span><b>Altitude:</b></span> <span>36,000 ft</span></div>
<div><span><b>Speed:</b></span> <span>415 kt</span></div>
<div><span><b>Timestamp:</b></span><br/><span>2024-09-23 07:40:20 UTC<br/>2024-09-23 07:40:50 UTC</span></div>
</div>]]></description>
		<Style>
			<LineStyle>
				<color>ff7800ff</color>
				<width>2</width>
			</LineStyle>
		</Style>
		<MultiGeometry>
			<LineString>
				<tessellate>1</tessellate>
				<altitudeMode>absolute</altitudeMode>
				<coordinates>
					68.136292,47.53123100000001,10972.8 68.051788,47.524612,10972.8 
				</coordinates>
			</LineString>
		</MultiGeometry>
	</Placemark>
	<Placemark>
		<name>P-544</name>
		<visibility>0</visibility>
		<description><![CDATA[<div><div><span><b>Altitude:</b></span> <span>36,000 ft</span></div>
<div><span><b>Speed:</b></span> <span>415 kt</span></div>
<div><span><b>Timestamp:</b></span><br/><span>2024-09-23 07:40:50 UTC<br/>2024-09-23 07:41:23 UTC</span></div>
</div>]]></description>
		<Style>
			<LineStyle>
				<color>ff7800ff</color>
				<width>2</width>
			</LineStyle>
		</Style>
		<MultiGeometry>
			<LineString>
				<tessellate>1</tessellate>
				<altitudeMode>absolute</altitudeMode>
				<coordinates>
					68.051788,47.524612,10972.8 67.960121,47.517288,10972.8 
				</coordinates>
			</LineString>
		</MultiGeometry>
	</Placemark>
	<Placemark>
		<name>P-545</name>
		<visibility>0</visibility>
		<description><![CDATA[<div><div><span><b>Altitude:</b></span> <span>36,000 ft</span></div>
<div><span><b>Speed:</b></span> <span>415 kt - 417 kt</span></div>
<div><span><b>Timestamp:</b></span><br/><span>2024-09-23 07:41:23 UTC<br/>2024-09-23 07:41:54 UTC</span></div>
</div>]]></description>
		<Style>
			<LineStyle>
				<color>ff7800ff</color>
				<width>2</width>
			</LineStyle>
		</Style>
		<MultiGeometry>
			<LineString>
				<tessellate>1</tessellate>
				<altitudeMode>absolute</altitudeMode>
				<coordinates>
					67.960121,47.517288,10972.8 67.87248200000001,47.51023500000001,10972.8 
				</coordinates>
			</LineString>
		</MultiGeometry>
	</Placemark>
	<Placemark>
		<name>P-546</name>
		<visibility>0</visibility>
		<description><![CDATA[<div><div><span><b>Altitude:</b></span> <span>36,000 ft</span></div>
<div><span><b>Speed:</b></span> <span>417 kt - 416 kt</span></div>
<div><span><b>Timestamp:</b></span><br/><span>2024-09-23 07:41:54 UTC<br/>2024-09-23 07:42:24 UTC</span></div>
</div>]]></description>
		<Style>
			<LineStyle>
				<color>ff7800ff</color>
				<width>2</width>
			</LineStyle>
		</Style>
		<MultiGeometry>
			<LineString>
				<tessellate>1</tessellate>
				<altitudeMode>absolute</altitudeMode>
				<coordinates>
					67.87248200000001,47.51023500000001,10972.8 67.786491,47.503345,10972.8 
				</coordinates>
			</LineString>
		</MultiGeometry>
	</Placemark>
	<Placemark>
		<name>P-547</name>
		<visibility>0</visibility>
		<description><![CDATA[<div><div><span><b>Altitude:</b></span> <span>36,000 ft</span></div>
<div><span><b>Speed:</b></span> <span>416 kt - 418 kt</span></div>
<div><span><b>Timestamp:</b></span><br/><span>2024-09-23 07:42:24 UTC<br/>2024-09-23 07:42:55 UTC</span></div>
</div>]]></description>
		<Style>
			<LineStyle>
				<color>ff7800ff</color>
				<width>2</width>
			</LineStyle>
		</Style>
		<MultiGeometry>
			<LineString>
				<tessellate>1</tessellate>
				<altitudeMode>absolute</altitudeMode>
				<coordinates>
					67.786491,47.503345,10972.8 67.700226,47.496323,10972.8 
				</coordinates>
			</LineString>
		</MultiGeometry>
	</Placemark>
	<Placemark>
		<name>P-548</name>
		<visibility>0</visibility>
		<description><![CDATA[<div><div><span><b>Altitude:</b></span> <span>36,000 ft</span></div>
<div><span><b>Speed:</b></span> <span>418 kt</span></div>
<div><span><b>Timestamp:</b></span><br/><span>2024-09-23 07:42:55 UTC<br/>2024-09-23 07:43:26 UTC</span></div>
</div>]]></description>
		<Style>
			<LineStyle>
				<color>ff7800ff</color>
				<width>2</width>
			</LineStyle>
		</Style>
		<MultiGeometry>
			<LineString>
				<tessellate>1</tessellate>
				<altitudeMode>absolute</altitudeMode>
				<coordinates>
					67.700226,47.496323,10972.8 67.610359,47.48901,10972.8 
				</coordinates>
			</LineString>
		</MultiGeometry>
	</Placemark>
	<Placemark>
		<name>P-549</name>
		<visibility>0</visibility>
		<description><![CDATA[<div><div><span><b>Altitude:</b></span> <span>36,000 ft</span></div>
<div><span><b>Speed:</b></span> <span>418 kt</span></div>
<div><span><b>Timestamp:</b></span><br/><span>2024-09-23 07:43:26 UTC<br/>2024-09-23 07:43:57 UTC</span></div>
</div>]]></description>
		<Style>
			<LineStyle>
				<color>ff7800ff</color>
				<width>2</width>
			</LineStyle>
		</Style>
		<MultiGeometry>
			<LineString>
				<tessellate>1</tessellate>
				<altitudeMode>absolute</altitudeMode>
				<coordinates>
					67.610359,47.48901,10972.8 67.523071,47.481812,10972.8 
				</coordinates>
			</LineString>
		</MultiGeometry>
	</Placemark>
	<Placemark>
		<name>P-550</name>
		<visibility>0</visibility>
		<description><![CDATA[<div><div><span><b>Altitude:</b></span> <span>36,000 ft - 36,025 ft</span></div>
<div><span><b>Speed:</b></span> <span>418 kt</span></div>
<div><span><b>Timestamp:</b></span><br/><span>2024-09-23 07:43:57 UTC<br/>2024-09-23 07:44:29 UTC</span></div>
</div>]]></description>
		<Style>
			<LineStyle>
				<color>ff7800ff</color>
				<width>2</width>
			</LineStyle>
		</Style>
		<MultiGeometry>
			<LineString>
				<tessellate>1</tessellate>
				<altitudeMode>absolute</altitudeMode>
				<coordinates>
					67.523071,47.481812,10972.8 67.43435700000001,47.47453299999999,10980.42 
				</coordinates>
			</LineString>
		</MultiGeometry>
	</Placemark>
	<Placemark>
		<name>P-551</name>
		<visibility>0</visibility>
		<description><![CDATA[<div><div><span><b>Altitude:</b></span> <span>36,025 ft</span></div>
<div><span><b>Speed:</b></span> <span>418 kt - 416 kt</span></div>
<div><span><b>Timestamp:</b></span><br/><span>2024-09-23 07:44:29 UTC<br/>2024-09-23 07:44:59 UTC</span></div>
</div>]]></description>
		<Style>
			<LineStyle>
				<color>ff7800ff</color>
				<width>2</width>
			</LineStyle>
		</Style>
		<MultiGeometry>
			<LineString>
				<tessellate>1</tessellate>
				<altitudeMode>absolute</altitudeMode>
				<coordinates>
					67.43435700000001,47.47453299999999,10980.42 67.34844200000001,47.46727,10980.42 
				</coordinates>
			</LineString>
		</MultiGeometry>
	</Placemark>
	<Placemark>
		<name>P-552</name>
		<visibility>0</visibility>
		<description><![CDATA[<div><div><span><b>Altitude:</b></span> <span>36,025 ft</span></div>
<div><span><b>Speed:</b></span> <span>416 kt - 414 kt</span></div>
<div><span><b>Timestamp:</b></span><br/><span>2024-09-23 07:44:59 UTC<br/>2024-09-23 07:45:31 UTC</span></div>
</div>]]></description>
		<Style>
			<LineStyle>
				<color>ff7800ff</color>
				<width>2</width>
			</LineStyle>
		</Style>
		<MultiGeometry>
			<LineString>
				<tessellate>1</tessellate>
				<altitudeMode>absolute</altitudeMode>
				<coordinates>
					67.34844200000001,47.46727,10980.42 67.25926200000001,47.45961,10980.42 
				</coordinates>
			</LineString>
		</MultiGeometry>
	</Placemark>
	<Placemark>
		<name>P-553</name>
		<visibility>0</visibility>
		<description><![CDATA[<div><div><span><b>Altitude:</b></span> <span>36,025 ft - 36,000 ft</span></div>
<div><span><b>Speed:</b></span> <span>414 kt</span></div>
<div><span><b>Timestamp:</b></span><br/><span>2024-09-23 07:45:31 UTC<br/>2024-09-23 07:46:02 UTC</span></div>
</div>]]></description>
		<Style>
			<LineStyle>
				<color>ff7800ff</color>
				<width>2</width>
			</LineStyle>
		</Style>
		<MultiGeometry>
			<LineString>
				<tessellate>1</tessellate>
				<altitudeMode>absolute</altitudeMode>
				<coordinates>
					67.25926200000001,47.45961,10980.42 67.17189,47.452091,10972.8 
				</coordinates>
			</LineString>
		</MultiGeometry>
	</Placemark>
	<Placemark>
		<name>P-554</name>
		<visibility>0</visibility>
		<description><![CDATA[<div><div><span><b>Altitude:</b></span> <span>36,000 ft - 35,975 ft</span></div>
<div><span><b>Speed:</b></span> <span>414 kt - 413 kt</span></div>
<div><span><b>Timestamp:</b></span><br/><span>2024-09-23 07:46:02 UTC<br/>2024-09-23 07:46:33 UTC</span></div>
</div>]]></description>
		<Style>
			<LineStyle>
				<color>ff7800ff</color>
				<width>2</width>
			</LineStyle>
		</Style>
		<MultiGeometry>
			<LineString>
				<tessellate>1</tessellate>
				<altitudeMode>absolute</altitudeMode>
				<coordinates>
					67.17189,47.452091,10972.8 67.084915,47.44455,10965.18 
				</coordinates>
			</LineString>
		</MultiGeometry>
	</Placemark>
	<Placemark>
		<name>P-555</name>
		<visibility>0</visibility>
		<description><![CDATA[<div><div><span><b>Altitude:</b></span> <span>35,975 ft</span></div>
<div><span><b>Speed:</b></span> <span>413 kt - 412 kt</span></div>
<div><span><b>Timestamp:</b></span><br/><span>2024-09-23 07:46:33 UTC<br/>2024-09-23 07:47:04 UTC</span></div>
</div>]]></description>
		<Style>
			<LineStyle>
				<color>ff7800ff</color>
				<width>2</width>
			</LineStyle>
		</Style>
		<MultiGeometry>
			<LineString>
				<tessellate>1</tessellate>
				<altitudeMode>absolute</altitudeMode>
				<coordinates>
					67.084915,47.44455,10965.18 66.998268,47.436951,10965.18 
				</coordinates>
			</LineString>
		</MultiGeometry>
	</Placemark>
	<Placemark>
		<name>P-556</name>
		<visibility>0</visibility>
		<description><![CDATA[<div><div><span><b>Altitude:</b></span> <span>35,975 ft - 36,000 ft</span></div>
<div><span><b>Speed:</b></span> <span>412 kt</span></div>
<div><span><b>Timestamp:</b></span><br/><span>2024-09-23 07:47:04 UTC<br/>2024-09-23 07:47:35 UTC</span></div>
</div>]]></description>
		<Style>
			<LineStyle>
				<color>ff7800ff</color>
				<width>2</width>
			</LineStyle>
		</Style>
		<MultiGeometry>
			<LineString>
				<tessellate>1</tessellate>
				<altitudeMode>absolute</altitudeMode>
				<coordinates>
					66.998268,47.436951,10965.18 66.91667200000001,47.429794,10972.8 
				</coordinates>
			</LineString>
		</MultiGeometry>
	</Placemark>
	<Placemark>
		<name>P-557</name>
		<visibility>0</visibility>
		<description><![CDATA[<div><div><span><b>Altitude:</b></span> <span>36,000 ft</span></div>
<div><span><b>Speed:</b></span> <span>412 kt - 410 kt</span></div>
<div><span><b>Timestamp:</b></span><br/><span>2024-09-23 07:47:35 UTC<br/>2024-09-23 07:48:06 UTC</span></div>
</div>]]></description>
		<Style>
			<LineStyle>
				<color>ff7800ff</color>
				<width>2</width>
			</LineStyle>
		</Style>
		<MultiGeometry>
			<LineString>
				<tessellate>1</tessellate>
				<altitudeMode>absolute</altitudeMode>
				<coordinates>
					66.91667200000001,47.429794,10972.8 66.827911,47.421936,10972.8 
				</coordinates>
			</LineString>
		</MultiGeometry>
	</Placemark>
	<Placemark>
		<name>P-558</name>
		<visibility>0</visibility>
		<description><![CDATA[<div><div><span><b>Altitude:</b></span> <span>36,000 ft</span></div>
<div><span><b>Speed:</b></span> <span>410 kt</span></div>
<div><span><b>Timestamp:</b></span><br/><span>2024-09-23 07:48:06 UTC<br/>2024-09-23 07:48:37 UTC</span></div>
</div>]]></description>
		<Style>
			<LineStyle>
				<color>ff7800ff</color>
				<width>2</width>
			</LineStyle>
		</Style>
		<MultiGeometry>
			<LineString>
				<tessellate>1</tessellate>
				<altitudeMode>absolute</altitudeMode>
				<coordinates>
					66.827911,47.421936,10972.8 66.74173,47.4142,10972.8 
				</coordinates>
			</LineString>
		</MultiGeometry>
	</Placemark>
	<Placemark>
		<name>P-559</name>
		<visibility>0</visibility>
		<description><![CDATA[<div><div><span><b>Altitude:</b></span> <span>36,000 ft</span></div>
<div><span><b>Speed:</b></span> <span>410 kt</span></div>
<div><span><b>Timestamp:</b></span><br/><span>2024-09-23 07:48:37 UTC<br/>2024-09-23 07:49:08 UTC</span></div>
</div>]]></description>
		<Style>
			<LineStyle>
				<color>ff7800ff</color>
				<width>2</width>
			</LineStyle>
		</Style>
		<MultiGeometry>
			<LineString>
				<tessellate>1</tessellate>
				<altitudeMode>absolute</altitudeMode>
				<coordinates>
					66.74173,47.4142,10972.8 66.655495,47.406326,10972.8 
				</coordinates>
			</LineString>
		</MultiGeometry>
	</Placemark>
	<Placemark>
		<name>P-560</name>
		<visibility>0</visibility>
		<description><![CDATA[<div><div><span><b>Altitude:</b></span> <span>36,000 ft</span></div>
<div><span><b>Speed:</b></span> <span>410 kt - 409 kt</span></div>
<div><span><b>Timestamp:</b></span><br/><span>2024-09-23 07:49:08 UTC<br/>2024-09-23 07:49:38 UTC</span></div>
</div>]]></description>
		<Style>
			<LineStyle>
				<color>ff7800ff</color>
				<width>2</width>
			</LineStyle>
		</Style>
		<MultiGeometry>
			<LineString>
				<tessellate>1</tessellate>
				<altitudeMode>absolute</altitudeMode>
				<coordinates>
					66.655495,47.406326,10972.8 66.57371500000001,47.398773,10972.8 
				</coordinates>
			</LineString>
		</MultiGeometry>
	</Placemark>
	<Placemark>
		<name>P-561</name>
		<visibility>0</visibility>
		<description><![CDATA[<div><div><span><b>Altitude:</b></span> <span>36,000 ft</span></div>
<div><span><b>Speed:</b></span> <span>409 kt - 408 kt</span></div>
<div><span><b>Timestamp:</b></span><br/><span>2024-09-23 07:49:38 UTC<br/>2024-09-23 07:50:11 UTC</span></div>
</div>]]></description>
		<Style>
			<LineStyle>
				<color>ff7800ff</color>
				<width>2</width>
			</LineStyle>
		</Style>
		<MultiGeometry>
			<LineString>
				<tessellate>1</tessellate>
				<altitudeMode>absolute</altitudeMode>
				<coordinates>
					66.57371500000001,47.398773,10972.8 66.48278000000001,47.39027,10972.8 
				</coordinates>
			</LineString>
		</MultiGeometry>
	</Placemark>
	<Placemark>
		<name>P-562</name>
		<visibility>0</visibility>
		<description><![CDATA[<div><div><span><b>Altitude:</b></span> <span>36,000 ft</span></div>
<div><span><b>Speed:</b></span> <span>408 kt - 407 kt</span></div>
<div><span><b>Timestamp:</b></span><br/><span>2024-09-23 07:50:11 UTC<br/>2024-09-23 07:50:42 UTC</span></div>
</div>]]></description>
		<Style>
			<LineStyle>
				<color>ff7800ff</color>
				<width>2</width>
			</LineStyle>
		</Style>
		<MultiGeometry>
			<LineString>
				<tessellate>1</tessellate>
				<altitudeMode>absolute</altitudeMode>
				<coordinates>
					66.48278000000001,47.39027,10972.8 66.397705,47.38235900000001,10972.8 
				</coordinates>
			</LineString>
		</MultiGeometry>
	</Placemark>
	<Placemark>
		<name>P-563</name>
		<visibility>0</visibility>
		<description><![CDATA[<div><div><span><b>Altitude:</b></span> <span>36,000 ft</span></div>
<div><span><b>Speed:</b></span> <span>407 kt - 406 kt</span></div>
<div><span><b>Timestamp:</b></span><br/><span>2024-09-23 07:50:42 UTC<br/>2024-09-23 07:51:13 UTC</span></div>
</div>]]></description>
		<Style>
			<LineStyle>
				<color>ff7800ff</color>
				<width>2</width>
			</LineStyle>
		</Style>
		<MultiGeometry>
			<LineString>
				<tessellate>1</tessellate>
				<altitudeMode>absolute</altitudeMode>
				<coordinates>
					66.397705,47.38235900000001,10972.8 66.312775,47.374489,10972.8 
				</coordinates>
			</LineString>
		</MultiGeometry>
	</Placemark>
	<Placemark>
		<name>P-564</name>
		<visibility>0</visibility>
		<description><![CDATA[<div><div><span><b>Altitude:</b></span> <span>36,000 ft</span></div>
<div><span><b>Speed:</b></span> <span>406 kt - 405 kt</span></div>
<div><span><b>Timestamp:</b></span><br/><span>2024-09-23 07:51:13 UTC<br/>2024-09-23 07:51:47 UTC</span></div>
</div>]]></description>
		<Style>
			<LineStyle>
				<color>ff7800ff</color>
				<width>2</width>
			</LineStyle>
		</Style>
		<MultiGeometry>
			<LineString>
				<tessellate>1</tessellate>
				<altitudeMode>absolute</altitudeMode>
				<coordinates>
					66.312775,47.374489,10972.8 66.21906300000001,47.36558500000001,10972.8 
				</coordinates>
			</LineString>
		</MultiGeometry>
	</Placemark>
	<Placemark>
		<name>P-565</name>
		<visibility>0</visibility>
		<description><![CDATA[<div><div><span><b>Altitude:</b></span> <span>36,000 ft</span></div>
<div><span><b>Speed:</b></span> <span>405 kt - 406 kt</span></div>
<div><span><b>Timestamp:</b></span><br/><span>2024-09-23 07:51:47 UTC<br/>2024-09-23 07:52:18 UTC</span></div>
</div>]]></description>
		<Style>
			<LineStyle>
				<color>ff7800ff</color>
				<width>2</width>
			</LineStyle>
		</Style>
		<MultiGeometry>
			<LineString>
				<tessellate>1</tessellate>
				<altitudeMode>absolute</altitudeMode>
				<coordinates>
					66.21906300000001,47.36558500000001,10972.8 66.135727,47.35773100000001,10972.8 
				</coordinates>
			</LineString>
		</MultiGeometry>
	</Placemark>
	<Placemark>
		<name>P-566</name>
		<visibility>0</visibility>
		<description><![CDATA[<div><div><span><b>Altitude:</b></span> <span>36,000 ft</span></div>
<div><span><b>Speed:</b></span> <span>406 kt</span></div>
<div><span><b>Timestamp:</b></span><br/><span>2024-09-23 07:52:18 UTC<br/>2024-09-23 07:52:49 UTC</span></div>
</div>]]></description>
		<Style>
			<LineStyle>
				<color>ff7800ff</color>
				<width>2</width>
			</LineStyle>
		</Style>
		<MultiGeometry>
			<LineString>
				<tessellate>1</tessellate>
				<altitudeMode>absolute</altitudeMode>
				<coordinates>
					66.135727,47.35773100000001,10972.8 66.04776,47.349213,10972.8 
				</coordinates>
			</LineString>
		</MultiGeometry>
	</Placemark>
	<Placemark>
		<name>P-567</name>
		<visibility>0</visibility>
		<description><![CDATA[<div><div><span><b>Altitude:</b></span> <span>36,000 ft</span></div>
<div><span><b>Speed:</b></span> <span>406 kt - 405 kt</span></div>
<div><span><b>Timestamp:</b></span><br/><span>2024-09-23 07:52:49 UTC<br/>2024-09-23 07:53:21 UTC</span></div>
</div>]]></description>
		<Style>
			<LineStyle>
				<color>ff7800ff</color>
				<width>2</width>
			</LineStyle>
		</Style>
		<MultiGeometry>
			<LineString>
				<tessellate>1</tessellate>
				<altitudeMode>absolute</altitudeMode>
				<coordinates>
					66.04776,47.349213,10972.8 65.961067,47.340832,10972.8 
				</coordinates>
			</LineString>
		</MultiGeometry>
	</Placemark>
	<Placemark>
		<name>P-568</name>
		<visibility>0</visibility>
		<description><![CDATA[<div><div><span><b>Altitude:</b></span> <span>36,000 ft - 36,025 ft</span></div>
<div><span><b>Speed:</b></span> <span>405 kt - 404 kt</span></div>
<div><span><b>Timestamp:</b></span><br/><span>2024-09-23 07:53:21 UTC<br/>2024-09-23 07:53:52 UTC</span></div>
</div>]]></description>
		<Style>
			<LineStyle>
				<color>ff7800ff</color>
				<width>2</width>
			</LineStyle>
		</Style>
		<MultiGeometry>
			<LineString>
				<tessellate>1</tessellate>
				<altitudeMode>absolute</altitudeMode>
				<coordinates>
					65.961067,47.340832,10972.8 65.877548,47.332546,10980.42 
				</coordinates>
			</LineString>
		</MultiGeometry>
	</Placemark>
	<Placemark>
		<name>P-569</name>
		<visibility>0</visibility>
		<description><![CDATA[<div><div><span><b>Altitude:</b></span> <span>36,025 ft - 36,000 ft</span></div>
<div><span><b>Speed:</b></span> <span>404 kt</span></div>
<div><span><b>Timestamp:</b></span><br/><span>2024-09-23 07:53:52 UTC<br/>2024-09-23 07:54:23 UTC</span></div>
</div>]]></description>
		<Style>
			<LineStyle>
				<color>ff7800ff</color>
				<width>2</width>
			</LineStyle>
		</Style>
		<MultiGeometry>
			<LineString>
				<tessellate>1</tessellate>
				<altitudeMode>absolute</altitudeMode>
				<coordinates>
					65.877548,47.332546,10980.42 65.79334299999999,47.324341,10972.8 
				</coordinates>
			</LineString>
		</MultiGeometry>
	</Placemark>
	<Placemark>
		<name>P-570</name>
		<visibility>0</visibility>
		<description><![CDATA[<div><div><span><b>Altitude:</b></span> <span>36,000 ft</span></div>
<div><span><b>Speed:</b></span> <span>404 kt - 402 kt</span></div>
<div><span><b>Timestamp:</b></span><br/><span>2024-09-23 07:54:23 UTC<br/>2024-09-23 07:54:54 UTC</span></div>
</div>]]></description>
		<Style>
			<LineStyle>
				<color>ff7800ff</color>
				<width>2</width>
			</LineStyle>
		</Style>
		<MultiGeometry>
			<LineString>
				<tessellate>1</tessellate>
				<altitudeMode>absolute</altitudeMode>
				<coordinates>
					65.79334299999999,47.324341,10972.8 65.709435,47.31601000000001,10972.8 
				</coordinates>
			</LineString>
		</MultiGeometry>
	</Placemark>
	<Placemark>
		<name>P-571</name>
		<visibility>0</visibility>
		<description><![CDATA[<div><div><span><b>Altitude:</b></span> <span>36,000 ft</span></div>
<div><span><b>Speed:</b></span> <span>402 kt</span></div>
<div><span><b>Timestamp:</b></span><br/><span>2024-09-23 07:54:54 UTC<br/>2024-09-23 07:55:26 UTC</span></div>
</div>]]></description>
		<Style>
			<LineStyle>
				<color>ff7800ff</color>
				<width>2</width>
			</LineStyle>
		</Style>
		<MultiGeometry>
			<LineString>
				<tessellate>1</tessellate>
				<altitudeMode>absolute</altitudeMode>
				<coordinates>
					65.709435,47.31601000000001,10972.8 65.62352,47.307503,10972.8 
				</coordinates>
			</LineString>
		</MultiGeometry>
	</Placemark>
	<Placemark>
		<name>P-572</name>
		<visibility>0</visibility>
		<description><![CDATA[<div><div><span><b>Altitude:</b></span> <span>36,000 ft - 36,025 ft</span></div>
<div><span><b>Speed:</b></span> <span>402 kt - 399 kt</span></div>
<div><span><b>Timestamp:</b></span><br/><span>2024-09-23 07:55:26 UTC<br/>2024-09-23 07:55:57 UTC</span></div>
</div>]]></description>
		<Style>
			<LineStyle>
				<color>ff7800ff</color>
				<width>2</width>
			</LineStyle>
		</Style>
		<MultiGeometry>
			<LineString>
				<tessellate>1</tessellate>
				<altitudeMode>absolute</altitudeMode>
				<coordinates>
					65.62352,47.307503,10972.8 65.540558,47.299213,10980.42 
				</coordinates>
			</LineString>
		</MultiGeometry>
	</Placemark>
	<Placemark>
		<name>P-573</name>
		<visibility>0</visibility>
		<description><![CDATA[<div><div><span><b>Altitude:</b></span> <span>36,025 ft</span></div>
<div><span><b>Speed:</b></span> <span>399 kt - 396 kt</span></div>
<div><span><b>Timestamp:</b></span><br/><span>2024-09-23 07:55:57 UTC<br/>2024-09-23 07:56:29 UTC</span></div>
</div>]]></description>
		<Style>
			<LineStyle>
				<color>ff7800ff</color>
				<width>2</width>
			</LineStyle>
		</Style>
		<MultiGeometry>
			<LineString>
				<tessellate>1</tessellate>
				<altitudeMode>absolute</altitudeMode>
				<coordinates>
					65.540558,47.299213,10980.42 65.454483,47.290466,10980.42 
				</coordinates>
			</LineString>
		</MultiGeometry>
	</Placemark>
	<Placemark>
		<name>P-574</name>
		<visibility>0</visibility>
		<description><![CDATA[<div><div><span><b>Altitude:</b></span> <span>36,025 ft</span></div>
<div><span><b>Speed:</b></span> <span>396 kt - 394 kt</span></div>
<div><span><b>Timestamp:</b></span><br/><span>2024-09-23 07:56:29 UTC<br/>2024-09-23 07:57:00 UTC</span></div>
</div>]]></description>
		<Style>
			<LineStyle>
				<color>ff7800ff</color>
				<width>2</width>
			</LineStyle>
		</Style>
		<MultiGeometry>
			<LineString>
				<tessellate>1</tessellate>
				<altitudeMode>absolute</altitudeMode>
				<coordinates>
					65.454483,47.290466,10980.42 65.37599899999999,47.28241000000001,10980.42 
				</coordinates>
			</LineString>
		</MultiGeometry>
	</Placemark>
	<Placemark>
		<name>P-575</name>
		<visibility>0</visibility>
		<description><![CDATA[<div><div><span><b>Altitude:</b></span> <span>36,025 ft - 35,975 ft</span></div>
<div><span><b>Speed:</b></span> <span>394 kt - 393 kt</span></div>
<div><span><b>Timestamp:</b></span><br/><span>2024-09-23 07:57:00 UTC<br/>2024-09-23 07:57:31 UTC</span></div>
</div>]]></description>
		<Style>
			<LineStyle>
				<color>ff7800ff</color>
				<width>2</width>
			</LineStyle>
		</Style>
		<MultiGeometry>
			<LineString>
				<tessellate>1</tessellate>
				<altitudeMode>absolute</altitudeMode>
				<coordinates>
					65.37599899999999,47.28241000000001,10980.42 65.288788,47.27338,10965.18 
				</coordinates>
			</LineString>
		</MultiGeometry>
	</Placemark>
	<Placemark>
		<name>P-576</name>
		<visibility>0</visibility>
		<description><![CDATA[<div><div><span><b>Altitude:</b></span> <span>35,975 ft</span></div>
<div><span><b>Speed:</b></span> <span>393 kt - 392 kt</span></div>
<div><span><b>Timestamp:</b></span><br/><span>2024-09-23 07:57:31 UTC<br/>2024-09-23 07:58:02 UTC</span></div>
</div>]]></description>
		<Style>
			<LineStyle>
				<color>ff7800ff</color>
				<width>2</width>
			</LineStyle>
		</Style>
		<MultiGeometry>
			<LineString>
				<tessellate>1</tessellate>
				<altitudeMode>absolute</altitudeMode>
				<coordinates>
					65.288788,47.27338,10965.18 65.20723700000001,47.264954,10965.18 
				</coordinates>
			</LineString>
		</MultiGeometry>
	</Placemark>
	<Placemark>
		<name>P-577</name>
		<visibility>0</visibility>
		<description><![CDATA[<div><div><span><b>Altitude:</b></span> <span>35,975 ft</span></div>
<div><span><b>Speed:</b></span> <span>392 kt - 390 kt</span></div>
<div><span><b>Timestamp:</b></span><br/><span>2024-09-23 07:58:02 UTC<br/>2024-09-23 07:58:34 UTC</span></div>
</div>]]></description>
		<Style>
			<LineStyle>
				<color>ff7800ff</color>
				<width>2</width>
			</LineStyle>
		</Style>
		<MultiGeometry>
			<LineString>
				<tessellate>1</tessellate>
				<altitudeMode>absolute</altitudeMode>
				<coordinates>
					65.20723700000001,47.264954,10965.18 65.125336,47.25638599999999,10965.18 
				</coordinates>
			</LineString>
		</MultiGeometry>
	</Placemark>
	<Placemark>
		<name>P-578</name>
		<visibility>0</visibility>
		<description><![CDATA[<div><div><span><b>Altitude:</b></span> <span>35,975 ft</span></div>
<div><span><b>Speed:</b></span> <span>390 kt</span></div>
<div><span><b>Timestamp:</b></span><br/><span>2024-09-23 07:58:34 UTC<br/>2024-09-23 07:59:05 UTC</span></div>
</div>]]></description>
		<Style>
			<LineStyle>
				<color>ff7800ff</color>
				<width>2</width>
			</LineStyle>
		</Style>
		<MultiGeometry>
			<LineString>
				<tessellate>1</tessellate>
				<altitudeMode>absolute</altitudeMode>
				<coordinates>
					65.125336,47.25638599999999,10965.18 65.043358,47.247776,10965.18 
				</coordinates>
			</LineString>
		</MultiGeometry>
	</Placemark>
	<Placemark>
		<name>P-579</name>
		<visibility>0</visibility>
		<description><![CDATA[<div><div><span><b>Altitude:</b></span> <span>35,975 ft - 36,000 ft</span></div>
<div><span><b>Speed:</b></span> <span>390 kt - 388 kt</span></div>
<div><span><b>Timestamp:</b></span><br/><span>2024-09-23 07:59:05 UTC<br/>2024-09-23 07:59:36 UTC</span></div>
</div>]]></description>
		<Style>
			<LineStyle>
				<color>ff7800ff</color>
				<width>2</width>
			</LineStyle>
		</Style>
		<MultiGeometry>
			<LineString>
				<tessellate>1</tessellate>
				<altitudeMode>absolute</altitudeMode>
				<coordinates>
					65.043358,47.247776,10965.18 64.962845,47.239059,10972.8 
				</coordinates>
			</LineString>
		</MultiGeometry>
	</Placemark>
	<Placemark>
		<name>P-580</name>
		<visibility>0</visibility>
		<description><![CDATA[<div><div><span><b>Altitude:</b></span> <span>36,000 ft</span></div>
<div><span><b>Speed:</b></span> <span>388 kt</span></div>
<div><span><b>Timestamp:</b></span><br/><span>2024-09-23 07:59:36 UTC<br/>2024-09-23 08:00:07 UTC</span></div>
</div>]]></description>
		<Style>
			<LineStyle>
				<color>ff7800ff</color>
				<width>2</width>
			</LineStyle>
		</Style>
		<MultiGeometry>
			<LineString>
				<tessellate>1</tessellate>
				<altitudeMode>absolute</altitudeMode>
				<coordinates>
					64.962845,47.239059,10972.8 64.88279,47.230598,10972.8 
				</coordinates>
			</LineString>
		</MultiGeometry>
	</Placemark>
	<Placemark>
		<name>P-581</name>
		<visibility>0</visibility>
		<description><![CDATA[<div><div><span><b>Altitude:</b></span> <span>36,000 ft</span></div>
<div><span><b>Speed:</b></span> <span>388 kt</span></div>
<div><span><b>Timestamp:</b></span><br/><span>2024-09-23 08:00:07 UTC<br/>2024-09-23 08:00:37 UTC</span></div>
</div>]]></description>
		<Style>
			<LineStyle>
				<color>ff7800ff</color>
				<width>2</width>
			</LineStyle>
		</Style>
		<MultiGeometry>
			<LineString>
				<tessellate>1</tessellate>
				<altitudeMode>absolute</altitudeMode>
				<coordinates>
					64.88279,47.230598,10972.8 64.80510700000001,47.222218,10972.8 
				</coordinates>
			</LineString>
		</MultiGeometry>
	</Placemark>
	<Placemark>
		<name>P-582</name>
		<visibility>0</visibility>
		<description><![CDATA[<div><div><span><b>Altitude:</b></span> <span>36,000 ft</span></div>
<div><span><b>Speed:</b></span> <span>388 kt - 387 kt</span></div>
<div><span><b>Timestamp:</b></span><br/><span>2024-09-23 08:00:37 UTC<br/>2024-09-23 08:01:00 UTC</span></div>
</div>]]></description>
		<Style>
			<LineStyle>
				<color>ff7800ff</color>
				<width>2</width>
			</LineStyle>
		</Style>
		<MultiGeometry>
			<LineString>
				<tessellate>1</tessellate>
				<altitudeMode>absolute</altitudeMode>
				<coordinates>
					64.80510700000001,47.222218,10972.8 64.746414,47.215851,10972.8 
				</coordinates>
			</LineString>
		</MultiGeometry>
	</Placemark>
	<Placemark>
		<name>P-583</name>
		<visibility>0</visibility>
		<description><![CDATA[<div><div><span><b>Altitude:</b></span> <span>36,000 ft</span></div>
<div><span><b>Speed:</b></span> <span>387 kt</span></div>
<div><span><b>Timestamp:</b></span><br/><span>2024-09-23 08:01:00 UTC<br/>2024-09-23 08:02:12 UTC</span></div>
</div>]]></description>
		<Style>
			<LineStyle>
				<color>ff7800ff</color>
				<width>2</width>
			</LineStyle>
		</Style>
		<MultiGeometry>
			<LineString>
				<tessellate>1</tessellate>
				<altitudeMode>absolute</altitudeMode>
				<coordinates>
					64.746414,47.215851,10972.8 64.559372,47.19548,10972.8 
				</coordinates>
			</LineString>
		</MultiGeometry>
	</Placemark>
	<Placemark>
		<name>P-584</name>
		<visibility>0</visibility>
		<description><![CDATA[<div><div><span><b>Altitude:</b></span> <span>36,000 ft</span></div>
<div><span><b>Speed:</b></span> <span>387 kt</span></div>
<div><span><b>Timestamp:</b></span><br/><span>2024-09-23 08:02:12 UTC<br/>2024-09-23 08:02:19 UTC</span></div>
</div>]]></description>
		<Style>
			<LineStyle>
				<color>ff7800ff</color>
				<width>2</width>
			</LineStyle>
		</Style>
		<MultiGeometry>
			<LineString>
				<tessellate>1</tessellate>
				<altitudeMode>absolute</altitudeMode>
				<coordinates>
					64.559372,47.19548,10972.8 64.538483,47.192844,10972.8 
				</coordinates>
			</LineString>
		</MultiGeometry>
	</Placemark>
	<Placemark>
		<name>P-585</name>
		<visibility>0</visibility>
		<description><![CDATA[<div><div><span><b>Altitude:</b></span> <span>36,000 ft</span></div>
<div><span><b>Speed:</b></span> <span>387 kt - 388 kt</span></div>
<div><span><b>Timestamp:</b></span><br/><span>2024-09-23 08:02:19 UTC<br/>2024-09-23 08:03:27 UTC</span></div>
</div>]]></description>
		<Style>
			<LineStyle>
				<color>ff7800ff</color>
				<width>2</width>
			</LineStyle>
		</Style>
		<MultiGeometry>
			<LineString>
				<tessellate>1</tessellate>
				<altitudeMode>absolute</altitudeMode>
				<coordinates>
					64.538483,47.192844,10972.8 64.364914,47.16206400000001,10972.8 
				</coordinates>
			</LineString>
		</MultiGeometry>
	</Placemark>
	<Placemark>
		<name>P-586</name>
		<visibility>0</visibility>
		<description><![CDATA[<div><div><span><b>Altitude:</b></span> <span>36,000 ft</span></div>
<div><span><b>Speed:</b></span> <span>388 kt - 390 kt</span></div>
<div><span><b>Timestamp:</b></span><br/><span>2024-09-23 08:03:27 UTC<br/>2024-09-23 08:04:01 UTC</span></div>
</div>]]></description>
		<Style>
			<LineStyle>
				<color>ff7800ff</color>
				<width>2</width>
			</LineStyle>
		</Style>
		<MultiGeometry>
			<LineString>
				<tessellate>1</tessellate>
				<altitudeMode>absolute</altitudeMode>
				<coordinates>
					64.364914,47.16206400000001,10972.8 64.278542,47.146618,10972.8 
				</coordinates>
			</LineString>
		</MultiGeometry>
	</Placemark>
	<Placemark>
		<name>P-587</name>
		<visibility>0</visibility>
		<description><![CDATA[<div><div><span><b>Altitude:</b></span> <span>36,000 ft</span></div>
<div><span><b>Speed:</b></span> <span>390 kt - 389 kt</span></div>
<div><span><b>Timestamp:</b></span><br/><span>2024-09-23 08:04:01 UTC<br/>2024-09-23 08:04:34 UTC</span></div>
</div>]]></description>
		<Style>
			<LineStyle>
				<color>ff7800ff</color>
				<width>2</width>
			</LineStyle>
		</Style>
		<MultiGeometry>
			<LineString>
				<tessellate>1</tessellate>
				<altitudeMode>absolute</altitudeMode>
				<coordinates>
					64.278542,47.146618,10972.8 64.195038,47.131805,10972.8 
				</coordinates>
			</LineString>
		</MultiGeometry>
	</Placemark>
	<Placemark>
		<name>P-588</name>
		<visibility>0</visibility>
		<description><![CDATA[<div><div><span><b>Altitude:</b></span> <span>36,000 ft</span></div>
<div><span><b>Speed:</b></span> <span>389 kt - 391 kt</span></div>
<div><span><b>Timestamp:</b></span><br/><span>2024-09-23 08:04:34 UTC<br/>2024-09-23 08:06:05 UTC</span></div>
</div>]]></description>
		<Style>
			<LineStyle>
				<color>ff7800ff</color>
				<width>2</width>
			</LineStyle>
		</Style>
		<MultiGeometry>
			<LineString>
				<tessellate>1</tessellate>
				<altitudeMode>absolute</altitudeMode>
				<coordinates>
					64.195038,47.131805,10972.8 63.961578,47.089783,10972.8 
				</coordinates>
			</LineString>
		</MultiGeometry>
	</Placemark>
	<Placemark>
		<name>P-589</name>
		<visibility>0</visibility>
		<description><![CDATA[<div><div><span><b>Altitude:</b></span> <span>36,000 ft</span></div>
<div><span><b>Speed:</b></span> <span>391 kt - 392 kt</span></div>
<div><span><b>Timestamp:</b></span><br/><span>2024-09-23 08:06:05 UTC<br/>2024-09-23 08:06:37 UTC</span></div>
</div>]]></description>
		<Style>
			<LineStyle>
				<color>ff7800ff</color>
				<width>2</width>
			</LineStyle>
		</Style>
		<MultiGeometry>
			<LineString>
				<tessellate>1</tessellate>
				<altitudeMode>absolute</altitudeMode>
				<coordinates>
					63.961578,47.089783,10972.8 63.88034800000001,47.07508899999999,10972.8 
				</coordinates>
			</LineString>
		</MultiGeometry>
	</Placemark>
	<Placemark>
		<name>P-590</name>
		<visibility>0</visibility>
		<description><![CDATA[<div><div><span><b>Altitude:</b></span> <span>36,000 ft</span></div>
<div><span><b>Speed:</b></span> <span>392 kt - 393 kt</span></div>
<div><span><b>Timestamp:</b></span><br/><span>2024-09-23 08:06:37 UTC<br/>2024-09-23 08:07:08 UTC</span></div>
</div>]]></description>
		<Style>
			<LineStyle>
				<color>ff7800ff</color>
				<width>2</width>
			</LineStyle>
		</Style>
		<MultiGeometry>
			<LineString>
				<tessellate>1</tessellate>
				<altitudeMode>absolute</altitudeMode>
				<coordinates>
					63.88034800000001,47.07508899999999,10972.8 63.803513,47.061127,10972.8 
				</coordinates>
			</LineString>
		</MultiGeometry>
	</Placemark>
	<Placemark>
		<name>P-591</name>
		<visibility>0</visibility>
		<description><![CDATA[<div><div><span><b>Altitude:</b></span> <span>36,000 ft</span></div>
<div><span><b>Speed:</b></span> <span>393 kt - 394 kt</span></div>
<div><span><b>Timestamp:</b></span><br/><span>2024-09-23 08:07:08 UTC<br/>2024-09-23 08:07:39 UTC</span></div>
</div>]]></description>
		<Style>
			<LineStyle>
				<color>ff7800ff</color>
				<width>2</width>
			</LineStyle>
		</Style>
		<MultiGeometry>
			<LineString>
				<tessellate>1</tessellate>
				<altitudeMode>absolute</altitudeMode>
				<coordinates>
					63.803513,47.061127,10972.8 63.720913,47.045784,10972.8 
				</coordinates>
			</LineString>
		</MultiGeometry>
	</Placemark>
	<Placemark>
		<name>P-592</name>
		<visibility>0</visibility>
		<description><![CDATA[<div><div><span><b>Altitude:</b></span> <span>36,000 ft</span></div>
<div><span><b>Speed:</b></span> <span>394 kt</span></div>
<div><span><b>Timestamp:</b></span><br/><span>2024-09-23 08:07:39 UTC<br/>2024-09-23 08:08:12 UTC</span></div>
</div>]]></description>
		<Style>
			<LineStyle>
				<color>ff7800ff</color>
				<width>2</width>
			</LineStyle>
		</Style>
		<MultiGeometry>
			<LineString>
				<tessellate>1</tessellate>
				<altitudeMode>absolute</altitudeMode>
				<coordinates>
					63.720913,47.045784,10972.8 63.636932,47.029999,10972.8 
				</coordinates>
			</LineString>
		</MultiGeometry>
	</Placemark>
	<Placemark>
		<name>P-593</name>
		<visibility>0</visibility>
		<description><![CDATA[<div><div><span><b>Altitude:</b></span> <span>36,000 ft</span></div>
<div><span><b>Speed:</b></span> <span>394 kt - 395 kt</span></div>
<div><span><b>Timestamp:</b></span><br/><span>2024-09-23 08:08:12 UTC<br/>2024-09-23 08:08:42 UTC</span></div>
</div>]]></description>
		<Style>
			<LineStyle>
				<color>ff7800ff</color>
				<width>2</width>
			</LineStyle>
		</Style>
		<MultiGeometry>
			<LineString>
				<tessellate>1</tessellate>
				<altitudeMode>absolute</altitudeMode>
				<coordinates>
					63.636932,47.029999,10972.8 63.558792,47.015717,10972.8 
				</coordinates>
			</LineString>
		</MultiGeometry>
	</Placemark>
	<Placemark>
		<name>P-594</name>
		<visibility>0</visibility>
		<description><![CDATA[<div><div><span><b>Altitude:</b></span> <span>36,000 ft</span></div>
<div><span><b>Speed:</b></span> <span>395 kt</span></div>
<div><span><b>Timestamp:</b></span><br/><span>2024-09-23 08:08:42 UTC<br/>2024-09-23 08:09:10 UTC</span></div>
</div>]]></description>
		<Style>
			<LineStyle>
				<color>ff7800ff</color>
				<width>2</width>
			</LineStyle>
		</Style>
		<MultiGeometry>
			<LineString>
				<tessellate>1</tessellate>
				<altitudeMode>absolute</altitudeMode>
				<coordinates>
					63.558792,47.015717,10972.8 63.487656,47.002533,10972.8 
				</coordinates>
			</LineString>
		</MultiGeometry>
	</Placemark>
	<Placemark>
		<name>P-595</name>
		<visibility>0</visibility>
		<description><![CDATA[<div><div><span><b>Altitude:</b></span> <span>36,000 ft - 36,025 ft</span></div>
<div><span><b>Speed:</b></span> <span>395 kt - 396 kt</span></div>
<div><span><b>Timestamp:</b></span><br/><span>2024-09-23 08:09:10 UTC<br/>2024-09-23 08:10:15 UTC</span></div>
</div>]]></description>
		<Style>
			<LineStyle>
				<color>ff7800ff</color>
				<width>2</width>
			</LineStyle>
		</Style>
		<MultiGeometry>
			<LineString>
				<tessellate>1</tessellate>
				<altitudeMode>absolute</altitudeMode>
				<coordinates>
					63.487656,47.002533,10972.8 63.32421100000001,46.971672,10980.42 
				</coordinates>
			</LineString>
		</MultiGeometry>
	</Placemark>
	<Placemark>
		<name>P-596</name>
		<visibility>0</visibility>
		<description><![CDATA[<div><div><span><b>Altitude:</b></span> <span>36,025 ft</span></div>
<div><span><b>Speed:</b></span> <span>396 kt - 399 kt</span></div>
<div><span><b>Timestamp:</b></span><br/><span>2024-09-23 08:10:15 UTC<br/>2024-09-23 08:37:38 UTC</span></div>
</div>]]></description>
		<Style>
			<LineStyle>
				<color>88000000</color>
				<width>2</width>
			</LineStyle>
		</Style>
		<MultiGeometry>
			<LineString>
				<tessellate>1</tessellate>
				<coordinates>
					63.32421100000001,46.971672,10980.42 59.06625,46.07634,10980.42 
				</coordinates>
			</LineString>
		</MultiGeometry>
	</Placemark>
	<Placemark>
		<name>P-597</name>
		<visibility>0</visibility>
		<description><![CDATA[<div><div><span><b>Altitude:</b></span> <span>36,025 ft</span></div>
<div><span><b>Speed:</b></span> <span>399 kt - 397 kt</span></div>
<div><span><b>Timestamp:</b></span><br/><span>2024-09-23 08:37:38 UTC<br/>2024-09-23 08:38:11 UTC</span></div>
</div>]]></description>
		<Style>
			<LineStyle>
				<color>ff7800ff</color>
				<width>2</width>
			</LineStyle>
		</Style>
		<MultiGeometry>
			<LineString>
				<tessellate>1</tessellate>
				<altitudeMode>absolute</altitudeMode>
				<coordinates>
					59.06625,46.07634,10980.42 58.983383,46.05697600000001,10980.42 
				</coordinates>
			</LineString>
		</MultiGeometry>
	</Placemark>
	<Placemark>
		<name>P-598</name>
		<visibility>0</visibility>
		<description><![CDATA[<div><div><span><b>Altitude:</b></span> <span>36,025 ft - 36,000 ft</span></div>
<div><span><b>Speed:</b></span> <span>397 kt</span></div>
<div><span><b>Timestamp:</b></span><br/><span>2024-09-23 08:38:11 UTC<br/>2024-09-23 08:38:45 UTC</span></div>
</div>]]></description>
		<Style>
			<LineStyle>
				<color>ff7800ff</color>
				<width>2</width>
			</LineStyle>
		</Style>
		<MultiGeometry>
			<LineString>
				<tessellate>1</tessellate>
				<altitudeMode>absolute</altitudeMode>
				<coordinates>
					58.983383,46.05697600000001,10980.42 58.900246,46.037277,10972.8 
				</coordinates>
			</LineString>
		</MultiGeometry>
	</Placemark>
	<Placemark>
		<name>P-599</name>
		<visibility>0</visibility>
		<description><![CDATA[<div><div><span><b>Altitude:</b></span> <span>36,000 ft - 35,975 ft</span></div>
<div><span><b>Speed:</b></span> <span>397 kt - 396 kt</span></div>
<div><span><b>Timestamp:</b></span><br/><span>2024-09-23 08:38:45 UTC<br/>2024-09-23 08:39:15 UTC</span></div>
</div>]]></description>
		<Style>
			<LineStyle>
				<color>ff7800ff</color>
				<width>2</width>
			</LineStyle>
		</Style>
		<MultiGeometry>
			<LineString>
				<tessellate>1</tessellate>
				<altitudeMode>absolute</altitudeMode>
				<coordinates>
					58.900246,46.037277,10972.8 58.824371,46.019402,10965.18 
				</coordinates>
			</LineString>
		</MultiGeometry>
	</Placemark>
	<Placemark>
		<name>P-600</name>
		<visibility>0</visibility>
		<description><![CDATA[<div><div><span><b>Altitude:</b></span> <span>35,975 ft</span></div>
<div><span><b>Speed:</b></span> <span>396 kt</span></div>
<div><span><b>Timestamp:</b></span><br/><span>2024-09-23 08:39:15 UTC<br/>2024-09-23 08:39:49 UTC</span></div>
</div>]]></description>
		<Style>
			<LineStyle>
				<color>ff7800ff</color>
				<width>2</width>
			</LineStyle>
		</Style>
		<MultiGeometry>
			<LineString>
				<tessellate>1</tessellate>
				<altitudeMode>absolute</altitudeMode>
				<coordinates>
					58.824371,46.019402,10965.18 58.741619,45.99971,10965.18 
				</coordinates>
			</LineString>
		</MultiGeometry>
	</Placemark>
	<Placemark>
		<name>P-601</name>
		<visibility>0</visibility>
		<description><![CDATA[<div><div><span><b>Altitude:</b></span> <span>35,975 ft - 35,950 ft</span></div>
<div><span><b>Speed:</b></span> <span>396 kt - 398 kt</span></div>
<div><span><b>Timestamp:</b></span><br/><span>2024-09-23 08:39:49 UTC<br/>2024-09-23 08:40:22 UTC</span></div>
</div>]]></description>
		<Style>
			<LineStyle>
				<color>ff7800ff</color>
				<width>2</width>
			</LineStyle>
		</Style>
		<MultiGeometry>
			<LineString>
				<tessellate>1</tessellate>
				<altitudeMode>absolute</altitudeMode>
				<coordinates>
					58.741619,45.99971,10965.18 58.658684,45.97988900000001,10957.56 
				</coordinates>
			</LineString>
		</MultiGeometry>
	</Placemark>
	<Placemark>
		<name>P-602</name>
		<visibility>0</visibility>
		<description><![CDATA[<div><div><span><b>Altitude:</b></span> <span>35,950 ft - 35,975 ft</span></div>
<div><span><b>Speed:</b></span> <span>398 kt - 401 kt</span></div>
<div><span><b>Timestamp:</b></span><br/><span>2024-09-23 08:40:22 UTC<br/>2024-09-23 08:40:52 UTC</span></div>
</div>]]></description>
		<Style>
			<LineStyle>
				<color>ff7800ff</color>
				<width>2</width>
			</LineStyle>
		</Style>
		<MultiGeometry>
			<LineString>
				<tessellate>1</tessellate>
				<altitudeMode>absolute</altitudeMode>
				<coordinates>
					58.658684,45.97988900000001,10957.56 58.582382,45.96176100000001,10965.18 
				</coordinates>
			</LineString>
		</MultiGeometry>
	</Placemark>
	<Placemark>
		<name>P-603</name>
		<visibility>0</visibility>
		<description><![CDATA[<div><div><span><b>Altitude:</b></span> <span>35,975 ft - 36,000 ft</span></div>
<div><span><b>Speed:</b></span> <span>401 kt - 403 kt</span></div>
<div><span><b>Timestamp:</b></span><br/><span>2024-09-23 08:40:52 UTC<br/>2024-09-23 08:41:26 UTC</span></div>
</div>]]></description>
		<Style>
			<LineStyle>
				<color>ff7800ff</color>
				<width>2</width>
			</LineStyle>
		</Style>
		<MultiGeometry>
			<LineString>
				<tessellate>1</tessellate>
				<altitudeMode>absolute</altitudeMode>
				<coordinates>
					58.582382,45.96176100000001,10965.18 58.498581,45.941803,10972.8 
				</coordinates>
			</LineString>
		</MultiGeometry>
	</Placemark>
	<Placemark>
		<name>P-604</name>
		<visibility>0</visibility>
		<description><![CDATA[<div><div><span><b>Altitude:</b></span> <span>36,000 ft - 36,025 ft</span></div>
<div><span><b>Speed:</b></span> <span>403 kt - 405 kt</span></div>
<div><span><b>Timestamp:</b></span><br/><span>2024-09-23 08:41:26 UTC<br/>2024-09-23 08:41:59 UTC</span></div>
</div>]]></description>
		<Style>
			<LineStyle>
				<color>ff7800ff</color>
				<width>2</width>
			</LineStyle>
		</Style>
		<MultiGeometry>
			<LineString>
				<tessellate>1</tessellate>
				<altitudeMode>absolute</altitudeMode>
				<coordinates>
					58.498581,45.941803,10972.8 58.414707,45.921661,10980.42 
				</coordinates>
			</LineString>
		</MultiGeometry>
	</Placemark>
	<Placemark>
		<name>P-605</name>
		<visibility>0</visibility>
		<description><![CDATA[<div><div><span><b>Altitude:</b></span> <span>36,025 ft</span></div>
<div><span><b>Speed:</b></span> <span>405 kt - 407 kt</span></div>
<div><span><b>Timestamp:</b></span><br/><span>2024-09-23 08:41:59 UTC<br/>2024-09-23 08:42:32 UTC</span></div>
</div>]]></description>
		<Style>
			<LineStyle>
				<color>ff7800ff</color>
				<width>2</width>
			</LineStyle>
		</Style>
		<MultiGeometry>
			<LineString>
				<tessellate>1</tessellate>
				<altitudeMode>absolute</altitudeMode>
				<coordinates>
					58.414707,45.921661,10980.42 58.32976499999999,45.901199,10980.42 
				</coordinates>
			</LineString>
		</MultiGeometry>
	</Placemark>
	<Placemark>
		<name>P-606</name>
		<visibility>0</visibility>
		<description><![CDATA[<div><div><span><b>Altitude:</b></span> <span>36,025 ft</span></div>
<div><span><b>Speed:</b></span> <span>407 kt - 406 kt</span></div>
<div><span><b>Timestamp:</b></span><br/><span>2024-09-23 08:42:32 UTC<br/>2024-09-23 08:43:02 UTC</span></div>
</div>]]></description>
		<Style>
			<LineStyle>
				<color>ff7800ff</color>
				<width>2</width>
			</LineStyle>
		</Style>
		<MultiGeometry>
			<LineString>
				<tessellate>1</tessellate>
				<altitudeMode>absolute</altitudeMode>
				<coordinates>
					58.32976499999999,45.901199,10980.42 58.25312799999999,45.882843,10980.42 
				</coordinates>
			</LineString>
		</MultiGeometry>
	</Placemark>
	<Placemark>
		<name>P-607</name>
		<visibility>0</visibility>
		<description><![CDATA[<div><div><span><b>Altitude:</b></span> <span>36,025 ft - 36,050 ft</span></div>
<div><span><b>Speed:</b></span> <span>406 kt - 405 kt</span></div>
<div><span><b>Timestamp:</b></span><br/><span>2024-09-23 08:43:02 UTC<br/>2024-09-23 08:43:35 UTC</span></div>
</div>]]></description>
		<Style>
			<LineStyle>
				<color>ff7800ff</color>
				<width>2</width>
			</LineStyle>
		</Style>
		<MultiGeometry>
			<LineString>
				<tessellate>1</tessellate>
				<altitudeMode>absolute</altitudeMode>
				<coordinates>
					58.25312799999999,45.882843,10980.42 58.168419,45.86219400000001,10988.04 
				</coordinates>
			</LineString>
		</MultiGeometry>
	</Placemark>
	<Placemark>
		<name>P-608</name>
		<visibility>0</visibility>
		<description><![CDATA[<div><div><span><b>Altitude:</b></span> <span>36,050 ft</span></div>
<div><span><b>Speed:</b></span> <span>405 kt - 402 kt</span></div>
<div><span><b>Timestamp:</b></span><br/><span>2024-09-23 08:43:35 UTC<br/>2024-09-23 08:44:09 UTC</span></div>
</div>]]></description>
		<Style>
			<LineStyle>
				<color>ff7800ff</color>
				<width>2</width>
			</LineStyle>
		</Style>
		<MultiGeometry>
			<LineString>
				<tessellate>1</tessellate>
				<altitudeMode>absolute</altitudeMode>
				<coordinates>
					58.168419,45.86219400000001,10988.04 58.084167,45.841431,10988.04 
				</coordinates>
			</LineString>
		</MultiGeometry>
	</Placemark>
	<Placemark>
		<name>P-609</name>
		<visibility>0</visibility>
		<description><![CDATA[<div><div><span><b>Altitude:</b></span> <span>36,050 ft - 36,025 ft</span></div>
<div><span><b>Speed:</b></span> <span>402 kt - 400 kt</span></div>
<div><span><b>Timestamp:</b></span><br/><span>2024-09-23 08:44:09 UTC<br/>2024-09-23 08:44:42 UTC</span></div>
</div>]]></description>
		<Style>
			<LineStyle>
				<color>ff7800ff</color>
				<width>2</width>
			</LineStyle>
		</Style>
		<MultiGeometry>
			<LineString>
				<tessellate>1</tessellate>
				<altitudeMode>absolute</altitudeMode>
				<coordinates>
					58.084167,45.841431,10988.04 58.001179,45.821045,10980.42 
				</coordinates>
			</LineString>
		</MultiGeometry>
	</Placemark>
	<Placemark>
		<name>P-610</name>
		<visibility>0</visibility>
		<description><![CDATA[<div><div><span><b>Altitude:</b></span> <span>36,025 ft</span></div>
<div><span><b>Speed:</b></span> <span>400 kt - 397 kt</span></div>
<div><span><b>Timestamp:</b></span><br/><span>2024-09-23 08:44:42 UTC<br/>2024-09-23 08:45:12 UTC</span></div>
</div>]]></description>
		<Style>
			<LineStyle>
				<color>ff7800ff</color>
				<width>2</width>
			</LineStyle>
		</Style>
		<MultiGeometry>
			<LineString>
				<tessellate>1</tessellate>
				<altitudeMode>absolute</altitudeMode>
				<coordinates>
					58.001179,45.821045,10980.42 57.926582,45.802746,10980.42 
				</coordinates>
			</LineString>
		</MultiGeometry>
	</Placemark>
	<Placemark>
		<name>P-611</name>
		<visibility>0</visibility>
		<description><![CDATA[<div><div><span><b>Altitude:</b></span> <span>36,025 ft - 36,000 ft</span></div>
<div><span><b>Speed:</b></span> <span>397 kt - 394 kt</span></div>
<div><span><b>Timestamp:</b></span><br/><span>2024-09-23 08:45:12 UTC<br/>2024-09-23 08:45:46 UTC</span></div>
</div>]]></description>
		<Style>
			<LineStyle>
				<color>ff7800ff</color>
				<width>2</width>
			</LineStyle>
		</Style>
		<MultiGeometry>
			<LineString>
				<tessellate>1</tessellate>
				<altitudeMode>absolute</altitudeMode>
				<coordinates>
					57.926582,45.802746,10980.42 57.843636,45.78235599999999,10972.8 
				</coordinates>
			</LineString>
		</MultiGeometry>
	</Placemark>
	<Placemark>
		<name>P-612</name>
		<visibility>0</visibility>
		<description><![CDATA[<div><div><span><b>Altitude:</b></span> <span>36,000 ft - 35,975 ft</span></div>
<div><span><b>Speed:</b></span> <span>394 kt - 392 kt</span></div>
<div><span><b>Timestamp:</b></span><br/><span>2024-09-23 08:45:46 UTC<br/>2024-09-23 08:46:19 UTC</span></div>
</div>]]></description>
		<Style>
			<LineStyle>
				<color>ff7800ff</color>
				<width>2</width>
			</LineStyle>
		</Style>
		<MultiGeometry>
			<LineString>
				<tessellate>1</tessellate>
				<altitudeMode>absolute</altitudeMode>
				<coordinates>
					57.843636,45.78235599999999,10972.8 57.762268,45.762295,10965.18 
				</coordinates>
			</LineString>
		</MultiGeometry>
	</Placemark>
	<Placemark>
		<name>P-613</name>
		<visibility>0</visibility>
		<description><![CDATA[<div><div><span><b>Altitude:</b></span> <span>35,975 ft - 35,950 ft</span></div>
<div><span><b>Speed:</b></span> <span>392 kt - 391 kt</span></div>
<div><span><b>Timestamp:</b></span><br/><span>2024-09-23 08:46:19 UTC<br/>2024-09-23 08:46:52 UTC</span></div>
</div>]]></description>
		<Style>
			<LineStyle>
				<color>ff7800ff</color>
				<width>2</width>
			</LineStyle>
		</Style>
		<MultiGeometry>
			<LineString>
				<tessellate>1</tessellate>
				<altitudeMode>absolute</altitudeMode>
				<coordinates>
					57.762268,45.762295,10965.18 57.68123599999999,45.742172,10957.56 
				</coordinates>
			</LineString>
		</MultiGeometry>
	</Placemark>
	<Placemark>
		<name>P-614</name>
		<visibility>0</visibility>
		<description><![CDATA[<div><div><span><b>Altitude:</b></span> <span>35,950 ft</span></div>
<div><span><b>Speed:</b></span> <span>391 kt - 392 kt</span></div>
<div><span><b>Timestamp:</b></span><br/><span>2024-09-23 08:46:52 UTC<br/>2024-09-23 08:47:25 UTC</span></div>
</div>]]></description>
		<Style>
			<LineStyle>
				<color>ff7800ff</color>
				<width>2</width>
			</LineStyle>
		</Style>
		<MultiGeometry>
			<LineString>
				<tessellate>1</tessellate>
				<altitudeMode>absolute</altitudeMode>
				<coordinates>
					57.68123599999999,45.742172,10957.56 57.60111599999999,45.722122,10957.56 
				</coordinates>
			</LineString>
		</MultiGeometry>
	</Placemark>
	<Placemark>
		<name>P-615</name>
		<visibility>0</visibility>
		<description><![CDATA[<div><div><span><b>Altitude:</b></span> <span>35,950 ft - 35,975 ft</span></div>
<div><span><b>Speed:</b></span> <span>392 kt - 391 kt</span></div>
<div><span><b>Timestamp:</b></span><br/><span>2024-09-23 08:47:25 UTC<br/>2024-09-23 08:47:59 UTC</span></div>
</div>]]></description>
		<Style>
			<LineStyle>
				<color>ff7800ff</color>
				<width>2</width>
			</LineStyle>
		</Style>
		<MultiGeometry>
			<LineString>
				<tessellate>1</tessellate>
				<altitudeMode>absolute</altitudeMode>
				<coordinates>
					57.60111599999999,45.722122,10957.56 57.51945499999999,45.70184299999999,10965.18 
				</coordinates>
			</LineString>
		</MultiGeometry>
	</Placemark>
	<Placemark>
		<name>P-616</name>
		<visibility>0</visibility>
		<description><![CDATA[<div><div><span><b>Altitude:</b></span> <span>35,975 ft - 36,000 ft</span></div>
<div><span><b>Speed:</b></span> <span>391 kt - 392 kt</span></div>
<div><span><b>Timestamp:</b></span><br/><span>2024-09-23 08:47:59 UTC<br/>2024-09-23 08:48:32 UTC</span></div>
</div>]]></description>
		<Style>
			<LineStyle>
				<color>ff7800ff</color>
				<width>2</width>
			</LineStyle>
		</Style>
		<MultiGeometry>
			<LineString>
				<tessellate>1</tessellate>
				<altitudeMode>absolute</altitudeMode>
				<coordinates>
					57.51945499999999,45.70184299999999,10965.18 57.439339,45.68170200000001,10972.8 
				</coordinates>
			</LineString>
		</MultiGeometry>
	</Placemark>
	<Placemark>
		<name>P-617</name>
		<visibility>0</visibility>
		<description><![CDATA[<div><div><span><b>Altitude:</b></span> <span>36,000 ft</span></div>
<div><span><b>Speed:</b></span> <span>392 kt</span></div>
<div><span><b>Timestamp:</b></span><br/><span>2024-09-23 08:48:32 UTC<br/>2024-09-23 08:49:02 UTC</span></div>
</div>]]></description>
		<Style>
			<LineStyle>
				<color>ff7800ff</color>
				<width>2</width>
			</LineStyle>
		</Style>
		<MultiGeometry>
			<LineString>
				<tessellate>1</tessellate>
				<altitudeMode>absolute</altitudeMode>
				<coordinates>
					57.439339,45.68170200000001,10972.8 57.364769,45.662857,10972.8 
				</coordinates>
			</LineString>
		</MultiGeometry>
	</Placemark>
	<Placemark>
		<name>P-618</name>
		<visibility>0</visibility>
		<description><![CDATA[<div><div><span><b>Altitude:</b></span> <span>36,000 ft</span></div>
<div><span><b>Speed:</b></span> <span>392 kt</span></div>
<div><span><b>Timestamp:</b></span><br/><span>2024-09-23 08:49:02 UTC<br/>2024-09-23 08:49:36 UTC</span></div>
</div>]]></description>
		<Style>
			<LineStyle>
				<color>ff7800ff</color>
				<width>2</width>
			</LineStyle>
		</Style>
		<MultiGeometry>
			<LineString>
				<tessellate>1</tessellate>
				<altitudeMode>absolute</altitudeMode>
				<coordinates>
					57.364769,45.662857,10972.8 57.28352,45.642288,10972.8 
				</coordinates>
			</LineString>
		</MultiGeometry>
	</Placemark>
	<Placemark>
		<name>P-619</name>
		<visibility>0</visibility>
		<description><![CDATA[<div><div><span><b>Altitude:</b></span> <span>36,000 ft</span></div>
<div><span><b>Speed:</b></span> <span>392 kt</span></div>
<div><span><b>Timestamp:</b></span><br/><span>2024-09-23 08:49:36 UTC<br/>2024-09-23 08:50:09 UTC</span></div>
</div>]]></description>
		<Style>
			<LineStyle>
				<color>ff7800ff</color>
				<width>2</width>
			</LineStyle>
		</Style>
		<MultiGeometry>
			<LineString>
				<tessellate>1</tessellate>
				<altitudeMode>absolute</altitudeMode>
				<coordinates>
					57.28352,45.642288,10972.8 57.20272800000001,45.621826,10972.8 
				</coordinates>
			</LineString>
		</MultiGeometry>
	</Placemark>
	<Placemark>
		<name>P-620</name>
		<visibility>0</visibility>
		<description><![CDATA[<div><div><span><b>Altitude:</b></span> <span>36,000 ft - 36,025 ft</span></div>
<div><span><b>Speed:</b></span> <span>392 kt - 391 kt</span></div>
<div><span><b>Timestamp:</b></span><br/><span>2024-09-23 08:50:09 UTC<br/>2024-09-23 08:50:42 UTC</span></div>
</div>]]></description>
		<Style>
			<LineStyle>
				<color>ff7800ff</color>
				<width>2</width>
			</LineStyle>
		</Style>
		<MultiGeometry>
			<LineString>
				<tessellate>1</tessellate>
				<altitudeMode>absolute</altitudeMode>
				<coordinates>
					57.20272800000001,45.621826,10972.8 57.122879,45.60159300000001,10980.42 
				</coordinates>
			</LineString>
		</MultiGeometry>
	</Placemark>
	<Placemark>
		<name>P-621</name>
		<visibility>0</visibility>
		<description><![CDATA[<div><div><span><b>Altitude:</b></span> <span>36,025 ft - 36,000 ft</span></div>
<div><span><b>Speed:</b></span> <span>391 kt - 390 kt</span></div>
<div><span><b>Timestamp:</b></span><br/><span>2024-09-23 08:50:42 UTC<br/>2024-09-23 08:51:15 UTC</span></div>
</div>]]></description>
		<Style>
			<LineStyle>
				<color>ff7800ff</color>
				<width>2</width>
			</LineStyle>
		</Style>
		<MultiGeometry>
			<LineString>
				<tessellate>1</tessellate>
				<altitudeMode>absolute</altitudeMode>
				<coordinates>
					57.122879,45.60159300000001,10980.42 57.04170199999999,45.580879,10972.8 
				</coordinates>
			</LineString>
		</MultiGeometry>
	</Placemark>
	<Placemark>
		<name>P-622</name>
		<visibility>0</visibility>
		<description><![CDATA[<div><div><span><b>Altitude:</b></span> <span>36,000 ft</span></div>
<div><span><b>Speed:</b></span> <span>390 kt</span></div>
<div><span><b>Timestamp:</b></span><br/><span>2024-09-23 08:51:15 UTC<br/>2024-09-23 08:51:49 UTC</span></div>
</div>]]></description>
		<Style>
			<LineStyle>
				<color>ff7800ff</color>
				<width>2</width>
			</LineStyle>
		</Style>
		<MultiGeometry>
			<LineString>
				<tessellate>1</tessellate>
				<altitudeMode>absolute</altitudeMode>
				<coordinates>
					57.04170199999999,45.580879,10972.8 56.961765,45.560257,10972.8 
				</coordinates>
			</LineString>
		</MultiGeometry>
	</Placemark>
	<Placemark>
		<name>P-623</name>
		<visibility>0</visibility>
		<description><![CDATA[<div><div><span><b>Altitude:</b></span> <span>36,000 ft</span></div>
<div><span><b>Speed:</b></span> <span>390 kt - 388 kt</span></div>
<div><span><b>Timestamp:</b></span><br/><span>2024-09-23 08:51:49 UTC<br/>2024-09-23 08:52:22 UTC</span></div>
</div>]]></description>
		<Style>
			<LineStyle>
				<color>ff7800ff</color>
				<width>2</width>
			</LineStyle>
		</Style>
		<MultiGeometry>
			<LineString>
				<tessellate>1</tessellate>
				<altitudeMode>absolute</altitudeMode>
				<coordinates>
					56.961765,45.560257,10972.8 56.881645,45.539635,10972.8 
				</coordinates>
			</LineString>
		</MultiGeometry>
	</Placemark>
	<Placemark>
		<name>P-624</name>
		<visibility>0</visibility>
		<description><![CDATA[<div><div><span><b>Altitude:</b></span> <span>36,000 ft - 35,975 ft</span></div>
<div><span><b>Speed:</b></span> <span>388 kt - 389 kt</span></div>
<div><span><b>Timestamp:</b></span><br/><span>2024-09-23 08:52:22 UTC<br/>2024-09-23 08:52:52 UTC</span></div>
</div>]]></description>
		<Style>
			<LineStyle>
				<color>ff7800ff</color>
				<width>2</width>
			</LineStyle>
		</Style>
		<MultiGeometry>
			<LineString>
				<tessellate>1</tessellate>
				<altitudeMode>absolute</altitudeMode>
				<coordinates>
					56.881645,45.539635,10972.8 56.808994,45.520889,10965.18 
				</coordinates>
			</LineString>
		</MultiGeometry>
	</Placemark>
	<Placemark>
		<name>P-625</name>
		<visibility>0</visibility>
		<description><![CDATA[<div><div><span><b>Altitude:</b></span> <span>35,975 ft</span></div>
<div><span><b>Speed:</b></span> <span>389 kt - 390 kt</span></div>
<div><span><b>Timestamp:</b></span><br/><span>2024-09-23 08:52:52 UTC<br/>2024-09-23 08:53:25 UTC</span></div>
</div>]]></description>
		<Style>
			<LineStyle>
				<color>ff7800ff</color>
				<width>2</width>
			</LineStyle>
		</Style>
		<MultiGeometry>
			<LineString>
				<tessellate>1</tessellate>
				<altitudeMode>absolute</altitudeMode>
				<coordinates>
					56.808994,45.520889,10965.18 56.729313,45.500202,10965.18 
				</coordinates>
			</LineString>
		</MultiGeometry>
	</Placemark>
	<Placemark>
		<name>P-626</name>
		<visibility>0</visibility>
		<description><![CDATA[<div><div><span><b>Altitude:</b></span> <span>35,975 ft</span></div>
<div><span><b>Speed:</b></span> <span>390 kt - 391 kt</span></div>
<div><span><b>Timestamp:</b></span><br/><span>2024-09-23 08:53:25 UTC<br/>2024-09-23 08:53:59 UTC</span></div>
</div>]]></description>
		<Style>
			<LineStyle>
				<color>ff7800ff</color>
				<width>2</width>
			</LineStyle>
		</Style>
		<MultiGeometry>
			<LineString>
				<tessellate>1</tessellate>
				<altitudeMode>absolute</altitudeMode>
				<coordinates>
					56.729313,45.500202,10965.18 56.648991,45.47939699999999,10965.18 
				</coordinates>
			</LineString>
		</MultiGeometry>
	</Placemark>
	<Placemark>
		<name>P-627</name>
		<visibility>0</visibility>
		<description><![CDATA[<div><div><span><b>Altitude:</b></span> <span>35,975 ft - 36,000 ft</span></div>
<div><span><b>Speed:</b></span> <span>391 kt - 392 kt</span></div>
<div><span><b>Timestamp:</b></span><br/><span>2024-09-23 08:53:59 UTC<br/>2024-09-23 08:54:32 UTC</span></div>
</div>]]></description>
		<Style>
			<LineStyle>
				<color>ff7800ff</color>
				<width>2</width>
			</LineStyle>
		</Style>
		<MultiGeometry>
			<LineString>
				<tessellate>1</tessellate>
				<altitudeMode>absolute</altitudeMode>
				<coordinates>
					56.648991,45.47939699999999,10965.18 56.56846999999999,45.45840099999999,10972.8 
				</coordinates>
			</LineString>
		</MultiGeometry>
	</Placemark>
	<Placemark>
		<name>P-628</name>
		<visibility>0</visibility>
		<description><![CDATA[<div><div><span><b>Altitude:</b></span> <span>36,000 ft - 36,025 ft</span></div>
<div><span><b>Speed:</b></span> <span>392 kt</span></div>
<div><span><b>Timestamp:</b></span><br/><span>2024-09-23 08:54:32 UTC<br/>2024-09-23 08:55:06 UTC</span></div>
</div>]]></description>
		<Style>
			<LineStyle>
				<color>ff7800ff</color>
				<width>2</width>
			</LineStyle>
		</Style>
		<MultiGeometry>
			<LineString>
				<tessellate>1</tessellate>
				<altitudeMode>absolute</altitudeMode>
				<coordinates>
					56.56846999999999,45.45840099999999,10972.8 56.48745000000001,45.437302,10980.42 
				</coordinates>
			</LineString>
		</MultiGeometry>
	</Placemark>
	<Placemark>
		<name>P-629</name>
		<visibility>0</visibility>
		<description><![CDATA[<div><div><span><b>Altitude:</b></span> <span>36,025 ft</span></div>
<div><span><b>Speed:</b></span> <span>392 kt - 391 kt</span></div>
<div><span><b>Timestamp:</b></span><br/><span>2024-09-23 08:55:06 UTC<br/>2024-09-23 08:55:39 UTC</span></div>
</div>]]></description>
		<Style>
			<LineStyle>
				<color>ff7800ff</color>
				<width>2</width>
			</LineStyle>
		</Style>
		<MultiGeometry>
			<LineString>
				<tessellate>1</tessellate>
				<altitudeMode>absolute</altitudeMode>
				<coordinates>
					56.48745000000001,45.437302,10980.42 56.406685,45.416061,10980.42 
				</coordinates>
			</LineString>
		</MultiGeometry>
	</Placemark>
	<Placemark>
		<name>P-630</name>
		<visibility>0</visibility>
		<description><![CDATA[<div><div><span><b>Altitude:</b></span> <span>36,025 ft - 36,000 ft</span></div>
<div><span><b>Speed:</b></span> <span>391 kt - 392 kt</span></div>
<div><span><b>Timestamp:</b></span><br/><span>2024-09-23 08:55:39 UTC<br/>2024-09-23 08:56:09 UTC</span></div>
</div>]]></description>
		<Style>
			<LineStyle>
				<color>ff7800ff</color>
				<width>2</width>
			</LineStyle>
		</Style>
		<MultiGeometry>
			<LineString>
				<tessellate>1</tessellate>
				<altitudeMode>absolute</altitudeMode>
				<coordinates>
					56.406685,45.416061,10980.42 56.333836,45.39679,10972.8 
				</coordinates>
			</LineString>
		</MultiGeometry>
	</Placemark>
	<Placemark>
		<name>P-631</name>
		<visibility>0</visibility>
		<description><![CDATA[<div><div><span><b>Altitude:</b></span> <span>36,000 ft</span></div>
<div><span><b>Speed:</b></span> <span>392 kt</span></div>
<div><span><b>Timestamp:</b></span><br/><span>2024-09-23 08:56:09 UTC<br/>2024-09-23 08:56:43 UTC</span></div>
</div>]]></description>
		<Style>
			<LineStyle>
				<color>ff7800ff</color>
				<width>2</width>
			</LineStyle>
		</Style>
		<MultiGeometry>
			<LineString>
				<tessellate>1</tessellate>
				<altitudeMode>absolute</altitudeMode>
				<coordinates>
					56.333836,45.39679,10972.8 56.25346799999999,45.37550400000001,10972.8 
				</coordinates>
			</LineString>
		</MultiGeometry>
	</Placemark>
	<Placemark>
		<name>P-632</name>
		<visibility>0</visibility>
		<description><![CDATA[<div><div><span><b>Altitude:</b></span> <span>36,000 ft</span></div>
<div><span><b>Speed:</b></span> <span>392 kt - 391 kt</span></div>
<div><span><b>Timestamp:</b></span><br/><span>2024-09-23 08:56:43 UTC<br/>2024-09-23 08:57:15 UTC</span></div>
</div>]]></description>
		<Style>
			<LineStyle>
				<color>ff7800ff</color>
				<width>2</width>
			</LineStyle>
		</Style>
		<MultiGeometry>
			<LineString>
				<tessellate>1</tessellate>
				<altitudeMode>absolute</altitudeMode>
				<coordinates>
					56.25346799999999,45.37550400000001,10972.8 56.174904,45.354729,10972.8 
				</coordinates>
			</LineString>
		</MultiGeometry>
	</Placemark>
	<Placemark>
		<name>P-633</name>
		<visibility>0</visibility>
		<description><![CDATA[<div><div><span><b>Altitude:</b></span> <span>36,000 ft</span></div>
<div><span><b>Speed:</b></span> <span>391 kt - 392 kt</span></div>
<div><span><b>Timestamp:</b></span><br/><span>2024-09-23 08:57:15 UTC<br/>2024-09-23 08:57:49 UTC</span></div>
</div>]]></description>
		<Style>
			<LineStyle>
				<color>ff7800ff</color>
				<width>2</width>
			</LineStyle>
		</Style>
		<MultiGeometry>
			<LineString>
				<tessellate>1</tessellate>
				<altitudeMode>absolute</altitudeMode>
				<coordinates>
					56.174904,45.354729,10972.8 56.095081,45.333572,10972.8 
				</coordinates>
			</LineString>
		</MultiGeometry>
	</Placemark>
	<Placemark>
		<name>P-634</name>
		<visibility>0</visibility>
		<description><![CDATA[<div><div><span><b>Altitude:</b></span> <span>36,000 ft</span></div>
<div><span><b>Speed:</b></span> <span>392 kt - 391 kt</span></div>
<div><span><b>Timestamp:</b></span><br/><span>2024-09-23 08:57:49 UTC<br/>2024-09-23 08:58:22 UTC</span></div>
</div>]]></description>
		<Style>
			<LineStyle>
				<color>ff7800ff</color>
				<width>2</width>
			</LineStyle>
		</Style>
		<MultiGeometry>
			<LineString>
				<tessellate>1</tessellate>
				<altitudeMode>absolute</altitudeMode>
				<coordinates>
					56.095081,45.333572,10972.8 56.014999,45.31218,10972.8 
				</coordinates>
			</LineString>
		</MultiGeometry>
	</Placemark>
	<Placemark>
		<name>P-635</name>
		<visibility>0</visibility>
		<description><![CDATA[<div><div><span><b>Altitude:</b></span> <span>36,000 ft - 36,025 ft</span></div>
<div><span><b>Speed:</b></span> <span>391 kt - 390 kt</span></div>
<div><span><b>Timestamp:</b></span><br/><span>2024-09-23 08:58:22 UTC<br/>2024-09-23 08:58:52 UTC</span></div>
</div>]]></description>
		<Style>
			<LineStyle>
				<color>ff7800ff</color>
				<width>2</width>
			</LineStyle>
		</Style>
		<MultiGeometry>
			<LineString>
				<tessellate>1</tessellate>
				<altitudeMode>absolute</altitudeMode>
				<coordinates>
					56.014999,45.31218,10972.8 55.943253,45.29290799999999,10980.42 
				</coordinates>
			</LineString>
		</MultiGeometry>
	</Placemark>
	<Placemark>
		<name>P-636</name>
		<visibility>0</visibility>
		<description><![CDATA[<div><div><span><b>Altitude:</b></span> <span>36,025 ft - 36,000 ft</span></div>
<div><span><b>Speed:</b></span> <span>390 kt - 389 kt</span></div>
<div><span><b>Timestamp:</b></span><br/><span>2024-09-23 08:58:52 UTC<br/>2024-09-23 08:59:25 UTC</span></div>
</div>]]></description>
		<Style>
			<LineStyle>
				<color>ff7800ff</color>
				<width>2</width>
			</LineStyle>
		</Style>
		<MultiGeometry>
			<LineString>
				<tessellate>1</tessellate>
				<altitudeMode>absolute</altitudeMode>
				<coordinates>
					55.943253,45.29290799999999,10980.42 55.86333500000001,45.2714,10972.8 
				</coordinates>
			</LineString>
		</MultiGeometry>
	</Placemark>
	<Placemark>
		<name>P-637</name>
		<visibility>0</visibility>
		<description><![CDATA[<div><div><span><b>Altitude:</b></span> <span>36,000 ft</span></div>
<div><span><b>Speed:</b></span> <span>389 kt</span></div>
<div><span><b>Timestamp:</b></span><br/><span>2024-09-23 08:59:25 UTC<br/>2024-09-23 08:59:59 UTC</span></div>
</div>]]></description>
		<Style>
			<LineStyle>
				<color>ff7800ff</color>
				<width>2</width>
			</LineStyle>
		</Style>
		<MultiGeometry>
			<LineString>
				<tessellate>1</tessellate>
				<altitudeMode>absolute</altitudeMode>
				<coordinates>
					55.86333500000001,45.2714,10972.8 55.78448899999999,45.250263,10972.8 
				</coordinates>
			</LineString>
		</MultiGeometry>
	</Placemark>
	<Placemark>
		<name>P-638</name>
		<visibility>0</visibility>
		<description><![CDATA[<div><div><span><b>Altitude:</b></span> <span>36,000 ft - 35,975 ft</span></div>
<div><span><b>Speed:</b></span> <span>389 kt</span></div>
<div><span><b>Timestamp:</b></span><br/><span>2024-09-23 08:59:59 UTC<br/>2024-09-23 09:00:32 UTC</span></div>
</div>]]></description>
		<Style>
			<LineStyle>
				<color>ff7800ff</color>
				<width>2</width>
			</LineStyle>
		</Style>
		<MultiGeometry>
			<LineString>
				<tessellate>1</tessellate>
				<altitudeMode>absolute</altitudeMode>
				<coordinates>
					55.78448899999999,45.250263,10972.8 55.705307,45.228806,10965.18 
				</coordinates>
			</LineString>
		</MultiGeometry>
	</Placemark>
	<Placemark>
		<name>P-639</name>
		<visibility>0</visibility>
		<description><![CDATA[<div><div><span><b>Altitude:</b></span> <span>35,975 ft - 36,000 ft</span></div>
<div><span><b>Speed:</b></span> <span>389 kt</span></div>
<div><span><b>Timestamp:</b></span><br/><span>2024-09-23 09:00:32 UTC<br/>2024-09-23 09:01:05 UTC</span></div>
</div>]]></description>
		<Style>
			<LineStyle>
				<color>ff7800ff</color>
				<width>2</width>
			</LineStyle>
		</Style>
		<MultiGeometry>
			<LineString>
				<tessellate>1</tessellate>
				<altitudeMode>absolute</altitudeMode>
				<coordinates>
					55.705307,45.228806,10965.18 55.626457,45.20738999999999,10972.8 
				</coordinates>
			</LineString>
		</MultiGeometry>
	</Placemark>
	<Placemark>
		<name>P-640</name>
		<visibility>0</visibility>
		<description><![CDATA[<div><div><span><b>Altitude:</b></span> <span>36,000 ft - 36,025 ft</span></div>
<div><span><b>Speed:</b></span> <span>389 kt</span></div>
<div><span><b>Timestamp:</b></span><br/><span>2024-09-23 09:01:05 UTC<br/>2024-09-23 09:01:38 UTC</span></div>
</div>]]></description>
		<Style>
			<LineStyle>
				<color>ff7800ff</color>
				<width>2</width>
			</LineStyle>
		</Style>
		<MultiGeometry>
			<LineString>
				<tessellate>1</tessellate>
				<altitudeMode>absolute</altitudeMode>
				<coordinates>
					55.626457,45.20738999999999,10972.8 55.547398,45.185989,10980.42 
				</coordinates>
			</LineString>
		</MultiGeometry>
	</Placemark>
	<Placemark>
		<name>P-641</name>
		<visibility>0</visibility>
		<description><![CDATA[<div><div><span><b>Altitude:</b></span> <span>36,025 ft - 36,000 ft</span></div>
<div><span><b>Speed:</b></span> <span>389 kt - 388 kt</span></div>
<div><span><b>Timestamp:</b></span><br/><span>2024-09-23 09:01:38 UTC<br/>2024-09-23 09:02:09 UTC</span></div>
</div>]]></description>
		<Style>
			<LineStyle>
				<color>ff7800ff</color>
				<width>2</width>
			</LineStyle>
		</Style>
		<MultiGeometry>
			<LineString>
				<tessellate>1</tessellate>
				<altitudeMode>absolute</altitudeMode>
				<coordinates>
					55.547398,45.185989,10980.42 55.475262,45.166286,10972.8 
				</coordinates>
			</LineString>
		</MultiGeometry>
	</Placemark>
	<Placemark>
		<name>P-642</name>
		<visibility>0</visibility>
		<description><![CDATA[<div><div><span><b>Altitude:</b></span> <span>36,000 ft - 35,975 ft</span></div>
<div><span><b>Speed:</b></span> <span>388 kt - 389 kt</span></div>
<div><span><b>Timestamp:</b></span><br/><span>2024-09-23 09:02:09 UTC<br/>2024-09-23 09:02:42 UTC</span></div>
</div>]]></description>
		<Style>
			<LineStyle>
				<color>ff7800ff</color>
				<width>2</width>
			</LineStyle>
		</Style>
		<MultiGeometry>
			<LineString>
				<tessellate>1</tessellate>
				<altitudeMode>absolute</altitudeMode>
				<coordinates>
					55.475262,45.166286,10972.8 55.396549,45.144592,10965.18 
				</coordinates>
			</LineString>
		</MultiGeometry>
	</Placemark>
	<Placemark>
		<name>P-643</name>
		<visibility>0</visibility>
		<description><![CDATA[<div><div><span><b>Altitude:</b></span> <span>35,975 ft</span></div>
<div><span><b>Speed:</b></span> <span>389 kt - 390 kt</span></div>
<div><span><b>Timestamp:</b></span><br/><span>2024-09-23 09:02:42 UTC<br/>2024-09-23 09:03:12 UTC</span></div>
</div>]]></description>
		<Style>
			<LineStyle>
				<color>ff7800ff</color>
				<width>2</width>
			</LineStyle>
		</Style>
		<MultiGeometry>
			<LineString>
				<tessellate>1</tessellate>
				<altitudeMode>absolute</altitudeMode>
				<coordinates>
					55.396549,45.144592,10965.18 55.32505399999999,45.12492399999999,10965.18 
				</coordinates>
			</LineString>
		</MultiGeometry>
	</Placemark>
	<Placemark>
		<name>P-644</name>
		<visibility>0</visibility>
		<description><![CDATA[<div><div><span><b>Altitude:</b></span> <span>35,975 ft</span></div>
<div><span><b>Speed:</b></span> <span>390 kt - 393 kt</span></div>
<div><span><b>Timestamp:</b></span><br/><span>2024-09-23 09:03:12 UTC<br/>2024-09-23 09:03:45 UTC</span></div>
</div>]]></description>
		<Style>
			<LineStyle>
				<color>ff7800ff</color>
				<width>2</width>
			</LineStyle>
		</Style>
		<MultiGeometry>
			<LineString>
				<tessellate>1</tessellate>
				<altitudeMode>absolute</altitudeMode>
				<coordinates>
					55.32505399999999,45.12492399999999,10965.18 55.247169,45.100204,10965.18 
				</coordinates>
			</LineString>
		</MultiGeometry>
	</Placemark>
	<Placemark>
		<name>P-645</name>
		<visibility>0</visibility>
		<description><![CDATA[<div><div><span><b>Altitude:</b></span> <span>35,975 ft - 36,000 ft</span></div>
<div><span><b>Speed:</b></span> <span>393 kt - 396 kt</span></div>
<div><span><b>Timestamp:</b></span><br/><span>2024-09-23 09:03:45 UTC<br/>2024-09-23 09:04:18 UTC</span></div>
</div>]]></description>
		<Style>
			<LineStyle>
				<color>ff7800ff</color>
				<width>2</width>
			</LineStyle>
		</Style>
		<MultiGeometry>
			<LineString>
				<tessellate>1</tessellate>
				<altitudeMode>absolute</altitudeMode>
				<coordinates>
					55.247169,45.100204,10965.18 55.176086,45.068432,10972.8 
				</coordinates>
			</LineString>
		</MultiGeometry>
	</Placemark>
	<Placemark>
		<name>P-646</name>
		<visibility>0</visibility>
		<description><![CDATA[<div><div><span><b>Altitude:</b></span> <span>36,000 ft - 36,025 ft</span></div>
<div><span><b>Speed:</b></span> <span>396 kt - 398 kt</span></div>
<div><span><b>Timestamp:</b></span><br/><span>2024-09-23 09:04:18 UTC<br/>2024-09-23 09:04:52 UTC</span></div>
</div>]]></description>
		<Style>
			<LineStyle>
				<color>ff7800ff</color>
				<width>2</width>
			</LineStyle>
		</Style>
		<MultiGeometry>
			<LineString>
				<tessellate>1</tessellate>
				<altitudeMode>absolute</altitudeMode>
				<coordinates>
					55.176086,45.068432,10972.8 55.10885999999999,45.028656,10980.42 
				</coordinates>
			</LineString>
		</MultiGeometry>
	</Placemark>
	<Placemark>
		<name>P-647</name>
		<visibility>0</visibility>
		<description><![CDATA[<div><div><span><b>Altitude:</b></span> <span>36,025 ft - 36,050 ft</span></div>
<div><span><b>Speed:</b></span> <span>398 kt - 400 kt</span></div>
<div><span><b>Timestamp:</b></span><br/><span>2024-09-23 09:04:52 UTC<br/>2024-09-23 09:05:25 UTC</span></div>
</div>]]></description>
		<Style>
			<LineStyle>
				<color>ff7800ff</color>
				<width>2</width>
			</LineStyle>
		</Style>
		<MultiGeometry>
			<LineString>
				<tessellate>1</tessellate>
				<altitudeMode>absolute</altitudeMode>
				<coordinates>
					55.10885999999999,45.028656,10980.42 55.049614,44.983749,10988.04 
				</coordinates>
			</LineString>
		</MultiGeometry>
	</Placemark>
	<Placemark>
		<name>P-648</name>
		<visibility>0</visibility>
		<description><![CDATA[<div><div><span><b>Altitude:</b></span> <span>36,050 ft - 36,025 ft</span></div>
<div><span><b>Speed:</b></span> <span>400 kt - 399 kt</span></div>
<div><span><b>Timestamp:</b></span><br/><span>2024-09-23 09:05:25 UTC<br/>2024-09-23 09:05:58 UTC</span></div>
</div>]]></description>
		<Style>
			<LineStyle>
				<color>ff7800ff</color>
				<width>2</width>
			</LineStyle>
		</Style>
		<MultiGeometry>
			<LineString>
				<tessellate>1</tessellate>
				<altitudeMode>absolute</altitudeMode>
				<coordinates>
					55.049614,44.983749,10988.04 54.99102,44.938614,10980.42 
				</coordinates>
			</LineString>
		</MultiGeometry>
	</Placemark>
	<Placemark>
		<name>P-649</name>
		<visibility>0</visibility>
		<description><![CDATA[<div><div><span><b>Altitude:</b></span> <span>36,025 ft - 36,000 ft</span></div>
<div><span><b>Speed:</b></span> <span>399 kt</span></div>
<div><span><b>Timestamp:</b></span><br/><span>2024-09-23 09:05:58 UTC<br/>2024-09-23 09:06:28 UTC</span></div>
</div>]]></description>
		<Style>
			<LineStyle>
				<color>ff7800ff</color>
				<width>2</width>
			</LineStyle>
		</Style>
		<MultiGeometry>
			<LineString>
				<tessellate>1</tessellate>
				<altitudeMode>absolute</altitudeMode>
				<coordinates>
					54.99102,44.938614,10980.42 54.93874,44.89819,10972.8 
				</coordinates>
			</LineString>
		</MultiGeometry>
	</Placemark>
	<Placemark>
		<name>P-650</name>
		<visibility>0</visibility>
		<description><![CDATA[<div><div><span><b>Altitude:</b></span> <span>36,000 ft - 35,975 ft</span></div>
<div><span><b>Speed:</b></span> <span>399 kt - 400 kt</span></div>
<div><span><b>Timestamp:</b></span><br/><span>2024-09-23 09:06:28 UTC<br/>2024-09-23 09:07:02 UTC</span></div>
</div>]]></description>
		<Style>
			<LineStyle>
				<color>ff7800ff</color>
				<width>2</width>
			</LineStyle>
		</Style>
		<MultiGeometry>
			<LineString>
				<tessellate>1</tessellate>
				<altitudeMode>absolute</altitudeMode>
				<coordinates>
					54.93874,44.89819,10972.8 54.879848,44.852417,10965.18 
				</coordinates>
			</LineString>
		</MultiGeometry>
	</Placemark>
	<Placemark>
		<name>P-651</name>
		<visibility>0</visibility>
		<description><![CDATA[<div><div><span><b>Altitude:</b></span> <span>35,975 ft</span></div>
<div><span><b>Speed:</b></span> <span>400 kt</span></div>
<div><span><b>Timestamp:</b></span><br/><span>2024-09-23 09:07:02 UTC<br/>2024-09-23 09:07:35 UTC</span></div>
</div>]]></description>
		<Style>
			<LineStyle>
				<color>ff7800ff</color>
				<width>2</width>
			</LineStyle>
		</Style>
		<MultiGeometry>
			<LineString>
				<tessellate>1</tessellate>
				<altitudeMode>absolute</altitudeMode>
				<coordinates>
					54.879848,44.852417,10965.18 54.821377,44.8069,10965.18 
				</coordinates>
			</LineString>
		</MultiGeometry>
	</Placemark>
	<Placemark>
		<name>P-652</name>
		<visibility>0</visibility>
		<description><![CDATA[<div><div><span><b>Altitude:</b></span> <span>35,975 ft - 36,000 ft</span></div>
<div><span><b>Speed:</b></span> <span>400 kt - 401 kt</span></div>
<div><span><b>Timestamp:</b></span><br/><span>2024-09-23 09:07:35 UTC<br/>2024-09-23 09:08:05 UTC</span></div>
</div>]]></description>
		<Style>
			<LineStyle>
				<color>ff7800ff</color>
				<width>2</width>
			</LineStyle>
		</Style>
		<MultiGeometry>
			<LineString>
				<tessellate>1</tessellate>
				<altitudeMode>absolute</altitudeMode>
				<coordinates>
					54.821377,44.8069,10965.18 54.768612,44.765625,10972.8 
				</coordinates>
			</LineString>
		</MultiGeometry>
	</Placemark>
	<Placemark>
		<name>P-653</name>
		<visibility>0</visibility>
		<description><![CDATA[<div><div><span><b>Altitude:</b></span> <span>36,000 ft</span></div>
<div><span><b>Speed:</b></span> <span>401 kt - 400 kt</span></div>
<div><span><b>Timestamp:</b></span><br/><span>2024-09-23 09:08:05 UTC<br/>2024-09-23 09:08:39 UTC</span></div>
</div>]]></description>
		<Style>
			<LineStyle>
				<color>ff7800ff</color>
				<width>2</width>
			</LineStyle>
		</Style>
		<MultiGeometry>
			<LineString>
				<tessellate>1</tessellate>
				<altitudeMode>absolute</altitudeMode>
				<coordinates>
					54.768612,44.765625,10972.8 54.70975500000001,44.719849,10972.8 
				</coordinates>
			</LineString>
		</MultiGeometry>
	</Placemark>
	<Placemark>
		<name>P-654</name>
		<visibility>0</visibility>
		<description><![CDATA[<div><div><span><b>Altitude:</b></span> <span>36,000 ft - 36,025 ft</span></div>
<div><span><b>Speed:</b></span> <span>400 kt</span></div>
<div><span><b>Timestamp:</b></span><br/><span>2024-09-23 09:08:39 UTC<br/>2024-09-23 09:09:12 UTC</span></div>
</div>]]></description>
		<Style>
			<LineStyle>
				<color>ff7800ff</color>
				<width>2</width>
			</LineStyle>
		</Style>
		<MultiGeometry>
			<LineString>
				<tessellate>1</tessellate>
				<altitudeMode>absolute</altitudeMode>
				<coordinates>
					54.70975500000001,44.719849,10972.8 54.651882,44.674759,10980.42 
				</coordinates>
			</LineString>
		</MultiGeometry>
	</Placemark>
	<Placemark>
		<name>P-655</name>
		<visibility>0</visibility>
		<description><![CDATA[<div><div><span><b>Altitude:</b></span> <span>36,025 ft</span></div>
<div><span><b>Speed:</b></span> <span>400 kt - 399 kt</span></div>
<div><span><b>Timestamp:</b></span><br/><span>2024-09-23 09:09:12 UTC<br/>2024-09-23 09:09:45 UTC</span></div>
</div>]]></description>
		<Style>
			<LineStyle>
				<color>ff7800ff</color>
				<width>2</width>
			</LineStyle>
		</Style>
		<MultiGeometry>
			<LineString>
				<tessellate>1</tessellate>
				<altitudeMode>absolute</altitudeMode>
				<coordinates>
					54.651882,44.674759,10980.42 54.593159,44.628845,10980.42 
				</coordinates>
			</LineString>
		</MultiGeometry>
	</Placemark>
	<Placemark>
		<name>P-656</name>
		<visibility>0</visibility>
		<description><![CDATA[<div><div><span><b>Altitude:</b></span> <span>36,025 ft - 36,000 ft</span></div>
<div><span><b>Speed:</b></span> <span>399 kt - 400 kt</span></div>
<div><span><b>Timestamp:</b></span><br/><span>2024-09-23 09:09:45 UTC<br/>2024-09-23 09:10:15 UTC</span></div>
</div>]]></description>
		<Style>
			<LineStyle>
				<color>ff7800ff</color>
				<width>2</width>
			</LineStyle>
		</Style>
		<MultiGeometry>
			<LineString>
				<tessellate>1</tessellate>
				<altitudeMode>absolute</altitudeMode>
				<coordinates>
					54.593159,44.628845,10980.42 54.541359,44.587547,10972.8 
				</coordinates>
			</LineString>
		</MultiGeometry>
	</Placemark>
	<Placemark>
		<name>P-657</name>
		<visibility>0</visibility>
		<description><![CDATA[<div><div><span><b>Altitude:</b></span> <span>36,000 ft</span></div>
<div><span><b>Speed:</b></span> <span>400 kt</span></div>
<div><span><b>Timestamp:</b></span><br/><span>2024-09-23 09:10:15 UTC<br/>2024-09-23 09:10:48 UTC</span></div>
</div>]]></description>
		<Style>
			<LineStyle>
				<color>ff7800ff</color>
				<width>2</width>
			</LineStyle>
		</Style>
		<MultiGeometry>
			<LineString>
				<tessellate>1</tessellate>
				<altitudeMode>absolute</altitudeMode>
				<coordinates>
					54.541359,44.587547,10972.8 54.483948,44.542053,10972.8 
				</coordinates>
			</LineString>
		</MultiGeometry>
	</Placemark>
	<Placemark>
		<name>P-658</name>
		<visibility>0</visibility>
		<description><![CDATA[<div><div><span><b>Altitude:</b></span> <span>36,000 ft</span></div>
<div><span><b>Speed:</b></span> <span>400 kt - 399 kt</span></div>
<div><span><b>Timestamp:</b></span><br/><span>2024-09-23 09:10:48 UTC<br/>2024-09-23 09:11:22 UTC</span></div>
</div>]]></description>
		<Style>
			<LineStyle>
				<color>ff7800ff</color>
				<width>2</width>
			</LineStyle>
		</Style>
		<MultiGeometry>
			<LineString>
				<tessellate>1</tessellate>
				<altitudeMode>absolute</altitudeMode>
				<coordinates>
					54.483948,44.542053,10972.8 54.42573500000001,44.496399,10972.8 
				</coordinates>
			</LineString>
		</MultiGeometry>
	</Placemark>
	<Placemark>
		<name>P-659</name>
		<visibility>0</visibility>
		<description><![CDATA[<div><div><span><b>Altitude:</b></span> <span>36,000 ft</span></div>
<div><span><b>Speed:</b></span> <span>399 kt - 400 kt</span></div>
<div><span><b>Timestamp:</b></span><br/><span>2024-09-23 09:11:22 UTC<br/>2024-09-23 09:11:55 UTC</span></div>
</div>]]></description>
		<Style>
			<LineStyle>
				<color>ff7800ff</color>
				<width>2</width>
			</LineStyle>
		</Style>
		<MultiGeometry>
			<LineString>
				<tessellate>1</tessellate>
				<altitudeMode>absolute</altitudeMode>
				<coordinates>
					54.42573500000001,44.496399,10972.8 54.368328,44.451279,10972.8 
				</coordinates>
			</LineString>
		</MultiGeometry>
	</Placemark>
	<Placemark>
		<name>P-660</name>
		<visibility>0</visibility>
		<description><![CDATA[<div><div><span><b>Altitude:</b></span> <span>36,000 ft</span></div>
<div><span><b>Speed:</b></span> <span>400 kt</span></div>
<div><span><b>Timestamp:</b></span><br/><span>2024-09-23 09:11:55 UTC<br/>2024-09-23 09:12:28 UTC</span></div>
</div>]]></description>
		<Style>
			<LineStyle>
				<color>ff7800ff</color>
				<width>2</width>
			</LineStyle>
		</Style>
		<MultiGeometry>
			<LineString>
				<tessellate>1</tessellate>
				<altitudeMode>absolute</altitudeMode>
				<coordinates>
					54.368328,44.451279,10972.8 54.31039,44.405228,10972.8 
				</coordinates>
			</LineString>
		</MultiGeometry>
	</Placemark>
	<Placemark>
		<name>P-661</name>
		<visibility>0</visibility>
		<description><![CDATA[<div><div><span><b>Altitude:</b></span> <span>36,000 ft</span></div>
<div><span><b>Speed:</b></span> <span>400 kt - 401 kt</span></div>
<div><span><b>Timestamp:</b></span><br/><span>2024-09-23 09:12:28 UTC<br/>2024-09-23 09:12:58 UTC</span></div>
</div>]]></description>
		<Style>
			<LineStyle>
				<color>ff7800ff</color>
				<width>2</width>
			</LineStyle>
		</Style>
		<MultiGeometry>
			<LineString>
				<tessellate>1</tessellate>
				<altitudeMode>absolute</altitudeMode>
				<coordinates>
					54.31039,44.405228,10972.8 54.25787700000001,44.363708,10972.8 
				</coordinates>
			</LineString>
		</MultiGeometry>
	</Placemark>
	<Placemark>
		<name>P-662</name>
		<visibility>0</visibility>
		<description><![CDATA[<div><div><span><b>Altitude:</b></span> <span>36,000 ft</span></div>
<div><span><b>Speed:</b></span> <span>401 kt - 402 kt</span></div>
<div><span><b>Timestamp:</b></span><br/><span>2024-09-23 09:12:58 UTC<br/>2024-09-23 09:13:32 UTC</span></div>
</div>]]></description>
		<Style>
			<LineStyle>
				<color>ff7800ff</color>
				<width>2</width>
			</LineStyle>
		</Style>
		<MultiGeometry>
			<LineString>
				<tessellate>1</tessellate>
				<altitudeMode>absolute</altitudeMode>
				<coordinates>
					54.25787700000001,44.363708,10972.8 54.201584,44.318848,10972.8 
				</coordinates>
			</LineString>
		</MultiGeometry>
	</Placemark>
	<Placemark>
		<name>P-663</name>
		<visibility>0</visibility>
		<description><![CDATA[<div><div><span><b>Altitude:</b></span> <span>36,000 ft - 35,975 ft</span></div>
<div><span><b>Speed:</b></span> <span>402 kt - 405 kt</span></div>
<div><span><b>Timestamp:</b></span><br/><span>2024-09-23 09:13:32 UTC<br/>2024-09-23 09:14:05 UTC</span></div>
</div>]]></description>
		<Style>
			<LineStyle>
				<color>ff7800ff</color>
				<width>2</width>
			</LineStyle>
		</Style>
		<MultiGeometry>
			<LineString>
				<tessellate>1</tessellate>
				<altitudeMode>absolute</altitudeMode>
				<coordinates>
					54.201584,44.318848,10972.8 54.142368,44.271599,10965.18 
				</coordinates>
			</LineString>
		</MultiGeometry>
	</Placemark>
	<Placemark>
		<name>P-664</name>
		<visibility>0</visibility>
		<description><![CDATA[<div><div><span><b>Altitude:</b></span> <span>35,975 ft - 36,000 ft</span></div>
<div><span><b>Speed:</b></span> <span>405 kt - 406 kt</span></div>
<div><span><b>Timestamp:</b></span><br/><span>2024-09-23 09:14:05 UTC<br/>2024-09-23 09:14:38 UTC</span></div>
</div>]]></description>
		<Style>
			<LineStyle>
				<color>ff7800ff</color>
				<width>2</width>
			</LineStyle>
		</Style>
		<MultiGeometry>
			<LineString>
				<tessellate>1</tessellate>
				<altitudeMode>absolute</altitudeMode>
				<coordinates>
					54.142368,44.271599,10965.18 54.084621,44.225464,10972.8 
				</coordinates>
			</LineString>
		</MultiGeometry>
	</Placemark>
	<Placemark>
		<name>P-665</name>
		<visibility>0</visibility>
		<description><![CDATA[<div><div><span><b>Altitude:</b></span> <span>36,000 ft - 36,025 ft</span></div>
<div><span><b>Speed:</b></span> <span>406 kt - 405 kt</span></div>
<div><span><b>Timestamp:</b></span><br/><span>2024-09-23 09:14:38 UTC<br/>2024-09-23 09:15:11 UTC</span></div>
</div>]]></description>
		<Style>
			<LineStyle>
				<color>ff7800ff</color>
				<width>2</width>
			</LineStyle>
		</Style>
		<MultiGeometry>
			<LineString>
				<tessellate>1</tessellate>
				<altitudeMode>absolute</altitudeMode>
				<coordinates>
					54.084621,44.225464,10972.8 54.02629100000001,44.178818,10980.42 
				</coordinates>
			</LineString>
		</MultiGeometry>
	</Placemark>
	<Placemark>
		<name>P-666</name>
		<visibility>0</visibility>
		<description><![CDATA[<div><div><span><b>Altitude:</b></span> <span>36,025 ft</span></div>
<div><span><b>Speed:</b></span> <span>405 kt</span></div>
<div><span><b>Timestamp:</b></span><br/><span>2024-09-23 09:15:11 UTC<br/>2024-09-23 09:15:45 UTC</span></div>
</div>]]></description>
		<Style>
			<LineStyle>
				<color>ff7800ff</color>
				<width>2</width>
			</LineStyle>
		</Style>
		<MultiGeometry>
			<LineString>
				<tessellate>1</tessellate>
				<altitudeMode>absolute</altitudeMode>
				<coordinates>
					54.02629100000001,44.178818,10980.42 53.968678,44.132355,10980.42 
				</coordinates>
			</LineString>
		</MultiGeometry>
	</Placemark>
	<Placemark>
		<name>P-667</name>
		<visibility>0</visibility>
		<description><![CDATA[<div><div><span><b>Altitude:</b></span> <span>36,025 ft</span></div>
<div><span><b>Speed:</b></span> <span>405 kt - 404 kt</span></div>
<div><span><b>Timestamp:</b></span><br/><span>2024-09-23 09:15:45 UTC<br/>2024-09-23 09:16:18 UTC</span></div>
</div>]]></description>
		<Style>
			<LineStyle>
				<color>ff7800ff</color>
				<width>2</width>
			</LineStyle>
		</Style>
		<MultiGeometry>
			<LineString>
				<tessellate>1</tessellate>
				<altitudeMode>absolute</altitudeMode>
				<coordinates>
					53.968678,44.132355,10980.42 53.910999,44.0858,10980.42 
				</coordinates>
			</LineString>
		</MultiGeometry>
	</Placemark>
	<Placemark>
		<name>P-668</name>
		<visibility>0</visibility>
		<description><![CDATA[<div><div><span><b>Altitude:</b></span> <span>36,025 ft - 36,000 ft</span></div>
<div><span><b>Speed:</b></span> <span>404 kt - 403 kt</span></div>
<div><span><b>Timestamp:</b></span><br/><span>2024-09-23 09:16:18 UTC<br/>2024-09-23 09:16:51 UTC</span></div>
</div>]]></description>
		<Style>
			<LineStyle>
				<color>ff7800ff</color>
				<width>2</width>
			</LineStyle>
		</Style>
		<MultiGeometry>
			<LineString>
				<tessellate>1</tessellate>
				<altitudeMode>absolute</altitudeMode>
				<coordinates>
					53.910999,44.0858,10980.42 53.854149,44.040115,10972.8 
				</coordinates>
			</LineString>
		</MultiGeometry>
	</Placemark>
	<Placemark>
		<name>P-669</name>
		<visibility>0</visibility>
		<description><![CDATA[<div><div><span><b>Altitude:</b></span> <span>36,000 ft</span></div>
<div><span><b>Speed:</b></span> <span>403 kt</span></div>
<div><span><b>Timestamp:</b></span><br/><span>2024-09-23 09:16:51 UTC<br/>2024-09-23 09:17:21 UTC</span></div>
</div>]]></description>
		<Style>
			<LineStyle>
				<color>ff7800ff</color>
				<width>2</width>
			</LineStyle>
		</Style>
		<MultiGeometry>
			<LineString>
				<tessellate>1</tessellate>
				<altitudeMode>absolute</altitudeMode>
				<coordinates>
					53.854149,44.040115,10972.8 53.801945,43.997871,10972.8 
				</coordinates>
			</LineString>
		</MultiGeometry>
	</Placemark>
	<Placemark>
		<name>P-670</name>
		<visibility>0</visibility>
		<description><![CDATA[<div><div><span><b>Altitude:</b></span> <span>36,000 ft - 35,975 ft</span></div>
<div><span><b>Speed:</b></span> <span>403 kt</span></div>
<div><span><b>Timestamp:</b></span><br/><span>2024-09-23 09:17:21 UTC<br/>2024-09-23 09:17:54 UTC</span></div>
</div>]]></description>
		<Style>
			<LineStyle>
				<color>ff7800ff</color>
				<width>2</width>
			</LineStyle>
		</Style>
		<MultiGeometry>
			<LineString>
				<tessellate>1</tessellate>
				<altitudeMode>absolute</altitudeMode>
				<coordinates>
					53.801945,43.997871,10972.8 53.744854,43.951504,10965.18 
				</coordinates>
			</LineString>
		</MultiGeometry>
	</Placemark>
	<Placemark>
		<name>P-671</name>
		<visibility>0</visibility>
		<description><![CDATA[<div><div><span><b>Altitude:</b></span> <span>35,975 ft - 36,000 ft</span></div>
<div><span><b>Speed:</b></span> <span>403 kt</span></div>
<div><span><b>Timestamp:</b></span><br/><span>2024-09-23 09:17:54 UTC<br/>2024-09-23 09:18:27 UTC</span></div>
</div>]]></description>
		<Style>
			<LineStyle>
				<color>ff7800ff</color>
				<width>2</width>
			</LineStyle>
		</Style>
		<MultiGeometry>
			<LineString>
				<tessellate>1</tessellate>
				<altitudeMode>absolute</altitudeMode>
				<coordinates>
					53.744854,43.951504,10965.18 53.688526,43.905624,10972.8 
				</coordinates>
			</LineString>
		</MultiGeometry>
	</Placemark>
	<Placemark>
		<name>P-672</name>
		<visibility>0</visibility>
		<description><![CDATA[<div><div><span><b>Altitude:</b></span> <span>36,000 ft</span></div>
<div><span><b>Speed:</b></span> <span>403 kt - 404 kt</span></div>
<div><span><b>Timestamp:</b></span><br/><span>2024-09-23 09:18:27 UTC<br/>2024-09-23 09:19:01 UTC</span></div>
</div>]]></description>
		<Style>
			<LineStyle>
				<color>ff7800ff</color>
				<width>2</width>
			</LineStyle>
		</Style>
		<MultiGeometry>
			<LineString>
				<tessellate>1</tessellate>
				<altitudeMode>absolute</altitudeMode>
				<coordinates>
					53.688526,43.905624,10972.8 53.631229,43.859024,10972.8 
				</coordinates>
			</LineString>
		</MultiGeometry>
	</Placemark>
	<Placemark>
		<name>P-673</name>
		<visibility>0</visibility>
		<description><![CDATA[<div><div><span><b>Altitude:</b></span> <span>36,000 ft</span></div>
<div><span><b>Speed:</b></span> <span>404 kt</span></div>
<div><span><b>Timestamp:</b></span><br/><span>2024-09-23 09:19:01 UTC<br/>2024-09-23 09:19:34 UTC</span></div>
</div>]]></description>
		<Style>
			<LineStyle>
				<color>ff7800ff</color>
				<width>2</width>
			</LineStyle>
		</Style>
		<MultiGeometry>
			<LineString>
				<tessellate>1</tessellate>
				<altitudeMode>absolute</altitudeMode>
				<coordinates>
					53.631229,43.859024,10972.8 53.574829,43.812881,10972.8 
				</coordinates>
			</LineString>
		</MultiGeometry>
	</Placemark>
	<Placemark>
		<name>P-674</name>
		<visibility>0</visibility>
		<description><![CDATA[<div><div><span><b>Altitude:</b></span> <span>36,000 ft - 36,025 ft</span></div>
<div><span><b>Speed:</b></span> <span>404 kt - 403 kt</span></div>
<div><span><b>Timestamp:</b></span><br/><span>2024-09-23 09:19:34 UTC<br/>2024-09-23 09:20:07 UTC</span></div>
</div>]]></description>
		<Style>
			<LineStyle>
				<color>ff7800ff</color>
				<width>2</width>
			</LineStyle>
		</Style>
		<MultiGeometry>
			<LineString>
				<tessellate>1</tessellate>
				<altitudeMode>absolute</altitudeMode>
				<coordinates>
					53.574829,43.812881,10972.8 53.517609,43.766319,10980.42 
				</coordinates>
			</LineString>
		</MultiGeometry>
	</Placemark>
	<Placemark>
		<name>P-675</name>
		<visibility>0</visibility>
		<description><![CDATA[<div><div><span><b>Altitude:</b></span> <span>36,025 ft</span></div>
<div><span><b>Speed:</b></span> <span>403 kt - 401 kt</span></div>
<div><span><b>Timestamp:</b></span><br/><span>2024-09-23 09:20:07 UTC<br/>2024-09-23 09:20:37 UTC</span></div>
</div>]]></description>
		<Style>
			<LineStyle>
				<color>ff7800ff</color>
				<width>2</width>
			</LineStyle>
		</Style>
		<MultiGeometry>
			<LineString>
				<tessellate>1</tessellate>
				<altitudeMode>absolute</altitudeMode>
				<coordinates>
					53.517609,43.766319,10980.42 53.466534,43.724514,10980.42 
				</coordinates>
			</LineString>
		</MultiGeometry>
	</Placemark>
	<Placemark>
		<name>P-676</name>
		<visibility>0</visibility>
		<description><![CDATA[<div><div><span><b>Altitude:</b></span> <span>36,025 ft - 36,000 ft</span></div>
<div><span><b>Speed:</b></span> <span>401 kt - 398 kt</span></div>
<div><span><b>Timestamp:</b></span><br/><span>2024-09-23 09:20:37 UTC<br/>2024-09-23 09:21:10 UTC</span></div>
</div>]]></description>
		<Style>
			<LineStyle>
				<color>ff7800ff</color>
				<width>2</width>
			</LineStyle>
		</Style>
		<MultiGeometry>
			<LineString>
				<tessellate>1</tessellate>
				<altitudeMode>absolute</altitudeMode>
				<coordinates>
					53.466534,43.724514,10980.42 53.410427,43.678429,10972.8 
				</coordinates>
			</LineString>
		</MultiGeometry>
	</Placemark>
	<Placemark>
		<name>P-677</name>
		<visibility>0</visibility>
		<description><![CDATA[<div><div><span><b>Altitude:</b></span> <span>36,000 ft</span></div>
<div><span><b>Speed:</b></span> <span>398 kt</span></div>
<div><span><b>Timestamp:</b></span><br/><span>2024-09-23 09:21:10 UTC<br/>2024-09-23 09:21:43 UTC</span></div>
</div>]]></description>
		<Style>
			<LineStyle>
				<color>ff7800ff</color>
				<width>2</width>
			</LineStyle>
		</Style>
		<MultiGeometry>
			<LineString>
				<tessellate>1</tessellate>
				<altitudeMode>absolute</altitudeMode>
				<coordinates>
					53.410427,43.678429,10972.8 53.354782,43.63266,10972.8 
				</coordinates>
			</LineString>
		</MultiGeometry>
	</Placemark>
	<Placemark>
		<name>P-678</name>
		<visibility>0</visibility>
		<description><![CDATA[<div><div><span><b>Altitude:</b></span> <span>36,000 ft</span></div>
<div><span><b>Speed:</b></span> <span>398 kt</span></div>
<div><span><b>Timestamp:</b></span><br/><span>2024-09-23 09:21:43 UTC<br/>2024-09-23 09:22:17 UTC</span></div>
</div>]]></description>
		<Style>
			<LineStyle>
				<color>ff7800ff</color>
				<width>2</width>
			</LineStyle>
		</Style>
		<MultiGeometry>
			<LineString>
				<tessellate>1</tessellate>
				<altitudeMode>absolute</altitudeMode>
				<coordinates>
					53.354782,43.63266,10972.8 53.298603,43.586349,10972.8 
				</coordinates>
			</LineString>
		</MultiGeometry>
	</Placemark>
	<Placemark>
		<name>P-679</name>
		<visibility>0</visibility>
		<description><![CDATA[<div><div><span><b>Altitude:</b></span> <span>36,000 ft - 35,975 ft</span></div>
<div><span><b>Speed:</b></span> <span>398 kt - 397 kt</span></div>
<div><span><b>Timestamp:</b></span><br/><span>2024-09-23 09:22:17 UTC<br/>2024-09-23 09:22:47 UTC</span></div>
</div>]]></description>
		<Style>
			<LineStyle>
				<color>ff7800ff</color>
				<width>2</width>
			</LineStyle>
		</Style>
		<MultiGeometry>
			<LineString>
				<tessellate>1</tessellate>
				<altitudeMode>absolute</altitudeMode>
				<coordinates>
					53.298603,43.586349,10972.8 53.24817699999999,43.544815,10965.18 
				</coordinates>
			</LineString>
		</MultiGeometry>
	</Placemark>
	<Placemark>
		<name>P-680</name>
		<visibility>0</visibility>
		<description><![CDATA[<div><div><span><b>Altitude:</b></span> <span>35,975 ft</span></div>
<div><span><b>Speed:</b></span> <span>397 kt - 398 kt</span></div>
<div><span><b>Timestamp:</b></span><br/><span>2024-09-23 09:22:47 UTC<br/>2024-09-23 09:23:20 UTC</span></div>
</div>]]></description>
		<Style>
			<LineStyle>
				<color>ff7800ff</color>
				<width>2</width>
			</LineStyle>
		</Style>
		<MultiGeometry>
			<LineString>
				<tessellate>1</tessellate>
				<altitudeMode>absolute</altitudeMode>
				<coordinates>
					53.24817699999999,43.544815,10965.18 53.192402,43.49897,10965.18 
				</coordinates>
			</LineString>
		</MultiGeometry>
	</Placemark>
	<Placemark>
		<name>P-681</name>
		<visibility>0</visibility>
		<description><![CDATA[<div><div><span><b>Altitude:</b></span> <span>35,975 ft - 36,000 ft</span></div>
<div><span><b>Speed:</b></span> <span>398 kt - 397 kt</span></div>
<div><span><b>Timestamp:</b></span><br/><span>2024-09-23 09:23:20 UTC<br/>2024-09-23 09:23:53 UTC</span></div>
</div>]]></description>
		<Style>
			<LineStyle>
				<color>ff7800ff</color>
				<width>2</width>
			</LineStyle>
		</Style>
		<MultiGeometry>
			<LineString>
				<tessellate>1</tessellate>
				<altitudeMode>absolute</altitudeMode>
				<coordinates>
					53.192402,43.49897,10965.18 53.137547,43.453491,10972.8 
				</coordinates>
			</LineString>
		</MultiGeometry>
	</Placemark>
	<Placemark>
		<name>P-682</name>
		<visibility>0</visibility>
		<description><![CDATA[<div><div><span><b>Altitude:</b></span> <span>36,000 ft</span></div>
<div><span><b>Speed:</b></span> <span>397 kt</span></div>
<div><span><b>Timestamp:</b></span><br/><span>2024-09-23 09:23:53 UTC<br/>2024-09-23 09:24:27 UTC</span></div>
</div>]]></description>
		<Style>
			<LineStyle>
				<color>ff7800ff</color>
				<width>2</width>
			</LineStyle>
		</Style>
		<MultiGeometry>
			<LineString>
				<tessellate>1</tessellate>
				<altitudeMode>absolute</altitudeMode>
				<coordinates>
					53.137547,43.453491,10972.8 53.08208100000001,43.407356,10972.8 
				</coordinates>
			</LineString>
		</MultiGeometry>
	</Placemark>
	<Placemark>
		<name>P-683</name>
		<visibility>0</visibility>
		<description><![CDATA[<div><div><span><b>Altitude:</b></span> <span>36,000 ft - 36,025 ft</span></div>
<div><span><b>Speed:</b></span> <span>397 kt - 396 kt</span></div>
<div><span><b>Timestamp:</b></span><br/><span>2024-09-23 09:24:27 UTC<br/>2024-09-23 09:25:00 UTC</span></div>
</div>]]></description>
		<Style>
			<LineStyle>
				<color>ff7800ff</color>
				<width>2</width>
			</LineStyle>
		</Style>
		<MultiGeometry>
			<LineString>
				<tessellate>1</tessellate>
				<altitudeMode>absolute</altitudeMode>
				<coordinates>
					53.08208100000001,43.407356,10972.8 53.027409,43.3615,10980.42 
				</coordinates>
			</LineString>
		</MultiGeometry>
	</Placemark>
	<Placemark>
		<name>P-684</name>
		<visibility>0</visibility>
		<description><![CDATA[<div><div><span><b>Altitude:</b></span> <span>36,025 ft</span></div>
<div><span><b>Speed:</b></span> <span>396 kt - 395 kt</span></div>
<div><span><b>Timestamp:</b></span><br/><span>2024-09-23 09:25:00 UTC<br/>2024-09-23 09:25:31 UTC</span></div>
</div>]]></description>
		<Style>
			<LineStyle>
				<color>ff7800ff</color>
				<width>2</width>
			</LineStyle>
		</Style>
		<MultiGeometry>
			<LineString>
				<tessellate>1</tessellate>
				<altitudeMode>absolute</altitudeMode>
				<coordinates>
					53.027409,43.3615,10980.42 52.976795,43.319092,10980.42 
				</coordinates>
			</LineString>
		</MultiGeometry>
	</Placemark>
	<Placemark>
		<name>P-685</name>
		<visibility>0</visibility>
		<description><![CDATA[<div><div><span><b>Altitude:</b></span> <span>36,025 ft</span></div>
<div><span><b>Speed:</b></span> <span>395 kt - 393 kt</span></div>
<div><span><b>Timestamp:</b></span><br/><span>2024-09-23 09:25:31 UTC<br/>2024-09-23 09:26:04 UTC</span></div>
</div>]]></description>
		<Style>
			<LineStyle>
				<color>ff7800ff</color>
				<width>2</width>
			</LineStyle>
		</Style>
		<MultiGeometry>
			<LineString>
				<tessellate>1</tessellate>
				<altitudeMode>absolute</altitudeMode>
				<coordinates>
					52.976795,43.319092,10980.42 52.92223,43.273636,10980.42 
				</coordinates>
			</LineString>
		</MultiGeometry>
	</Placemark>
	<Placemark>
		<name>P-686</name>
		<visibility>0</visibility>
		<description><![CDATA[<div><div><span><b>Altitude:</b></span> <span>36,025 ft</span></div>
<div><span><b>Speed:</b></span> <span>393 kt - 391 kt</span></div>
<div><span><b>Timestamp:</b></span><br/><span>2024-09-23 09:26:04 UTC<br/>2024-09-23 09:26:37 UTC</span></div>
</div>]]></description>
		<Style>
			<LineStyle>
				<color>ff7800ff</color>
				<width>2</width>
			</LineStyle>
		</Style>
		<MultiGeometry>
			<LineString>
				<tessellate>1</tessellate>
				<altitudeMode>absolute</altitudeMode>
				<coordinates>
					52.92223,43.273636,10980.42 52.86836999999999,43.228687,10980.42 
				</coordinates>
			</LineString>
		</MultiGeometry>
	</Placemark>
	<Placemark>
		<name>P-687</name>
		<visibility>0</visibility>
		<description><![CDATA[<div><div><span><b>Altitude:</b></span> <span>36,025 ft - 36,000 ft</span></div>
<div><span><b>Speed:</b></span> <span>391 kt - 390 kt</span></div>
<div><span><b>Timestamp:</b></span><br/><span>2024-09-23 09:26:37 UTC<br/>2024-09-23 09:27:10 UTC</span></div>
</div>]]></description>
		<Style>
			<LineStyle>
				<color>ff7800ff</color>
				<width>2</width>
			</LineStyle>
		</Style>
		<MultiGeometry>
			<LineString>
				<tessellate>1</tessellate>
				<altitudeMode>absolute</altitudeMode>
				<coordinates>
					52.86836999999999,43.228687,10980.42 52.8139,43.182678,10972.8 
				</coordinates>
			</LineString>
		</MultiGeometry>
	</Placemark>
	<Placemark>
		<name>P-688</name>
		<visibility>0</visibility>
		<description><![CDATA[<div><div><span><b>Altitude:</b></span> <span>36,000 ft - 35,975 ft</span></div>
<div><span><b>Speed:</b></span> <span>390 kt</span></div>
<div><span><b>Timestamp:</b></span><br/><span>2024-09-23 09:27:10 UTC<br/>2024-09-23 09:27:44 UTC</span></div>
</div>]]></description>
		<Style>
			<LineStyle>
				<color>ff7800ff</color>
				<width>2</width>
			</LineStyle>
		</Style>
		<MultiGeometry>
			<LineString>
				<tessellate>1</tessellate>
				<altitudeMode>absolute</altitudeMode>
				<coordinates>
					52.8139,43.182678,10972.8 52.760338,43.137493,10965.18 
				</coordinates>
			</LineString>
		</MultiGeometry>
	</Placemark>
	<Placemark>
		<name>P-689</name>
		<visibility>0</visibility>
		<description><![CDATA[<div><div><span><b>Altitude:</b></span> <span>35,975 ft</span></div>
<div><span><b>Speed:</b></span> <span>390 kt - 389 kt</span></div>
<div><span><b>Timestamp:</b></span><br/><span>2024-09-23 09:27:44 UTC<br/>2024-09-23 09:28:17 UTC</span></div>
</div>]]></description>
		<Style>
			<LineStyle>
				<color>ff7800ff</color>
				<width>2</width>
			</LineStyle>
		</Style>
		<MultiGeometry>
			<LineString>
				<tessellate>1</tessellate>
				<altitudeMode>absolute</altitudeMode>
				<coordinates>
					52.760338,43.137493,10965.18 52.706142,43.091949,10965.18 
				</coordinates>
			</LineString>
		</MultiGeometry>
	</Placemark>
	<Placemark>
		<name>P-690</name>
		<visibility>0</visibility>
		<description><![CDATA[<div><div><span><b>Altitude:</b></span> <span>35,975 ft</span></div>
<div><span><b>Speed:</b></span> <span>389 kt - 390 kt</span></div>
<div><span><b>Timestamp:</b></span><br/><span>2024-09-23 09:28:17 UTC<br/>2024-09-23 09:28:47 UTC</span></div>
</div>]]></description>
		<Style>
			<LineStyle>
				<color>ff7800ff</color>
				<width>2</width>
			</LineStyle>
		</Style>
		<MultiGeometry>
			<LineString>
				<tessellate>1</tessellate>
				<altitudeMode>absolute</altitudeMode>
				<coordinates>
					52.706142,43.091949,10965.18 52.657536,43.050949,10965.18 
				</coordinates>
			</LineString>
		</MultiGeometry>
	</Placemark>
	<Placemark>
		<name>P-691</name>
		<visibility>0</visibility>
		<description><![CDATA[<div><div><span><b>Altitude:</b></span> <span>35,975 ft - 36,000 ft</span></div>
<div><span><b>Speed:</b></span> <span>390 kt</span></div>
<div><span><b>Timestamp:</b></span><br/><span>2024-09-23 09:28:47 UTC<br/>2024-09-23 09:29:21 UTC</span></div>
</div>]]></description>
		<Style>
			<LineStyle>
				<color>ff7800ff</color>
				<width>2</width>
			</LineStyle>
		</Style>
		<MultiGeometry>
			<LineString>
				<tessellate>1</tessellate>
				<altitudeMode>absolute</altitudeMode>
				<coordinates>
					52.657536,43.050949,10965.18 52.603626,43.005432,10972.8 
				</coordinates>
			</LineString>
		</MultiGeometry>
	</Placemark>
	<Placemark>
		<name>P-692</name>
		<visibility>0</visibility>
		<description><![CDATA[<div><div><span><b>Altitude:</b></span> <span>36,000 ft</span></div>
<div><span><b>Speed:</b></span> <span>390 kt - 391 kt</span></div>
<div><span><b>Timestamp:</b></span><br/><span>2024-09-23 09:29:21 UTC<br/>2024-09-23 09:29:54 UTC</span></div>
</div>]]></description>
		<Style>
			<LineStyle>
				<color>ff7800ff</color>
				<width>2</width>
			</LineStyle>
		</Style>
		<MultiGeometry>
			<LineString>
				<tessellate>1</tessellate>
				<altitudeMode>absolute</altitudeMode>
				<coordinates>
					52.603626,43.005432,10972.8 52.550026,42.960079,10972.8 
				</coordinates>
			</LineString>
		</MultiGeometry>
	</Placemark>
	<Placemark>
		<name>P-693</name>
		<visibility>0</visibility>
		<description><![CDATA[<div><div><span><b>Altitude:</b></span> <span>36,000 ft</span></div>
<div><span><b>Speed:</b></span> <span>391 kt</span></div>
<div><span><b>Timestamp:</b></span><br/><span>2024-09-23 09:29:54 UTC<br/>2024-09-23 09:30:27 UTC</span></div>
</div>]]></description>
		<Style>
			<LineStyle>
				<color>ff7800ff</color>
				<width>2</width>
			</LineStyle>
		</Style>
		<MultiGeometry>
			<LineString>
				<tessellate>1</tessellate>
				<altitudeMode>absolute</altitudeMode>
				<coordinates>
					52.550026,42.960079,10972.8 52.496532,42.9146,10972.8 
				</coordinates>
			</LineString>
		</MultiGeometry>
	</Placemark>
	<Placemark>
		<name>P-694</name>
		<visibility>0</visibility>
		<description><![CDATA[<div><div><span><b>Altitude:</b></span> <span>36,000 ft - 36,025 ft</span></div>
<div><span><b>Speed:</b></span> <span>391 kt - 392 kt</span></div>
<div><span><b>Timestamp:</b></span><br/><span>2024-09-23 09:30:27 UTC<br/>2024-09-23 09:30:57 UTC</span></div>
</div>]]></description>
		<Style>
			<LineStyle>
				<color>ff7800ff</color>
				<width>2</width>
			</LineStyle>
		</Style>
		<MultiGeometry>
			<LineString>
				<tessellate>1</tessellate>
				<altitudeMode>absolute</altitudeMode>
				<coordinates>
					52.496532,42.9146,10972.8 52.447552,42.87289,10980.42 
				</coordinates>
			</LineString>
		</MultiGeometry>
	</Placemark>
	<Placemark>
		<name>P-695</name>
		<visibility>0</visibility>
		<description><![CDATA[<div><div><span><b>Altitude:</b></span> <span>36,025 ft - 36,000 ft</span></div>
<div><span><b>Speed:</b></span> <span>392 kt</span></div>
<div><span><b>Timestamp:</b></span><br/><span>2024-09-23 09:30:57 UTC<br/>2024-09-23 09:31:31 UTC</span></div>
</div>]]></description>
		<Style>
			<LineStyle>
				<color>ff7800ff</color>
				<width>2</width>
			</LineStyle>
		</Style>
		<MultiGeometry>
			<LineString>
				<tessellate>1</tessellate>
				<altitudeMode>absolute</altitudeMode>
				<coordinates>
					52.447552,42.87289,10980.42 52.393993,42.827129,10972.8 
				</coordinates>
			</LineString>
		</MultiGeometry>
	</Placemark>
	<Placemark>
		<name>P-696</name>
		<visibility>0</visibility>
		<description><![CDATA[<div><div><span><b>Altitude:</b></span> <span>36,000 ft - 36,025 ft</span></div>
<div><span><b>Speed:</b></span> <span>392 kt - 391 kt</span></div>
<div><span><b>Timestamp:</b></span><br/><span>2024-09-23 09:31:31 UTC<br/>2024-09-23 09:32:04 UTC</span></div>
</div>]]></description>
		<Style>
			<LineStyle>
				<color>ff7800ff</color>
				<width>2</width>
			</LineStyle>
		</Style>
		<MultiGeometry>
			<LineString>
				<tessellate>1</tessellate>
				<altitudeMode>absolute</altitudeMode>
				<coordinates>
					52.393993,42.827129,10972.8 52.34098800000001,42.781769,10980.42 
				</coordinates>
			</LineString>
		</MultiGeometry>
	</Placemark>
	<Placemark>
		<name>P-697</name>
		<visibility>0</visibility>
		<description><![CDATA[<div><div><span><b>Altitude:</b></span> <span>36,025 ft</span></div>
<div><span><b>Speed:</b></span> <span>391 kt - 390 kt</span></div>
<div><span><b>Timestamp:</b></span><br/><span>2024-09-23 09:32:04 UTC<br/>2024-09-23 09:32:37 UTC</span></div>
</div>]]></description>
		<Style>
			<LineStyle>
				<color>ff7800ff</color>
				<width>2</width>
			</LineStyle>
		</Style>
		<MultiGeometry>
			<LineString>
				<tessellate>1</tessellate>
				<altitudeMode>absolute</altitudeMode>
				<coordinates>
					52.34098800000001,42.781769,10980.42 52.28796,42.736305,10980.42 
				</coordinates>
			</LineString>
		</MultiGeometry>
	</Placemark>
	<Placemark>
		<name>P-698</name>
		<visibility>0</visibility>
		<description><![CDATA[<div><div><span><b>Altitude:</b></span> <span>36,025 ft</span></div>
<div><span><b>Speed:</b></span> <span>390 kt - 387 kt</span></div>
<div><span><b>Timestamp:</b></span><br/><span>2024-09-23 09:32:37 UTC<br/>2024-09-23 09:33:07 UTC</span></div>
</div>]]></description>
		<Style>
			<LineStyle>
				<color>ff7800ff</color>
				<width>2</width>
			</LineStyle>
		</Style>
		<MultiGeometry>
			<LineString>
				<tessellate>1</tessellate>
				<altitudeMode>absolute</altitudeMode>
				<coordinates>
					52.28796,42.736305,10980.42 52.240311,42.695339,10980.42 
				</coordinates>
			</LineString>
		</MultiGeometry>
	</Placemark>
	<Placemark>
		<name>P-699</name>
		<visibility>0</visibility>
		<description><![CDATA[<div><div><span><b>Altitude:</b></span> <span>36,025 ft</span></div>
<div><span><b>Speed:</b></span> <span>387 kt - 385 kt</span></div>
<div><span><b>Timestamp:</b></span><br/><span>2024-09-23 09:33:07 UTC<br/>2024-09-23 09:33:41 UTC</span></div>
</div>]]></description>
		<Style>
			<LineStyle>
				<color>ff7800ff</color>
				<width>2</width>
			</LineStyle>
		</Style>
		<MultiGeometry>
			<LineString>
				<tessellate>1</tessellate>
				<altitudeMode>absolute</altitudeMode>
				<coordinates>
					52.240311,42.695339,10980.42 52.187431,42.649979,10980.42 
				</coordinates>
			</LineString>
		</MultiGeometry>
	</Placemark>
	<Placemark>
		<name>P-700</name>
		<visibility>0</visibility>
		<description><![CDATA[<div><div><span><b>Altitude:</b></span> <span>36,025 ft - 36,000 ft</span></div>
<div><span><b>Speed:</b></span> <span>385 kt - 382 kt</span></div>
<div><span><b>Timestamp:</b></span><br/><span>2024-09-23 09:33:41 UTC<br/>2024-09-23 09:34:14 UTC</span></div>
</div>]]></description>
		<Style>
			<LineStyle>
				<color>ff7800ff</color>
				<width>2</width>
			</LineStyle>
		</Style>
		<MultiGeometry>
			<LineString>
				<tessellate>1</tessellate>
				<altitudeMode>absolute</altitudeMode>
				<coordinates>
					52.187431,42.649979,10980.42 52.135685,42.6054,10972.8 
				</coordinates>
			</LineString>
		</MultiGeometry>
	</Placemark>
	<Placemark>
		<name>P-701</name>
		<visibility>0</visibility>
		<description><![CDATA[<div><div><span><b>Altitude:</b></span> <span>36,000 ft</span></div>
<div><span><b>Speed:</b></span> <span>382 kt - 380 kt</span></div>
<div><span><b>Timestamp:</b></span><br/><span>2024-09-23 09:34:14 UTC<br/>2024-09-23 09:34:47 UTC</span></div>
</div>]]></description>
		<Style>
			<LineStyle>
				<color>ff7800ff</color>
				<width>2</width>
			</LineStyle>
		</Style>
		<MultiGeometry>
			<LineString>
				<tessellate>1</tessellate>
				<altitudeMode>absolute</altitudeMode>
				<coordinates>
					52.135685,42.6054,10972.8 52.08430899999999,42.561035,10972.8 
				</coordinates>
			</LineString>
		</MultiGeometry>
	</Placemark>
	<Placemark>
		<name>P-702</name>
		<visibility>0</visibility>
		<description><![CDATA[<div><div><span><b>Altitude:</b></span> <span>36,000 ft - 35,975 ft</span></div>
<div><span><b>Speed:</b></span> <span>380 kt - 379 kt</span></div>
<div><span><b>Timestamp:</b></span><br/><span>2024-09-23 09:34:47 UTC<br/>2024-09-23 09:35:18 UTC</span></div>
</div>]]></description>
		<Style>
			<LineStyle>
				<color>ff7800ff</color>
				<width>2</width>
			</LineStyle>
		</Style>
		<MultiGeometry>
			<LineString>
				<tessellate>1</tessellate>
				<altitudeMode>absolute</altitudeMode>
				<coordinates>
					52.08430899999999,42.561035,10972.8 52.035244,42.5186,10965.18 
				</coordinates>
			</LineString>
		</MultiGeometry>
	</Placemark>
	<Placemark>
		<name>P-703</name>
		<visibility>0</visibility>
		<description><![CDATA[<div><div><span><b>Altitude:</b></span> <span>35,975 ft</span></div>
<div><span><b>Speed:</b></span> <span>379 kt - 378 kt</span></div>
<div><span><b>Timestamp:</b></span><br/><span>2024-09-23 09:35:18 UTC<br/>2024-09-23 09:35:52 UTC</span></div>
</div>]]></description>
		<Style>
			<LineStyle>
				<color>ff7800ff</color>
				<width>2</width>
			</LineStyle>
		</Style>
		<MultiGeometry>
			<LineString>
				<tessellate>1</tessellate>
				<altitudeMode>absolute</altitudeMode>
				<coordinates>
					52.035244,42.5186,10965.18 51.984238,42.4744,10965.18 
				</coordinates>
			</LineString>
		</MultiGeometry>
	</Placemark>
	<Placemark>
		<name>P-704</name>
		<visibility>0</visibility>
		<description><![CDATA[<div><div><span><b>Altitude:</b></span> <span>35,975 ft</span></div>
<div><span><b>Speed:</b></span> <span>378 kt</span></div>
<div><span><b>Timestamp:</b></span><br/><span>2024-09-23 09:35:52 UTC<br/>2024-09-23 09:36:22 UTC</span></div>
</div>]]></description>
		<Style>
			<LineStyle>
				<color>ff7800ff</color>
				<width>2</width>
			</LineStyle>
		</Style>
		<MultiGeometry>
			<LineString>
				<tessellate>1</tessellate>
				<altitudeMode>absolute</altitudeMode>
				<coordinates>
					51.984238,42.4744,10965.18 51.936993,42.433456,10965.18 
				</coordinates>
			</LineString>
		</MultiGeometry>
	</Placemark>
	<Placemark>
		<name>P-705</name>
		<visibility>0</visibility>
		<description><![CDATA[<div><div><span><b>Altitude:</b></span> <span>35,975 ft</span></div>
<div><span><b>Speed:</b></span> <span>378 kt - 379 kt</span></div>
<div><span><b>Timestamp:</b></span><br/><span>2024-09-23 09:36:22 UTC<br/>2024-09-23 09:36:56 UTC</span></div>
</div>]]></description>
		<Style>
			<LineStyle>
				<color>ff7800ff</color>
				<width>2</width>
			</LineStyle>
		</Style>
		<MultiGeometry>
			<LineString>
				<tessellate>1</tessellate>
				<altitudeMode>absolute</altitudeMode>
				<coordinates>
					51.936993,42.433456,10965.18 51.88611999999999,42.389099,10965.18 
				</coordinates>
			</LineString>
		</MultiGeometry>
	</Placemark>
	<Placemark>
		<name>P-706</name>
		<visibility>0</visibility>
		<description><![CDATA[<div><div><span><b>Altitude:</b></span> <span>35,975 ft</span></div>
<div><span><b>Speed:</b></span> <span>379 kt - 380 kt</span></div>
<div><span><b>Timestamp:</b></span><br/><span>2024-09-23 09:36:56 UTC<br/>2024-09-23 09:37:27 UTC</span></div>
</div>]]></description>
		<Style>
			<LineStyle>
				<color>ff7800ff</color>
				<width>2</width>
			</LineStyle>
		</Style>
		<MultiGeometry>
			<LineString>
				<tessellate>1</tessellate>
				<altitudeMode>absolute</altitudeMode>
				<coordinates>
					51.88611999999999,42.389099,10965.18 51.838478,42.347641,10965.18 
				</coordinates>
			</LineString>
		</MultiGeometry>
	</Placemark>
	<Placemark>
		<name>P-707</name>
		<visibility>0</visibility>
		<description><![CDATA[<div><div><span><b>Altitude:</b></span> <span>35,975 ft - 36,000 ft</span></div>
<div><span><b>Speed:</b></span> <span>380 kt - 381 kt</span></div>
<div><span><b>Timestamp:</b></span><br/><span>2024-09-23 09:37:27 UTC<br/>2024-09-23 09:37:59 UTC</span></div>
</div>]]></description>
		<Style>
			<LineStyle>
				<color>ff7800ff</color>
				<width>2</width>
			</LineStyle>
		</Style>
		<MultiGeometry>
			<LineString>
				<tessellate>1</tessellate>
				<altitudeMode>absolute</altitudeMode>
				<coordinates>
					51.838478,42.347641,10965.18 51.787865,42.30336,10972.8 
				</coordinates>
			</LineString>
		</MultiGeometry>
	</Placemark>
	<Placemark>
		<name>P-708</name>
		<visibility>0</visibility>
		<description><![CDATA[<div><div><span><b>Altitude:</b></span> <span>36,000 ft</span></div>
<div><span><b>Speed:</b></span> <span>381 kt - 382 kt</span></div>
<div><span><b>Timestamp:</b></span><br/><span>2024-09-23 09:37:59 UTC<br/>2024-09-23 09:38:31 UTC</span></div>
</div>]]></description>
		<Style>
			<LineStyle>
				<color>ff7800ff</color>
				<width>2</width>
			</LineStyle>
		</Style>
		<MultiGeometry>
			<LineString>
				<tessellate>1</tessellate>
				<altitudeMode>absolute</altitudeMode>
				<coordinates>
					51.787865,42.30336,10972.8 51.74113499999999,42.262589,10972.8 
				</coordinates>
			</LineString>
		</MultiGeometry>
	</Placemark>
	<Placemark>
		<name>P-709</name>
		<visibility>0</visibility>
		<description><![CDATA[<div><div><span><b>Altitude:</b></span> <span>36,000 ft - 36,050 ft</span></div>
<div><span><b>Speed:</b></span> <span>382 kt - 379 kt</span></div>
<div><span><b>Timestamp:</b></span><br/><span>2024-09-23 09:38:31 UTC<br/>2024-09-23 09:39:01 UTC</span></div>
</div>]]></description>
		<Style>
			<LineStyle>
				<color>ff7800ff</color>
				<width>2</width>
			</LineStyle>
		</Style>
		<MultiGeometry>
			<LineString>
				<tessellate>1</tessellate>
				<altitudeMode>absolute</altitudeMode>
				<coordinates>
					51.74113499999999,42.262589,10972.8 51.692719,42.220505,10988.04 
				</coordinates>
			</LineString>
		</MultiGeometry>
	</Placemark>
	<Placemark>
		<name>P-710</name>
		<visibility>0</visibility>
		<description><![CDATA[<div><div><span><b>Altitude:</b></span> <span>36,050 ft - 36,025 ft</span></div>
<div><span><b>Speed:</b></span> <span>379 kt</span></div>
<div><span><b>Timestamp:</b></span><br/><span>2024-09-23 09:39:01 UTC<br/>2024-09-23 09:39:34 UTC</span></div>
</div>]]></description>
		<Style>
			<LineStyle>
				<color>ff7800ff</color>
				<width>2</width>
			</LineStyle>
		</Style>
		<MultiGeometry>
			<LineString>
				<tessellate>1</tessellate>
				<altitudeMode>absolute</altitudeMode>
				<coordinates>
					51.692719,42.220505,10988.04 51.642323,42.17614,10980.42 
				</coordinates>
			</LineString>
		</MultiGeometry>
	</Placemark>
	<Placemark>
		<name>P-711</name>
		<visibility>0</visibility>
		<description><![CDATA[<div><div><span><b>Altitude:</b></span> <span>36,025 ft - 36,000 ft</span></div>
<div><span><b>Speed:</b></span> <span>379 kt - 378 kt</span></div>
<div><span><b>Timestamp:</b></span><br/><span>2024-09-23 09:39:34 UTC<br/>2024-09-23 09:40:06 UTC</span></div>
</div>]]></description>
		<Style>
			<LineStyle>
				<color>ff7800ff</color>
				<width>2</width>
			</LineStyle>
		</Style>
		<MultiGeometry>
			<LineString>
				<tessellate>1</tessellate>
				<altitudeMode>absolute</altitudeMode>
				<coordinates>
					51.642323,42.17614,10980.42 51.594223,42.133686,10972.8 
				</coordinates>
			</LineString>
		</MultiGeometry>
	</Placemark>
	<Placemark>
		<name>P-712</name>
		<visibility>0</visibility>
		<description><![CDATA[<div><div><span><b>Altitude:</b></span> <span>36,000 ft</span></div>
<div><span><b>Speed:</b></span> <span>378 kt - 379 kt</span></div>
<div><span><b>Timestamp:</b></span><br/><span>2024-09-23 09:40:06 UTC<br/>2024-09-23 09:40:38 UTC</span></div>
</div>]]></description>
		<Style>
			<LineStyle>
				<color>ff7800ff</color>
				<width>2</width>
			</LineStyle>
		</Style>
		<MultiGeometry>
			<LineString>
				<tessellate>1</tessellate>
				<altitudeMode>absolute</altitudeMode>
				<coordinates>
					51.594223,42.133686,10972.8 51.54623,42.09137,10972.8 
				</coordinates>
			</LineString>
		</MultiGeometry>
	</Placemark>
	<Placemark>
		<name>P-713</name>
		<visibility>0</visibility>
		<description><![CDATA[<div><div><span><b>Altitude:</b></span> <span>36,000 ft</span></div>
<div><span><b>Speed:</b></span> <span>379 kt - 378 kt</span></div>
<div><span><b>Timestamp:</b></span><br/><span>2024-09-23 09:40:38 UTC<br/>2024-09-23 09:41:09 UTC</span></div>
</div>]]></description>
		<Style>
			<LineStyle>
				<color>ff7800ff</color>
				<width>2</width>
			</LineStyle>
		</Style>
		<MultiGeometry>
			<LineString>
				<tessellate>1</tessellate>
				<altitudeMode>absolute</altitudeMode>
				<coordinates>
					51.54623,42.09137,10972.8 51.499115,42.049938,10972.8 
				</coordinates>
			</LineString>
		</MultiGeometry>
	</Placemark>
	<Placemark>
		<name>P-714</name>
		<visibility>0</visibility>
		<description><![CDATA[<div><div><span><b>Altitude:</b></span> <span>36,000 ft</span></div>
<div><span><b>Speed:</b></span> <span>378 kt - 376 kt</span></div>
<div><span><b>Timestamp:</b></span><br/><span>2024-09-23 09:41:09 UTC<br/>2024-09-23 09:41:39 UTC</span></div>
</div>]]></description>
		<Style>
			<LineStyle>
				<color>ff7800ff</color>
				<width>2</width>
			</LineStyle>
		</Style>
		<MultiGeometry>
			<LineString>
				<tessellate>1</tessellate>
				<altitudeMode>absolute</altitudeMode>
				<coordinates>
					51.499115,42.049938,10972.8 51.451847,42.009933,10972.8 
				</coordinates>
			</LineString>
		</MultiGeometry>
	</Placemark>
	<Placemark>
		<name>P-715</name>
		<visibility>0</visibility>
		<description><![CDATA[<div><div><span><b>Altitude:</b></span> <span>36,000 ft</span></div>
<div><span><b>Speed:</b></span> <span>376 kt - 374 kt</span></div>
<div><span><b>Timestamp:</b></span><br/><span>2024-09-23 09:41:39 UTC<br/>2024-09-23 09:42:10 UTC</span></div>
</div>]]></description>
		<Style>
			<LineStyle>
				<color>ff7800ff</color>
				<width>2</width>
			</LineStyle>
		</Style>
		<MultiGeometry>
			<LineString>
				<tessellate>1</tessellate>
				<altitudeMode>absolute</altitudeMode>
				<coordinates>
					51.451847,42.009933,10972.8 51.39908999999999,41.972801,10972.8 
				</coordinates>
			</LineString>
		</MultiGeometry>
	</Placemark>
	<Placemark>
		<name>P-716</name>
		<visibility>0</visibility>
		<description><![CDATA[<div><div><span><b>Altitude:</b></span> <span>36,000 ft</span></div>
<div><span><b>Speed:</b></span> <span>374 kt</span></div>
<div><span><b>Timestamp:</b></span><br/><span>2024-09-23 09:42:10 UTC<br/>2024-09-23 09:42:42 UTC</span></div>
</div>]]></description>
		<Style>
			<LineStyle>
				<color>ff7800ff</color>
				<width>2</width>
			</LineStyle>
		</Style>
		<MultiGeometry>
			<LineString>
				<tessellate>1</tessellate>
				<altitudeMode>absolute</altitudeMode>
				<coordinates>
					51.39908999999999,41.972801,10972.8 51.345852,41.934998,10972.8 
				</coordinates>
			</LineString>
		</MultiGeometry>
	</Placemark>
	<Placemark>
		<name>P-717</name>
		<visibility>0</visibility>
		<description><![CDATA[<div><div><span><b>Altitude:</b></span> <span>36,000 ft</span></div>
<div><span><b>Speed:</b></span> <span>374 kt - 372 kt</span></div>
<div><span><b>Timestamp:</b></span><br/><span>2024-09-23 09:42:42 UTC<br/>2024-09-23 09:43:13 UTC</span></div>
</div>]]></description>
		<Style>
			<LineStyle>
				<color>ff7800ff</color>
				<width>2</width>
			</LineStyle>
		</Style>
		<MultiGeometry>
			<LineString>
				<tessellate>1</tessellate>
				<altitudeMode>absolute</altitudeMode>
				<coordinates>
					51.345852,41.934998,10972.8 51.293354,41.897507,10972.8 
				</coordinates>
			</LineString>
		</MultiGeometry>
	</Placemark>
	<Placemark>
		<name>P-718</name>
		<visibility>0</visibility>
		<description><![CDATA[<div><div><span><b>Altitude:</b></span> <span>36,000 ft</span></div>
<div><span><b>Speed:</b></span> <span>372 kt</span></div>
<div><span><b>Timestamp:</b></span><br/><span>2024-09-23 09:43:13 UTC<br/>2024-09-23 09:43:45 UTC</span></div>
</div>]]></description>
		<Style>
			<LineStyle>
				<color>ff7800ff</color>
				<width>2</width>
			</LineStyle>
		</Style>
		<MultiGeometry>
			<LineString>
				<tessellate>1</tessellate>
				<altitudeMode>absolute</altitudeMode>
				<coordinates>
					51.293354,41.897507,10972.8 51.24112699999999,41.860237,10972.8 
				</coordinates>
			</LineString>
		</MultiGeometry>
	</Placemark>
	<Placemark>
		<name>P-719</name>
		<visibility>0</visibility>
		<description><![CDATA[<div><div><span><b>Altitude:</b></span> <span>36,000 ft</span></div>
<div><span><b>Speed:</b></span> <span>372 kt</span></div>
<div><span><b>Timestamp:</b></span><br/><span>2024-09-23 09:43:45 UTC<br/>2024-09-23 09:44:16 UTC</span></div>
</div>]]></description>
		<Style>
			<LineStyle>
				<color>ff7800ff</color>
				<width>2</width>
			</LineStyle>
		</Style>
		<MultiGeometry>
			<LineString>
				<tessellate>1</tessellate>
				<altitudeMode>absolute</altitudeMode>
				<coordinates>
					51.24112699999999,41.860237,10972.8 51.18986100000001,41.823807,10972.8 
				</coordinates>
			</LineString>
		</MultiGeometry>
	</Placemark>
	<Placemark>
		<name>P-720</name>
		<visibility>0</visibility>
		<description><![CDATA[<div><div><span><b>Altitude:</b></span> <span>36,000 ft - 35,675 ft</span></div>
<div><span><b>Speed:</b></span> <span>372 kt - 361 kt</span></div>
<div><span><b>Timestamp:</b></span><br/><span>2024-09-23 09:44:16 UTC<br/>2024-09-23 09:44:46 UTC</span></div>
</div>]]></description>
		<Style>
			<LineStyle>
				<color>ff7800ff</color>
				<width>2</width>
			</LineStyle>
		</Style>
		<MultiGeometry>
			<LineString>
				<tessellate>1</tessellate>
				<altitudeMode>absolute</altitudeMode>
				<coordinates>
					51.18986100000001,41.823807,10972.8 51.13918699999999,41.787804,10873.74 
				</coordinates>
			</LineString>
		</MultiGeometry>
	</Placemark>
	<Placemark>
		<name>P-721</name>
		<visibility>0</visibility>
		<description><![CDATA[<div><div><span><b>Altitude:</b></span> <span>35,675 ft - 34,550 ft</span></div>
<div><span><b>Speed:</b></span> <span>361 kt - 375 kt</span></div>
<div><span><b>Timestamp:</b></span><br/><span>2024-09-23 09:44:46 UTC<br/>2024-09-23 09:45:17 UTC</span></div>
</div>]]></description>
		<Style>
			<LineStyle>
				<color>ff7800ff</color>
				<width>2</width>
			</LineStyle>
		</Style>
		<MultiGeometry>
			<LineString>
				<tessellate>1</tessellate>
				<altitudeMode>absolute</altitudeMode>
				<coordinates>
					51.13918699999999,41.787804,10873.74 51.08867300000001,41.751984,10530.84 
				</coordinates>
			</LineString>
		</MultiGeometry>
	</Placemark>
	<Placemark>
		<name>P-722</name>
		<visibility>0</visibility>
		<description><![CDATA[<div><div><span><b>Altitude:</b></span> <span>34,550 ft - 33,400 ft</span></div>
<div><span><b>Speed:</b></span> <span>375 kt - 391 kt</span></div>
<div><span><b>Timestamp:</b></span><br/><span>2024-09-23 09:45:17 UTC<br/>2024-09-23 09:45:49 UTC</span></div>
</div>]]></description>
		<Style>
			<LineStyle>
				<color>ff7800ff</color>
				<width>2</width>
			</LineStyle>
		</Style>
		<MultiGeometry>
			<LineString>
				<tessellate>1</tessellate>
				<altitudeMode>absolute</altitudeMode>
				<coordinates>
					51.08867300000001,41.751984,10530.84 51.034817,41.713226,10180.32 
				</coordinates>
			</LineString>
		</MultiGeometry>
	</Placemark>
	<Placemark>
		<name>P-723</name>
		<visibility>0</visibility>
		<description><![CDATA[<div><div><span><b>Altitude:</b></span> <span>33,400 ft - 31,900 ft</span></div>
<div><span><b>Speed:</b></span> <span>391 kt</span></div>
<div><span><b>Timestamp:</b></span><br/><span>2024-09-23 09:45:49 UTC<br/>2024-09-23 09:46:22 UTC</span></div>
</div>]]></description>
		<Style>
			<LineStyle>
				<color>ff6000ff</color>
				<width>2</width>
			</LineStyle>
		</Style>
		<MultiGeometry>
			<LineString>
				<tessellate>1</tessellate>
				<altitudeMode>absolute</altitudeMode>
				<coordinates>
					51.034817,41.713226,10180.32 50.976124,41.671051,9723.120000000001 
				</coordinates>
			</LineString>
		</MultiGeometry>
	</Placemark>
	<Placemark>
		<name>P-724</name>
		<visibility>0</visibility>
		<description><![CDATA[<div><div><span><b>Altitude:</b></span> <span>31,900 ft - 29,300 ft</span></div>
<div><span><b>Speed:</b></span> <span>391 kt - 408 kt</span></div>
<div><span><b>Timestamp:</b></span><br/><span>2024-09-23 09:46:22 UTC<br/>2024-09-23 09:46:52 UTC</span></div>
</div>]]></description>
		<Style>
			<LineStyle>
				<color>ff4e00ff</color>
				<width>2</width>
			</LineStyle>
		</Style>
		<MultiGeometry>
			<LineString>
				<tessellate>1</tessellate>
				<altitudeMode>absolute</altitudeMode>
				<coordinates>
					50.976124,41.671051,9723.120000000001 50.92269099999999,41.632736,8930.639999999999 
				</coordinates>
			</LineString>
		</MultiGeometry>
	</Placemark>
	<Placemark>
		<name>P-725</name>
		<visibility>0</visibility>
		<description><![CDATA[<div><div><span><b>Altitude:</b></span> <span>29,300 ft - 27,075 ft</span></div>
<div><span><b>Speed:</b></span> <span>408 kt</span></div>
<div><span><b>Timestamp:</b></span><br/><span>2024-09-23 09:46:52 UTC<br/>2024-09-23 09:47:26 UTC</span></div>
</div>]]></description>
		<Style>
			<LineStyle>
				<color>ff2400ff</color>
				<width>2</width>
			</LineStyle>
		</Style>
		<MultiGeometry>
			<LineString>
				<tessellate>1</tessellate>
				<altitudeMode>absolute</altitudeMode>
				<coordinates>
					50.92269099999999,41.632736,8930.639999999999 50.861332,41.588699,8252.459999999999 
				</coordinates>
			</LineString>
		</MultiGeometry>
	</Placemark>
	<Placemark>
		<name>P-726</name>
		<visibility>0</visibility>
		<description><![CDATA[<div><div><span><b>Altitude:</b></span> <span>27,075 ft - 25,400 ft</span></div>
<div><span><b>Speed:</b></span> <span>408 kt - 398 kt</span></div>
<div><span><b>Timestamp:</b></span><br/><span>2024-09-23 09:47:26 UTC<br/>2024-09-23 09:47:56 UTC</span></div>
</div>]]></description>
		<Style>
			<LineStyle>
				<color>ff0000ff</color>
				<width>2</width>
			</LineStyle>
		</Style>
		<MultiGeometry>
			<LineString>
				<tessellate>1</tessellate>
				<altitudeMode>absolute</altitudeMode>
				<coordinates>
					50.861332,41.588699,8252.459999999999 50.80684999999999,41.549316,7741.919999999999 
				</coordinates>
			</LineString>
		</MultiGeometry>
	</Placemark>
	<Placemark>
		<name>P-727</name>
		<visibility>0</visibility>
		<description><![CDATA[<div><div><span><b>Altitude:</b></span> <span>25,400 ft - 23,625 ft</span></div>
<div><span><b>Speed:</b></span> <span>398 kt - 386 kt</span></div>
<div><span><b>Timestamp:</b></span><br/><span>2024-09-23 09:47:56 UTC<br/>2024-09-23 09:48:30 UTC</span></div>
</div>]]></description>
		<Style>
			<LineStyle>
				<color>ff0000ff</color>
				<width>2</width>
			</LineStyle>
		</Style>
		<MultiGeometry>
			<LineString>
				<tessellate>1</tessellate>
				<altitudeMode>absolute</altitudeMode>
				<coordinates>
					50.80684999999999,41.549316,7741.919999999999 50.748909,41.507217,7200.9 
				</coordinates>
			</LineString>
		</MultiGeometry>
	</Placemark>
	<Placemark>
		<name>P-728</name>
		<visibility>0</visibility>
		<description><![CDATA[<div><div><span><b>Altitude:</b></span> <span>23,625 ft - 22,850 ft</span></div>
<div><span><b>Speed:</b></span> <span>386 kt - 344 kt</span></div>
<div><span><b>Timestamp:</b></span><br/><span>2024-09-23 09:48:30 UTC<br/>2024-09-23 09:49:00 UTC</span></div>
</div>]]></description>
		<Style>
			<LineStyle>
				<color>ff001eff</color>
				<width>2</width>
			</LineStyle>
		</Style>
		<MultiGeometry>
			<LineString>
				<tessellate>1</tessellate>
				<altitudeMode>absolute</altitudeMode>
				<coordinates>
					50.748909,41.507217,7200.9 50.69928400000001,41.471527,6964.679999999999 
				</coordinates>
			</LineString>
		</MultiGeometry>
	</Placemark>
	<Placemark>
		<name>P-729</name>
		<visibility>0</visibility>
		<description><![CDATA[<div><div><span><b>Altitude:</b></span> <span>22,850 ft - 20,650 ft</span></div>
<div><span><b>Speed:</b></span> <span>344 kt - 340 kt</span></div>
<div><span><b>Timestamp:</b></span><br/><span>2024-09-23 09:49:00 UTC<br/>2024-09-23 09:49:34 UTC</span></div>
</div>]]></description>
		<Style>
			<LineStyle>
				<color>ff0030ff</color>
				<width>2</width>
			</LineStyle>
		</Style>
		<MultiGeometry>
			<LineString>
				<tessellate>1</tessellate>
				<altitudeMode>absolute</altitudeMode>
				<coordinates>
					50.69928400000001,41.471527,6964.679999999999 50.64939900000001,41.435402,6294.12 
				</coordinates>
			</LineString>
		</MultiGeometry>
	</Placemark>
	<Placemark>
		<name>P-730</name>
		<visibility>0</visibility>
		<description><![CDATA[<div><div><span><b>Altitude:</b></span> <span>20,650 ft - 18,925 ft</span></div>
<div><span><b>Speed:</b></span> <span>340 kt - 327 kt</span></div>
<div><span><b>Timestamp:</b></span><br/><span>2024-09-23 09:49:34 UTC<br/>2024-09-23 09:50:04 UTC</span></div>
</div>]]></description>
		<Style>
			<LineStyle>
				<color>ff0054ff</color>
				<width>2</width>
			</LineStyle>
		</Style>
		<MultiGeometry>
			<LineString>
				<tessellate>1</tessellate>
				<altitudeMode>absolute</altitudeMode>
				<coordinates>
					50.64939900000001,41.435402,6294.12 50.60334799999999,41.401932,5768.34 
				</coordinates>
			</LineString>
		</MultiGeometry>
	</Placemark>
	<Placemark>
		<name>P-731</name>
		<visibility>0</visibility>
		<description><![CDATA[<div><div><span><b>Altitude:</b></span> <span>18,925 ft - 17,125 ft</span></div>
<div><span><b>Speed:</b></span> <span>327 kt - 317 kt</span></div>
<div><span><b>Timestamp:</b></span><br/><span>2024-09-23 09:50:04 UTC<br/>2024-09-23 09:50:38 UTC</span></div>
</div>]]></description>
		<Style>
			<LineStyle>
				<color>ff0078ff</color>
				<width>2</width>
			</LineStyle>
		</Style>
		<MultiGeometry>
			<LineString>
				<tessellate>1</tessellate>
				<altitudeMode>absolute</altitudeMode>
				<coordinates>
					50.60334799999999,41.401932,5768.34 50.556709,41.368088,5219.7 
				</coordinates>
			</LineString>
		</MultiGeometry>
	</Placemark>
	<Placemark>
		<name>P-732</name>
		<visibility>0</visibility>
		<description><![CDATA[<div><div><span><b>Altitude:</b></span> <span>17,125 ft - 15,375 ft</span></div>
<div><span><b>Speed:</b></span> <span>317 kt - 310 kt</span></div>
<div><span><b>Timestamp:</b></span><br/><span>2024-09-23 09:50:38 UTC<br/>2024-09-23 09:51:09 UTC</span></div>
</div>]]></description>
		<Style>
			<LineStyle>
				<color>ff0096ff</color>
				<width>2</width>
			</LineStyle>
		</Style>
		<MultiGeometry>
			<LineString>
				<tessellate>1</tessellate>
				<altitudeMode>absolute</altitudeMode>
				<coordinates>
					50.556709,41.368088,5219.7 50.513016,41.336525,4686.299999999999 
				</coordinates>
			</LineString>
		</MultiGeometry>
	</Placemark>
	<Placemark>
		<name>P-733</name>
		<visibility>0</visibility>
		<description><![CDATA[<div><div><span><b>Altitude:</b></span> <span>15,375 ft - 13,725 ft</span></div>
<div><span><b>Speed:</b></span> <span>310 kt - 304 kt</span></div>
<div><span><b>Timestamp:</b></span><br/><span>2024-09-23 09:51:09 UTC<br/>2024-09-23 09:51:40 UTC</span></div>
</div>]]></description>
		<Style>
			<LineStyle>
				<color>ff00a8ff</color>
				<width>2</width>
			</LineStyle>
		</Style>
		<MultiGeometry>
			<LineString>
				<tessellate>1</tessellate>
				<altitudeMode>absolute</altitudeMode>
				<coordinates>
					50.513016,41.336525,4686.299999999999 50.47143899999999,41.305847,4183.38 
				</coordinates>
			</LineString>
		</MultiGeometry>
	</Placemark>
	<Placemark>
		<name>P-734</name>
		<visibility>0</visibility>
		<description><![CDATA[<div><div><span><b>Altitude:</b></span> <span>13,725 ft - 12,625 ft</span></div>
<div><span><b>Speed:</b></span> <span>304 kt - 284 kt</span></div>
<div><span><b>Timestamp:</b></span><br/><span>2024-09-23 09:51:40 UTC<br/>2024-09-23 09:52:11 UTC</span></div>
</div>]]></description>
		<Style>
			<LineStyle>
				<color>ff00c0ff</color>
				<width>2</width>
			</LineStyle>
		</Style>
		<MultiGeometry>
			<LineString>
				<tessellate>1</tessellate>
				<altitudeMode>absolute</altitudeMode>
				<coordinates>
					50.47143899999999,41.305847,4183.38 50.432434,41.275406,3848.099999999999 
				</coordinates>
			</LineString>
		</MultiGeometry>
	</Placemark>
	<Placemark>
		<name>P-735</name>
		<visibility>0</visibility>
		<description><![CDATA[<div><div><span><b>Altitude:</b></span> <span>12,625 ft - 12,500 ft</span></div>
<div><span><b>Speed:</b></span> <span>284 kt - 281 kt</span></div>
<div><span><b>Timestamp:</b></span><br/><span>2024-09-23 09:52:11 UTC<br/>2024-09-23 09:52:14 UTC</span></div>
</div>]]></description>
		<Style>
			<LineStyle>
				<color>ff00eaff</color>
				<width>2</width>
			</LineStyle>
		</Style>
		<MultiGeometry>
			<LineString>
				<tessellate>1</tessellate>
				<altitudeMode>absolute</altitudeMode>
				<coordinates>
					50.432434,41.275406,3848.099999999999 50.429619,41.27177,3810 
				</coordinates>
			</LineString>
		</MultiGeometry>
	</Placemark>
	<Placemark>
		<name>P-736</name>
		<visibility>0</visibility>
		<description><![CDATA[<div><div><span><b>Altitude:</b></span> <span>12,500 ft - 12,400 ft</span></div>
<div><span><b>Speed:</b></span> <span>281 kt</span></div>
<div><span><b>Timestamp:</b></span><br/><span>2024-09-23 09:52:14 UTC<br/>2024-09-23 09:52:17 UTC</span></div>
</div>]]></description>
		<Style>
			<LineStyle>
				<color>ff00eaff</color>
				<width>2</width>
			</LineStyle>
		</Style>
		<MultiGeometry>
			<LineString>
				<tessellate>1</tessellate>
				<altitudeMode>absolute</altitudeMode>
				<coordinates>
					50.429619,41.27177,3810 50.42724599999999,41.268093,3779.52 
				</coordinates>
			</LineString>
		</MultiGeometry>
	</Placemark>
	<Placemark>
		<name>P-737</name>
		<visibility>0</visibility>
		<description><![CDATA[<div><div><span><b>Altitude:</b></span> <span>12,400 ft - 12,250 ft</span></div>
<div><span><b>Speed:</b></span> <span>281 kt - 280 kt</span></div>
<div><span><b>Timestamp:</b></span><br/><span>2024-09-23 09:52:17 UTC<br/>2024-09-23 09:52:20 UTC</span></div>
</div>]]></description>
		<Style>
			<LineStyle>
				<color>ff00eaff</color>
				<width>2</width>
			</LineStyle>
		</Style>
		<MultiGeometry>
			<LineString>
				<tessellate>1</tessellate>
				<altitudeMode>absolute</altitudeMode>
				<coordinates>
					50.42724599999999,41.268093,3779.52 50.424938,41.264137,3733.8 
				</coordinates>
			</LineString>
		</MultiGeometry>
	</Placemark>
	<Placemark>
		<name>P-738</name>
		<visibility>0</visibility>
		<description><![CDATA[<div><div><span><b>Altitude:</b></span> <span>12,250 ft - 12,125 ft</span></div>
<div><span><b>Speed:</b></span> <span>280 kt - 279 kt</span></div>
<div><span><b>Timestamp:</b></span><br/><span>2024-09-23 09:52:20 UTC<br/>2024-09-23 09:52:23 UTC</span></div>
</div>]]></description>
		<Style>
			<LineStyle>
				<color>ff00eaff</color>
				<width>2</width>
			</LineStyle>
		</Style>
		<MultiGeometry>
			<LineString>
				<tessellate>1</tessellate>
				<altitudeMode>absolute</altitudeMode>
				<coordinates>
					50.424938,41.264137,3733.8 50.422913,41.260574,3695.699999999999 
				</coordinates>
			</LineString>
		</MultiGeometry>
	</Placemark>
	<Placemark>
		<name>P-739</name>
		<visibility>0</visibility>
		<description><![CDATA[<div><div><span><b>Altitude:</b></span> <span>12,125 ft - 12,025 ft</span></div>
<div><span><b>Speed:</b></span> <span>279 kt - 278 kt</span></div>
<div><span><b>Timestamp:</b></span><br/><span>2024-09-23 09:52:23 UTC<br/>2024-09-23 09:52:26 UTC</span></div>
</div>]]></description>
		<Style>
			<LineStyle>
				<color>ff00eaff</color>
				<width>2</width>
			</LineStyle>
		</Style>
		<MultiGeometry>
			<LineString>
				<tessellate>1</tessellate>
				<altitudeMode>absolute</altitudeMode>
				<coordinates>
					50.422913,41.260574,3695.699999999999 50.421021,41.257095,3665.219999999999 
				</coordinates>
			</LineString>
		</MultiGeometry>
	</Placemark>
	<Placemark>
		<name>P-740</name>
		<visibility>0</visibility>
		<description><![CDATA[<div><div><span><b>Altitude:</b></span> <span>12,025 ft - 11,875 ft</span></div>
<div><span><b>Speed:</b></span> <span>278 kt - 277 kt</span></div>
<div><span><b>Timestamp:</b></span><br/><span>2024-09-23 09:52:26 UTC<br/>2024-09-23 09:52:29 UTC</span></div>
</div>]]></description>
		<Style>
			<LineStyle>
				<color>ff00eaff</color>
				<width>2</width>
			</LineStyle>
		</Style>
		<MultiGeometry>
			<LineString>
				<tessellate>1</tessellate>
				<altitudeMode>absolute</altitudeMode>
				<coordinates>
					50.421021,41.257095,3665.219999999999 50.418758,41.253105,3619.5 
				</coordinates>
			</LineString>
		</MultiGeometry>
	</Placemark>
	<Placemark>
		<name>P-741</name>
		<visibility>0</visibility>
		<description><![CDATA[<div><div><span><b>Altitude:</b></span> <span>11,875 ft - 11,750 ft</span></div>
<div><span><b>Speed:</b></span> <span>277 kt</span></div>
<div><span><b>Timestamp:</b></span><br/><span>2024-09-23 09:52:29 UTC<br/>2024-09-23 09:52:33 UTC</span></div>
</div>]]></description>
		<Style>
			<LineStyle>
				<color>ff00eaff</color>
				<width>2</width>
			</LineStyle>
		</Style>
		<MultiGeometry>
			<LineString>
				<tessellate>1</tessellate>
				<altitudeMode>absolute</altitudeMode>
				<coordinates>
					50.418758,41.253105,3619.5 50.416748,41.249496,3581.400000000001 
				</coordinates>
			</LineString>
		</MultiGeometry>
	</Placemark>
	<Placemark>
		<name>P-742</name>
		<visibility>0</visibility>
		<description><![CDATA[<div><div><span><b>Altitude:</b></span> <span>11,750 ft - 11,625 ft</span></div>
<div><span><b>Speed:</b></span> <span>277 kt - 276 kt</span></div>
<div><span><b>Timestamp:</b></span><br/><span>2024-09-23 09:52:33 UTC<br/>2024-09-23 09:52:35 UTC</span></div>
</div>]]></description>
		<Style>
			<LineStyle>
				<color>ff00eaff</color>
				<width>2</width>
			</LineStyle>
		</Style>
		<MultiGeometry>
			<LineString>
				<tessellate>1</tessellate>
				<altitudeMode>absolute</altitudeMode>
				<coordinates>
					50.416748,41.249496,3581.400000000001 50.415073,41.246494,3543.3 
				</coordinates>
			</LineString>
		</MultiGeometry>
	</Placemark>
	<Placemark>
		<name>P-743</name>
		<visibility>0</visibility>
		<description><![CDATA[<div><div><span><b>Altitude:</b></span> <span>11,625 ft - 10,925 ft</span></div>
<div><span><b>Speed:</b></span> <span>276 kt - 274 kt</span></div>
<div><span><b>Timestamp:</b></span><br/><span>2024-09-23 09:52:35 UTC<br/>2024-09-23 09:52:51 UTC</span></div>
</div>]]></description>
		<Style>
			<LineStyle>
				<color>ff00eaff</color>
				<width>2</width>
			</LineStyle>
		</Style>
		<MultiGeometry>
			<LineString>
				<tessellate>1</tessellate>
				<altitudeMode>absolute</altitudeMode>
				<coordinates>
					50.415073,41.246494,3543.3 50.40435800000001,41.227798,3329.94 
				</coordinates>
			</LineString>
		</MultiGeometry>
	</Placemark>
	<Placemark>
		<name>P-744</name>
		<visibility>0</visibility>
		<description><![CDATA[<div><div><span><b>Altitude:</b></span> <span>10,925 ft - 10,400 ft</span></div>
<div><span><b>Speed:</b></span> <span>274 kt - 273 kt</span></div>
<div><span><b>Timestamp:</b></span><br/><span>2024-09-23 09:52:51 UTC<br/>2024-09-23 09:53:04 UTC</span></div>
</div>]]></description>
		<Style>
			<LineStyle>
				<color>ff00ffe4</color>
				<width>2</width>
			</LineStyle>
		</Style>
		<MultiGeometry>
			<LineString>
				<tessellate>1</tessellate>
				<altitudeMode>absolute</altitudeMode>
				<coordinates>
					50.40435800000001,41.227798,3329.94 50.39603400000001,41.213535,3169.92 
				</coordinates>
			</LineString>
		</MultiGeometry>
	</Placemark>
	<Placemark>
		<name>P-745</name>
		<visibility>0</visibility>
		<description><![CDATA[<div><div><span><b>Altitude:</b></span> <span>10,400 ft - 9,875 ft</span></div>
<div><span><b>Speed:</b></span> <span>273 kt - 270 kt</span></div>
<div><span><b>Timestamp:</b></span><br/><span>2024-09-23 09:53:04 UTC<br/>2024-09-23 09:53:16 UTC</span></div>
</div>]]></description>
		<Style>
			<LineStyle>
				<color>ff00ffe4</color>
				<width>2</width>
			</LineStyle>
		</Style>
		<MultiGeometry>
			<LineString>
				<tessellate>1</tessellate>
				<altitudeMode>absolute</altitudeMode>
				<coordinates>
					50.39603400000001,41.213535,3169.92 50.387207,41.198639,3009.9 
				</coordinates>
			</LineString>
		</MultiGeometry>
	</Placemark>
	<Placemark>
		<name>P-746</name>
		<visibility>0</visibility>
		<description><![CDATA[<div><div><span><b>Altitude:</b></span> <span>9,875 ft - 9,250 ft</span></div>
<div><span><b>Speed:</b></span> <span>270 kt - 267 kt</span></div>
<div><span><b>Timestamp:</b></span><br/><span>2024-09-23 09:53:16 UTC<br/>2024-09-23 09:53:32 UTC</span></div>
</div>]]></description>
		<Style>
			<LineStyle>
				<color>ff00ffe4</color>
				<width>2</width>
			</LineStyle>
		</Style>
		<MultiGeometry>
			<LineString>
				<tessellate>1</tessellate>
				<altitudeMode>absolute</altitudeMode>
				<coordinates>
					50.387207,41.198639,3009.9 50.376995,41.181274,2819.4 
				</coordinates>
			</LineString>
		</MultiGeometry>
	</Placemark>
	<Placemark>
		<name>P-747</name>
		<visibility>0</visibility>
		<description><![CDATA[<div><div><span><b>Altitude:</b></span> <span>9,250 ft - 8,575 ft</span></div>
<div><span><b>Speed:</b></span> <span>267 kt - 263 kt</span></div>
<div><span><b>Timestamp:</b></span><br/><span>2024-09-23 09:53:32 UTC<br/>2024-09-23 09:53:47 UTC</span></div>
</div>]]></description>
		<Style>
			<LineStyle>
				<color>ff00ffd2</color>
				<width>2</width>
			</LineStyle>
		</Style>
		<MultiGeometry>
			<LineString>
				<tessellate>1</tessellate>
				<altitudeMode>absolute</altitudeMode>
				<coordinates>
					50.376995,41.181274,2819.4 50.36675999999999,41.163864,2613.659999999999 
				</coordinates>
			</LineString>
		</MultiGeometry>
	</Placemark>
	<Placemark>
		<name>P-748</name>
		<visibility>0</visibility>
		<description><![CDATA[<div><div><span><b>Altitude:</b></span> <span>8,575 ft - 8,000 ft</span></div>
<div><span><b>Speed:</b></span> <span>263 kt</span></div>
<div><span><b>Timestamp:</b></span><br/><span>2024-09-23 09:53:47 UTC<br/>2024-09-23 09:54:00 UTC</span></div>
</div>]]></description>
		<Style>
			<LineStyle>
				<color>ff00ffd2</color>
				<width>2</width>
			</LineStyle>
		</Style>
		<MultiGeometry>
			<LineString>
				<tessellate>1</tessellate>
				<altitudeMode>absolute</altitudeMode>
				<coordinates>
					50.36675999999999,41.163864,2613.659999999999 50.358704,41.15007,2438.4 
				</coordinates>
			</LineString>
		</MultiGeometry>
	</Placemark>
	<Placemark>
		<name>P-749</name>
		<visibility>0</visibility>
		<description><![CDATA[<div><div><span><b>Altitude:</b></span> <span>8,000 ft - 7,300 ft</span></div>
<div><span><b>Speed:</b></span> <span>263 kt - 267 kt</span></div>
<div><span><b>Timestamp:</b></span><br/><span>2024-09-23 09:54:00 UTC<br/>2024-09-23 09:54:15 UTC</span></div>
</div>]]></description>
		<Style>
			<LineStyle>
				<color>ff00ff9c</color>
				<width>2</width>
			</LineStyle>
		</Style>
		<MultiGeometry>
			<LineString>
				<tessellate>1</tessellate>
				<altitudeMode>absolute</altitudeMode>
				<coordinates>
					50.358704,41.15007,2438.4 50.348656,41.133045,2225.04 
				</coordinates>
			</LineString>
		</MultiGeometry>
	</Placemark>
	<Placemark>
		<name>P-750</name>
		<visibility>0</visibility>
		<description><![CDATA[<div><div><span><b>Altitude:</b></span> <span>7,300 ft - 6,725 ft</span></div>
<div><span><b>Speed:</b></span> <span>267 kt - 273 kt</span></div>
<div><span><b>Timestamp:</b></span><br/><span>2024-09-23 09:54:15 UTC<br/>2024-09-23 09:54:30 UTC</span></div>
</div>]]></description>
		<Style>
			<LineStyle>
				<color>ff00ff9c</color>
				<width>2</width>
			</LineStyle>
		</Style>
		<MultiGeometry>
			<LineString>
				<tessellate>1</tessellate>
				<altitudeMode>absolute</altitudeMode>
				<coordinates>
					50.348656,41.133045,2225.04 50.338482,41.115822,2049.78 
				</coordinates>
			</LineString>
		</MultiGeometry>
	</Placemark>
	<Placemark>
		<name>P-751</name>
		<visibility>0</visibility>
		<description><![CDATA[<div><div><span><b>Altitude:</b></span> <span>6,725 ft - 6,275 ft</span></div>
<div><span><b>Speed:</b></span> <span>273 kt</span></div>
<div><span><b>Timestamp:</b></span><br/><span>2024-09-23 09:54:30 UTC<br/>2024-09-23 09:54:45 UTC</span></div>
</div>]]></description>
		<Style>
			<LineStyle>
				<color>ff00ff9c</color>
				<width>2</width>
			</LineStyle>
		</Style>
		<MultiGeometry>
			<LineString>
				<tessellate>1</tessellate>
				<altitudeMode>absolute</altitudeMode>
				<coordinates>
					50.338482,41.115822,2049.78 50.328308,41.098068,1912.62 
				</coordinates>
			</LineString>
		</MultiGeometry>
	</Placemark>
	<Placemark>
		<name>P-752</name>
		<visibility>0</visibility>
		<description><![CDATA[<div><div><span><b>Altitude:</b></span> <span>6,275 ft - 5,900 ft</span></div>
<div><span><b>Speed:</b></span> <span>273 kt - 270 kt</span></div>
<div><span><b>Timestamp:</b></span><br/><span>2024-09-23 09:54:45 UTC<br/>2024-09-23 09:55:00 UTC</span></div>
</div>]]></description>
		<Style>
			<LineStyle>
				<color>ff00ff72</color>
				<width>2</width>
			</LineStyle>
		</Style>
		<MultiGeometry>
			<LineString>
				<tessellate>1</tessellate>
				<altitudeMode>absolute</altitudeMode>
				<coordinates>
					50.328308,41.098068,1912.62 50.318382,41.081047,1798.32 
				</coordinates>
			</LineString>
		</MultiGeometry>
	</Placemark>
	<Placemark>
		<name>P-753</name>
		<visibility>0</visibility>
		<description><![CDATA[<div><div><span><b>Altitude:</b></span> <span>5,900 ft - 5,575 ft</span></div>
<div><span><b>Speed:</b></span> <span>270 kt - 266 kt</span></div>
<div><span><b>Timestamp:</b></span><br/><span>2024-09-23 09:55:00 UTC<br/>2024-09-23 09:55:12 UTC</span></div>
</div>]]></description>
		<Style>
			<LineStyle>
				<color>ff00ff72</color>
				<width>2</width>
			</LineStyle>
		</Style>
		<MultiGeometry>
			<LineString>
				<tessellate>1</tessellate>
				<altitudeMode>absolute</altitudeMode>
				<coordinates>
					50.318382,41.081047,1798.32 50.30983,41.066895,1699.26 
				</coordinates>
			</LineString>
		</MultiGeometry>
	</Placemark>
	<Placemark>
		<name>P-754</name>
		<visibility>0</visibility>
		<description><![CDATA[<div><div><span><b>Altitude:</b></span> <span>5,575 ft - 5,250 ft</span></div>
<div><span><b>Speed:</b></span> <span>266 kt - 261 kt</span></div>
<div><span><b>Timestamp:</b></span><br/><span>2024-09-23 09:55:12 UTC<br/>2024-09-23 09:55:28 UTC</span></div>
</div>]]></description>
		<Style>
			<LineStyle>
				<color>ff00ff72</color>
				<width>2</width>
			</LineStyle>
		</Style>
		<MultiGeometry>
			<LineString>
				<tessellate>1</tessellate>
				<altitudeMode>absolute</altitudeMode>
				<coordinates>
					50.30983,41.066895,1699.26 50.299778,41.050137,1600.2 
				</coordinates>
			</LineString>
		</MultiGeometry>
	</Placemark>
	<Placemark>
		<name>P-755</name>
		<visibility>0</visibility>
		<description><![CDATA[<div><div><span><b>Altitude:</b></span> <span>5,250 ft - 4,825 ft</span></div>
<div><span><b>Speed:</b></span> <span>261 kt - 258 kt</span></div>
<div><span><b>Timestamp:</b></span><br/><span>2024-09-23 09:55:28 UTC<br/>2024-09-23 09:55:43 UTC</span></div>
</div>]]></description>
		<Style>
			<LineStyle>
				<color>ff00ff72</color>
				<width>2</width>
			</LineStyle>
		</Style>
		<MultiGeometry>
			<LineString>
				<tessellate>1</tessellate>
				<altitudeMode>absolute</altitudeMode>
				<coordinates>
					50.299778,41.050137,1600.2 50.29023,41.033424,1470.66 
				</coordinates>
			</LineString>
		</MultiGeometry>
	</Placemark>
	<Placemark>
		<name>P-756</name>
		<visibility>0</visibility>
		<description><![CDATA[<div><div><span><b>Altitude:</b></span> <span>4,825 ft - 4,550 ft</span></div>
<div><span><b>Speed:</b></span> <span>258 kt</span></div>
<div><span><b>Timestamp:</b></span><br/><span>2024-09-23 09:55:43 UTC<br/>2024-09-23 09:55:52 UTC</span></div>
</div>]]></description>
		<Style>
			<LineStyle>
				<color>ff00ff36</color>
				<width>2</width>
			</LineStyle>
		</Style>
		<MultiGeometry>
			<LineString>
				<tessellate>1</tessellate>
				<altitudeMode>absolute</altitudeMode>
				<coordinates>
					50.29023,41.033424,1470.66 50.284672,41.023739,1386.84 
				</coordinates>
			</LineString>
		</MultiGeometry>
	</Placemark>
	<Placemark>
		<name>P-757</name>
		<visibility>0</visibility>
		<description><![CDATA[<div><div><span><b>Altitude:</b></span> <span>4,550 ft - 4,300 ft</span></div>
<div><span><b>Speed:</b></span> <span>258 kt - 257 kt</span></div>
<div><span><b>Timestamp:</b></span><br/><span>2024-09-23 09:55:52 UTC<br/>2024-09-23 09:56:01 UTC</span></div>
</div>]]></description>
		<Style>
			<LineStyle>
				<color>ff00ff36</color>
				<width>2</width>
			</LineStyle>
		</Style>
		<MultiGeometry>
			<LineString>
				<tessellate>1</tessellate>
				<altitudeMode>absolute</altitudeMode>
				<coordinates>
					50.284672,41.023739,1386.84 50.278992,41.013565,1310.64 
				</coordinates>
			</LineString>
		</MultiGeometry>
	</Placemark>
	<Placemark>
		<name>P-758</name>
		<visibility>0</visibility>
		<description><![CDATA[<div><div><span><b>Altitude:</b></span> <span>4,300 ft - 4,075 ft</span></div>
<div><span><b>Speed:</b></span> <span>257 kt - 256 kt</span></div>
<div><span><b>Timestamp:</b></span><br/><span>2024-09-23 09:56:01 UTC<br/>2024-09-23 09:56:10 UTC</span></div>
</div>]]></description>
		<Style>
			<LineStyle>
				<color>ff00ff36</color>
				<width>2</width>
			</LineStyle>
		</Style>
		<MultiGeometry>
			<LineString>
				<tessellate>1</tessellate>
				<altitudeMode>absolute</altitudeMode>
				<coordinates>
					50.278992,41.013565,1310.64 50.27362399999999,41.004189,1242.06 
				</coordinates>
			</LineString>
		</MultiGeometry>
	</Placemark>
	<Placemark>
		<name>P-759</name>
		<visibility>0</visibility>
		<description><![CDATA[<div><div><span><b>Altitude:</b></span> <span>4,075 ft - 3,800 ft</span></div>
<div><span><b>Speed:</b></span> <span>256 kt - 254 kt</span></div>
<div><span><b>Timestamp:</b></span><br/><span>2024-09-23 09:56:10 UTC<br/>2024-09-23 09:56:19 UTC</span></div>
</div>]]></description>
		<Style>
			<LineStyle>
				<color>ff00ff36</color>
				<width>2</width>
			</LineStyle>
		</Style>
		<MultiGeometry>
			<LineString>
				<tessellate>1</tessellate>
				<altitudeMode>absolute</altitudeMode>
				<coordinates>
					50.27362399999999,41.004189,1242.06 50.26757,40.993855,1158.24 
				</coordinates>
			</LineString>
		</MultiGeometry>
	</Placemark>
	<Placemark>
		<name>P-760</name>
		<visibility>0</visibility>
		<description><![CDATA[<div><div><span><b>Altitude:</b></span> <span>3,800 ft - 3,525 ft</span></div>
<div><span><b>Speed:</b></span> <span>254 kt</span></div>
<div><span><b>Timestamp:</b></span><br/><span>2024-09-23 09:56:19 UTC<br/>2024-09-23 09:56:28 UTC</span></div>
</div>]]></description>
		<Style>
			<LineStyle>
				<color>ff00ff0c</color>
				<width>2</width>
			</LineStyle>
		</Style>
		<MultiGeometry>
			<LineString>
				<tessellate>1</tessellate>
				<altitudeMode>absolute</altitudeMode>
				<coordinates>
					50.26757,40.993855,1158.24 50.261765,40.984123,1074.42 
				</coordinates>
			</LineString>
		</MultiGeometry>
	</Placemark>
	<Placemark>
		<name>P-761</name>
		<visibility>0</visibility>
		<description><![CDATA[<div><div><span><b>Altitude:</b></span> <span>3,525 ft - 3,275 ft</span></div>
<div><span><b>Speed:</b></span> <span>254 kt - 253 kt</span></div>
<div><span><b>Timestamp:</b></span><br/><span>2024-09-23 09:56:28 UTC<br/>2024-09-23 09:56:37 UTC</span></div>
</div>]]></description>
		<Style>
			<LineStyle>
				<color>ff00ff0c</color>
				<width>2</width>
			</LineStyle>
		</Style>
		<MultiGeometry>
			<LineString>
				<tessellate>1</tessellate>
				<altitudeMode>absolute</altitudeMode>
				<coordinates>
					50.261765,40.984123,1074.42 50.25585900000001,40.974243,998.2199999999998 
				</coordinates>
			</LineString>
		</MultiGeometry>
	</Placemark>
	<Placemark>
		<name>P-762</name>
		<visibility>0</visibility>
		<description><![CDATA[<div><div><span><b>Altitude:</b></span> <span>3,275 ft - 3,175 ft</span></div>
<div><span><b>Speed:</b></span> <span>253 kt - 250 kt</span></div>
<div><span><b>Timestamp:</b></span><br/><span>2024-09-23 09:56:37 UTC<br/>2024-09-23 09:56:47 UTC</span></div>
</div>]]></description>
		<Style>
			<LineStyle>
				<color>ff1eff00</color>
				<width>2</width>
			</LineStyle>
		</Style>
		<MultiGeometry>
			<LineString>
				<tessellate>1</tessellate>
				<altitudeMode>absolute</altitudeMode>
				<coordinates>
					50.25585900000001,40.974243,998.2199999999998 50.250061,40.964264,967.7399999999999 
				</coordinates>
			</LineString>
		</MultiGeometry>
	</Placemark>
	<Placemark>
		<name>P-763</name>
		<visibility>0</visibility>
		<description><![CDATA[<div><div><span><b>Altitude:</b></span> <span>3,175 ft - 3,100 ft</span></div>
<div><span><b>Speed:</b></span> <span>250 kt</span></div>
<div><span><b>Timestamp:</b></span><br/><span>2024-09-23 09:56:47 UTC<br/>2024-09-23 09:56:56 UTC</span></div>
</div>]]></description>
		<Style>
			<LineStyle>
				<color>ff1eff00</color>
				<width>2</width>
			</LineStyle>
		</Style>
		<MultiGeometry>
			<LineString>
				<tessellate>1</tessellate>
				<altitudeMode>absolute</altitudeMode>
				<coordinates>
					50.250061,40.964264,967.7399999999999 50.244537,40.954659,944.8799999999998 
				</coordinates>
			</LineString>
		</MultiGeometry>
	</Placemark>
	<Placemark>
		<name>P-764</name>
		<visibility>0</visibility>
		<description><![CDATA[<div><div><span><b>Altitude:</b></span> <span>3,100 ft - 3,025 ft</span></div>
<div><span><b>Speed:</b></span> <span>250 kt</span></div>
<div><span><b>Timestamp:</b></span><br/><span>2024-09-23 09:56:56 UTC<br/>2024-09-23 09:57:05 UTC</span></div>
</div>]]></description>
		<Style>
			<LineStyle>
				<color>ff1eff00</color>
				<width>2</width>
			</LineStyle>
		</Style>
		<MultiGeometry>
			<LineString>
				<tessellate>1</tessellate>
				<altitudeMode>absolute</altitudeMode>
				<coordinates>
					50.244537,40.954659,944.8799999999998 50.239136,40.945175,922.02 
				</coordinates>
			</LineString>
		</MultiGeometry>
	</Placemark>
	<Placemark>
		<name>P-765</name>
		<visibility>0</visibility>
		<description><![CDATA[<div><div><span><b>Altitude:</b></span> <span>3,025 ft - 2,950 ft</span></div>
<div><span><b>Speed:</b></span> <span>250 kt - 249 kt</span></div>
<div><span><b>Timestamp:</b></span><br/><span>2024-09-23 09:57:05 UTC<br/>2024-09-23 09:57:14 UTC</span></div>
</div>]]></description>
		<Style>
			<LineStyle>
				<color>ff1eff00</color>
				<width>2</width>
			</LineStyle>
		</Style>
		<MultiGeometry>
			<LineString>
				<tessellate>1</tessellate>
				<altitudeMode>absolute</altitudeMode>
				<coordinates>
					50.239136,40.945175,922.02 50.233521,40.935333,899.16 
				</coordinates>
			</LineString>
		</MultiGeometry>
	</Placemark>
	<Placemark>
		<name>P-766</name>
		<visibility>0</visibility>
		<description><![CDATA[<div><div><span><b>Altitude:</b></span> <span>2,950 ft - 2,875 ft</span></div>
<div><span><b>Speed:</b></span> <span>249 kt - 248 kt</span></div>
<div><span><b>Timestamp:</b></span><br/><span>2024-09-23 09:57:14 UTC<br/>2024-09-23 09:57:23 UTC</span></div>
</div>]]></description>
		<Style>
			<LineStyle>
				<color>ff1eff00</color>
				<width>2</width>
			</LineStyle>
		</Style>
		<MultiGeometry>
			<LineString>
				<tessellate>1</tessellate>
				<altitudeMode>absolute</altitudeMode>
				<coordinates>
					50.233521,40.935333,899.16 50.228119,40.926029,876.3 
				</coordinates>
			</LineString>
		</MultiGeometry>
	</Placemark>
	<Placemark>
		<name>P-767</name>
		<visibility>0</visibility>
		<description><![CDATA[<div><div><span><b>Altitude:</b></span> <span>2,875 ft - 2,800 ft</span></div>
<div><span><b>Speed:</b></span> <span>248 kt</span></div>
<div><span><b>Timestamp:</b></span><br/><span>2024-09-23 09:57:23 UTC<br/>2024-09-23 09:57:32 UTC</span></div>
</div>]]></description>
		<Style>
			<LineStyle>
				<color>ff1eff00</color>
				<width>2</width>
			</LineStyle>
		</Style>
		<MultiGeometry>
			<LineString>
				<tessellate>1</tessellate>
				<altitudeMode>absolute</altitudeMode>
				<coordinates>
					50.228119,40.926029,876.3 50.222313,40.916111,853.4399999999999 
				</coordinates>
			</LineString>
		</MultiGeometry>
	</Placemark>
	<Placemark>
		<name>P-768</name>
		<visibility>0</visibility>
		<description><![CDATA[<div><div><span><b>Altitude:</b></span> <span>2,800 ft - 2,725 ft</span></div>
<div><span><b>Speed:</b></span> <span>248 kt</span></div>
<div><span><b>Timestamp:</b></span><br/><span>2024-09-23 09:57:32 UTC<br/>2024-09-23 09:57:41 UTC</span></div>
</div>]]></description>
		<Style>
			<LineStyle>
				<color>ff1eff00</color>
				<width>2</width>
			</LineStyle>
		</Style>
		<MultiGeometry>
			<LineString>
				<tessellate>1</tessellate>
				<altitudeMode>absolute</altitudeMode>
				<coordinates>
					50.222313,40.916111,853.4399999999999 50.21657200000001,40.906338,830.5799999999998 
				</coordinates>
			</LineString>
		</MultiGeometry>
	</Placemark>
	<Placemark>
		<name>P-769</name>
		<visibility>0</visibility>
		<description><![CDATA[<div><div><span><b>Altitude:</b></span> <span>2,725 ft - 2,650 ft</span></div>
<div><span><b>Speed:</b></span> <span>248 kt</span></div>
<div><span><b>Timestamp:</b></span><br/><span>2024-09-23 09:57:41 UTC<br/>2024-09-23 09:57:50 UTC</span></div>
</div>]]></description>
		<Style>
			<LineStyle>
				<color>ff1eff00</color>
				<width>2</width>
			</LineStyle>
		</Style>
		<MultiGeometry>
			<LineString>
				<tessellate>1</tessellate>
				<altitudeMode>absolute</altitudeMode>
				<coordinates>
					50.21657200000001,40.906338,830.5799999999998 50.210876,40.896744,807.7199999999999 
				</coordinates>
			</LineString>
		</MultiGeometry>
	</Placemark>
	<Placemark>
		<name>P-770</name>
		<visibility>0</visibility>
		<description><![CDATA[<div><div><span><b>Altitude:</b></span> <span>2,650 ft - 2,575 ft</span></div>
<div><span><b>Speed:</b></span> <span>248 kt - 247 kt</span></div>
<div><span><b>Timestamp:</b></span><br/><span>2024-09-23 09:57:50 UTC<br/>2024-09-23 09:57:59 UTC</span></div>
</div>]]></description>
		<Style>
			<LineStyle>
				<color>ff1eff00</color>
				<width>2</width>
			</LineStyle>
		</Style>
		<MultiGeometry>
			<LineString>
				<tessellate>1</tessellate>
				<altitudeMode>absolute</altitudeMode>
				<coordinates>
					50.210876,40.896744,807.7199999999999 50.205383,40.887543,784.86 
				</coordinates>
			</LineString>
		</MultiGeometry>
	</Placemark>
	<Placemark>
		<name>P-771</name>
		<visibility>0</visibility>
		<description><![CDATA[<div><div><span><b>Altitude:</b></span> <span>2,575 ft - 2,500 ft</span></div>
<div><span><b>Speed:</b></span> <span>247 kt</span></div>
<div><span><b>Timestamp:</b></span><br/><span>2024-09-23 09:57:59 UTC<br/>2024-09-23 09:58:09 UTC</span></div>
</div>]]></description>
		<Style>
			<LineStyle>
				<color>ff42ff00</color>
				<width>2</width>
			</LineStyle>
		</Style>
		<MultiGeometry>
			<LineString>
				<tessellate>1</tessellate>
				<altitudeMode>absolute</altitudeMode>
				<coordinates>
					50.205383,40.887543,784.86 50.20001199999999,40.878571,761.9999999999999 
				</coordinates>
			</LineString>
		</MultiGeometry>
	</Placemark>
	<Placemark>
		<name>P-772</name>
		<visibility>0</visibility>
		<description><![CDATA[<div><div><span><b>Altitude:</b></span> <span>2,500 ft - 2,425 ft</span></div>
<div><span><b>Speed:</b></span> <span>247 kt</span></div>
<div><span><b>Timestamp:</b></span><br/><span>2024-09-23 09:58:09 UTC<br/>2024-09-23 09:58:18 UTC</span></div>
</div>]]></description>
		<Style>
			<LineStyle>
				<color>ff42ff00</color>
				<width>2</width>
			</LineStyle>
		</Style>
		<MultiGeometry>
			<LineString>
				<tessellate>1</tessellate>
				<altitudeMode>absolute</altitudeMode>
				<coordinates>
					50.20001199999999,40.878571,761.9999999999999 50.19397,40.868362,739.14 
				</coordinates>
			</LineString>
		</MultiGeometry>
	</Placemark>
	<Placemark>
		<name>P-773</name>
		<visibility>0</visibility>
		<description><![CDATA[<div><div><span><b>Altitude:</b></span> <span>2,425 ft - 2,350 ft</span></div>
<div><span><b>Speed:</b></span> <span>247 kt - 246 kt</span></div>
<div><span><b>Timestamp:</b></span><br/><span>2024-09-23 09:58:18 UTC<br/>2024-09-23 09:58:27 UTC</span></div>
</div>]]></description>
		<Style>
			<LineStyle>
				<color>ff42ff00</color>
				<width>2</width>
			</LineStyle>
		</Style>
		<MultiGeometry>
			<LineString>
				<tessellate>1</tessellate>
				<altitudeMode>absolute</altitudeMode>
				<coordinates>
					50.19397,40.868362,739.14 50.18847700000001,40.858841,716.28 
				</coordinates>
			</LineString>
		</MultiGeometry>
	</Placemark>
	<Placemark>
		<name>P-774</name>
		<visibility>0</visibility>
		<description><![CDATA[<div><div><span><b>Altitude:</b></span> <span>2,350 ft - 2,300 ft</span></div>
<div><span><b>Speed:</b></span> <span>246 kt - 247 kt</span></div>
<div><span><b>Timestamp:</b></span><br/><span>2024-09-23 09:58:27 UTC<br/>2024-09-23 09:58:36 UTC</span></div>
</div>]]></description>
		<Style>
			<LineStyle>
				<color>ff42ff00</color>
				<width>2</width>
			</LineStyle>
		</Style>
		<MultiGeometry>
			<LineString>
				<tessellate>1</tessellate>
				<altitudeMode>absolute</altitudeMode>
				<coordinates>
					50.18847700000001,40.858841,716.28 50.18335,40.849823,701.04 
				</coordinates>
			</LineString>
		</MultiGeometry>
	</Placemark>
	<Placemark>
		<name>P-775</name>
		<visibility>0</visibility>
		<description><![CDATA[<div><div><span><b>Altitude:</b></span> <span>2,300 ft - 2,200 ft</span></div>
<div><span><b>Speed:</b></span> <span>247 kt</span></div>
<div><span><b>Timestamp:</b></span><br/><span>2024-09-23 09:58:36 UTC<br/>2024-09-23 09:58:45 UTC</span></div>
</div>]]></description>
		<Style>
			<LineStyle>
				<color>ff42ff00</color>
				<width>2</width>
			</LineStyle>
		</Style>
		<MultiGeometry>
			<LineString>
				<tessellate>1</tessellate>
				<altitudeMode>absolute</altitudeMode>
				<coordinates>
					50.18335,40.849823,701.04 50.17780699999999,40.840092,670.5599999999998 
				</coordinates>
			</LineString>
		</MultiGeometry>
	</Placemark>
	<Placemark>
		<name>P-776</name>
		<visibility>0</visibility>
		<description><![CDATA[<div><div><span><b>Altitude:</b></span> <span>2,200 ft - 2,125 ft</span></div>
<div><span><b>Speed:</b></span> <span>247 kt</span></div>
<div><span><b>Timestamp:</b></span><br/><span>2024-09-23 09:58:45 UTC<br/>2024-09-23 09:58:54 UTC</span></div>
</div>]]></description>
		<Style>
			<LineStyle>
				<color>ff42ff00</color>
				<width>2</width>
			</LineStyle>
		</Style>
		<MultiGeometry>
			<LineString>
				<tessellate>1</tessellate>
				<altitudeMode>absolute</altitudeMode>
				<coordinates>
					50.17780699999999,40.840092,670.5599999999998 50.172241,40.830368,647.6999999999999 
				</coordinates>
			</LineString>
		</MultiGeometry>
	</Placemark>
	<Placemark>
		<name>P-777</name>
		<visibility>0</visibility>
		<description><![CDATA[<div><div><span><b>Altitude:</b></span> <span>2,125 ft - 2,100 ft</span></div>
<div><span><b>Speed:</b></span> <span>247 kt - 246 kt</span></div>
<div><span><b>Timestamp:</b></span><br/><span>2024-09-23 09:58:54 UTC<br/>2024-09-23 09:59:00 UTC</span></div>
</div>]]></description>
		<Style>
			<LineStyle>
				<color>ff42ff00</color>
				<width>2</width>
			</LineStyle>
		</Style>
		<MultiGeometry>
			<LineString>
				<tessellate>1</tessellate>
				<altitudeMode>absolute</altitudeMode>
				<coordinates>
					50.172241,40.830368,647.6999999999999 50.16833500000001,40.823547,640.08 
				</coordinates>
			</LineString>
		</MultiGeometry>
	</Placemark>
	<Placemark>
		<name>P-778</name>
		<visibility>0</visibility>
		<description><![CDATA[<div><div><span><b>Altitude:</b></span> <span>2,100 ft</span></div>
<div><span><b>Speed:</b></span> <span>246 kt</span></div>
<div><span><b>Timestamp:</b></span><br/><span>2024-09-23 09:59:00 UTC<br/>2024-09-23 09:59:09 UTC</span></div>
</div>]]></description>
		<Style>
			<LineStyle>
				<color>ff42ff00</color>
				<width>2</width>
			</LineStyle>
		</Style>
		<MultiGeometry>
			<LineString>
				<tessellate>1</tessellate>
				<altitudeMode>absolute</altitudeMode>
				<coordinates>
					50.16833500000001,40.823547,640.08 50.162762,40.813976,640.08 
				</coordinates>
			</LineString>
		</MultiGeometry>
	</Placemark>
	<Placemark>
		<name>P-779</name>
		<visibility>0</visibility>
		<description><![CDATA[<div><div><span><b>Altitude:</b></span> <span>2,100 ft</span></div>
<div><span><b>Speed:</b></span> <span>246 kt - 247 kt</span></div>
<div><span><b>Timestamp:</b></span><br/><span>2024-09-23 09:59:09 UTC<br/>2024-09-23 09:59:18 UTC</span></div>
</div>]]></description>
		<Style>
			<LineStyle>
				<color>ff42ff00</color>
				<width>2</width>
			</LineStyle>
		</Style>
		<MultiGeometry>
			<LineString>
				<tessellate>1</tessellate>
				<altitudeMode>absolute</altitudeMode>
				<coordinates>
					50.162762,40.813976,640.08 50.157471,40.804871,640.08 
				</coordinates>
			</LineString>
		</MultiGeometry>
	</Placemark>
	<Placemark>
		<name>P-780</name>
		<visibility>0</visibility>
		<description><![CDATA[<div><div><span><b>Altitude:</b></span> <span>2,100 ft</span></div>
<div><span><b>Speed:</b></span> <span>247 kt - 248 kt</span></div>
<div><span><b>Timestamp:</b></span><br/><span>2024-09-23 09:59:18 UTC<br/>2024-09-23 09:59:28 UTC</span></div>
</div>]]></description>
		<Style>
			<LineStyle>
				<color>ff42ff00</color>
				<width>2</width>
			</LineStyle>
		</Style>
		<MultiGeometry>
			<LineString>
				<tessellate>1</tessellate>
				<altitudeMode>absolute</altitudeMode>
				<coordinates>
					50.157471,40.804871,640.08 50.151714,40.794891,640.08 
				</coordinates>
			</LineString>
		</MultiGeometry>
	</Placemark>
	<Placemark>
		<name>P-781</name>
		<visibility>0</visibility>
		<description><![CDATA[<div><div><span><b>Altitude:</b></span> <span>2,100 ft</span></div>
<div><span><b>Speed:</b></span> <span>248 kt</span></div>
<div><span><b>Timestamp:</b></span><br/><span>2024-09-23 09:59:28 UTC<br/>2024-09-23 09:59:37 UTC</span></div>
</div>]]></description>
		<Style>
			<LineStyle>
				<color>ff42ff00</color>
				<width>2</width>
			</LineStyle>
		</Style>
		<MultiGeometry>
			<LineString>
				<tessellate>1</tessellate>
				<altitudeMode>absolute</altitudeMode>
				<coordinates>
					50.151714,40.794891,640.08 50.146362,40.785599,640.08 
				</coordinates>
			</LineString>
		</MultiGeometry>
	</Placemark>
	<Placemark>
		<name>P-782</name>
		<visibility>0</visibility>
		<description><![CDATA[<div><div><span><b>Altitude:</b></span> <span>2,100 ft</span></div>
<div><span><b>Speed:</b></span> <span>248 kt</span></div>
<div><span><b>Timestamp:</b></span><br/><span>2024-09-23 09:59:37 UTC<br/>2024-09-23 09:59:46 UTC</span></div>
</div>]]></description>
		<Style>
			<LineStyle>
				<color>ff42ff00</color>
				<width>2</width>
			</LineStyle>
		</Style>
		<MultiGeometry>
			<LineString>
				<tessellate>1</tessellate>
				<altitudeMode>absolute</altitudeMode>
				<coordinates>
					50.146362,40.785599,640.08 50.140789,40.775944,640.08 
				</coordinates>
			</LineString>
		</MultiGeometry>
	</Placemark>
	<Placemark>
		<name>P-783</name>
		<visibility>0</visibility>
		<description><![CDATA[<div><div><span><b>Altitude:</b></span> <span>2,100 ft - 2,075 ft</span></div>
<div><span><b>Speed:</b></span> <span>248 kt</span></div>
<div><span><b>Timestamp:</b></span><br/><span>2024-09-23 09:59:46 UTC<br/>2024-09-23 09:59:55 UTC</span></div>
</div>]]></description>
		<Style>
			<LineStyle>
				<color>ff42ff00</color>
				<width>2</width>
			</LineStyle>
		</Style>
		<MultiGeometry>
			<LineString>
				<tessellate>1</tessellate>
				<altitudeMode>absolute</altitudeMode>
				<coordinates>
					50.140789,40.775944,640.08 50.135315,40.766464,632.4599999999999 
				</coordinates>
			</LineString>
		</MultiGeometry>
	</Placemark>
	<Placemark>
		<name>P-784</name>
		<visibility>0</visibility>
		<description><![CDATA[<div><div><span><b>Altitude:</b></span> <span>2,075 ft - 2,100 ft</span></div>
<div><span><b>Speed:</b></span> <span>248 kt</span></div>
<div><span><b>Timestamp:</b></span><br/><span>2024-09-23 09:59:55 UTC<br/>2024-09-23 10:00:04 UTC</span></div>
</div>]]></description>
		<Style>
			<LineStyle>
				<color>ff42ff00</color>
				<width>2</width>
			</LineStyle>
		</Style>
		<MultiGeometry>
			<LineString>
				<tessellate>1</tessellate>
				<altitudeMode>absolute</altitudeMode>
				<coordinates>
					50.135315,40.766464,632.4599999999999 50.130005,40.757217,640.08 
				</coordinates>
			</LineString>
		</MultiGeometry>
	</Placemark>
	<Placemark>
		<name>P-785</name>
		<visibility>0</visibility>
		<description><![CDATA[<div><div><span><b>Altitude:</b></span> <span>2,100 ft - 2,075 ft</span></div>
<div><span><b>Speed:</b></span> <span>248 kt</span></div>
<div><span><b>Timestamp:</b></span><br/><span>2024-09-23 10:00:04 UTC<br/>2024-09-23 10:00:13 UTC</span></div>
</div>]]></description>
		<Style>
			<LineStyle>
				<color>ff42ff00</color>
				<width>2</width>
			</LineStyle>
		</Style>
		<MultiGeometry>
			<LineString>
				<tessellate>1</tessellate>
				<altitudeMode>absolute</altitudeMode>
				<coordinates>
					50.130005,40.757217,640.08 50.124187,40.747128,632.4599999999999 
				</coordinates>
			</LineString>
		</MultiGeometry>
	</Placemark>
	<Placemark>
		<name>P-786</name>
		<visibility>0</visibility>
		<description><![CDATA[<div><div><span><b>Altitude:</b></span> <span>2,075 ft - 2,100 ft</span></div>
<div><span><b>Speed:</b></span> <span>248 kt</span></div>
<div><span><b>Timestamp:</b></span><br/><span>2024-09-23 10:00:13 UTC<br/>2024-09-23 10:00:22 UTC</span></div>
</div>]]></description>
		<Style>
			<LineStyle>
				<color>ff42ff00</color>
				<width>2</width>
			</LineStyle>
		</Style>
		<MultiGeometry>
			<LineString>
				<tessellate>1</tessellate>
				<altitudeMode>absolute</altitudeMode>
				<coordinates>
					50.124187,40.747128,632.4599999999999 50.118629,40.737492,640.08 
				</coordinates>
			</LineString>
		</MultiGeometry>
	</Placemark>
	<Placemark>
		<name>P-787</name>
		<visibility>0</visibility>
		<description><![CDATA[<div><div><span><b>Altitude:</b></span> <span>2,100 ft</span></div>
<div><span><b>Speed:</b></span> <span>248 kt</span></div>
<div><span><b>Timestamp:</b></span><br/><span>2024-09-23 10:00:22 UTC<br/>2024-09-23 10:00:31 UTC</span></div>
</div>]]></description>
		<Style>
			<LineStyle>
				<color>ff42ff00</color>
				<width>2</width>
			</LineStyle>
		</Style>
		<MultiGeometry>
			<LineString>
				<tessellate>1</tessellate>
				<altitudeMode>absolute</altitudeMode>
				<coordinates>
					50.118629,40.737492,640.08 50.113449,40.728554,640.08 
				</coordinates>
			</LineString>
		</MultiGeometry>
	</Placemark>
	<Placemark>
		<name>P-788</name>
		<visibility>0</visibility>
		<description><![CDATA[<div><div><span><b>Altitude:</b></span> <span>2,100 ft - 2,075 ft</span></div>
<div><span><b>Speed:</b></span> <span>248 kt - 250 kt</span></div>
<div><span><b>Timestamp:</b></span><br/><span>2024-09-23 10:00:31 UTC<br/>2024-09-23 10:00:37 UTC</span></div>
</div>]]></description>
		<Style>
			<LineStyle>
				<color>ff42ff00</color>
				<width>2</width>
			</LineStyle>
		</Style>
		<MultiGeometry>
			<LineString>
				<tessellate>1</tessellate>
				<altitudeMode>absolute</altitudeMode>
				<coordinates>
					50.113449,40.728554,640.08 50.109436,40.721695,632.4599999999999 
				</coordinates>
			</LineString>
		</MultiGeometry>
	</Placemark>
	<Placemark>
		<name>P-789</name>
		<visibility>0</visibility>
		<description><![CDATA[<div><div><span><b>Altitude:</b></span> <span>2,075 ft</span></div>
<div><span><b>Speed:</b></span> <span>250 kt - 248 kt</span></div>
<div><span><b>Timestamp:</b></span><br/><span>2024-09-23 10:00:37 UTC<br/>2024-09-23 10:00:46 UTC</span></div>
</div>]]></description>
		<Style>
			<LineStyle>
				<color>ff42ff00</color>
				<width>2</width>
			</LineStyle>
		</Style>
		<MultiGeometry>
			<LineString>
				<tessellate>1</tessellate>
				<altitudeMode>absolute</altitudeMode>
				<coordinates>
					50.109436,40.721695,632.4599999999999 50.10377500000001,40.711796,632.4599999999999 
				</coordinates>
			</LineString>
		</MultiGeometry>
	</Placemark>
	<Placemark>
		<name>P-790</name>
		<visibility>0</visibility>
		<description><![CDATA[<div><div><span><b>Altitude:</b></span> <span>2,075 ft</span></div>
<div><span><b>Speed:</b></span> <span>248 kt - 240 kt</span></div>
<div><span><b>Timestamp:</b></span><br/><span>2024-09-23 10:00:46 UTC<br/>2024-09-23 10:00:55 UTC</span></div>
</div>]]></description>
		<Style>
			<LineStyle>
				<color>ff42ff00</color>
				<width>2</width>
			</LineStyle>
		</Style>
		<MultiGeometry>
			<LineString>
				<tessellate>1</tessellate>
				<altitudeMode>absolute</altitudeMode>
				<coordinates>
					50.10377500000001,40.711796,632.4599999999999 50.09881599999999,40.703293,632.4599999999999 
				</coordinates>
			</LineString>
		</MultiGeometry>
	</Placemark>
	<Placemark>
		<name>P-791</name>
		<visibility>0</visibility>
		<description><![CDATA[<div><div><span><b>Altitude:</b></span> <span>2,075 ft</span></div>
<div><span><b>Speed:</b></span> <span>240 kt - 228 kt</span></div>
<div><span><b>Timestamp:</b></span><br/><span>2024-09-23 10:00:55 UTC<br/>2024-09-23 10:01:04 UTC</span></div>
</div>]]></description>
		<Style>
			<LineStyle>
				<color>ff42ff00</color>
				<width>2</width>
			</LineStyle>
		</Style>
		<MultiGeometry>
			<LineString>
				<tessellate>1</tessellate>
				<altitudeMode>absolute</altitudeMode>
				<coordinates>
					50.09881599999999,40.703293,632.4599999999999 50.093445,40.694092,632.4599999999999 
				</coordinates>
			</LineString>
		</MultiGeometry>
	</Placemark>
	<Placemark>
		<name>P-792</name>
		<visibility>0</visibility>
		<description><![CDATA[<div><div><span><b>Altitude:</b></span> <span>2,075 ft</span></div>
<div><span><b>Speed:</b></span> <span>228 kt - 217 kt</span></div>
<div><span><b>Timestamp:</b></span><br/><span>2024-09-23 10:01:04 UTC<br/>2024-09-23 10:01:14 UTC</span></div>
</div>]]></description>
		<Style>
			<LineStyle>
				<color>ff42ff00</color>
				<width>2</width>
			</LineStyle>
		</Style>
		<MultiGeometry>
			<LineString>
				<tessellate>1</tessellate>
				<altitudeMode>absolute</altitudeMode>
				<coordinates>
					50.093445,40.694092,632.4599999999999 50.088417,40.685352,632.4599999999999 
				</coordinates>
			</LineString>
		</MultiGeometry>
	</Placemark>
	<Placemark>
		<name>P-793</name>
		<visibility>0</visibility>
		<description><![CDATA[<div><div><span><b>Altitude:</b></span> <span>2,075 ft</span></div>
<div><span><b>Speed:</b></span> <span>217 kt - 207 kt</span></div>
<div><span><b>Timestamp:</b></span><br/><span>2024-09-23 10:01:14 UTC<br/>2024-09-23 10:01:23 UTC</span></div>
</div>]]></description>
		<Style>
			<LineStyle>
				<color>ff42ff00</color>
				<width>2</width>
			</LineStyle>
		</Style>
		<MultiGeometry>
			<LineString>
				<tessellate>1</tessellate>
				<altitudeMode>absolute</altitudeMode>
				<coordinates>
					50.088417,40.685352,632.4599999999999 50.08379699999999,40.677254,632.4599999999999 
				</coordinates>
			</LineString>
		</MultiGeometry>
	</Placemark>
	<Placemark>
		<name>P-794</name>
		<visibility>0</visibility>
		<description><![CDATA[<div><div><span><b>Altitude:</b></span> <span>2,075 ft</span></div>
<div><span><b>Speed:</b></span> <span>207 kt - 197 kt</span></div>
<div><span><b>Timestamp:</b></span><br/><span>2024-09-23 10:01:23 UTC<br/>2024-09-23 10:01:32 UTC</span></div>
</div>]]></description>
		<Style>
			<LineStyle>
				<color>ff42ff00</color>
				<width>2</width>
			</LineStyle>
		</Style>
		<MultiGeometry>
			<LineString>
				<tessellate>1</tessellate>
				<altitudeMode>absolute</altitudeMode>
				<coordinates>
					50.08379699999999,40.677254,632.4599999999999 50.07943000000001,40.669662,632.4599999999999 
				</coordinates>
			</LineString>
		</MultiGeometry>
	</Placemark>
	<Placemark>
		<name>P-795</name>
		<visibility>0</visibility>
		<description><![CDATA[<div><div><span><b>Altitude:</b></span> <span>2,075 ft - 2,100 ft</span></div>
<div><span><b>Speed:</b></span> <span>197 kt - 187 kt</span></div>
<div><span><b>Timestamp:</b></span><br/><span>2024-09-23 10:01:32 UTC<br/>2024-09-23 10:01:41 UTC</span></div>
</div>]]></description>
		<Style>
			<LineStyle>
				<color>ff42ff00</color>
				<width>2</width>
			</LineStyle>
		</Style>
		<MultiGeometry>
			<LineString>
				<tessellate>1</tessellate>
				<altitudeMode>absolute</altitudeMode>
				<coordinates>
					50.07943000000001,40.669662,632.4599999999999 50.075184,40.662262,640.08 
				</coordinates>
			</LineString>
		</MultiGeometry>
	</Placemark>
	<Placemark>
		<name>P-796</name>
		<visibility>0</visibility>
		<description><![CDATA[<div><div><span><b>Altitude:</b></span> <span>2,100 ft</span></div>
<div><span><b>Speed:</b></span> <span>187 kt - 178 kt</span></div>
<div><span><b>Timestamp:</b></span><br/><span>2024-09-23 10:01:41 UTC<br/>2024-09-23 10:01:50 UTC</span></div>
</div>]]></description>
		<Style>
			<LineStyle>
				<color>ff42ff00</color>
				<width>2</width>
			</LineStyle>
		</Style>
		<MultiGeometry>
			<LineString>
				<tessellate>1</tessellate>
				<altitudeMode>absolute</altitudeMode>
				<coordinates>
					50.075184,40.662262,640.08 50.07119,40.655418,640.08 
				</coordinates>
			</LineString>
		</MultiGeometry>
	</Placemark>
	<Placemark>
		<name>P-797</name>
		<visibility>0</visibility>
		<description><![CDATA[<div><div><span><b>Altitude:</b></span> <span>2,100 ft</span></div>
<div><span><b>Speed:</b></span> <span>178 kt - 173 kt</span></div>
<div><span><b>Timestamp:</b></span><br/><span>2024-09-23 10:01:50 UTC<br/>2024-09-23 10:01:59 UTC</span></div>
</div>]]></description>
		<Style>
			<LineStyle>
				<color>ff42ff00</color>
				<width>2</width>
			</LineStyle>
		</Style>
		<MultiGeometry>
			<LineString>
				<tessellate>1</tessellate>
				<altitudeMode>absolute</altitudeMode>
				<coordinates>
					50.07119,40.655418,640.08 50.067261,40.648499,640.08 
				</coordinates>
			</LineString>
		</MultiGeometry>
	</Placemark>
	<Placemark>
		<name>P-798</name>
		<visibility>0</visibility>
		<description><![CDATA[<div><div><span><b>Altitude:</b></span> <span>2,100 ft</span></div>
<div><span><b>Speed:</b></span> <span>173 kt - 172 kt</span></div>
<div><span><b>Timestamp:</b></span><br/><span>2024-09-23 10:01:59 UTC<br/>2024-09-23 10:02:05 UTC</span></div>
</div>]]></description>
		<Style>
			<LineStyle>
				<color>ff42ff00</color>
				<width>2</width>
			</LineStyle>
		</Style>
		<MultiGeometry>
			<LineString>
				<tessellate>1</tessellate>
				<altitudeMode>absolute</altitudeMode>
				<coordinates>
					50.067261,40.648499,640.08 50.06500200000001,40.643967,640.08 
				</coordinates>
			</LineString>
		</MultiGeometry>
	</Placemark>
	<Placemark>
		<name>P-799</name>
		<visibility>0</visibility>
		<description><![CDATA[<div><div><span><b>Altitude:</b></span> <span>2,100 ft</span></div>
<div><span><b>Speed:</b></span> <span>172 kt - 171 kt</span></div>
<div><span><b>Timestamp:</b></span><br/><span>2024-09-23 10:02:05 UTC<br/>2024-09-23 10:02:08 UTC</span></div>
</div>]]></description>
		<Style>
			<LineStyle>
				<color>ff42ff00</color>
				<width>2</width>
			</LineStyle>
		</Style>
		<MultiGeometry>
			<LineString>
				<tessellate>1</tessellate>
				<altitudeMode>absolute</altitudeMode>
				<coordinates>
					50.06500200000001,40.643967,640.08 50.064198,40.641685,640.08 
				</coordinates>
			</LineString>
		</MultiGeometry>
	</Placemark>
	<Placemark>
		<name>P-800</name>
		<visibility>0</visibility>
		<description><![CDATA[<div><div><span><b>Altitude:</b></span> <span>2,100 ft</span></div>
<div><span><b>Speed:</b></span> <span>171 kt - 170 kt</span></div>
<div><span><b>Timestamp:</b></span><br/><span>2024-09-23 10:02:08 UTC<br/>2024-09-23 10:02:11 UTC</span></div>
</div>]]></description>
		<Style>
			<LineStyle>
				<color>ff42ff00</color>
				<width>2</width>
			</LineStyle>
		</Style>
		<MultiGeometry>
			<LineString>
				<tessellate>1</tessellate>
				<altitudeMode>absolute</altitudeMode>
				<coordinates>
					50.064198,40.641685,640.08 50.06353800000001,40.639343,640.08 
				</coordinates>
			</LineString>
		</MultiGeometry>
	</Placemark>
	<Placemark>
		<name>P-801</name>
		<visibility>0</visibility>
		<description><![CDATA[<div><div><span><b>Altitude:</b></span> <span>2,100 ft - 2,075 ft</span></div>
<div><span><b>Speed:</b></span> <span>170 kt - 169 kt</span></div>
<div><span><b>Timestamp:</b></span><br/><span>2024-09-23 10:02:11 UTC<br/>2024-09-23 10:02:14 UTC</span></div>
</div>]]></description>
		<Style>
			<LineStyle>
				<color>ff42ff00</color>
				<width>2</width>
			</LineStyle>
		</Style>
		<MultiGeometry>
			<LineString>
				<tessellate>1</tessellate>
				<altitudeMode>absolute</altitudeMode>
				<coordinates>
					50.06353800000001,40.639343,640.08 50.062927,40.636734,632.4599999999999 
				</coordinates>
			</LineString>
		</MultiGeometry>
	</Placemark>
	<Placemark>
		<name>P-802</name>
		<visibility>0</visibility>
		<description><![CDATA[<div><div><span><b>Altitude:</b></span> <span>2,075 ft</span></div>
<div><span><b>Speed:</b></span> <span>169 kt - 166 kt</span></div>
<div><span><b>Timestamp:</b></span><br/><span>2024-09-23 10:02:14 UTC<br/>2024-09-23 10:02:17 UTC</span></div>
</div>]]></description>
		<Style>
			<LineStyle>
				<color>ff42ff00</color>
				<width>2</width>
			</LineStyle>
		</Style>
		<MultiGeometry>
			<LineString>
				<tessellate>1</tessellate>
				<altitudeMode>absolute</altitudeMode>
				<coordinates>
					50.062927,40.636734,632.4599999999999 50.0625,40.634399,632.4599999999999 
				</coordinates>
			</LineString>
		</MultiGeometry>
	</Placemark>
	<Placemark>
		<name>P-803</name>
		<visibility>0</visibility>
		<description><![CDATA[<div><div><span><b>Altitude:</b></span> <span>2,075 ft</span></div>
<div><span><b>Speed:</b></span> <span>166 kt - 163 kt</span></div>
<div><span><b>Timestamp:</b></span><br/><span>2024-09-23 10:02:17 UTC<br/>2024-09-23 10:02:20 UTC</span></div>
</div>]]></description>
		<Style>
			<LineStyle>
				<color>ff42ff00</color>
				<width>2</width>
			</LineStyle>
		</Style>
		<MultiGeometry>
			<LineString>
				<tessellate>1</tessellate>
				<altitudeMode>absolute</altitudeMode>
				<coordinates>
					50.0625,40.634399,632.4599999999999 50.062138,40.632236,632.4599999999999 
				</coordinates>
			</LineString>
		</MultiGeometry>
	</Placemark>
	<Placemark>
		<name>P-804</name>
		<visibility>0</visibility>
		<description><![CDATA[<div><div><span><b>Altitude:</b></span> <span>2,075 ft</span></div>
<div><span><b>Speed:</b></span> <span>163 kt - 159 kt</span></div>
<div><span><b>Timestamp:</b></span><br/><span>2024-09-23 10:02:20 UTC<br/>2024-09-23 10:02:23 UTC</span></div>
</div>]]></description>
		<Style>
			<LineStyle>
				<color>ff42ff00</color>
				<width>2</width>
			</LineStyle>
		</Style>
		<MultiGeometry>
			<LineString>
				<tessellate>1</tessellate>
				<altitudeMode>absolute</altitudeMode>
				<coordinates>
					50.062138,40.632236,632.4599999999999 50.061825,40.630142,632.4599999999999 
				</coordinates>
			</LineString>
		</MultiGeometry>
	</Placemark>
	<Placemark>
		<name>P-805</name>
		<visibility>0</visibility>
		<description><![CDATA[<div><div><span><b>Altitude:</b></span> <span>2,075 ft</span></div>
<div><span><b>Speed:</b></span> <span>159 kt - 156 kt</span></div>
<div><span><b>Timestamp:</b></span><br/><span>2024-09-23 10:02:23 UTC<br/>2024-09-23 10:02:26 UTC</span></div>
</div>]]></description>
		<Style>
			<LineStyle>
				<color>ff42ff00</color>
				<width>2</width>
			</LineStyle>
		</Style>
		<MultiGeometry>
			<LineString>
				<tessellate>1</tessellate>
				<altitudeMode>absolute</altitudeMode>
				<coordinates>
					50.061825,40.630142,632.4599999999999 50.061577,40.627953,632.4599999999999 
				</coordinates>
			</LineString>
		</MultiGeometry>
	</Placemark>
	<Placemark>
		<name>P-806</name>
		<visibility>0</visibility>
		<description><![CDATA[<div><div><span><b>Altitude:</b></span> <span>2,075 ft - 2,100 ft</span></div>
<div><span><b>Speed:</b></span> <span>156 kt - 154 kt</span></div>
<div><span><b>Timestamp:</b></span><br/><span>2024-09-23 10:02:26 UTC<br/>2024-09-23 10:02:29 UTC</span></div>
</div>]]></description>
		<Style>
			<LineStyle>
				<color>ff42ff00</color>
				<width>2</width>
			</LineStyle>
		</Style>
		<MultiGeometry>
			<LineString>
				<tessellate>1</tessellate>
				<altitudeMode>absolute</altitudeMode>
				<coordinates>
					50.061577,40.627953,632.4599999999999 50.061325,40.625904,640.08 
				</coordinates>
			</LineString>
		</MultiGeometry>
	</Placemark>
	<Placemark>
		<name>P-807</name>
		<visibility>0</visibility>
		<description><![CDATA[<div><div><span><b>Altitude:</b></span> <span>2,100 ft</span></div>
<div><span><b>Speed:</b></span> <span>154 kt - 155 kt</span></div>
<div><span><b>Timestamp:</b></span><br/><span>2024-09-23 10:02:29 UTC<br/>2024-09-23 10:02:33 UTC</span></div>
</div>]]></description>
		<Style>
			<LineStyle>
				<color>ff42ff00</color>
				<width>2</width>
			</LineStyle>
		</Style>
		<MultiGeometry>
			<LineString>
				<tessellate>1</tessellate>
				<altitudeMode>absolute</altitudeMode>
				<coordinates>
					50.061325,40.625904,640.08 50.061077,40.623623,640.08 
				</coordinates>
			</LineString>
		</MultiGeometry>
	</Placemark>
	<Placemark>
		<name>P-808</name>
		<visibility>0</visibility>
		<description><![CDATA[<div><div><span><b>Altitude:</b></span> <span>2,100 ft</span></div>
<div><span><b>Speed:</b></span> <span>155 kt - 157 kt</span></div>
<div><span><b>Timestamp:</b></span><br/><span>2024-09-23 10:02:33 UTC<br/>2024-09-23 10:02:36 UTC</span></div>
</div>]]></description>
		<Style>
			<LineStyle>
				<color>ff42ff00</color>
				<width>2</width>
			</LineStyle>
		</Style>
		<MultiGeometry>
			<LineString>
				<tessellate>1</tessellate>
				<altitudeMode>absolute</altitudeMode>
				<coordinates>
					50.061077,40.623623,640.08 50.060913,40.621536,640.08 
				</coordinates>
			</LineString>
		</MultiGeometry>
	</Placemark>
	<Placemark>
		<name>P-809</name>
		<visibility>0</visibility>
		<description><![CDATA[<div><div><span><b>Altitude:</b></span> <span>2,100 ft</span></div>
<div><span><b>Speed:</b></span> <span>157 kt - 158 kt</span></div>
<div><span><b>Timestamp:</b></span><br/><span>2024-09-23 10:02:36 UTC<br/>2024-09-23 10:02:39 UTC</span></div>
</div>]]></description>
		<Style>
			<LineStyle>
				<color>ff42ff00</color>
				<width>2</width>
			</LineStyle>
		</Style>
		<MultiGeometry>
			<LineString>
				<tessellate>1</tessellate>
				<altitudeMode>absolute</altitudeMode>
				<coordinates>
					50.060913,40.621536,640.08 50.06073000000001,40.619339,640.08 
				</coordinates>
			</LineString>
		</MultiGeometry>
	</Placemark>
	<Placemark>
		<name>P-810</name>
		<visibility>0</visibility>
		<description><![CDATA[<div><div><span><b>Altitude:</b></span> <span>2,100 ft</span></div>
<div><span><b>Speed:</b></span> <span>158 kt - 160 kt</span></div>
<div><span><b>Timestamp:</b></span><br/><span>2024-09-23 10:02:39 UTC<br/>2024-09-23 10:02:42 UTC</span></div>
</div>]]></description>
		<Style>
			<LineStyle>
				<color>ff42ff00</color>
				<width>2</width>
			</LineStyle>
		</Style>
		<MultiGeometry>
			<LineString>
				<tessellate>1</tessellate>
				<altitudeMode>absolute</altitudeMode>
				<coordinates>
					50.06073000000001,40.619339,640.08 50.060638,40.617012,640.08 
				</coordinates>
			</LineString>
		</MultiGeometry>
	</Placemark>
	<Placemark>
		<name>P-811</name>
		<visibility>0</visibility>
		<description><![CDATA[<div><div><span><b>Altitude:</b></span> <span>2,100 ft</span></div>
<div><span><b>Speed:</b></span> <span>160 kt - 159 kt</span></div>
<div><span><b>Timestamp:</b></span><br/><span>2024-09-23 10:02:42 UTC<br/>2024-09-23 10:02:45 UTC</span></div>
</div>]]></description>
		<Style>
			<LineStyle>
				<color>ff42ff00</color>
				<width>2</width>
			</LineStyle>
		</Style>
		<MultiGeometry>
			<LineString>
				<tessellate>1</tessellate>
				<altitudeMode>absolute</altitudeMode>
				<coordinates>
					50.060638,40.617012,640.08 50.060577,40.614594,640.08 
				</coordinates>
			</LineString>
		</MultiGeometry>
	</Placemark>
	<Placemark>
		<name>P-812</name>
		<visibility>0</visibility>
		<description><![CDATA[<div><div><span><b>Altitude:</b></span> <span>2,100 ft</span></div>
<div><span><b>Speed:</b></span> <span>159 kt - 158 kt</span></div>
<div><span><b>Timestamp:</b></span><br/><span>2024-09-23 10:02:45 UTC<br/>2024-09-23 10:02:48 UTC</span></div>
</div>]]></description>
		<Style>
			<LineStyle>
				<color>ff42ff00</color>
				<width>2</width>
			</LineStyle>
		</Style>
		<MultiGeometry>
			<LineString>
				<tessellate>1</tessellate>
				<altitudeMode>absolute</altitudeMode>
				<coordinates>
					50.060577,40.614594,640.08 50.060547,40.612381,640.08 
				</coordinates>
			</LineString>
		</MultiGeometry>
	</Placemark>
	<Placemark>
		<name>P-813</name>
		<visibility>0</visibility>
		<description><![CDATA[<div><div><span><b>Altitude:</b></span> <span>2,100 ft</span></div>
<div><span><b>Speed:</b></span> <span>158 kt - 160 kt</span></div>
<div><span><b>Timestamp:</b></span><br/><span>2024-09-23 10:02:48 UTC<br/>2024-09-23 10:02:51 UTC</span></div>
</div>]]></description>
		<Style>
			<LineStyle>
				<color>ff42ff00</color>
				<width>2</width>
			</LineStyle>
		</Style>
		<MultiGeometry>
			<LineString>
				<tessellate>1</tessellate>
				<altitudeMode>absolute</altitudeMode>
				<coordinates>
					50.060547,40.612381,640.08 50.060547,40.610321,640.08 
				</coordinates>
			</LineString>
		</MultiGeometry>
	</Placemark>
	<Placemark>
		<name>P-814</name>
		<visibility>0</visibility>
		<description><![CDATA[<div><div><span><b>Altitude:</b></span> <span>2,100 ft - 2,075 ft</span></div>
<div><span><b>Speed:</b></span> <span>160 kt - 161 kt</span></div>
<div><span><b>Timestamp:</b></span><br/><span>2024-09-23 10:02:51 UTC<br/>2024-09-23 10:02:54 UTC</span></div>
</div>]]></description>
		<Style>
			<LineStyle>
				<color>ff42ff00</color>
				<width>2</width>
			</LineStyle>
		</Style>
		<MultiGeometry>
			<LineString>
				<tessellate>1</tessellate>
				<altitudeMode>absolute</altitudeMode>
				<coordinates>
					50.060547,40.610321,640.08 50.060577,40.607937,632.4599999999999 
				</coordinates>
			</LineString>
		</MultiGeometry>
	</Placemark>
	<Placemark>
		<name>P-815</name>
		<visibility>0</visibility>
		<description><![CDATA[<div><div><span><b>Altitude:</b></span> <span>2,075 ft</span></div>
<div><span><b>Speed:</b></span> <span>161 kt - 160 kt</span></div>
<div><span><b>Timestamp:</b></span><br/><span>2024-09-23 10:02:54 UTC<br/>2024-09-23 10:02:57 UTC</span></div>
</div>]]></description>
		<Style>
			<LineStyle>
				<color>ff42ff00</color>
				<width>2</width>
			</LineStyle>
		</Style>
		<MultiGeometry>
			<LineString>
				<tessellate>1</tessellate>
				<altitudeMode>absolute</altitudeMode>
				<coordinates>
					50.060577,40.607937,632.4599999999999 50.060638,40.605888,632.4599999999999 
				</coordinates>
			</LineString>
		</MultiGeometry>
	</Placemark>
	<Placemark>
		<name>P-816</name>
		<visibility>0</visibility>
		<description><![CDATA[<div><div><span><b>Altitude:</b></span> <span>2,075 ft - 2,100 ft</span></div>
<div><span><b>Speed:</b></span> <span>160 kt - 158 kt</span></div>
<div><span><b>Timestamp:</b></span><br/><span>2024-09-23 10:02:57 UTC<br/>2024-09-23 10:03:00 UTC</span></div>
</div>]]></description>
		<Style>
			<LineStyle>
				<color>ff42ff00</color>
				<width>2</width>
			</LineStyle>
		</Style>
		<MultiGeometry>
			<LineString>
				<tessellate>1</tessellate>
				<altitudeMode>absolute</altitudeMode>
				<coordinates>
					50.060638,40.605888,632.4599999999999 50.06066899999999,40.603729,640.08 
				</coordinates>
			</LineString>
		</MultiGeometry>
	</Placemark>
	<Placemark>
		<name>P-817</name>
		<visibility>0</visibility>
		<description><![CDATA[<div><div><span><b>Altitude:</b></span> <span>2,100 ft</span></div>
<div><span><b>Speed:</b></span> <span>158 kt - 156 kt</span></div>
<div><span><b>Timestamp:</b></span><br/><span>2024-09-23 10:03:00 UTC<br/>2024-09-23 10:03:03 UTC</span></div>
</div>]]></description>
		<Style>
			<LineStyle>
				<color>ff42ff00</color>
				<width>2</width>
			</LineStyle>
		</Style>
		<MultiGeometry>
			<LineString>
				<tessellate>1</tessellate>
				<altitudeMode>absolute</altitudeMode>
				<coordinates>
					50.06066899999999,40.603729,640.08 50.060825,40.601467,640.08 
				</coordinates>
			</LineString>
		</MultiGeometry>
	</Placemark>
	<Placemark>
		<name>P-818</name>
		<visibility>0</visibility>
		<description><![CDATA[<div><div><span><b>Altitude:</b></span> <span>2,100 ft</span></div>
<div><span><b>Speed:</b></span> <span>156 kt - 155 kt</span></div>
<div><span><b>Timestamp:</b></span><br/><span>2024-09-23 10:03:03 UTC<br/>2024-09-23 10:03:06 UTC</span></div>
</div>]]></description>
		<Style>
			<LineStyle>
				<color>ff42ff00</color>
				<width>2</width>
			</LineStyle>
		</Style>
		<MultiGeometry>
			<LineString>
				<tessellate>1</tessellate>
				<altitudeMode>absolute</altitudeMode>
				<coordinates>
					50.060825,40.601467,640.08 50.060913,40.599197,640.08 
				</coordinates>
			</LineString>
		</MultiGeometry>
	</Placemark>
	<Placemark>
		<name>P-819</name>
		<visibility>0</visibility>
		<description><![CDATA[<div><div><span><b>Altitude:</b></span> <span>2,100 ft</span></div>
<div><span><b>Speed:</b></span> <span>155 kt - 154 kt</span></div>
<div><span><b>Timestamp:</b></span><br/><span>2024-09-23 10:03:06 UTC<br/>2024-09-23 10:03:09 UTC</span></div>
</div>]]></description>
		<Style>
			<LineStyle>
				<color>ff42ff00</color>
				<width>2</width>
			</LineStyle>
		</Style>
		<MultiGeometry>
			<LineString>
				<tessellate>1</tessellate>
				<altitudeMode>absolute</altitudeMode>
				<coordinates>
					50.060913,40.599197,640.08 50.06101600000001,40.596996,640.08 
				</coordinates>
			</LineString>
		</MultiGeometry>
	</Placemark>
	<Placemark>
		<name>P-820</name>
		<visibility>0</visibility>
		<description><![CDATA[<div><div><span><b>Altitude:</b></span> <span>2,100 ft - 2,050 ft</span></div>
<div><span><b>Speed:</b></span> <span>154 kt - 158 kt</span></div>
<div><span><b>Timestamp:</b></span><br/><span>2024-09-23 10:03:09 UTC<br/>2024-09-23 10:03:18 UTC</span></div>
</div>]]></description>
		<Style>
			<LineStyle>
				<color>ff42ff00</color>
				<width>2</width>
			</LineStyle>
		</Style>
		<MultiGeometry>
			<LineString>
				<tessellate>1</tessellate>
				<altitudeMode>absolute</altitudeMode>
				<coordinates>
					50.06101600000001,40.596996,640.08 50.061264,40.59034,624.84 
				</coordinates>
			</LineString>
		</MultiGeometry>
	</Placemark>
	<Placemark>
		<name>P-821</name>
		<visibility>0</visibility>
		<description><![CDATA[<div><div><span><b>Altitude:</b></span> <span>2,050 ft - 1,975 ft</span></div>
<div><span><b>Speed:</b></span> <span>158 kt - 149 kt</span></div>
<div><span><b>Timestamp:</b></span><br/><span>2024-09-23 10:03:18 UTC<br/>2024-09-23 10:03:27 UTC</span></div>
</div>]]></description>
		<Style>
			<LineStyle>
				<color>ff42ff00</color>
				<width>2</width>
			</LineStyle>
		</Style>
		<MultiGeometry>
			<LineString>
				<tessellate>1</tessellate>
				<altitudeMode>absolute</altitudeMode>
				<coordinates>
					50.061264,40.59034,624.84 50.06133999999999,40.583954,601.98 
				</coordinates>
			</LineString>
		</MultiGeometry>
	</Placemark>
	<Placemark>
		<name>P-822</name>
		<visibility>0</visibility>
		<description><![CDATA[<div><div><span><b>Altitude:</b></span> <span>1,975 ft - 1,900 ft</span></div>
<div><span><b>Speed:</b></span> <span>149 kt - 142 kt</span></div>
<div><span><b>Timestamp:</b></span><br/><span>2024-09-23 10:03:27 UTC<br/>2024-09-23 10:03:33 UTC</span></div>
</div>]]></description>
		<Style>
			<LineStyle>
				<color>ff42ff00</color>
				<width>2</width>
			</LineStyle>
		</Style>
		<MultiGeometry>
			<LineString>
				<tessellate>1</tessellate>
				<altitudeMode>absolute</altitudeMode>
				<coordinates>
					50.06133999999999,40.583954,601.98 50.06139000000001,40.579819,579.1199999999999 
				</coordinates>
			</LineString>
		</MultiGeometry>
	</Placemark>
	<Placemark>
		<name>P-823</name>
		<visibility>0</visibility>
		<description><![CDATA[<div><div><span><b>Altitude:</b></span> <span>1,900 ft - 1,800 ft</span></div>
<div><span><b>Speed:</b></span> <span>142 kt - 131 kt</span></div>
<div><span><b>Timestamp:</b></span><br/><span>2024-09-23 10:03:33 UTC<br/>2024-09-23 10:03:42 UTC</span></div>
</div>]]></description>
		<Style>
			<LineStyle>
				<color>ffccff00</color>
				<width>2</width>
			</LineStyle>
		</Style>
		<MultiGeometry>
			<LineString>
				<tessellate>1</tessellate>
				<altitudeMode>absolute</altitudeMode>
				<coordinates>
					50.06139000000001,40.579819,579.1199999999999 50.061512,40.574184,548.64 
				</coordinates>
			</LineString>
		</MultiGeometry>
	</Placemark>
	<Placemark>
		<name>P-824</name>
		<visibility>0</visibility>
		<description><![CDATA[<div><div><span><b>Altitude:</b></span> <span>1,800 ft - 1,650 ft</span></div>
<div><span><b>Speed:</b></span> <span>131 kt - 124 kt</span></div>
<div><span><b>Timestamp:</b></span><br/><span>2024-09-23 10:03:42 UTC<br/>2024-09-23 10:03:51 UTC</span></div>
</div>]]></description>
		<Style>
			<LineStyle>
				<color>ffccff00</color>
				<width>2</width>
			</LineStyle>
		</Style>
		<MultiGeometry>
			<LineString>
				<tessellate>1</tessellate>
				<altitudeMode>absolute</altitudeMode>
				<coordinates>
					50.061512,40.574184,548.64 50.061584,40.568893,502.92 
				</coordinates>
			</LineString>
		</MultiGeometry>
	</Placemark>
	<Placemark>
		<name>P-825</name>
		<visibility>0</visibility>
		<description><![CDATA[<div><div><span><b>Altitude:</b></span> <span>1,650 ft - 1,550 ft</span></div>
<div><span><b>Speed:</b></span> <span>124 kt - 118 kt</span></div>
<div><span><b>Timestamp:</b></span><br/><span>2024-09-23 10:03:51 UTC<br/>2024-09-23 10:04:00 UTC</span></div>
</div>]]></description>
		<Style>
			<LineStyle>
				<color>ffccff00</color>
				<width>2</width>
			</LineStyle>
		</Style>
		<MultiGeometry>
			<LineString>
				<tessellate>1</tessellate>
				<altitudeMode>absolute</altitudeMode>
				<coordinates>
					50.061584,40.568893,502.92 50.06170300000001,40.56385,472.4399999999999 
				</coordinates>
			</LineString>
		</MultiGeometry>
	</Placemark>
	<Placemark>
		<name>P-826</name>
		<visibility>0</visibility>
		<description><![CDATA[<div><div><span><b>Altitude:</b></span> <span>1,550 ft - 1,475 ft</span></div>
<div><span><b>Speed:</b></span> <span>118 kt - 113 kt</span></div>
<div><span><b>Timestamp:</b></span><br/><span>2024-09-23 10:04:00 UTC<br/>2024-09-23 10:04:10 UTC</span></div>
</div>]]></description>
		<Style>
			<LineStyle>
				<color>ffccff00</color>
				<width>2</width>
			</LineStyle>
		</Style>
		<MultiGeometry>
			<LineString>
				<tessellate>1</tessellate>
				<altitudeMode>absolute</altitudeMode>
				<coordinates>
					50.06170300000001,40.56385,472.4399999999999 50.06170300000001,40.559101,449.58 
				</coordinates>
			</LineString>
		</MultiGeometry>
	</Placemark>
	<Placemark>
		<name>P-827</name>
		<visibility>0</visibility>
		<description><![CDATA[<div><div><span><b>Altitude:</b></span> <span>1,475 ft - 1,400 ft</span></div>
<div><span><b>Speed:</b></span> <span>113 kt - 112 kt</span></div>
<div><span><b>Timestamp:</b></span><br/><span>2024-09-23 10:04:10 UTC<br/>2024-09-23 10:04:19 UTC</span></div>
</div>]]></description>
		<Style>
			<LineStyle>
				<color>ffccff00</color>
				<width>2</width>
			</LineStyle>
		</Style>
		<MultiGeometry>
			<LineString>
				<tessellate>1</tessellate>
				<altitudeMode>absolute</altitudeMode>
				<coordinates>
					50.06170300000001,40.559101,449.58 50.061764,40.554401,426.72 
				</coordinates>
			</LineString>
		</MultiGeometry>
	</Placemark>
	<Placemark>
		<name>P-828</name>
		<visibility>0</visibility>
		<description><![CDATA[<div><div><span><b>Altitude:</b></span> <span>1,400 ft - 1,325 ft</span></div>
<div><span><b>Speed:</b></span> <span>112 kt - 114 kt</span></div>
<div><span><b>Timestamp:</b></span><br/><span>2024-09-23 10:04:19 UTC<br/>2024-09-23 10:04:28 UTC</span></div>
</div>]]></description>
		<Style>
			<LineStyle>
				<color>ffccff00</color>
				<width>2</width>
			</LineStyle>
		</Style>
		<MultiGeometry>
			<LineString>
				<tessellate>1</tessellate>
				<altitudeMode>absolute</altitudeMode>
				<coordinates>
					50.061764,40.554401,426.72 50.061829,40.549759,403.86 
				</coordinates>
			</LineString>
		</MultiGeometry>
	</Placemark>
	<Placemark>
		<name>P-829</name>
		<visibility>0</visibility>
		<description><![CDATA[<div><div><span><b>Altitude:</b></span> <span>1,325 ft - 1,225 ft</span></div>
<div><span><b>Speed:</b></span> <span>114 kt - 118 kt</span></div>
<div><span><b>Timestamp:</b></span><br/><span>2024-09-23 10:04:28 UTC<br/>2024-09-23 10:04:37 UTC</span></div>
</div>]]></description>
		<Style>
			<LineStyle>
				<color>ffccff00</color>
				<width>2</width>
			</LineStyle>
		</Style>
		<MultiGeometry>
			<LineString>
				<tessellate>1</tessellate>
				<altitudeMode>absolute</altitudeMode>
				<coordinates>
					50.061829,40.549759,403.86 50.061951,40.544724,373.3799999999999 
				</coordinates>
			</LineString>
		</MultiGeometry>
	</Placemark>
	<Placemark>
		<name>P-830</name>
		<visibility>0</visibility>
		<description><![CDATA[<div><div><span><b>Altitude:</b></span> <span>1,225 ft - 1,175 ft</span></div>
<div><span><b>Speed:</b></span> <span>118 kt - 113 kt</span></div>
<div><span><b>Timestamp:</b></span><br/><span>2024-09-23 10:04:37 UTC<br/>2024-09-23 10:04:43 UTC</span></div>
</div>]]></description>
		<Style>
			<LineStyle>
				<color>fff0ff00</color>
				<width>2</width>
			</LineStyle>
		</Style>
		<MultiGeometry>
			<LineString>
				<tessellate>1</tessellate>
				<altitudeMode>absolute</altitudeMode>
				<coordinates>
					50.061951,40.544724,373.3799999999999 50.061951,40.541458,358.14 
				</coordinates>
			</LineString>
		</MultiGeometry>
	</Placemark>
	<Placemark>
		<name>P-831</name>
		<visibility>0</visibility>
		<description><![CDATA[<div><div><span><b>Altitude:</b></span> <span>1,175 ft - 1,075 ft</span></div>
<div><span><b>Speed:</b></span> <span>113 kt</span></div>
<div><span><b>Timestamp:</b></span><br/><span>2024-09-23 10:04:43 UTC<br/>2024-09-23 10:04:52 UTC</span></div>
</div>]]></description>
		<Style>
			<LineStyle>
				<color>fff0ff00</color>
				<width>2</width>
			</LineStyle>
		</Style>
		<MultiGeometry>
			<LineString>
				<tessellate>1</tessellate>
				<altitudeMode>absolute</altitudeMode>
				<coordinates>
					50.061951,40.541458,358.14 50.062012,40.536484,327.66 
				</coordinates>
			</LineString>
		</MultiGeometry>
	</Placemark>
	<Placemark>
		<name>P-832</name>
		<visibility>0</visibility>
		<description><![CDATA[<div><div><span><b>Altitude:</b></span> <span>1,075 ft - 1,000 ft</span></div>
<div><span><b>Speed:</b></span> <span>113 kt - 112 kt</span></div>
<div><span><b>Timestamp:</b></span><br/><span>2024-09-23 10:04:52 UTC<br/>2024-09-23 10:04:58 UTC</span></div>
</div>]]></description>
		<Style>
			<LineStyle>
				<color>fff0ff00</color>
				<width>2</width>
			</LineStyle>
		</Style>
		<MultiGeometry>
			<LineString>
				<tessellate>1</tessellate>
				<altitudeMode>absolute</altitudeMode>
				<coordinates>
					50.062012,40.536484,327.66 50.06207299999999,40.533508,304.8 
				</coordinates>
			</LineString>
		</MultiGeometry>
	</Placemark>
	<Placemark>
		<name>P-833</name>
		<visibility>0</visibility>
		<description><![CDATA[<div><div><span><b>Altitude:</b></span> <span>1,000 ft - 925 ft</span></div>
<div><span><b>Speed:</b></span> <span>112 kt - 111 kt</span></div>
<div><span><b>Timestamp:</b></span><br/><span>2024-09-23 10:04:58 UTC<br/>2024-09-23 10:05:07 UTC</span></div>
</div>]]></description>
		<Style>
			<LineStyle>
				<color>fff0ff00</color>
				<width>2</width>
			</LineStyle>
		</Style>
		<MultiGeometry>
			<LineString>
				<tessellate>1</tessellate>
				<altitudeMode>absolute</altitudeMode>
				<coordinates>
					50.06207299999999,40.533508,304.8 50.062138,40.529076,281.94 
				</coordinates>
			</LineString>
		</MultiGeometry>
	</Placemark>
	<Placemark>
		<name>P-834</name>
		<visibility>0</visibility>
		<description><![CDATA[<div><div><span><b>Altitude:</b></span> <span>925 ft - 825 ft</span></div>
<div><span><b>Speed:</b></span> <span>111 kt - 112 kt</span></div>
<div><span><b>Timestamp:</b></span><br/><span>2024-09-23 10:05:07 UTC<br/>2024-09-23 10:05:17 UTC</span></div>
</div>]]></description>
		<Style>
			<LineStyle>
				<color>ffffea00</color>
				<width>2</width>
			</LineStyle>
		</Style>
		<MultiGeometry>
			<LineString>
				<tessellate>1</tessellate>
				<altitudeMode>absolute</altitudeMode>
				<coordinates>
					50.062138,40.529076,281.94 50.062199,40.524002,251.46 
				</coordinates>
			</LineString>
		</MultiGeometry>
	</Placemark>
	<Placemark>
		<name>P-835</name>
		<visibility>0</visibility>
		<description><![CDATA[<div><div><span><b>Altitude:</b></span> <span>825 ft - 750 ft</span></div>
<div><span><b>Speed:</b></span> <span>112 kt - 114 kt</span></div>
<div><span><b>Timestamp:</b></span><br/><span>2024-09-23 10:05:17 UTC<br/>2024-09-23 10:05:26 UTC</span></div>
</div>]]></description>
		<Style>
			<LineStyle>
				<color>ffffea00</color>
				<width>2</width>
			</LineStyle>
		</Style>
		<MultiGeometry>
			<LineString>
				<tessellate>1</tessellate>
				<altitudeMode>absolute</altitudeMode>
				<coordinates>
					50.062199,40.524002,251.46 50.062256,40.519409,228.6 
				</coordinates>
			</LineString>
		</MultiGeometry>
	</Placemark>
	<Placemark>
		<name>P-836</name>
		<visibility>0</visibility>
		<description><![CDATA[<div><div><span><b>Altitude:</b></span> <span>750 ft - 650 ft</span></div>
<div><span><b>Speed:</b></span> <span>114 kt</span></div>
<div><span><b>Timestamp:</b></span><br/><span>2024-09-23 10:05:26 UTC<br/>2024-09-23 10:05:35 UTC</span></div>
</div>]]></description>
		<Style>
			<LineStyle>
				<color>ffffea00</color>
				<width>2</width>
			</LineStyle>
		</Style>
		<MultiGeometry>
			<LineString>
				<tessellate>1</tessellate>
				<altitudeMode>absolute</altitudeMode>
				<coordinates>
					50.062256,40.519409,228.6 50.062325,40.514553,198.12 
				</coordinates>
			</LineString>
		</MultiGeometry>
	</Placemark>
	<Placemark>
		<name>P-837</name>
		<visibility>0</visibility>
		<description><![CDATA[<div><div><span><b>Altitude:</b></span> <span>650 ft - 575 ft</span></div>
<div><span><b>Speed:</b></span> <span>114 kt</span></div>
<div><span><b>Timestamp:</b></span><br/><span>2024-09-23 10:05:35 UTC<br/>2024-09-23 10:05:44 UTC</span></div>
</div>]]></description>
		<Style>
			<LineStyle>
				<color>ffffe062</color>
				<width>2</width>
			</LineStyle>
		</Style>
		<MultiGeometry>
			<LineString>
				<tessellate>1</tessellate>
				<altitudeMode>absolute</altitudeMode>
				<coordinates>
					50.062325,40.514553,198.12 50.062389,40.509617,175.26 
				</coordinates>
			</LineString>
		</MultiGeometry>
	</Placemark>
	<Placemark>
		<name>P-838</name>
		<visibility>0</visibility>
		<description><![CDATA[<div><div><span><b>Altitude:</b></span> <span>575 ft - 500 ft</span></div>
<div><span><b>Speed:</b></span> <span>114 kt</span></div>
<div><span><b>Timestamp:</b></span><br/><span>2024-09-23 10:05:44 UTC<br/>2024-09-23 10:05:53 UTC</span></div>
</div>]]></description>
		<Style>
			<LineStyle>
				<color>ffffe062</color>
				<width>2</width>
			</LineStyle>
		</Style>
		<MultiGeometry>
			<LineString>
				<tessellate>1</tessellate>
				<altitudeMode>absolute</altitudeMode>
				<coordinates>
					50.062389,40.509617,175.26 50.062511,40.504868,152.4 
				</coordinates>
			</LineString>
		</MultiGeometry>
	</Placemark>
	<Placemark>
		<name>P-839</name>
		<visibility>0</visibility>
		<description><![CDATA[<div><div><span><b>Altitude:</b></span> <span>500 ft - 400 ft</span></div>
<div><span><b>Speed:</b></span> <span>114 kt - 116 kt</span></div>
<div><span><b>Timestamp:</b></span><br/><span>2024-09-23 10:05:53 UTC<br/>2024-09-23 10:06:02 UTC</span></div>
</div>]]></description>
		<Style>
			<LineStyle>
				<color>ffffe062</color>
				<width>2</width>
			</LineStyle>
		</Style>
		<MultiGeometry>
			<LineString>
				<tessellate>1</tessellate>
				<altitudeMode>absolute</altitudeMode>
				<coordinates>
					50.062511,40.504868,152.4 50.06257599999999,40.499981,121.92 
				</coordinates>
			</LineString>
		</MultiGeometry>
	</Placemark>
	<Placemark>
		<name>P-840</name>
		<visibility>0</visibility>
		<description><![CDATA[<div><div><span><b>Altitude:</b></span> <span>400 ft - 350 ft</span></div>
<div><span><b>Speed:</b></span> <span>116 kt - 115 kt</span></div>
<div><span><b>Timestamp:</b></span><br/><span>2024-09-23 10:06:02 UTC<br/>2024-09-23 10:06:08 UTC</span></div>
</div>]]></description>
		<Style>
			<LineStyle>
				<color>ffffe062</color>
				<width>2</width>
			</LineStyle>
		</Style>
		<MultiGeometry>
			<LineString>
				<tessellate>1</tessellate>
				<altitudeMode>absolute</altitudeMode>
				<coordinates>
					50.06257599999999,40.499981,121.92 50.062622,40.496796,106.68 
				</coordinates>
			</LineString>
		</MultiGeometry>
	</Placemark>
	<Placemark>
		<name>P-841</name>
		<visibility>0</visibility>
		<description><![CDATA[<div><div><span><b>Altitude:</b></span> <span>350 ft - 250 ft</span></div>
<div><span><b>Speed:</b></span> <span>115 kt - 113 kt</span></div>
<div><span><b>Timestamp:</b></span><br/><span>2024-09-23 10:06:08 UTC<br/>2024-09-23 10:06:17 UTC</span></div>
</div>]]></description>
		<Style>
			<LineStyle>
				<color>ffffe062</color>
				<width>2</width>
			</LineStyle>
		</Style>
		<MultiGeometry>
			<LineString>
				<tessellate>1</tessellate>
				<altitudeMode>absolute</altitudeMode>
				<coordinates>
					50.062622,40.496796,106.68 50.06274400000001,40.491806,76.2 
				</coordinates>
			</LineString>
		</MultiGeometry>
	</Placemark>
	<Placemark>
		<name>P-842</name>
		<visibility>0</visibility>
		<description><![CDATA[<div><div><span><b>Altitude:</b></span> <span>250 ft - 150 ft</span></div>
<div><span><b>Speed:</b></span> <span>113 kt - 114 kt</span></div>
<div><span><b>Timestamp:</b></span><br/><span>2024-09-23 10:06:17 UTC<br/>2024-09-23 10:06:26 UTC</span></div>
</div>]]></description>
		<Style>
			<LineStyle>
				<color>ffffffff</color>
				<width>2</width>
			</LineStyle>
		</Style>
		<MultiGeometry>
			<LineString>
				<tessellate>1</tessellate>
				<altitudeMode>absolute</altitudeMode>
				<coordinates>
					50.06274400000001,40.491806,76.2 50.062805,40.48732,45.72 
				</coordinates>
			</LineString>
		</MultiGeometry>
	</Placemark>
	<Placemark>
		<name>P-843</name>
		<visibility>0</visibility>
		<description><![CDATA[<div><div><span><b>Altitude:</b></span> <span>150 ft - 50 ft</span></div>
<div><span><b>Speed:</b></span> <span>114 kt - 115 kt</span></div>
<div><span><b>Timestamp:</b></span><br/><span>2024-09-23 10:06:26 UTC<br/>2024-09-23 10:06:36 UTC</span></div>
</div>]]></description>
		<Style>
			<LineStyle>
				<color>ffffffff</color>
				<width>2</width>
			</LineStyle>
		</Style>
		<MultiGeometry>
			<LineString>
				<tessellate>1</tessellate>
				<altitudeMode>absolute</altitudeMode>
				<coordinates>
					50.062805,40.48732,45.72 50.062866,40.482147,15.24 
				</coordinates>
			</LineString>
		</MultiGeometry>
	</Placemark>
	<Placemark>
		<name>P-844</name>
		<visibility>0</visibility>
		<description><![CDATA[<div><div><span><b>Altitude:</b></span> <span>50 ft - 25 ft</span></div>
<div><span><b>Speed:</b></span> <span>115 kt - 105 kt</span></div>
<div><span><b>Timestamp:</b></span><br/><span>2024-09-23 10:06:36 UTC<br/>2024-09-23 10:06:45 UTC</span></div>
</div>]]></description>
		<Style>
			<LineStyle>
				<color>ffffffff</color>
				<width>2</width>
			</LineStyle>
		</Style>
		<MultiGeometry>
			<LineString>
				<tessellate>1</tessellate>
				<altitudeMode>absolute</altitudeMode>
				<coordinates>
					50.062866,40.482147,15.24 50.06295000000001,40.477543,7.619999999999998 
				</coordinates>
			</LineString>
		</MultiGeometry>
	</Placemark>
	<Placemark>
		<name>P-845</name>
		<visibility>0</visibility>
		<description><![CDATA[<div><div><span><b>Altitude:</b></span> <span>25 ft - 0 ft</span></div>
<div><span><b>Speed:</b></span> <span>105 kt - 84 kt</span></div>
<div><span><b>Timestamp:</b></span><br/><span>2024-09-23 10:06:45 UTC<br/>2024-09-23 10:06:52 UTC</span></div>
</div>]]></description>
		<Style>
			<LineStyle>
				<color>ffffffff</color>
				<width>2</width>
			</LineStyle>
		</Style>
		<MultiGeometry>
			<LineString>
				<tessellate>1</tessellate>
				<coordinates>
					50.06295000000001,40.477543,7.619999999999998 50.063011,40.474785,0 
				</coordinates>
			</LineString>
		</MultiGeometry>
	</Placemark>
	<Placemark>
		<name>P-846</name>
		<visibility>0</visibility>
		<description><![CDATA[<div><div><span><b>Altitude:</b></span> <span>0 ft</span></div>
<div><span><b>Speed:</b></span> <span>84 kt - 74 kt</span></div>
<div><span><b>Timestamp:</b></span><br/><span>2024-09-23 10:06:52 UTC<br/>2024-09-23 10:06:59 UTC</span></div>
</div>]]></description>
		<Style>
			<LineStyle>
				<color>ffffffff</color>
				<width>2</width>
			</LineStyle>
		</Style>
		<MultiGeometry>
			<LineString>
				<tessellate>1</tessellate>
				<coordinates>
					50.063011,40.474785,0 50.063034,40.472202,0 
				</coordinates>
			</LineString>
		</MultiGeometry>
	</Placemark>
	<Placemark>
		<name>P-847</name>
		<visibility>0</visibility>
		<description><![CDATA[<div><div><span><b>Altitude:</b></span> <span>0 ft</span></div>
<div><span><b>Speed:</b></span> <span>74 kt - 64 kt</span></div>
<div><span><b>Timestamp:</b></span><br/><span>2024-09-23 10:06:59 UTC<br/>2024-09-23 10:07:06 UTC</span></div>
</div>]]></description>
		<Style>
			<LineStyle>
				<color>ffffffff</color>
				<width>2</width>
			</LineStyle>
		</Style>
		<MultiGeometry>
			<LineString>
				<tessellate>1</tessellate>
				<coordinates>
					50.063034,40.472202,0 50.06308,40.469994,0 
				</coordinates>
			</LineString>
		</MultiGeometry>
	</Placemark>
	<Placemark>
		<name>P-848</name>
		<visibility>0</visibility>
		<description><![CDATA[<div><div><span><b>Altitude:</b></span> <span>0 ft</span></div>
<div><span><b>Speed:</b></span> <span>64 kt - 59 kt</span></div>
<div><span><b>Timestamp:</b></span><br/><span>2024-09-23 10:07:06 UTC<br/>2024-09-23 10:07:13 UTC</span></div>
</div>]]></description>
		<Style>
			<LineStyle>
				<color>ffffffff</color>
				<width>2</width>
			</LineStyle>
		</Style>
		<MultiGeometry>
			<LineString>
				<tessellate>1</tessellate>
				<coordinates>
					50.06308,40.469994,0 50.06311,40.468037,0 
				</coordinates>
			</LineString>
		</MultiGeometry>
	</Placemark>
	<Placemark>
		<name>P-849</name>
		<visibility>0</visibility>
		<description><![CDATA[<div><div><span><b>Altitude:</b></span> <span>0 ft</span></div>
<div><span><b>Speed:</b></span> <span>59 kt - 56 kt</span></div>
<div><span><b>Timestamp:</b></span><br/><span>2024-09-23 10:07:13 UTC<br/>2024-09-23 10:07:19 UTC</span></div>
</div>]]></description>
		<Style>
			<LineStyle>
				<color>ffffffff</color>
				<width>2</width>
			</LineStyle>
		</Style>
		<MultiGeometry>
			<LineString>
				<tessellate>1</tessellate>
				<coordinates>
					50.06311,40.468037,0 50.063126,40.466366,0 
				</coordinates>
			</LineString>
		</MultiGeometry>
	</Placemark>
	<Placemark>
		<name>P-850</name>
		<visibility>0</visibility>
		<description><![CDATA[<div><div><span><b>Altitude:</b></span> <span>0 ft</span></div>
<div><span><b>Speed:</b></span> <span>56 kt - 53 kt</span></div>
<div><span><b>Timestamp:</b></span><br/><span>2024-09-23 10:07:19 UTC<br/>2024-09-23 10:07:27 UTC</span></div>
</div>]]></description>
		<Style>
			<LineStyle>
				<color>ffffffff</color>
				<width>2</width>
			</LineStyle>
		</Style>
		<MultiGeometry>
			<LineString>
				<tessellate>1</tessellate>
				<coordinates>
					50.063126,40.466366,0 50.06315600000001,40.464409,0 
				</coordinates>
			</LineString>
		</MultiGeometry>
	</Placemark>
	<Placemark>
		<name>P-851</name>
		<visibility>0</visibility>
		<description><![CDATA[<div><div><span><b>Altitude:</b></span> <span>0 ft</span></div>
<div><span><b>Speed:</b></span> <span>53 kt - 51 kt</span></div>
<div><span><b>Timestamp:</b></span><br/><span>2024-09-23 10:07:27 UTC<br/>2024-09-23 10:07:34 UTC</span></div>
</div>]]></description>
		<Style>
			<LineStyle>
				<color>ffffffff</color>
				<width>2</width>
			</LineStyle>
		</Style>
		<MultiGeometry>
			<LineString>
				<tessellate>1</tessellate>
				<coordinates>
					50.06315600000001,40.464409,0 50.063168,40.462749,0 
				</coordinates>
			</LineString>
		</MultiGeometry>
	</Placemark>
	<Placemark>
		<name>P-852</name>
		<visibility>0</visibility>
		<description><![CDATA[<div><div><span><b>Altitude:</b></span> <span>0 ft</span></div>
<div><span><b>Speed:</b></span> <span>51 kt - 47 kt</span></div>
<div><span><b>Timestamp:</b></span><br/><span>2024-09-23 10:07:34 UTC<br/>2024-09-23 10:07:41 UTC</span></div>
</div>]]></description>
		<Style>
			<LineStyle>
				<color>ffffffff</color>
				<width>2</width>
			</LineStyle>
		</Style>
		<MultiGeometry>
			<LineString>
				<tessellate>1</tessellate>
				<coordinates>
					50.063168,40.462749,0 50.063187,40.461067,0 
				</coordinates>
			</LineString>
		</MultiGeometry>
	</Placemark>
	<Placemark>
		<name>P-853</name>
		<visibility>0</visibility>
		<description><![CDATA[<div><div><span><b>Altitude:</b></span> <span>0 ft</span></div>
<div><span><b>Speed:</b></span> <span>47 kt - 42 kt</span></div>
<div><span><b>Timestamp:</b></span><br/><span>2024-09-23 10:07:41 UTC<br/>2024-09-23 10:07:48 UTC</span></div>
</div>]]></description>
		<Style>
			<LineStyle>
				<color>ffffffff</color>
				<width>2</width>
			</LineStyle>
		</Style>
		<MultiGeometry>
			<LineString>
				<tessellate>1</tessellate>
				<coordinates>
					50.063187,40.461067,0 50.06321299999999,40.459599,0 
				</coordinates>
			</LineString>
		</MultiGeometry>
	</Placemark>
	<Placemark>
		<name>P-854</name>
		<visibility>0</visibility>
		<description><![CDATA[<div><div><span><b>Altitude:</b></span> <span>0 ft</span></div>
<div><span><b>Speed:</b></span> <span>42 kt - 31 kt</span></div>
<div><span><b>Timestamp:</b></span><br/><span>2024-09-23 10:07:48 UTC<br/>2024-09-23 10:07:55 UTC</span></div>
</div>]]></description>
		<Style>
			<LineStyle>
				<color>ffffffff</color>
				<width>2</width>
			</LineStyle>
		</Style>
		<MultiGeometry>
			<LineString>
				<tessellate>1</tessellate>
				<coordinates>
					50.06321299999999,40.459599,0 50.06321299999999,40.458447,0 
				</coordinates>
			</LineString>
		</MultiGeometry>
	</Placemark>
	<Placemark>
		<name>P-855</name>
		<visibility>0</visibility>
		<description><![CDATA[<div><div><span><b>Altitude:</b></span> <span>0 ft</span></div>
<div><span><b>Speed:</b></span> <span>31 kt - 23 kt</span></div>
<div><span><b>Timestamp:</b></span><br/><span>2024-09-23 10:07:55 UTC<br/>2024-09-23 10:08:02 UTC</span></div>
</div>]]></description>
		<Style>
			<LineStyle>
				<color>ffffffff</color>
				<width>2</width>
			</LineStyle>
		</Style>
		<MultiGeometry>
			<LineString>
				<tessellate>1</tessellate>
				<coordinates>
					50.06321299999999,40.458447,0 50.063248,40.457668,0 
				</coordinates>
			</LineString>
		</MultiGeometry>
	</Placemark>
	<Placemark>
		<name>P-856</name>
		<visibility>0</visibility>
		<description><![CDATA[<div><div><span><b>Altitude:</b></span> <span>0 ft</span></div>
<div><span><b>Speed:</b></span> <span>23 kt - 14 kt</span></div>
<div><span><b>Timestamp:</b></span><br/><span>2024-09-23 10:08:02 UTC<br/>2024-09-23 10:08:08 UTC</span></div>
</div>]]></description>
		<Style>
			<LineStyle>
				<color>ffffffff</color>
				<width>2</width>
			</LineStyle>
		</Style>
		<MultiGeometry>
			<LineString>
				<tessellate>1</tessellate>
				<coordinates>
					50.063248,40.457668,0 50.06326300000001,40.457211,0 
				</coordinates>
			</LineString>
		</MultiGeometry>
	</Placemark>
	<Placemark>
		<name>P-857</name>
		<visibility>0</visibility>
		<description><![CDATA[<div><div><span><b>Altitude:</b></span> <span>0 ft</span></div>
<div><span><b>Speed:</b></span> <span>14 kt - 11 kt</span></div>
<div><span><b>Timestamp:</b></span><br/><span>2024-09-23 10:08:08 UTC<br/>2024-09-23 10:08:14 UTC</span></div>
</div>]]></description>
		<Style>
			<LineStyle>
				<color>ffffffff</color>
				<width>2</width>
			</LineStyle>
		</Style>
		<MultiGeometry>
			<LineString>
				<tessellate>1</tessellate>
				<coordinates>
					50.06326300000001,40.457211,0 50.06347699999999,40.457005,0 
				</coordinates>
			</LineString>
		</MultiGeometry>
	</Placemark>
	<Placemark>
		<name>P-858</name>
		<visibility>0</visibility>
		<description><![CDATA[<div><div><span><b>Altitude:</b></span> <span>0 ft</span></div>
<div><span><b>Speed:</b></span> <span>11 kt - 12 kt</span></div>
<div><span><b>Timestamp:</b></span><br/><span>2024-09-23 10:08:14 UTC<br/>2024-09-23 10:08:17 UTC</span></div>
</div>]]></description>
		<Style>
			<LineStyle>
				<color>ffffffff</color>
				<width>2</width>
			</LineStyle>
		</Style>
		<MultiGeometry>
			<LineString>
				<tessellate>1</tessellate>
				<coordinates>
					50.06347699999999,40.457005,0 50.063721,40.456936,0 
				</coordinates>
			</LineString>
		</MultiGeometry>
	</Placemark>
	<Placemark>
		<name>P-859</name>
		<visibility>0</visibility>
		<description><![CDATA[<div><div><span><b>Altitude:</b></span> <span>0 ft</span></div>
<div><span><b>Speed:</b></span> <span>12 kt - 13 kt</span></div>
<div><span><b>Timestamp:</b></span><br/><span>2024-09-23 10:08:17 UTC<br/>2024-09-23 10:08:19 UTC</span></div>
</div>]]></description>
		<Style>
			<LineStyle>
				<color>ffffffff</color>
				<width>2</width>
			</LineStyle>
		</Style>
		<MultiGeometry>
			<LineString>
				<tessellate>1</tessellate>
				<coordinates>
					50.063721,40.456936,0 50.063934,40.456924,0 
				</coordinates>
			</LineString>
		</MultiGeometry>
	</Placemark>
	<Placemark>
		<name>P-860</name>
		<visibility>0</visibility>
		<description><![CDATA[<div><div><span><b>Altitude:</b></span> <span>0 ft</span></div>
<div><span><b>Speed:</b></span> <span>13 kt - 12 kt</span></div>
<div><span><b>Timestamp:</b></span><br/><span>2024-09-23 10:08:19 UTC<br/>2024-09-23 10:08:23 UTC</span></div>
</div>]]></description>
		<Style>
			<LineStyle>
				<color>ffffffff</color>
				<width>2</width>
			</LineStyle>
		</Style>
		<MultiGeometry>
			<LineString>
				<tessellate>1</tessellate>
				<coordinates>
					50.063934,40.456924,0 50.064152,40.456921,0 
				</coordinates>
			</LineString>
		</MultiGeometry>
	</Placemark>
	<Placemark>
		<name>P-861</name>
		<visibility>0</visibility>
		<description><![CDATA[<div><div><span><b>Altitude:</b></span> <span>0 ft</span></div>
<div><span><b>Speed:</b></span> <span>12 kt - 8 kt</span></div>
<div><span><b>Timestamp:</b></span><br/><span>2024-09-23 10:08:23 UTC<br/>2024-09-23 10:08:28 UTC</span></div>
</div>]]></description>
		<Style>
			<LineStyle>
				<color>ffffffff</color>
				<width>2</width>
			</LineStyle>
		</Style>
		<MultiGeometry>
			<LineString>
				<tessellate>1</tessellate>
				<coordinates>
					50.064152,40.456921,0 50.06439999999999,40.456921,0 
				</coordinates>
			</LineString>
		</MultiGeometry>
	</Placemark>
	<Placemark>
		<name>P-862</name>
		<visibility>0</visibility>
		<description><![CDATA[<div><div><span><b>Altitude:</b></span> <span>0 ft</span></div>
<div><span><b>Speed:</b></span> <span>8 kt - 9 kt</span></div>
<div><span><b>Timestamp:</b></span><br/><span>2024-09-23 10:08:28 UTC<br/>2024-09-23 10:08:33 UTC</span></div>
</div>]]></description>
		<Style>
			<LineStyle>
				<color>ffffffff</color>
				<width>2</width>
			</LineStyle>
		</Style>
		<MultiGeometry>
			<LineString>
				<tessellate>1</tessellate>
				<coordinates>
					50.06439999999999,40.456921,0 50.064651,40.456913,0 
				</coordinates>
			</LineString>
		</MultiGeometry>
	</Placemark>
	<Placemark>
		<name>P-863</name>
		<visibility>0</visibility>
		<description><![CDATA[<div><div><span><b>Altitude:</b></span> <span>0 ft</span></div>
<div><span><b>Speed:</b></span> <span>9 kt</span></div>
<div><span><b>Timestamp:</b></span><br/><span>2024-09-23 10:08:33 UTC<br/>2024-09-23 10:08:37 UTC</span></div>
</div>]]></description>
		<Style>
			<LineStyle>
				<color>ffffffff</color>
				<width>2</width>
			</LineStyle>
		</Style>
		<MultiGeometry>
			<LineString>
				<tessellate>1</tessellate>
				<coordinates>
					50.064651,40.456913,0 50.064865,40.456913,0 
				</coordinates>
			</LineString>
		</MultiGeometry>
	</Placemark>
	<Placemark>
		<name>P-864</name>
		<visibility>0</visibility>
		<description><![CDATA[<div><div><span><b>Altitude:</b></span> <span>0 ft</span></div>
<div><span><b>Speed:</b></span> <span>9 kt - 10 kt</span></div>
<div><span><b>Timestamp:</b></span><br/><span>2024-09-23 10:08:37 UTC<br/>2024-09-23 10:08:44 UTC</span></div>
</div>]]></description>
		<Style>
			<LineStyle>
				<color>ffffffff</color>
				<width>2</width>
			</LineStyle>
		</Style>
		<MultiGeometry>
			<LineString>
				<tessellate>1</tessellate>
				<coordinates>
					50.064865,40.456913,0 50.065308,40.456913,0 
				</coordinates>
			</LineString>
		</MultiGeometry>
	</Placemark>
	<Placemark>
		<name>P-865</name>
		<visibility>0</visibility>
		<description><![CDATA[<div><div><span><b>Altitude:</b></span> <span>0 ft</span></div>
<div><span><b>Speed:</b></span> <span>10 kt - 11 kt</span></div>
<div><span><b>Timestamp:</b></span><br/><span>2024-09-23 10:08:44 UTC<br/>2024-09-23 10:08:51 UTC</span></div>
</div>]]></description>
		<Style>
			<LineStyle>
				<color>ffffffff</color>
				<width>2</width>
			</LineStyle>
		</Style>
		<MultiGeometry>
			<LineString>
				<tessellate>1</tessellate>
				<coordinates>
					50.065308,40.456913,0 50.065788,40.456909,0 
				</coordinates>
			</LineString>
		</MultiGeometry>
	</Placemark>
	<Placemark>
		<name>P-866</name>
		<visibility>0</visibility>
		<description><![CDATA[<div><div><span><b>Altitude:</b></span> <span>0 ft</span></div>
<div><span><b>Speed:</b></span> <span>11 kt - 9 kt</span></div>
<div><span><b>Timestamp:</b></span><br/><span>2024-09-23 10:08:51 UTC<br/>2024-09-23 10:08:58 UTC</span></div>
</div>]]></description>
		<Style>
			<LineStyle>
				<color>ffffffff</color>
				<width>2</width>
			</LineStyle>
		</Style>
		<MultiGeometry>
			<LineString>
				<tessellate>1</tessellate>
				<coordinates>
					50.065788,40.456909,0 50.066196,40.456909,0 
				</coordinates>
			</LineString>
		</MultiGeometry>
	</Placemark>
	<Placemark>
		<name>P-867</name>
		<visibility>0</visibility>
		<description><![CDATA[<div><div><span><b>Altitude:</b></span> <span>0 ft</span></div>
<div><span><b>Speed:</b></span> <span>9 kt - 6 kt</span></div>
<div><span><b>Timestamp:</b></span><br/><span>2024-09-23 10:08:58 UTC<br/>2024-09-23 10:09:04 UTC</span></div>
</div>]]></description>
		<Style>
			<LineStyle>
				<color>ffffffff</color>
				<width>2</width>
			</LineStyle>
		</Style>
		<MultiGeometry>
			<LineString>
				<tessellate>1</tessellate>
				<coordinates>
					50.066196,40.456909,0 50.06640600000001,40.457016,0 
				</coordinates>
			</LineString>
		</MultiGeometry>
	</Placemark>
	<Placemark>
		<name>P-868</name>
		<visibility>0</visibility>
		<description><![CDATA[<div><div><span><b>Altitude:</b></span> <span>0 ft</span></div>
<div><span><b>Speed:</b></span> <span>6 kt</span></div>
<div><span><b>Timestamp:</b></span><br/><span>2024-09-23 10:09:04 UTC<br/>2024-09-23 10:09:12 UTC</span></div>
</div>]]></description>
		<Style>
			<LineStyle>
				<color>ffffffff</color>
				<width>2</width>
			</LineStyle>
		</Style>
		<MultiGeometry>
			<LineString>
				<tessellate>1</tessellate>
				<coordinates>
					50.06640600000001,40.457016,0 50.06663100000001,40.457176,0 
				</coordinates>
			</LineString>
		</MultiGeometry>
	</Placemark>
	<Placemark>
		<name>P-869</name>
		<visibility>0</visibility>
		<description><![CDATA[<div><div><span><b>Altitude:</b></span> <span>0 ft</span></div>
<div><span><b>Speed:</b></span> <span>6 kt</span></div>
<div><span><b>Timestamp:</b></span><br/><span>2024-09-23 10:09:12 UTC<br/>2024-09-23 10:09:18 UTC</span></div>
</div>]]></description>
		<Style>
			<LineStyle>
				<color>ffffffff</color>
				<width>2</width>
			</LineStyle>
		</Style>
		<MultiGeometry>
			<LineString>
				<tessellate>1</tessellate>
				<coordinates>
					50.06663100000001,40.457176,0 50.066849,40.457188,0 
				</coordinates>
			</LineString>
		</MultiGeometry>
	</Placemark>
	<Placemark>
		<name>P-870</name>
		<visibility>0</visibility>
		<description><![CDATA[<div><div><span><b>Altitude:</b></span> <span>0 ft</span></div>
<div><span><b>Speed:</b></span> <span>6 kt</span></div>
<div><span><b>Timestamp:</b></span><br/><span>2024-09-23 10:09:18 UTC<br/>2024-09-23 10:09:25 UTC</span></div>
</div>]]></description>
		<Style>
			<LineStyle>
				<color>ffffffff</color>
				<width>2</width>
			</LineStyle>
		</Style>
		<MultiGeometry>
			<LineString>
				<tessellate>1</tessellate>
				<coordinates>
					50.066849,40.457188,0 50.06707,40.457073,0 
				</coordinates>
			</LineString>
		</MultiGeometry>
	</Placemark>
	<Placemark>
		<name>P-871</name>
		<visibility>0</visibility>
		<description><![CDATA[<div><div><span><b>Altitude:</b></span> <span>0 ft</span></div>
<div><span><b>Speed:</b></span> <span>6 kt</span></div>
<div><span><b>Timestamp:</b></span><br/><span>2024-09-23 10:09:25 UTC<br/>2024-09-23 10:09:34 UTC</span></div>
</div>]]></description>
		<Style>
			<LineStyle>
				<color>ffffffff</color>
				<width>2</width>
			</LineStyle>
		</Style>
		<MultiGeometry>
			<LineString>
				<tessellate>1</tessellate>
				<coordinates>
					50.06707,40.457073,0 50.06710100000001,40.456863,0 
				</coordinates>
			</LineString>
		</MultiGeometry>
	</Placemark>
	<Placemark>
		<name>P-872</name>
		<visibility>0</visibility>
		<description><![CDATA[<div><div><span><b>Altitude:</b></span> <span>0 ft</span></div>
<div><span><b>Speed:</b></span> <span>6 kt - 4 kt</span></div>
<div><span><b>Timestamp:</b></span><br/><span>2024-09-23 10:09:34 UTC<br/>2024-09-23 10:09:44 UTC</span></div>
</div>]]></description>
		<Style>
			<LineStyle>
				<color>ffffffff</color>
				<width>2</width>
			</LineStyle>
		</Style>
		<MultiGeometry>
			<LineString>
				<tessellate>1</tessellate>
				<coordinates>
					50.06710100000001,40.456863,0 50.067047,40.456661,0 
				</coordinates>
			</LineString>
		</MultiGeometry>
	</Placemark>
	<atom:link rel="app" href="https://www.google.com/earth/about/versions/#earth-pro" title="Google Earth Pro 7.3.7.1155"></atom:link>
</Folder>
</kml>
