<?xml version="1.0" encoding="UTF-8"?>
<kml xmlns="http://www.opengis.net/kml/2.2" xmlns:gx="http://www.google.com/kml/ext/2.2" xmlns:kml="http://www.opengis.net/kml/2.2" xmlns:atom="http://www.w3.org/2005/Atom">
<Folder>
	<name>SAPRA- GMP RWY14</name>
	<visibility>0</visibility>
	<Placemark>
		<name>P-1</name>
		<visibility>0</visibility>
		<description><![CDATA[<div><div><span><b>Altitude:</b></span> <span>0 ft</span></div>
<div><span><b>Speed:</b></span> <span>0 kt - 2 kt</span></div>
<div><span><b>Timestamp:</b></span><br/><span>2024-07-09 01:23:16 UTC<br/>2024-07-09 02:14:56 UTC</span></div>
</div>]]></description>
		<Style>
			<LineStyle>
				<color>88000000</color>
				<width>2</width>
			</LineStyle>
		</Style>
		<MultiGeometry>
			<LineString>
				<tessellate>1</tessellate>
				<coordinates>
					-149.98288,61.16455499999999,0 -149.982941,61.164345,0 
				</coordinates>
			</LineString>
		</MultiGeometry>
	</Placemark>
	<Placemark>
		<name>P-2</name>
		<visibility>0</visibility>
		<description><![CDATA[<div><div><span><b>Altitude:</b></span> <span>0 ft</span></div>
<div><span><b>Speed:</b></span> <span>2 kt - 5 kt</span></div>
<div><span><b>Timestamp:</b></span><br/><span>2024-07-09 02:14:56 UTC<br/>2024-07-09 02:15:06 UTC</span></div>
</div>]]></description>
		<Style>
			<LineStyle>
				<color>ffffffff</color>
				<width>2</width>
			</LineStyle>
		</Style>
		<MultiGeometry>
			<LineString>
				<tessellate>1</tessellate>
				<coordinates>
					-149.982941,61.164345,0 -149.983185,61.164219,0 
				</coordinates>
			</LineString>
		</MultiGeometry>
	</Placemark>
	<Placemark>
		<name>P-3</name>
		<visibility>0</visibility>
		<description><![CDATA[<div><div><span><b>Altitude:</b></span> <span>0 ft</span></div>
<div><span><b>Speed:</b></span> <span>5 kt - 6 kt</span></div>
<div><span><b>Timestamp:</b></span><br/><span>2024-07-09 02:15:06 UTC<br/>2024-07-09 02:15:10 UTC</span></div>
</div>]]></description>
		<Style>
			<LineStyle>
				<color>ffffffff</color>
				<width>2</width>
			</LineStyle>
		</Style>
		<MultiGeometry>
			<LineString>
				<tessellate>1</tessellate>
				<coordinates>
					-149.983185,61.164219,0 -149.983444,61.164181,0 
				</coordinates>
			</LineString>
		</MultiGeometry>
	</Placemark>
	<Placemark>
		<name>P-4</name>
		<visibility>0</visibility>
		<description><![CDATA[<div><div><span><b>Altitude:</b></span> <span>0 ft</span></div>
<div><span><b>Speed:</b></span> <span>6 kt</span></div>
<div><span><b>Timestamp:</b></span><br/><span>2024-07-09 02:15:10 UTC<br/>2024-07-09 02:15:16 UTC</span></div>
</div>]]></description>
		<Style>
			<LineStyle>
				<color>ffffffff</color>
				<width>2</width>
			</LineStyle>
		</Style>
		<MultiGeometry>
			<LineString>
				<tessellate>1</tessellate>
				<coordinates>
					-149.983444,61.164181,0 -149.983734,61.164219,0 
				</coordinates>
			</LineString>
		</MultiGeometry>
	</Placemark>
	<Placemark>
		<name>P-5</name>
		<visibility>0</visibility>
		<description><![CDATA[<div><div><span><b>Altitude:</b></span> <span>0 ft</span></div>
<div><span><b>Speed:</b></span> <span>6 kt</span></div>
<div><span><b>Timestamp:</b></span><br/><span>2024-07-09 02:15:16 UTC<br/>2024-07-09 02:15:21 UTC</span></div>
</div>]]></description>
		<Style>
			<LineStyle>
				<color>ffffffff</color>
				<width>2</width>
			</LineStyle>
		</Style>
		<MultiGeometry>
			<LineString>
				<tessellate>1</tessellate>
				<coordinates>
					-149.983734,61.164219,0 -149.983948,61.164345,0 
				</coordinates>
			</LineString>
		</MultiGeometry>
	</Placemark>
	<Placemark>
		<name>P-6</name>
		<visibility>0</visibility>
		<description><![CDATA[<div><div><span><b>Altitude:</b></span> <span>0 ft</span></div>
<div><span><b>Speed:</b></span> <span>6 kt - 7 kt</span></div>
<div><span><b>Timestamp:</b></span><br/><span>2024-07-09 02:15:21 UTC<br/>2024-07-09 02:15:26 UTC</span></div>
</div>]]></description>
		<Style>
			<LineStyle>
				<color>ffffffff</color>
				<width>2</width>
			</LineStyle>
		</Style>
		<MultiGeometry>
			<LineString>
				<tessellate>1</tessellate>
				<coordinates>
					-149.983948,61.164345,0 -149.984177,61.16445899999999,0 
				</coordinates>
			</LineString>
		</MultiGeometry>
	</Placemark>
	<Placemark>
		<name>P-7</name>
		<visibility>0</visibility>
		<description><![CDATA[<div><div><span><b>Altitude:</b></span> <span>0 ft</span></div>
<div><span><b>Speed:</b></span> <span>7 kt - 8 kt</span></div>
<div><span><b>Timestamp:</b></span><br/><span>2024-07-09 02:15:26 UTC<br/>2024-07-09 02:15:30 UTC</span></div>
</div>]]></description>
		<Style>
			<LineStyle>
				<color>ffffffff</color>
				<width>2</width>
			</LineStyle>
		</Style>
		<MultiGeometry>
			<LineString>
				<tessellate>1</tessellate>
				<coordinates>
					-149.984177,61.16445899999999,0 -149.98439,61.16456599999999,0 
				</coordinates>
			</LineString>
		</MultiGeometry>
	</Placemark>
	<Placemark>
		<name>P-8</name>
		<visibility>0</visibility>
		<description><![CDATA[<div><div><span><b>Altitude:</b></span> <span>0 ft</span></div>
<div><span><b>Speed:</b></span> <span>8 kt - 10 kt</span></div>
<div><span><b>Timestamp:</b></span><br/><span>2024-07-09 02:15:30 UTC<br/>2024-07-09 02:15:36 UTC</span></div>
</div>]]></description>
		<Style>
			<LineStyle>
				<color>ffffffff</color>
				<width>2</width>
			</LineStyle>
		</Style>
		<MultiGeometry>
			<LineString>
				<tessellate>1</tessellate>
				<coordinates>
					-149.98439,61.16456599999999,0 -149.984634,61.164787,0 
				</coordinates>
			</LineString>
		</MultiGeometry>
	</Placemark>
	<Placemark>
		<name>P-9</name>
		<visibility>0</visibility>
		<description><![CDATA[<div><div><span><b>Altitude:</b></span> <span>0 ft</span></div>
<div><span><b>Speed:</b></span> <span>10 kt - 11 kt</span></div>
<div><span><b>Timestamp:</b></span><br/><span>2024-07-09 02:15:36 UTC<br/>2024-07-09 02:15:40 UTC</span></div>
</div>]]></description>
		<Style>
			<LineStyle>
				<color>ffffffff</color>
				<width>2</width>
			</LineStyle>
		</Style>
		<MultiGeometry>
			<LineString>
				<tessellate>1</tessellate>
				<coordinates>
					-149.984634,61.164787,0 -149.984787,61.16502,0 
				</coordinates>
			</LineString>
		</MultiGeometry>
	</Placemark>
	<Placemark>
		<name>P-10</name>
		<visibility>0</visibility>
		<description><![CDATA[<div><div><span><b>Altitude:</b></span> <span>0 ft</span></div>
<div><span><b>Speed:</b></span> <span>11 kt - 12 kt</span></div>
<div><span><b>Timestamp:</b></span><br/><span>2024-07-09 02:15:40 UTC<br/>2024-07-09 02:15:45 UTC</span></div>
</div>]]></description>
		<Style>
			<LineStyle>
				<color>ffffffff</color>
				<width>2</width>
			</LineStyle>
		</Style>
		<MultiGeometry>
			<LineString>
				<tessellate>1</tessellate>
				<coordinates>
					-149.984787,61.16502,0 -149.984985,61.16526,0 
				</coordinates>
			</LineString>
		</MultiGeometry>
	</Placemark>
	<Placemark>
		<name>P-11</name>
		<visibility>0</visibility>
		<description><![CDATA[<div><div><span><b>Altitude:</b></span> <span>0 ft</span></div>
<div><span><b>Speed:</b></span> <span>12 kt</span></div>
<div><span><b>Timestamp:</b></span><br/><span>2024-07-09 02:15:45 UTC<br/>2024-07-09 02:15:50 UTC</span></div>
</div>]]></description>
		<Style>
			<LineStyle>
				<color>ffffffff</color>
				<width>2</width>
			</LineStyle>
		</Style>
		<MultiGeometry>
			<LineString>
				<tessellate>1</tessellate>
				<coordinates>
					-149.984985,61.16526,0 -149.985184,61.165512,0 
				</coordinates>
			</LineString>
		</MultiGeometry>
	</Placemark>
	<Placemark>
		<name>P-12</name>
		<visibility>0</visibility>
		<description><![CDATA[<div><div><span><b>Altitude:</b></span> <span>0 ft</span></div>
<div><span><b>Speed:</b></span> <span>12 kt - 11 kt</span></div>
<div><span><b>Timestamp:</b></span><br/><span>2024-07-09 02:15:50 UTC<br/>2024-07-09 02:15:54 UTC</span></div>
</div>]]></description>
		<Style>
			<LineStyle>
				<color>ffffffff</color>
				<width>2</width>
			</LineStyle>
		</Style>
		<MultiGeometry>
			<LineString>
				<tessellate>1</tessellate>
				<coordinates>
					-149.985184,61.165512,0 -149.985397,61.16568399999999,0 
				</coordinates>
			</LineString>
		</MultiGeometry>
	</Placemark>
	<Placemark>
		<name>P-13</name>
		<visibility>0</visibility>
		<description><![CDATA[<div><div><span><b>Altitude:</b></span> <span>0 ft</span></div>
<div><span><b>Speed:</b></span> <span>11 kt - 12 kt</span></div>
<div><span><b>Timestamp:</b></span><br/><span>2024-07-09 02:15:54 UTC<br/>2024-07-09 02:15:56 UTC</span></div>
</div>]]></description>
		<Style>
			<LineStyle>
				<color>ffffffff</color>
				<width>2</width>
			</LineStyle>
		</Style>
		<MultiGeometry>
			<LineString>
				<tessellate>1</tessellate>
				<coordinates>
					-149.985397,61.16568399999999,0 -149.985626,61.165787,0 
				</coordinates>
			</LineString>
		</MultiGeometry>
	</Placemark>
	<Placemark>
		<name>P-14</name>
		<visibility>0</visibility>
		<description><![CDATA[<div><div><span><b>Altitude:</b></span> <span>0 ft</span></div>
<div><span><b>Speed:</b></span> <span>12 kt</span></div>
<div><span><b>Timestamp:</b></span><br/><span>2024-07-09 02:15:56 UTC<br/>2024-07-09 02:15:59 UTC</span></div>
</div>]]></description>
		<Style>
			<LineStyle>
				<color>ffffffff</color>
				<width>2</width>
			</LineStyle>
		</Style>
		<MultiGeometry>
			<LineString>
				<tessellate>1</tessellate>
				<coordinates>
					-149.985626,61.165787,0 -149.98584,61.165878,0 
				</coordinates>
			</LineString>
		</MultiGeometry>
	</Placemark>
	<Placemark>
		<name>P-15</name>
		<visibility>0</visibility>
		<description><![CDATA[<div><div><span><b>Altitude:</b></span> <span>0 ft</span></div>
<div><span><b>Speed:</b></span> <span>12 kt</span></div>
<div><span><b>Timestamp:</b></span><br/><span>2024-07-09 02:15:59 UTC<br/>2024-07-09 02:16:02 UTC</span></div>
</div>]]></description>
		<Style>
			<LineStyle>
				<color>ffffffff</color>
				<width>2</width>
			</LineStyle>
		</Style>
		<MultiGeometry>
			<LineString>
				<tessellate>1</tessellate>
				<coordinates>
					-149.98584,61.165878,0 -149.986084,61.165981,0 
				</coordinates>
			</LineString>
		</MultiGeometry>
	</Placemark>
	<Placemark>
		<name>P-16</name>
		<visibility>0</visibility>
		<description><![CDATA[<div><div><span><b>Altitude:</b></span> <span>0 ft</span></div>
<div><span><b>Speed:</b></span> <span>12 kt - 11 kt</span></div>
<div><span><b>Timestamp:</b></span><br/><span>2024-07-09 02:16:02 UTC<br/>2024-07-09 02:16:05 UTC</span></div>
</div>]]></description>
		<Style>
			<LineStyle>
				<color>ffffffff</color>
				<width>2</width>
			</LineStyle>
		</Style>
		<MultiGeometry>
			<LineString>
				<tessellate>1</tessellate>
				<coordinates>
					-149.986084,61.165981,0 -149.986313,61.16607999999999,0 
				</coordinates>
			</LineString>
		</MultiGeometry>
	</Placemark>
	<Placemark>
		<name>P-17</name>
		<visibility>0</visibility>
		<description><![CDATA[<div><div><span><b>Altitude:</b></span> <span>0 ft</span></div>
<div><span><b>Speed:</b></span> <span>11 kt</span></div>
<div><span><b>Timestamp:</b></span><br/><span>2024-07-09 02:16:05 UTC<br/>2024-07-09 02:16:07 UTC</span></div>
</div>]]></description>
		<Style>
			<LineStyle>
				<color>ffffffff</color>
				<width>2</width>
			</LineStyle>
		</Style>
		<MultiGeometry>
			<LineString>
				<tessellate>1</tessellate>
				<coordinates>
					-149.986313,61.16607999999999,0 -149.986542,61.166172,0 
				</coordinates>
			</LineString>
		</MultiGeometry>
	</Placemark>
	<Placemark>
		<name>P-18</name>
		<visibility>0</visibility>
		<description><![CDATA[<div><div><span><b>Altitude:</b></span> <span>0 ft</span></div>
<div><span><b>Speed:</b></span> <span>11 kt</span></div>
<div><span><b>Timestamp:</b></span><br/><span>2024-07-09 02:16:07 UTC<br/>2024-07-09 02:16:11 UTC</span></div>
</div>]]></description>
		<Style>
			<LineStyle>
				<color>ffffffff</color>
				<width>2</width>
			</LineStyle>
		</Style>
		<MultiGeometry>
			<LineString>
				<tessellate>1</tessellate>
				<coordinates>
					-149.986542,61.166172,0 -149.986847,61.166233,0 
				</coordinates>
			</LineString>
		</MultiGeometry>
	</Placemark>
	<Placemark>
		<name>P-19</name>
		<visibility>0</visibility>
		<description><![CDATA[<div><div><span><b>Altitude:</b></span> <span>0 ft</span></div>
<div><span><b>Speed:</b></span> <span>11 kt - 10 kt</span></div>
<div><span><b>Timestamp:</b></span><br/><span>2024-07-09 02:16:11 UTC<br/>2024-07-09 02:16:14 UTC</span></div>
</div>]]></description>
		<Style>
			<LineStyle>
				<color>ffffffff</color>
				<width>2</width>
			</LineStyle>
		</Style>
		<MultiGeometry>
			<LineString>
				<tessellate>1</tessellate>
				<coordinates>
					-149.986847,61.166233,0 -149.987137,61.166222,0 
				</coordinates>
			</LineString>
		</MultiGeometry>
	</Placemark>
	<Placemark>
		<name>P-20</name>
		<visibility>0</visibility>
		<description><![CDATA[<div><div><span><b>Altitude:</b></span> <span>0 ft</span></div>
<div><span><b>Speed:</b></span> <span>10 kt - 9 kt</span></div>
<div><span><b>Timestamp:</b></span><br/><span>2024-07-09 02:16:14 UTC<br/>2024-07-09 02:16:17 UTC</span></div>
</div>]]></description>
		<Style>
			<LineStyle>
				<color>ffffffff</color>
				<width>2</width>
			</LineStyle>
		</Style>
		<MultiGeometry>
			<LineString>
				<tessellate>1</tessellate>
				<coordinates>
					-149.987137,61.166222,0 -149.987442,61.166206,0 
				</coordinates>
			</LineString>
		</MultiGeometry>
	</Placemark>
	<Placemark>
		<name>P-21</name>
		<visibility>0</visibility>
		<description><![CDATA[<div><div><span><b>Altitude:</b></span> <span>0 ft</span></div>
<div><span><b>Speed:</b></span> <span>9 kt</span></div>
<div><span><b>Timestamp:</b></span><br/><span>2024-07-09 02:16:17 UTC<br/>2024-07-09 02:16:20 UTC</span></div>
</div>]]></description>
		<Style>
			<LineStyle>
				<color>ffffffff</color>
				<width>2</width>
			</LineStyle>
		</Style>
		<MultiGeometry>
			<LineString>
				<tessellate>1</tessellate>
				<coordinates>
					-149.987442,61.166206,0 -149.987717,61.166206,0 
				</coordinates>
			</LineString>
		</MultiGeometry>
	</Placemark>
	<Placemark>
		<name>P-22</name>
		<visibility>0</visibility>
		<description><![CDATA[<div><div><span><b>Altitude:</b></span> <span>0 ft</span></div>
<div><span><b>Speed:</b></span> <span>9 kt</span></div>
<div><span><b>Timestamp:</b></span><br/><span>2024-07-09 02:16:20 UTC<br/>2024-07-09 02:16:23 UTC</span></div>
</div>]]></description>
		<Style>
			<LineStyle>
				<color>ffffffff</color>
				<width>2</width>
			</LineStyle>
		</Style>
		<MultiGeometry>
			<LineString>
				<tessellate>1</tessellate>
				<coordinates>
					-149.987717,61.166206,0 -149.987991,61.166206,0 
				</coordinates>
			</LineString>
		</MultiGeometry>
	</Placemark>
	<Placemark>
		<name>P-23</name>
		<visibility>0</visibility>
		<description><![CDATA[<div><div><span><b>Altitude:</b></span> <span>0 ft</span></div>
<div><span><b>Speed:</b></span> <span>9 kt</span></div>
<div><span><b>Timestamp:</b></span><br/><span>2024-07-09 02:16:23 UTC<br/>2024-07-09 02:16:26 UTC</span></div>
</div>]]></description>
		<Style>
			<LineStyle>
				<color>ffffffff</color>
				<width>2</width>
			</LineStyle>
		</Style>
		<MultiGeometry>
			<LineString>
				<tessellate>1</tessellate>
				<coordinates>
					-149.987991,61.166206,0 -149.988251,61.166206,0 
				</coordinates>
			</LineString>
		</MultiGeometry>
	</Placemark>
	<Placemark>
		<name>P-24</name>
		<visibility>0</visibility>
		<description><![CDATA[<div><div><span><b>Altitude:</b></span> <span>0 ft</span></div>
<div><span><b>Speed:</b></span> <span>9 kt</span></div>
<div><span><b>Timestamp:</b></span><br/><span>2024-07-09 02:16:26 UTC<br/>2024-07-09 02:16:33 UTC</span></div>
</div>]]></description>
		<Style>
			<LineStyle>
				<color>ffffffff</color>
				<width>2</width>
			</LineStyle>
		</Style>
		<MultiGeometry>
			<LineString>
				<tessellate>1</tessellate>
				<coordinates>
					-149.988251,61.166206,0 -149.988861,61.16621,0 
				</coordinates>
			</LineString>
		</MultiGeometry>
	</Placemark>
	<Placemark>
		<name>P-25</name>
		<visibility>0</visibility>
		<description><![CDATA[<div><div><span><b>Altitude:</b></span> <span>0 ft</span></div>
<div><span><b>Speed:</b></span> <span>9 kt</span></div>
<div><span><b>Timestamp:</b></span><br/><span>2024-07-09 02:16:33 UTC<br/>2024-07-09 02:16:40 UTC</span></div>
</div>]]></description>
		<Style>
			<LineStyle>
				<color>ffffffff</color>
				<width>2</width>
			</LineStyle>
		</Style>
		<MultiGeometry>
			<LineString>
				<tessellate>1</tessellate>
				<coordinates>
					-149.988861,61.16621,0 -149.989426,61.16621,0 
				</coordinates>
			</LineString>
		</MultiGeometry>
	</Placemark>
	<Placemark>
		<name>P-26</name>
		<visibility>0</visibility>
		<description><![CDATA[<div><div><span><b>Altitude:</b></span> <span>0 ft</span></div>
<div><span><b>Speed:</b></span> <span>9 kt - 12 kt</span></div>
<div><span><b>Timestamp:</b></span><br/><span>2024-07-09 02:16:40 UTC<br/>2024-07-09 02:16:48 UTC</span></div>
</div>]]></description>
		<Style>
			<LineStyle>
				<color>ffffffff</color>
				<width>2</width>
			</LineStyle>
		</Style>
		<MultiGeometry>
			<LineString>
				<tessellate>1</tessellate>
				<coordinates>
					-149.989426,61.16621,0 -149.990204,61.16621,0 
				</coordinates>
			</LineString>
		</MultiGeometry>
	</Placemark>
	<Placemark>
		<name>P-27</name>
		<visibility>0</visibility>
		<description><![CDATA[<div><div><span><b>Altitude:</b></span> <span>0 ft</span></div>
<div><span><b>Speed:</b></span> <span>12 kt</span></div>
<div><span><b>Timestamp:</b></span><br/><span>2024-07-09 02:16:48 UTC<br/>2024-07-09 02:16:54 UTC</span></div>
</div>]]></description>
		<Style>
			<LineStyle>
				<color>ffffffff</color>
				<width>2</width>
			</LineStyle>
		</Style>
		<MultiGeometry>
			<LineString>
				<tessellate>1</tessellate>
				<coordinates>
					-149.990204,61.16621,0 -149.990936,61.16621,0 
				</coordinates>
			</LineString>
		</MultiGeometry>
	</Placemark>
	<Placemark>
		<name>P-28</name>
		<visibility>0</visibility>
		<description><![CDATA[<div><div><span><b>Altitude:</b></span> <span>0 ft</span></div>
<div><span><b>Speed:</b></span> <span>12 kt - 11 kt</span></div>
<div><span><b>Timestamp:</b></span><br/><span>2024-07-09 02:16:54 UTC<br/>2024-07-09 02:17:01 UTC</span></div>
</div>]]></description>
		<Style>
			<LineStyle>
				<color>ffffffff</color>
				<width>2</width>
			</LineStyle>
		</Style>
		<MultiGeometry>
			<LineString>
				<tessellate>1</tessellate>
				<coordinates>
					-149.990936,61.16621,0 -149.991791,61.166206,0 
				</coordinates>
			</LineString>
		</MultiGeometry>
	</Placemark>
	<Placemark>
		<name>P-29</name>
		<visibility>0</visibility>
		<description><![CDATA[<div><div><span><b>Altitude:</b></span> <span>0 ft</span></div>
<div><span><b>Speed:</b></span> <span>11 kt - 9 kt</span></div>
<div><span><b>Timestamp:</b></span><br/><span>2024-07-09 02:17:01 UTC<br/>2024-07-09 02:17:04 UTC</span></div>
</div>]]></description>
		<Style>
			<LineStyle>
				<color>ffffffff</color>
				<width>2</width>
			</LineStyle>
		</Style>
		<MultiGeometry>
			<LineString>
				<tessellate>1</tessellate>
				<coordinates>
					-149.991791,61.166206,0 -149.99205,61.166245,0 
				</coordinates>
			</LineString>
		</MultiGeometry>
	</Placemark>
	<Placemark>
		<name>P-30</name>
		<visibility>0</visibility>
		<description><![CDATA[<div><div><span><b>Altitude:</b></span> <span>0 ft</span></div>
<div><span><b>Speed:</b></span> <span>9 kt - 8 kt</span></div>
<div><span><b>Timestamp:</b></span><br/><span>2024-07-09 02:17:04 UTC<br/>2024-07-09 02:17:08 UTC</span></div>
</div>]]></description>
		<Style>
			<LineStyle>
				<color>ffffffff</color>
				<width>2</width>
			</LineStyle>
		</Style>
		<MultiGeometry>
			<LineString>
				<tessellate>1</tessellate>
				<coordinates>
					-149.99205,61.166245,0 -149.992294,61.166325,0 
				</coordinates>
			</LineString>
		</MultiGeometry>
	</Placemark>
	<Placemark>
		<name>P-31</name>
		<visibility>0</visibility>
		<description><![CDATA[<div><div><span><b>Altitude:</b></span> <span>0 ft</span></div>
<div><span><b>Speed:</b></span> <span>8 kt - 7 kt</span></div>
<div><span><b>Timestamp:</b></span><br/><span>2024-07-09 02:17:08 UTC<br/>2024-07-09 02:17:16 UTC</span></div>
</div>]]></description>
		<Style>
			<LineStyle>
				<color>ffffffff</color>
				<width>2</width>
			</LineStyle>
		</Style>
		<MultiGeometry>
			<LineString>
				<tessellate>1</tessellate>
				<coordinates>
					-149.992294,61.166325,0 -149.992508,61.166542,0 
				</coordinates>
			</LineString>
		</MultiGeometry>
	</Placemark>
	<Placemark>
		<name>P-32</name>
		<visibility>0</visibility>
		<description><![CDATA[<div><div><span><b>Altitude:</b></span> <span>0 ft</span></div>
<div><span><b>Speed:</b></span> <span>7 kt - 4 kt</span></div>
<div><span><b>Timestamp:</b></span><br/><span>2024-07-09 02:17:16 UTC<br/>2024-07-09 02:17:25 UTC</span></div>
</div>]]></description>
		<Style>
			<LineStyle>
				<color>ffffffff</color>
				<width>2</width>
			</LineStyle>
		</Style>
		<MultiGeometry>
			<LineString>
				<tessellate>1</tessellate>
				<coordinates>
					-149.992508,61.166542,0 -149.992599,61.166744,0 
				</coordinates>
			</LineString>
		</MultiGeometry>
	</Placemark>
	<Placemark>
		<name>P-33</name>
		<visibility>0</visibility>
		<description><![CDATA[<div><div><span><b>Altitude:</b></span> <span>0 ft</span></div>
<div><span><b>Speed:</b></span> <span>4 kt - 9 kt</span></div>
<div><span><b>Timestamp:</b></span><br/><span>2024-07-09 02:17:25 UTC<br/>2024-07-09 02:18:53 UTC</span></div>
</div>]]></description>
		<Style>
			<LineStyle>
				<color>ffffffff</color>
				<width>2</width>
			</LineStyle>
		</Style>
		<MultiGeometry>
			<LineString>
				<tessellate>1</tessellate>
				<coordinates>
					-149.992599,61.166744,0 -149.992783,61.167057,0 
				</coordinates>
			</LineString>
		</MultiGeometry>
	</Placemark>
	<Placemark>
		<name>P-34</name>
		<visibility>0</visibility>
		<description><![CDATA[<div><div><span><b>Altitude:</b></span> <span>0 ft</span></div>
<div><span><b>Speed:</b></span> <span>9 kt - 15 kt</span></div>
<div><span><b>Timestamp:</b></span><br/><span>2024-07-09 02:18:53 UTC<br/>2024-07-09 02:19:00 UTC</span></div>
</div>]]></description>
		<Style>
			<LineStyle>
				<color>ffffffff</color>
				<width>2</width>
			</LineStyle>
		</Style>
		<MultiGeometry>
			<LineString>
				<tessellate>1</tessellate>
				<coordinates>
					-149.992783,61.167057,0 -149.993027,61.167488,0 
				</coordinates>
			</LineString>
		</MultiGeometry>
	</Placemark>
	<Placemark>
		<name>P-35</name>
		<visibility>0</visibility>
		<description><![CDATA[<div><div><span><b>Altitude:</b></span> <span>0 ft</span></div>
<div><span><b>Speed:</b></span> <span>15 kt</span></div>
<div><span><b>Timestamp:</b></span><br/><span>2024-07-09 02:19:00 UTC<br/>2024-07-09 02:19:09 UTC</span></div>
</div>]]></description>
		<Style>
			<LineStyle>
				<color>ffffffff</color>
				<width>2</width>
			</LineStyle>
		</Style>
		<MultiGeometry>
			<LineString>
				<tessellate>1</tessellate>
				<coordinates>
					-149.993027,61.167488,0 -149.993378,61.16811000000001,0 
				</coordinates>
			</LineString>
		</MultiGeometry>
	</Placemark>
	<Placemark>
		<name>P-36</name>
		<visibility>0</visibility>
		<description><![CDATA[<div><div><span><b>Altitude:</b></span> <span>0 ft</span></div>
<div><span><b>Speed:</b></span> <span>15 kt - 16 kt</span></div>
<div><span><b>Timestamp:</b></span><br/><span>2024-07-09 02:19:09 UTC<br/>2024-07-09 02:19:16 UTC</span></div>
</div>]]></description>
		<Style>
			<LineStyle>
				<color>ffffffff</color>
				<width>2</width>
			</LineStyle>
		</Style>
		<MultiGeometry>
			<LineString>
				<tessellate>1</tessellate>
				<coordinates>
					-149.993378,61.16811000000001,0 -149.993668,61.168629,0 
				</coordinates>
			</LineString>
		</MultiGeometry>
	</Placemark>
	<Placemark>
		<name>P-37</name>
		<visibility>0</visibility>
		<description><![CDATA[<div><div><span><b>Altitude:</b></span> <span>0 ft</span></div>
<div><span><b>Speed:</b></span> <span>16 kt - 15 kt</span></div>
<div><span><b>Timestamp:</b></span><br/><span>2024-07-09 02:19:16 UTC<br/>2024-07-09 02:19:23 UTC</span></div>
</div>]]></description>
		<Style>
			<LineStyle>
				<color>ffffffff</color>
				<width>2</width>
			</LineStyle>
		</Style>
		<MultiGeometry>
			<LineString>
				<tessellate>1</tessellate>
				<coordinates>
					-149.993668,61.168629,0 -149.993927,61.169117,0 
				</coordinates>
			</LineString>
		</MultiGeometry>
	</Placemark>
	<Placemark>
		<name>P-38</name>
		<visibility>0</visibility>
		<description><![CDATA[<div><div><span><b>Altitude:</b></span> <span>0 ft</span></div>
<div><span><b>Speed:</b></span> <span>15 kt - 14 kt</span></div>
<div><span><b>Timestamp:</b></span><br/><span>2024-07-09 02:19:23 UTC<br/>2024-07-09 02:19:32 UTC</span></div>
</div>]]></description>
		<Style>
			<LineStyle>
				<color>ffffffff</color>
				<width>2</width>
			</LineStyle>
		</Style>
		<MultiGeometry>
			<LineString>
				<tessellate>1</tessellate>
				<coordinates>
					-149.993927,61.169117,0 -149.994232,61.169651,0 
				</coordinates>
			</LineString>
		</MultiGeometry>
	</Placemark>
	<Placemark>
		<name>P-39</name>
		<visibility>0</visibility>
		<description><![CDATA[<div><div><span><b>Altitude:</b></span> <span>0 ft</span></div>
<div><span><b>Speed:</b></span> <span>14 kt - 13 kt</span></div>
<div><span><b>Timestamp:</b></span><br/><span>2024-07-09 02:19:32 UTC<br/>2024-07-09 02:19:38 UTC</span></div>
</div>]]></description>
		<Style>
			<LineStyle>
				<color>ffffffff</color>
				<width>2</width>
			</LineStyle>
		</Style>
		<MultiGeometry>
			<LineString>
				<tessellate>1</tessellate>
				<coordinates>
					-149.994232,61.169651,0 -149.994446,61.170021,0 
				</coordinates>
			</LineString>
		</MultiGeometry>
	</Placemark>
	<Placemark>
		<name>P-40</name>
		<visibility>0</visibility>
		<description><![CDATA[<div><div><span><b>Altitude:</b></span> <span>0 ft</span></div>
<div><span><b>Speed:</b></span> <span>13 kt - 15 kt</span></div>
<div><span><b>Timestamp:</b></span><br/><span>2024-07-09 02:19:38 UTC<br/>2024-07-09 02:19:47 UTC</span></div>
</div>]]></description>
		<Style>
			<LineStyle>
				<color>ffffffff</color>
				<width>2</width>
			</LineStyle>
		</Style>
		<MultiGeometry>
			<LineString>
				<tessellate>1</tessellate>
				<coordinates>
					-149.994446,61.170021,0 -149.994751,61.17057,0 
				</coordinates>
			</LineString>
		</MultiGeometry>
	</Placemark>
	<Placemark>
		<name>P-41</name>
		<visibility>0</visibility>
		<description><![CDATA[<div><div><span><b>Altitude:</b></span> <span>0 ft</span></div>
<div><span><b>Speed:</b></span> <span>15 kt - 12 kt</span></div>
<div><span><b>Timestamp:</b></span><br/><span>2024-07-09 02:19:47 UTC<br/>2024-07-09 02:19:54 UTC</span></div>
</div>]]></description>
		<Style>
			<LineStyle>
				<color>ffffffff</color>
				<width>2</width>
			</LineStyle>
		</Style>
		<MultiGeometry>
			<LineString>
				<tessellate>1</tessellate>
				<coordinates>
					-149.994751,61.17057,0 -149.994965,61.170971,0 
				</coordinates>
			</LineString>
		</MultiGeometry>
	</Placemark>
	<Placemark>
		<name>P-42</name>
		<visibility>0</visibility>
		<description><![CDATA[<div><div><span><b>Altitude:</b></span> <span>0 ft</span></div>
<div><span><b>Speed:</b></span> <span>12 kt - 8 kt</span></div>
<div><span><b>Timestamp:</b></span><br/><span>2024-07-09 02:19:54 UTC<br/>2024-07-09 02:20:01 UTC</span></div>
</div>]]></description>
		<Style>
			<LineStyle>
				<color>ffffffff</color>
				<width>2</width>
			</LineStyle>
		</Style>
		<MultiGeometry>
			<LineString>
				<tessellate>1</tessellate>
				<coordinates>
					-149.994965,61.170971,0 -149.9953,61.1712,0 
				</coordinates>
			</LineString>
		</MultiGeometry>
	</Placemark>
	<Placemark>
		<name>P-43</name>
		<visibility>0</visibility>
		<description><![CDATA[<div><div><span><b>Altitude:</b></span> <span>0 ft</span></div>
<div><span><b>Speed:</b></span> <span>8 kt - 7 kt</span></div>
<div><span><b>Timestamp:</b></span><br/><span>2024-07-09 02:20:01 UTC<br/>2024-07-09 02:20:05 UTC</span></div>
</div>]]></description>
		<Style>
			<LineStyle>
				<color>ffffffff</color>
				<width>2</width>
			</LineStyle>
		</Style>
		<MultiGeometry>
			<LineString>
				<tessellate>1</tessellate>
				<coordinates>
					-149.9953,61.1712,0 -149.995529,61.171234,0 
				</coordinates>
			</LineString>
		</MultiGeometry>
	</Placemark>
	<Placemark>
		<name>P-44</name>
		<visibility>0</visibility>
		<description><![CDATA[<div><div><span><b>Altitude:</b></span> <span>0 ft</span></div>
<div><span><b>Speed:</b></span> <span>7 kt - 5 kt</span></div>
<div><span><b>Timestamp:</b></span><br/><span>2024-07-09 02:20:05 UTC<br/>2024-07-09 02:20:10 UTC</span></div>
</div>]]></description>
		<Style>
			<LineStyle>
				<color>ffffffff</color>
				<width>2</width>
			</LineStyle>
		</Style>
		<MultiGeometry>
			<LineString>
				<tessellate>1</tessellate>
				<coordinates>
					-149.995529,61.171234,0 -149.995773,61.171234,0 
				</coordinates>
			</LineString>
		</MultiGeometry>
	</Placemark>
	<Placemark>
		<name>P-45</name>
		<visibility>0</visibility>
		<description><![CDATA[<div><div><span><b>Altitude:</b></span> <span>0 ft</span></div>
<div><span><b>Speed:</b></span> <span>5 kt - 3 kt</span></div>
<div><span><b>Timestamp:</b></span><br/><span>2024-07-09 02:20:10 UTC<br/>2024-07-09 02:20:16 UTC</span></div>
</div>]]></description>
		<Style>
			<LineStyle>
				<color>ffffffff</color>
				<width>2</width>
			</LineStyle>
		</Style>
		<MultiGeometry>
			<LineString>
				<tessellate>1</tessellate>
				<coordinates>
					-149.995773,61.171234,0 -149.995987,61.171234,0 
				</coordinates>
			</LineString>
		</MultiGeometry>
	</Placemark>
	<Placemark>
		<name>P-46</name>
		<visibility>0</visibility>
		<description><![CDATA[<div><div><span><b>Altitude:</b></span> <span>0 ft</span></div>
<div><span><b>Speed:</b></span> <span>3 kt</span></div>
<div><span><b>Timestamp:</b></span><br/><span>2024-07-09 02:20:16 UTC<br/>2024-07-09 02:26:37 UTC</span></div>
</div>]]></description>
		<Style>
			<LineStyle>
				<color>ffffffff</color>
				<width>2</width>
			</LineStyle>
		</Style>
		<MultiGeometry>
			<LineString>
				<tessellate>1</tessellate>
				<coordinates>
					-149.995987,61.171234,0 -149.996231,61.171223,0 
				</coordinates>
			</LineString>
		</MultiGeometry>
	</Placemark>
	<Placemark>
		<name>P-47</name>
		<visibility>0</visibility>
		<description><![CDATA[<div><div><span><b>Altitude:</b></span> <span>0 ft</span></div>
<div><span><b>Speed:</b></span> <span>3 kt - 6 kt</span></div>
<div><span><b>Timestamp:</b></span><br/><span>2024-07-09 02:26:37 UTC<br/>2024-07-09 02:26:44 UTC</span></div>
</div>]]></description>
		<Style>
			<LineStyle>
				<color>ffffffff</color>
				<width>2</width>
			</LineStyle>
		</Style>
		<MultiGeometry>
			<LineString>
				<tessellate>1</tessellate>
				<coordinates>
					-149.996231,61.171223,0 -149.996613,61.171223,0 
				</coordinates>
			</LineString>
		</MultiGeometry>
	</Placemark>
	<Placemark>
		<name>P-48</name>
		<visibility>0</visibility>
		<description><![CDATA[<div><div><span><b>Altitude:</b></span> <span>0 ft</span></div>
<div><span><b>Speed:</b></span> <span>6 kt - 9 kt</span></div>
<div><span><b>Timestamp:</b></span><br/><span>2024-07-09 02:26:44 UTC<br/>2024-07-09 02:26:51 UTC</span></div>
</div>]]></description>
		<Style>
			<LineStyle>
				<color>ffffffff</color>
				<width>2</width>
			</LineStyle>
		</Style>
		<MultiGeometry>
			<LineString>
				<tessellate>1</tessellate>
				<coordinates>
					-149.996613,61.171223,0 -149.997177,61.171234,0 
				</coordinates>
			</LineString>
		</MultiGeometry>
	</Placemark>
	<Placemark>
		<name>P-49</name>
		<visibility>0</visibility>
		<description><![CDATA[<div><div><span><b>Altitude:</b></span> <span>0 ft</span></div>
<div><span><b>Speed:</b></span> <span>9 kt - 12 kt</span></div>
<div><span><b>Timestamp:</b></span><br/><span>2024-07-09 02:26:51 UTC<br/>2024-07-09 02:26:58 UTC</span></div>
</div>]]></description>
		<Style>
			<LineStyle>
				<color>ffffffff</color>
				<width>2</width>
			</LineStyle>
		</Style>
		<MultiGeometry>
			<LineString>
				<tessellate>1</tessellate>
				<coordinates>
					-149.997177,61.171234,0 -149.99791,61.171223,0 
				</coordinates>
			</LineString>
		</MultiGeometry>
	</Placemark>
	<Placemark>
		<name>P-50</name>
		<visibility>0</visibility>
		<description><![CDATA[<div><div><span><b>Altitude:</b></span> <span>0 ft</span></div>
<div><span><b>Speed:</b></span> <span>12 kt - 11 kt</span></div>
<div><span><b>Timestamp:</b></span><br/><span>2024-07-09 02:26:58 UTC<br/>2024-07-09 02:27:01 UTC</span></div>
</div>]]></description>
		<Style>
			<LineStyle>
				<color>ffffffff</color>
				<width>2</width>
			</LineStyle>
		</Style>
		<MultiGeometry>
			<LineString>
				<tessellate>1</tessellate>
				<coordinates>
					-149.99791,61.171223,0 -149.998291,61.171246,0 
				</coordinates>
			</LineString>
		</MultiGeometry>
	</Placemark>
	<Placemark>
		<name>P-51</name>
		<visibility>0</visibility>
		<description><![CDATA[<div><div><span><b>Altitude:</b></span> <span>0 ft</span></div>
<div><span><b>Speed:</b></span> <span>11 kt</span></div>
<div><span><b>Timestamp:</b></span><br/><span>2024-07-09 02:27:01 UTC<br/>2024-07-09 02:27:04 UTC</span></div>
</div>]]></description>
		<Style>
			<LineStyle>
				<color>ffffffff</color>
				<width>2</width>
			</LineStyle>
		</Style>
		<MultiGeometry>
			<LineString>
				<tessellate>1</tessellate>
				<coordinates>
					-149.998291,61.171246,0 -149.998566,61.171326,0 
				</coordinates>
			</LineString>
		</MultiGeometry>
	</Placemark>
	<Placemark>
		<name>P-52</name>
		<visibility>0</visibility>
		<description><![CDATA[<div><div><span><b>Altitude:</b></span> <span>0 ft</span></div>
<div><span><b>Speed:</b></span> <span>11 kt</span></div>
<div><span><b>Timestamp:</b></span><br/><span>2024-07-09 02:27:04 UTC<br/>2024-07-09 02:27:08 UTC</span></div>
</div>]]></description>
		<Style>
			<LineStyle>
				<color>ffffffff</color>
				<width>2</width>
			</LineStyle>
		</Style>
		<MultiGeometry>
			<LineString>
				<tessellate>1</tessellate>
				<coordinates>
					-149.998566,61.171326,0 -149.998779,61.17147799999999,0 
				</coordinates>
			</LineString>
		</MultiGeometry>
	</Placemark>
	<Placemark>
		<name>P-53</name>
		<visibility>0</visibility>
		<description><![CDATA[<div><div><span><b>Altitude:</b></span> <span>0 ft</span></div>
<div><span><b>Speed:</b></span> <span>11 kt</span></div>
<div><span><b>Timestamp:</b></span><br/><span>2024-07-09 02:27:08 UTC<br/>2024-07-09 02:27:12 UTC</span></div>
</div>]]></description>
		<Style>
			<LineStyle>
				<color>ffffffff</color>
				<width>2</width>
			</LineStyle>
		</Style>
		<MultiGeometry>
			<LineString>
				<tessellate>1</tessellate>
				<coordinates>
					-149.998779,61.17147799999999,0 -149.998886,61.17168,0 
				</coordinates>
			</LineString>
		</MultiGeometry>
	</Placemark>
	<Placemark>
		<name>P-54</name>
		<visibility>0</visibility>
		<description><![CDATA[<div><div><span><b>Altitude:</b></span> <span>0 ft</span></div>
<div><span><b>Speed:</b></span> <span>11 kt</span></div>
<div><span><b>Timestamp:</b></span><br/><span>2024-07-09 02:27:12 UTC<br/>2024-07-09 02:27:16 UTC</span></div>
</div>]]></description>
		<Style>
			<LineStyle>
				<color>ffffffff</color>
				<width>2</width>
			</LineStyle>
		</Style>
		<MultiGeometry>
			<LineString>
				<tessellate>1</tessellate>
				<coordinates>
					-149.998886,61.17168,0 -149.999008,61.171886,0 
				</coordinates>
			</LineString>
		</MultiGeometry>
	</Placemark>
	<Placemark>
		<name>P-55</name>
		<visibility>0</visibility>
		<description><![CDATA[<div><div><span><b>Altitude:</b></span> <span>0 ft</span></div>
<div><span><b>Speed:</b></span> <span>11 kt - 13 kt</span></div>
<div><span><b>Timestamp:</b></span><br/><span>2024-07-09 02:27:16 UTC<br/>2024-07-09 02:27:20 UTC</span></div>
</div>]]></description>
		<Style>
			<LineStyle>
				<color>ffffffff</color>
				<width>2</width>
			</LineStyle>
		</Style>
		<MultiGeometry>
			<LineString>
				<tessellate>1</tessellate>
				<coordinates>
					-149.999008,61.171886,0 -149.99913,61.17212700000001,0 
				</coordinates>
			</LineString>
		</MultiGeometry>
	</Placemark>
	<Placemark>
		<name>P-56</name>
		<visibility>0</visibility>
		<description><![CDATA[<div><div><span><b>Altitude:</b></span> <span>0 ft</span></div>
<div><span><b>Speed:</b></span> <span>13 kt - 18 kt</span></div>
<div><span><b>Timestamp:</b></span><br/><span>2024-07-09 02:27:20 UTC<br/>2024-07-09 02:27:22 UTC</span></div>
</div>]]></description>
		<Style>
			<LineStyle>
				<color>ffffffff</color>
				<width>2</width>
			</LineStyle>
		</Style>
		<MultiGeometry>
			<LineString>
				<tessellate>1</tessellate>
				<coordinates>
					-149.99913,61.17212700000001,0 -149.999252,61.172356,0 
				</coordinates>
			</LineString>
		</MultiGeometry>
	</Placemark>
	<Placemark>
		<name>P-57</name>
		<visibility>0</visibility>
		<description><![CDATA[<div><div><span><b>Altitude:</b></span> <span>0 ft</span></div>
<div><span><b>Speed:</b></span> <span>18 kt - 53 kt</span></div>
<div><span><b>Timestamp:</b></span><br/><span>2024-07-09 02:27:22 UTC<br/>2024-07-09 02:27:29 UTC</span></div>
</div>]]></description>
		<Style>
			<LineStyle>
				<color>ffffffff</color>
				<width>2</width>
			</LineStyle>
		</Style>
		<MultiGeometry>
			<LineString>
				<tessellate>1</tessellate>
				<coordinates>
					-149.999252,61.172356,0 -150.000046,61.17374,0 
				</coordinates>
			</LineString>
		</MultiGeometry>
	</Placemark>
	<Placemark>
		<name>P-58</name>
		<visibility>0</visibility>
		<description><![CDATA[<div><div><span><b>Altitude:</b></span> <span>0 ft</span></div>
<div><span><b>Speed:</b></span> <span>53 kt - 82 kt</span></div>
<div><span><b>Timestamp:</b></span><br/><span>2024-07-09 02:27:29 UTC<br/>2024-07-09 02:27:36 UTC</span></div>
</div>]]></description>
		<Style>
			<LineStyle>
				<color>ffffffff</color>
				<width>2</width>
			</LineStyle>
		</Style>
		<MultiGeometry>
			<LineString>
				<tessellate>1</tessellate>
				<coordinates>
					-150.000046,61.17374,0 -150.001312,61.17605200000001,0 
				</coordinates>
			</LineString>
		</MultiGeometry>
	</Placemark>
	<Placemark>
		<name>P-59</name>
		<visibility>0</visibility>
		<description><![CDATA[<div><div><span><b>Altitude:</b></span> <span>0 ft - 150 ft</span></div>
<div><span><b>Speed:</b></span> <span>82 kt - 114 kt</span></div>
<div><span><b>Timestamp:</b></span><br/><span>2024-07-09 02:27:36 UTC<br/>2024-07-09 02:27:42 UTC</span></div>
</div>]]></description>
		<Style>
			<LineStyle>
				<color>ffffffff</color>
				<width>2</width>
			</LineStyle>
		</Style>
		<MultiGeometry>
			<LineString>
				<tessellate>1</tessellate>
				<coordinates>
					-150.001312,61.17605200000001,0 -150.003113,61.179245,45.72 
				</coordinates>
			</LineString>
		</MultiGeometry>
	</Placemark>
	<Placemark>
		<name>P-60</name>
		<visibility>0</visibility>
		<description><![CDATA[<div><div><span><b>Altitude:</b></span> <span>150 ft - 100 ft</span></div>
<div><span><b>Speed:</b></span> <span>114 kt - 145 kt</span></div>
<div><span><b>Timestamp:</b></span><br/><span>2024-07-09 02:27:42 UTC<br/>2024-07-09 02:27:51 UTC</span></div>
</div>]]></description>
		<Style>
			<LineStyle>
				<color>ffffffff</color>
				<width>2</width>
			</LineStyle>
		</Style>
		<MultiGeometry>
			<LineString>
				<tessellate>1</tessellate>
				<altitudeMode>absolute</altitudeMode>
				<coordinates>
					-150.003113,61.179245,45.72 -150.00621,61.18476900000001,30.48 
				</coordinates>
			</LineString>
		</MultiGeometry>
	</Placemark>
	<Placemark>
		<name>P-61</name>
		<visibility>0</visibility>
		<description><![CDATA[<div><div><span><b>Altitude:</b></span> <span>100 ft - 300 ft</span></div>
<div><span><b>Speed:</b></span> <span>145 kt - 165 kt</span></div>
<div><span><b>Timestamp:</b></span><br/><span>2024-07-09 02:27:51 UTC<br/>2024-07-09 02:28:00 UTC</span></div>
</div>]]></description>
		<Style>
			<LineStyle>
				<color>ffffffff</color>
				<width>2</width>
			</LineStyle>
		</Style>
		<MultiGeometry>
			<LineString>
				<tessellate>1</tessellate>
				<altitudeMode>absolute</altitudeMode>
				<coordinates>
					-150.00621,61.18476900000001,30.48 -150.009354,61.19091400000001,91.44 
				</coordinates>
			</LineString>
		</MultiGeometry>
	</Placemark>
	<Placemark>
		<name>P-62</name>
		<visibility>0</visibility>
		<description><![CDATA[<div><div><span><b>Altitude:</b></span> <span>300 ft - 600 ft</span></div>
<div><span><b>Speed:</b></span> <span>165 kt - 168 kt</span></div>
<div><span><b>Timestamp:</b></span><br/><span>2024-07-09 02:28:00 UTC<br/>2024-07-09 02:28:09 UTC</span></div>
</div>]]></description>
		<Style>
			<LineStyle>
				<color>ffffffff</color>
				<width>2</width>
			</LineStyle>
		</Style>
		<MultiGeometry>
			<LineString>
				<tessellate>1</tessellate>
				<altitudeMode>absolute</altitudeMode>
				<coordinates>
					-150.009354,61.19091400000001,91.44 -150.012314,61.19706,182.88 
				</coordinates>
			</LineString>
		</MultiGeometry>
	</Placemark>
	<Placemark>
		<name>P-63</name>
		<visibility>0</visibility>
		<description><![CDATA[<div><div><span><b>Altitude:</b></span> <span>600 ft - 850 ft</span></div>
<div><span><b>Speed:</b></span> <span>168 kt</span></div>
<div><span><b>Timestamp:</b></span><br/><span>2024-07-09 02:28:09 UTC<br/>2024-07-09 02:28:15 UTC</span></div>
</div>]]></description>
		<Style>
			<LineStyle>
				<color>ffffe062</color>
				<width>2</width>
			</LineStyle>
		</Style>
		<MultiGeometry>
			<LineString>
				<tessellate>1</tessellate>
				<altitudeMode>absolute</altitudeMode>
				<coordinates>
					-150.012314,61.19706,182.88 -150.014648,61.20190000000001,259.08 
				</coordinates>
			</LineString>
		</MultiGeometry>
	</Placemark>
	<Placemark>
		<name>P-64</name>
		<visibility>0</visibility>
		<description><![CDATA[<div><div><span><b>Altitude:</b></span> <span>850 ft - 1,100 ft</span></div>
<div><span><b>Speed:</b></span> <span>168 kt</span></div>
<div><span><b>Timestamp:</b></span><br/><span>2024-07-09 02:28:15 UTC<br/>2024-07-09 02:28:21 UTC</span></div>
</div>]]></description>
		<Style>
			<LineStyle>
				<color>ffffea00</color>
				<width>2</width>
			</LineStyle>
		</Style>
		<MultiGeometry>
			<LineString>
				<tessellate>1</tessellate>
				<altitudeMode>absolute</altitudeMode>
				<coordinates>
					-150.014648,61.20190000000001,259.08 -150.017899,61.206276,335.2799999999999 
				</coordinates>
			</LineString>
		</MultiGeometry>
	</Placemark>
	<Placemark>
		<name>P-65</name>
		<visibility>0</visibility>
		<description><![CDATA[<div><div><span><b>Altitude:</b></span> <span>1,100 ft - 1,250 ft</span></div>
<div><span><b>Speed:</b></span> <span>168 kt</span></div>
<div><span><b>Timestamp:</b></span><br/><span>2024-07-09 02:28:21 UTC<br/>2024-07-09 02:28:24 UTC</span></div>
</div>]]></description>
		<Style>
			<LineStyle>
				<color>fff0ff00</color>
				<width>2</width>
			</LineStyle>
		</Style>
		<MultiGeometry>
			<LineString>
				<tessellate>1</tessellate>
				<altitudeMode>absolute</altitudeMode>
				<coordinates>
					-150.017899,61.206276,335.2799999999999 -150.020447,61.208511,380.9999999999999 
				</coordinates>
			</LineString>
		</MultiGeometry>
	</Placemark>
	<Placemark>
		<name>P-66</name>
		<visibility>0</visibility>
		<description><![CDATA[<div><div><span><b>Altitude:</b></span> <span>1,250 ft - 1,350 ft</span></div>
<div><span><b>Speed:</b></span> <span>168 kt - 169 kt</span></div>
<div><span><b>Timestamp:</b></span><br/><span>2024-07-09 02:28:24 UTC<br/>2024-07-09 02:28:27 UTC</span></div>
</div>]]></description>
		<Style>
			<LineStyle>
				<color>fff0ff00</color>
				<width>2</width>
			</LineStyle>
		</Style>
		<MultiGeometry>
			<LineString>
				<tessellate>1</tessellate>
				<altitudeMode>absolute</altitudeMode>
				<coordinates>
					-150.020447,61.208511,380.9999999999999 -150.023193,61.21041900000001,411.48 
				</coordinates>
			</LineString>
		</MultiGeometry>
	</Placemark>
	<Placemark>
		<name>P-67</name>
		<visibility>0</visibility>
		<description><![CDATA[<div><div><span><b>Altitude:</b></span> <span>1,350 ft - 1,475 ft</span></div>
<div><span><b>Speed:</b></span> <span>169 kt</span></div>
<div><span><b>Timestamp:</b></span><br/><span>2024-07-09 02:28:27 UTC<br/>2024-07-09 02:28:31 UTC</span></div>
</div>]]></description>
		<Style>
			<LineStyle>
				<color>ffccff00</color>
				<width>2</width>
			</LineStyle>
		</Style>
		<MultiGeometry>
			<LineString>
				<tessellate>1</tessellate>
				<altitudeMode>absolute</altitudeMode>
				<coordinates>
					-150.023193,61.21041900000001,411.48 -150.026352,61.212467,449.58 
				</coordinates>
			</LineString>
		</MultiGeometry>
	</Placemark>
	<Placemark>
		<name>P-68</name>
		<visibility>0</visibility>
		<description><![CDATA[<div><div><span><b>Altitude:</b></span> <span>1,475 ft - 1,575 ft</span></div>
<div><span><b>Speed:</b></span> <span>169 kt - 170 kt</span></div>
<div><span><b>Timestamp:</b></span><br/><span>2024-07-09 02:28:31 UTC<br/>2024-07-09 02:28:33 UTC</span></div>
</div>]]></description>
		<Style>
			<LineStyle>
				<color>ffccff00</color>
				<width>2</width>
			</LineStyle>
		</Style>
		<MultiGeometry>
			<LineString>
				<tessellate>1</tessellate>
				<altitudeMode>absolute</altitudeMode>
				<coordinates>
					-150.026352,61.212467,449.58 -150.029099,61.214096,480.06 
				</coordinates>
			</LineString>
		</MultiGeometry>
	</Placemark>
	<Placemark>
		<name>P-69</name>
		<visibility>0</visibility>
		<description><![CDATA[<div><div><span><b>Altitude:</b></span> <span>1,575 ft - 1,700 ft</span></div>
<div><span><b>Speed:</b></span> <span>170 kt - 171 kt</span></div>
<div><span><b>Timestamp:</b></span><br/><span>2024-07-09 02:28:33 UTC<br/>2024-07-09 02:28:37 UTC</span></div>
</div>]]></description>
		<Style>
			<LineStyle>
				<color>ffccff00</color>
				<width>2</width>
			</LineStyle>
		</Style>
		<MultiGeometry>
			<LineString>
				<tessellate>1</tessellate>
				<altitudeMode>absolute</altitudeMode>
				<coordinates>
					-150.029099,61.214096,480.06 -150.032532,61.21614100000001,518.16 
				</coordinates>
			</LineString>
		</MultiGeometry>
	</Placemark>
	<Placemark>
		<name>P-70</name>
		<visibility>0</visibility>
		<description><![CDATA[<div><div><span><b>Altitude:</b></span> <span>1,700 ft - 1,825 ft</span></div>
<div><span><b>Speed:</b></span> <span>171 kt</span></div>
<div><span><b>Timestamp:</b></span><br/><span>2024-07-09 02:28:37 UTC<br/>2024-07-09 02:28:40 UTC</span></div>
</div>]]></description>
		<Style>
			<LineStyle>
				<color>ffccff00</color>
				<width>2</width>
			</LineStyle>
		</Style>
		<MultiGeometry>
			<LineString>
				<tessellate>1</tessellate>
				<altitudeMode>absolute</altitudeMode>
				<coordinates>
					-150.032532,61.21614100000001,518.16 -150.035965,61.218063,556.26 
				</coordinates>
			</LineString>
		</MultiGeometry>
	</Placemark>
	<Placemark>
		<name>P-71</name>
		<visibility>0</visibility>
		<description><![CDATA[<div><div><span><b>Altitude:</b></span> <span>1,825 ft - 1,950 ft</span></div>
<div><span><b>Speed:</b></span> <span>171 kt</span></div>
<div><span><b>Timestamp:</b></span><br/><span>2024-07-09 02:28:40 UTC<br/>2024-07-09 02:28:43 UTC</span></div>
</div>]]></description>
		<Style>
			<LineStyle>
				<color>ffccff00</color>
				<width>2</width>
			</LineStyle>
		</Style>
		<MultiGeometry>
			<LineString>
				<tessellate>1</tessellate>
				<altitudeMode>absolute</altitudeMode>
				<coordinates>
					-150.035965,61.218063,556.26 -150.039001,61.219849,594.3599999999999 
				</coordinates>
			</LineString>
		</MultiGeometry>
	</Placemark>
	<Placemark>
		<name>P-72</name>
		<visibility>0</visibility>
		<description><![CDATA[<div><div><span><b>Altitude:</b></span> <span>1,950 ft - 2,025 ft</span></div>
<div><span><b>Speed:</b></span> <span>171 kt</span></div>
<div><span><b>Timestamp:</b></span><br/><span>2024-07-09 02:28:43 UTC<br/>2024-07-09 02:28:46 UTC</span></div>
</div>]]></description>
		<Style>
			<LineStyle>
				<color>ffccff00</color>
				<width>2</width>
			</LineStyle>
		</Style>
		<MultiGeometry>
			<LineString>
				<tessellate>1</tessellate>
				<altitudeMode>absolute</altitudeMode>
				<coordinates>
					-150.039001,61.219849,594.3599999999999 -150.041946,61.22154200000001,617.2199999999999 
				</coordinates>
			</LineString>
		</MultiGeometry>
	</Placemark>
	<Placemark>
		<name>P-73</name>
		<visibility>0</visibility>
		<description><![CDATA[<div><div><span><b>Altitude:</b></span> <span>2,025 ft - 2,100 ft</span></div>
<div><span><b>Speed:</b></span> <span>171 kt</span></div>
<div><span><b>Timestamp:</b></span><br/><span>2024-07-09 02:28:46 UTC<br/>2024-07-09 02:28:49 UTC</span></div>
</div>]]></description>
		<Style>
			<LineStyle>
				<color>ff42ff00</color>
				<width>2</width>
			</LineStyle>
		</Style>
		<MultiGeometry>
			<LineString>
				<tessellate>1</tessellate>
				<altitudeMode>absolute</altitudeMode>
				<coordinates>
					-150.041946,61.22154200000001,617.2199999999999 -150.045273,61.22350299999999,640.08 
				</coordinates>
			</LineString>
		</MultiGeometry>
	</Placemark>
	<Placemark>
		<name>P-74</name>
		<visibility>0</visibility>
		<description><![CDATA[<div><div><span><b>Altitude:</b></span> <span>2,100 ft - 2,150 ft</span></div>
<div><span><b>Speed:</b></span> <span>171 kt - 173 kt</span></div>
<div><span><b>Timestamp:</b></span><br/><span>2024-07-09 02:28:49 UTC<br/>2024-07-09 02:28:52 UTC</span></div>
</div>]]></description>
		<Style>
			<LineStyle>
				<color>ff42ff00</color>
				<width>2</width>
			</LineStyle>
		</Style>
		<MultiGeometry>
			<LineString>
				<tessellate>1</tessellate>
				<altitudeMode>absolute</altitudeMode>
				<coordinates>
					-150.045273,61.22350299999999,640.08 -150.049026,61.225597,655.3200000000001 
				</coordinates>
			</LineString>
		</MultiGeometry>
	</Placemark>
	<Placemark>
		<name>P-75</name>
		<visibility>0</visibility>
		<description><![CDATA[<div><div><span><b>Altitude:</b></span> <span>2,150 ft - 2,200 ft</span></div>
<div><span><b>Speed:</b></span> <span>173 kt - 176 kt</span></div>
<div><span><b>Timestamp:</b></span><br/><span>2024-07-09 02:28:52 UTC<br/>2024-07-09 02:28:55 UTC</span></div>
</div>]]></description>
		<Style>
			<LineStyle>
				<color>ff42ff00</color>
				<width>2</width>
			</LineStyle>
		</Style>
		<MultiGeometry>
			<LineString>
				<tessellate>1</tessellate>
				<altitudeMode>absolute</altitudeMode>
				<coordinates>
					-150.049026,61.225597,655.3200000000001 -150.051956,61.22726400000001,670.5599999999998 
				</coordinates>
			</LineString>
		</MultiGeometry>
	</Placemark>
	<Placemark>
		<name>P-76</name>
		<visibility>0</visibility>
		<description><![CDATA[<div><div><span><b>Altitude:</b></span> <span>2,200 ft - 2,275 ft</span></div>
<div><span><b>Speed:</b></span> <span>176 kt - 179 kt</span></div>
<div><span><b>Timestamp:</b></span><br/><span>2024-07-09 02:28:55 UTC<br/>2024-07-09 02:28:58 UTC</span></div>
</div>]]></description>
		<Style>
			<LineStyle>
				<color>ff42ff00</color>
				<width>2</width>
			</LineStyle>
		</Style>
		<MultiGeometry>
			<LineString>
				<tessellate>1</tessellate>
				<altitudeMode>absolute</altitudeMode>
				<coordinates>
					-150.051956,61.22726400000001,670.5599999999998 -150.055649,61.229366,693.4199999999998 
				</coordinates>
			</LineString>
		</MultiGeometry>
	</Placemark>
	<Placemark>
		<name>P-77</name>
		<visibility>0</visibility>
		<description><![CDATA[<div><div><span><b>Altitude:</b></span> <span>2,275 ft - 2,450 ft</span></div>
<div><span><b>Speed:</b></span> <span>179 kt - 180 kt</span></div>
<div><span><b>Timestamp:</b></span><br/><span>2024-07-09 02:28:58 UTC<br/>2024-07-09 02:29:04 UTC</span></div>
</div>]]></description>
		<Style>
			<LineStyle>
				<color>ff42ff00</color>
				<width>2</width>
			</LineStyle>
		</Style>
		<MultiGeometry>
			<LineString>
				<tessellate>1</tessellate>
				<altitudeMode>absolute</altitudeMode>
				<coordinates>
					-150.055649,61.229366,693.4199999999998 -150.062256,61.233124,746.7599999999999 
				</coordinates>
			</LineString>
		</MultiGeometry>
	</Placemark>
	<Placemark>
		<name>P-78</name>
		<visibility>0</visibility>
		<description><![CDATA[<div><div><span><b>Altitude:</b></span> <span>2,450 ft - 2,775 ft</span></div>
<div><span><b>Speed:</b></span> <span>180 kt - 178 kt</span></div>
<div><span><b>Timestamp:</b></span><br/><span>2024-07-09 02:29:04 UTC<br/>2024-07-09 02:29:13 UTC</span></div>
</div>]]></description>
		<Style>
			<LineStyle>
				<color>ff42ff00</color>
				<width>2</width>
			</LineStyle>
		</Style>
		<MultiGeometry>
			<LineString>
				<tessellate>1</tessellate>
				<altitudeMode>absolute</altitudeMode>
				<coordinates>
					-150.062256,61.233124,746.7599999999999 -150.072433,61.23895600000001,845.8199999999999 
				</coordinates>
			</LineString>
		</MultiGeometry>
	</Placemark>
	<Placemark>
		<name>P-79</name>
		<visibility>0</visibility>
		<description><![CDATA[<div><div><span><b>Altitude:</b></span> <span>2,775 ft - 3,050 ft</span></div>
<div><span><b>Speed:</b></span> <span>178 kt - 179 kt</span></div>
<div><span><b>Timestamp:</b></span><br/><span>2024-07-09 02:29:13 UTC<br/>2024-07-09 02:29:23 UTC</span></div>
</div>]]></description>
		<Style>
			<LineStyle>
				<color>ff1eff00</color>
				<width>2</width>
			</LineStyle>
		</Style>
		<MultiGeometry>
			<LineString>
				<tessellate>1</tessellate>
				<altitudeMode>absolute</altitudeMode>
				<coordinates>
					-150.072433,61.23895600000001,845.8199999999999 -150.082855,61.244888,929.64 
				</coordinates>
			</LineString>
		</MultiGeometry>
	</Placemark>
	<Placemark>
		<name>P-80</name>
		<visibility>0</visibility>
		<description><![CDATA[<div><div><span><b>Altitude:</b></span> <span>3,050 ft - 3,275 ft</span></div>
<div><span><b>Speed:</b></span> <span>179 kt - 181 kt</span></div>
<div><span><b>Timestamp:</b></span><br/><span>2024-07-09 02:29:23 UTC<br/>2024-07-09 02:29:32 UTC</span></div>
</div>]]></description>
		<Style>
			<LineStyle>
				<color>ff1eff00</color>
				<width>2</width>
			</LineStyle>
		</Style>
		<MultiGeometry>
			<LineString>
				<tessellate>1</tessellate>
				<altitudeMode>absolute</altitudeMode>
				<coordinates>
					-150.082855,61.244888,929.64 -150.092865,61.25061,998.2199999999998 
				</coordinates>
			</LineString>
		</MultiGeometry>
	</Placemark>
	<Placemark>
		<name>P-81</name>
		<visibility>0</visibility>
		<description><![CDATA[<div><div><span><b>Altitude:</b></span> <span>3,275 ft - 3,425 ft</span></div>
<div><span><b>Speed:</b></span> <span>181 kt - 189 kt</span></div>
<div><span><b>Timestamp:</b></span><br/><span>2024-07-09 02:29:32 UTC<br/>2024-07-09 02:29:41 UTC</span></div>
</div>]]></description>
		<Style>
			<LineStyle>
				<color>ff1eff00</color>
				<width>2</width>
			</LineStyle>
		</Style>
		<MultiGeometry>
			<LineString>
				<tessellate>1</tessellate>
				<altitudeMode>absolute</altitudeMode>
				<coordinates>
					-150.092865,61.25061,998.2199999999998 -150.103958,61.256786,1043.94 
				</coordinates>
			</LineString>
		</MultiGeometry>
	</Placemark>
	<Placemark>
		<name>P-82</name>
		<visibility>0</visibility>
		<description><![CDATA[<div><div><span><b>Altitude:</b></span> <span>3,425 ft - 3,525 ft</span></div>
<div><span><b>Speed:</b></span> <span>189 kt - 194 kt</span></div>
<div><span><b>Timestamp:</b></span><br/><span>2024-07-09 02:29:41 UTC<br/>2024-07-09 02:29:47 UTC</span></div>
</div>]]></description>
		<Style>
			<LineStyle>
				<color>ff00ff0c</color>
				<width>2</width>
			</LineStyle>
		</Style>
		<MultiGeometry>
			<LineString>
				<tessellate>1</tessellate>
				<altitudeMode>absolute</altitudeMode>
				<coordinates>
					-150.103958,61.256786,1043.94 -150.111298,61.26086400000001,1074.42 
				</coordinates>
			</LineString>
		</MultiGeometry>
	</Placemark>
	<Placemark>
		<name>P-83</name>
		<visibility>0</visibility>
		<description><![CDATA[<div><div><span><b>Altitude:</b></span> <span>3,525 ft - 3,675 ft</span></div>
<div><span><b>Speed:</b></span> <span>194 kt - 201 kt</span></div>
<div><span><b>Timestamp:</b></span><br/><span>2024-07-09 02:29:47 UTC<br/>2024-07-09 02:29:56 UTC</span></div>
</div>]]></description>
		<Style>
			<LineStyle>
				<color>ff00ff0c</color>
				<width>2</width>
			</LineStyle>
		</Style>
		<MultiGeometry>
			<LineString>
				<tessellate>1</tessellate>
				<altitudeMode>absolute</altitudeMode>
				<coordinates>
					-150.111298,61.26086400000001,1074.42 -150.122192,61.266815,1120.14 
				</coordinates>
			</LineString>
		</MultiGeometry>
	</Placemark>
	<Placemark>
		<name>P-84</name>
		<visibility>0</visibility>
		<description><![CDATA[<div><div><span><b>Altitude:</b></span> <span>3,675 ft - 3,850 ft</span></div>
<div><span><b>Speed:</b></span> <span>201 kt - 210 kt</span></div>
<div><span><b>Timestamp:</b></span><br/><span>2024-07-09 02:29:56 UTC<br/>2024-07-09 02:30:06 UTC</span></div>
</div>]]></description>
		<Style>
			<LineStyle>
				<color>ff00ff0c</color>
				<width>2</width>
			</LineStyle>
		</Style>
		<MultiGeometry>
			<LineString>
				<tessellate>1</tessellate>
				<altitudeMode>absolute</altitudeMode>
				<coordinates>
					-150.122192,61.266815,1120.14 -150.135239,61.274002,1173.48 
				</coordinates>
			</LineString>
		</MultiGeometry>
	</Placemark>
	<Placemark>
		<name>P-85</name>
		<visibility>0</visibility>
		<description><![CDATA[<div><div><span><b>Altitude:</b></span> <span>3,850 ft - 4,000 ft</span></div>
<div><span><b>Speed:</b></span> <span>210 kt - 218 kt</span></div>
<div><span><b>Timestamp:</b></span><br/><span>2024-07-09 02:30:06 UTC<br/>2024-07-09 02:30:15 UTC</span></div>
</div>]]></description>
		<Style>
			<LineStyle>
				<color>ff00ff0c</color>
				<width>2</width>
			</LineStyle>
		</Style>
		<MultiGeometry>
			<LineString>
				<tessellate>1</tessellate>
				<altitudeMode>absolute</altitudeMode>
				<coordinates>
					-150.135239,61.274002,1173.48 -150.147598,61.280716,1219.2 
				</coordinates>
			</LineString>
		</MultiGeometry>
	</Placemark>
	<Placemark>
		<name>P-86</name>
		<visibility>0</visibility>
		<description><![CDATA[<div><div><span><b>Altitude:</b></span> <span>4,000 ft - 4,175 ft</span></div>
<div><span><b>Speed:</b></span> <span>218 kt - 228 kt</span></div>
<div><span><b>Timestamp:</b></span><br/><span>2024-07-09 02:30:15 UTC<br/>2024-07-09 02:30:24 UTC</span></div>
</div>]]></description>
		<Style>
			<LineStyle>
				<color>ff00ff36</color>
				<width>2</width>
			</LineStyle>
		</Style>
		<MultiGeometry>
			<LineString>
				<tessellate>1</tessellate>
				<altitudeMode>absolute</altitudeMode>
				<coordinates>
					-150.147598,61.280716,1219.2 -150.160934,61.28801,1272.54 
				</coordinates>
			</LineString>
		</MultiGeometry>
	</Placemark>
	<Placemark>
		<name>P-87</name>
		<visibility>0</visibility>
		<description><![CDATA[<div><div><span><b>Altitude:</b></span> <span>4,175 ft - 4,350 ft</span></div>
<div><span><b>Speed:</b></span> <span>228 kt - 237 kt</span></div>
<div><span><b>Timestamp:</b></span><br/><span>2024-07-09 02:30:24 UTC<br/>2024-07-09 02:30:33 UTC</span></div>
</div>]]></description>
		<Style>
			<LineStyle>
				<color>ff00ff36</color>
				<width>2</width>
			</LineStyle>
		</Style>
		<MultiGeometry>
			<LineString>
				<tessellate>1</tessellate>
				<altitudeMode>absolute</altitudeMode>
				<coordinates>
					-150.160934,61.28801,1272.54 -150.173981,61.295059,1325.88 
				</coordinates>
			</LineString>
		</MultiGeometry>
	</Placemark>
	<Placemark>
		<name>P-88</name>
		<visibility>0</visibility>
		<description><![CDATA[<div><div><span><b>Altitude:</b></span> <span>4,350 ft - 4,600 ft</span></div>
<div><span><b>Speed:</b></span> <span>237 kt - 246 kt</span></div>
<div><span><b>Timestamp:</b></span><br/><span>2024-07-09 02:30:33 UTC<br/>2024-07-09 02:30:43 UTC</span></div>
</div>]]></description>
		<Style>
			<LineStyle>
				<color>ff00ff36</color>
				<width>2</width>
			</LineStyle>
		</Style>
		<MultiGeometry>
			<LineString>
				<tessellate>1</tessellate>
				<altitudeMode>absolute</altitudeMode>
				<coordinates>
					-150.173981,61.295059,1325.88 -150.189713,61.303104,1402.08 
				</coordinates>
			</LineString>
		</MultiGeometry>
	</Placemark>
	<Placemark>
		<name>P-89</name>
		<visibility>0</visibility>
		<description><![CDATA[<div><div><span><b>Altitude:</b></span> <span>4,600 ft - 4,625 ft</span></div>
<div><span><b>Speed:</b></span> <span>246 kt - 247 kt</span></div>
<div><span><b>Timestamp:</b></span><br/><span>2024-07-09 02:30:43 UTC<br/>2024-07-09 02:30:44 UTC</span></div>
</div>]]></description>
		<Style>
			<LineStyle>
				<color>ff00ff36</color>
				<width>2</width>
			</LineStyle>
		</Style>
		<MultiGeometry>
			<LineString>
				<tessellate>1</tessellate>
				<altitudeMode>absolute</altitudeMode>
				<coordinates>
					-150.189713,61.303104,1402.08 -150.191544,61.303852,1409.7 
				</coordinates>
			</LineString>
		</MultiGeometry>
	</Placemark>
	<Placemark>
		<name>P-90</name>
		<visibility>0</visibility>
		<description><![CDATA[<div><div><span><b>Altitude:</b></span> <span>4,625 ft - 4,725 ft</span></div>
<div><span><b>Speed:</b></span> <span>247 kt - 250 kt</span></div>
<div><span><b>Timestamp:</b></span><br/><span>2024-07-09 02:30:44 UTC<br/>2024-07-09 02:30:48 UTC</span></div>
</div>]]></description>
		<Style>
			<LineStyle>
				<color>ff00ff36</color>
				<width>2</width>
			</LineStyle>
		</Style>
		<MultiGeometry>
			<LineString>
				<tessellate>1</tessellate>
				<altitudeMode>absolute</altitudeMode>
				<coordinates>
					-150.191544,61.303852,1409.7 -150.19989,61.30678199999999,1440.18 
				</coordinates>
			</LineString>
		</MultiGeometry>
	</Placemark>
	<Placemark>
		<name>P-91</name>
		<visibility>0</visibility>
		<description><![CDATA[<div><div><span><b>Altitude:</b></span> <span>4,725 ft - 4,775 ft</span></div>
<div><span><b>Speed:</b></span> <span>250 kt - 253 kt</span></div>
<div><span><b>Timestamp:</b></span><br/><span>2024-07-09 02:30:48 UTC<br/>2024-07-09 02:30:51 UTC</span></div>
</div>]]></description>
		<Style>
			<LineStyle>
				<color>ff00ff36</color>
				<width>2</width>
			</LineStyle>
		</Style>
		<MultiGeometry>
			<LineString>
				<tessellate>1</tessellate>
				<altitudeMode>absolute</altitudeMode>
				<coordinates>
					-150.19989,61.30678199999999,1440.18 -150.206253,61.30847199999999,1455.42 
				</coordinates>
			</LineString>
		</MultiGeometry>
	</Placemark>
	<Placemark>
		<name>P-92</name>
		<visibility>0</visibility>
		<description><![CDATA[<div><div><span><b>Altitude:</b></span> <span>4,775 ft - 4,825 ft</span></div>
<div><span><b>Speed:</b></span> <span>253 kt - 255 kt</span></div>
<div><span><b>Timestamp:</b></span><br/><span>2024-07-09 02:30:51 UTC<br/>2024-07-09 02:30:54 UTC</span></div>
</div>]]></description>
		<Style>
			<LineStyle>
				<color>ff00ff36</color>
				<width>2</width>
			</LineStyle>
		</Style>
		<MultiGeometry>
			<LineString>
				<tessellate>1</tessellate>
				<altitudeMode>absolute</altitudeMode>
				<coordinates>
					-150.206253,61.30847199999999,1455.42 -150.212708,61.309811,1470.66 
				</coordinates>
			</LineString>
		</MultiGeometry>
	</Placemark>
	<Placemark>
		<name>P-93</name>
		<visibility>0</visibility>
		<description><![CDATA[<div><div><span><b>Altitude:</b></span> <span>4,825 ft - 4,875 ft</span></div>
<div><span><b>Speed:</b></span> <span>255 kt - 258 kt</span></div>
<div><span><b>Timestamp:</b></span><br/><span>2024-07-09 02:30:54 UTC<br/>2024-07-09 02:30:56 UTC</span></div>
</div>]]></description>
		<Style>
			<LineStyle>
				<color>ff00ff36</color>
				<width>2</width>
			</LineStyle>
		</Style>
		<MultiGeometry>
			<LineString>
				<tessellate>1</tessellate>
				<altitudeMode>absolute</altitudeMode>
				<coordinates>
					-150.212708,61.309811,1470.66 -150.219009,61.31076,1485.9 
				</coordinates>
			</LineString>
		</MultiGeometry>
	</Placemark>
	<Placemark>
		<name>P-94</name>
		<visibility>0</visibility>
		<description><![CDATA[<div><div><span><b>Altitude:</b></span> <span>4,875 ft - 4,925 ft</span></div>
<div><span><b>Speed:</b></span> <span>258 kt - 260 kt</span></div>
<div><span><b>Timestamp:</b></span><br/><span>2024-07-09 02:30:56 UTC<br/>2024-07-09 02:31:00 UTC</span></div>
</div>]]></description>
		<Style>
			<LineStyle>
				<color>ff00ff36</color>
				<width>2</width>
			</LineStyle>
		</Style>
		<MultiGeometry>
			<LineString>
				<tessellate>1</tessellate>
				<altitudeMode>absolute</altitudeMode>
				<coordinates>
					-150.219009,61.31076,1485.9 -150.227448,61.31144699999999,1501.14 
				</coordinates>
			</LineString>
		</MultiGeometry>
	</Placemark>
	<Placemark>
		<name>P-95</name>
		<visibility>0</visibility>
		<description><![CDATA[<div><div><span><b>Altitude:</b></span> <span>4,925 ft - 5,000 ft</span></div>
<div><span><b>Speed:</b></span> <span>260 kt - 261 kt</span></div>
<div><span><b>Timestamp:</b></span><br/><span>2024-07-09 02:31:00 UTC<br/>2024-07-09 02:31:03 UTC</span></div>
</div>]]></description>
		<Style>
			<LineStyle>
				<color>ff00ff72</color>
				<width>2</width>
			</LineStyle>
		</Style>
		<MultiGeometry>
			<LineString>
				<tessellate>1</tessellate>
				<altitudeMode>absolute</altitudeMode>
				<coordinates>
					-150.227448,61.31144699999999,1501.14 -150.235092,61.311626,1524 
				</coordinates>
			</LineString>
		</MultiGeometry>
	</Placemark>
	<Placemark>
		<name>P-96</name>
		<visibility>0</visibility>
		<description><![CDATA[<div><div><span><b>Altitude:</b></span> <span>5,000 ft - 5,100 ft</span></div>
<div><span><b>Speed:</b></span> <span>261 kt - 262 kt</span></div>
<div><span><b>Timestamp:</b></span><br/><span>2024-07-09 02:31:03 UTC<br/>2024-07-09 02:31:06 UTC</span></div>
</div>]]></description>
		<Style>
			<LineStyle>
				<color>ff00ff72</color>
				<width>2</width>
			</LineStyle>
		</Style>
		<MultiGeometry>
			<LineString>
				<tessellate>1</tessellate>
				<altitudeMode>absolute</altitudeMode>
				<coordinates>
					-150.235092,61.311626,1524 -150.242111,61.311531,1554.48 
				</coordinates>
			</LineString>
		</MultiGeometry>
	</Placemark>
	<Placemark>
		<name>P-97</name>
		<visibility>0</visibility>
		<description><![CDATA[<div><div><span><b>Altitude:</b></span> <span>5,100 ft - 5,225 ft</span></div>
<div><span><b>Speed:</b></span> <span>262 kt - 261 kt</span></div>
<div><span><b>Timestamp:</b></span><br/><span>2024-07-09 02:31:06 UTC<br/>2024-07-09 02:31:09 UTC</span></div>
</div>]]></description>
		<Style>
			<LineStyle>
				<color>ff00ff72</color>
				<width>2</width>
			</LineStyle>
		</Style>
		<MultiGeometry>
			<LineString>
				<tessellate>1</tessellate>
				<altitudeMode>absolute</altitudeMode>
				<coordinates>
					-150.242111,61.311531,1554.48 -150.250137,61.311253,1592.58 
				</coordinates>
			</LineString>
		</MultiGeometry>
	</Placemark>
	<Placemark>
		<name>P-98</name>
		<visibility>0</visibility>
		<description><![CDATA[<div><div><span><b>Altitude:</b></span> <span>5,225 ft - 5,350 ft</span></div>
<div><span><b>Speed:</b></span> <span>261 kt</span></div>
<div><span><b>Timestamp:</b></span><br/><span>2024-07-09 02:31:09 UTC<br/>2024-07-09 02:31:12 UTC</span></div>
</div>]]></description>
		<Style>
			<LineStyle>
				<color>ff00ff72</color>
				<width>2</width>
			</LineStyle>
		</Style>
		<MultiGeometry>
			<LineString>
				<tessellate>1</tessellate>
				<altitudeMode>absolute</altitudeMode>
				<coordinates>
					-150.250137,61.311253,1592.58 -150.257553,61.310989,1630.68 
				</coordinates>
			</LineString>
		</MultiGeometry>
	</Placemark>
	<Placemark>
		<name>P-99</name>
		<visibility>0</visibility>
		<description><![CDATA[<div><div><span><b>Altitude:</b></span> <span>5,350 ft - 5,475 ft</span></div>
<div><span><b>Speed:</b></span> <span>261 kt</span></div>
<div><span><b>Timestamp:</b></span><br/><span>2024-07-09 02:31:12 UTC<br/>2024-07-09 02:31:15 UTC</span></div>
</div>]]></description>
		<Style>
			<LineStyle>
				<color>ff00ff72</color>
				<width>2</width>
			</LineStyle>
		</Style>
		<MultiGeometry>
			<LineString>
				<tessellate>1</tessellate>
				<altitudeMode>absolute</altitudeMode>
				<coordinates>
					-150.257553,61.310989,1630.68 -150.264725,61.310715,1668.78 
				</coordinates>
			</LineString>
		</MultiGeometry>
	</Placemark>
	<Placemark>
		<name>P-100</name>
		<visibility>0</visibility>
		<description><![CDATA[<div><div><span><b>Altitude:</b></span> <span>5,475 ft - 5,625 ft</span></div>
<div><span><b>Speed:</b></span> <span>261 kt</span></div>
<div><span><b>Timestamp:</b></span><br/><span>2024-07-09 02:31:15 UTC<br/>2024-07-09 02:31:18 UTC</span></div>
</div>]]></description>
		<Style>
			<LineStyle>
				<color>ff00ff72</color>
				<width>2</width>
			</LineStyle>
		</Style>
		<MultiGeometry>
			<LineString>
				<tessellate>1</tessellate>
				<altitudeMode>absolute</altitudeMode>
				<coordinates>
					-150.264725,61.310715,1668.78 -150.272415,61.310459,1714.5 
				</coordinates>
			</LineString>
		</MultiGeometry>
	</Placemark>
	<Placemark>
		<name>P-101</name>
		<visibility>0</visibility>
		<description><![CDATA[<div><div><span><b>Altitude:</b></span> <span>5,625 ft - 5,775 ft</span></div>
<div><span><b>Speed:</b></span> <span>261 kt - 262 kt</span></div>
<div><span><b>Timestamp:</b></span><br/><span>2024-07-09 02:31:18 UTC<br/>2024-07-09 02:31:21 UTC</span></div>
</div>]]></description>
		<Style>
			<LineStyle>
				<color>ff00ff72</color>
				<width>2</width>
			</LineStyle>
		</Style>
		<MultiGeometry>
			<LineString>
				<tessellate>1</tessellate>
				<altitudeMode>absolute</altitudeMode>
				<coordinates>
					-150.272415,61.310459,1714.5 -150.281067,61.310226,1760.22 
				</coordinates>
			</LineString>
		</MultiGeometry>
	</Placemark>
	<Placemark>
		<name>P-102</name>
		<visibility>0</visibility>
		<description><![CDATA[<div><div><span><b>Altitude:</b></span> <span>5,775 ft - 5,900 ft</span></div>
<div><span><b>Speed:</b></span> <span>262 kt</span></div>
<div><span><b>Timestamp:</b></span><br/><span>2024-07-09 02:31:21 UTC<br/>2024-07-09 02:31:24 UTC</span></div>
</div>]]></description>
		<Style>
			<LineStyle>
				<color>ff00ff72</color>
				<width>2</width>
			</LineStyle>
		</Style>
		<MultiGeometry>
			<LineString>
				<tessellate>1</tessellate>
				<altitudeMode>absolute</altitudeMode>
				<coordinates>
					-150.281067,61.310226,1760.22 -150.288559,61.310074,1798.32 
				</coordinates>
			</LineString>
		</MultiGeometry>
	</Placemark>
	<Placemark>
		<name>P-103</name>
		<visibility>0</visibility>
		<description><![CDATA[<div><div><span><b>Altitude:</b></span> <span>5,900 ft - 6,025 ft</span></div>
<div><span><b>Speed:</b></span> <span>262 kt - 263 kt</span></div>
<div><span><b>Timestamp:</b></span><br/><span>2024-07-09 02:31:24 UTC<br/>2024-07-09 02:31:27 UTC</span></div>
</div>]]></description>
		<Style>
			<LineStyle>
				<color>ff00ff72</color>
				<width>2</width>
			</LineStyle>
		</Style>
		<MultiGeometry>
			<LineString>
				<tessellate>1</tessellate>
				<altitudeMode>absolute</altitudeMode>
				<coordinates>
					-150.288559,61.310074,1798.32 -150.295715,61.309948,1836.42 
				</coordinates>
			</LineString>
		</MultiGeometry>
	</Placemark>
	<Placemark>
		<name>P-104</name>
		<visibility>0</visibility>
		<description><![CDATA[<div><div><span><b>Altitude:</b></span> <span>6,025 ft - 6,675 ft</span></div>
<div><span><b>Speed:</b></span> <span>263 kt - 266 kt</span></div>
<div><span><b>Timestamp:</b></span><br/><span>2024-07-09 02:31:27 UTC<br/>2024-07-09 02:31:42 UTC</span></div>
</div>]]></description>
		<Style>
			<LineStyle>
				<color>ff00ff72</color>
				<width>2</width>
			</LineStyle>
		</Style>
		<MultiGeometry>
			<LineString>
				<tessellate>1</tessellate>
				<altitudeMode>absolute</altitudeMode>
				<coordinates>
					-150.295715,61.309948,1836.42 -150.333389,61.309525,2034.54 
				</coordinates>
			</LineString>
		</MultiGeometry>
	</Placemark>
	<Placemark>
		<name>P-105</name>
		<visibility>0</visibility>
		<description><![CDATA[<div><div><span><b>Altitude:</b></span> <span>6,675 ft - 7,325 ft</span></div>
<div><span><b>Speed:</b></span> <span>266 kt - 269 kt</span></div>
<div><span><b>Timestamp:</b></span><br/><span>2024-07-09 02:31:42 UTC<br/>2024-07-09 02:31:58 UTC</span></div>
</div>]]></description>
		<Style>
			<LineStyle>
				<color>ff00ff9c</color>
				<width>2</width>
			</LineStyle>
		</Style>
		<MultiGeometry>
			<LineString>
				<tessellate>1</tessellate>
				<altitudeMode>absolute</altitudeMode>
				<coordinates>
					-150.333389,61.309525,2034.54 -150.373901,61.30925,2232.66 
				</coordinates>
			</LineString>
		</MultiGeometry>
	</Placemark>
	<Placemark>
		<name>P-106</name>
		<visibility>0</visibility>
		<description><![CDATA[<div><div><span><b>Altitude:</b></span> <span>7,325 ft - 7,975 ft</span></div>
<div><span><b>Speed:</b></span> <span>269 kt - 270 kt</span></div>
<div><span><b>Timestamp:</b></span><br/><span>2024-07-09 02:31:58 UTC<br/>2024-07-09 02:32:12 UTC</span></div>
</div>]]></description>
		<Style>
			<LineStyle>
				<color>ff00ff9c</color>
				<width>2</width>
			</LineStyle>
		</Style>
		<MultiGeometry>
			<LineString>
				<tessellate>1</tessellate>
				<altitudeMode>absolute</altitudeMode>
				<coordinates>
					-150.373901,61.30925,2232.66 -150.411987,61.309113,2430.78 
				</coordinates>
			</LineString>
		</MultiGeometry>
	</Placemark>
	<Placemark>
		<name>P-107</name>
		<visibility>0</visibility>
		<description><![CDATA[<div><div><span><b>Altitude:</b></span> <span>7,975 ft - 8,675 ft</span></div>
<div><span><b>Speed:</b></span> <span>270 kt</span></div>
<div><span><b>Timestamp:</b></span><br/><span>2024-07-09 02:32:12 UTC<br/>2024-07-09 02:32:28 UTC</span></div>
</div>]]></description>
		<Style>
			<LineStyle>
				<color>ff00ff9c</color>
				<width>2</width>
			</LineStyle>
		</Style>
		<MultiGeometry>
			<LineString>
				<tessellate>1</tessellate>
				<altitudeMode>absolute</altitudeMode>
				<coordinates>
					-150.411987,61.309113,2430.78 -150.452576,61.30883,2644.14 
				</coordinates>
			</LineString>
		</MultiGeometry>
	</Placemark>
	<Placemark>
		<name>P-108</name>
		<visibility>0</visibility>
		<description><![CDATA[<div><div><span><b>Altitude:</b></span> <span>8,675 ft - 9,225 ft</span></div>
<div><span><b>Speed:</b></span> <span>270 kt - 273 kt</span></div>
<div><span><b>Timestamp:</b></span><br/><span>2024-07-09 02:32:28 UTC<br/>2024-07-09 02:32:43 UTC</span></div>
</div>]]></description>
		<Style>
			<LineStyle>
				<color>ff00ffd2</color>
				<width>2</width>
			</LineStyle>
		</Style>
		<MultiGeometry>
			<LineString>
				<tessellate>1</tessellate>
				<altitudeMode>absolute</altitudeMode>
				<coordinates>
					-150.452576,61.30883,2644.14 -150.490723,61.308506,2811.78 
				</coordinates>
			</LineString>
		</MultiGeometry>
	</Placemark>
	<Placemark>
		<name>P-109</name>
		<visibility>0</visibility>
		<description><![CDATA[<div><div><span><b>Altitude:</b></span> <span>9,225 ft - 9,750 ft</span></div>
<div><span><b>Speed:</b></span> <span>273 kt - 278 kt</span></div>
<div><span><b>Timestamp:</b></span><br/><span>2024-07-09 02:32:43 UTC<br/>2024-07-09 02:32:58 UTC</span></div>
</div>]]></description>
		<Style>
			<LineStyle>
				<color>ff00ffd2</color>
				<width>2</width>
			</LineStyle>
		</Style>
		<MultiGeometry>
			<LineString>
				<tessellate>1</tessellate>
				<altitudeMode>absolute</altitudeMode>
				<coordinates>
					-150.490723,61.308506,2811.78 -150.531006,61.30804100000001,2971.8 
				</coordinates>
			</LineString>
		</MultiGeometry>
	</Placemark>
	<Placemark>
		<name>P-110</name>
		<visibility>0</visibility>
		<description><![CDATA[<div><div><span><b>Altitude:</b></span> <span>9,750 ft - 10,325 ft</span></div>
<div><span><b>Speed:</b></span> <span>278 kt - 282 kt</span></div>
<div><span><b>Timestamp:</b></span><br/><span>2024-07-09 02:32:58 UTC<br/>2024-07-09 02:33:13 UTC</span></div>
</div>]]></description>
		<Style>
			<LineStyle>
				<color>ff00ffd2</color>
				<width>2</width>
			</LineStyle>
		</Style>
		<MultiGeometry>
			<LineString>
				<tessellate>1</tessellate>
				<altitudeMode>absolute</altitudeMode>
				<coordinates>
					-150.531006,61.30804100000001,2971.8 -150.572922,61.307465,3147.06 
				</coordinates>
			</LineString>
		</MultiGeometry>
	</Placemark>
	<Placemark>
		<name>P-111</name>
		<visibility>0</visibility>
		<description><![CDATA[<div><div><span><b>Altitude:</b></span> <span>10,325 ft - 10,625 ft</span></div>
<div><span><b>Speed:</b></span> <span>282 kt - 295 kt</span></div>
<div><span><b>Timestamp:</b></span><br/><span>2024-07-09 02:33:13 UTC<br/>2024-07-09 02:33:28 UTC</span></div>
</div>]]></description>
		<Style>
			<LineStyle>
				<color>ff00ffe4</color>
				<width>2</width>
			</LineStyle>
		</Style>
		<MultiGeometry>
			<LineString>
				<tessellate>1</tessellate>
				<altitudeMode>absolute</altitudeMode>
				<coordinates>
					-150.572922,61.307465,3147.06 -150.61412,61.306915,3238.5 
				</coordinates>
			</LineString>
		</MultiGeometry>
	</Placemark>
	<Placemark>
		<name>P-112</name>
		<visibility>0</visibility>
		<description><![CDATA[<div><div><span><b>Altitude:</b></span> <span>10,625 ft - 10,875 ft</span></div>
<div><span><b>Speed:</b></span> <span>295 kt - 309 kt</span></div>
<div><span><b>Timestamp:</b></span><br/><span>2024-07-09 02:33:28 UTC<br/>2024-07-09 02:33:44 UTC</span></div>
</div>]]></description>
		<Style>
			<LineStyle>
				<color>ff00ffe4</color>
				<width>2</width>
			</LineStyle>
		</Style>
		<MultiGeometry>
			<LineString>
				<tessellate>1</tessellate>
				<altitudeMode>absolute</altitudeMode>
				<coordinates>
					-150.61412,61.306915,3238.5 -150.658463,61.306366,3314.7 
				</coordinates>
			</LineString>
		</MultiGeometry>
	</Placemark>
	<Placemark>
		<name>P-113</name>
		<visibility>0</visibility>
		<description><![CDATA[<div><div><span><b>Altitude:</b></span> <span>10,875 ft - 11,175 ft</span></div>
<div><span><b>Speed:</b></span> <span>309 kt - 322 kt</span></div>
<div><span><b>Timestamp:</b></span><br/><span>2024-07-09 02:33:44 UTC<br/>2024-07-09 02:33:59 UTC</span></div>
</div>]]></description>
		<Style>
			<LineStyle>
				<color>ff00ffe4</color>
				<width>2</width>
			</LineStyle>
		</Style>
		<MultiGeometry>
			<LineString>
				<tessellate>1</tessellate>
				<altitudeMode>absolute</altitudeMode>
				<coordinates>
					-150.658463,61.306366,3314.7 -150.705643,61.305771,3406.139999999999 
				</coordinates>
			</LineString>
		</MultiGeometry>
	</Placemark>
	<Placemark>
		<name>P-114</name>
		<visibility>0</visibility>
		<description><![CDATA[<div><div><span><b>Altitude:</b></span> <span>11,175 ft - 11,425 ft</span></div>
<div><span><b>Speed:</b></span> <span>322 kt - 334 kt</span></div>
<div><span><b>Timestamp:</b></span><br/><span>2024-07-09 02:33:59 UTC<br/>2024-07-09 02:34:13 UTC</span></div>
</div>]]></description>
		<Style>
			<LineStyle>
				<color>ff00ffe4</color>
				<width>2</width>
			</LineStyle>
		</Style>
		<MultiGeometry>
			<LineString>
				<tessellate>1</tessellate>
				<altitudeMode>absolute</altitudeMode>
				<coordinates>
					-150.705643,61.305771,3406.139999999999 -150.750565,61.30522199999999,3482.34 
				</coordinates>
			</LineString>
		</MultiGeometry>
	</Placemark>
	<Placemark>
		<name>P-115</name>
		<visibility>0</visibility>
		<description><![CDATA[<div><div><span><b>Altitude:</b></span> <span>11,425 ft - 11,675 ft</span></div>
<div><span><b>Speed:</b></span> <span>334 kt - 347 kt</span></div>
<div><span><b>Timestamp:</b></span><br/><span>2024-07-09 02:34:13 UTC<br/>2024-07-09 02:34:29 UTC</span></div>
</div>]]></description>
		<Style>
			<LineStyle>
				<color>ff00ffe4</color>
				<width>2</width>
			</LineStyle>
		</Style>
		<MultiGeometry>
			<LineString>
				<tessellate>1</tessellate>
				<altitudeMode>absolute</altitudeMode>
				<coordinates>
					-150.750565,61.30522199999999,3482.34 -150.802109,61.30455,3558.54 
				</coordinates>
			</LineString>
		</MultiGeometry>
	</Placemark>
	<Placemark>
		<name>P-116</name>
		<visibility>0</visibility>
		<description><![CDATA[<div><div><span><b>Altitude:</b></span> <span>11,675 ft - 11,950 ft</span></div>
<div><span><b>Speed:</b></span> <span>347 kt - 359 kt</span></div>
<div><span><b>Timestamp:</b></span><br/><span>2024-07-09 02:34:29 UTC<br/>2024-07-09 02:34:44 UTC</span></div>
</div>]]></description>
		<Style>
			<LineStyle>
				<color>ff00eaff</color>
				<width>2</width>
			</LineStyle>
		</Style>
		<MultiGeometry>
			<LineString>
				<tessellate>1</tessellate>
				<altitudeMode>absolute</altitudeMode>
				<coordinates>
					-150.802109,61.30455,3558.54 -150.853668,61.303894,3642.36 
				</coordinates>
			</LineString>
		</MultiGeometry>
	</Placemark>
	<Placemark>
		<name>P-117</name>
		<visibility>0</visibility>
		<description><![CDATA[<div><div><span><b>Altitude:</b></span> <span>11,950 ft - 12,375 ft</span></div>
<div><span><b>Speed:</b></span> <span>359 kt - 364 kt</span></div>
<div><span><b>Timestamp:</b></span><br/><span>2024-07-09 02:34:44 UTC<br/>2024-07-09 02:34:59 UTC</span></div>
</div>]]></description>
		<Style>
			<LineStyle>
				<color>ff00eaff</color>
				<width>2</width>
			</LineStyle>
		</Style>
		<MultiGeometry>
			<LineString>
				<tessellate>1</tessellate>
				<altitudeMode>absolute</altitudeMode>
				<coordinates>
					-150.853668,61.303894,3642.36 -150.904739,61.3032,3771.900000000001 
				</coordinates>
			</LineString>
		</MultiGeometry>
	</Placemark>
	<Placemark>
		<name>P-118</name>
		<visibility>0</visibility>
		<description><![CDATA[<div><div><span><b>Altitude:</b></span> <span>12,375 ft - 13,425 ft</span></div>
<div><span><b>Speed:</b></span> <span>364 kt - 373 kt</span></div>
<div><span><b>Timestamp:</b></span><br/><span>2024-07-09 02:34:59 UTC<br/>2024-07-09 02:35:32 UTC</span></div>
</div>]]></description>
		<Style>
			<LineStyle>
				<color>ff00eaff</color>
				<width>2</width>
			</LineStyle>
		</Style>
		<MultiGeometry>
			<LineString>
				<tessellate>1</tessellate>
				<altitudeMode>absolute</altitudeMode>
				<coordinates>
					-150.904739,61.3032,3771.900000000001 -151.0215,61.301468,4091.94 
				</coordinates>
			</LineString>
		</MultiGeometry>
	</Placemark>
	<Placemark>
		<name>P-119</name>
		<visibility>0</visibility>
		<description><![CDATA[<div><div><span><b>Altitude:</b></span> <span>13,425 ft - 14,500 ft</span></div>
<div><span><b>Speed:</b></span> <span>373 kt - 376 kt</span></div>
<div><span><b>Timestamp:</b></span><br/><span>2024-07-09 02:35:32 UTC<br/>2024-07-09 02:36:03 UTC</span></div>
</div>]]></description>
		<Style>
			<LineStyle>
				<color>ff00c0ff</color>
				<width>2</width>
			</LineStyle>
		</Style>
		<MultiGeometry>
			<LineString>
				<tessellate>1</tessellate>
				<altitudeMode>absolute</altitudeMode>
				<coordinates>
					-151.0215,61.301468,4091.94 -151.133224,61.299801,4419.6 
				</coordinates>
			</LineString>
		</MultiGeometry>
	</Placemark>
	<Placemark>
		<name>P-120</name>
		<visibility>0</visibility>
		<description><![CDATA[<div><div><span><b>Altitude:</b></span> <span>14,500 ft - 15,950 ft</span></div>
<div><span><b>Speed:</b></span> <span>376 kt - 370 kt</span></div>
<div><span><b>Timestamp:</b></span><br/><span>2024-07-09 02:36:03 UTC<br/>2024-07-09 02:36:37 UTC</span></div>
</div>]]></description>
		<Style>
			<LineStyle>
				<color>ff00c0ff</color>
				<width>2</width>
			</LineStyle>
		</Style>
		<MultiGeometry>
			<LineString>
				<tessellate>1</tessellate>
				<altitudeMode>absolute</altitudeMode>
				<coordinates>
					-151.133224,61.299801,4419.6 -151.252548,61.297894,4861.56 
				</coordinates>
			</LineString>
		</MultiGeometry>
	</Placemark>
	<Placemark>
		<name>P-121</name>
		<visibility>0</visibility>
		<description><![CDATA[<div><div><span><b>Altitude:</b></span> <span>15,950 ft - 17,225 ft</span></div>
<div><span><b>Speed:</b></span> <span>370 kt - 366 kt</span></div>
<div><span><b>Timestamp:</b></span><br/><span>2024-07-09 02:36:37 UTC<br/>2024-07-09 02:37:10 UTC</span></div>
</div>]]></description>
		<Style>
			<LineStyle>
				<color>ff00a8ff</color>
				<width>2</width>
			</LineStyle>
		</Style>
		<MultiGeometry>
			<LineString>
				<tessellate>1</tessellate>
				<altitudeMode>absolute</altitudeMode>
				<coordinates>
					-151.252548,61.297894,4861.56 -151.369629,61.295982,5250.179999999999 
				</coordinates>
			</LineString>
		</MultiGeometry>
	</Placemark>
	<Placemark>
		<name>P-122</name>
		<visibility>0</visibility>
		<description><![CDATA[<div><div><span><b>Altitude:</b></span> <span>17,225 ft - 18,125 ft</span></div>
<div><span><b>Speed:</b></span> <span>366 kt - 371 kt</span></div>
<div><span><b>Timestamp:</b></span><br/><span>2024-07-09 02:37:10 UTC<br/>2024-07-09 02:37:40 UTC</span></div>
</div>]]></description>
		<Style>
			<LineStyle>
				<color>ff0096ff</color>
				<width>2</width>
			</LineStyle>
		</Style>
		<MultiGeometry>
			<LineString>
				<tessellate>1</tessellate>
				<altitudeMode>absolute</altitudeMode>
				<coordinates>
					-151.369629,61.295982,5250.179999999999 -151.477463,61.294121,5524.5 
				</coordinates>
			</LineString>
		</MultiGeometry>
	</Placemark>
	<Placemark>
		<name>P-123</name>
		<visibility>0</visibility>
		<description><![CDATA[<div><div><span><b>Altitude:</b></span> <span>18,125 ft - 19,100 ft</span></div>
<div><span><b>Speed:</b></span> <span>371 kt - 373 kt</span></div>
<div><span><b>Timestamp:</b></span><br/><span>2024-07-09 02:37:40 UTC<br/>2024-07-09 02:38:13 UTC</span></div>
</div>]]></description>
		<Style>
			<LineStyle>
				<color>ff0078ff</color>
				<width>2</width>
			</LineStyle>
		</Style>
		<MultiGeometry>
			<LineString>
				<tessellate>1</tessellate>
				<altitudeMode>absolute</altitudeMode>
				<coordinates>
					-151.477463,61.294121,5524.5 -151.596817,61.291855,5821.679999999999 
				</coordinates>
			</LineString>
		</MultiGeometry>
	</Placemark>
	<Placemark>
		<name>P-124</name>
		<visibility>0</visibility>
		<description><![CDATA[<div><div><span><b>Altitude:</b></span> <span>19,100 ft - 19,900 ft</span></div>
<div><span><b>Speed:</b></span> <span>373 kt - 378 kt</span></div>
<div><span><b>Timestamp:</b></span><br/><span>2024-07-09 02:38:13 UTC<br/>2024-07-09 02:38:44 UTC</span></div>
</div>]]></description>
		<Style>
			<LineStyle>
				<color>ff0078ff</color>
				<width>2</width>
			</LineStyle>
		</Style>
		<MultiGeometry>
			<LineString>
				<tessellate>1</tessellate>
				<altitudeMode>absolute</altitudeMode>
				<coordinates>
					-151.596817,61.291855,5821.679999999999 -151.708344,61.289658,6065.52 
				</coordinates>
			</LineString>
		</MultiGeometry>
	</Placemark>
	<Placemark>
		<name>P-125</name>
		<visibility>0</visibility>
		<description><![CDATA[<div><div><span><b>Altitude:</b></span> <span>19,900 ft - 20,600 ft</span></div>
<div><span><b>Speed:</b></span> <span>378 kt - 388 kt</span></div>
<div><span><b>Timestamp:</b></span><br/><span>2024-07-09 02:38:44 UTC<br/>2024-07-09 02:39:18 UTC</span></div>
</div>]]></description>
		<Style>
			<LineStyle>
				<color>ff0054ff</color>
				<width>2</width>
			</LineStyle>
		</Style>
		<MultiGeometry>
			<LineString>
				<tessellate>1</tessellate>
				<altitudeMode>absolute</altitudeMode>
				<coordinates>
					-151.708344,61.289658,6065.52 -151.831558,61.28709,6278.88 
				</coordinates>
			</LineString>
		</MultiGeometry>
	</Placemark>
	<Placemark>
		<name>P-126</name>
		<visibility>0</visibility>
		<description><![CDATA[<div><div><span><b>Altitude:</b></span> <span>20,600 ft - 21,350 ft</span></div>
<div><span><b>Speed:</b></span> <span>388 kt - 394 kt</span></div>
<div><span><b>Timestamp:</b></span><br/><span>2024-07-09 02:39:18 UTC<br/>2024-07-09 02:39:50 UTC</span></div>
</div>]]></description>
		<Style>
			<LineStyle>
				<color>ff0054ff</color>
				<width>2</width>
			</LineStyle>
		</Style>
		<MultiGeometry>
			<LineString>
				<tessellate>1</tessellate>
				<altitudeMode>absolute</altitudeMode>
				<coordinates>
					-151.831558,61.28709,6278.88 -151.951904,61.28453100000001,6507.48 
				</coordinates>
			</LineString>
		</MultiGeometry>
	</Placemark>
	<Placemark>
		<name>P-127</name>
		<visibility>0</visibility>
		<description><![CDATA[<div><div><span><b>Altitude:</b></span> <span>21,350 ft - 22,175 ft</span></div>
<div><span><b>Speed:</b></span> <span>394 kt - 398 kt</span></div>
<div><span><b>Timestamp:</b></span><br/><span>2024-07-09 02:39:50 UTC<br/>2024-07-09 02:40:24 UTC</span></div>
</div>]]></description>
		<Style>
			<LineStyle>
				<color>ff0030ff</color>
				<width>2</width>
			</LineStyle>
		</Style>
		<MultiGeometry>
			<LineString>
				<tessellate>1</tessellate>
				<altitudeMode>absolute</altitudeMode>
				<coordinates>
					-151.951904,61.28453100000001,6507.48 -152.080399,61.28453100000001,6758.94 
				</coordinates>
			</LineString>
		</MultiGeometry>
	</Placemark>
	<Placemark>
		<name>P-128</name>
		<visibility>0</visibility>
		<description><![CDATA[<div><div><span><b>Altitude:</b></span> <span>22,175 ft - 23,075 ft</span></div>
<div><span><b>Speed:</b></span> <span>398 kt - 396 kt</span></div>
<div><span><b>Timestamp:</b></span><br/><span>2024-07-09 02:40:24 UTC<br/>2024-07-09 02:40:54 UTC</span></div>
</div>]]></description>
		<Style>
			<LineStyle>
				<color>ff0030ff</color>
				<width>2</width>
			</LineStyle>
		</Style>
		<MultiGeometry>
			<LineString>
				<tessellate>1</tessellate>
				<altitudeMode>absolute</altitudeMode>
				<coordinates>
					-152.080399,61.28453100000001,6758.94 -152.194321,61.285183,7033.259999999998 
				</coordinates>
			</LineString>
		</MultiGeometry>
	</Placemark>
	<Placemark>
		<name>P-129</name>
		<visibility>0</visibility>
		<description><![CDATA[<div><div><span><b>Altitude:</b></span> <span>23,075 ft - 24,025 ft</span></div>
<div><span><b>Speed:</b></span> <span>396 kt - 394 kt</span></div>
<div><span><b>Timestamp:</b></span><br/><span>2024-07-09 02:40:54 UTC<br/>2024-07-09 02:41:27 UTC</span></div>
</div>]]></description>
		<Style>
			<LineStyle>
				<color>ff001eff</color>
				<width>2</width>
			</LineStyle>
		</Style>
		<MultiGeometry>
			<LineString>
				<tessellate>1</tessellate>
				<altitudeMode>absolute</altitudeMode>
				<coordinates>
					-152.194321,61.285183,7033.259999999998 -152.321121,61.2854,7322.819999999998 
				</coordinates>
			</LineString>
		</MultiGeometry>
	</Placemark>
	<Placemark>
		<name>P-130</name>
		<visibility>0</visibility>
		<description><![CDATA[<div><div><span><b>Altitude:</b></span> <span>24,025 ft - 24,650 ft</span></div>
<div><span><b>Speed:</b></span> <span>394 kt - 401 kt</span></div>
<div><span><b>Timestamp:</b></span><br/><span>2024-07-09 02:41:27 UTC<br/>2024-07-09 02:42:01 UTC</span></div>
</div>]]></description>
		<Style>
			<LineStyle>
				<color>ff001eff</color>
				<width>2</width>
			</LineStyle>
		</Style>
		<MultiGeometry>
			<LineString>
				<tessellate>1</tessellate>
				<altitudeMode>absolute</altitudeMode>
				<coordinates>
					-152.321121,61.2854,7322.819999999998 -152.448746,61.285675,7513.319999999998 
				</coordinates>
			</LineString>
		</MultiGeometry>
	</Placemark>
	<Placemark>
		<name>P-131</name>
		<visibility>0</visibility>
		<description><![CDATA[<div><div><span><b>Altitude:</b></span> <span>24,650 ft - 25,450 ft</span></div>
<div><span><b>Speed:</b></span> <span>401 kt - 402 kt</span></div>
<div><span><b>Timestamp:</b></span><br/><span>2024-07-09 02:42:01 UTC<br/>2024-07-09 02:42:34 UTC</span></div>
</div>]]></description>
		<Style>
			<LineStyle>
				<color>ff0000ff</color>
				<width>2</width>
			</LineStyle>
		</Style>
		<MultiGeometry>
			<LineString>
				<tessellate>1</tessellate>
				<altitudeMode>absolute</altitudeMode>
				<coordinates>
					-152.448746,61.285675,7513.319999999998 -152.576599,61.285976,7757.16 
				</coordinates>
			</LineString>
		</MultiGeometry>
	</Placemark>
	<Placemark>
		<name>P-132</name>
		<visibility>0</visibility>
		<description><![CDATA[<div><div><span><b>Altitude:</b></span> <span>25,450 ft - 26,275 ft</span></div>
<div><span><b>Speed:</b></span> <span>402 kt</span></div>
<div><span><b>Timestamp:</b></span><br/><span>2024-07-09 02:42:34 UTC<br/>2024-07-09 02:43:05 UTC</span></div>
</div>]]></description>
		<Style>
			<LineStyle>
				<color>ff0000ff</color>
				<width>2</width>
			</LineStyle>
		</Style>
		<MultiGeometry>
			<LineString>
				<tessellate>1</tessellate>
				<altitudeMode>absolute</altitudeMode>
				<coordinates>
					-152.576599,61.285976,7757.16 -152.694656,61.286179,8008.619999999998 
				</coordinates>
			</LineString>
		</MultiGeometry>
	</Placemark>
	<Placemark>
		<name>P-133</name>
		<visibility>0</visibility>
		<description><![CDATA[<div><div><span><b>Altitude:</b></span> <span>26,275 ft - 26,950 ft</span></div>
<div><span><b>Speed:</b></span> <span>402 kt - 405 kt</span></div>
<div><span><b>Timestamp:</b></span><br/><span>2024-07-09 02:43:05 UTC<br/>2024-07-09 02:43:37 UTC</span></div>
</div>]]></description>
		<Style>
			<LineStyle>
				<color>ff0000ff</color>
				<width>2</width>
			</LineStyle>
		</Style>
		<MultiGeometry>
			<LineString>
				<tessellate>1</tessellate>
				<altitudeMode>absolute</altitudeMode>
				<coordinates>
					-152.694656,61.286179,8008.619999999998 -152.813354,61.286224,8214.359999999999 
				</coordinates>
			</LineString>
		</MultiGeometry>
	</Placemark>
	<Placemark>
		<name>P-134</name>
		<visibility>0</visibility>
		<description><![CDATA[<div><div><span><b>Altitude:</b></span> <span>26,950 ft - 27,600 ft</span></div>
<div><span><b>Speed:</b></span> <span>405 kt - 411 kt</span></div>
<div><span><b>Timestamp:</b></span><br/><span>2024-07-09 02:43:37 UTC<br/>2024-07-09 02:44:11 UTC</span></div>
</div>]]></description>
		<Style>
			<LineStyle>
				<color>ff0000ff</color>
				<width>2</width>
			</LineStyle>
		</Style>
		<MultiGeometry>
			<LineString>
				<tessellate>1</tessellate>
				<altitudeMode>absolute</altitudeMode>
				<coordinates>
					-152.813354,61.286224,8214.359999999999 -152.95166,61.286255,8412.479999999998 
				</coordinates>
			</LineString>
		</MultiGeometry>
	</Placemark>
	<Placemark>
		<name>P-135</name>
		<visibility>0</visibility>
		<description><![CDATA[<div><div><span><b>Altitude:</b></span> <span>27,600 ft - 28,400 ft</span></div>
<div><span><b>Speed:</b></span> <span>411 kt</span></div>
<div><span><b>Timestamp:</b></span><br/><span>2024-07-09 02:44:11 UTC<br/>2024-07-09 02:44:43 UTC</span></div>
</div>]]></description>
		<Style>
			<LineStyle>
				<color>ff0000ff</color>
				<width>2</width>
			</LineStyle>
		</Style>
		<MultiGeometry>
			<LineString>
				<tessellate>1</tessellate>
				<altitudeMode>absolute</altitudeMode>
				<coordinates>
					-152.95166,61.286255,8412.479999999998 -153.079025,61.28616000000001,8656.319999999998 
				</coordinates>
			</LineString>
		</MultiGeometry>
	</Placemark>
	<Placemark>
		<name>P-136</name>
		<visibility>0</visibility>
		<description><![CDATA[<div><div><span><b>Altitude:</b></span> <span>28,400 ft - 29,225 ft</span></div>
<div><span><b>Speed:</b></span> <span>411 kt - 409 kt</span></div>
<div><span><b>Timestamp:</b></span><br/><span>2024-07-09 02:44:43 UTC<br/>2024-07-09 02:45:13 UTC</span></div>
</div>]]></description>
		<Style>
			<LineStyle>
				<color>ff2400ff</color>
				<width>2</width>
			</LineStyle>
		</Style>
		<MultiGeometry>
			<LineString>
				<tessellate>1</tessellate>
				<altitudeMode>absolute</altitudeMode>
				<coordinates>
					-153.079025,61.28616000000001,8656.319999999998 -153.197388,61.285904,8907.779999999999 
				</coordinates>
			</LineString>
		</MultiGeometry>
	</Placemark>
	<Placemark>
		<name>P-137</name>
		<visibility>0</visibility>
		<description><![CDATA[<div><div><span><b>Altitude:</b></span> <span>29,225 ft - 30,075 ft</span></div>
<div><span><b>Speed:</b></span> <span>409 kt - 408 kt</span></div>
<div><span><b>Timestamp:</b></span><br/><span>2024-07-09 02:45:13 UTC<br/>2024-07-09 02:45:47 UTC</span></div>
</div>]]></description>
		<Style>
			<LineStyle>
				<color>ff2400ff</color>
				<width>2</width>
			</LineStyle>
		</Style>
		<MultiGeometry>
			<LineString>
				<tessellate>1</tessellate>
				<altitudeMode>absolute</altitudeMode>
				<coordinates>
					-153.197388,61.285904,8907.779999999999 -153.329224,61.285492,9166.860000000001 
				</coordinates>
			</LineString>
		</MultiGeometry>
	</Placemark>
	<Placemark>
		<name>P-138</name>
		<visibility>0</visibility>
		<description><![CDATA[<div><div><span><b>Altitude:</b></span> <span>30,075 ft - 30,375 ft</span></div>
<div><span><b>Speed:</b></span> <span>408 kt - 419 kt</span></div>
<div><span><b>Timestamp:</b></span><br/><span>2024-07-09 02:45:47 UTC<br/>2024-07-09 02:46:17 UTC</span></div>
</div>]]></description>
		<Style>
			<LineStyle>
				<color>ff3600ff</color>
				<width>2</width>
			</LineStyle>
		</Style>
		<MultiGeometry>
			<LineString>
				<tessellate>1</tessellate>
				<altitudeMode>absolute</altitudeMode>
				<coordinates>
					-153.329224,61.285492,9166.860000000001 -153.448792,61.28495,9258.299999999999 
				</coordinates>
			</LineString>
		</MultiGeometry>
	</Placemark>
	<Placemark>
		<name>P-139</name>
		<visibility>0</visibility>
		<description><![CDATA[<div><div><span><b>Altitude:</b></span> <span>30,375 ft - 31,050 ft</span></div>
<div><span><b>Speed:</b></span> <span>419 kt - 421 kt</span></div>
<div><span><b>Timestamp:</b></span><br/><span>2024-07-09 02:46:17 UTC<br/>2024-07-09 02:46:51 UTC</span></div>
</div>]]></description>
		<Style>
			<LineStyle>
				<color>ff3600ff</color>
				<width>2</width>
			</LineStyle>
		</Style>
		<MultiGeometry>
			<LineString>
				<tessellate>1</tessellate>
				<altitudeMode>absolute</altitudeMode>
				<coordinates>
					-153.448792,61.28495,9258.299999999999 -153.584595,61.284393,9464.040000000001 
				</coordinates>
			</LineString>
		</MultiGeometry>
	</Placemark>
	<Placemark>
		<name>P-140</name>
		<visibility>0</visibility>
		<description><![CDATA[<div><div><span><b>Altitude:</b></span> <span>31,050 ft - 31,650 ft</span></div>
<div><span><b>Speed:</b></span> <span>421 kt - 423 kt</span></div>
<div><span><b>Timestamp:</b></span><br/><span>2024-07-09 02:46:51 UTC<br/>2024-07-09 02:47:21 UTC</span></div>
</div>]]></description>
		<Style>
			<LineStyle>
				<color>ff3600ff</color>
				<width>2</width>
			</LineStyle>
		</Style>
		<MultiGeometry>
			<LineString>
				<tessellate>1</tessellate>
				<altitudeMode>absolute</altitudeMode>
				<coordinates>
					-153.584595,61.284393,9464.040000000001 -153.705948,61.283741,9646.919999999998 
				</coordinates>
			</LineString>
		</MultiGeometry>
	</Placemark>
	<Placemark>
		<name>P-141</name>
		<visibility>0</visibility>
		<description><![CDATA[<div><div><span><b>Altitude:</b></span> <span>31,650 ft - 32,000 ft</span></div>
<div><span><b>Speed:</b></span> <span>423 kt - 433 kt</span></div>
<div><span><b>Timestamp:</b></span><br/><span>2024-07-09 02:47:21 UTC<br/>2024-07-09 02:47:54 UTC</span></div>
</div>]]></description>
		<Style>
			<LineStyle>
				<color>ff4e00ff</color>
				<width>2</width>
			</LineStyle>
		</Style>
		<MultiGeometry>
			<LineString>
				<tessellate>1</tessellate>
				<altitudeMode>absolute</altitudeMode>
				<coordinates>
					-153.705948,61.283741,9646.919999999998 -153.843521,61.282837,9753.6 
				</coordinates>
			</LineString>
		</MultiGeometry>
	</Placemark>
	<Placemark>
		<name>P-142</name>
		<visibility>0</visibility>
		<description><![CDATA[<div><div><span><b>Altitude:</b></span> <span>32,000 ft - 32,600 ft</span></div>
<div><span><b>Speed:</b></span> <span>433 kt - 435 kt</span></div>
<div><span><b>Timestamp:</b></span><br/><span>2024-07-09 02:47:54 UTC<br/>2024-07-09 02:48:28 UTC</span></div>
</div>]]></description>
		<Style>
			<LineStyle>
				<color>ff4e00ff</color>
				<width>2</width>
			</LineStyle>
		</Style>
		<MultiGeometry>
			<LineString>
				<tessellate>1</tessellate>
				<altitudeMode>absolute</altitudeMode>
				<coordinates>
					-153.843521,61.282837,9753.6 -153.983597,61.281738,9936.48 
				</coordinates>
			</LineString>
		</MultiGeometry>
	</Placemark>
	<Placemark>
		<name>P-143</name>
		<visibility>0</visibility>
		<description><![CDATA[<div><div><span><b>Altitude:</b></span> <span>32,600 ft - 33,350 ft</span></div>
<div><span><b>Speed:</b></span> <span>435 kt - 430 kt</span></div>
<div><span><b>Timestamp:</b></span><br/><span>2024-07-09 02:48:28 UTC<br/>2024-07-09 02:48:58 UTC</span></div>
</div>]]></description>
		<Style>
			<LineStyle>
				<color>ff4e00ff</color>
				<width>2</width>
			</LineStyle>
		</Style>
		<MultiGeometry>
			<LineString>
				<tessellate>1</tessellate>
				<altitudeMode>absolute</altitudeMode>
				<coordinates>
					-153.983597,61.281738,9936.48 -154.108688,61.28057500000001,10165.08 
				</coordinates>
			</LineString>
		</MultiGeometry>
	</Placemark>
	<Placemark>
		<name>P-144</name>
		<visibility>0</visibility>
		<description><![CDATA[<div><div><span><b>Altitude:</b></span> <span>33,350 ft - 34,000 ft</span></div>
<div><span><b>Speed:</b></span> <span>430 kt - 429 kt</span></div>
<div><span><b>Timestamp:</b></span><br/><span>2024-07-09 02:48:58 UTC<br/>2024-07-09 02:49:32 UTC</span></div>
</div>]]></description>
		<Style>
			<LineStyle>
				<color>ff6000ff</color>
				<width>2</width>
			</LineStyle>
		</Style>
		<MultiGeometry>
			<LineString>
				<tessellate>1</tessellate>
				<altitudeMode>absolute</altitudeMode>
				<coordinates>
					-154.108688,61.28057500000001,10165.08 -154.245407,61.279224,10363.2 
				</coordinates>
			</LineString>
		</MultiGeometry>
	</Placemark>
	<Placemark>
		<name>P-145</name>
		<visibility>0</visibility>
		<description><![CDATA[<div><div><span><b>Altitude:</b></span> <span>34,000 ft</span></div>
<div><span><b>Speed:</b></span> <span>429 kt - 439 kt</span></div>
<div><span><b>Timestamp:</b></span><br/><span>2024-07-09 02:49:32 UTC<br/>2024-07-09 02:50:05 UTC</span></div>
</div>]]></description>
		<Style>
			<LineStyle>
				<color>ff6000ff</color>
				<width>2</width>
			</LineStyle>
		</Style>
		<MultiGeometry>
			<LineString>
				<tessellate>1</tessellate>
				<altitudeMode>absolute</altitudeMode>
				<coordinates>
					-154.245407,61.279224,10363.2 -154.385574,61.27784699999999,10363.2 
				</coordinates>
			</LineString>
		</MultiGeometry>
	</Placemark>
	<Placemark>
		<name>P-146</name>
		<visibility>0</visibility>
		<description><![CDATA[<div><div><span><b>Altitude:</b></span> <span>34,000 ft</span></div>
<div><span><b>Speed:</b></span> <span>439 kt - 440 kt</span></div>
<div><span><b>Timestamp:</b></span><br/><span>2024-07-09 02:50:05 UTC<br/>2024-07-09 02:50:35 UTC</span></div>
</div>]]></description>
		<Style>
			<LineStyle>
				<color>ff6000ff</color>
				<width>2</width>
			</LineStyle>
		</Style>
		<MultiGeometry>
			<LineString>
				<tessellate>1</tessellate>
				<altitudeMode>absolute</altitudeMode>
				<coordinates>
					-154.385574,61.27784699999999,10363.2 -154.513382,61.276337,10363.2 
				</coordinates>
			</LineString>
		</MultiGeometry>
	</Placemark>
	<Placemark>
		<name>P-147</name>
		<visibility>0</visibility>
		<description><![CDATA[<div><div><span><b>Altitude:</b></span> <span>34,000 ft - 34,025 ft</span></div>
<div><span><b>Speed:</b></span> <span>440 kt - 439 kt</span></div>
<div><span><b>Timestamp:</b></span><br/><span>2024-07-09 02:50:35 UTC<br/>2024-07-09 02:51:05 UTC</span></div>
</div>]]></description>
		<Style>
			<LineStyle>
				<color>ff6000ff</color>
				<width>2</width>
			</LineStyle>
		</Style>
		<MultiGeometry>
			<LineString>
				<tessellate>1</tessellate>
				<altitudeMode>absolute</altitudeMode>
				<coordinates>
					-154.513382,61.276337,10363.2 -154.637253,61.27480300000001,10370.82 
				</coordinates>
			</LineString>
		</MultiGeometry>
	</Placemark>
	<Placemark>
		<name>P-148</name>
		<visibility>0</visibility>
		<description><![CDATA[<div><div><span><b>Altitude:</b></span> <span>34,025 ft - 34,000 ft</span></div>
<div><span><b>Speed:</b></span> <span>439 kt - 437 kt</span></div>
<div><span><b>Timestamp:</b></span><br/><span>2024-07-09 02:51:05 UTC<br/>2024-07-09 02:51:39 UTC</span></div>
</div>]]></description>
		<Style>
			<LineStyle>
				<color>ff6000ff</color>
				<width>2</width>
			</LineStyle>
		</Style>
		<MultiGeometry>
			<LineString>
				<tessellate>1</tessellate>
				<altitudeMode>absolute</altitudeMode>
				<coordinates>
					-154.637253,61.27480300000001,10370.82 -154.781906,61.272846,10363.2 
				</coordinates>
			</LineString>
		</MultiGeometry>
	</Placemark>
	<Placemark>
		<name>P-149</name>
		<visibility>0</visibility>
		<description><![CDATA[<div><div><span><b>Altitude:</b></span> <span>34,000 ft - 33,975 ft</span></div>
<div><span><b>Speed:</b></span> <span>437 kt - 433 kt</span></div>
<div><span><b>Timestamp:</b></span><br/><span>2024-07-09 02:51:39 UTC<br/>2024-07-09 02:52:13 UTC</span></div>
</div>]]></description>
		<Style>
			<LineStyle>
				<color>ff6000ff</color>
				<width>2</width>
			</LineStyle>
		</Style>
		<MultiGeometry>
			<LineString>
				<tessellate>1</tessellate>
				<altitudeMode>absolute</altitudeMode>
				<coordinates>
					-154.781906,61.272846,10363.2 -154.921448,61.270889,10355.58 
				</coordinates>
			</LineString>
		</MultiGeometry>
	</Placemark>
	<Placemark>
		<name>P-150</name>
		<visibility>0</visibility>
		<description><![CDATA[<div><div><span><b>Altitude:</b></span> <span>33,975 ft - 33,950 ft</span></div>
<div><span><b>Speed:</b></span> <span>433 kt - 431 kt</span></div>
<div><span><b>Timestamp:</b></span><br/><span>2024-07-09 02:52:13 UTC<br/>2024-07-09 02:52:43 UTC</span></div>
</div>]]></description>
		<Style>
			<LineStyle>
				<color>ff6000ff</color>
				<width>2</width>
			</LineStyle>
		</Style>
		<MultiGeometry>
			<LineString>
				<tessellate>1</tessellate>
				<altitudeMode>absolute</altitudeMode>
				<coordinates>
					-154.921448,61.270889,10355.58 -155.045059,61.26898199999999,10347.96 
				</coordinates>
			</LineString>
		</MultiGeometry>
	</Placemark>
	<Placemark>
		<name>P-151</name>
		<visibility>0</visibility>
		<description><![CDATA[<div><div><span><b>Altitude:</b></span> <span>33,950 ft</span></div>
<div><span><b>Speed:</b></span> <span>431 kt - 430 kt</span></div>
<div><span><b>Timestamp:</b></span><br/><span>2024-07-09 02:52:43 UTC<br/>2024-07-09 02:53:16 UTC</span></div>
</div>]]></description>
		<Style>
			<LineStyle>
				<color>ff6000ff</color>
				<width>2</width>
			</LineStyle>
		</Style>
		<MultiGeometry>
			<LineString>
				<tessellate>1</tessellate>
				<altitudeMode>absolute</altitudeMode>
				<coordinates>
					-155.045059,61.26898199999999,10347.96 -155.183746,61.266541,10347.96 
				</coordinates>
			</LineString>
		</MultiGeometry>
	</Placemark>
	<Placemark>
		<name>P-152</name>
		<visibility>0</visibility>
		<description><![CDATA[<div><div><span><b>Altitude:</b></span> <span>33,950 ft - 34,000 ft</span></div>
<div><span><b>Speed:</b></span> <span>430 kt - 429 kt</span></div>
<div><span><b>Timestamp:</b></span><br/><span>2024-07-09 02:53:16 UTC<br/>2024-07-09 02:53:50 UTC</span></div>
</div>]]></description>
		<Style>
			<LineStyle>
				<color>ff6000ff</color>
				<width>2</width>
			</LineStyle>
		</Style>
		<MultiGeometry>
			<LineString>
				<tessellate>1</tessellate>
				<altitudeMode>absolute</altitudeMode>
				<coordinates>
					-155.183746,61.266541,10347.96 -155.321854,61.264095,10363.2 
				</coordinates>
			</LineString>
		</MultiGeometry>
	</Placemark>
	<Placemark>
		<name>P-153</name>
		<visibility>0</visibility>
		<description><![CDATA[<div><div><span><b>Altitude:</b></span> <span>34,000 ft</span></div>
<div><span><b>Speed:</b></span> <span>429 kt</span></div>
<div><span><b>Timestamp:</b></span><br/><span>2024-07-09 02:53:50 UTC<br/>2024-07-09 02:54:24 UTC</span></div>
</div>]]></description>
		<Style>
			<LineStyle>
				<color>ff6000ff</color>
				<width>2</width>
			</LineStyle>
		</Style>
		<MultiGeometry>
			<LineString>
				<tessellate>1</tessellate>
				<altitudeMode>absolute</altitudeMode>
				<coordinates>
					-155.321854,61.264095,10363.2 -155.459396,61.26144,10363.2 
				</coordinates>
			</LineString>
		</MultiGeometry>
	</Placemark>
	<Placemark>
		<name>P-154</name>
		<visibility>0</visibility>
		<description><![CDATA[<div><div><span><b>Altitude:</b></span> <span>34,000 ft</span></div>
<div><span><b>Speed:</b></span> <span>429 kt - 431 kt</span></div>
<div><span><b>Timestamp:</b></span><br/><span>2024-07-09 02:54:24 UTC<br/>2024-07-09 02:54:55 UTC</span></div>
</div>]]></description>
		<Style>
			<LineStyle>
				<color>ff6000ff</color>
				<width>2</width>
			</LineStyle>
		</Style>
		<MultiGeometry>
			<LineString>
				<tessellate>1</tessellate>
				<altitudeMode>absolute</altitudeMode>
				<coordinates>
					-155.459396,61.26144,10363.2 -155.586029,61.25885,10363.2 
				</coordinates>
			</LineString>
		</MultiGeometry>
	</Placemark>
	<Placemark>
		<name>P-155</name>
		<visibility>0</visibility>
		<description><![CDATA[<div><div><span><b>Altitude:</b></span> <span>34,000 ft</span></div>
<div><span><b>Speed:</b></span> <span>431 kt - 432 kt</span></div>
<div><span><b>Timestamp:</b></span><br/><span>2024-07-09 02:54:55 UTC<br/>2024-07-09 02:55:28 UTC</span></div>
</div>]]></description>
		<Style>
			<LineStyle>
				<color>ff6000ff</color>
				<width>2</width>
			</LineStyle>
		</Style>
		<MultiGeometry>
			<LineString>
				<tessellate>1</tessellate>
				<altitudeMode>absolute</altitudeMode>
				<coordinates>
					-155.586029,61.25885,10363.2 -155.724823,61.256104,10363.2 
				</coordinates>
			</LineString>
		</MultiGeometry>
	</Placemark>
	<Placemark>
		<name>P-156</name>
		<visibility>0</visibility>
		<description><![CDATA[<div><div><span><b>Altitude:</b></span> <span>34,000 ft</span></div>
<div><span><b>Speed:</b></span> <span>432 kt - 434 kt</span></div>
<div><span><b>Timestamp:</b></span><br/><span>2024-07-09 02:55:28 UTC<br/>2024-07-09 02:55:58 UTC</span></div>
</div>]]></description>
		<Style>
			<LineStyle>
				<color>ff6000ff</color>
				<width>2</width>
			</LineStyle>
		</Style>
		<MultiGeometry>
			<LineString>
				<tessellate>1</tessellate>
				<altitudeMode>absolute</altitudeMode>
				<coordinates>
					-155.724823,61.256104,10363.2 -155.848389,61.25362000000001,10363.2 
				</coordinates>
			</LineString>
		</MultiGeometry>
	</Placemark>
	<Placemark>
		<name>P-157</name>
		<visibility>0</visibility>
		<description><![CDATA[<div><div><span><b>Altitude:</b></span> <span>34,000 ft - 34,025 ft</span></div>
<div><span><b>Speed:</b></span> <span>434 kt - 436 kt</span></div>
<div><span><b>Timestamp:</b></span><br/><span>2024-07-09 02:55:58 UTC<br/>2024-07-09 02:56:32 UTC</span></div>
</div>]]></description>
		<Style>
			<LineStyle>
				<color>ff6000ff</color>
				<width>2</width>
			</LineStyle>
		</Style>
		<MultiGeometry>
			<LineString>
				<tessellate>1</tessellate>
				<altitudeMode>absolute</altitudeMode>
				<coordinates>
					-155.848389,61.25362000000001,10363.2 -155.989288,61.250519,10370.82 
				</coordinates>
			</LineString>
		</MultiGeometry>
	</Placemark>
	<Placemark>
		<name>P-158</name>
		<visibility>0</visibility>
		<description><![CDATA[<div><div><span><b>Altitude:</b></span> <span>34,025 ft - 34,050 ft</span></div>
<div><span><b>Speed:</b></span> <span>436 kt - 437 kt</span></div>
<div><span><b>Timestamp:</b></span><br/><span>2024-07-09 02:56:32 UTC<br/>2024-07-09 02:57:02 UTC</span></div>
</div>]]></description>
		<Style>
			<LineStyle>
				<color>ff6000ff</color>
				<width>2</width>
			</LineStyle>
		</Style>
		<MultiGeometry>
			<LineString>
				<tessellate>1</tessellate>
				<altitudeMode>absolute</altitudeMode>
				<coordinates>
					-155.989288,61.250519,10370.82 -156.116898,61.25093100000001,10378.44 
				</coordinates>
			</LineString>
		</MultiGeometry>
	</Placemark>
	<Placemark>
		<name>P-159</name>
		<visibility>0</visibility>
		<description><![CDATA[<div><div><span><b>Altitude:</b></span> <span>34,050 ft</span></div>
<div><span><b>Speed:</b></span> <span>437 kt</span></div>
<div><span><b>Timestamp:</b></span><br/><span>2024-07-09 02:57:02 UTC<br/>2024-07-09 02:57:35 UTC</span></div>
</div>]]></description>
		<Style>
			<LineStyle>
				<color>ff6000ff</color>
				<width>2</width>
			</LineStyle>
		</Style>
		<MultiGeometry>
			<LineString>
				<tessellate>1</tessellate>
				<altitudeMode>absolute</altitudeMode>
				<coordinates>
					-156.116898,61.25093100000001,10378.44 -156.254135,61.25175500000001,10378.44 
				</coordinates>
			</LineString>
		</MultiGeometry>
	</Placemark>
	<Placemark>
		<name>P-160</name>
		<visibility>0</visibility>
		<description><![CDATA[<div><div><span><b>Altitude:</b></span> <span>34,050 ft</span></div>
<div><span><b>Speed:</b></span> <span>437 kt - 436 kt</span></div>
<div><span><b>Timestamp:</b></span><br/><span>2024-07-09 02:57:35 UTC<br/>2024-07-09 02:58:05 UTC</span></div>
</div>]]></description>
		<Style>
			<LineStyle>
				<color>ff6000ff</color>
				<width>2</width>
			</LineStyle>
		</Style>
		<MultiGeometry>
			<LineString>
				<tessellate>1</tessellate>
				<altitudeMode>absolute</altitudeMode>
				<coordinates>
					-156.254135,61.25175500000001,10378.44 -156.379593,61.25235,10378.44 
				</coordinates>
			</LineString>
		</MultiGeometry>
	</Placemark>
	<Placemark>
		<name>P-161</name>
		<visibility>0</visibility>
		<description><![CDATA[<div><div><span><b>Altitude:</b></span> <span>34,050 ft - 34,000 ft</span></div>
<div><span><b>Speed:</b></span> <span>436 kt - 437 kt</span></div>
<div><span><b>Timestamp:</b></span><br/><span>2024-07-09 02:58:05 UTC<br/>2024-07-09 02:58:39 UTC</span></div>
</div>]]></description>
		<Style>
			<LineStyle>
				<color>ff6000ff</color>
				<width>2</width>
			</LineStyle>
		</Style>
		<MultiGeometry>
			<LineString>
				<tessellate>1</tessellate>
				<altitudeMode>absolute</altitudeMode>
				<coordinates>
					-156.379593,61.25235,10378.44 -156.521103,61.25292200000001,10363.2 
				</coordinates>
			</LineString>
		</MultiGeometry>
	</Placemark>
	<Placemark>
		<name>P-162</name>
		<visibility>0</visibility>
		<description><![CDATA[<div><div><span><b>Altitude:</b></span> <span>34,000 ft - 34,050 ft</span></div>
<div><span><b>Speed:</b></span> <span>437 kt - 435 kt</span></div>
<div><span><b>Timestamp:</b></span><br/><span>2024-07-09 02:58:39 UTC<br/>2024-07-09 02:59:09 UTC</span></div>
</div>]]></description>
		<Style>
			<LineStyle>
				<color>ff6000ff</color>
				<width>2</width>
			</LineStyle>
		</Style>
		<MultiGeometry>
			<LineString>
				<tessellate>1</tessellate>
				<altitudeMode>absolute</altitudeMode>
				<coordinates>
					-156.521103,61.25292200000001,10363.2 -156.648758,61.252968,10378.44 
				</coordinates>
			</LineString>
		</MultiGeometry>
	</Placemark>
	<Placemark>
		<name>P-163</name>
		<visibility>0</visibility>
		<description><![CDATA[<div><div><span><b>Altitude:</b></span> <span>34,050 ft - 34,025 ft</span></div>
<div><span><b>Speed:</b></span> <span>435 kt</span></div>
<div><span><b>Timestamp:</b></span><br/><span>2024-07-09 02:59:09 UTC<br/>2024-07-09 02:59:40 UTC</span></div>
</div>]]></description>
		<Style>
			<LineStyle>
				<color>ff6000ff</color>
				<width>2</width>
			</LineStyle>
		</Style>
		<MultiGeometry>
			<LineString>
				<tessellate>1</tessellate>
				<altitudeMode>absolute</altitudeMode>
				<coordinates>
					-156.648758,61.252968,10378.44 -156.777756,61.25329600000001,10370.82 
				</coordinates>
			</LineString>
		</MultiGeometry>
	</Placemark>
	<Placemark>
		<name>P-164</name>
		<visibility>0</visibility>
		<description><![CDATA[<div><div><span><b>Altitude:</b></span> <span>34,025 ft - 34,600 ft</span></div>
<div><span><b>Speed:</b></span> <span>435 kt - 428 kt</span></div>
<div><span><b>Timestamp:</b></span><br/><span>2024-07-09 02:59:40 UTC<br/>2024-07-09 03:00:11 UTC</span></div>
</div>]]></description>
		<Style>
			<LineStyle>
				<color>ff6000ff</color>
				<width>2</width>
			</LineStyle>
		</Style>
		<MultiGeometry>
			<LineString>
				<tessellate>1</tessellate>
				<altitudeMode>absolute</altitudeMode>
				<coordinates>
					-156.777756,61.25329600000001,10370.82 -156.904587,61.253311,10546.08 
				</coordinates>
			</LineString>
		</MultiGeometry>
	</Placemark>
	<Placemark>
		<name>P-165</name>
		<visibility>0</visibility>
		<description><![CDATA[<div><div><span><b>Altitude:</b></span> <span>34,600 ft - 35,500 ft</span></div>
<div><span><b>Speed:</b></span> <span>428 kt - 419 kt</span></div>
<div><span><b>Timestamp:</b></span><br/><span>2024-07-09 03:00:11 UTC<br/>2024-07-09 03:00:44 UTC</span></div>
</div>]]></description>
		<Style>
			<LineStyle>
				<color>ff7800ff</color>
				<width>2</width>
			</LineStyle>
		</Style>
		<MultiGeometry>
			<LineString>
				<tessellate>1</tessellate>
				<altitudeMode>absolute</altitudeMode>
				<coordinates>
					-156.904587,61.253311,10546.08 -157.036804,61.253174,10820.4 
				</coordinates>
			</LineString>
		</MultiGeometry>
	</Placemark>
	<Placemark>
		<name>P-166</name>
		<visibility>0</visibility>
		<description><![CDATA[<div><div><span><b>Altitude:</b></span> <span>35,500 ft - 35,950 ft</span></div>
<div><span><b>Speed:</b></span> <span>419 kt</span></div>
<div><span><b>Timestamp:</b></span><br/><span>2024-07-09 03:00:44 UTC<br/>2024-07-09 03:01:15 UTC</span></div>
</div>]]></description>
		<Style>
			<LineStyle>
				<color>ff7800ff</color>
				<width>2</width>
			</LineStyle>
		</Style>
		<MultiGeometry>
			<LineString>
				<tessellate>1</tessellate>
				<altitudeMode>absolute</altitudeMode>
				<coordinates>
					-157.036804,61.253174,10820.4 -157.16246,61.25299099999999,10957.56 
				</coordinates>
			</LineString>
		</MultiGeometry>
	</Placemark>
	<Placemark>
		<name>P-167</name>
		<visibility>0</visibility>
		<description><![CDATA[<div><div><span><b>Altitude:</b></span> <span>35,950 ft - 36,000 ft</span></div>
<div><span><b>Speed:</b></span> <span>419 kt - 420 kt</span></div>
<div><span><b>Timestamp:</b></span><br/><span>2024-07-09 03:01:15 UTC<br/>2024-07-09 03:01:46 UTC</span></div>
</div>]]></description>
		<Style>
			<LineStyle>
				<color>ff7800ff</color>
				<width>2</width>
			</LineStyle>
		</Style>
		<MultiGeometry>
			<LineString>
				<tessellate>1</tessellate>
				<altitudeMode>absolute</altitudeMode>
				<coordinates>
					-157.16246,61.25299099999999,10957.56 -157.287338,61.252533,10972.8 
				</coordinates>
			</LineString>
		</MultiGeometry>
	</Placemark>
	<Placemark>
		<name>P-168</name>
		<visibility>0</visibility>
		<description><![CDATA[<div><div><span><b>Altitude:</b></span> <span>36,000 ft</span></div>
<div><span><b>Speed:</b></span> <span>420 kt - 419 kt</span></div>
<div><span><b>Timestamp:</b></span><br/><span>2024-07-09 03:01:46 UTC<br/>2024-07-09 03:02:17 UTC</span></div>
</div>]]></description>
		<Style>
			<LineStyle>
				<color>ff7800ff</color>
				<width>2</width>
			</LineStyle>
		</Style>
		<MultiGeometry>
			<LineString>
				<tessellate>1</tessellate>
				<altitudeMode>absolute</altitudeMode>
				<coordinates>
					-157.287338,61.252533,10972.8 -157.409973,61.25222399999999,10972.8 
				</coordinates>
			</LineString>
		</MultiGeometry>
	</Placemark>
	<Placemark>
		<name>P-169</name>
		<visibility>0</visibility>
		<description><![CDATA[<div><div><span><b>Altitude:</b></span> <span>36,000 ft</span></div>
<div><span><b>Speed:</b></span> <span>419 kt - 418 kt</span></div>
<div><span><b>Timestamp:</b></span><br/><span>2024-07-09 03:02:17 UTC<br/>2024-07-09 03:02:48 UTC</span></div>
</div>]]></description>
		<Style>
			<LineStyle>
				<color>ff7800ff</color>
				<width>2</width>
			</LineStyle>
		</Style>
		<MultiGeometry>
			<LineString>
				<tessellate>1</tessellate>
				<altitudeMode>absolute</altitudeMode>
				<coordinates>
					-157.409973,61.25222399999999,10972.8 -157.534683,61.25185,10972.8 
				</coordinates>
			</LineString>
		</MultiGeometry>
	</Placemark>
	<Placemark>
		<name>P-170</name>
		<visibility>0</visibility>
		<description><![CDATA[<div><div><span><b>Altitude:</b></span> <span>36,000 ft</span></div>
<div><span><b>Speed:</b></span> <span>418 kt - 415 kt</span></div>
<div><span><b>Timestamp:</b></span><br/><span>2024-07-09 03:02:48 UTC<br/>2024-07-09 03:03:22 UTC</span></div>
</div>]]></description>
		<Style>
			<LineStyle>
				<color>ff7800ff</color>
				<width>2</width>
			</LineStyle>
		</Style>
		<MultiGeometry>
			<LineString>
				<tessellate>1</tessellate>
				<altitudeMode>absolute</altitudeMode>
				<coordinates>
					-157.534683,61.25185,10972.8 -157.67009,61.251389,10972.8 
				</coordinates>
			</LineString>
		</MultiGeometry>
	</Placemark>
	<Placemark>
		<name>P-171</name>
		<visibility>0</visibility>
		<description><![CDATA[<div><div><span><b>Altitude:</b></span> <span>36,000 ft - 35,975 ft</span></div>
<div><span><b>Speed:</b></span> <span>415 kt - 414 kt</span></div>
<div><span><b>Timestamp:</b></span><br/><span>2024-07-09 03:03:22 UTC<br/>2024-07-09 03:03:56 UTC</span></div>
</div>]]></description>
		<Style>
			<LineStyle>
				<color>ff7800ff</color>
				<width>2</width>
			</LineStyle>
		</Style>
		<MultiGeometry>
			<LineString>
				<tessellate>1</tessellate>
				<altitudeMode>absolute</altitudeMode>
				<coordinates>
					-157.67009,61.251389,10972.8 -157.805069,61.25065600000001,10965.18 
				</coordinates>
			</LineString>
		</MultiGeometry>
	</Placemark>
	<Placemark>
		<name>P-172</name>
		<visibility>0</visibility>
		<description><![CDATA[<div><div><span><b>Altitude:</b></span> <span>35,975 ft</span></div>
<div><span><b>Speed:</b></span> <span>414 kt - 412 kt</span></div>
<div><span><b>Timestamp:</b></span><br/><span>2024-07-09 03:03:56 UTC<br/>2024-07-09 03:04:27 UTC</span></div>
</div>]]></description>
		<Style>
			<LineStyle>
				<color>ff7800ff</color>
				<width>2</width>
			</LineStyle>
		</Style>
		<MultiGeometry>
			<LineString>
				<tessellate>1</tessellate>
				<altitudeMode>absolute</altitudeMode>
				<coordinates>
					-157.805069,61.25065600000001,10965.18 -157.926605,61.249786,10965.18 
				</coordinates>
			</LineString>
		</MultiGeometry>
	</Placemark>
	<Placemark>
		<name>P-173</name>
		<visibility>0</visibility>
		<description><![CDATA[<div><div><span><b>Altitude:</b></span> <span>35,975 ft</span></div>
<div><span><b>Speed:</b></span> <span>412 kt - 411 kt</span></div>
<div><span><b>Timestamp:</b></span><br/><span>2024-07-09 03:04:27 UTC<br/>2024-07-09 03:04:58 UTC</span></div>
</div>]]></description>
		<Style>
			<LineStyle>
				<color>ff7800ff</color>
				<width>2</width>
			</LineStyle>
		</Style>
		<MultiGeometry>
			<LineString>
				<tessellate>1</tessellate>
				<altitudeMode>absolute</altitudeMode>
				<coordinates>
					-157.926605,61.249786,10965.18 -158.047684,61.248825,10965.18 
				</coordinates>
			</LineString>
		</MultiGeometry>
	</Placemark>
	<Placemark>
		<name>P-174</name>
		<visibility>0</visibility>
		<description><![CDATA[<div><div><span><b>Altitude:</b></span> <span>35,975 ft</span></div>
<div><span><b>Speed:</b></span> <span>411 kt</span></div>
<div><span><b>Timestamp:</b></span><br/><span>2024-07-09 03:04:58 UTC<br/>2024-07-09 03:05:32 UTC</span></div>
</div>]]></description>
		<Style>
			<LineStyle>
				<color>ff7800ff</color>
				<width>2</width>
			</LineStyle>
		</Style>
		<MultiGeometry>
			<LineString>
				<tessellate>1</tessellate>
				<altitudeMode>absolute</altitudeMode>
				<coordinates>
					-158.047684,61.248825,10965.18 -158.181641,61.247589,10965.18 
				</coordinates>
			</LineString>
		</MultiGeometry>
	</Placemark>
	<Placemark>
		<name>P-175</name>
		<visibility>0</visibility>
		<description><![CDATA[<div><div><span><b>Altitude:</b></span> <span>35,975 ft</span></div>
<div><span><b>Speed:</b></span> <span>411 kt</span></div>
<div><span><b>Timestamp:</b></span><br/><span>2024-07-09 03:05:32 UTC<br/>2024-07-09 03:06:03 UTC</span></div>
</div>]]></description>
		<Style>
			<LineStyle>
				<color>ff7800ff</color>
				<width>2</width>
			</LineStyle>
		</Style>
		<MultiGeometry>
			<LineString>
				<tessellate>1</tessellate>
				<altitudeMode>absolute</altitudeMode>
				<coordinates>
					-158.181641,61.247589,10965.18 -158.302979,61.24630699999999,10965.18 
				</coordinates>
			</LineString>
		</MultiGeometry>
	</Placemark>
	<Placemark>
		<name>P-176</name>
		<visibility>0</visibility>
		<description><![CDATA[<div><div><span><b>Altitude:</b></span> <span>35,975 ft - 36,000 ft</span></div>
<div><span><b>Speed:</b></span> <span>411 kt - 412 kt</span></div>
<div><span><b>Timestamp:</b></span><br/><span>2024-07-09 03:06:03 UTC<br/>2024-07-09 03:06:34 UTC</span></div>
</div>]]></description>
		<Style>
			<LineStyle>
				<color>ff7800ff</color>
				<width>2</width>
			</LineStyle>
		</Style>
		<MultiGeometry>
			<LineString>
				<tessellate>1</tessellate>
				<altitudeMode>absolute</altitudeMode>
				<coordinates>
					-158.302979,61.24630699999999,10965.18 -158.425598,61.244961,10972.8 
				</coordinates>
			</LineString>
		</MultiGeometry>
	</Placemark>
	<Placemark>
		<name>P-177</name>
		<visibility>0</visibility>
		<description><![CDATA[<div><div><span><b>Altitude:</b></span> <span>36,000 ft</span></div>
<div><span><b>Speed:</b></span> <span>412 kt - 413 kt</span></div>
<div><span><b>Timestamp:</b></span><br/><span>2024-07-09 03:06:34 UTC<br/>2024-07-09 03:07:08 UTC</span></div>
</div>]]></description>
		<Style>
			<LineStyle>
				<color>ff7800ff</color>
				<width>2</width>
			</LineStyle>
		</Style>
		<MultiGeometry>
			<LineString>
				<tessellate>1</tessellate>
				<altitudeMode>absolute</altitudeMode>
				<coordinates>
					-158.425598,61.244961,10972.8 -158.560593,61.243332,10972.8 
				</coordinates>
			</LineString>
		</MultiGeometry>
	</Placemark>
	<Placemark>
		<name>P-178</name>
		<visibility>0</visibility>
		<description><![CDATA[<div><div><span><b>Altitude:</b></span> <span>36,000 ft</span></div>
<div><span><b>Speed:</b></span> <span>413 kt</span></div>
<div><span><b>Timestamp:</b></span><br/><span>2024-07-09 03:07:08 UTC<br/>2024-07-09 03:07:39 UTC</span></div>
</div>]]></description>
		<Style>
			<LineStyle>
				<color>ff7800ff</color>
				<width>2</width>
			</LineStyle>
		</Style>
		<MultiGeometry>
			<LineString>
				<tessellate>1</tessellate>
				<altitudeMode>absolute</altitudeMode>
				<coordinates>
					-158.560593,61.243332,10972.8 -158.681641,61.241749,10972.8 
				</coordinates>
			</LineString>
		</MultiGeometry>
	</Placemark>
	<Placemark>
		<name>P-179</name>
		<visibility>0</visibility>
		<description><![CDATA[<div><div><span><b>Altitude:</b></span> <span>36,000 ft</span></div>
<div><span><b>Speed:</b></span> <span>413 kt</span></div>
<div><span><b>Timestamp:</b></span><br/><span>2024-07-09 03:07:39 UTC<br/>2024-07-09 03:08:10 UTC</span></div>
</div>]]></description>
		<Style>
			<LineStyle>
				<color>ff7800ff</color>
				<width>2</width>
			</LineStyle>
		</Style>
		<MultiGeometry>
			<LineString>
				<tessellate>1</tessellate>
				<altitudeMode>absolute</altitudeMode>
				<coordinates>
					-158.681641,61.241749,10972.8 -158.803543,61.240128,10972.8 
				</coordinates>
			</LineString>
		</MultiGeometry>
	</Placemark>
	<Placemark>
		<name>P-180</name>
		<visibility>0</visibility>
		<description><![CDATA[<div><div><span><b>Altitude:</b></span> <span>36,000 ft - 36,025 ft</span></div>
<div><span><b>Speed:</b></span> <span>413 kt</span></div>
<div><span><b>Timestamp:</b></span><br/><span>2024-07-09 03:08:10 UTC<br/>2024-07-09 03:08:41 UTC</span></div>
</div>]]></description>
		<Style>
			<LineStyle>
				<color>ff7800ff</color>
				<width>2</width>
			</LineStyle>
		</Style>
		<MultiGeometry>
			<LineString>
				<tessellate>1</tessellate>
				<altitudeMode>absolute</altitudeMode>
				<coordinates>
					-158.803543,61.240128,10972.8 -158.927139,61.238434,10980.42 
				</coordinates>
			</LineString>
		</MultiGeometry>
	</Placemark>
	<Placemark>
		<name>P-181</name>
		<visibility>0</visibility>
		<description><![CDATA[<div><div><span><b>Altitude:</b></span> <span>36,025 ft</span></div>
<div><span><b>Speed:</b></span> <span>413 kt - 414 kt</span></div>
<div><span><b>Timestamp:</b></span><br/><span>2024-07-09 03:08:41 UTC<br/>2024-07-09 03:09:11 UTC</span></div>
</div>]]></description>
		<Style>
			<LineStyle>
				<color>ff7800ff</color>
				<width>2</width>
			</LineStyle>
		</Style>
		<MultiGeometry>
			<LineString>
				<tessellate>1</tessellate>
				<altitudeMode>absolute</altitudeMode>
				<coordinates>
					-158.927139,61.238434,10980.42 -159.046326,61.236694,10980.42 
				</coordinates>
			</LineString>
		</MultiGeometry>
	</Placemark>
	<Placemark>
		<name>P-182</name>
		<visibility>0</visibility>
		<description><![CDATA[<div><div><span><b>Altitude:</b></span> <span>36,025 ft</span></div>
<div><span><b>Speed:</b></span> <span>414 kt</span></div>
<div><span><b>Timestamp:</b></span><br/><span>2024-07-09 03:09:11 UTC<br/>2024-07-09 03:09:45 UTC</span></div>
</div>]]></description>
		<Style>
			<LineStyle>
				<color>ff7800ff</color>
				<width>2</width>
			</LineStyle>
		</Style>
		<MultiGeometry>
			<LineString>
				<tessellate>1</tessellate>
				<altitudeMode>absolute</altitudeMode>
				<coordinates>
					-159.046326,61.236694,10980.42 -159.181686,61.234497,10980.42 
				</coordinates>
			</LineString>
		</MultiGeometry>
	</Placemark>
	<Placemark>
		<name>P-183</name>
		<visibility>0</visibility>
		<description><![CDATA[<div><div><span><b>Altitude:</b></span> <span>36,025 ft - 36,000 ft</span></div>
<div><span><b>Speed:</b></span> <span>414 kt - 415 kt</span></div>
<div><span><b>Timestamp:</b></span><br/><span>2024-07-09 03:09:45 UTC<br/>2024-07-09 03:10:15 UTC</span></div>
</div>]]></description>
		<Style>
			<LineStyle>
				<color>ff7800ff</color>
				<width>2</width>
			</LineStyle>
		</Style>
		<MultiGeometry>
			<LineString>
				<tessellate>1</tessellate>
				<altitudeMode>absolute</altitudeMode>
				<coordinates>
					-159.181686,61.234497,10980.42 -159.301956,61.232487,10972.8 
				</coordinates>
			</LineString>
		</MultiGeometry>
	</Placemark>
	<Placemark>
		<name>P-184</name>
		<visibility>0</visibility>
		<description><![CDATA[<div><div><span><b>Altitude:</b></span> <span>36,000 ft</span></div>
<div><span><b>Speed:</b></span> <span>415 kt</span></div>
<div><span><b>Timestamp:</b></span><br/><span>2024-07-09 03:10:15 UTC<br/>2024-07-09 03:10:47 UTC</span></div>
</div>]]></description>
		<Style>
			<LineStyle>
				<color>ff7800ff</color>
				<width>2</width>
			</LineStyle>
		</Style>
		<MultiGeometry>
			<LineString>
				<tessellate>1</tessellate>
				<altitudeMode>absolute</altitudeMode>
				<coordinates>
					-159.301956,61.232487,10972.8 -159.425262,61.23028600000001,10972.8 
				</coordinates>
			</LineString>
		</MultiGeometry>
	</Placemark>
	<Placemark>
		<name>P-185</name>
		<visibility>0</visibility>
		<description><![CDATA[<div><div><span><b>Altitude:</b></span> <span>36,000 ft</span></div>
<div><span><b>Speed:</b></span> <span>415 kt - 416 kt</span></div>
<div><span><b>Timestamp:</b></span><br/><span>2024-07-09 03:10:47 UTC<br/>2024-07-09 03:11:17 UTC</span></div>
</div>]]></description>
		<Style>
			<LineStyle>
				<color>ff7800ff</color>
				<width>2</width>
			</LineStyle>
		</Style>
		<MultiGeometry>
			<LineString>
				<tessellate>1</tessellate>
				<altitudeMode>absolute</altitudeMode>
				<coordinates>
					-159.425262,61.23028600000001,10972.8 -159.547119,61.22801599999999,10972.8 
				</coordinates>
			</LineString>
		</MultiGeometry>
	</Placemark>
	<Placemark>
		<name>P-186</name>
		<visibility>0</visibility>
		<description><![CDATA[<div><div><span><b>Altitude:</b></span> <span>36,000 ft - 36,025 ft</span></div>
<div><span><b>Speed:</b></span> <span>416 kt</span></div>
<div><span><b>Timestamp:</b></span><br/><span>2024-07-09 03:11:17 UTC<br/>2024-07-09 03:11:48 UTC</span></div>
</div>]]></description>
		<Style>
			<LineStyle>
				<color>ff7800ff</color>
				<width>2</width>
			</LineStyle>
		</Style>
		<MultiGeometry>
			<LineString>
				<tessellate>1</tessellate>
				<altitudeMode>absolute</altitudeMode>
				<coordinates>
					-159.547119,61.22801599999999,10972.8 -159.668335,61.22561600000001,10980.42 
				</coordinates>
			</LineString>
		</MultiGeometry>
	</Placemark>
	<Placemark>
		<name>P-187</name>
		<visibility>0</visibility>
		<description><![CDATA[<div><div><span><b>Altitude:</b></span> <span>36,025 ft - 36,000 ft</span></div>
<div><span><b>Speed:</b></span> <span>416 kt - 415 kt</span></div>
<div><span><b>Timestamp:</b></span><br/><span>2024-07-09 03:11:48 UTC<br/>2024-07-09 03:12:22 UTC</span></div>
</div>]]></description>
		<Style>
			<LineStyle>
				<color>ff7800ff</color>
				<width>2</width>
			</LineStyle>
		</Style>
		<MultiGeometry>
			<LineString>
				<tessellate>1</tessellate>
				<altitudeMode>absolute</altitudeMode>
				<coordinates>
					-159.668335,61.22561600000001,10980.42 -159.802658,61.222755,10972.8 
				</coordinates>
			</LineString>
		</MultiGeometry>
	</Placemark>
	<Placemark>
		<name>P-188</name>
		<visibility>0</visibility>
		<description><![CDATA[<div><div><span><b>Altitude:</b></span> <span>36,000 ft - 36,025 ft</span></div>
<div><span><b>Speed:</b></span> <span>415 kt</span></div>
<div><span><b>Timestamp:</b></span><br/><span>2024-07-09 03:12:22 UTC<br/>2024-07-09 03:12:56 UTC</span></div>
</div>]]></description>
		<Style>
			<LineStyle>
				<color>ff7800ff</color>
				<width>2</width>
			</LineStyle>
		</Style>
		<MultiGeometry>
			<LineString>
				<tessellate>1</tessellate>
				<altitudeMode>absolute</altitudeMode>
				<coordinates>
					-159.802658,61.222755,10972.8 -159.937439,61.21973,10980.42 
				</coordinates>
			</LineString>
		</MultiGeometry>
	</Placemark>
	<Placemark>
		<name>P-189</name>
		<visibility>0</visibility>
		<description><![CDATA[<div><div><span><b>Altitude:</b></span> <span>36,025 ft - 36,000 ft</span></div>
<div><span><b>Speed:</b></span> <span>415 kt</span></div>
<div><span><b>Timestamp:</b></span><br/><span>2024-07-09 03:12:56 UTC<br/>2024-07-09 03:13:27 UTC</span></div>
</div>]]></description>
		<Style>
			<LineStyle>
				<color>ff7800ff</color>
				<width>2</width>
			</LineStyle>
		</Style>
		<MultiGeometry>
			<LineString>
				<tessellate>1</tessellate>
				<altitudeMode>absolute</altitudeMode>
				<coordinates>
					-159.937439,61.21973,10980.42 -160.060425,61.216938,10972.8 
				</coordinates>
			</LineString>
		</MultiGeometry>
	</Placemark>
	<Placemark>
		<name>P-190</name>
		<visibility>0</visibility>
		<description><![CDATA[<div><div><span><b>Altitude:</b></span> <span>36,000 ft</span></div>
<div><span><b>Speed:</b></span> <span>415 kt</span></div>
<div><span><b>Timestamp:</b></span><br/><span>2024-07-09 03:13:27 UTC<br/>2024-07-09 03:13:58 UTC</span></div>
</div>]]></description>
		<Style>
			<LineStyle>
				<color>ff7800ff</color>
				<width>2</width>
			</LineStyle>
		</Style>
		<MultiGeometry>
			<LineString>
				<tessellate>1</tessellate>
				<altitudeMode>absolute</altitudeMode>
				<coordinates>
					-160.060425,61.216938,10972.8 -160.183701,61.214127,10972.8 
				</coordinates>
			</LineString>
		</MultiGeometry>
	</Placemark>
	<Placemark>
		<name>P-191</name>
		<visibility>0</visibility>
		<description><![CDATA[<div><div><span><b>Altitude:</b></span> <span>36,000 ft</span></div>
<div><span><b>Speed:</b></span> <span>415 kt - 414 kt</span></div>
<div><span><b>Timestamp:</b></span><br/><span>2024-07-09 03:13:58 UTC<br/>2024-07-09 03:14:28 UTC</span></div>
</div>]]></description>
		<Style>
			<LineStyle>
				<color>ff7800ff</color>
				<width>2</width>
			</LineStyle>
		</Style>
		<MultiGeometry>
			<LineString>
				<tessellate>1</tessellate>
				<altitudeMode>absolute</altitudeMode>
				<coordinates>
					-160.183701,61.214127,10972.8 -160.305038,61.211105,10972.8 
				</coordinates>
			</LineString>
		</MultiGeometry>
	</Placemark>
	<Placemark>
		<name>P-192</name>
		<visibility>0</visibility>
		<description><![CDATA[<div><div><span><b>Altitude:</b></span> <span>36,000 ft</span></div>
<div><span><b>Speed:</b></span> <span>414 kt</span></div>
<div><span><b>Timestamp:</b></span><br/><span>2024-07-09 03:14:28 UTC<br/>2024-07-09 03:14:59 UTC</span></div>
</div>]]></description>
		<Style>
			<LineStyle>
				<color>ff7800ff</color>
				<width>2</width>
			</LineStyle>
		</Style>
		<MultiGeometry>
			<LineString>
				<tessellate>1</tessellate>
				<altitudeMode>absolute</altitudeMode>
				<coordinates>
					-160.305038,61.211105,10972.8 -160.426483,61.20799299999999,10972.8 
				</coordinates>
			</LineString>
		</MultiGeometry>
	</Placemark>
	<Placemark>
		<name>P-193</name>
		<visibility>0</visibility>
		<description><![CDATA[<div><div><span><b>Altitude:</b></span> <span>36,000 ft</span></div>
<div><span><b>Speed:</b></span> <span>414 kt</span></div>
<div><span><b>Timestamp:</b></span><br/><span>2024-07-09 03:14:59 UTC<br/>2024-07-09 03:15:30 UTC</span></div>
</div>]]></description>
		<Style>
			<LineStyle>
				<color>ff7800ff</color>
				<width>2</width>
			</LineStyle>
		</Style>
		<MultiGeometry>
			<LineString>
				<tessellate>1</tessellate>
				<altitudeMode>absolute</altitudeMode>
				<coordinates>
					-160.426483,61.20799299999999,10972.8 -160.549301,61.204651,10972.8 
				</coordinates>
			</LineString>
		</MultiGeometry>
	</Placemark>
	<Placemark>
		<name>P-194</name>
		<visibility>0</visibility>
		<description><![CDATA[<div><div><span><b>Altitude:</b></span> <span>36,000 ft - 35,975 ft</span></div>
<div><span><b>Speed:</b></span> <span>414 kt - 415 kt</span></div>
<div><span><b>Timestamp:</b></span><br/><span>2024-07-09 03:15:30 UTC<br/>2024-07-09 03:16:01 UTC</span></div>
</div>]]></description>
		<Style>
			<LineStyle>
				<color>ff7800ff</color>
				<width>2</width>
			</LineStyle>
		</Style>
		<MultiGeometry>
			<LineString>
				<tessellate>1</tessellate>
				<altitudeMode>absolute</altitudeMode>
				<coordinates>
					-160.549301,61.204651,10972.8 -160.673386,61.20130899999999,10965.18 
				</coordinates>
			</LineString>
		</MultiGeometry>
	</Placemark>
	<Placemark>
		<name>P-195</name>
		<visibility>0</visibility>
		<description><![CDATA[<div><div><span><b>Altitude:</b></span> <span>35,975 ft</span></div>
<div><span><b>Speed:</b></span> <span>415 kt - 416 kt</span></div>
<div><span><b>Timestamp:</b></span><br/><span>2024-07-09 03:16:01 UTC<br/>2024-07-09 03:16:32 UTC</span></div>
</div>]]></description>
		<Style>
			<LineStyle>
				<color>ff7800ff</color>
				<width>2</width>
			</LineStyle>
		</Style>
		<MultiGeometry>
			<LineString>
				<tessellate>1</tessellate>
				<altitudeMode>absolute</altitudeMode>
				<coordinates>
					-160.673386,61.20130899999999,10965.18 -160.794815,61.19801300000001,10965.18 
				</coordinates>
			</LineString>
		</MultiGeometry>
	</Placemark>
	<Placemark>
		<name>P-196</name>
		<visibility>0</visibility>
		<description><![CDATA[<div><div><span><b>Altitude:</b></span> <span>35,975 ft - 36,000 ft</span></div>
<div><span><b>Speed:</b></span> <span>416 kt</span></div>
<div><span><b>Timestamp:</b></span><br/><span>2024-07-09 03:16:32 UTC<br/>2024-07-09 03:17:03 UTC</span></div>
</div>]]></description>
		<Style>
			<LineStyle>
				<color>ff7800ff</color>
				<width>2</width>
			</LineStyle>
		</Style>
		<MultiGeometry>
			<LineString>
				<tessellate>1</tessellate>
				<altitudeMode>absolute</altitudeMode>
				<coordinates>
					-160.794815,61.19801300000001,10965.18 -160.919296,61.194397,10972.8 
				</coordinates>
			</LineString>
		</MultiGeometry>
	</Placemark>
	<Placemark>
		<name>P-197</name>
		<visibility>0</visibility>
		<description><![CDATA[<div><div><span><b>Altitude:</b></span> <span>36,000 ft</span></div>
<div><span><b>Speed:</b></span> <span>416 kt - 417 kt</span></div>
<div><span><b>Timestamp:</b></span><br/><span>2024-07-09 03:17:03 UTC<br/>2024-07-09 03:17:34 UTC</span></div>
</div>]]></description>
		<Style>
			<LineStyle>
				<color>ff7800ff</color>
				<width>2</width>
			</LineStyle>
		</Style>
		<MultiGeometry>
			<LineString>
				<tessellate>1</tessellate>
				<altitudeMode>absolute</altitudeMode>
				<coordinates>
					-160.919296,61.194397,10972.8 -161.041367,61.190727,10972.8 
				</coordinates>
			</LineString>
		</MultiGeometry>
	</Placemark>
	<Placemark>
		<name>P-198</name>
		<visibility>0</visibility>
		<description><![CDATA[<div><div><span><b>Altitude:</b></span> <span>36,000 ft</span></div>
<div><span><b>Speed:</b></span> <span>417 kt</span></div>
<div><span><b>Timestamp:</b></span><br/><span>2024-07-09 03:17:34 UTC<br/>2024-07-09 03:18:05 UTC</span></div>
</div>]]></description>
		<Style>
			<LineStyle>
				<color>ff7800ff</color>
				<width>2</width>
			</LineStyle>
		</Style>
		<MultiGeometry>
			<LineString>
				<tessellate>1</tessellate>
				<altitudeMode>absolute</altitudeMode>
				<coordinates>
					-161.041367,61.190727,10972.8 -161.164139,61.186863,10972.8 
				</coordinates>
			</LineString>
		</MultiGeometry>
	</Placemark>
	<Placemark>
		<name>P-199</name>
		<visibility>0</visibility>
		<description><![CDATA[<div><div><span><b>Altitude:</b></span> <span>36,000 ft - 36,025 ft</span></div>
<div><span><b>Speed:</b></span> <span>417 kt - 416 kt</span></div>
<div><span><b>Timestamp:</b></span><br/><span>2024-07-09 03:18:05 UTC<br/>2024-07-09 03:18:39 UTC</span></div>
</div>]]></description>
		<Style>
			<LineStyle>
				<color>ff7800ff</color>
				<width>2</width>
			</LineStyle>
		</Style>
		<MultiGeometry>
			<LineString>
				<tessellate>1</tessellate>
				<altitudeMode>absolute</altitudeMode>
				<coordinates>
					-161.164139,61.186863,10972.8 -161.300873,61.18258699999999,10980.42 
				</coordinates>
			</LineString>
		</MultiGeometry>
	</Placemark>
	<Placemark>
		<name>P-200</name>
		<visibility>0</visibility>
		<description><![CDATA[<div><div><span><b>Altitude:</b></span> <span>36,025 ft</span></div>
<div><span><b>Speed:</b></span> <span>416 kt</span></div>
<div><span><b>Timestamp:</b></span><br/><span>2024-07-09 03:18:39 UTC<br/>2024-07-09 03:19:13 UTC</span></div>
</div>]]></description>
		<Style>
			<LineStyle>
				<color>ff7800ff</color>
				<width>2</width>
			</LineStyle>
		</Style>
		<MultiGeometry>
			<LineString>
				<tessellate>1</tessellate>
				<altitudeMode>absolute</altitudeMode>
				<coordinates>
					-161.300873,61.18258699999999,10980.42 -161.433716,61.178207,10980.42 
				</coordinates>
			</LineString>
		</MultiGeometry>
	</Placemark>
	<Placemark>
		<name>P-201</name>
		<visibility>0</visibility>
		<description><![CDATA[<div><div><span><b>Altitude:</b></span> <span>36,025 ft - 36,000 ft</span></div>
<div><span><b>Speed:</b></span> <span>416 kt - 415 kt</span></div>
<div><span><b>Timestamp:</b></span><br/><span>2024-07-09 03:19:13 UTC<br/>2024-07-09 03:19:44 UTC</span></div>
</div>]]></description>
		<Style>
			<LineStyle>
				<color>ff7800ff</color>
				<width>2</width>
			</LineStyle>
		</Style>
		<MultiGeometry>
			<LineString>
				<tessellate>1</tessellate>
				<altitudeMode>absolute</altitudeMode>
				<coordinates>
					-161.433716,61.178207,10980.42 -161.558075,61.17411799999999,10972.8 
				</coordinates>
			</LineString>
		</MultiGeometry>
	</Placemark>
	<Placemark>
		<name>P-202</name>
		<visibility>0</visibility>
		<description><![CDATA[<div><div><span><b>Altitude:</b></span> <span>36,000 ft</span></div>
<div><span><b>Speed:</b></span> <span>415 kt</span></div>
<div><span><b>Timestamp:</b></span><br/><span>2024-07-09 03:19:44 UTC<br/>2024-07-09 03:20:17 UTC</span></div>
</div>]]></description>
		<Style>
			<LineStyle>
				<color>ff7800ff</color>
				<width>2</width>
			</LineStyle>
		</Style>
		<MultiGeometry>
			<LineString>
				<tessellate>1</tessellate>
				<altitudeMode>absolute</altitudeMode>
				<coordinates>
					-161.558075,61.17411799999999,10972.8 -161.688431,61.169502,10972.8 
				</coordinates>
			</LineString>
		</MultiGeometry>
	</Placemark>
	<Placemark>
		<name>P-203</name>
		<visibility>0</visibility>
		<description><![CDATA[<div><div><span><b>Altitude:</b></span> <span>36,000 ft - 35,975 ft</span></div>
<div><span><b>Speed:</b></span> <span>415 kt - 416 kt</span></div>
<div><span><b>Timestamp:</b></span><br/><span>2024-07-09 03:20:17 UTC<br/>2024-07-09 03:20:49 UTC</span></div>
</div>]]></description>
		<Style>
			<LineStyle>
				<color>ff7800ff</color>
				<width>2</width>
			</LineStyle>
		</Style>
		<MultiGeometry>
			<LineString>
				<tessellate>1</tessellate>
				<altitudeMode>absolute</altitudeMode>
				<coordinates>
					-161.688431,61.169502,10972.8 -161.814072,61.165031,10965.18 
				</coordinates>
			</LineString>
		</MultiGeometry>
	</Placemark>
	<Placemark>
		<name>P-204</name>
		<visibility>0</visibility>
		<description><![CDATA[<div><div><span><b>Altitude:</b></span> <span>35,975 ft - 36,000 ft</span></div>
<div><span><b>Speed:</b></span> <span>416 kt</span></div>
<div><span><b>Timestamp:</b></span><br/><span>2024-07-09 03:20:49 UTC<br/>2024-07-09 03:21:23 UTC</span></div>
</div>]]></description>
		<Style>
			<LineStyle>
				<color>ff7800ff</color>
				<width>2</width>
			</LineStyle>
		</Style>
		<MultiGeometry>
			<LineString>
				<tessellate>1</tessellate>
				<altitudeMode>absolute</altitudeMode>
				<coordinates>
					-161.814072,61.165031,10965.18 -161.948868,61.15997299999999,10972.8 
				</coordinates>
			</LineString>
		</MultiGeometry>
	</Placemark>
	<Placemark>
		<name>P-205</name>
		<visibility>0</visibility>
		<description><![CDATA[<div><div><span><b>Altitude:</b></span> <span>36,000 ft</span></div>
<div><span><b>Speed:</b></span> <span>416 kt - 417 kt</span></div>
<div><span><b>Timestamp:</b></span><br/><span>2024-07-09 03:21:23 UTC<br/>2024-07-09 03:21:54 UTC</span></div>
</div>]]></description>
		<Style>
			<LineStyle>
				<color>ff7800ff</color>
				<width>2</width>
			</LineStyle>
		</Style>
		<MultiGeometry>
			<LineString>
				<tessellate>1</tessellate>
				<altitudeMode>absolute</altitudeMode>
				<coordinates>
					-161.948868,61.15997299999999,10972.8 -162.071533,61.15535,10972.8 
				</coordinates>
			</LineString>
		</MultiGeometry>
	</Placemark>
	<Placemark>
		<name>P-206</name>
		<visibility>0</visibility>
		<description><![CDATA[<div><div><span><b>Altitude:</b></span> <span>36,000 ft</span></div>
<div><span><b>Speed:</b></span> <span>417 kt</span></div>
<div><span><b>Timestamp:</b></span><br/><span>2024-07-09 03:21:54 UTC<br/>2024-07-09 03:22:26 UTC</span></div>
</div>]]></description>
		<Style>
			<LineStyle>
				<color>ff7800ff</color>
				<width>2</width>
			</LineStyle>
		</Style>
		<MultiGeometry>
			<LineString>
				<tessellate>1</tessellate>
				<altitudeMode>absolute</altitudeMode>
				<coordinates>
					-162.071533,61.15535,10972.8 -162.199493,61.150497,10972.8 
				</coordinates>
			</LineString>
		</MultiGeometry>
	</Placemark>
	<Placemark>
		<name>P-207</name>
		<visibility>0</visibility>
		<description><![CDATA[<div><div><span><b>Altitude:</b></span> <span>36,000 ft</span></div>
<div><span><b>Speed:</b></span> <span>417 kt - 418 kt</span></div>
<div><span><b>Timestamp:</b></span><br/><span>2024-07-09 03:22:26 UTC<br/>2024-07-09 03:22:57 UTC</span></div>
</div>]]></description>
		<Style>
			<LineStyle>
				<color>ff7800ff</color>
				<width>2</width>
			</LineStyle>
		</Style>
		<MultiGeometry>
			<LineString>
				<tessellate>1</tessellate>
				<altitudeMode>absolute</altitudeMode>
				<coordinates>
					-162.199493,61.150497,10972.8 -162.319641,61.145714,10972.8 
				</coordinates>
			</LineString>
		</MultiGeometry>
	</Placemark>
	<Placemark>
		<name>P-208</name>
		<visibility>0</visibility>
		<description><![CDATA[<div><div><span><b>Altitude:</b></span> <span>36,000 ft</span></div>
<div><span><b>Speed:</b></span> <span>418 kt</span></div>
<div><span><b>Timestamp:</b></span><br/><span>2024-07-09 03:22:57 UTC<br/>2024-07-09 03:23:30 UTC</span></div>
</div>]]></description>
		<Style>
			<LineStyle>
				<color>ff7800ff</color>
				<width>2</width>
			</LineStyle>
		</Style>
		<MultiGeometry>
			<LineString>
				<tessellate>1</tessellate>
				<altitudeMode>absolute</altitudeMode>
				<coordinates>
					-162.319641,61.145714,10972.8 -162.451782,61.140221,10972.8 
				</coordinates>
			</LineString>
		</MultiGeometry>
	</Placemark>
	<Placemark>
		<name>P-209</name>
		<visibility>0</visibility>
		<description><![CDATA[<div><div><span><b>Altitude:</b></span> <span>36,000 ft - 36,025 ft</span></div>
<div><span><b>Speed:</b></span> <span>418 kt</span></div>
<div><span><b>Timestamp:</b></span><br/><span>2024-07-09 03:23:30 UTC<br/>2024-07-09 03:24:02 UTC</span></div>
</div>]]></description>
		<Style>
			<LineStyle>
				<color>ff7800ff</color>
				<width>2</width>
			</LineStyle>
		</Style>
		<MultiGeometry>
			<LineString>
				<tessellate>1</tessellate>
				<altitudeMode>absolute</altitudeMode>
				<coordinates>
					-162.451782,61.140221,10972.8 -162.57843,61.13511699999999,10980.42 
				</coordinates>
			</LineString>
		</MultiGeometry>
	</Placemark>
	<Placemark>
		<name>P-210</name>
		<visibility>0</visibility>
		<description><![CDATA[<div><div><span><b>Altitude:</b></span> <span>36,025 ft - 36,000 ft</span></div>
<div><span><b>Speed:</b></span> <span>418 kt</span></div>
<div><span><b>Timestamp:</b></span><br/><span>2024-07-09 03:24:02 UTC<br/>2024-07-09 03:24:35 UTC</span></div>
</div>]]></description>
		<Style>
			<LineStyle>
				<color>ff7800ff</color>
				<width>2</width>
			</LineStyle>
		</Style>
		<MultiGeometry>
			<LineString>
				<tessellate>1</tessellate>
				<altitudeMode>absolute</altitudeMode>
				<coordinates>
					-162.57843,61.13511699999999,10980.42 -162.708496,61.129669,10972.8 
				</coordinates>
			</LineString>
		</MultiGeometry>
	</Placemark>
	<Placemark>
		<name>P-211</name>
		<visibility>0</visibility>
		<description><![CDATA[<div><div><span><b>Altitude:</b></span> <span>36,000 ft - 36,025 ft</span></div>
<div><span><b>Speed:</b></span> <span>418 kt - 417 kt</span></div>
<div><span><b>Timestamp:</b></span><br/><span>2024-07-09 03:24:35 UTC<br/>2024-07-09 03:25:07 UTC</span></div>
</div>]]></description>
		<Style>
			<LineStyle>
				<color>ff7800ff</color>
				<width>2</width>
			</LineStyle>
		</Style>
		<MultiGeometry>
			<LineString>
				<tessellate>1</tessellate>
				<altitudeMode>absolute</altitudeMode>
				<coordinates>
					-162.708496,61.129669,10972.8 -162.836502,61.124065,10980.42 
				</coordinates>
			</LineString>
		</MultiGeometry>
	</Placemark>
	<Placemark>
		<name>P-212</name>
		<visibility>0</visibility>
		<description><![CDATA[<div><div><span><b>Altitude:</b></span> <span>36,025 ft</span></div>
<div><span><b>Speed:</b></span> <span>417 kt</span></div>
<div><span><b>Timestamp:</b></span><br/><span>2024-07-09 03:25:07 UTC<br/>2024-07-09 03:25:37 UTC</span></div>
</div>]]></description>
		<Style>
			<LineStyle>
				<color>ff7800ff</color>
				<width>2</width>
			</LineStyle>
		</Style>
		<MultiGeometry>
			<LineString>
				<tessellate>1</tessellate>
				<altitudeMode>absolute</altitudeMode>
				<coordinates>
					-162.836502,61.124065,10980.42 -162.957062,61.118179,10980.42 
				</coordinates>
			</LineString>
		</MultiGeometry>
	</Placemark>
	<Placemark>
		<name>P-213</name>
		<visibility>0</visibility>
		<description><![CDATA[<div><div><span><b>Altitude:</b></span> <span>36,025 ft</span></div>
<div><span><b>Speed:</b></span> <span>417 kt - 420 kt</span></div>
<div><span><b>Timestamp:</b></span><br/><span>2024-07-09 03:25:37 UTC<br/>2024-07-09 03:26:08 UTC</span></div>
</div>]]></description>
		<Style>
			<LineStyle>
				<color>ff7800ff</color>
				<width>2</width>
			</LineStyle>
		</Style>
		<MultiGeometry>
			<LineString>
				<tessellate>1</tessellate>
				<altitudeMode>absolute</altitudeMode>
				<coordinates>
					-162.957062,61.118179,10980.42 -163.078415,61.10600299999999,10980.42 
				</coordinates>
			</LineString>
		</MultiGeometry>
	</Placemark>
	<Placemark>
		<name>P-214</name>
		<visibility>0</visibility>
		<description><![CDATA[<div><div><span><b>Altitude:</b></span> <span>36,025 ft - 36,000 ft</span></div>
<div><span><b>Speed:</b></span> <span>420 kt</span></div>
<div><span><b>Timestamp:</b></span><br/><span>2024-07-09 03:26:08 UTC<br/>2024-07-09 03:26:40 UTC</span></div>
</div>]]></description>
		<Style>
			<LineStyle>
				<color>ff7800ff</color>
				<width>2</width>
			</LineStyle>
		</Style>
		<MultiGeometry>
			<LineString>
				<tessellate>1</tessellate>
				<altitudeMode>absolute</altitudeMode>
				<coordinates>
					-163.078415,61.10600299999999,10980.42 -163.199646,61.088837,10972.8 
				</coordinates>
			</LineString>
		</MultiGeometry>
	</Placemark>
	<Placemark>
		<name>P-215</name>
		<visibility>0</visibility>
		<description><![CDATA[<div><div><span><b>Altitude:</b></span> <span>36,000 ft</span></div>
<div><span><b>Speed:</b></span> <span>420 kt - 418 kt</span></div>
<div><span><b>Timestamp:</b></span><br/><span>2024-07-09 03:26:40 UTC<br/>2024-07-09 03:27:11 UTC</span></div>
</div>]]></description>
		<Style>
			<LineStyle>
				<color>ff7800ff</color>
				<width>2</width>
			</LineStyle>
		</Style>
		<MultiGeometry>
			<LineString>
				<tessellate>1</tessellate>
				<altitudeMode>absolute</altitudeMode>
				<coordinates>
					-163.199646,61.088837,10972.8 -163.318542,61.072311,10972.8 
				</coordinates>
			</LineString>
		</MultiGeometry>
	</Placemark>
	<Placemark>
		<name>P-216</name>
		<visibility>0</visibility>
		<description><![CDATA[<div><div><span><b>Altitude:</b></span> <span>36,000 ft</span></div>
<div><span><b>Speed:</b></span> <span>418 kt - 417 kt</span></div>
<div><span><b>Timestamp:</b></span><br/><span>2024-07-09 03:27:11 UTC<br/>2024-07-09 03:27:42 UTC</span></div>
</div>]]></description>
		<Style>
			<LineStyle>
				<color>ff7800ff</color>
				<width>2</width>
			</LineStyle>
		</Style>
		<MultiGeometry>
			<LineString>
				<tessellate>1</tessellate>
				<altitudeMode>absolute</altitudeMode>
				<coordinates>
					-163.318542,61.072311,10972.8 -163.438797,61.055557,10972.8 
				</coordinates>
			</LineString>
		</MultiGeometry>
	</Placemark>
	<Placemark>
		<name>P-217</name>
		<visibility>0</visibility>
		<description><![CDATA[<div><div><span><b>Altitude:</b></span> <span>36,000 ft</span></div>
<div><span><b>Speed:</b></span> <span>417 kt</span></div>
<div><span><b>Timestamp:</b></span><br/><span>2024-07-09 03:27:42 UTC<br/>2024-07-09 03:28:13 UTC</span></div>
</div>]]></description>
		<Style>
			<LineStyle>
				<color>ff7800ff</color>
				<width>2</width>
			</LineStyle>
		</Style>
		<MultiGeometry>
			<LineString>
				<tessellate>1</tessellate>
				<altitudeMode>absolute</altitudeMode>
				<coordinates>
					-163.438797,61.055557,10972.8 -163.55687,61.038757,10972.8 
				</coordinates>
			</LineString>
		</MultiGeometry>
	</Placemark>
	<Placemark>
		<name>P-218</name>
		<visibility>0</visibility>
		<description><![CDATA[<div><div><span><b>Altitude:</b></span> <span>36,000 ft - 35,975 ft</span></div>
<div><span><b>Speed:</b></span> <span>417 kt</span></div>
<div><span><b>Timestamp:</b></span><br/><span>2024-07-09 03:28:13 UTC<br/>2024-07-09 03:28:44 UTC</span></div>
</div>]]></description>
		<Style>
			<LineStyle>
				<color>ff7800ff</color>
				<width>2</width>
			</LineStyle>
		</Style>
		<MultiGeometry>
			<LineString>
				<tessellate>1</tessellate>
				<altitudeMode>absolute</altitudeMode>
				<coordinates>
					-163.55687,61.038757,10972.8 -163.676407,61.021591,10965.18 
				</coordinates>
			</LineString>
		</MultiGeometry>
	</Placemark>
	<Placemark>
		<name>P-219</name>
		<visibility>0</visibility>
		<description><![CDATA[<div><div><span><b>Altitude:</b></span> <span>35,975 ft</span></div>
<div><span><b>Speed:</b></span> <span>417 kt</span></div>
<div><span><b>Timestamp:</b></span><br/><span>2024-07-09 03:28:44 UTC<br/>2024-07-09 03:29:16 UTC</span></div>
</div>]]></description>
		<Style>
			<LineStyle>
				<color>ff7800ff</color>
				<width>2</width>
			</LineStyle>
		</Style>
		<MultiGeometry>
			<LineString>
				<tessellate>1</tessellate>
				<altitudeMode>absolute</altitudeMode>
				<coordinates>
					-163.676407,61.021591,10965.18 -163.795853,61.004333,10965.18 
				</coordinates>
			</LineString>
		</MultiGeometry>
	</Placemark>
	<Placemark>
		<name>P-220</name>
		<visibility>0</visibility>
		<description><![CDATA[<div><div><span><b>Altitude:</b></span> <span>35,975 ft - 36,000 ft</span></div>
<div><span><b>Speed:</b></span> <span>417 kt</span></div>
<div><span><b>Timestamp:</b></span><br/><span>2024-07-09 03:29:16 UTC<br/>2024-07-09 03:29:49 UTC</span></div>
</div>]]></description>
		<Style>
			<LineStyle>
				<color>ff7800ff</color>
				<width>2</width>
			</LineStyle>
		</Style>
		<MultiGeometry>
			<LineString>
				<tessellate>1</tessellate>
				<altitudeMode>absolute</altitudeMode>
				<coordinates>
					-163.795853,61.004333,10965.18 -163.922195,60.986038,10972.8 
				</coordinates>
			</LineString>
		</MultiGeometry>
	</Placemark>
	<Placemark>
		<name>P-221</name>
		<visibility>0</visibility>
		<description><![CDATA[<div><div><span><b>Altitude:</b></span> <span>36,000 ft</span></div>
<div><span><b>Speed:</b></span> <span>417 kt</span></div>
<div><span><b>Timestamp:</b></span><br/><span>2024-07-09 03:29:49 UTC<br/>2024-07-09 03:30:20 UTC</span></div>
</div>]]></description>
		<Style>
			<LineStyle>
				<color>ff7800ff</color>
				<width>2</width>
			</LineStyle>
		</Style>
		<MultiGeometry>
			<LineString>
				<tessellate>1</tessellate>
				<altitudeMode>absolute</altitudeMode>
				<coordinates>
					-163.922195,60.986038,10972.8 -164.041122,60.968719,10972.8 
				</coordinates>
			</LineString>
		</MultiGeometry>
	</Placemark>
	<Placemark>
		<name>P-222</name>
		<visibility>0</visibility>
		<description><![CDATA[<div><div><span><b>Altitude:</b></span> <span>36,000 ft</span></div>
<div><span><b>Speed:</b></span> <span>417 kt - 418 kt</span></div>
<div><span><b>Timestamp:</b></span><br/><span>2024-07-09 03:30:20 UTC<br/>2024-07-09 03:30:52 UTC</span></div>
</div>]]></description>
		<Style>
			<LineStyle>
				<color>ff7800ff</color>
				<width>2</width>
			</LineStyle>
		</Style>
		<MultiGeometry>
			<LineString>
				<tessellate>1</tessellate>
				<altitudeMode>absolute</altitudeMode>
				<coordinates>
					-164.041122,60.968719,10972.8 -164.159332,60.951187,10972.8 
				</coordinates>
			</LineString>
		</MultiGeometry>
	</Placemark>
	<Placemark>
		<name>P-223</name>
		<visibility>0</visibility>
		<description><![CDATA[<div><div><span><b>Altitude:</b></span> <span>36,000 ft</span></div>
<div><span><b>Speed:</b></span> <span>418 kt</span></div>
<div><span><b>Timestamp:</b></span><br/><span>2024-07-09 03:30:52 UTC<br/>2024-07-09 03:31:23 UTC</span></div>
</div>]]></description>
		<Style>
			<LineStyle>
				<color>ff7800ff</color>
				<width>2</width>
			</LineStyle>
		</Style>
		<MultiGeometry>
			<LineString>
				<tessellate>1</tessellate>
				<altitudeMode>absolute</altitudeMode>
				<coordinates>
					-164.159332,60.951187,10972.8 -164.276306,60.933762,10972.8 
				</coordinates>
			</LineString>
		</MultiGeometry>
	</Placemark>
	<Placemark>
		<name>P-224</name>
		<visibility>0</visibility>
		<description><![CDATA[<div><div><span><b>Altitude:</b></span> <span>36,000 ft</span></div>
<div><span><b>Speed:</b></span> <span>418 kt</span></div>
<div><span><b>Timestamp:</b></span><br/><span>2024-07-09 03:31:23 UTC<br/>2024-07-09 03:31:55 UTC</span></div>
</div>]]></description>
		<Style>
			<LineStyle>
				<color>ff7800ff</color>
				<width>2</width>
			</LineStyle>
		</Style>
		<MultiGeometry>
			<LineString>
				<tessellate>1</tessellate>
				<altitudeMode>absolute</altitudeMode>
				<coordinates>
					-164.276306,60.933762,10972.8 -164.399979,60.91525299999999,10972.8 
				</coordinates>
			</LineString>
		</MultiGeometry>
	</Placemark>
	<Placemark>
		<name>P-225</name>
		<visibility>0</visibility>
		<description><![CDATA[<div><div><span><b>Altitude:</b></span> <span>36,000 ft</span></div>
<div><span><b>Speed:</b></span> <span>418 kt</span></div>
<div><span><b>Timestamp:</b></span><br/><span>2024-07-09 03:31:55 UTC<br/>2024-07-09 03:32:26 UTC</span></div>
</div>]]></description>
		<Style>
			<LineStyle>
				<color>ff7800ff</color>
				<width>2</width>
			</LineStyle>
		</Style>
		<MultiGeometry>
			<LineString>
				<tessellate>1</tessellate>
				<altitudeMode>absolute</altitudeMode>
				<coordinates>
					-164.399979,60.91525299999999,10972.8 -164.516922,60.897728,10972.8 
				</coordinates>
			</LineString>
		</MultiGeometry>
	</Placemark>
	<Placemark>
		<name>P-226</name>
		<visibility>0</visibility>
		<description><![CDATA[<div><div><span><b>Altitude:</b></span> <span>36,000 ft</span></div>
<div><span><b>Speed:</b></span> <span>418 kt</span></div>
<div><span><b>Timestamp:</b></span><br/><span>2024-07-09 03:32:26 UTC<br/>2024-07-09 03:32:56 UTC</span></div>
</div>]]></description>
		<Style>
			<LineStyle>
				<color>ff7800ff</color>
				<width>2</width>
			</LineStyle>
		</Style>
		<MultiGeometry>
			<LineString>
				<tessellate>1</tessellate>
				<altitudeMode>absolute</altitudeMode>
				<coordinates>
					-164.516922,60.897728,10972.8 -164.629639,60.880646,10972.8 
				</coordinates>
			</LineString>
		</MultiGeometry>
	</Placemark>
	<Placemark>
		<name>P-227</name>
		<visibility>0</visibility>
		<description><![CDATA[<div><div><span><b>Altitude:</b></span> <span>36,000 ft - 36,025 ft</span></div>
<div><span><b>Speed:</b></span> <span>418 kt</span></div>
<div><span><b>Timestamp:</b></span><br/><span>2024-07-09 03:32:56 UTC<br/>2024-07-09 03:33:28 UTC</span></div>
</div>]]></description>
		<Style>
			<LineStyle>
				<color>ff7800ff</color>
				<width>2</width>
			</LineStyle>
		</Style>
		<MultiGeometry>
			<LineString>
				<tessellate>1</tessellate>
				<altitudeMode>absolute</altitudeMode>
				<coordinates>
					-164.629639,60.880646,10972.8 -164.752686,60.861786,10980.42 
				</coordinates>
			</LineString>
		</MultiGeometry>
	</Placemark>
	<Placemark>
		<name>P-228</name>
		<visibility>0</visibility>
		<description><![CDATA[<div><div><span><b>Altitude:</b></span> <span>36,025 ft - 36,000 ft</span></div>
<div><span><b>Speed:</b></span> <span>418 kt</span></div>
<div><span><b>Timestamp:</b></span><br/><span>2024-07-09 03:33:28 UTC<br/>2024-07-09 03:34:00 UTC</span></div>
</div>]]></description>
		<Style>
			<LineStyle>
				<color>ff7800ff</color>
				<width>2</width>
			</LineStyle>
		</Style>
		<MultiGeometry>
			<LineString>
				<tessellate>1</tessellate>
				<altitudeMode>absolute</altitudeMode>
				<coordinates>
					-164.752686,60.861786,10980.42 -164.870789,60.84361299999999,10972.8 
				</coordinates>
			</LineString>
		</MultiGeometry>
	</Placemark>
	<Placemark>
		<name>P-229</name>
		<visibility>0</visibility>
		<description><![CDATA[<div><div><span><b>Altitude:</b></span> <span>36,000 ft</span></div>
<div><span><b>Speed:</b></span> <span>418 kt</span></div>
<div><span><b>Timestamp:</b></span><br/><span>2024-07-09 03:34:00 UTC<br/>2024-07-09 03:34:31 UTC</span></div>
</div>]]></description>
		<Style>
			<LineStyle>
				<color>ff7800ff</color>
				<width>2</width>
			</LineStyle>
		</Style>
		<MultiGeometry>
			<LineString>
				<tessellate>1</tessellate>
				<altitudeMode>absolute</altitudeMode>
				<coordinates>
					-164.870789,60.84361299999999,10972.8 -164.988266,60.82552700000001,10972.8 
				</coordinates>
			</LineString>
		</MultiGeometry>
	</Placemark>
	<Placemark>
		<name>P-230</name>
		<visibility>0</visibility>
		<description><![CDATA[<div><div><span><b>Altitude:</b></span> <span>36,000 ft</span></div>
<div><span><b>Speed:</b></span> <span>418 kt</span></div>
<div><span><b>Timestamp:</b></span><br/><span>2024-07-09 03:34:31 UTC<br/>2024-07-09 03:35:02 UTC</span></div>
</div>]]></description>
		<Style>
			<LineStyle>
				<color>ff7800ff</color>
				<width>2</width>
			</LineStyle>
		</Style>
		<MultiGeometry>
			<LineString>
				<tessellate>1</tessellate>
				<altitudeMode>absolute</altitudeMode>
				<coordinates>
					-164.988266,60.82552700000001,10972.8 -165.106461,60.807045,10972.8 
				</coordinates>
			</LineString>
		</MultiGeometry>
	</Placemark>
	<Placemark>
		<name>P-231</name>
		<visibility>0</visibility>
		<description><![CDATA[<div><div><span><b>Altitude:</b></span> <span>36,000 ft</span></div>
<div><span><b>Speed:</b></span> <span>418 kt</span></div>
<div><span><b>Timestamp:</b></span><br/><span>2024-07-09 03:35:02 UTC<br/>2024-07-09 03:35:34 UTC</span></div>
</div>]]></description>
		<Style>
			<LineStyle>
				<color>ff7800ff</color>
				<width>2</width>
			</LineStyle>
		</Style>
		<MultiGeometry>
			<LineString>
				<tessellate>1</tessellate>
				<altitudeMode>absolute</altitudeMode>
				<coordinates>
					-165.106461,60.807045,10972.8 -165.226624,60.78819299999999,10972.8 
				</coordinates>
			</LineString>
		</MultiGeometry>
	</Placemark>
	<Placemark>
		<name>P-232</name>
		<visibility>0</visibility>
		<description><![CDATA[<div><div><span><b>Altitude:</b></span> <span>36,000 ft - 36,025 ft</span></div>
<div><span><b>Speed:</b></span> <span>418 kt - 417 kt</span></div>
<div><span><b>Timestamp:</b></span><br/><span>2024-07-09 03:35:34 UTC<br/>2024-07-09 03:36:06 UTC</span></div>
</div>]]></description>
		<Style>
			<LineStyle>
				<color>ff7800ff</color>
				<width>2</width>
			</LineStyle>
		</Style>
		<MultiGeometry>
			<LineString>
				<tessellate>1</tessellate>
				<altitudeMode>absolute</altitudeMode>
				<coordinates>
					-165.226624,60.78819299999999,10972.8 -165.343292,60.769867,10980.42 
				</coordinates>
			</LineString>
		</MultiGeometry>
	</Placemark>
	<Placemark>
		<name>P-233</name>
		<visibility>0</visibility>
		<description><![CDATA[<div><div><span><b>Altitude:</b></span> <span>36,025 ft - 36,000 ft</span></div>
<div><span><b>Speed:</b></span> <span>417 kt - 415 kt</span></div>
<div><span><b>Timestamp:</b></span><br/><span>2024-07-09 03:36:06 UTC<br/>2024-07-09 03:36:37 UTC</span></div>
</div>]]></description>
		<Style>
			<LineStyle>
				<color>ff7800ff</color>
				<width>2</width>
			</LineStyle>
		</Style>
		<MultiGeometry>
			<LineString>
				<tessellate>1</tessellate>
				<altitudeMode>absolute</altitudeMode>
				<coordinates>
					-165.343292,60.769867,10980.42 -165.46106,60.750996,10972.8 
				</coordinates>
			</LineString>
		</MultiGeometry>
	</Placemark>
	<Placemark>
		<name>P-234</name>
		<visibility>0</visibility>
		<description><![CDATA[<div><div><span><b>Altitude:</b></span> <span>36,000 ft</span></div>
<div><span><b>Speed:</b></span> <span>415 kt - 416 kt</span></div>
<div><span><b>Timestamp:</b></span><br/><span>2024-07-09 03:36:37 UTC<br/>2024-07-09 03:37:09 UTC</span></div>
</div>]]></description>
		<Style>
			<LineStyle>
				<color>ff7800ff</color>
				<width>2</width>
			</LineStyle>
		</Style>
		<MultiGeometry>
			<LineString>
				<tessellate>1</tessellate>
				<altitudeMode>absolute</altitudeMode>
				<coordinates>
					-165.46106,60.750996,10972.8 -165.579666,60.732048,10972.8 
				</coordinates>
			</LineString>
		</MultiGeometry>
	</Placemark>
	<Placemark>
		<name>P-235</name>
		<visibility>0</visibility>
		<description><![CDATA[<div><div><span><b>Altitude:</b></span> <span>36,000 ft</span></div>
<div><span><b>Speed:</b></span> <span>416 kt - 415 kt</span></div>
<div><span><b>Timestamp:</b></span><br/><span>2024-07-09 03:37:09 UTC<br/>2024-07-09 03:37:41 UTC</span></div>
</div>]]></description>
		<Style>
			<LineStyle>
				<color>ff7800ff</color>
				<width>2</width>
			</LineStyle>
		</Style>
		<MultiGeometry>
			<LineString>
				<tessellate>1</tessellate>
				<altitudeMode>absolute</altitudeMode>
				<coordinates>
					-165.579666,60.732048,10972.8 -165.699326,60.712872,10972.8 
				</coordinates>
			</LineString>
		</MultiGeometry>
	</Placemark>
	<Placemark>
		<name>P-236</name>
		<visibility>0</visibility>
		<description><![CDATA[<div><div><span><b>Altitude:</b></span> <span>36,000 ft</span></div>
<div><span><b>Speed:</b></span> <span>415 kt - 416 kt</span></div>
<div><span><b>Timestamp:</b></span><br/><span>2024-07-09 03:37:41 UTC<br/>2024-07-09 03:38:13 UTC</span></div>
</div>]]></description>
		<Style>
			<LineStyle>
				<color>ff7800ff</color>
				<width>2</width>
			</LineStyle>
		</Style>
		<MultiGeometry>
			<LineString>
				<tessellate>1</tessellate>
				<altitudeMode>absolute</altitudeMode>
				<coordinates>
					-165.699326,60.712872,10972.8 -165.817688,60.693695,10972.8 
				</coordinates>
			</LineString>
		</MultiGeometry>
	</Placemark>
	<Placemark>
		<name>P-237</name>
		<visibility>0</visibility>
		<description><![CDATA[<div><div><span><b>Altitude:</b></span> <span>36,000 ft</span></div>
<div><span><b>Speed:</b></span> <span>416 kt</span></div>
<div><span><b>Timestamp:</b></span><br/><span>2024-07-09 03:38:13 UTC<br/>2024-07-09 03:38:44 UTC</span></div>
</div>]]></description>
		<Style>
			<LineStyle>
				<color>ff7800ff</color>
				<width>2</width>
			</LineStyle>
		</Style>
		<MultiGeometry>
			<LineString>
				<tessellate>1</tessellate>
				<altitudeMode>absolute</altitudeMode>
				<coordinates>
					-165.817688,60.693695,10972.8 -165.934097,60.67465200000001,10972.8 
				</coordinates>
			</LineString>
		</MultiGeometry>
	</Placemark>
	<Placemark>
		<name>P-238</name>
		<visibility>0</visibility>
		<description><![CDATA[<div><div><span><b>Altitude:</b></span> <span>36,000 ft</span></div>
<div><span><b>Speed:</b></span> <span>416 kt - 415 kt</span></div>
<div><span><b>Timestamp:</b></span><br/><span>2024-07-09 03:38:44 UTC<br/>2024-07-09 03:39:15 UTC</span></div>
</div>]]></description>
		<Style>
			<LineStyle>
				<color>ff7800ff</color>
				<width>2</width>
			</LineStyle>
		</Style>
		<MultiGeometry>
			<LineString>
				<tessellate>1</tessellate>
				<altitudeMode>absolute</altitudeMode>
				<coordinates>
					-165.934097,60.67465200000001,10972.8 -166.04834,60.655937,10972.8 
				</coordinates>
			</LineString>
		</MultiGeometry>
	</Placemark>
	<Placemark>
		<name>P-239</name>
		<visibility>0</visibility>
		<description><![CDATA[<div><div><span><b>Altitude:</b></span> <span>36,000 ft</span></div>
<div><span><b>Speed:</b></span> <span>415 kt</span></div>
<div><span><b>Timestamp:</b></span><br/><span>2024-07-09 03:39:15 UTC<br/>2024-07-09 03:39:48 UTC</span></div>
</div>]]></description>
		<Style>
			<LineStyle>
				<color>ff7800ff</color>
				<width>2</width>
			</LineStyle>
		</Style>
		<MultiGeometry>
			<LineString>
				<tessellate>1</tessellate>
				<altitudeMode>absolute</altitudeMode>
				<coordinates>
					-166.04834,60.655937,10972.8 -166.169296,60.635872,10972.8 
				</coordinates>
			</LineString>
		</MultiGeometry>
	</Placemark>
	<Placemark>
		<name>P-240</name>
		<visibility>0</visibility>
		<description><![CDATA[<div><div><span><b>Altitude:</b></span> <span>36,000 ft</span></div>
<div><span><b>Speed:</b></span> <span>415 kt</span></div>
<div><span><b>Timestamp:</b></span><br/><span>2024-07-09 03:39:48 UTC<br/>2024-07-09 03:40:20 UTC</span></div>
</div>]]></description>
		<Style>
			<LineStyle>
				<color>ff7800ff</color>
				<width>2</width>
			</LineStyle>
		</Style>
		<MultiGeometry>
			<LineString>
				<tessellate>1</tessellate>
				<altitudeMode>absolute</altitudeMode>
				<coordinates>
					-166.169296,60.635872,10972.8 -166.288116,60.61596699999999,10972.8 
				</coordinates>
			</LineString>
		</MultiGeometry>
	</Placemark>
	<Placemark>
		<name>P-241</name>
		<visibility>0</visibility>
		<description><![CDATA[<div><div><span><b>Altitude:</b></span> <span>36,000 ft</span></div>
<div><span><b>Speed:</b></span> <span>415 kt - 414 kt</span></div>
<div><span><b>Timestamp:</b></span><br/><span>2024-07-09 03:40:20 UTC<br/>2024-07-09 03:40:53 UTC</span></div>
</div>]]></description>
		<Style>
			<LineStyle>
				<color>ff7800ff</color>
				<width>2</width>
			</LineStyle>
		</Style>
		<MultiGeometry>
			<LineString>
				<tessellate>1</tessellate>
				<altitudeMode>absolute</altitudeMode>
				<coordinates>
					-166.288116,60.61596699999999,10972.8 -166.408447,60.595791,10972.8 
				</coordinates>
			</LineString>
		</MultiGeometry>
	</Placemark>
	<Placemark>
		<name>P-242</name>
		<visibility>0</visibility>
		<description><![CDATA[<div><div><span><b>Altitude:</b></span> <span>36,000 ft</span></div>
<div><span><b>Speed:</b></span> <span>414 kt - 413 kt</span></div>
<div><span><b>Timestamp:</b></span><br/><span>2024-07-09 03:40:53 UTC<br/>2024-07-09 03:41:26 UTC</span></div>
</div>]]></description>
		<Style>
			<LineStyle>
				<color>ff7800ff</color>
				<width>2</width>
			</LineStyle>
		</Style>
		<MultiGeometry>
			<LineString>
				<tessellate>1</tessellate>
				<altitudeMode>absolute</altitudeMode>
				<coordinates>
					-166.408447,60.595791,10972.8 -166.529251,60.5755,10972.8 
				</coordinates>
			</LineString>
		</MultiGeometry>
	</Placemark>
	<Placemark>
		<name>P-243</name>
		<visibility>0</visibility>
		<description><![CDATA[<div><div><span><b>Altitude:</b></span> <span>36,000 ft</span></div>
<div><span><b>Speed:</b></span> <span>413 kt</span></div>
<div><span><b>Timestamp:</b></span><br/><span>2024-07-09 03:41:26 UTC<br/>2024-07-09 03:41:58 UTC</span></div>
</div>]]></description>
		<Style>
			<LineStyle>
				<color>ff7800ff</color>
				<width>2</width>
			</LineStyle>
		</Style>
		<MultiGeometry>
			<LineString>
				<tessellate>1</tessellate>
				<altitudeMode>absolute</altitudeMode>
				<coordinates>
					-166.529251,60.5755,10972.8 -166.64621,60.55575600000001,10972.8 
				</coordinates>
			</LineString>
		</MultiGeometry>
	</Placemark>
	<Placemark>
		<name>P-244</name>
		<visibility>0</visibility>
		<description><![CDATA[<div><div><span><b>Altitude:</b></span> <span>36,000 ft</span></div>
<div><span><b>Speed:</b></span> <span>413 kt</span></div>
<div><span><b>Timestamp:</b></span><br/><span>2024-07-09 03:41:58 UTC<br/>2024-07-09 03:42:30 UTC</span></div>
</div>]]></description>
		<Style>
			<LineStyle>
				<color>ff7800ff</color>
				<width>2</width>
			</LineStyle>
		</Style>
		<MultiGeometry>
			<LineString>
				<tessellate>1</tessellate>
				<altitudeMode>absolute</altitudeMode>
				<coordinates>
					-166.64621,60.55575600000001,10972.8 -166.764511,60.535583,10972.8 
				</coordinates>
			</LineString>
		</MultiGeometry>
	</Placemark>
	<Placemark>
		<name>P-245</name>
		<visibility>0</visibility>
		<description><![CDATA[<div><div><span><b>Altitude:</b></span> <span>36,000 ft</span></div>
<div><span><b>Speed:</b></span> <span>413 kt</span></div>
<div><span><b>Timestamp:</b></span><br/><span>2024-07-09 03:42:30 UTC<br/>2024-07-09 03:43:03 UTC</span></div>
</div>]]></description>
		<Style>
			<LineStyle>
				<color>ff7800ff</color>
				<width>2</width>
			</LineStyle>
		</Style>
		<MultiGeometry>
			<LineString>
				<tessellate>1</tessellate>
				<altitudeMode>absolute</altitudeMode>
				<coordinates>
					-166.764511,60.535583,10972.8 -166.884583,60.514931,10972.8 
				</coordinates>
			</LineString>
		</MultiGeometry>
	</Placemark>
	<Placemark>
		<name>P-246</name>
		<visibility>0</visibility>
		<description><![CDATA[<div><div><span><b>Altitude:</b></span> <span>36,000 ft</span></div>
<div><span><b>Speed:</b></span> <span>413 kt - 412 kt</span></div>
<div><span><b>Timestamp:</b></span><br/><span>2024-07-09 03:43:03 UTC<br/>2024-07-09 03:43:36 UTC</span></div>
</div>]]></description>
		<Style>
			<LineStyle>
				<color>ff7800ff</color>
				<width>2</width>
			</LineStyle>
		</Style>
		<MultiGeometry>
			<LineString>
				<tessellate>1</tessellate>
				<altitudeMode>absolute</altitudeMode>
				<coordinates>
					-166.884583,60.514931,10972.8 -167.003662,60.494308,10972.8 
				</coordinates>
			</LineString>
		</MultiGeometry>
	</Placemark>
	<Placemark>
		<name>P-247</name>
		<visibility>0</visibility>
		<description><![CDATA[<div><div><span><b>Altitude:</b></span> <span>36,000 ft</span></div>
<div><span><b>Speed:</b></span> <span>412 kt</span></div>
<div><span><b>Timestamp:</b></span><br/><span>2024-07-09 03:43:36 UTC<br/>2024-07-09 03:44:06 UTC</span></div>
</div>]]></description>
		<Style>
			<LineStyle>
				<color>ff7800ff</color>
				<width>2</width>
			</LineStyle>
		</Style>
		<MultiGeometry>
			<LineString>
				<tessellate>1</tessellate>
				<altitudeMode>absolute</altitudeMode>
				<coordinates>
					-167.003662,60.494308,10972.8 -167.114212,60.47498699999999,10972.8 
				</coordinates>
			</LineString>
		</MultiGeometry>
	</Placemark>
	<Placemark>
		<name>P-248</name>
		<visibility>0</visibility>
		<description><![CDATA[<div><div><span><b>Altitude:</b></span> <span>36,000 ft</span></div>
<div><span><b>Speed:</b></span> <span>412 kt - 413 kt</span></div>
<div><span><b>Timestamp:</b></span><br/><span>2024-07-09 03:44:06 UTC<br/>2024-07-09 03:44:39 UTC</span></div>
</div>]]></description>
		<Style>
			<LineStyle>
				<color>ff7800ff</color>
				<width>2</width>
			</LineStyle>
		</Style>
		<MultiGeometry>
			<LineString>
				<tessellate>1</tessellate>
				<altitudeMode>absolute</altitudeMode>
				<coordinates>
					-167.114212,60.47498699999999,10972.8 -167.231049,60.45441099999999,10972.8 
				</coordinates>
			</LineString>
		</MultiGeometry>
	</Placemark>
	<Placemark>
		<name>P-249</name>
		<visibility>0</visibility>
		<description><![CDATA[<div><div><span><b>Altitude:</b></span> <span>36,000 ft</span></div>
<div><span><b>Speed:</b></span> <span>413 kt - 412 kt</span></div>
<div><span><b>Timestamp:</b></span><br/><span>2024-07-09 03:44:39 UTC<br/>2024-07-09 03:45:09 UTC</span></div>
</div>]]></description>
		<Style>
			<LineStyle>
				<color>ff7800ff</color>
				<width>2</width>
			</LineStyle>
		</Style>
		<MultiGeometry>
			<LineString>
				<tessellate>1</tessellate>
				<altitudeMode>absolute</altitudeMode>
				<coordinates>
					-167.231049,60.45441099999999,10972.8 -167.34346,60.434555,10972.8 
				</coordinates>
			</LineString>
		</MultiGeometry>
	</Placemark>
	<Placemark>
		<name>P-250</name>
		<visibility>0</visibility>
		<description><![CDATA[<div><div><span><b>Altitude:</b></span> <span>36,000 ft</span></div>
<div><span><b>Speed:</b></span> <span>412 kt</span></div>
<div><span><b>Timestamp:</b></span><br/><span>2024-07-09 03:45:09 UTC<br/>2024-07-09 03:45:40 UTC</span></div>
</div>]]></description>
		<Style>
			<LineStyle>
				<color>ff7800ff</color>
				<width>2</width>
			</LineStyle>
		</Style>
		<MultiGeometry>
			<LineString>
				<tessellate>1</tessellate>
				<altitudeMode>absolute</altitudeMode>
				<coordinates>
					-167.34346,60.434555,10972.8 -167.455505,60.41468800000001,10972.8 
				</coordinates>
			</LineString>
		</MultiGeometry>
	</Placemark>
	<Placemark>
		<name>P-251</name>
		<visibility>0</visibility>
		<description><![CDATA[<div><div><span><b>Altitude:</b></span> <span>36,000 ft</span></div>
<div><span><b>Speed:</b></span> <span>412 kt - 411 kt</span></div>
<div><span><b>Timestamp:</b></span><br/><span>2024-07-09 03:45:40 UTC<br/>2024-07-09 03:46:11 UTC</span></div>
</div>]]></description>
		<Style>
			<LineStyle>
				<color>ff7800ff</color>
				<width>2</width>
			</LineStyle>
		</Style>
		<MultiGeometry>
			<LineString>
				<tessellate>1</tessellate>
				<altitudeMode>absolute</altitudeMode>
				<coordinates>
					-167.455505,60.41468800000001,10972.8 -167.566223,60.394871,10972.8 
				</coordinates>
			</LineString>
		</MultiGeometry>
	</Placemark>
	<Placemark>
		<name>P-252</name>
		<visibility>0</visibility>
		<description><![CDATA[<div><div><span><b>Altitude:</b></span> <span>36,000 ft</span></div>
<div><span><b>Speed:</b></span> <span>411 kt</span></div>
<div><span><b>Timestamp:</b></span><br/><span>2024-07-09 03:46:11 UTC<br/>2024-07-09 03:46:45 UTC</span></div>
</div>]]></description>
		<Style>
			<LineStyle>
				<color>ff7800ff</color>
				<width>2</width>
			</LineStyle>
		</Style>
		<MultiGeometry>
			<LineString>
				<tessellate>1</tessellate>
				<altitudeMode>absolute</altitudeMode>
				<coordinates>
					-167.566223,60.394871,10972.8 -167.690109,60.37252800000001,10972.8 
				</coordinates>
			</LineString>
		</MultiGeometry>
	</Placemark>
	<Placemark>
		<name>P-253</name>
		<visibility>0</visibility>
		<description><![CDATA[<div><div><span><b>Altitude:</b></span> <span>36,000 ft</span></div>
<div><span><b>Speed:</b></span> <span>411 kt - 412 kt</span></div>
<div><span><b>Timestamp:</b></span><br/><span>2024-07-09 03:46:45 UTC<br/>2024-07-09 03:47:15 UTC</span></div>
</div>]]></description>
		<Style>
			<LineStyle>
				<color>ff7800ff</color>
				<width>2</width>
			</LineStyle>
		</Style>
		<MultiGeometry>
			<LineString>
				<tessellate>1</tessellate>
				<altitudeMode>absolute</altitudeMode>
				<coordinates>
					-167.690109,60.37252800000001,10972.8 -167.797913,60.353069,10972.8 
				</coordinates>
			</LineString>
		</MultiGeometry>
	</Placemark>
	<Placemark>
		<name>P-254</name>
		<visibility>0</visibility>
		<description><![CDATA[<div><div><span><b>Altitude:</b></span> <span>36,000 ft</span></div>
<div><span><b>Speed:</b></span> <span>412 kt</span></div>
<div><span><b>Timestamp:</b></span><br/><span>2024-07-09 03:47:15 UTC<br/>2024-07-09 03:47:52 UTC</span></div>
</div>]]></description>
		<Style>
			<LineStyle>
				<color>ff7800ff</color>
				<width>2</width>
			</LineStyle>
		</Style>
		<MultiGeometry>
			<LineString>
				<tessellate>1</tessellate>
				<altitudeMode>absolute</altitudeMode>
				<coordinates>
					-167.797913,60.353069,10972.8 -167.929626,60.32917800000001,10972.8 
				</coordinates>
			</LineString>
		</MultiGeometry>
	</Placemark>
	<Placemark>
		<name>P-255</name>
		<visibility>0</visibility>
		<description><![CDATA[<div><div><span><b>Altitude:</b></span> <span>36,000 ft - 36,100 ft</span></div>
<div><span><b>Speed:</b></span> <span>412 kt - 409 kt</span></div>
<div><span><b>Timestamp:</b></span><br/><span>2024-07-09 03:47:52 UTC<br/>2024-07-09 03:48:26 UTC</span></div>
</div>]]></description>
		<Style>
			<LineStyle>
				<color>ff7800ff</color>
				<width>2</width>
			</LineStyle>
		</Style>
		<MultiGeometry>
			<LineString>
				<tessellate>1</tessellate>
				<altitudeMode>absolute</altitudeMode>
				<coordinates>
					-167.929626,60.32917800000001,10972.8 -168.052933,60.30660999999999,11003.28 
				</coordinates>
			</LineString>
		</MultiGeometry>
	</Placemark>
	<Placemark>
		<name>P-256</name>
		<visibility>0</visibility>
		<description><![CDATA[<div><div><span><b>Altitude:</b></span> <span>36,100 ft - 36,750 ft</span></div>
<div><span><b>Speed:</b></span> <span>409 kt - 404 kt</span></div>
<div><span><b>Timestamp:</b></span><br/><span>2024-07-09 03:48:26 UTC<br/>2024-07-09 03:48:57 UTC</span></div>
</div>]]></description>
		<Style>
			<LineStyle>
				<color>ff9600ff</color>
				<width>2</width>
			</LineStyle>
		</Style>
		<MultiGeometry>
			<LineString>
				<tessellate>1</tessellate>
				<altitudeMode>absolute</altitudeMode>
				<coordinates>
					-168.052933,60.30660999999999,11003.28 -168.16214,60.28674299999999,11201.4 
				</coordinates>
			</LineString>
		</MultiGeometry>
	</Placemark>
	<Placemark>
		<name>P-257</name>
		<visibility>0</visibility>
		<description><![CDATA[<div><div><span><b>Altitude:</b></span> <span>36,750 ft - 37,275 ft</span></div>
<div><span><b>Speed:</b></span> <span>404 kt - 401 kt</span></div>
<div><span><b>Timestamp:</b></span><br/><span>2024-07-09 03:48:57 UTC<br/>2024-07-09 03:49:28 UTC</span></div>
</div>]]></description>
		<Style>
			<LineStyle>
				<color>ff9600ff</color>
				<width>2</width>
			</LineStyle>
		</Style>
		<MultiGeometry>
			<LineString>
				<tessellate>1</tessellate>
				<altitudeMode>absolute</altitudeMode>
				<coordinates>
					-168.16214,60.28674299999999,11201.4 -168.272095,60.267086,11361.42 
				</coordinates>
			</LineString>
		</MultiGeometry>
	</Placemark>
	<Placemark>
		<name>P-258</name>
		<visibility>0</visibility>
		<description><![CDATA[<div><div><span><b>Altitude:</b></span> <span>37,275 ft - 37,575 ft</span></div>
<div><span><b>Speed:</b></span> <span>401 kt - 402 kt</span></div>
<div><span><b>Timestamp:</b></span><br/><span>2024-07-09 03:49:28 UTC<br/>2024-07-09 03:49:59 UTC</span></div>
</div>]]></description>
		<Style>
			<LineStyle>
				<color>ff9600ff</color>
				<width>2</width>
			</LineStyle>
		</Style>
		<MultiGeometry>
			<LineString>
				<tessellate>1</tessellate>
				<altitudeMode>absolute</altitudeMode>
				<coordinates>
					-168.272095,60.267086,11361.42 -168.378723,60.247768,11452.86 
				</coordinates>
			</LineString>
		</MultiGeometry>
	</Placemark>
	<Placemark>
		<name>P-259</name>
		<visibility>0</visibility>
		<description><![CDATA[<div><div><span><b>Altitude:</b></span> <span>37,575 ft - 37,800 ft</span></div>
<div><span><b>Speed:</b></span> <span>402 kt - 405 kt</span></div>
<div><span><b>Timestamp:</b></span><br/><span>2024-07-09 03:49:59 UTC<br/>2024-07-09 03:50:31 UTC</span></div>
</div>]]></description>
		<Style>
			<LineStyle>
				<color>ff9600ff</color>
				<width>2</width>
			</LineStyle>
		</Style>
		<MultiGeometry>
			<LineString>
				<tessellate>1</tessellate>
				<altitudeMode>absolute</altitudeMode>
				<coordinates>
					-168.378723,60.247768,11452.86 -168.492218,60.227142,11521.44 
				</coordinates>
			</LineString>
		</MultiGeometry>
	</Placemark>
	<Placemark>
		<name>P-260</name>
		<visibility>0</visibility>
		<description><![CDATA[<div><div><span><b>Altitude:</b></span> <span>37,800 ft - 37,925 ft</span></div>
<div><span><b>Speed:</b></span> <span>405 kt - 410 kt</span></div>
<div><span><b>Timestamp:</b></span><br/><span>2024-07-09 03:50:31 UTC<br/>2024-07-09 03:51:01 UTC</span></div>
</div>]]></description>
		<Style>
			<LineStyle>
				<color>ffae00ff</color>
				<width>2</width>
			</LineStyle>
		</Style>
		<MultiGeometry>
			<LineString>
				<tessellate>1</tessellate>
				<altitudeMode>absolute</altitudeMode>
				<coordinates>
					-168.492218,60.227142,11521.44 -168.599411,60.207458,11559.54 
				</coordinates>
			</LineString>
		</MultiGeometry>
	</Placemark>
	<Placemark>
		<name>P-261</name>
		<visibility>0</visibility>
		<description><![CDATA[<div><div><span><b>Altitude:</b></span> <span>37,925 ft - 37,975 ft</span></div>
<div><span><b>Speed:</b></span> <span>410 kt - 411 kt</span></div>
<div><span><b>Timestamp:</b></span><br/><span>2024-07-09 03:51:01 UTC<br/>2024-07-09 03:51:34 UTC</span></div>
</div>]]></description>
		<Style>
			<LineStyle>
				<color>ffae00ff</color>
				<width>2</width>
			</LineStyle>
		</Style>
		<MultiGeometry>
			<LineString>
				<tessellate>1</tessellate>
				<altitudeMode>absolute</altitudeMode>
				<coordinates>
					-168.599411,60.207458,11559.54 -168.717636,60.185711,11574.78 
				</coordinates>
			</LineString>
		</MultiGeometry>
	</Placemark>
	<Placemark>
		<name>P-262</name>
		<visibility>0</visibility>
		<description><![CDATA[<div><div><span><b>Altitude:</b></span> <span>37,975 ft - 38,000 ft</span></div>
<div><span><b>Speed:</b></span> <span>411 kt - 409 kt</span></div>
<div><span><b>Timestamp:</b></span><br/><span>2024-07-09 03:51:34 UTC<br/>2024-07-09 03:52:08 UTC</span></div>
</div>]]></description>
		<Style>
			<LineStyle>
				<color>ffae00ff</color>
				<width>2</width>
			</LineStyle>
		</Style>
		<MultiGeometry>
			<LineString>
				<tessellate>1</tessellate>
				<altitudeMode>absolute</altitudeMode>
				<coordinates>
					-168.717636,60.185711,11574.78 -168.83902,60.163422,11582.4 
				</coordinates>
			</LineString>
		</MultiGeometry>
	</Placemark>
	<Placemark>
		<name>P-263</name>
		<visibility>0</visibility>
		<description><![CDATA[<div><div><span><b>Altitude:</b></span> <span>38,000 ft</span></div>
<div><span><b>Speed:</b></span> <span>409 kt - 410 kt</span></div>
<div><span><b>Timestamp:</b></span><br/><span>2024-07-09 03:52:08 UTC<br/>2024-07-09 03:52:41 UTC</span></div>
</div>]]></description>
		<Style>
			<LineStyle>
				<color>ffae00ff</color>
				<width>2</width>
			</LineStyle>
		</Style>
		<MultiGeometry>
			<LineString>
				<tessellate>1</tessellate>
				<altitudeMode>absolute</altitudeMode>
				<coordinates>
					-168.83902,60.163422,11582.4 -168.95639,60.141487,11582.4 
				</coordinates>
			</LineString>
		</MultiGeometry>
	</Placemark>
	<Placemark>
		<name>P-264</name>
		<visibility>0</visibility>
		<description><![CDATA[<div><div><span><b>Altitude:</b></span> <span>38,000 ft</span></div>
<div><span><b>Speed:</b></span> <span>410 kt - 414 kt</span></div>
<div><span><b>Timestamp:</b></span><br/><span>2024-07-09 03:52:41 UTC<br/>2024-07-09 03:53:15 UTC</span></div>
</div>]]></description>
		<Style>
			<LineStyle>
				<color>ffae00ff</color>
				<width>2</width>
			</LineStyle>
		</Style>
		<MultiGeometry>
			<LineString>
				<tessellate>1</tessellate>
				<altitudeMode>absolute</altitudeMode>
				<coordinates>
					-168.95639,60.141487,11582.4 -169.07608,60.118744,11582.4 
				</coordinates>
			</LineString>
		</MultiGeometry>
	</Placemark>
	<Placemark>
		<name>P-265</name>
		<visibility>0</visibility>
		<description><![CDATA[<div><div><span><b>Altitude:</b></span> <span>38,000 ft - 38,025 ft</span></div>
<div><span><b>Speed:</b></span> <span>414 kt - 416 kt</span></div>
<div><span><b>Timestamp:</b></span><br/><span>2024-07-09 03:53:15 UTC<br/>2024-07-09 03:53:47 UTC</span></div>
</div>]]></description>
		<Style>
			<LineStyle>
				<color>ffae00ff</color>
				<width>2</width>
			</LineStyle>
		</Style>
		<MultiGeometry>
			<LineString>
				<tessellate>1</tessellate>
				<altitudeMode>absolute</altitudeMode>
				<coordinates>
					-169.07608,60.118744,11582.4 -169.18985,60.097355,11590.02 
				</coordinates>
			</LineString>
		</MultiGeometry>
	</Placemark>
	<Placemark>
		<name>P-266</name>
		<visibility>0</visibility>
		<description><![CDATA[<div><div><span><b>Altitude:</b></span> <span>38,025 ft</span></div>
<div><span><b>Speed:</b></span> <span>416 kt - 418 kt</span></div>
<div><span><b>Timestamp:</b></span><br/><span>2024-07-09 03:53:47 UTC<br/>2024-07-09 03:54:18 UTC</span></div>
</div>]]></description>
		<Style>
			<LineStyle>
				<color>ffae00ff</color>
				<width>2</width>
			</LineStyle>
		</Style>
		<MultiGeometry>
			<LineString>
				<tessellate>1</tessellate>
				<altitudeMode>absolute</altitudeMode>
				<coordinates>
					-169.18985,60.097355,11590.02 -169.30188,60.076172,11590.02 
				</coordinates>
			</LineString>
		</MultiGeometry>
	</Placemark>
	<Placemark>
		<name>P-267</name>
		<visibility>0</visibility>
		<description><![CDATA[<div><div><span><b>Altitude:</b></span> <span>38,025 ft - 38,050 ft</span></div>
<div><span><b>Speed:</b></span> <span>418 kt</span></div>
<div><span><b>Timestamp:</b></span><br/><span>2024-07-09 03:54:18 UTC<br/>2024-07-09 03:54:51 UTC</span></div>
</div>]]></description>
		<Style>
			<LineStyle>
				<color>ffae00ff</color>
				<width>2</width>
			</LineStyle>
		</Style>
		<MultiGeometry>
			<LineString>
				<tessellate>1</tessellate>
				<altitudeMode>absolute</altitudeMode>
				<coordinates>
					-169.30188,60.076172,11590.02 -169.421677,60.053284,11597.64 
				</coordinates>
			</LineString>
		</MultiGeometry>
	</Placemark>
	<Placemark>
		<name>P-268</name>
		<visibility>0</visibility>
		<description><![CDATA[<div><div><span><b>Altitude:</b></span> <span>38,050 ft - 38,025 ft</span></div>
<div><span><b>Speed:</b></span> <span>418 kt</span></div>
<div><span><b>Timestamp:</b></span><br/><span>2024-07-09 03:54:51 UTC<br/>2024-07-09 03:55:24 UTC</span></div>
</div>]]></description>
		<Style>
			<LineStyle>
				<color>ffae00ff</color>
				<width>2</width>
			</LineStyle>
		</Style>
		<MultiGeometry>
			<LineString>
				<tessellate>1</tessellate>
				<altitudeMode>absolute</altitudeMode>
				<coordinates>
					-169.421677,60.053284,11597.64 -169.539886,60.030441,11590.02 
				</coordinates>
			</LineString>
		</MultiGeometry>
	</Placemark>
	<Placemark>
		<name>P-269</name>
		<visibility>0</visibility>
		<description><![CDATA[<div><div><span><b>Altitude:</b></span> <span>38,025 ft - 38,050 ft</span></div>
<div><span><b>Speed:</b></span> <span>418 kt - 417 kt</span></div>
<div><span><b>Timestamp:</b></span><br/><span>2024-07-09 03:55:24 UTC<br/>2024-07-09 03:55:56 UTC</span></div>
</div>]]></description>
		<Style>
			<LineStyle>
				<color>ffae00ff</color>
				<width>2</width>
			</LineStyle>
		</Style>
		<MultiGeometry>
			<LineString>
				<tessellate>1</tessellate>
				<altitudeMode>absolute</altitudeMode>
				<coordinates>
					-169.539886,60.030441,11590.02 -169.656189,60.00787400000001,11597.64 
				</coordinates>
			</LineString>
		</MultiGeometry>
	</Placemark>
	<Placemark>
		<name>P-270</name>
		<visibility>0</visibility>
		<description><![CDATA[<div><div><span><b>Altitude:</b></span> <span>38,050 ft - 38,025 ft</span></div>
<div><span><b>Speed:</b></span> <span>417 kt - 415 kt</span></div>
<div><span><b>Timestamp:</b></span><br/><span>2024-07-09 03:55:56 UTC<br/>2024-07-09 03:56:28 UTC</span></div>
</div>]]></description>
		<Style>
			<LineStyle>
				<color>ffae00ff</color>
				<width>2</width>
			</LineStyle>
		</Style>
		<MultiGeometry>
			<LineString>
				<tessellate>1</tessellate>
				<altitudeMode>absolute</altitudeMode>
				<coordinates>
					-169.656189,60.00787400000001,11597.64 -169.770111,59.98571800000001,11590.02 
				</coordinates>
			</LineString>
		</MultiGeometry>
	</Placemark>
	<Placemark>
		<name>P-271</name>
		<visibility>0</visibility>
		<description><![CDATA[<div><div><span><b>Altitude:</b></span> <span>38,025 ft</span></div>
<div><span><b>Speed:</b></span> <span>415 kt - 413 kt</span></div>
<div><span><b>Timestamp:</b></span><br/><span>2024-07-09 03:56:28 UTC<br/>2024-07-09 03:57:00 UTC</span></div>
</div>]]></description>
		<Style>
			<LineStyle>
				<color>ffae00ff</color>
				<width>2</width>
			</LineStyle>
		</Style>
		<MultiGeometry>
			<LineString>
				<tessellate>1</tessellate>
				<altitudeMode>absolute</altitudeMode>
				<coordinates>
					-169.770111,59.98571800000001,11590.02 -169.882538,59.963654,11590.02 
				</coordinates>
			</LineString>
		</MultiGeometry>
	</Placemark>
	<Placemark>
		<name>P-272</name>
		<visibility>0</visibility>
		<description><![CDATA[<div><div><span><b>Altitude:</b></span> <span>38,025 ft - 38,000 ft</span></div>
<div><span><b>Speed:</b></span> <span>413 kt - 411 kt</span></div>
<div><span><b>Timestamp:</b></span><br/><span>2024-07-09 03:57:00 UTC<br/>2024-07-09 03:57:33 UTC</span></div>
</div>]]></description>
		<Style>
			<LineStyle>
				<color>ffae00ff</color>
				<width>2</width>
			</LineStyle>
		</Style>
		<MultiGeometry>
			<LineString>
				<tessellate>1</tessellate>
				<altitudeMode>absolute</altitudeMode>
				<coordinates>
					-169.882538,59.963654,11590.02 -170.000244,59.940353,11582.4 
				</coordinates>
			</LineString>
		</MultiGeometry>
	</Placemark>
	<Placemark>
		<name>P-273</name>
		<visibility>0</visibility>
		<description><![CDATA[<div><div><span><b>Altitude:</b></span> <span>38,000 ft</span></div>
<div><span><b>Speed:</b></span> <span>411 kt - 410 kt</span></div>
<div><span><b>Timestamp:</b></span><br/><span>2024-07-09 03:57:33 UTC<br/>2024-07-09 03:58:04 UTC</span></div>
</div>]]></description>
		<Style>
			<LineStyle>
				<color>ffae00ff</color>
				<width>2</width>
			</LineStyle>
		</Style>
		<MultiGeometry>
			<LineString>
				<tessellate>1</tessellate>
				<altitudeMode>absolute</altitudeMode>
				<coordinates>
					-170.000244,59.940353,11582.4 -170.104446,59.919807,11582.4 
				</coordinates>
			</LineString>
		</MultiGeometry>
	</Placemark>
	<Placemark>
		<name>P-274</name>
		<visibility>0</visibility>
		<description><![CDATA[<div><div><span><b>Altitude:</b></span> <span>38,000 ft - 37,975 ft</span></div>
<div><span><b>Speed:</b></span> <span>410 kt - 409 kt</span></div>
<div><span><b>Timestamp:</b></span><br/><span>2024-07-09 03:58:04 UTC<br/>2024-07-09 03:58:36 UTC</span></div>
</div>]]></description>
		<Style>
			<LineStyle>
				<color>ffae00ff</color>
				<width>2</width>
			</LineStyle>
		</Style>
		<MultiGeometry>
			<LineString>
				<tessellate>1</tessellate>
				<altitudeMode>absolute</altitudeMode>
				<coordinates>
					-170.104446,59.919807,11582.4 -170.220078,59.89676299999999,11574.78 
				</coordinates>
			</LineString>
		</MultiGeometry>
	</Placemark>
	<Placemark>
		<name>P-275</name>
		<visibility>0</visibility>
		<description><![CDATA[<div><div><span><b>Altitude:</b></span> <span>37,975 ft</span></div>
<div><span><b>Speed:</b></span> <span>409 kt - 408 kt</span></div>
<div><span><b>Timestamp:</b></span><br/><span>2024-07-09 03:58:36 UTC<br/>2024-07-09 03:59:07 UTC</span></div>
</div>]]></description>
		<Style>
			<LineStyle>
				<color>ffae00ff</color>
				<width>2</width>
			</LineStyle>
		</Style>
		<MultiGeometry>
			<LineString>
				<tessellate>1</tessellate>
				<altitudeMode>absolute</altitudeMode>
				<coordinates>
					-170.220078,59.89676299999999,11574.78 -170.327545,59.874939,11574.78 
				</coordinates>
			</LineString>
		</MultiGeometry>
	</Placemark>
	<Placemark>
		<name>P-276</name>
		<visibility>0</visibility>
		<description><![CDATA[<div><div><span><b>Altitude:</b></span> <span>37,975 ft</span></div>
<div><span><b>Speed:</b></span> <span>408 kt</span></div>
<div><span><b>Timestamp:</b></span><br/><span>2024-07-09 03:59:07 UTC<br/>2024-07-09 03:59:39 UTC</span></div>
</div>]]></description>
		<Style>
			<LineStyle>
				<color>ffae00ff</color>
				<width>2</width>
			</LineStyle>
		</Style>
		<MultiGeometry>
			<LineString>
				<tessellate>1</tessellate>
				<altitudeMode>absolute</altitudeMode>
				<coordinates>
					-170.327545,59.874939,11574.78 -170.440063,59.85228,11574.78 
				</coordinates>
			</LineString>
		</MultiGeometry>
	</Placemark>
	<Placemark>
		<name>P-277</name>
		<visibility>0</visibility>
		<description><![CDATA[<div><div><span><b>Altitude:</b></span> <span>37,975 ft - 38,000 ft</span></div>
<div><span><b>Speed:</b></span> <span>408 kt - 411 kt</span></div>
<div><span><b>Timestamp:</b></span><br/><span>2024-07-09 03:59:39 UTC<br/>2024-07-09 04:00:10 UTC</span></div>
</div>]]></description>
		<Style>
			<LineStyle>
				<color>ffae00ff</color>
				<width>2</width>
			</LineStyle>
		</Style>
		<MultiGeometry>
			<LineString>
				<tessellate>1</tessellate>
				<altitudeMode>absolute</altitudeMode>
				<coordinates>
					-170.440063,59.85228,11574.78 -170.547302,59.83075300000001,11582.4 
				</coordinates>
			</LineString>
		</MultiGeometry>
	</Placemark>
	<Placemark>
		<name>P-278</name>
		<visibility>0</visibility>
		<description><![CDATA[<div><div><span><b>Altitude:</b></span> <span>38,000 ft</span></div>
<div><span><b>Speed:</b></span> <span>411 kt - 415 kt</span></div>
<div><span><b>Timestamp:</b></span><br/><span>2024-07-09 04:00:10 UTC<br/>2024-07-09 04:00:43 UTC</span></div>
</div>]]></description>
		<Style>
			<LineStyle>
				<color>ffae00ff</color>
				<width>2</width>
			</LineStyle>
		</Style>
		<MultiGeometry>
			<LineString>
				<tessellate>1</tessellate>
				<altitudeMode>absolute</altitudeMode>
				<coordinates>
					-170.547302,59.83075300000001,11582.4 -170.662628,59.80746499999999,11582.4 
				</coordinates>
			</LineString>
		</MultiGeometry>
	</Placemark>
	<Placemark>
		<name>P-279</name>
		<visibility>0</visibility>
		<description><![CDATA[<div><div><span><b>Altitude:</b></span> <span>38,000 ft</span></div>
<div><span><b>Speed:</b></span> <span>415 kt - 416 kt</span></div>
<div><span><b>Timestamp:</b></span><br/><span>2024-07-09 04:00:43 UTC<br/>2024-07-09 04:01:29 UTC</span></div>
</div>]]></description>
		<Style>
			<LineStyle>
				<color>ffae00ff</color>
				<width>2</width>
			</LineStyle>
		</Style>
		<MultiGeometry>
			<LineString>
				<tessellate>1</tessellate>
				<altitudeMode>absolute</altitudeMode>
				<coordinates>
					-170.662628,59.80746499999999,11582.4 -170.822021,59.774643,11582.4 
				</coordinates>
			</LineString>
		</MultiGeometry>
	</Placemark>
	<Placemark>
		<name>P-280</name>
		<visibility>0</visibility>
		<description><![CDATA[<div><div><span><b>Altitude:</b></span> <span>38,000 ft</span></div>
<div><span><b>Speed:</b></span> <span>416 kt</span></div>
<div><span><b>Timestamp:</b></span><br/><span>2024-07-09 04:01:29 UTC<br/>2024-07-09 04:02:03 UTC</span></div>
</div>]]></description>
		<Style>
			<LineStyle>
				<color>ffae00ff</color>
				<width>2</width>
			</LineStyle>
		</Style>
		<MultiGeometry>
			<LineString>
				<tessellate>1</tessellate>
				<altitudeMode>absolute</altitudeMode>
				<coordinates>
					-170.822021,59.774643,11582.4 -170.944061,59.749374,11582.4 
				</coordinates>
			</LineString>
		</MultiGeometry>
	</Placemark>
	<Placemark>
		<name>P-281</name>
		<visibility>0</visibility>
		<description><![CDATA[<div><div><span><b>Altitude:</b></span> <span>38,000 ft</span></div>
<div><span><b>Speed:</b></span> <span>416 kt - 415 kt</span></div>
<div><span><b>Timestamp:</b></span><br/><span>2024-07-09 04:02:03 UTC<br/>2024-07-09 04:02:33 UTC</span></div>
</div>]]></description>
		<Style>
			<LineStyle>
				<color>ffae00ff</color>
				<width>2</width>
			</LineStyle>
		</Style>
		<MultiGeometry>
			<LineString>
				<tessellate>1</tessellate>
				<altitudeMode>absolute</altitudeMode>
				<coordinates>
					-170.944061,59.749374,11582.4 -171.046524,59.728012,11582.4 
				</coordinates>
			</LineString>
		</MultiGeometry>
	</Placemark>
	<Placemark>
		<name>P-282</name>
		<visibility>0</visibility>
		<description><![CDATA[<div><div><span><b>Altitude:</b></span> <span>38,000 ft</span></div>
<div><span><b>Speed:</b></span> <span>415 kt</span></div>
<div><span><b>Timestamp:</b></span><br/><span>2024-07-09 04:02:33 UTC<br/>2024-07-09 04:03:04 UTC</span></div>
</div>]]></description>
		<Style>
			<LineStyle>
				<color>ffae00ff</color>
				<width>2</width>
			</LineStyle>
		</Style>
		<MultiGeometry>
			<LineString>
				<tessellate>1</tessellate>
				<altitudeMode>absolute</altitudeMode>
				<coordinates>
					-171.046524,59.728012,11582.4 -171.159851,59.70433,11582.4 
				</coordinates>
			</LineString>
		</MultiGeometry>
	</Placemark>
	<Placemark>
		<name>P-283</name>
		<visibility>0</visibility>
		<description><![CDATA[<div><div><span><b>Altitude:</b></span> <span>38,000 ft</span></div>
<div><span><b>Speed:</b></span> <span>415 kt - 416 kt</span></div>
<div><span><b>Timestamp:</b></span><br/><span>2024-07-09 04:03:04 UTC<br/>2024-07-09 04:03:49 UTC</span></div>
</div>]]></description>
		<Style>
			<LineStyle>
				<color>ffae00ff</color>
				<width>2</width>
			</LineStyle>
		</Style>
		<MultiGeometry>
			<LineString>
				<tessellate>1</tessellate>
				<altitudeMode>absolute</altitudeMode>
				<coordinates>
					-171.159851,59.70433,11582.4 -171.315765,59.671646,11582.4 
				</coordinates>
			</LineString>
		</MultiGeometry>
	</Placemark>
	<Placemark>
		<name>P-284</name>
		<visibility>0</visibility>
		<description><![CDATA[<div><div><span><b>Altitude:</b></span> <span>38,000 ft</span></div>
<div><span><b>Speed:</b></span> <span>416 kt</span></div>
<div><span><b>Timestamp:</b></span><br/><span>2024-07-09 04:03:49 UTC<br/>2024-07-09 04:04:00 UTC</span></div>
</div>]]></description>
		<Style>
			<LineStyle>
				<color>ffae00ff</color>
				<width>2</width>
			</LineStyle>
		</Style>
		<MultiGeometry>
			<LineString>
				<tessellate>1</tessellate>
				<altitudeMode>absolute</altitudeMode>
				<coordinates>
					-171.315765,59.671646,11582.4 -171.347977,59.664886,11582.4 
				</coordinates>
			</LineString>
		</MultiGeometry>
	</Placemark>
	<Placemark>
		<name>P-285</name>
		<visibility>0</visibility>
		<description><![CDATA[<div><div><span><b>Altitude:</b></span> <span>38,000 ft</span></div>
<div><span><b>Speed:</b></span> <span>416 kt - 415 kt</span></div>
<div><span><b>Timestamp:</b></span><br/><span>2024-07-09 04:04:00 UTC<br/>2024-07-09 04:04:59 UTC</span></div>
</div>]]></description>
		<Style>
			<LineStyle>
				<color>ffae00ff</color>
				<width>2</width>
			</LineStyle>
		</Style>
		<MultiGeometry>
			<LineString>
				<tessellate>1</tessellate>
				<altitudeMode>absolute</altitudeMode>
				<coordinates>
					-171.347977,59.664886,11582.4 -171.56041,59.61986899999999,11582.4 
				</coordinates>
			</LineString>
		</MultiGeometry>
	</Placemark>
	<Placemark>
		<name>P-286</name>
		<visibility>0</visibility>
		<description><![CDATA[<div><div><span><b>Altitude:</b></span> <span>38,000 ft</span></div>
<div><span><b>Speed:</b></span> <span>415 kt</span></div>
<div><span><b>Timestamp:</b></span><br/><span>2024-07-09 04:04:59 UTC<br/>2024-07-09 04:05:32 UTC</span></div>
</div>]]></description>
		<Style>
			<LineStyle>
				<color>ffae00ff</color>
				<width>2</width>
			</LineStyle>
		</Style>
		<MultiGeometry>
			<LineString>
				<tessellate>1</tessellate>
				<altitudeMode>absolute</altitudeMode>
				<coordinates>
					-171.56041,59.61986899999999,11582.4 -171.674255,59.595478,11582.4 
				</coordinates>
			</LineString>
		</MultiGeometry>
	</Placemark>
	<Placemark>
		<name>P-287</name>
		<visibility>0</visibility>
		<description><![CDATA[<div><div><span><b>Altitude:</b></span> <span>38,000 ft</span></div>
<div><span><b>Speed:</b></span> <span>415 kt</span></div>
<div><span><b>Timestamp:</b></span><br/><span>2024-07-09 04:05:32 UTC<br/>2024-07-09 04:06:04 UTC</span></div>
</div>]]></description>
		<Style>
			<LineStyle>
				<color>ffae00ff</color>
				<width>2</width>
			</LineStyle>
		</Style>
		<MultiGeometry>
			<LineString>
				<tessellate>1</tessellate>
				<altitudeMode>absolute</altitudeMode>
				<coordinates>
					-171.674255,59.595478,11582.4 -171.785538,59.57150299999999,11582.4 
				</coordinates>
			</LineString>
		</MultiGeometry>
	</Placemark>
	<Placemark>
		<name>P-288</name>
		<visibility>0</visibility>
		<description><![CDATA[<div><div><span><b>Altitude:</b></span> <span>38,000 ft</span></div>
<div><span><b>Speed:</b></span> <span>415 kt - 414 kt</span></div>
<div><span><b>Timestamp:</b></span><br/><span>2024-07-09 04:06:04 UTC<br/>2024-07-09 04:06:34 UTC</span></div>
</div>]]></description>
		<Style>
			<LineStyle>
				<color>ffae00ff</color>
				<width>2</width>
			</LineStyle>
		</Style>
		<MultiGeometry>
			<LineString>
				<tessellate>1</tessellate>
				<altitudeMode>absolute</altitudeMode>
				<coordinates>
					-171.785538,59.57150299999999,11582.4 -171.891907,59.548645,11582.4 
				</coordinates>
			</LineString>
		</MultiGeometry>
	</Placemark>
	<Placemark>
		<name>P-289</name>
		<visibility>0</visibility>
		<description><![CDATA[<div><div><span><b>Altitude:</b></span> <span>38,000 ft</span></div>
<div><span><b>Speed:</b></span> <span>414 kt - 413 kt</span></div>
<div><span><b>Timestamp:</b></span><br/><span>2024-07-09 04:06:34 UTC<br/>2024-07-09 04:07:06 UTC</span></div>
</div>]]></description>
		<Style>
			<LineStyle>
				<color>ffae00ff</color>
				<width>2</width>
			</LineStyle>
		</Style>
		<MultiGeometry>
			<LineString>
				<tessellate>1</tessellate>
				<altitudeMode>absolute</altitudeMode>
				<coordinates>
					-171.891907,59.548645,11582.4 -172.003052,59.525299,11582.4 
				</coordinates>
			</LineString>
		</MultiGeometry>
	</Placemark>
	<Placemark>
		<name>P-290</name>
		<visibility>0</visibility>
		<description><![CDATA[<div><div><span><b>Altitude:</b></span> <span>38,000 ft</span></div>
<div><span><b>Speed:</b></span> <span>413 kt - 412 kt</span></div>
<div><span><b>Timestamp:</b></span><br/><span>2024-07-09 04:07:06 UTC<br/>2024-07-09 04:07:38 UTC</span></div>
</div>]]></description>
		<Style>
			<LineStyle>
				<color>ffae00ff</color>
				<width>2</width>
			</LineStyle>
		</Style>
		<MultiGeometry>
			<LineString>
				<tessellate>1</tessellate>
				<altitudeMode>absolute</altitudeMode>
				<coordinates>
					-172.003052,59.525299,11582.4 -172.11438,59.502975,11582.4 
				</coordinates>
			</LineString>
		</MultiGeometry>
	</Placemark>
	<Placemark>
		<name>P-291</name>
		<visibility>0</visibility>
		<description><![CDATA[<div><div><span><b>Altitude:</b></span> <span>38,000 ft</span></div>
<div><span><b>Speed:</b></span> <span>412 kt</span></div>
<div><span><b>Timestamp:</b></span><br/><span>2024-07-09 04:07:38 UTC<br/>2024-07-09 04:08:10 UTC</span></div>
</div>]]></description>
		<Style>
			<LineStyle>
				<color>ffae00ff</color>
				<width>2</width>
			</LineStyle>
		</Style>
		<MultiGeometry>
			<LineString>
				<tessellate>1</tessellate>
				<altitudeMode>absolute</altitudeMode>
				<coordinates>
					-172.11438,59.502975,11582.4 -172.223862,59.480724,11582.4 
				</coordinates>
			</LineString>
		</MultiGeometry>
	</Placemark>
	<Placemark>
		<name>P-292</name>
		<visibility>0</visibility>
		<description><![CDATA[<div><div><span><b>Altitude:</b></span> <span>38,000 ft</span></div>
<div><span><b>Speed:</b></span> <span>412 kt - 413 kt</span></div>
<div><span><b>Timestamp:</b></span><br/><span>2024-07-09 04:08:10 UTC<br/>2024-07-09 04:08:42 UTC</span></div>
</div>]]></description>
		<Style>
			<LineStyle>
				<color>ffae00ff</color>
				<width>2</width>
			</LineStyle>
		</Style>
		<MultiGeometry>
			<LineString>
				<tessellate>1</tessellate>
				<altitudeMode>absolute</altitudeMode>
				<coordinates>
					-172.223862,59.480724,11582.4 -172.335144,59.457821,11582.4 
				</coordinates>
			</LineString>
		</MultiGeometry>
	</Placemark>
	<Placemark>
		<name>P-293</name>
		<visibility>0</visibility>
		<description><![CDATA[<div><div><span><b>Altitude:</b></span> <span>38,000 ft</span></div>
<div><span><b>Speed:</b></span> <span>413 kt</span></div>
<div><span><b>Timestamp:</b></span><br/><span>2024-07-09 04:08:42 UTC<br/>2024-07-09 04:09:30 UTC</span></div>
</div>]]></description>
		<Style>
			<LineStyle>
				<color>ffae00ff</color>
				<width>2</width>
			</LineStyle>
		</Style>
		<MultiGeometry>
			<LineString>
				<tessellate>1</tessellate>
				<altitudeMode>absolute</altitudeMode>
				<coordinates>
					-172.335144,59.457821,11582.4 -172.503067,59.423092,11582.4 
				</coordinates>
			</LineString>
		</MultiGeometry>
	</Placemark>
	<Placemark>
		<name>P-294</name>
		<visibility>0</visibility>
		<description><![CDATA[<div><div><span><b>Altitude:</b></span> <span>38,000 ft</span></div>
<div><span><b>Speed:</b></span> <span>413 kt - 414 kt</span></div>
<div><span><b>Timestamp:</b></span><br/><span>2024-07-09 04:09:30 UTC<br/>2024-07-09 04:09:59 UTC</span></div>
</div>]]></description>
		<Style>
			<LineStyle>
				<color>ffae00ff</color>
				<width>2</width>
			</LineStyle>
		</Style>
		<MultiGeometry>
			<LineString>
				<tessellate>1</tessellate>
				<altitudeMode>absolute</altitudeMode>
				<coordinates>
					-172.503067,59.423092,11582.4 -172.603729,59.402023,11582.4 
				</coordinates>
			</LineString>
		</MultiGeometry>
	</Placemark>
	<Placemark>
		<name>P-295</name>
		<visibility>0</visibility>
		<description><![CDATA[<div><div><span><b>Altitude:</b></span> <span>38,000 ft</span></div>
<div><span><b>Speed:</b></span> <span>414 kt - 415 kt</span></div>
<div><span><b>Timestamp:</b></span><br/><span>2024-07-09 04:09:59 UTC<br/>2024-07-09 04:12:06 UTC</span></div>
</div>]]></description>
		<Style>
			<LineStyle>
				<color>ffae00ff</color>
				<width>2</width>
			</LineStyle>
		</Style>
		<MultiGeometry>
			<LineString>
				<tessellate>1</tessellate>
				<altitudeMode>absolute</altitudeMode>
				<coordinates>
					-172.603729,59.402023,11582.4 -173.040344,59.30945999999999,11582.4 
				</coordinates>
			</LineString>
		</MultiGeometry>
	</Placemark>
	<Placemark>
		<name>P-296</name>
		<visibility>0</visibility>
		<description><![CDATA[<div><div><span><b>Altitude:</b></span> <span>38,000 ft</span></div>
<div><span><b>Speed:</b></span> <span>415 kt</span></div>
<div><span><b>Timestamp:</b></span><br/><span>2024-07-09 04:12:06 UTC<br/>2024-07-09 04:15:19 UTC</span></div>
</div>]]></description>
		<Style>
			<LineStyle>
				<color>ffae00ff</color>
				<width>2</width>
			</LineStyle>
		</Style>
		<MultiGeometry>
			<LineString>
				<tessellate>1</tessellate>
				<altitudeMode>absolute</altitudeMode>
				<coordinates>
					-173.040344,59.30945999999999,11582.4 -173.706665,59.16467300000001,11582.4 
				</coordinates>
			</LineString>
		</MultiGeometry>
	</Placemark>
	<Placemark>
		<name>P-297</name>
		<visibility>0</visibility>
		<description><![CDATA[<div><div><span><b>Altitude:</b></span> <span>38,000 ft</span></div>
<div><span><b>Speed:</b></span> <span>415 kt - 416 kt</span></div>
<div><span><b>Timestamp:</b></span><br/><span>2024-07-09 04:15:19 UTC<br/>2024-07-09 04:15:53 UTC</span></div>
</div>]]></description>
		<Style>
			<LineStyle>
				<color>ffae00ff</color>
				<width>2</width>
			</LineStyle>
		</Style>
		<MultiGeometry>
			<LineString>
				<tessellate>1</tessellate>
				<altitudeMode>absolute</altitudeMode>
				<coordinates>
					-173.706665,59.16467300000001,11582.4 -173.822479,59.13913000000001,11582.4 
				</coordinates>
			</LineString>
		</MultiGeometry>
	</Placemark>
	<Placemark>
		<name>P-298</name>
		<visibility>0</visibility>
		<description><![CDATA[<div><div><span><b>Altitude:</b></span> <span>38,000 ft</span></div>
<div><span><b>Speed:</b></span> <span>416 kt - 417 kt</span></div>
<div><span><b>Timestamp:</b></span><br/><span>2024-07-09 04:15:53 UTC<br/>2024-07-09 04:16:27 UTC</span></div>
</div>]]></description>
		<Style>
			<LineStyle>
				<color>ffae00ff</color>
				<width>2</width>
			</LineStyle>
		</Style>
		<MultiGeometry>
			<LineString>
				<tessellate>1</tessellate>
				<altitudeMode>absolute</altitudeMode>
				<coordinates>
					-173.822479,59.13913000000001,11582.4 -173.93866,59.113083,11582.4 
				</coordinates>
			</LineString>
		</MultiGeometry>
	</Placemark>
	<Placemark>
		<name>P-299</name>
		<visibility>0</visibility>
		<description><![CDATA[<div><div><span><b>Altitude:</b></span> <span>38,000 ft - 39,000 ft</span></div>
<div><span><b>Speed:</b></span> <span>417 kt - 419 kt</span></div>
<div><span><b>Timestamp:</b></span><br/><span>2024-07-09 04:16:27 UTC<br/>2024-07-09 06:21:18 UTC</span></div>
</div>]]></description>
		<Style>
			<LineStyle>
				<color>88000000</color>
				<width>2</width>
			</LineStyle>
		</Style>
		<MultiGeometry>
			<LineString>
				<tessellate>1</tessellate>
				<coordinates>
					-173.93866,59.113083,11582.4 163.812714,51.651012,11887.2 
				</coordinates>
			</LineString>
		</MultiGeometry>
	</Placemark>
	<Placemark>
		<name>P-300</name>
		<visibility>0</visibility>
		<description><![CDATA[<div><div><span><b>Altitude:</b></span> <span>39,000 ft</span></div>
<div><span><b>Speed:</b></span> <span>419 kt - 423 kt</span></div>
<div><span><b>Timestamp:</b></span><br/><span>2024-07-09 06:21:18 UTC<br/>2024-07-09 06:42:19 UTC</span></div>
</div>]]></description>
		<Style>
			<LineStyle>
				<color>88000000</color>
				<width>2</width>
			</LineStyle>
		</Style>
		<MultiGeometry>
			<LineString>
				<tessellate>1</tessellate>
				<coordinates>
					163.812714,51.651012,11887.2 160.573135,50.27861,11887.2 
				</coordinates>
			</LineString>
		</MultiGeometry>
	</Placemark>
	<Placemark>
		<name>P-301</name>
		<visibility>0</visibility>
		<description><![CDATA[<div><div><span><b>Altitude:</b></span> <span>39,000 ft</span></div>
<div><span><b>Speed:</b></span> <span>423 kt</span></div>
<div><span><b>Timestamp:</b></span><br/><span>2024-07-09 06:42:19 UTC<br/>2024-07-09 06:42:57 UTC</span></div>
</div>]]></description>
		<Style>
			<LineStyle>
				<color>ffae00ff</color>
				<width>2</width>
			</LineStyle>
		</Style>
		<MultiGeometry>
			<LineString>
				<tessellate>1</tessellate>
				<altitudeMode>absolute</altitudeMode>
				<coordinates>
					160.573135,50.27861,11887.2 160.478958,50.23603799999999,11887.2 
				</coordinates>
			</LineString>
		</MultiGeometry>
	</Placemark>
	<Placemark>
		<name>P-302</name>
		<visibility>0</visibility>
		<description><![CDATA[<div><div><span><b>Altitude:</b></span> <span>39,000 ft</span></div>
<div><span><b>Speed:</b></span> <span>423 kt - 424 kt</span></div>
<div><span><b>Timestamp:</b></span><br/><span>2024-07-09 06:42:57 UTC<br/>2024-07-09 06:43:18 UTC</span></div>
</div>]]></description>
		<Style>
			<LineStyle>
				<color>ffae00ff</color>
				<width>2</width>
			</LineStyle>
		</Style>
		<MultiGeometry>
			<LineString>
				<tessellate>1</tessellate>
				<altitudeMode>absolute</altitudeMode>
				<coordinates>
					160.478958,50.23603799999999,11887.2 160.426987,50.21241799999999,11887.2 
				</coordinates>
			</LineString>
		</MultiGeometry>
	</Placemark>
	<Placemark>
		<name>P-303</name>
		<visibility>0</visibility>
		<description><![CDATA[<div><div><span><b>Altitude:</b></span> <span>39,000 ft</span></div>
<div><span><b>Speed:</b></span> <span>424 kt - 425 kt</span></div>
<div><span><b>Timestamp:</b></span><br/><span>2024-07-09 06:43:18 UTC<br/>2024-07-09 06:43:47 UTC</span></div>
</div>]]></description>
		<Style>
			<LineStyle>
				<color>ffae00ff</color>
				<width>2</width>
			</LineStyle>
		</Style>
		<MultiGeometry>
			<LineString>
				<tessellate>1</tessellate>
				<altitudeMode>absolute</altitudeMode>
				<coordinates>
					160.426987,50.21241799999999,11887.2 160.353622,50.179092,11887.2 
				</coordinates>
			</LineString>
		</MultiGeometry>
	</Placemark>
	<Placemark>
		<name>P-304</name>
		<visibility>0</visibility>
		<description><![CDATA[<div><div><span><b>Altitude:</b></span> <span>39,000 ft</span></div>
<div><span><b>Speed:</b></span> <span>425 kt</span></div>
<div><span><b>Timestamp:</b></span><br/><span>2024-07-09 06:43:47 UTC<br/>2024-07-09 06:44:32 UTC</span></div>
</div>]]></description>
		<Style>
			<LineStyle>
				<color>ffae00ff</color>
				<width>2</width>
			</LineStyle>
		</Style>
		<MultiGeometry>
			<LineString>
				<tessellate>1</tessellate>
				<altitudeMode>absolute</altitudeMode>
				<coordinates>
					160.353622,50.179092,11887.2 160.241516,50.12777700000001,11887.2 
				</coordinates>
			</LineString>
		</MultiGeometry>
	</Placemark>
	<Placemark>
		<name>P-305</name>
		<visibility>0</visibility>
		<description><![CDATA[<div><div><span><b>Altitude:</b></span> <span>39,000 ft</span></div>
<div><span><b>Speed:</b></span> <span>425 kt</span></div>
<div><span><b>Timestamp:</b></span><br/><span>2024-07-09 06:44:32 UTC<br/>2024-07-09 06:45:15 UTC</span></div>
</div>]]></description>
		<Style>
			<LineStyle>
				<color>ffae00ff</color>
				<width>2</width>
			</LineStyle>
		</Style>
		<MultiGeometry>
			<LineString>
				<tessellate>1</tessellate>
				<altitudeMode>absolute</altitudeMode>
				<coordinates>
					160.241516,50.12777700000001,11887.2 160.135529,50.07903700000001,11887.2 
				</coordinates>
			</LineString>
		</MultiGeometry>
	</Placemark>
	<Placemark>
		<name>P-306</name>
		<visibility>0</visibility>
		<description><![CDATA[<div><div><span><b>Altitude:</b></span> <span>39,000 ft - 39,025 ft</span></div>
<div><span><b>Speed:</b></span> <span>425 kt</span></div>
<div><span><b>Timestamp:</b></span><br/><span>2024-07-09 06:45:15 UTC<br/>2024-07-09 06:46:25 UTC</span></div>
</div>]]></description>
		<Style>
			<LineStyle>
				<color>ffae00ff</color>
				<width>2</width>
			</LineStyle>
		</Style>
		<MultiGeometry>
			<LineString>
				<tessellate>1</tessellate>
				<altitudeMode>absolute</altitudeMode>
				<coordinates>
					160.135529,50.07903700000001,11887.2 159.966858,50.001022,11894.82 
				</coordinates>
			</LineString>
		</MultiGeometry>
	</Placemark>
	<Placemark>
		<name>P-307</name>
		<visibility>0</visibility>
		<description><![CDATA[<div><div><span><b>Altitude:</b></span> <span>39,025 ft - 39,000 ft</span></div>
<div><span><b>Speed:</b></span> <span>425 kt</span></div>
<div><span><b>Timestamp:</b></span><br/><span>2024-07-09 06:46:25 UTC<br/>2024-07-09 06:47:11 UTC</span></div>
</div>]]></description>
		<Style>
			<LineStyle>
				<color>ffae00ff</color>
				<width>2</width>
			</LineStyle>
		</Style>
		<MultiGeometry>
			<LineString>
				<tessellate>1</tessellate>
				<altitudeMode>absolute</altitudeMode>
				<coordinates>
					159.966858,50.001022,11894.82 159.850204,49.94682299999999,11887.2 
				</coordinates>
			</LineString>
		</MultiGeometry>
	</Placemark>
	<Placemark>
		<name>P-308</name>
		<visibility>0</visibility>
		<description><![CDATA[<div><div><span><b>Altitude:</b></span> <span>39,000 ft</span></div>
<div><span><b>Speed:</b></span> <span>425 kt</span></div>
<div><span><b>Timestamp:</b></span><br/><span>2024-07-09 06:47:11 UTC<br/>2024-07-09 06:47:42 UTC</span></div>
</div>]]></description>
		<Style>
			<LineStyle>
				<color>ffae00ff</color>
				<width>2</width>
			</LineStyle>
		</Style>
		<MultiGeometry>
			<LineString>
				<tessellate>1</tessellate>
				<altitudeMode>absolute</altitudeMode>
				<coordinates>
					159.850204,49.94682299999999,11887.2 159.773056,49.91102999999999,11887.2 
				</coordinates>
			</LineString>
		</MultiGeometry>
	</Placemark>
	<Placemark>
		<name>P-309</name>
		<visibility>0</visibility>
		<description><![CDATA[<div><div><span><b>Altitude:</b></span> <span>39,000 ft</span></div>
<div><span><b>Speed:</b></span> <span>425 kt</span></div>
<div><span><b>Timestamp:</b></span><br/><span>2024-07-09 06:47:42 UTC<br/>2024-07-09 06:48:14 UTC</span></div>
</div>]]></description>
		<Style>
			<LineStyle>
				<color>ffae00ff</color>
				<width>2</width>
			</LineStyle>
		</Style>
		<MultiGeometry>
			<LineString>
				<tessellate>1</tessellate>
				<altitudeMode>absolute</altitudeMode>
				<coordinates>
					159.773056,49.91102999999999,11887.2 159.69281,49.873459,11887.2 
				</coordinates>
			</LineString>
		</MultiGeometry>
	</Placemark>
	<Placemark>
		<name>P-310</name>
		<visibility>0</visibility>
		<description><![CDATA[<div><div><span><b>Altitude:</b></span> <span>39,000 ft</span></div>
<div><span><b>Speed:</b></span> <span>425 kt - 424 kt</span></div>
<div><span><b>Timestamp:</b></span><br/><span>2024-07-09 06:48:14 UTC<br/>2024-07-09 06:48:46 UTC</span></div>
</div>]]></description>
		<Style>
			<LineStyle>
				<color>ffae00ff</color>
				<width>2</width>
			</LineStyle>
		</Style>
		<MultiGeometry>
			<LineString>
				<tessellate>1</tessellate>
				<altitudeMode>absolute</altitudeMode>
				<coordinates>
					159.69281,49.873459,11887.2 159.614944,49.83687200000001,11887.2 
				</coordinates>
			</LineString>
		</MultiGeometry>
	</Placemark>
	<Placemark>
		<name>P-311</name>
		<visibility>0</visibility>
		<description><![CDATA[<div><div><span><b>Altitude:</b></span> <span>39,000 ft</span></div>
<div><span><b>Speed:</b></span> <span>424 kt - 423 kt</span></div>
<div><span><b>Timestamp:</b></span><br/><span>2024-07-09 06:48:46 UTC<br/>2024-07-09 06:49:17 UTC</span></div>
</div>]]></description>
		<Style>
			<LineStyle>
				<color>ffae00ff</color>
				<width>2</width>
			</LineStyle>
		</Style>
		<MultiGeometry>
			<LineString>
				<tessellate>1</tessellate>
				<altitudeMode>absolute</altitudeMode>
				<coordinates>
					159.614944,49.83687200000001,11887.2 159.539597,49.801491,11887.2 
				</coordinates>
			</LineString>
		</MultiGeometry>
	</Placemark>
	<Placemark>
		<name>P-312</name>
		<visibility>0</visibility>
		<description><![CDATA[<div><div><span><b>Altitude:</b></span> <span>39,000 ft - 38,975 ft</span></div>
<div><span><b>Speed:</b></span> <span>423 kt - 422 kt</span></div>
<div><span><b>Timestamp:</b></span><br/><span>2024-07-09 06:49:17 UTC<br/>2024-07-09 06:53:07 UTC</span></div>
</div>]]></description>
		<Style>
			<LineStyle>
				<color>ffae00ff</color>
				<width>2</width>
			</LineStyle>
		</Style>
		<MultiGeometry>
			<LineString>
				<tessellate>1</tessellate>
				<altitudeMode>absolute</altitudeMode>
				<coordinates>
					159.539597,49.801491,11887.2 158.986618,49.53387500000001,11879.58 
				</coordinates>
			</LineString>
		</MultiGeometry>
	</Placemark>
	<Placemark>
		<name>P-313</name>
		<visibility>0</visibility>
		<description><![CDATA[<div><div><span><b>Altitude:</b></span> <span>38,975 ft - 39,000 ft</span></div>
<div><span><b>Speed:</b></span> <span>422 kt - 423 kt</span></div>
<div><span><b>Timestamp:</b></span><br/><span>2024-07-09 06:53:07 UTC<br/>2024-07-09 06:53:39 UTC</span></div>
</div>]]></description>
		<Style>
			<LineStyle>
				<color>ffae00ff</color>
				<width>2</width>
			</LineStyle>
		</Style>
		<MultiGeometry>
			<LineString>
				<tessellate>1</tessellate>
				<altitudeMode>absolute</altitudeMode>
				<coordinates>
					158.986618,49.53387500000001,11879.58 158.908768,49.494946,11887.2 
				</coordinates>
			</LineString>
		</MultiGeometry>
	</Placemark>
	<Placemark>
		<name>P-314</name>
		<visibility>0</visibility>
		<description><![CDATA[<div><div><span><b>Altitude:</b></span> <span>39,000 ft</span></div>
<div><span><b>Speed:</b></span> <span>423 kt</span></div>
<div><span><b>Timestamp:</b></span><br/><span>2024-07-09 06:53:39 UTC<br/>2024-07-09 06:53:50 UTC</span></div>
</div>]]></description>
		<Style>
			<LineStyle>
				<color>ffae00ff</color>
				<width>2</width>
			</LineStyle>
		</Style>
		<MultiGeometry>
			<LineString>
				<tessellate>1</tessellate>
				<altitudeMode>absolute</altitudeMode>
				<coordinates>
					158.908768,49.494946,11887.2 158.88205,49.481491,11887.2 
				</coordinates>
			</LineString>
		</MultiGeometry>
	</Placemark>
	<Placemark>
		<name>P-315</name>
		<visibility>0</visibility>
		<description><![CDATA[<div><div><span><b>Altitude:</b></span> <span>39,000 ft</span></div>
<div><span><b>Speed:</b></span> <span>423 kt - 418 kt</span></div>
<div><span><b>Timestamp:</b></span><br/><span>2024-07-09 06:53:50 UTC<br/>2024-07-09 06:54:46 UTC</span></div>
</div>]]></description>
		<Style>
			<LineStyle>
				<color>ffae00ff</color>
				<width>2</width>
			</LineStyle>
		</Style>
		<MultiGeometry>
			<LineString>
				<tessellate>1</tessellate>
				<altitudeMode>absolute</altitudeMode>
				<coordinates>
					158.88205,49.481491,11887.2 158.749191,49.415432,11887.2 
				</coordinates>
			</LineString>
		</MultiGeometry>
	</Placemark>
	<Placemark>
		<name>P-316</name>
		<visibility>0</visibility>
		<description><![CDATA[<div><div><span><b>Altitude:</b></span> <span>39,000 ft - 39,025 ft</span></div>
<div><span><b>Speed:</b></span> <span>418 kt - 417 kt</span></div>
<div><span><b>Timestamp:</b></span><br/><span>2024-07-09 06:54:46 UTC<br/>2024-07-09 06:54:55 UTC</span></div>
</div>]]></description>
		<Style>
			<LineStyle>
				<color>ffae00ff</color>
				<width>2</width>
			</LineStyle>
		</Style>
		<MultiGeometry>
			<LineString>
				<tessellate>1</tessellate>
				<altitudeMode>absolute</altitudeMode>
				<coordinates>
					158.749191,49.415432,11887.2 158.728149,49.404968,11894.82 
				</coordinates>
			</LineString>
		</MultiGeometry>
	</Placemark>
	<Placemark>
		<name>P-317</name>
		<visibility>0</visibility>
		<description><![CDATA[<div><div><span><b>Altitude:</b></span> <span>39,025 ft - 39,000 ft</span></div>
<div><span><b>Speed:</b></span> <span>417 kt - 411 kt</span></div>
<div><span><b>Timestamp:</b></span><br/><span>2024-07-09 06:54:55 UTC<br/>2024-07-09 06:55:51 UTC</span></div>
</div>]]></description>
		<Style>
			<LineStyle>
				<color>ffae00ff</color>
				<width>2</width>
			</LineStyle>
		</Style>
		<MultiGeometry>
			<LineString>
				<tessellate>1</tessellate>
				<altitudeMode>absolute</altitudeMode>
				<coordinates>
					158.728149,49.404968,11894.82 158.59697,49.339458,11887.2 
				</coordinates>
			</LineString>
		</MultiGeometry>
	</Placemark>
	<Placemark>
		<name>P-318</name>
		<visibility>0</visibility>
		<description><![CDATA[<div><div><span><b>Altitude:</b></span> <span>39,000 ft</span></div>
<div><span><b>Speed:</b></span> <span>411 kt - 410 kt</span></div>
<div><span><b>Timestamp:</b></span><br/><span>2024-07-09 06:55:51 UTC<br/>2024-07-09 06:56:23 UTC</span></div>
</div>]]></description>
		<Style>
			<LineStyle>
				<color>ffae00ff</color>
				<width>2</width>
			</LineStyle>
		</Style>
		<MultiGeometry>
			<LineString>
				<tessellate>1</tessellate>
				<altitudeMode>absolute</altitudeMode>
				<coordinates>
					158.59697,49.339458,11887.2 158.523895,49.302639,11887.2 
				</coordinates>
			</LineString>
		</MultiGeometry>
	</Placemark>
	<Placemark>
		<name>P-319</name>
		<visibility>0</visibility>
		<description><![CDATA[<div><div><span><b>Altitude:</b></span> <span>39,000 ft - 39,025 ft</span></div>
<div><span><b>Speed:</b></span> <span>410 kt</span></div>
<div><span><b>Timestamp:</b></span><br/><span>2024-07-09 06:56:23 UTC<br/>2024-07-09 06:56:56 UTC</span></div>
</div>]]></description>
		<Style>
			<LineStyle>
				<color>ffae00ff</color>
				<width>2</width>
			</LineStyle>
		</Style>
		<MultiGeometry>
			<LineString>
				<tessellate>1</tessellate>
				<altitudeMode>absolute</altitudeMode>
				<coordinates>
					158.523895,49.302639,11887.2 158.4496,49.264835,11894.82 
				</coordinates>
			</LineString>
		</MultiGeometry>
	</Placemark>
	<Placemark>
		<name>P-320</name>
		<visibility>0</visibility>
		<description><![CDATA[<div><div><span><b>Altitude:</b></span> <span>39,025 ft - 39,050 ft</span></div>
<div><span><b>Speed:</b></span> <span>410 kt</span></div>
<div><span><b>Timestamp:</b></span><br/><span>2024-07-09 06:56:56 UTC<br/>2024-07-09 06:57:26 UTC</span></div>
</div>]]></description>
		<Style>
			<LineStyle>
				<color>ffae00ff</color>
				<width>2</width>
			</LineStyle>
		</Style>
		<MultiGeometry>
			<LineString>
				<tessellate>1</tessellate>
				<altitudeMode>absolute</altitudeMode>
				<coordinates>
					158.4496,49.264835,11894.82 158.380524,49.229782,11902.44 
				</coordinates>
			</LineString>
		</MultiGeometry>
	</Placemark>
	<Placemark>
		<name>P-321</name>
		<visibility>0</visibility>
		<description><![CDATA[<div><div><span><b>Altitude:</b></span> <span>39,050 ft</span></div>
<div><span><b>Speed:</b></span> <span>410 kt</span></div>
<div><span><b>Timestamp:</b></span><br/><span>2024-07-09 06:57:26 UTC<br/>2024-07-09 06:58:00 UTC</span></div>
</div>]]></description>
		<Style>
			<LineStyle>
				<color>ffae00ff</color>
				<width>2</width>
			</LineStyle>
		</Style>
		<MultiGeometry>
			<LineString>
				<tessellate>1</tessellate>
				<altitudeMode>absolute</altitudeMode>
				<coordinates>
					158.380524,49.229782,11902.44 158.302994,49.190781,11902.44 
				</coordinates>
			</LineString>
		</MultiGeometry>
	</Placemark>
	<Placemark>
		<name>P-322</name>
		<visibility>0</visibility>
		<description><![CDATA[<div><div><span><b>Altitude:</b></span> <span>39,050 ft - 39,025 ft</span></div>
<div><span><b>Speed:</b></span> <span>410 kt - 391 kt</span></div>
<div><span><b>Timestamp:</b></span><br/><span>2024-07-09 06:58:00 UTC<br/>2024-07-09 08:17:44 UTC</span></div>
</div>]]></description>
		<Style>
			<LineStyle>
				<color>88000000</color>
				<width>2</width>
			</LineStyle>
		</Style>
		<MultiGeometry>
			<LineString>
				<tessellate>1</tessellate>
				<coordinates>
					158.302994,49.190781,11902.44 148.563126,43.205292,11894.82 
				</coordinates>
			</LineString>
		</MultiGeometry>
	</Placemark>
	<Placemark>
		<name>P-323</name>
		<visibility>0</visibility>
		<description><![CDATA[<div><div><span><b>Altitude:</b></span> <span>39,025 ft - 39,000 ft</span></div>
<div><span><b>Speed:</b></span> <span>391 kt</span></div>
<div><span><b>Timestamp:</b></span><br/><span>2024-07-09 08:17:44 UTC<br/>2024-07-09 08:18:16 UTC</span></div>
</div>]]></description>
		<Style>
			<LineStyle>
				<color>ffae00ff</color>
				<width>2</width>
			</LineStyle>
		</Style>
		<MultiGeometry>
			<LineString>
				<tessellate>1</tessellate>
				<altitudeMode>absolute</altitudeMode>
				<coordinates>
					148.563126,43.205292,11894.82 148.507248,43.164047,11887.2 
				</coordinates>
			</LineString>
		</MultiGeometry>
	</Placemark>
	<Placemark>
		<name>P-324</name>
		<visibility>0</visibility>
		<description><![CDATA[<div><div><span><b>Altitude:</b></span> <span>39,000 ft</span></div>
<div><span><b>Speed:</b></span> <span>391 kt</span></div>
<div><span><b>Timestamp:</b></span><br/><span>2024-07-09 08:18:16 UTC<br/>2024-07-09 08:18:49 UTC</span></div>
</div>]]></description>
		<Style>
			<LineStyle>
				<color>ffae00ff</color>
				<width>2</width>
			</LineStyle>
		</Style>
		<MultiGeometry>
			<LineString>
				<tessellate>1</tessellate>
				<altitudeMode>absolute</altitudeMode>
				<coordinates>
					148.507248,43.164047,11887.2 148.449158,43.121292,11887.2 
				</coordinates>
			</LineString>
		</MultiGeometry>
	</Placemark>
	<Placemark>
		<name>P-325</name>
		<visibility>0</visibility>
		<description><![CDATA[<div><div><span><b>Altitude:</b></span> <span>39,000 ft</span></div>
<div><span><b>Speed:</b></span> <span>391 kt - 390 kt</span></div>
<div><span><b>Timestamp:</b></span><br/><span>2024-07-09 08:18:49 UTC<br/>2024-07-09 08:19:22 UTC</span></div>
</div>]]></description>
		<Style>
			<LineStyle>
				<color>ffae00ff</color>
				<width>2</width>
			</LineStyle>
		</Style>
		<MultiGeometry>
			<LineString>
				<tessellate>1</tessellate>
				<altitudeMode>absolute</altitudeMode>
				<coordinates>
					148.449158,43.121292,11887.2 148.392014,43.079132,11887.2 
				</coordinates>
			</LineString>
		</MultiGeometry>
	</Placemark>
	<Placemark>
		<name>P-326</name>
		<visibility>0</visibility>
		<description><![CDATA[<div><div><span><b>Altitude:</b></span> <span>39,000 ft</span></div>
<div><span><b>Speed:</b></span> <span>390 kt</span></div>
<div><span><b>Timestamp:</b></span><br/><span>2024-07-09 08:19:22 UTC<br/>2024-07-09 08:19:55 UTC</span></div>
</div>]]></description>
		<Style>
			<LineStyle>
				<color>ffae00ff</color>
				<width>2</width>
			</LineStyle>
		</Style>
		<MultiGeometry>
			<LineString>
				<tessellate>1</tessellate>
				<altitudeMode>absolute</altitudeMode>
				<coordinates>
					148.392014,43.079132,11887.2 148.335159,43.036789,11887.2 
				</coordinates>
			</LineString>
		</MultiGeometry>
	</Placemark>
	<Placemark>
		<name>P-327</name>
		<visibility>0</visibility>
		<description><![CDATA[<div><div><span><b>Altitude:</b></span> <span>39,000 ft</span></div>
<div><span><b>Speed:</b></span> <span>390 kt - 391 kt</span></div>
<div><span><b>Timestamp:</b></span><br/><span>2024-07-09 08:19:55 UTC<br/>2024-07-09 08:20:26 UTC</span></div>
</div>]]></description>
		<Style>
			<LineStyle>
				<color>ffae00ff</color>
				<width>2</width>
			</LineStyle>
		</Style>
		<MultiGeometry>
			<LineString>
				<tessellate>1</tessellate>
				<altitudeMode>absolute</altitudeMode>
				<coordinates>
					148.335159,43.036789,11887.2 148.281387,42.996918,11887.2 
				</coordinates>
			</LineString>
		</MultiGeometry>
	</Placemark>
	<Placemark>
		<name>P-328</name>
		<visibility>0</visibility>
		<description><![CDATA[<div><div><span><b>Altitude:</b></span> <span>39,000 ft</span></div>
<div><span><b>Speed:</b></span> <span>391 kt - 392 kt</span></div>
<div><span><b>Timestamp:</b></span><br/><span>2024-07-09 08:20:26 UTC<br/>2024-07-09 08:21:16 UTC</span></div>
</div>]]></description>
		<Style>
			<LineStyle>
				<color>ffae00ff</color>
				<width>2</width>
			</LineStyle>
		</Style>
		<MultiGeometry>
			<LineString>
				<tessellate>1</tessellate>
				<altitudeMode>absolute</altitudeMode>
				<coordinates>
					148.281387,42.996918,11887.2 148.194977,42.932755,11887.2 
				</coordinates>
			</LineString>
		</MultiGeometry>
	</Placemark>
	<Placemark>
		<name>P-329</name>
		<visibility>0</visibility>
		<description><![CDATA[<div><div><span><b>Altitude:</b></span> <span>39,000 ft - 39,025 ft</span></div>
<div><span><b>Speed:</b></span> <span>392 kt - 393 kt</span></div>
<div><span><b>Timestamp:</b></span><br/><span>2024-07-09 08:21:16 UTC<br/>2024-07-09 08:21:48 UTC</span></div>
</div>]]></description>
		<Style>
			<LineStyle>
				<color>ffae00ff</color>
				<width>2</width>
			</LineStyle>
		</Style>
		<MultiGeometry>
			<LineString>
				<tessellate>1</tessellate>
				<altitudeMode>absolute</altitudeMode>
				<coordinates>
					148.194977,42.932755,11887.2 148.140472,42.892273,11894.82 
				</coordinates>
			</LineString>
		</MultiGeometry>
	</Placemark>
	<Placemark>
		<name>P-330</name>
		<visibility>0</visibility>
		<description><![CDATA[<div><div><span><b>Altitude:</b></span> <span>39,025 ft</span></div>
<div><span><b>Speed:</b></span> <span>393 kt</span></div>
<div><span><b>Timestamp:</b></span><br/><span>2024-07-09 08:21:48 UTC<br/>2024-07-09 08:22:19 UTC</span></div>
</div>]]></description>
		<Style>
			<LineStyle>
				<color>ffae00ff</color>
				<width>2</width>
			</LineStyle>
		</Style>
		<MultiGeometry>
			<LineString>
				<tessellate>1</tessellate>
				<altitudeMode>absolute</altitudeMode>
				<coordinates>
					148.140472,42.892273,11894.82 148.085037,42.851055,11894.82 
				</coordinates>
			</LineString>
		</MultiGeometry>
	</Placemark>
	<Placemark>
		<name>P-331</name>
		<visibility>0</visibility>
		<description><![CDATA[<div><div><span><b>Altitude:</b></span> <span>39,025 ft - 39,000 ft</span></div>
<div><span><b>Speed:</b></span> <span>393 kt - 392 kt</span></div>
<div><span><b>Timestamp:</b></span><br/><span>2024-07-09 08:22:19 UTC<br/>2024-07-09 08:22:52 UTC</span></div>
</div>]]></description>
		<Style>
			<LineStyle>
				<color>ffae00ff</color>
				<width>2</width>
			</LineStyle>
		</Style>
		<MultiGeometry>
			<LineString>
				<tessellate>1</tessellate>
				<altitudeMode>absolute</altitudeMode>
				<coordinates>
					148.085037,42.851055,11894.82 148.028168,42.808502,11887.2 
				</coordinates>
			</LineString>
		</MultiGeometry>
	</Placemark>
	<Placemark>
		<name>P-332</name>
		<visibility>0</visibility>
		<description><![CDATA[<div><div><span><b>Altitude:</b></span> <span>39,000 ft</span></div>
<div><span><b>Speed:</b></span> <span>392 kt - 393 kt</span></div>
<div><span><b>Timestamp:</b></span><br/><span>2024-07-09 08:22:52 UTC<br/>2024-07-09 08:23:22 UTC</span></div>
</div>]]></description>
		<Style>
			<LineStyle>
				<color>ffae00ff</color>
				<width>2</width>
			</LineStyle>
		</Style>
		<MultiGeometry>
			<LineString>
				<tessellate>1</tessellate>
				<altitudeMode>absolute</altitudeMode>
				<coordinates>
					148.028168,42.808502,11887.2 147.975616,42.769077,11887.2 
				</coordinates>
			</LineString>
		</MultiGeometry>
	</Placemark>
	<Placemark>
		<name>P-333</name>
		<visibility>0</visibility>
		<description><![CDATA[<div><div><span><b>Altitude:</b></span> <span>39,000 ft</span></div>
<div><span><b>Speed:</b></span> <span>393 kt - 391 kt</span></div>
<div><span><b>Timestamp:</b></span><br/><span>2024-07-09 08:23:22 UTC<br/>2024-07-09 08:23:53 UTC</span></div>
</div>]]></description>
		<Style>
			<LineStyle>
				<color>ffae00ff</color>
				<width>2</width>
			</LineStyle>
		</Style>
		<MultiGeometry>
			<LineString>
				<tessellate>1</tessellate>
				<altitudeMode>absolute</altitudeMode>
				<coordinates>
					147.975616,42.769077,11887.2 147.923233,42.729721,11887.2 
				</coordinates>
			</LineString>
		</MultiGeometry>
	</Placemark>
	<Placemark>
		<name>P-334</name>
		<visibility>0</visibility>
		<description><![CDATA[<div><div><span><b>Altitude:</b></span> <span>39,000 ft</span></div>
<div><span><b>Speed:</b></span> <span>391 kt - 392 kt</span></div>
<div><span><b>Timestamp:</b></span><br/><span>2024-07-09 08:23:53 UTC<br/>2024-07-09 08:24:25 UTC</span></div>
</div>]]></description>
		<Style>
			<LineStyle>
				<color>ffae00ff</color>
				<width>2</width>
			</LineStyle>
		</Style>
		<MultiGeometry>
			<LineString>
				<tessellate>1</tessellate>
				<altitudeMode>absolute</altitudeMode>
				<coordinates>
					147.923233,42.729721,11887.2 147.867111,42.687698,11887.2 
				</coordinates>
			</LineString>
		</MultiGeometry>
	</Placemark>
	<Placemark>
		<name>P-335</name>
		<visibility>0</visibility>
		<description><![CDATA[<div><div><span><b>Altitude:</b></span> <span>39,000 ft</span></div>
<div><span><b>Speed:</b></span> <span>392 kt - 393 kt</span></div>
<div><span><b>Timestamp:</b></span><br/><span>2024-07-09 08:24:25 UTC<br/>2024-07-09 08:24:57 UTC</span></div>
</div>]]></description>
		<Style>
			<LineStyle>
				<color>ffae00ff</color>
				<width>2</width>
			</LineStyle>
		</Style>
		<MultiGeometry>
			<LineString>
				<tessellate>1</tessellate>
				<altitudeMode>absolute</altitudeMode>
				<coordinates>
					147.867111,42.687698,11887.2 147.812744,42.646729,11887.2 
				</coordinates>
			</LineString>
		</MultiGeometry>
	</Placemark>
	<Placemark>
		<name>P-336</name>
		<visibility>0</visibility>
		<description><![CDATA[<div><div><span><b>Altitude:</b></span> <span>39,000 ft</span></div>
<div><span><b>Speed:</b></span> <span>393 kt</span></div>
<div><span><b>Timestamp:</b></span><br/><span>2024-07-09 08:24:57 UTC<br/>2024-07-09 08:25:30 UTC</span></div>
</div>]]></description>
		<Style>
			<LineStyle>
				<color>ffae00ff</color>
				<width>2</width>
			</LineStyle>
		</Style>
		<MultiGeometry>
			<LineString>
				<tessellate>1</tessellate>
				<altitudeMode>absolute</altitudeMode>
				<coordinates>
					147.812744,42.646729,11887.2 147.756805,42.60434,11887.2 
				</coordinates>
			</LineString>
		</MultiGeometry>
	</Placemark>
	<Placemark>
		<name>P-337</name>
		<visibility>0</visibility>
		<description><![CDATA[<div><div><span><b>Altitude:</b></span> <span>39,000 ft</span></div>
<div><span><b>Speed:</b></span> <span>393 kt - 394 kt</span></div>
<div><span><b>Timestamp:</b></span><br/><span>2024-07-09 08:25:30 UTC<br/>2024-07-09 08:26:01 UTC</span></div>
</div>]]></description>
		<Style>
			<LineStyle>
				<color>ffae00ff</color>
				<width>2</width>
			</LineStyle>
		</Style>
		<MultiGeometry>
			<LineString>
				<tessellate>1</tessellate>
				<altitudeMode>absolute</altitudeMode>
				<coordinates>
					147.756805,42.60434,11887.2 147.702377,42.563004,11887.2 
				</coordinates>
			</LineString>
		</MultiGeometry>
	</Placemark>
	<Placemark>
		<name>P-338</name>
		<visibility>0</visibility>
		<description><![CDATA[<div><div><span><b>Altitude:</b></span> <span>39,000 ft</span></div>
<div><span><b>Speed:</b></span> <span>394 kt - 393 kt</span></div>
<div><span><b>Timestamp:</b></span><br/><span>2024-07-09 08:26:01 UTC<br/>2024-07-09 08:26:33 UTC</span></div>
</div>]]></description>
		<Style>
			<LineStyle>
				<color>ffae00ff</color>
				<width>2</width>
			</LineStyle>
		</Style>
		<MultiGeometry>
			<LineString>
				<tessellate>1</tessellate>
				<altitudeMode>absolute</altitudeMode>
				<coordinates>
					147.702377,42.563004,11887.2 147.648132,42.521988,11887.2 
				</coordinates>
			</LineString>
		</MultiGeometry>
	</Placemark>
	<Placemark>
		<name>P-339</name>
		<visibility>0</visibility>
		<description><![CDATA[<div><div><span><b>Altitude:</b></span> <span>39,000 ft</span></div>
<div><span><b>Speed:</b></span> <span>393 kt - 394 kt</span></div>
<div><span><b>Timestamp:</b></span><br/><span>2024-07-09 08:26:33 UTC<br/>2024-07-09 08:27:05 UTC</span></div>
</div>]]></description>
		<Style>
			<LineStyle>
				<color>ffae00ff</color>
				<width>2</width>
			</LineStyle>
		</Style>
		<MultiGeometry>
			<LineString>
				<tessellate>1</tessellate>
				<altitudeMode>absolute</altitudeMode>
				<coordinates>
					147.648132,42.521988,11887.2 147.59346,42.480652,11887.2 
				</coordinates>
			</LineString>
		</MultiGeometry>
	</Placemark>
	<Placemark>
		<name>P-340</name>
		<visibility>0</visibility>
		<description><![CDATA[<div><div><span><b>Altitude:</b></span> <span>39,000 ft - 38,975 ft</span></div>
<div><span><b>Speed:</b></span> <span>394 kt - 395 kt</span></div>
<div><span><b>Timestamp:</b></span><br/><span>2024-07-09 08:27:05 UTC<br/>2024-07-09 08:27:36 UTC</span></div>
</div>]]></description>
		<Style>
			<LineStyle>
				<color>ffae00ff</color>
				<width>2</width>
			</LineStyle>
		</Style>
		<MultiGeometry>
			<LineString>
				<tessellate>1</tessellate>
				<altitudeMode>absolute</altitudeMode>
				<coordinates>
					147.59346,42.480652,11887.2 147.539749,42.439579,11879.58 
				</coordinates>
			</LineString>
		</MultiGeometry>
	</Placemark>
	<Placemark>
		<name>P-341</name>
		<visibility>0</visibility>
		<description><![CDATA[<div><div><span><b>Altitude:</b></span> <span>38,975 ft - 39,000 ft</span></div>
<div><span><b>Speed:</b></span> <span>395 kt - 396 kt</span></div>
<div><span><b>Timestamp:</b></span><br/><span>2024-07-09 08:27:36 UTC<br/>2024-07-09 08:28:08 UTC</span></div>
</div>]]></description>
		<Style>
			<LineStyle>
				<color>ffae00ff</color>
				<width>2</width>
			</LineStyle>
		</Style>
		<MultiGeometry>
			<LineString>
				<tessellate>1</tessellate>
				<altitudeMode>absolute</altitudeMode>
				<coordinates>
					147.539749,42.439579,11879.58 147.484894,42.397751,11887.2 
				</coordinates>
			</LineString>
		</MultiGeometry>
	</Placemark>
	<Placemark>
		<name>P-342</name>
		<visibility>0</visibility>
		<description><![CDATA[<div><div><span><b>Altitude:</b></span> <span>39,000 ft - 39,375 ft</span></div>
<div><span><b>Speed:</b></span> <span>396 kt - 394 kt</span></div>
<div><span><b>Timestamp:</b></span><br/><span>2024-07-09 08:28:08 UTC<br/>2024-07-09 08:28:39 UTC</span></div>
</div>]]></description>
		<Style>
			<LineStyle>
				<color>ffae00ff</color>
				<width>2</width>
			</LineStyle>
		</Style>
		<MultiGeometry>
			<LineString>
				<tessellate>1</tessellate>
				<altitudeMode>absolute</altitudeMode>
				<coordinates>
					147.484894,42.397751,11887.2 147.430588,42.356438,12001.5 
				</coordinates>
			</LineString>
		</MultiGeometry>
	</Placemark>
	<Placemark>
		<name>P-343</name>
		<visibility>0</visibility>
		<description><![CDATA[<div><div><span><b>Altitude:</b></span> <span>39,375 ft - 39,800 ft</span></div>
<div><span><b>Speed:</b></span> <span>394 kt</span></div>
<div><span><b>Timestamp:</b></span><br/><span>2024-07-09 08:28:39 UTC<br/>2024-07-09 08:29:11 UTC</span></div>
</div>]]></description>
		<Style>
			<LineStyle>
				<color>ffd800ff</color>
				<width>2</width>
			</LineStyle>
		</Style>
		<MultiGeometry>
			<LineString>
				<tessellate>1</tessellate>
				<altitudeMode>absolute</altitudeMode>
				<coordinates>
					147.430588,42.356438,12001.5 147.376678,42.315193,12131.04 
				</coordinates>
			</LineString>
		</MultiGeometry>
	</Placemark>
	<Placemark>
		<name>P-344</name>
		<visibility>0</visibility>
		<description><![CDATA[<div><div><span><b>Altitude:</b></span> <span>39,800 ft - 40,000 ft</span></div>
<div><span><b>Speed:</b></span> <span>394 kt - 391 kt</span></div>
<div><span><b>Timestamp:</b></span><br/><span>2024-07-09 08:29:11 UTC<br/>2024-07-09 08:29:44 UTC</span></div>
</div>]]></description>
		<Style>
			<LineStyle>
				<color>ffd800ff</color>
				<width>2</width>
			</LineStyle>
		</Style>
		<MultiGeometry>
			<LineString>
				<tessellate>1</tessellate>
				<altitudeMode>absolute</altitudeMode>
				<coordinates>
					147.376678,42.315193,12131.04 147.319641,42.271435,12192 
				</coordinates>
			</LineString>
		</MultiGeometry>
	</Placemark>
	<Placemark>
		<name>P-345</name>
		<visibility>0</visibility>
		<description><![CDATA[<div><div><span><b>Altitude:</b></span> <span>40,000 ft</span></div>
<div><span><b>Speed:</b></span> <span>391 kt</span></div>
<div><span><b>Timestamp:</b></span><br/><span>2024-07-09 08:29:44 UTC<br/>2024-07-09 08:30:16 UTC</span></div>
</div>]]></description>
		<Style>
			<LineStyle>
				<color>ffd800ff</color>
				<width>2</width>
			</LineStyle>
		</Style>
		<MultiGeometry>
			<LineString>
				<tessellate>1</tessellate>
				<altitudeMode>absolute</altitudeMode>
				<coordinates>
					147.319641,42.271435,12192 147.265106,42.22966,12192 
				</coordinates>
			</LineString>
		</MultiGeometry>
	</Placemark>
	<Placemark>
		<name>P-346</name>
		<visibility>0</visibility>
		<description><![CDATA[<div><div><span><b>Altitude:</b></span> <span>40,000 ft</span></div>
<div><span><b>Speed:</b></span> <span>391 kt</span></div>
<div><span><b>Timestamp:</b></span><br/><span>2024-07-09 08:30:16 UTC<br/>2024-07-09 08:30:48 UTC</span></div>
</div>]]></description>
		<Style>
			<LineStyle>
				<color>ffd800ff</color>
				<width>2</width>
			</LineStyle>
		</Style>
		<MultiGeometry>
			<LineString>
				<tessellate>1</tessellate>
				<altitudeMode>absolute</altitudeMode>
				<coordinates>
					147.265106,42.22966,12192 147.211426,42.188553,12192 
				</coordinates>
			</LineString>
		</MultiGeometry>
	</Placemark>
	<Placemark>
		<name>P-347</name>
		<visibility>0</visibility>
		<description><![CDATA[<div><div><span><b>Altitude:</b></span> <span>40,000 ft</span></div>
<div><span><b>Speed:</b></span> <span>391 kt - 393 kt</span></div>
<div><span><b>Timestamp:</b></span><br/><span>2024-07-09 08:30:48 UTC<br/>2024-07-09 08:31:20 UTC</span></div>
</div>]]></description>
		<Style>
			<LineStyle>
				<color>ffd800ff</color>
				<width>2</width>
			</LineStyle>
		</Style>
		<MultiGeometry>
			<LineString>
				<tessellate>1</tessellate>
				<altitudeMode>absolute</altitudeMode>
				<coordinates>
					147.211426,42.188553,12192 147.157928,42.147537,12192 
				</coordinates>
			</LineString>
		</MultiGeometry>
	</Placemark>
	<Placemark>
		<name>P-348</name>
		<visibility>0</visibility>
		<description><![CDATA[<div><div><span><b>Altitude:</b></span> <span>40,000 ft</span></div>
<div><span><b>Speed:</b></span> <span>393 kt</span></div>
<div><span><b>Timestamp:</b></span><br/><span>2024-07-09 08:31:20 UTC<br/>2024-07-09 08:31:50 UTC</span></div>
</div>]]></description>
		<Style>
			<LineStyle>
				<color>ffd800ff</color>
				<width>2</width>
			</LineStyle>
		</Style>
		<MultiGeometry>
			<LineString>
				<tessellate>1</tessellate>
				<altitudeMode>absolute</altitudeMode>
				<coordinates>
					147.157928,42.147537,12192 147.107254,42.108315,12192 
				</coordinates>
			</LineString>
		</MultiGeometry>
	</Placemark>
	<Placemark>
		<name>P-349</name>
		<visibility>0</visibility>
		<description><![CDATA[<div><div><span><b>Altitude:</b></span> <span>40,000 ft</span></div>
<div><span><b>Speed:</b></span> <span>393 kt</span></div>
<div><span><b>Timestamp:</b></span><br/><span>2024-07-09 08:31:50 UTC<br/>2024-07-09 08:32:23 UTC</span></div>
</div>]]></description>
		<Style>
			<LineStyle>
				<color>ffd800ff</color>
				<width>2</width>
			</LineStyle>
		</Style>
		<MultiGeometry>
			<LineString>
				<tessellate>1</tessellate>
				<altitudeMode>absolute</altitudeMode>
				<coordinates>
					147.107254,42.108315,12192 147.050629,42.064545,12192 
				</coordinates>
			</LineString>
		</MultiGeometry>
	</Placemark>
	<Placemark>
		<name>P-350</name>
		<visibility>0</visibility>
		<description><![CDATA[<div><div><span><b>Altitude:</b></span> <span>40,000 ft</span></div>
<div><span><b>Speed:</b></span> <span>393 kt - 392 kt</span></div>
<div><span><b>Timestamp:</b></span><br/><span>2024-07-09 08:32:23 UTC<br/>2024-07-09 08:32:56 UTC</span></div>
</div>]]></description>
		<Style>
			<LineStyle>
				<color>ffd800ff</color>
				<width>2</width>
			</LineStyle>
		</Style>
		<MultiGeometry>
			<LineString>
				<tessellate>1</tessellate>
				<altitudeMode>absolute</altitudeMode>
				<coordinates>
					147.050629,42.064545,12192 146.994827,42.021423,12192 
				</coordinates>
			</LineString>
		</MultiGeometry>
	</Placemark>
	<Placemark>
		<name>P-351</name>
		<visibility>0</visibility>
		<description><![CDATA[<div><div><span><b>Altitude:</b></span> <span>40,000 ft</span></div>
<div><span><b>Speed:</b></span> <span>392 kt</span></div>
<div><span><b>Timestamp:</b></span><br/><span>2024-07-09 08:32:56 UTC<br/>2024-07-09 08:33:29 UTC</span></div>
</div>]]></description>
		<Style>
			<LineStyle>
				<color>ffd800ff</color>
				<width>2</width>
			</LineStyle>
		</Style>
		<MultiGeometry>
			<LineString>
				<tessellate>1</tessellate>
				<altitudeMode>absolute</altitudeMode>
				<coordinates>
					146.994827,42.021423,12192 146.93895,41.978073,12192 
				</coordinates>
			</LineString>
		</MultiGeometry>
	</Placemark>
	<Placemark>
		<name>P-352</name>
		<visibility>0</visibility>
		<description><![CDATA[<div><div><span><b>Altitude:</b></span> <span>40,000 ft</span></div>
<div><span><b>Speed:</b></span> <span>392 kt - 393 kt</span></div>
<div><span><b>Timestamp:</b></span><br/><span>2024-07-09 08:33:29 UTC<br/>2024-07-09 08:34:00 UTC</span></div>
</div>]]></description>
		<Style>
			<LineStyle>
				<color>ffd800ff</color>
				<width>2</width>
			</LineStyle>
		</Style>
		<MultiGeometry>
			<LineString>
				<tessellate>1</tessellate>
				<altitudeMode>absolute</altitudeMode>
				<coordinates>
					146.93895,41.978073,12192 146.886276,41.937103,12192 
				</coordinates>
			</LineString>
		</MultiGeometry>
	</Placemark>
	<Placemark>
		<name>P-353</name>
		<visibility>0</visibility>
		<description><![CDATA[<div><div><span><b>Altitude:</b></span> <span>40,000 ft</span></div>
<div><span><b>Speed:</b></span> <span>393 kt</span></div>
<div><span><b>Timestamp:</b></span><br/><span>2024-07-09 08:34:00 UTC<br/>2024-07-09 08:34:33 UTC</span></div>
</div>]]></description>
		<Style>
			<LineStyle>
				<color>ffd800ff</color>
				<width>2</width>
			</LineStyle>
		</Style>
		<MultiGeometry>
			<LineString>
				<tessellate>1</tessellate>
				<altitudeMode>absolute</altitudeMode>
				<coordinates>
					146.886276,41.937103,12192 146.831955,41.894733,12192 
				</coordinates>
			</LineString>
		</MultiGeometry>
	</Placemark>
	<Placemark>
		<name>P-354</name>
		<visibility>0</visibility>
		<description><![CDATA[<div><div><span><b>Altitude:</b></span> <span>40,000 ft - 39,975 ft</span></div>
<div><span><b>Speed:</b></span> <span>393 kt</span></div>
<div><span><b>Timestamp:</b></span><br/><span>2024-07-09 08:34:33 UTC<br/>2024-07-09 08:35:05 UTC</span></div>
</div>]]></description>
		<Style>
			<LineStyle>
				<color>ffd800ff</color>
				<width>2</width>
			</LineStyle>
		</Style>
		<MultiGeometry>
			<LineString>
				<tessellate>1</tessellate>
				<altitudeMode>absolute</altitudeMode>
				<coordinates>
					146.831955,41.894733,12192 146.777466,41.852463,12184.38 
				</coordinates>
			</LineString>
		</MultiGeometry>
	</Placemark>
	<Placemark>
		<name>P-355</name>
		<visibility>0</visibility>
		<description><![CDATA[<div><div><span><b>Altitude:</b></span> <span>39,975 ft - 40,000 ft</span></div>
<div><span><b>Speed:</b></span> <span>393 kt - 394 kt</span></div>
<div><span><b>Timestamp:</b></span><br/><span>2024-07-09 08:35:05 UTC<br/>2024-07-09 08:35:36 UTC</span></div>
</div>]]></description>
		<Style>
			<LineStyle>
				<color>ffd800ff</color>
				<width>2</width>
			</LineStyle>
		</Style>
		<MultiGeometry>
			<LineString>
				<tessellate>1</tessellate>
				<altitudeMode>absolute</altitudeMode>
				<coordinates>
					146.777466,41.852463,12184.38 146.72435,41.811081,12192 
				</coordinates>
			</LineString>
		</MultiGeometry>
	</Placemark>
	<Placemark>
		<name>P-356</name>
		<visibility>0</visibility>
		<description><![CDATA[<div><div><span><b>Altitude:</b></span> <span>40,000 ft</span></div>
<div><span><b>Speed:</b></span> <span>394 kt - 395 kt</span></div>
<div><span><b>Timestamp:</b></span><br/><span>2024-07-09 08:35:36 UTC<br/>2024-07-09 08:36:12 UTC</span></div>
</div>]]></description>
		<Style>
			<LineStyle>
				<color>ffd800ff</color>
				<width>2</width>
			</LineStyle>
		</Style>
		<MultiGeometry>
			<LineString>
				<tessellate>1</tessellate>
				<altitudeMode>absolute</altitudeMode>
				<coordinates>
					146.72435,41.811081,12192 146.665039,41.764709,12192 
				</coordinates>
			</LineString>
		</MultiGeometry>
	</Placemark>
	<Placemark>
		<name>P-357</name>
		<visibility>0</visibility>
		<description><![CDATA[<div><div><span><b>Altitude:</b></span> <span>40,000 ft</span></div>
<div><span><b>Speed:</b></span> <span>395 kt</span></div>
<div><span><b>Timestamp:</b></span><br/><span>2024-07-09 08:36:12 UTC<br/>2024-07-09 08:36:43 UTC</span></div>
</div>]]></description>
		<Style>
			<LineStyle>
				<color>ffd800ff</color>
				<width>2</width>
			</LineStyle>
		</Style>
		<MultiGeometry>
			<LineString>
				<tessellate>1</tessellate>
				<altitudeMode>absolute</altitudeMode>
				<coordinates>
					146.665039,41.764709,12192 146.612167,41.723328,12192 
				</coordinates>
			</LineString>
		</MultiGeometry>
	</Placemark>
	<Placemark>
		<name>P-358</name>
		<visibility>0</visibility>
		<description><![CDATA[<div><div><span><b>Altitude:</b></span> <span>40,000 ft</span></div>
<div><span><b>Speed:</b></span> <span>395 kt - 396 kt</span></div>
<div><span><b>Timestamp:</b></span><br/><span>2024-07-09 08:36:43 UTC<br/>2024-07-09 08:37:15 UTC</span></div>
</div>]]></description>
		<Style>
			<LineStyle>
				<color>ffd800ff</color>
				<width>2</width>
			</LineStyle>
		</Style>
		<MultiGeometry>
			<LineString>
				<tessellate>1</tessellate>
				<altitudeMode>absolute</altitudeMode>
				<coordinates>
					146.612167,41.723328,12192 146.558701,41.681431,12192 
				</coordinates>
			</LineString>
		</MultiGeometry>
	</Placemark>
	<Placemark>
		<name>P-359</name>
		<visibility>0</visibility>
		<description><![CDATA[<div><div><span><b>Altitude:</b></span> <span>40,000 ft</span></div>
<div><span><b>Speed:</b></span> <span>396 kt - 397 kt</span></div>
<div><span><b>Timestamp:</b></span><br/><span>2024-07-09 08:37:15 UTC<br/>2024-07-09 08:37:48 UTC</span></div>
</div>]]></description>
		<Style>
			<LineStyle>
				<color>ffd800ff</color>
				<width>2</width>
			</LineStyle>
		</Style>
		<MultiGeometry>
			<LineString>
				<tessellate>1</tessellate>
				<altitudeMode>absolute</altitudeMode>
				<coordinates>
					146.558701,41.681431,12192 146.502563,41.637253,12192 
				</coordinates>
			</LineString>
		</MultiGeometry>
	</Placemark>
	<Placemark>
		<name>P-360</name>
		<visibility>0</visibility>
		<description><![CDATA[<div><div><span><b>Altitude:</b></span> <span>40,000 ft - 40,025 ft</span></div>
<div><span><b>Speed:</b></span> <span>397 kt - 398 kt</span></div>
<div><span><b>Timestamp:</b></span><br/><span>2024-07-09 08:37:48 UTC<br/>2024-07-09 08:38:20 UTC</span></div>
</div>]]></description>
		<Style>
			<LineStyle>
				<color>ffd800ff</color>
				<width>2</width>
			</LineStyle>
		</Style>
		<MultiGeometry>
			<LineString>
				<tessellate>1</tessellate>
				<altitudeMode>absolute</altitudeMode>
				<coordinates>
					146.502563,41.637253,12192 146.448563,41.594604,12199.62 
				</coordinates>
			</LineString>
		</MultiGeometry>
	</Placemark>
	<Placemark>
		<name>P-361</name>
		<visibility>0</visibility>
		<description><![CDATA[<div><div><span><b>Altitude:</b></span> <span>40,025 ft - 40,000 ft</span></div>
<div><span><b>Speed:</b></span> <span>398 kt</span></div>
<div><span><b>Timestamp:</b></span><br/><span>2024-07-09 08:38:20 UTC<br/>2024-07-09 08:38:52 UTC</span></div>
</div>]]></description>
		<Style>
			<LineStyle>
				<color>ffd800ff</color>
				<width>2</width>
			</LineStyle>
		</Style>
		<MultiGeometry>
			<LineString>
				<tessellate>1</tessellate>
				<altitudeMode>absolute</altitudeMode>
				<coordinates>
					146.448563,41.594604,12199.62 146.394821,41.552124,12192 
				</coordinates>
			</LineString>
		</MultiGeometry>
	</Placemark>
	<Placemark>
		<name>P-362</name>
		<visibility>0</visibility>
		<description><![CDATA[<div><div><span><b>Altitude:</b></span> <span>40,000 ft</span></div>
<div><span><b>Speed:</b></span> <span>398 kt - 400 kt</span></div>
<div><span><b>Timestamp:</b></span><br/><span>2024-07-09 08:38:52 UTC<br/>2024-07-09 08:39:25 UTC</span></div>
</div>]]></description>
		<Style>
			<LineStyle>
				<color>ffd800ff</color>
				<width>2</width>
			</LineStyle>
		</Style>
		<MultiGeometry>
			<LineString>
				<tessellate>1</tessellate>
				<altitudeMode>absolute</altitudeMode>
				<coordinates>
					146.394821,41.552124,12192 146.339035,41.508072,12192 
				</coordinates>
			</LineString>
		</MultiGeometry>
	</Placemark>
	<Placemark>
		<name>P-363</name>
		<visibility>0</visibility>
		<description><![CDATA[<div><div><span><b>Altitude:</b></span> <span>40,000 ft - 39,975 ft</span></div>
<div><span><b>Speed:</b></span> <span>400 kt - 403 kt</span></div>
<div><span><b>Timestamp:</b></span><br/><span>2024-07-09 08:39:25 UTC<br/>2024-07-09 08:39:55 UTC</span></div>
</div>]]></description>
		<Style>
			<LineStyle>
				<color>ffd800ff</color>
				<width>2</width>
			</LineStyle>
		</Style>
		<MultiGeometry>
			<LineString>
				<tessellate>1</tessellate>
				<altitudeMode>absolute</altitudeMode>
				<coordinates>
					146.339035,41.508072,12192 146.287628,41.467522,12184.38 
				</coordinates>
			</LineString>
		</MultiGeometry>
	</Placemark>
	<Placemark>
		<name>P-364</name>
		<visibility>0</visibility>
		<description><![CDATA[<div><div><span><b>Altitude:</b></span> <span>39,975 ft - 40,000 ft</span></div>
<div><span><b>Speed:</b></span> <span>403 kt - 401 kt</span></div>
<div><span><b>Timestamp:</b></span><br/><span>2024-07-09 08:39:55 UTC<br/>2024-07-09 08:40:26 UTC</span></div>
</div>]]></description>
		<Style>
			<LineStyle>
				<color>ffd800ff</color>
				<width>2</width>
			</LineStyle>
		</Style>
		<MultiGeometry>
			<LineString>
				<tessellate>1</tessellate>
				<altitudeMode>absolute</altitudeMode>
				<coordinates>
					146.287628,41.467522,12184.38 146.234146,41.425049,12192 
				</coordinates>
			</LineString>
		</MultiGeometry>
	</Placemark>
	<Placemark>
		<name>P-365</name>
		<visibility>0</visibility>
		<description><![CDATA[<div><div><span><b>Altitude:</b></span> <span>40,000 ft</span></div>
<div><span><b>Speed:</b></span> <span>401 kt - 399 kt</span></div>
<div><span><b>Timestamp:</b></span><br/><span>2024-07-09 08:40:26 UTC<br/>2024-07-09 08:40:58 UTC</span></div>
</div>]]></description>
		<Style>
			<LineStyle>
				<color>ffd800ff</color>
				<width>2</width>
			</LineStyle>
		</Style>
		<MultiGeometry>
			<LineString>
				<tessellate>1</tessellate>
				<altitudeMode>absolute</altitudeMode>
				<coordinates>
					146.234146,41.425049,12192 146.181152,41.382751,12192 
				</coordinates>
			</LineString>
		</MultiGeometry>
	</Placemark>
	<Placemark>
		<name>P-366</name>
		<visibility>0</visibility>
		<description><![CDATA[<div><div><span><b>Altitude:</b></span> <span>40,000 ft</span></div>
<div><span><b>Speed:</b></span> <span>399 kt</span></div>
<div><span><b>Timestamp:</b></span><br/><span>2024-07-09 08:40:58 UTC<br/>2024-07-09 08:41:30 UTC</span></div>
</div>]]></description>
		<Style>
			<LineStyle>
				<color>ffd800ff</color>
				<width>2</width>
			</LineStyle>
		</Style>
		<MultiGeometry>
			<LineString>
				<tessellate>1</tessellate>
				<altitudeMode>absolute</altitudeMode>
				<coordinates>
					146.181152,41.382751,12192 146.127136,41.339722,12192 
				</coordinates>
			</LineString>
		</MultiGeometry>
	</Placemark>
	<Placemark>
		<name>P-367</name>
		<visibility>0</visibility>
		<description><![CDATA[<div><div><span><b>Altitude:</b></span> <span>40,000 ft</span></div>
<div><span><b>Speed:</b></span> <span>399 kt - 398 kt</span></div>
<div><span><b>Timestamp:</b></span><br/><span>2024-07-09 08:41:30 UTC<br/>2024-07-09 08:42:01 UTC</span></div>
</div>]]></description>
		<Style>
			<LineStyle>
				<color>ffd800ff</color>
				<width>2</width>
			</LineStyle>
		</Style>
		<MultiGeometry>
			<LineString>
				<tessellate>1</tessellate>
				<altitudeMode>absolute</altitudeMode>
				<coordinates>
					146.127136,41.339722,12192 146.074905,41.298027,12192 
				</coordinates>
			</LineString>
		</MultiGeometry>
	</Placemark>
	<Placemark>
		<name>P-368</name>
		<visibility>0</visibility>
		<description><![CDATA[<div><div><span><b>Altitude:</b></span> <span>40,000 ft</span></div>
<div><span><b>Speed:</b></span> <span>398 kt - 397 kt</span></div>
<div><span><b>Timestamp:</b></span><br/><span>2024-07-09 08:42:01 UTC<br/>2024-07-09 08:42:32 UTC</span></div>
</div>]]></description>
		<Style>
			<LineStyle>
				<color>ffd800ff</color>
				<width>2</width>
			</LineStyle>
		</Style>
		<MultiGeometry>
			<LineString>
				<tessellate>1</tessellate>
				<altitudeMode>absolute</altitudeMode>
				<coordinates>
					146.074905,41.298027,12192 146.022842,41.256454,12192 
				</coordinates>
			</LineString>
		</MultiGeometry>
	</Placemark>
	<Placemark>
		<name>P-369</name>
		<visibility>0</visibility>
		<description><![CDATA[<div><div><span><b>Altitude:</b></span> <span>40,000 ft - 40,025 ft</span></div>
<div><span><b>Speed:</b></span> <span>397 kt - 396 kt</span></div>
<div><span><b>Timestamp:</b></span><br/><span>2024-07-09 08:42:32 UTC<br/>2024-07-09 08:43:04 UTC</span></div>
</div>]]></description>
		<Style>
			<LineStyle>
				<color>ffd800ff</color>
				<width>2</width>
			</LineStyle>
		</Style>
		<MultiGeometry>
			<LineString>
				<tessellate>1</tessellate>
				<altitudeMode>absolute</altitudeMode>
				<coordinates>
					146.022842,41.256454,12192 145.969971,41.21402,12199.62 
				</coordinates>
			</LineString>
		</MultiGeometry>
	</Placemark>
	<Placemark>
		<name>P-370</name>
		<visibility>0</visibility>
		<description><![CDATA[<div><div><span><b>Altitude:</b></span> <span>40,025 ft - 40,000 ft</span></div>
<div><span><b>Speed:</b></span> <span>396 kt</span></div>
<div><span><b>Timestamp:</b></span><br/><span>2024-07-09 08:43:04 UTC<br/>2024-07-09 08:43:35 UTC</span></div>
</div>]]></description>
		<Style>
			<LineStyle>
				<color>ffd800ff</color>
				<width>2</width>
			</LineStyle>
		</Style>
		<MultiGeometry>
			<LineString>
				<tessellate>1</tessellate>
				<altitudeMode>absolute</altitudeMode>
				<coordinates>
					145.969971,41.21402,12199.62 145.91803,41.17218,12192 
				</coordinates>
			</LineString>
		</MultiGeometry>
	</Placemark>
	<Placemark>
		<name>P-371</name>
		<visibility>0</visibility>
		<description><![CDATA[<div><div><span><b>Altitude:</b></span> <span>40,000 ft</span></div>
<div><span><b>Speed:</b></span> <span>396 kt - 394 kt</span></div>
<div><span><b>Timestamp:</b></span><br/><span>2024-07-09 08:43:35 UTC<br/>2024-07-09 08:44:10 UTC</span></div>
</div>]]></description>
		<Style>
			<LineStyle>
				<color>ffd800ff</color>
				<width>2</width>
			</LineStyle>
		</Style>
		<MultiGeometry>
			<LineString>
				<tessellate>1</tessellate>
				<altitudeMode>absolute</altitudeMode>
				<coordinates>
					145.91803,41.17218,12192 145.860901,41.126312,12192 
				</coordinates>
			</LineString>
		</MultiGeometry>
	</Placemark>
	<Placemark>
		<name>P-372</name>
		<visibility>0</visibility>
		<description><![CDATA[<div><div><span><b>Altitude:</b></span> <span>40,000 ft - 39,975 ft</span></div>
<div><span><b>Speed:</b></span> <span>394 kt - 395 kt</span></div>
<div><span><b>Timestamp:</b></span><br/><span>2024-07-09 08:44:10 UTC<br/>2024-07-09 08:44:42 UTC</span></div>
</div>]]></description>
		<Style>
			<LineStyle>
				<color>ffd800ff</color>
				<width>2</width>
			</LineStyle>
		</Style>
		<MultiGeometry>
			<LineString>
				<tessellate>1</tessellate>
				<altitudeMode>absolute</altitudeMode>
				<coordinates>
					145.860901,41.126312,12192 145.807556,41.083515,12184.38 
				</coordinates>
			</LineString>
		</MultiGeometry>
	</Placemark>
	<Placemark>
		<name>P-373</name>
		<visibility>0</visibility>
		<description><![CDATA[<div><div><span><b>Altitude:</b></span> <span>39,975 ft - 40,000 ft</span></div>
<div><span><b>Speed:</b></span> <span>395 kt - 394 kt</span></div>
<div><span><b>Timestamp:</b></span><br/><span>2024-07-09 08:44:42 UTC<br/>2024-07-09 08:45:19 UTC</span></div>
</div>]]></description>
		<Style>
			<LineStyle>
				<color>ffd800ff</color>
				<width>2</width>
			</LineStyle>
		</Style>
		<MultiGeometry>
			<LineString>
				<tessellate>1</tessellate>
				<altitudeMode>absolute</altitudeMode>
				<coordinates>
					145.807556,41.083515,12184.38 145.746033,41.033798,12192 
				</coordinates>
			</LineString>
		</MultiGeometry>
	</Placemark>
	<Placemark>
		<name>P-374</name>
		<visibility>0</visibility>
		<description><![CDATA[<div><div><span><b>Altitude:</b></span> <span>40,000 ft</span></div>
<div><span><b>Speed:</b></span> <span>394 kt - 395 kt</span></div>
<div><span><b>Timestamp:</b></span><br/><span>2024-07-09 08:45:19 UTC<br/>2024-07-09 08:45:51 UTC</span></div>
</div>]]></description>
		<Style>
			<LineStyle>
				<color>ffd800ff</color>
				<width>2</width>
			</LineStyle>
		</Style>
		<MultiGeometry>
			<LineString>
				<tessellate>1</tessellate>
				<altitudeMode>absolute</altitudeMode>
				<coordinates>
					145.746033,41.033798,12192 145.692993,40.990768,12192 
				</coordinates>
			</LineString>
		</MultiGeometry>
	</Placemark>
	<Placemark>
		<name>P-375</name>
		<visibility>0</visibility>
		<description><![CDATA[<div><div><span><b>Altitude:</b></span> <span>40,000 ft</span></div>
<div><span><b>Speed:</b></span> <span>395 kt - 396 kt</span></div>
<div><span><b>Timestamp:</b></span><br/><span>2024-07-09 08:45:51 UTC<br/>2024-07-09 08:46:24 UTC</span></div>
</div>]]></description>
		<Style>
			<LineStyle>
				<color>ffd800ff</color>
				<width>2</width>
			</LineStyle>
		</Style>
		<MultiGeometry>
			<LineString>
				<tessellate>1</tessellate>
				<altitudeMode>absolute</altitudeMode>
				<coordinates>
					145.692993,40.990768,12192 145.639465,40.947372,12192 
				</coordinates>
			</LineString>
		</MultiGeometry>
	</Placemark>
	<Placemark>
		<name>P-376</name>
		<visibility>0</visibility>
		<description><![CDATA[<div><div><span><b>Altitude:</b></span> <span>40,000 ft</span></div>
<div><span><b>Speed:</b></span> <span>396 kt</span></div>
<div><span><b>Timestamp:</b></span><br/><span>2024-07-09 08:46:24 UTC<br/>2024-07-09 08:46:57 UTC</span></div>
</div>]]></description>
		<Style>
			<LineStyle>
				<color>ffd800ff</color>
				<width>2</width>
			</LineStyle>
		</Style>
		<MultiGeometry>
			<LineString>
				<tessellate>1</tessellate>
				<altitudeMode>absolute</altitudeMode>
				<coordinates>
					145.639465,40.947372,12192 145.584656,40.902878,12192 
				</coordinates>
			</LineString>
		</MultiGeometry>
	</Placemark>
	<Placemark>
		<name>P-377</name>
		<visibility>0</visibility>
		<description><![CDATA[<div><div><span><b>Altitude:</b></span> <span>40,000 ft</span></div>
<div><span><b>Speed:</b></span> <span>396 kt - 397 kt</span></div>
<div><span><b>Timestamp:</b></span><br/><span>2024-07-09 08:46:57 UTC<br/>2024-07-09 08:47:29 UTC</span></div>
</div>]]></description>
		<Style>
			<LineStyle>
				<color>ffd800ff</color>
				<width>2</width>
			</LineStyle>
		</Style>
		<MultiGeometry>
			<LineString>
				<tessellate>1</tessellate>
				<altitudeMode>absolute</altitudeMode>
				<coordinates>
					145.584656,40.902878,12192 145.532227,40.860214,12192 
				</coordinates>
			</LineString>
		</MultiGeometry>
	</Placemark>
	<Placemark>
		<name>P-378</name>
		<visibility>0</visibility>
		<description><![CDATA[<div><div><span><b>Altitude:</b></span> <span>40,000 ft</span></div>
<div><span><b>Speed:</b></span> <span>397 kt - 399 kt</span></div>
<div><span><b>Timestamp:</b></span><br/><span>2024-07-09 08:47:29 UTC<br/>2024-07-09 08:48:00 UTC</span></div>
</div>]]></description>
		<Style>
			<LineStyle>
				<color>ffd800ff</color>
				<width>2</width>
			</LineStyle>
		</Style>
		<MultiGeometry>
			<LineString>
				<tessellate>1</tessellate>
				<altitudeMode>absolute</altitudeMode>
				<coordinates>
					145.532227,40.860214,12192 145.479919,40.817596,12192 
				</coordinates>
			</LineString>
		</MultiGeometry>
	</Placemark>
	<Placemark>
		<name>P-379</name>
		<visibility>0</visibility>
		<description><![CDATA[<div><div><span><b>Altitude:</b></span> <span>40,000 ft</span></div>
<div><span><b>Speed:</b></span> <span>399 kt</span></div>
<div><span><b>Timestamp:</b></span><br/><span>2024-07-09 08:48:00 UTC<br/>2024-07-09 08:48:32 UTC</span></div>
</div>]]></description>
		<Style>
			<LineStyle>
				<color>ffd800ff</color>
				<width>2</width>
			</LineStyle>
		</Style>
		<MultiGeometry>
			<LineString>
				<tessellate>1</tessellate>
				<altitudeMode>absolute</altitudeMode>
				<coordinates>
					145.479919,40.817596,12192 145.428528,40.775478,12192 
				</coordinates>
			</LineString>
		</MultiGeometry>
	</Placemark>
	<Placemark>
		<name>P-380</name>
		<visibility>0</visibility>
		<description><![CDATA[<div><div><span><b>Altitude:</b></span> <span>40,000 ft - 40,050 ft</span></div>
<div><span><b>Speed:</b></span> <span>399 kt - 397 kt</span></div>
<div><span><b>Timestamp:</b></span><br/><span>2024-07-09 08:48:32 UTC<br/>2024-07-09 08:49:03 UTC</span></div>
</div>]]></description>
		<Style>
			<LineStyle>
				<color>ffd800ff</color>
				<width>2</width>
			</LineStyle>
		</Style>
		<MultiGeometry>
			<LineString>
				<tessellate>1</tessellate>
				<altitudeMode>absolute</altitudeMode>
				<coordinates>
					145.428528,40.775478,12192 145.376831,40.733162,12207.24 
				</coordinates>
			</LineString>
		</MultiGeometry>
	</Placemark>
	<Placemark>
		<name>P-381</name>
		<visibility>0</visibility>
		<description><![CDATA[<div><div><span><b>Altitude:</b></span> <span>40,050 ft</span></div>
<div><span><b>Speed:</b></span> <span>397 kt - 395 kt</span></div>
<div><span><b>Timestamp:</b></span><br/><span>2024-07-09 08:49:03 UTC<br/>2024-07-09 08:49:34 UTC</span></div>
</div>]]></description>
		<Style>
			<LineStyle>
				<color>ffd800ff</color>
				<width>2</width>
			</LineStyle>
		</Style>
		<MultiGeometry>
			<LineString>
				<tessellate>1</tessellate>
				<altitudeMode>absolute</altitudeMode>
				<coordinates>
					145.376831,40.733162,12207.24 145.325958,40.691776,12207.24 
				</coordinates>
			</LineString>
		</MultiGeometry>
	</Placemark>
	<Placemark>
		<name>P-382</name>
		<visibility>0</visibility>
		<description><![CDATA[<div><div><span><b>Altitude:</b></span> <span>40,050 ft</span></div>
<div><span><b>Speed:</b></span> <span>395 kt - 394 kt</span></div>
<div><span><b>Timestamp:</b></span><br/><span>2024-07-09 08:49:34 UTC<br/>2024-07-09 08:50:05 UTC</span></div>
</div>]]></description>
		<Style>
			<LineStyle>
				<color>ffd800ff</color>
				<width>2</width>
			</LineStyle>
		</Style>
		<MultiGeometry>
			<LineString>
				<tessellate>1</tessellate>
				<altitudeMode>absolute</altitudeMode>
				<coordinates>
					145.325958,40.691776,12207.24 145.274841,40.649601,12207.24 
				</coordinates>
			</LineString>
		</MultiGeometry>
	</Placemark>
	<Placemark>
		<name>P-383</name>
		<visibility>0</visibility>
		<description><![CDATA[<div><div><span><b>Altitude:</b></span> <span>40,050 ft - 40,000 ft</span></div>
<div><span><b>Speed:</b></span> <span>394 kt - 392 kt</span></div>
<div><span><b>Timestamp:</b></span><br/><span>2024-07-09 08:50:05 UTC<br/>2024-07-09 08:50:37 UTC</span></div>
</div>]]></description>
		<Style>
			<LineStyle>
				<color>ffd800ff</color>
				<width>2</width>
			</LineStyle>
		</Style>
		<MultiGeometry>
			<LineString>
				<tessellate>1</tessellate>
				<altitudeMode>absolute</altitudeMode>
				<coordinates>
					145.274841,40.649601,12207.24 145.223633,40.607529,12192 
				</coordinates>
			</LineString>
		</MultiGeometry>
	</Placemark>
	<Placemark>
		<name>P-384</name>
		<visibility>0</visibility>
		<description><![CDATA[<div><div><span><b>Altitude:</b></span> <span>40,000 ft - 39,975 ft</span></div>
<div><span><b>Speed:</b></span> <span>392 kt</span></div>
<div><span><b>Timestamp:</b></span><br/><span>2024-07-09 08:50:37 UTC<br/>2024-07-09 08:51:09 UTC</span></div>
</div>]]></description>
		<Style>
			<LineStyle>
				<color>ffd800ff</color>
				<width>2</width>
			</LineStyle>
		</Style>
		<MultiGeometry>
			<LineString>
				<tessellate>1</tessellate>
				<altitudeMode>absolute</altitudeMode>
				<coordinates>
					145.223633,40.607529,12192 145.172409,40.565342,12184.38 
				</coordinates>
			</LineString>
		</MultiGeometry>
	</Placemark>
	<Placemark>
		<name>P-385</name>
		<visibility>0</visibility>
		<description><![CDATA[<div><div><span><b>Altitude:</b></span> <span>39,975 ft</span></div>
<div><span><b>Speed:</b></span> <span>392 kt</span></div>
<div><span><b>Timestamp:</b></span><br/><span>2024-07-09 08:51:09 UTC<br/>2024-07-09 08:51:40 UTC</span></div>
</div>]]></description>
		<Style>
			<LineStyle>
				<color>ffd800ff</color>
				<width>2</width>
			</LineStyle>
		</Style>
		<MultiGeometry>
			<LineString>
				<tessellate>1</tessellate>
				<altitudeMode>absolute</altitudeMode>
				<coordinates>
					145.172409,40.565342,12184.38 145.12146,40.523163,12184.38 
				</coordinates>
			</LineString>
		</MultiGeometry>
	</Placemark>
	<Placemark>
		<name>P-386</name>
		<visibility>0</visibility>
		<description><![CDATA[<div><div><span><b>Altitude:</b></span> <span>39,975 ft</span></div>
<div><span><b>Speed:</b></span> <span>392 kt - 394 kt</span></div>
<div><span><b>Timestamp:</b></span><br/><span>2024-07-09 08:51:40 UTC<br/>2024-07-09 08:52:12 UTC</span></div>
</div>]]></description>
		<Style>
			<LineStyle>
				<color>ffd800ff</color>
				<width>2</width>
			</LineStyle>
		</Style>
		<MultiGeometry>
			<LineString>
				<tessellate>1</tessellate>
				<altitudeMode>absolute</altitudeMode>
				<coordinates>
					145.12146,40.523163,12184.38 145.070343,40.481033,12184.38 
				</coordinates>
			</LineString>
		</MultiGeometry>
	</Placemark>
	<Placemark>
		<name>P-387</name>
		<visibility>0</visibility>
		<description><![CDATA[<div><div><span><b>Altitude:</b></span> <span>39,975 ft</span></div>
<div><span><b>Speed:</b></span> <span>394 kt - 391 kt</span></div>
<div><span><b>Timestamp:</b></span><br/><span>2024-07-09 08:52:12 UTC<br/>2024-07-09 08:52:44 UTC</span></div>
</div>]]></description>
		<Style>
			<LineStyle>
				<color>ffd800ff</color>
				<width>2</width>
			</LineStyle>
		</Style>
		<MultiGeometry>
			<LineString>
				<tessellate>1</tessellate>
				<altitudeMode>absolute</altitudeMode>
				<coordinates>
					145.070343,40.481033,12184.38 145.016541,40.438393,12184.38 
				</coordinates>
			</LineString>
		</MultiGeometry>
	</Placemark>
	<Placemark>
		<name>P-388</name>
		<visibility>0</visibility>
		<description><![CDATA[<div><div><span><b>Altitude:</b></span> <span>39,975 ft - 40,000 ft</span></div>
<div><span><b>Speed:</b></span> <span>391 kt - 385 kt</span></div>
<div><span><b>Timestamp:</b></span><br/><span>2024-07-09 08:52:44 UTC<br/>2024-07-09 08:53:16 UTC</span></div>
</div>]]></description>
		<Style>
			<LineStyle>
				<color>ffd800ff</color>
				<width>2</width>
			</LineStyle>
		</Style>
		<MultiGeometry>
			<LineString>
				<tessellate>1</tessellate>
				<altitudeMode>absolute</altitudeMode>
				<coordinates>
					145.016541,40.438393,12184.38 144.957886,40.402679,12192 
				</coordinates>
			</LineString>
		</MultiGeometry>
	</Placemark>
	<Placemark>
		<name>P-389</name>
		<visibility>0</visibility>
		<description><![CDATA[<div><div><span><b>Altitude:</b></span> <span>40,000 ft - 40,025 ft</span></div>
<div><span><b>Speed:</b></span> <span>385 kt - 380 kt</span></div>
<div><span><b>Timestamp:</b></span><br/><span>2024-07-09 08:53:16 UTC<br/>2024-07-09 08:53:47 UTC</span></div>
</div>]]></description>
		<Style>
			<LineStyle>
				<color>ffd800ff</color>
				<width>2</width>
			</LineStyle>
		</Style>
		<MultiGeometry>
			<LineString>
				<tessellate>1</tessellate>
				<altitudeMode>absolute</altitudeMode>
				<coordinates>
					144.957886,40.402679,12192 144.897064,40.373684,12199.62 
				</coordinates>
			</LineString>
		</MultiGeometry>
	</Placemark>
	<Placemark>
		<name>P-390</name>
		<visibility>0</visibility>
		<description><![CDATA[<div><div><span><b>Altitude:</b></span> <span>40,025 ft - 40,050 ft</span></div>
<div><span><b>Speed:</b></span> <span>380 kt</span></div>
<div><span><b>Timestamp:</b></span><br/><span>2024-07-09 08:53:47 UTC<br/>2024-07-09 08:54:19 UTC</span></div>
</div>]]></description>
		<Style>
			<LineStyle>
				<color>ffd800ff</color>
				<width>2</width>
			</LineStyle>
		</Style>
		<MultiGeometry>
			<LineString>
				<tessellate>1</tessellate>
				<altitudeMode>absolute</altitudeMode>
				<coordinates>
					144.897064,40.373684,12199.62 144.83429,40.34436,12207.24 
				</coordinates>
			</LineString>
		</MultiGeometry>
	</Placemark>
	<Placemark>
		<name>P-391</name>
		<visibility>0</visibility>
		<description><![CDATA[<div><div><span><b>Altitude:</b></span> <span>40,050 ft - 40,025 ft</span></div>
<div><span><b>Speed:</b></span> <span>380 kt - 378 kt</span></div>
<div><span><b>Timestamp:</b></span><br/><span>2024-07-09 08:54:19 UTC<br/>2024-07-09 08:54:49 UTC</span></div>
</div>]]></description>
		<Style>
			<LineStyle>
				<color>ffd800ff</color>
				<width>2</width>
			</LineStyle>
		</Style>
		<MultiGeometry>
			<LineString>
				<tessellate>1</tessellate>
				<altitudeMode>absolute</altitudeMode>
				<coordinates>
					144.83429,40.34436,12207.24 144.776672,40.317398,12199.62 
				</coordinates>
			</LineString>
		</MultiGeometry>
	</Placemark>
	<Placemark>
		<name>P-392</name>
		<visibility>0</visibility>
		<description><![CDATA[<div><div><span><b>Altitude:</b></span> <span>40,025 ft - 40,050 ft</span></div>
<div><span><b>Speed:</b></span> <span>378 kt - 376 kt</span></div>
<div><span><b>Timestamp:</b></span><br/><span>2024-07-09 08:54:49 UTC<br/>2024-07-09 08:55:24 UTC</span></div>
</div>]]></description>
		<Style>
			<LineStyle>
				<color>ffd800ff</color>
				<width>2</width>
			</LineStyle>
		</Style>
		<MultiGeometry>
			<LineString>
				<tessellate>1</tessellate>
				<altitudeMode>absolute</altitudeMode>
				<coordinates>
					144.776672,40.317398,12199.62 144.708359,40.285374,12207.24 
				</coordinates>
			</LineString>
		</MultiGeometry>
	</Placemark>
	<Placemark>
		<name>P-393</name>
		<visibility>0</visibility>
		<description><![CDATA[<div><div><span><b>Altitude:</b></span> <span>40,050 ft - 40,025 ft</span></div>
<div><span><b>Speed:</b></span> <span>376 kt - 373 kt</span></div>
<div><span><b>Timestamp:</b></span><br/><span>2024-07-09 08:55:24 UTC<br/>2024-07-09 08:55:55 UTC</span></div>
</div>]]></description>
		<Style>
			<LineStyle>
				<color>ffd800ff</color>
				<width>2</width>
			</LineStyle>
		</Style>
		<MultiGeometry>
			<LineString>
				<tessellate>1</tessellate>
				<altitudeMode>absolute</altitudeMode>
				<coordinates>
					144.708359,40.285374,12207.24 144.647934,40.256977,12199.62 
				</coordinates>
			</LineString>
		</MultiGeometry>
	</Placemark>
	<Placemark>
		<name>P-394</name>
		<visibility>0</visibility>
		<description><![CDATA[<div><div><span><b>Altitude:</b></span> <span>40,025 ft - 40,000 ft</span></div>
<div><span><b>Speed:</b></span> <span>373 kt - 369 kt</span></div>
<div><span><b>Timestamp:</b></span><br/><span>2024-07-09 08:55:55 UTC<br/>2024-07-09 08:56:28 UTC</span></div>
</div>]]></description>
		<Style>
			<LineStyle>
				<color>ffd800ff</color>
				<width>2</width>
			</LineStyle>
		</Style>
		<MultiGeometry>
			<LineString>
				<tessellate>1</tessellate>
				<altitudeMode>absolute</altitudeMode>
				<coordinates>
					144.647934,40.256977,12199.62 144.586441,40.228115,12192 
				</coordinates>
			</LineString>
		</MultiGeometry>
	</Placemark>
	<Placemark>
		<name>P-395</name>
		<visibility>0</visibility>
		<description><![CDATA[<div><div><span><b>Altitude:</b></span> <span>40,000 ft</span></div>
<div><span><b>Speed:</b></span> <span>369 kt - 368 kt</span></div>
<div><span><b>Timestamp:</b></span><br/><span>2024-07-09 08:56:28 UTC<br/>2024-07-09 08:56:58 UTC</span></div>
</div>]]></description>
		<Style>
			<LineStyle>
				<color>ffd800ff</color>
				<width>2</width>
			</LineStyle>
		</Style>
		<MultiGeometry>
			<LineString>
				<tessellate>1</tessellate>
				<altitudeMode>absolute</altitudeMode>
				<coordinates>
					144.586441,40.228115,12192 144.52951,40.201347,12192 
				</coordinates>
			</LineString>
		</MultiGeometry>
	</Placemark>
	<Placemark>
		<name>P-396</name>
		<visibility>0</visibility>
		<description><![CDATA[<div><div><span><b>Altitude:</b></span> <span>40,000 ft - 39,975 ft</span></div>
<div><span><b>Speed:</b></span> <span>368 kt - 365 kt</span></div>
<div><span><b>Timestamp:</b></span><br/><span>2024-07-09 08:56:58 UTC<br/>2024-07-09 08:57:31 UTC</span></div>
</div>]]></description>
		<Style>
			<LineStyle>
				<color>ffd800ff</color>
				<width>2</width>
			</LineStyle>
		</Style>
		<MultiGeometry>
			<LineString>
				<tessellate>1</tessellate>
				<altitudeMode>absolute</altitudeMode>
				<coordinates>
					144.52951,40.201347,12192 144.467224,40.172104,12184.38 
				</coordinates>
			</LineString>
		</MultiGeometry>
	</Placemark>
	<Placemark>
		<name>P-397</name>
		<visibility>0</visibility>
		<description><![CDATA[<div><div><span><b>Altitude:</b></span> <span>39,975 ft</span></div>
<div><span><b>Speed:</b></span> <span>365 kt - 363 kt</span></div>
<div><span><b>Timestamp:</b></span><br/><span>2024-07-09 08:57:31 UTC<br/>2024-07-09 08:58:03 UTC</span></div>
</div>]]></description>
		<Style>
			<LineStyle>
				<color>ffd800ff</color>
				<width>2</width>
			</LineStyle>
		</Style>
		<MultiGeometry>
			<LineString>
				<tessellate>1</tessellate>
				<altitudeMode>absolute</altitudeMode>
				<coordinates>
					144.467224,40.172104,12184.38 144.406067,40.143311,12184.38 
				</coordinates>
			</LineString>
		</MultiGeometry>
	</Placemark>
	<Placemark>
		<name>P-398</name>
		<visibility>0</visibility>
		<description><![CDATA[<div><div><span><b>Altitude:</b></span> <span>39,975 ft</span></div>
<div><span><b>Speed:</b></span> <span>363 kt</span></div>
<div><span><b>Timestamp:</b></span><br/><span>2024-07-09 08:58:03 UTC<br/>2024-07-09 08:58:34 UTC</span></div>
</div>]]></description>
		<Style>
			<LineStyle>
				<color>ffd800ff</color>
				<width>2</width>
			</LineStyle>
		</Style>
		<MultiGeometry>
			<LineString>
				<tessellate>1</tessellate>
				<altitudeMode>absolute</altitudeMode>
				<coordinates>
					144.406067,40.143311,12184.38 144.348511,40.116028,12184.38 
				</coordinates>
			</LineString>
		</MultiGeometry>
	</Placemark>
	<Placemark>
		<name>P-399</name>
		<visibility>0</visibility>
		<description><![CDATA[<div><div><span><b>Altitude:</b></span> <span>39,975 ft - 39,950 ft</span></div>
<div><span><b>Speed:</b></span> <span>363 kt - 364 kt</span></div>
<div><span><b>Timestamp:</b></span><br/><span>2024-07-09 08:58:34 UTC<br/>2024-07-09 08:59:06 UTC</span></div>
</div>]]></description>
		<Style>
			<LineStyle>
				<color>ffd800ff</color>
				<width>2</width>
			</LineStyle>
		</Style>
		<MultiGeometry>
			<LineString>
				<tessellate>1</tessellate>
				<altitudeMode>absolute</altitudeMode>
				<coordinates>
					144.348511,40.116028,12184.38 144.289856,40.088287,12176.76 
				</coordinates>
			</LineString>
		</MultiGeometry>
	</Placemark>
	<Placemark>
		<name>P-400</name>
		<visibility>0</visibility>
		<description><![CDATA[<div><div><span><b>Altitude:</b></span> <span>39,950 ft - 39,975 ft</span></div>
<div><span><b>Speed:</b></span> <span>364 kt - 365 kt</span></div>
<div><span><b>Timestamp:</b></span><br/><span>2024-07-09 08:59:06 UTC<br/>2024-07-09 08:59:38 UTC</span></div>
</div>]]></description>
		<Style>
			<LineStyle>
				<color>ffd800ff</color>
				<width>2</width>
			</LineStyle>
		</Style>
		<MultiGeometry>
			<LineString>
				<tessellate>1</tessellate>
				<altitudeMode>absolute</altitudeMode>
				<coordinates>
					144.289856,40.088287,12176.76 144.229385,40.059643,12184.38 
				</coordinates>
			</LineString>
		</MultiGeometry>
	</Placemark>
	<Placemark>
		<name>P-401</name>
		<visibility>0</visibility>
		<description><![CDATA[<div><div><span><b>Altitude:</b></span> <span>39,975 ft - 40,000 ft</span></div>
<div><span><b>Speed:</b></span> <span>365 kt - 366 kt</span></div>
<div><span><b>Timestamp:</b></span><br/><span>2024-07-09 08:59:38 UTC<br/>2024-07-09 09:00:10 UTC</span></div>
</div>]]></description>
		<Style>
			<LineStyle>
				<color>ffd800ff</color>
				<width>2</width>
			</LineStyle>
		</Style>
		<MultiGeometry>
			<LineString>
				<tessellate>1</tessellate>
				<altitudeMode>absolute</altitudeMode>
				<coordinates>
					144.229385,40.059643,12184.38 144.169159,40.031013,12192 
				</coordinates>
			</LineString>
		</MultiGeometry>
	</Placemark>
	<Placemark>
		<name>P-402</name>
		<visibility>0</visibility>
		<description><![CDATA[<div><div><span><b>Altitude:</b></span> <span>40,000 ft</span></div>
<div><span><b>Speed:</b></span> <span>366 kt - 367 kt</span></div>
<div><span><b>Timestamp:</b></span><br/><span>2024-07-09 09:00:10 UTC<br/>2024-07-09 09:00:41 UTC</span></div>
</div>]]></description>
		<Style>
			<LineStyle>
				<color>ffd800ff</color>
				<width>2</width>
			</LineStyle>
		</Style>
		<MultiGeometry>
			<LineString>
				<tessellate>1</tessellate>
				<altitudeMode>absolute</altitudeMode>
				<coordinates>
					144.169159,40.031013,12192 144.111603,40.003502,12192 
				</coordinates>
			</LineString>
		</MultiGeometry>
	</Placemark>
	<Placemark>
		<name>P-403</name>
		<visibility>0</visibility>
		<description><![CDATA[<div><div><span><b>Altitude:</b></span> <span>40,000 ft - 40,025 ft</span></div>
<div><span><b>Speed:</b></span> <span>367 kt</span></div>
<div><span><b>Timestamp:</b></span><br/><span>2024-07-09 09:00:41 UTC<br/>2024-07-09 09:01:11 UTC</span></div>
</div>]]></description>
		<Style>
			<LineStyle>
				<color>ffd800ff</color>
				<width>2</width>
			</LineStyle>
		</Style>
		<MultiGeometry>
			<LineString>
				<tessellate>1</tessellate>
				<altitudeMode>absolute</altitudeMode>
				<coordinates>
					144.111603,40.003502,12192 144.054611,39.976177,12199.62 
				</coordinates>
			</LineString>
		</MultiGeometry>
	</Placemark>
	<Placemark>
		<name>P-404</name>
		<visibility>0</visibility>
		<description><![CDATA[<div><div><span><b>Altitude:</b></span> <span>40,025 ft</span></div>
<div><span><b>Speed:</b></span> <span>367 kt - 366 kt</span></div>
<div><span><b>Timestamp:</b></span><br/><span>2024-07-09 09:01:11 UTC<br/>2024-07-09 09:01:44 UTC</span></div>
</div>]]></description>
		<Style>
			<LineStyle>
				<color>ffd800ff</color>
				<width>2</width>
			</LineStyle>
		</Style>
		<MultiGeometry>
			<LineString>
				<tessellate>1</tessellate>
				<altitudeMode>absolute</altitudeMode>
				<coordinates>
					144.054611,39.976177,12199.62 143.993179,39.946896,12199.62 
				</coordinates>
			</LineString>
		</MultiGeometry>
	</Placemark>
	<Placemark>
		<name>P-405</name>
		<visibility>0</visibility>
		<description><![CDATA[<div><div><span><b>Altitude:</b></span> <span>40,025 ft</span></div>
<div><span><b>Speed:</b></span> <span>366 kt</span></div>
<div><span><b>Timestamp:</b></span><br/><span>2024-07-09 09:01:44 UTC<br/>2024-07-09 09:02:15 UTC</span></div>
</div>]]></description>
		<Style>
			<LineStyle>
				<color>ffd800ff</color>
				<width>2</width>
			</LineStyle>
		</Style>
		<MultiGeometry>
			<LineString>
				<tessellate>1</tessellate>
				<altitudeMode>absolute</altitudeMode>
				<coordinates>
					143.993179,39.946896,12199.62 143.93457,39.919006,12199.62 
				</coordinates>
			</LineString>
		</MultiGeometry>
	</Placemark>
	<Placemark>
		<name>P-406</name>
		<visibility>0</visibility>
		<description><![CDATA[<div><div><span><b>Altitude:</b></span> <span>40,025 ft - 40,000 ft</span></div>
<div><span><b>Speed:</b></span> <span>366 kt - 367 kt</span></div>
<div><span><b>Timestamp:</b></span><br/><span>2024-07-09 09:02:15 UTC<br/>2024-07-09 09:02:49 UTC</span></div>
</div>]]></description>
		<Style>
			<LineStyle>
				<color>ffd800ff</color>
				<width>2</width>
			</LineStyle>
		</Style>
		<MultiGeometry>
			<LineString>
				<tessellate>1</tessellate>
				<altitudeMode>absolute</altitudeMode>
				<coordinates>
					143.93457,39.919006,12199.62 143.871887,39.888889,12192 
				</coordinates>
			</LineString>
		</MultiGeometry>
	</Placemark>
	<Placemark>
		<name>P-407</name>
		<visibility>0</visibility>
		<description><![CDATA[<div><div><span><b>Altitude:</b></span> <span>40,000 ft</span></div>
<div><span><b>Speed:</b></span> <span>367 kt - 369 kt</span></div>
<div><span><b>Timestamp:</b></span><br/><span>2024-07-09 09:02:49 UTC<br/>2024-07-09 09:03:20 UTC</span></div>
</div>]]></description>
		<Style>
			<LineStyle>
				<color>ffd800ff</color>
				<width>2</width>
			</LineStyle>
		</Style>
		<MultiGeometry>
			<LineString>
				<tessellate>1</tessellate>
				<altitudeMode>absolute</altitudeMode>
				<coordinates>
					143.871887,39.888889,12192 143.813004,39.86055,12192 
				</coordinates>
			</LineString>
		</MultiGeometry>
	</Placemark>
	<Placemark>
		<name>P-408</name>
		<visibility>0</visibility>
		<description><![CDATA[<div><div><span><b>Altitude:</b></span> <span>40,000 ft</span></div>
<div><span><b>Speed:</b></span> <span>369 kt - 370 kt</span></div>
<div><span><b>Timestamp:</b></span><br/><span>2024-07-09 09:03:20 UTC<br/>2024-07-09 09:03:50 UTC</span></div>
</div>]]></description>
		<Style>
			<LineStyle>
				<color>ffd800ff</color>
				<width>2</width>
			</LineStyle>
		</Style>
		<MultiGeometry>
			<LineString>
				<tessellate>1</tessellate>
				<altitudeMode>absolute</altitudeMode>
				<coordinates>
					143.813004,39.86055,12192 143.755859,39.832935,12192 
				</coordinates>
			</LineString>
		</MultiGeometry>
	</Placemark>
	<Placemark>
		<name>P-409</name>
		<visibility>0</visibility>
		<description><![CDATA[<div><div><span><b>Altitude:</b></span> <span>40,000 ft</span></div>
<div><span><b>Speed:</b></span> <span>370 kt - 371 kt</span></div>
<div><span><b>Timestamp:</b></span><br/><span>2024-07-09 09:03:50 UTC<br/>2024-07-09 09:04:23 UTC</span></div>
</div>]]></description>
		<Style>
			<LineStyle>
				<color>ffd800ff</color>
				<width>2</width>
			</LineStyle>
		</Style>
		<MultiGeometry>
			<LineString>
				<tessellate>1</tessellate>
				<altitudeMode>absolute</altitudeMode>
				<coordinates>
					143.755859,39.832935,12192 143.693726,39.802956,12192 
				</coordinates>
			</LineString>
		</MultiGeometry>
	</Placemark>
	<Placemark>
		<name>P-410</name>
		<visibility>0</visibility>
		<description><![CDATA[<div><div><span><b>Altitude:</b></span> <span>40,000 ft - 40,025 ft</span></div>
<div><span><b>Speed:</b></span> <span>371 kt</span></div>
<div><span><b>Timestamp:</b></span><br/><span>2024-07-09 09:04:23 UTC<br/>2024-07-09 09:04:54 UTC</span></div>
</div>]]></description>
		<Style>
			<LineStyle>
				<color>ffd800ff</color>
				<width>2</width>
			</LineStyle>
		</Style>
		<MultiGeometry>
			<LineString>
				<tessellate>1</tessellate>
				<altitudeMode>absolute</altitudeMode>
				<coordinates>
					143.693726,39.802956,12192 143.635666,39.774811,12199.62 
				</coordinates>
			</LineString>
		</MultiGeometry>
	</Placemark>
	<Placemark>
		<name>P-411</name>
		<visibility>0</visibility>
		<description><![CDATA[<div><div><span><b>Altitude:</b></span> <span>40,025 ft - 40,000 ft</span></div>
<div><span><b>Speed:</b></span> <span>371 kt</span></div>
<div><span><b>Timestamp:</b></span><br/><span>2024-07-09 09:04:54 UTC<br/>2024-07-09 09:05:23 UTC</span></div>
</div>]]></description>
		<Style>
			<LineStyle>
				<color>ffd800ff</color>
				<width>2</width>
			</LineStyle>
		</Style>
		<MultiGeometry>
			<LineString>
				<tessellate>1</tessellate>
				<altitudeMode>absolute</altitudeMode>
				<coordinates>
					143.635666,39.774811,12199.62 143.580734,39.748032,12192 
				</coordinates>
			</LineString>
		</MultiGeometry>
	</Placemark>
	<Placemark>
		<name>P-412</name>
		<visibility>0</visibility>
		<description><![CDATA[<div><div><span><b>Altitude:</b></span> <span>40,000 ft - 39,975 ft</span></div>
<div><span><b>Speed:</b></span> <span>371 kt - 373 kt</span></div>
<div><span><b>Timestamp:</b></span><br/><span>2024-07-09 09:05:23 UTC<br/>2024-07-09 09:05:59 UTC</span></div>
</div>]]></description>
		<Style>
			<LineStyle>
				<color>ffd800ff</color>
				<width>2</width>
			</LineStyle>
		</Style>
		<MultiGeometry>
			<LineString>
				<tessellate>1</tessellate>
				<altitudeMode>absolute</altitudeMode>
				<coordinates>
					143.580734,39.748032,12192 143.514221,39.715668,12184.38 
				</coordinates>
			</LineString>
		</MultiGeometry>
	</Placemark>
	<Placemark>
		<name>P-413</name>
		<visibility>0</visibility>
		<description><![CDATA[<div><div><span><b>Altitude:</b></span> <span>39,975 ft</span></div>
<div><span><b>Speed:</b></span> <span>373 kt - 374 kt</span></div>
<div><span><b>Timestamp:</b></span><br/><span>2024-07-09 09:05:59 UTC<br/>2024-07-09 09:06:29 UTC</span></div>
</div>]]></description>
		<Style>
			<LineStyle>
				<color>ffd800ff</color>
				<width>2</width>
			</LineStyle>
		</Style>
		<MultiGeometry>
			<LineString>
				<tessellate>1</tessellate>
				<altitudeMode>absolute</altitudeMode>
				<coordinates>
					143.514221,39.715668,12184.38 143.456055,39.687412,12184.38 
				</coordinates>
			</LineString>
		</MultiGeometry>
	</Placemark>
	<Placemark>
		<name>P-414</name>
		<visibility>0</visibility>
		<description><![CDATA[<div><div><span><b>Altitude:</b></span> <span>39,975 ft - 40,000 ft</span></div>
<div><span><b>Speed:</b></span> <span>374 kt - 373 kt</span></div>
<div><span><b>Timestamp:</b></span><br/><span>2024-07-09 09:06:29 UTC<br/>2024-07-09 09:07:00 UTC</span></div>
</div>]]></description>
		<Style>
			<LineStyle>
				<color>ffd800ff</color>
				<width>2</width>
			</LineStyle>
		</Style>
		<MultiGeometry>
			<LineString>
				<tessellate>1</tessellate>
				<altitudeMode>absolute</altitudeMode>
				<coordinates>
					143.456055,39.687412,12184.38 143.397736,39.658997,12192 
				</coordinates>
			</LineString>
		</MultiGeometry>
	</Placemark>
	<Placemark>
		<name>P-415</name>
		<visibility>0</visibility>
		<description><![CDATA[<div><div><span><b>Altitude:</b></span> <span>40,000 ft</span></div>
<div><span><b>Speed:</b></span> <span>373 kt - 369 kt</span></div>
<div><span><b>Timestamp:</b></span><br/><span>2024-07-09 09:07:00 UTC<br/>2024-07-09 09:07:34 UTC</span></div>
</div>]]></description>
		<Style>
			<LineStyle>
				<color>ffd800ff</color>
				<width>2</width>
			</LineStyle>
		</Style>
		<MultiGeometry>
			<LineString>
				<tessellate>1</tessellate>
				<altitudeMode>absolute</altitudeMode>
				<coordinates>
					143.397736,39.658997,12192 143.334686,39.628143,12192 
				</coordinates>
			</LineString>
		</MultiGeometry>
	</Placemark>
	<Placemark>
		<name>P-416</name>
		<visibility>0</visibility>
		<description><![CDATA[<div><div><span><b>Altitude:</b></span> <span>40,000 ft</span></div>
<div><span><b>Speed:</b></span> <span>369 kt - 367 kt</span></div>
<div><span><b>Timestamp:</b></span><br/><span>2024-07-09 09:07:34 UTC<br/>2024-07-09 09:08:07 UTC</span></div>
</div>]]></description>
		<Style>
			<LineStyle>
				<color>ffd800ff</color>
				<width>2</width>
			</LineStyle>
		</Style>
		<MultiGeometry>
			<LineString>
				<tessellate>1</tessellate>
				<altitudeMode>absolute</altitudeMode>
				<coordinates>
					143.334686,39.628143,12192 143.273743,39.598263,12192 
				</coordinates>
			</LineString>
		</MultiGeometry>
	</Placemark>
	<Placemark>
		<name>P-417</name>
		<visibility>0</visibility>
		<description><![CDATA[<div><div><span><b>Altitude:</b></span> <span>40,000 ft</span></div>
<div><span><b>Speed:</b></span> <span>367 kt - 366 kt</span></div>
<div><span><b>Timestamp:</b></span><br/><span>2024-07-09 09:08:07 UTC<br/>2024-07-09 09:08:37 UTC</span></div>
</div>]]></description>
		<Style>
			<LineStyle>
				<color>ffd800ff</color>
				<width>2</width>
			</LineStyle>
		</Style>
		<MultiGeometry>
			<LineString>
				<tessellate>1</tessellate>
				<altitudeMode>absolute</altitudeMode>
				<coordinates>
					143.273743,39.598263,12192 143.216614,39.570099,12192 
				</coordinates>
			</LineString>
		</MultiGeometry>
	</Placemark>
	<Placemark>
		<name>P-418</name>
		<visibility>0</visibility>
		<description><![CDATA[<div><div><span><b>Altitude:</b></span> <span>40,000 ft</span></div>
<div><span><b>Speed:</b></span> <span>366 kt - 371 kt</span></div>
<div><span><b>Timestamp:</b></span><br/><span>2024-07-09 09:08:37 UTC<br/>2024-07-09 09:09:08 UTC</span></div>
</div>]]></description>
		<Style>
			<LineStyle>
				<color>ffd800ff</color>
				<width>2</width>
			</LineStyle>
		</Style>
		<MultiGeometry>
			<LineString>
				<tessellate>1</tessellate>
				<altitudeMode>absolute</altitudeMode>
				<coordinates>
					143.216614,39.570099,12192 143.159363,39.542122,12192 
				</coordinates>
			</LineString>
		</MultiGeometry>
	</Placemark>
	<Placemark>
		<name>P-419</name>
		<visibility>0</visibility>
		<description><![CDATA[<div><div><span><b>Altitude:</b></span> <span>40,000 ft</span></div>
<div><span><b>Speed:</b></span> <span>371 kt - 367 kt</span></div>
<div><span><b>Timestamp:</b></span><br/><span>2024-07-09 09:09:08 UTC<br/>2024-07-09 09:09:41 UTC</span></div>
</div>]]></description>
		<Style>
			<LineStyle>
				<color>ffd800ff</color>
				<width>2</width>
			</LineStyle>
		</Style>
		<MultiGeometry>
			<LineString>
				<tessellate>1</tessellate>
				<altitudeMode>absolute</altitudeMode>
				<coordinates>
					143.159363,39.542122,12192 143.097717,39.511864,12192 
				</coordinates>
			</LineString>
		</MultiGeometry>
	</Placemark>
	<Placemark>
		<name>P-420</name>
		<visibility>0</visibility>
		<description><![CDATA[<div><div><span><b>Altitude:</b></span> <span>40,000 ft - 39,950 ft</span></div>
<div><span><b>Speed:</b></span> <span>367 kt - 365 kt</span></div>
<div><span><b>Timestamp:</b></span><br/><span>2024-07-09 09:09:41 UTC<br/>2024-07-09 09:10:13 UTC</span></div>
</div>]]></description>
		<Style>
			<LineStyle>
				<color>ffd800ff</color>
				<width>2</width>
			</LineStyle>
		</Style>
		<MultiGeometry>
			<LineString>
				<tessellate>1</tessellate>
				<altitudeMode>absolute</altitudeMode>
				<coordinates>
					143.097717,39.511864,12192 143.039658,39.483261,12176.76 
				</coordinates>
			</LineString>
		</MultiGeometry>
	</Placemark>
	<Placemark>
		<name>P-421</name>
		<visibility>0</visibility>
		<description><![CDATA[<div><div><span><b>Altitude:</b></span> <span>39,950 ft</span></div>
<div><span><b>Speed:</b></span> <span>365 kt - 364 kt</span></div>
<div><span><b>Timestamp:</b></span><br/><span>2024-07-09 09:10:13 UTC<br/>2024-07-09 09:10:43 UTC</span></div>
</div>]]></description>
		<Style>
			<LineStyle>
				<color>ffd800ff</color>
				<width>2</width>
			</LineStyle>
		</Style>
		<MultiGeometry>
			<LineString>
				<tessellate>1</tessellate>
				<altitudeMode>absolute</altitudeMode>
				<coordinates>
					143.039658,39.483261,12176.76 142.983765,39.455673,12176.76 
				</coordinates>
			</LineString>
		</MultiGeometry>
	</Placemark>
	<Placemark>
		<name>P-422</name>
		<visibility>0</visibility>
		<description><![CDATA[<div><div><span><b>Altitude:</b></span> <span>39,950 ft - 39,975 ft</span></div>
<div><span><b>Speed:</b></span> <span>364 kt - 363 kt</span></div>
<div><span><b>Timestamp:</b></span><br/><span>2024-07-09 09:10:43 UTC<br/>2024-07-09 09:11:16 UTC</span></div>
</div>]]></description>
		<Style>
			<LineStyle>
				<color>ffd800ff</color>
				<width>2</width>
			</LineStyle>
		</Style>
		<MultiGeometry>
			<LineString>
				<tessellate>1</tessellate>
				<altitudeMode>absolute</altitudeMode>
				<coordinates>
					142.983765,39.455673,12176.76 142.923645,39.426132,12184.38 
				</coordinates>
			</LineString>
		</MultiGeometry>
	</Placemark>
	<Placemark>
		<name>P-423</name>
		<visibility>0</visibility>
		<description><![CDATA[<div><div><span><b>Altitude:</b></span> <span>39,975 ft - 39,950 ft</span></div>
<div><span><b>Speed:</b></span> <span>363 kt - 364 kt</span></div>
<div><span><b>Timestamp:</b></span><br/><span>2024-07-09 09:11:16 UTC<br/>2024-07-09 09:11:46 UTC</span></div>
</div>]]></description>
		<Style>
			<LineStyle>
				<color>ffd800ff</color>
				<width>2</width>
			</LineStyle>
		</Style>
		<MultiGeometry>
			<LineString>
				<tessellate>1</tessellate>
				<altitudeMode>absolute</altitudeMode>
				<coordinates>
					142.923645,39.426132,12184.38 142.868896,39.398849,12176.76 
				</coordinates>
			</LineString>
		</MultiGeometry>
	</Placemark>
	<Placemark>
		<name>P-424</name>
		<visibility>0</visibility>
		<description><![CDATA[<div><div><span><b>Altitude:</b></span> <span>39,950 ft - 39,975 ft</span></div>
<div><span><b>Speed:</b></span> <span>364 kt - 365 kt</span></div>
<div><span><b>Timestamp:</b></span><br/><span>2024-07-09 09:11:46 UTC<br/>2024-07-09 09:12:20 UTC</span></div>
</div>]]></description>
		<Style>
			<LineStyle>
				<color>ffd800ff</color>
				<width>2</width>
			</LineStyle>
		</Style>
		<MultiGeometry>
			<LineString>
				<tessellate>1</tessellate>
				<altitudeMode>absolute</altitudeMode>
				<coordinates>
					142.868896,39.398849,12176.76 142.806564,39.367584,12184.38 
				</coordinates>
			</LineString>
		</MultiGeometry>
	</Placemark>
	<Placemark>
		<name>P-425</name>
		<visibility>0</visibility>
		<description><![CDATA[<div><div><span><b>Altitude:</b></span> <span>39,975 ft - 40,000 ft</span></div>
<div><span><b>Speed:</b></span> <span>365 kt - 366 kt</span></div>
<div><span><b>Timestamp:</b></span><br/><span>2024-07-09 09:12:20 UTC<br/>2024-07-09 09:12:50 UTC</span></div>
</div>]]></description>
		<Style>
			<LineStyle>
				<color>ffd800ff</color>
				<width>2</width>
			</LineStyle>
		</Style>
		<MultiGeometry>
			<LineString>
				<tessellate>1</tessellate>
				<altitudeMode>absolute</altitudeMode>
				<coordinates>
					142.806564,39.367584,12184.38 142.750198,39.339752,12192 
				</coordinates>
			</LineString>
		</MultiGeometry>
	</Placemark>
	<Placemark>
		<name>P-426</name>
		<visibility>0</visibility>
		<description><![CDATA[<div><div><span><b>Altitude:</b></span> <span>40,000 ft - 40,025 ft</span></div>
<div><span><b>Speed:</b></span> <span>366 kt - 370 kt</span></div>
<div><span><b>Timestamp:</b></span><br/><span>2024-07-09 09:12:50 UTC<br/>2024-07-09 09:13:21 UTC</span></div>
</div>]]></description>
		<Style>
			<LineStyle>
				<color>ffd800ff</color>
				<width>2</width>
			</LineStyle>
		</Style>
		<MultiGeometry>
			<LineString>
				<tessellate>1</tessellate>
				<altitudeMode>absolute</altitudeMode>
				<coordinates>
					142.750198,39.339752,12192 142.693481,39.311455,12199.62 
				</coordinates>
			</LineString>
		</MultiGeometry>
	</Placemark>
	<Placemark>
		<name>P-427</name>
		<visibility>0</visibility>
		<description><![CDATA[<div><div><span><b>Altitude:</b></span> <span>40,025 ft</span></div>
<div><span><b>Speed:</b></span> <span>370 kt - 379 kt</span></div>
<div><span><b>Timestamp:</b></span><br/><span>2024-07-09 09:13:21 UTC<br/>2024-07-09 09:13:54 UTC</span></div>
</div>]]></description>
		<Style>
			<LineStyle>
				<color>ffd800ff</color>
				<width>2</width>
			</LineStyle>
		</Style>
		<MultiGeometry>
			<LineString>
				<tessellate>1</tessellate>
				<altitudeMode>absolute</altitudeMode>
				<coordinates>
					142.693481,39.311455,12199.62 142.632568,39.280964,12199.62 
				</coordinates>
			</LineString>
		</MultiGeometry>
	</Placemark>
	<Placemark>
		<name>P-428</name>
		<visibility>0</visibility>
		<description><![CDATA[<div><div><span><b>Altitude:</b></span> <span>40,025 ft - 40,000 ft</span></div>
<div><span><b>Speed:</b></span> <span>379 kt - 382 kt</span></div>
<div><span><b>Timestamp:</b></span><br/><span>2024-07-09 09:13:54 UTC<br/>2024-07-09 09:14:27 UTC</span></div>
</div>]]></description>
		<Style>
			<LineStyle>
				<color>ffd800ff</color>
				<width>2</width>
			</LineStyle>
		</Style>
		<MultiGeometry>
			<LineString>
				<tessellate>1</tessellate>
				<altitudeMode>absolute</altitudeMode>
				<coordinates>
					142.632568,39.280964,12199.62 142.568924,39.249115,12192 
				</coordinates>
			</LineString>
		</MultiGeometry>
	</Placemark>
	<Placemark>
		<name>P-429</name>
		<visibility>0</visibility>
		<description><![CDATA[<div><div><span><b>Altitude:</b></span> <span>40,000 ft</span></div>
<div><span><b>Speed:</b></span> <span>382 kt - 390 kt</span></div>
<div><span><b>Timestamp:</b></span><br/><span>2024-07-09 09:14:27 UTC<br/>2024-07-09 09:14:59 UTC</span></div>
</div>]]></description>
		<Style>
			<LineStyle>
				<color>ffd800ff</color>
				<width>2</width>
			</LineStyle>
		</Style>
		<MultiGeometry>
			<LineString>
				<tessellate>1</tessellate>
				<altitudeMode>absolute</altitudeMode>
				<coordinates>
					142.568924,39.249115,12192 142.508667,39.215324,12192 
				</coordinates>
			</LineString>
		</MultiGeometry>
	</Placemark>
	<Placemark>
		<name>P-430</name>
		<visibility>0</visibility>
		<description><![CDATA[<div><div><span><b>Altitude:</b></span> <span>40,000 ft</span></div>
<div><span><b>Speed:</b></span> <span>390 kt - 389 kt</span></div>
<div><span><b>Timestamp:</b></span><br/><span>2024-07-09 09:14:59 UTC<br/>2024-07-09 09:15:30 UTC</span></div>
</div>]]></description>
		<Style>
			<LineStyle>
				<color>ffd800ff</color>
				<width>2</width>
			</LineStyle>
		</Style>
		<MultiGeometry>
			<LineString>
				<tessellate>1</tessellate>
				<altitudeMode>absolute</altitudeMode>
				<coordinates>
					142.508667,39.215324,12192 142.454468,39.179249,12192 
				</coordinates>
			</LineString>
		</MultiGeometry>
	</Placemark>
	<Placemark>
		<name>P-431</name>
		<visibility>0</visibility>
		<description><![CDATA[<div><div><span><b>Altitude:</b></span> <span>40,000 ft</span></div>
<div><span><b>Speed:</b></span> <span>389 kt - 385 kt</span></div>
<div><span><b>Timestamp:</b></span><br/><span>2024-07-09 09:15:30 UTC<br/>2024-07-09 09:16:02 UTC</span></div>
</div>]]></description>
		<Style>
			<LineStyle>
				<color>ffd800ff</color>
				<width>2</width>
			</LineStyle>
		</Style>
		<MultiGeometry>
			<LineString>
				<tessellate>1</tessellate>
				<altitudeMode>absolute</altitudeMode>
				<coordinates>
					142.454468,39.179249,12192 142.398254,39.142563,12192 
				</coordinates>
			</LineString>
		</MultiGeometry>
	</Placemark>
	<Placemark>
		<name>P-432</name>
		<visibility>0</visibility>
		<description><![CDATA[<div><div><span><b>Altitude:</b></span> <span>40,000 ft</span></div>
<div><span><b>Speed:</b></span> <span>385 kt - 379 kt</span></div>
<div><span><b>Timestamp:</b></span><br/><span>2024-07-09 09:16:02 UTC<br/>2024-07-09 09:16:10 UTC</span></div>
</div>]]></description>
		<Style>
			<LineStyle>
				<color>ffd800ff</color>
				<width>2</width>
			</LineStyle>
		</Style>
		<MultiGeometry>
			<LineString>
				<tessellate>1</tessellate>
				<altitudeMode>absolute</altitudeMode>
				<coordinates>
					142.398254,39.142563,12192 142.383163,39.135269,12192 
				</coordinates>
			</LineString>
		</MultiGeometry>
	</Placemark>
	<Placemark>
		<name>P-433</name>
		<visibility>0</visibility>
		<description><![CDATA[<div><div><span><b>Altitude:</b></span> <span>40,000 ft</span></div>
<div><span><b>Speed:</b></span> <span>379 kt</span></div>
<div><span><b>Timestamp:</b></span><br/><span>2024-07-09 09:16:10 UTC<br/>2024-07-09 09:16:12 UTC</span></div>
</div>]]></description>
		<Style>
			<LineStyle>
				<color>ffd800ff</color>
				<width>2</width>
			</LineStyle>
		</Style>
		<MultiGeometry>
			<LineString>
				<tessellate>1</tessellate>
				<altitudeMode>absolute</altitudeMode>
				<coordinates>
					142.383163,39.135269,12192 142.379593,39.13385,12192 
				</coordinates>
			</LineString>
		</MultiGeometry>
	</Placemark>
	<Placemark>
		<name>P-434</name>
		<visibility>0</visibility>
		<description><![CDATA[<div><div><span><b>Altitude:</b></span> <span>40,000 ft</span></div>
<div><span><b>Speed:</b></span> <span>379 kt - 376 kt</span></div>
<div><span><b>Timestamp:</b></span><br/><span>2024-07-09 09:16:12 UTC<br/>2024-07-09 09:16:15 UTC</span></div>
</div>]]></description>
		<Style>
			<LineStyle>
				<color>ffd800ff</color>
				<width>2</width>
			</LineStyle>
		</Style>
		<MultiGeometry>
			<LineString>
				<tessellate>1</tessellate>
				<altitudeMode>absolute</altitudeMode>
				<coordinates>
					142.379593,39.13385,12192 142.371582,39.130974,12192 
				</coordinates>
			</LineString>
		</MultiGeometry>
	</Placemark>
	<Placemark>
		<name>P-435</name>
		<visibility>0</visibility>
		<description><![CDATA[<div><div><span><b>Altitude:</b></span> <span>40,000 ft</span></div>
<div><span><b>Speed:</b></span> <span>376 kt</span></div>
<div><span><b>Timestamp:</b></span><br/><span>2024-07-09 09:16:15 UTC<br/>2024-07-09 09:16:18 UTC</span></div>
</div>]]></description>
		<Style>
			<LineStyle>
				<color>ffd800ff</color>
				<width>2</width>
			</LineStyle>
		</Style>
		<MultiGeometry>
			<LineString>
				<tessellate>1</tessellate>
				<altitudeMode>absolute</altitudeMode>
				<coordinates>
					142.371582,39.130974,12192 142.36676,39.129391,12192 
				</coordinates>
			</LineString>
		</MultiGeometry>
	</Placemark>
	<Placemark>
		<name>P-436</name>
		<visibility>0</visibility>
		<description><![CDATA[<div><div><span><b>Altitude:</b></span> <span>40,000 ft - 40,025 ft</span></div>
<div><span><b>Speed:</b></span> <span>376 kt - 375 kt</span></div>
<div><span><b>Timestamp:</b></span><br/><span>2024-07-09 09:16:18 UTC<br/>2024-07-09 09:16:22 UTC</span></div>
</div>]]></description>
		<Style>
			<LineStyle>
				<color>ffd800ff</color>
				<width>2</width>
			</LineStyle>
		</Style>
		<MultiGeometry>
			<LineString>
				<tessellate>1</tessellate>
				<altitudeMode>absolute</altitudeMode>
				<coordinates>
					142.36676,39.129391,12192 142.358276,39.126785,12199.62 
				</coordinates>
			</LineString>
		</MultiGeometry>
	</Placemark>
	<Placemark>
		<name>P-437</name>
		<visibility>0</visibility>
		<description><![CDATA[<div><div><span><b>Altitude:</b></span> <span>40,025 ft - 40,050 ft</span></div>
<div><span><b>Speed:</b></span> <span>375 kt</span></div>
<div><span><b>Timestamp:</b></span><br/><span>2024-07-09 09:16:22 UTC<br/>2024-07-09 09:16:25 UTC</span></div>
</div>]]></description>
		<Style>
			<LineStyle>
				<color>ffd800ff</color>
				<width>2</width>
			</LineStyle>
		</Style>
		<MultiGeometry>
			<LineString>
				<tessellate>1</tessellate>
				<altitudeMode>absolute</altitudeMode>
				<coordinates>
					142.358276,39.126785,12199.62 142.352295,39.124969,12207.24 
				</coordinates>
			</LineString>
		</MultiGeometry>
	</Placemark>
	<Placemark>
		<name>P-438</name>
		<visibility>0</visibility>
		<description><![CDATA[<div><div><span><b>Altitude:</b></span> <span>40,050 ft - 40,025 ft</span></div>
<div><span><b>Speed:</b></span> <span>375 kt - 376 kt</span></div>
<div><span><b>Timestamp:</b></span><br/><span>2024-07-09 09:16:25 UTC<br/>2024-07-09 09:16:28 UTC</span></div>
</div>]]></description>
		<Style>
			<LineStyle>
				<color>ffd800ff</color>
				<width>2</width>
			</LineStyle>
		</Style>
		<MultiGeometry>
			<LineString>
				<tessellate>1</tessellate>
				<altitudeMode>absolute</altitudeMode>
				<coordinates>
					142.352295,39.124969,12207.24 142.346191,39.123058,12199.62 
				</coordinates>
			</LineString>
		</MultiGeometry>
	</Placemark>
	<Placemark>
		<name>P-439</name>
		<visibility>0</visibility>
		<description><![CDATA[<div><div><span><b>Altitude:</b></span> <span>40,025 ft</span></div>
<div><span><b>Speed:</b></span> <span>376 kt</span></div>
<div><span><b>Timestamp:</b></span><br/><span>2024-07-09 09:16:28 UTC<br/>2024-07-09 09:16:31 UTC</span></div>
</div>]]></description>
		<Style>
			<LineStyle>
				<color>ffd800ff</color>
				<width>2</width>
			</LineStyle>
		</Style>
		<MultiGeometry>
			<LineString>
				<tessellate>1</tessellate>
				<altitudeMode>absolute</altitudeMode>
				<coordinates>
					142.346191,39.123058,12199.62 142.339996,39.121124,12199.62 
				</coordinates>
			</LineString>
		</MultiGeometry>
	</Placemark>
	<Placemark>
		<name>P-440</name>
		<visibility>0</visibility>
		<description><![CDATA[<div><div><span><b>Altitude:</b></span> <span>40,025 ft - 40,000 ft</span></div>
<div><span><b>Speed:</b></span> <span>376 kt - 377 kt</span></div>
<div><span><b>Timestamp:</b></span><br/><span>2024-07-09 09:16:31 UTC<br/>2024-07-09 09:16:34 UTC</span></div>
</div>]]></description>
		<Style>
			<LineStyle>
				<color>ffd800ff</color>
				<width>2</width>
			</LineStyle>
		</Style>
		<MultiGeometry>
			<LineString>
				<tessellate>1</tessellate>
				<altitudeMode>absolute</altitudeMode>
				<coordinates>
					142.339996,39.121124,12199.62 142.333557,39.119057,12192 
				</coordinates>
			</LineString>
		</MultiGeometry>
	</Placemark>
	<Placemark>
		<name>P-441</name>
		<visibility>0</visibility>
		<description><![CDATA[<div><div><span><b>Altitude:</b></span> <span>40,000 ft</span></div>
<div><span><b>Speed:</b></span> <span>377 kt</span></div>
<div><span><b>Timestamp:</b></span><br/><span>2024-07-09 09:16:34 UTC<br/>2024-07-09 09:16:35 UTC</span></div>
</div>]]></description>
		<Style>
			<LineStyle>
				<color>ffd800ff</color>
				<width>2</width>
			</LineStyle>
		</Style>
		<MultiGeometry>
			<LineString>
				<tessellate>1</tessellate>
				<altitudeMode>absolute</altitudeMode>
				<coordinates>
					142.333557,39.119057,12192 142.331665,39.118404,12192 
				</coordinates>
			</LineString>
		</MultiGeometry>
	</Placemark>
	<Placemark>
		<name>P-442</name>
		<visibility>0</visibility>
		<description><![CDATA[<div><div><span><b>Altitude:</b></span> <span>40,000 ft</span></div>
<div><span><b>Speed:</b></span> <span>377 kt - 376 kt</span></div>
<div><span><b>Timestamp:</b></span><br/><span>2024-07-09 09:16:35 UTC<br/>2024-07-09 09:17:11 UTC</span></div>
</div>]]></description>
		<Style>
			<LineStyle>
				<color>ffd800ff</color>
				<width>2</width>
			</LineStyle>
		</Style>
		<MultiGeometry>
			<LineString>
				<tessellate>1</tessellate>
				<altitudeMode>absolute</altitudeMode>
				<coordinates>
					142.331665,39.118404,12192 142.257538,39.092834,12192 
				</coordinates>
			</LineString>
		</MultiGeometry>
	</Placemark>
	<Placemark>
		<name>P-443</name>
		<visibility>0</visibility>
		<description><![CDATA[<div><div><span><b>Altitude:</b></span> <span>40,000 ft</span></div>
<div><span><b>Speed:</b></span> <span>376 kt - 371 kt</span></div>
<div><span><b>Timestamp:</b></span><br/><span>2024-07-09 09:17:11 UTC<br/>2024-07-09 09:17:44 UTC</span></div>
</div>]]></description>
		<Style>
			<LineStyle>
				<color>ffd800ff</color>
				<width>2</width>
			</LineStyle>
		</Style>
		<MultiGeometry>
			<LineString>
				<tessellate>1</tessellate>
				<altitudeMode>absolute</altitudeMode>
				<coordinates>
					142.257538,39.092834,12192 142.190613,39.069534,12192 
				</coordinates>
			</LineString>
		</MultiGeometry>
	</Placemark>
	<Placemark>
		<name>P-444</name>
		<visibility>0</visibility>
		<description><![CDATA[<div><div><span><b>Altitude:</b></span> <span>40,000 ft - 40,025 ft</span></div>
<div><span><b>Speed:</b></span> <span>371 kt - 369 kt</span></div>
<div><span><b>Timestamp:</b></span><br/><span>2024-07-09 09:17:44 UTC<br/>2024-07-09 09:18:18 UTC</span></div>
</div>]]></description>
		<Style>
			<LineStyle>
				<color>ffd800ff</color>
				<width>2</width>
			</LineStyle>
		</Style>
		<MultiGeometry>
			<LineString>
				<tessellate>1</tessellate>
				<altitudeMode>absolute</altitudeMode>
				<coordinates>
					142.190613,39.069534,12192 142.122604,39.045914,12199.62 
				</coordinates>
			</LineString>
		</MultiGeometry>
	</Placemark>
	<Placemark>
		<name>P-445</name>
		<visibility>0</visibility>
		<description><![CDATA[<div><div><span><b>Altitude:</b></span> <span>40,025 ft - 40,000 ft</span></div>
<div><span><b>Speed:</b></span> <span>369 kt - 371 kt</span></div>
<div><span><b>Timestamp:</b></span><br/><span>2024-07-09 09:18:18 UTC<br/>2024-07-09 09:18:48 UTC</span></div>
</div>]]></description>
		<Style>
			<LineStyle>
				<color>ffd800ff</color>
				<width>2</width>
			</LineStyle>
		</Style>
		<MultiGeometry>
			<LineString>
				<tessellate>1</tessellate>
				<altitudeMode>absolute</altitudeMode>
				<coordinates>
					142.122604,39.045914,12199.62 142.061829,39.025208,12192 
				</coordinates>
			</LineString>
		</MultiGeometry>
	</Placemark>
	<Placemark>
		<name>P-446</name>
		<visibility>0</visibility>
		<description><![CDATA[<div><div><span><b>Altitude:</b></span> <span>40,000 ft</span></div>
<div><span><b>Speed:</b></span> <span>371 kt - 372 kt</span></div>
<div><span><b>Timestamp:</b></span><br/><span>2024-07-09 09:18:48 UTC<br/>2024-07-09 09:19:21 UTC</span></div>
</div>]]></description>
		<Style>
			<LineStyle>
				<color>ffd800ff</color>
				<width>2</width>
			</LineStyle>
		</Style>
		<MultiGeometry>
			<LineString>
				<tessellate>1</tessellate>
				<altitudeMode>absolute</altitudeMode>
				<coordinates>
					142.061829,39.025208,12192 141.995422,39.002487,12192 
				</coordinates>
			</LineString>
		</MultiGeometry>
	</Placemark>
	<Placemark>
		<name>P-447</name>
		<visibility>0</visibility>
		<description><![CDATA[<div><div><span><b>Altitude:</b></span> <span>40,000 ft - 40,050 ft</span></div>
<div><span><b>Speed:</b></span> <span>372 kt</span></div>
<div><span><b>Timestamp:</b></span><br/><span>2024-07-09 09:19:21 UTC<br/>2024-07-09 09:19:54 UTC</span></div>
</div>]]></description>
		<Style>
			<LineStyle>
				<color>ffd800ff</color>
				<width>2</width>
			</LineStyle>
		</Style>
		<MultiGeometry>
			<LineString>
				<tessellate>1</tessellate>
				<altitudeMode>absolute</altitudeMode>
				<coordinates>
					141.995422,39.002487,12192 141.927658,38.978989,12207.24 
				</coordinates>
			</LineString>
		</MultiGeometry>
	</Placemark>
	<Placemark>
		<name>P-448</name>
		<visibility>0</visibility>
		<description><![CDATA[<div><div><span><b>Altitude:</b></span> <span>40,050 ft - 40,025 ft</span></div>
<div><span><b>Speed:</b></span> <span>372 kt - 373 kt</span></div>
<div><span><b>Timestamp:</b></span><br/><span>2024-07-09 09:19:54 UTC<br/>2024-07-09 09:20:28 UTC</span></div>
</div>]]></description>
		<Style>
			<LineStyle>
				<color>ffd800ff</color>
				<width>2</width>
			</LineStyle>
		</Style>
		<MultiGeometry>
			<LineString>
				<tessellate>1</tessellate>
				<altitudeMode>absolute</altitudeMode>
				<coordinates>
					141.927658,38.978989,12207.24 141.859055,38.955185,12199.62 
				</coordinates>
			</LineString>
		</MultiGeometry>
	</Placemark>
	<Placemark>
		<name>P-449</name>
		<visibility>0</visibility>
		<description><![CDATA[<div><div><span><b>Altitude:</b></span> <span>40,025 ft - 40,000 ft</span></div>
<div><span><b>Speed:</b></span> <span>373 kt</span></div>
<div><span><b>Timestamp:</b></span><br/><span>2024-07-09 09:20:28 UTC<br/>2024-07-09 09:20:59 UTC</span></div>
</div>]]></description>
		<Style>
			<LineStyle>
				<color>ffd800ff</color>
				<width>2</width>
			</LineStyle>
		</Style>
		<MultiGeometry>
			<LineString>
				<tessellate>1</tessellate>
				<altitudeMode>absolute</altitudeMode>
				<coordinates>
					141.859055,38.955185,12199.62 141.798752,38.934357,12192 
				</coordinates>
			</LineString>
		</MultiGeometry>
	</Placemark>
	<Placemark>
		<name>P-450</name>
		<visibility>0</visibility>
		<description><![CDATA[<div><div><span><b>Altitude:</b></span> <span>40,000 ft</span></div>
<div><span><b>Speed:</b></span> <span>373 kt - 374 kt</span></div>
<div><span><b>Timestamp:</b></span><br/><span>2024-07-09 09:20:59 UTC<br/>2024-07-09 09:21:32 UTC</span></div>
</div>]]></description>
		<Style>
			<LineStyle>
				<color>ffd800ff</color>
				<width>2</width>
			</LineStyle>
		</Style>
		<MultiGeometry>
			<LineString>
				<tessellate>1</tessellate>
				<altitudeMode>absolute</altitudeMode>
				<coordinates>
					141.798752,38.934357,12192 141.729736,38.910408,12192 
				</coordinates>
			</LineString>
		</MultiGeometry>
	</Placemark>
	<Placemark>
		<name>P-451</name>
		<visibility>0</visibility>
		<description><![CDATA[<div><div><span><b>Altitude:</b></span> <span>40,000 ft - 40,025 ft</span></div>
<div><span><b>Speed:</b></span> <span>374 kt - 375 kt</span></div>
<div><span><b>Timestamp:</b></span><br/><span>2024-07-09 09:21:32 UTC<br/>2024-07-09 09:22:05 UTC</span></div>
</div>]]></description>
		<Style>
			<LineStyle>
				<color>ffd800ff</color>
				<width>2</width>
			</LineStyle>
		</Style>
		<MultiGeometry>
			<LineString>
				<tessellate>1</tessellate>
				<altitudeMode>absolute</altitudeMode>
				<coordinates>
					141.729736,38.910408,12192 141.662735,38.886703,12199.62 
				</coordinates>
			</LineString>
		</MultiGeometry>
	</Placemark>
	<Placemark>
		<name>P-452</name>
		<visibility>0</visibility>
		<description><![CDATA[<div><div><span><b>Altitude:</b></span> <span>40,025 ft - 39,975 ft</span></div>
<div><span><b>Speed:</b></span> <span>375 kt - 374 kt</span></div>
<div><span><b>Timestamp:</b></span><br/><span>2024-07-09 09:22:05 UTC<br/>2024-07-09 09:22:36 UTC</span></div>
</div>]]></description>
		<Style>
			<LineStyle>
				<color>ffd800ff</color>
				<width>2</width>
			</LineStyle>
		</Style>
		<MultiGeometry>
			<LineString>
				<tessellate>1</tessellate>
				<altitudeMode>absolute</altitudeMode>
				<coordinates>
					141.662735,38.886703,12199.62 141.600815,38.865234,12184.38 
				</coordinates>
			</LineString>
		</MultiGeometry>
	</Placemark>
	<Placemark>
		<name>P-453</name>
		<visibility>0</visibility>
		<description><![CDATA[<div><div><span><b>Altitude:</b></span> <span>39,975 ft - 40,000 ft</span></div>
<div><span><b>Speed:</b></span> <span>374 kt</span></div>
<div><span><b>Timestamp:</b></span><br/><span>2024-07-09 09:22:36 UTC<br/>2024-07-09 09:23:09 UTC</span></div>
</div>]]></description>
		<Style>
			<LineStyle>
				<color>ffd800ff</color>
				<width>2</width>
			</LineStyle>
		</Style>
		<MultiGeometry>
			<LineString>
				<tessellate>1</tessellate>
				<altitudeMode>absolute</altitudeMode>
				<coordinates>
					141.600815,38.865234,12184.38 141.532959,38.841557,12192 
				</coordinates>
			</LineString>
		</MultiGeometry>
	</Placemark>
	<Placemark>
		<name>P-454</name>
		<visibility>0</visibility>
		<description><![CDATA[<div><div><span><b>Altitude:</b></span> <span>40,000 ft</span></div>
<div><span><b>Speed:</b></span> <span>374 kt - 371 kt</span></div>
<div><span><b>Timestamp:</b></span><br/><span>2024-07-09 09:23:09 UTC<br/>2024-07-09 09:23:43 UTC</span></div>
</div>]]></description>
		<Style>
			<LineStyle>
				<color>ffd800ff</color>
				<width>2</width>
			</LineStyle>
		</Style>
		<MultiGeometry>
			<LineString>
				<tessellate>1</tessellate>
				<altitudeMode>absolute</altitudeMode>
				<coordinates>
					141.532959,38.841557,12192 141.465759,38.817909,12192 
				</coordinates>
			</LineString>
		</MultiGeometry>
	</Placemark>
	<Placemark>
		<name>P-455</name>
		<visibility>0</visibility>
		<description><![CDATA[<div><div><span><b>Altitude:</b></span> <span>40,000 ft</span></div>
<div><span><b>Speed:</b></span> <span>371 kt</span></div>
<div><span><b>Timestamp:</b></span><br/><span>2024-07-09 09:23:43 UTC<br/>2024-07-09 09:24:13 UTC</span></div>
</div>]]></description>
		<Style>
			<LineStyle>
				<color>ffd800ff</color>
				<width>2</width>
			</LineStyle>
		</Style>
		<MultiGeometry>
			<LineString>
				<tessellate>1</tessellate>
				<altitudeMode>absolute</altitudeMode>
				<coordinates>
					141.465759,38.817909,12192 141.404846,38.796387,12192 
				</coordinates>
			</LineString>
		</MultiGeometry>
	</Placemark>
	<Placemark>
		<name>P-456</name>
		<visibility>0</visibility>
		<description><![CDATA[<div><div><span><b>Altitude:</b></span> <span>40,000 ft - 39,975 ft</span></div>
<div><span><b>Speed:</b></span> <span>371 kt</span></div>
<div><span><b>Timestamp:</b></span><br/><span>2024-07-09 09:24:13 UTC<br/>2024-07-09 09:24:47 UTC</span></div>
</div>]]></description>
		<Style>
			<LineStyle>
				<color>ffd800ff</color>
				<width>2</width>
			</LineStyle>
		</Style>
		<MultiGeometry>
			<LineString>
				<tessellate>1</tessellate>
				<altitudeMode>absolute</altitudeMode>
				<coordinates>
					141.404846,38.796387,12192 141.337341,38.772709,12184.38 
				</coordinates>
			</LineString>
		</MultiGeometry>
	</Placemark>
	<Placemark>
		<name>P-457</name>
		<visibility>0</visibility>
		<description><![CDATA[<div><div><span><b>Altitude:</b></span> <span>39,975 ft</span></div>
<div><span><b>Speed:</b></span> <span>371 kt</span></div>
<div><span><b>Timestamp:</b></span><br/><span>2024-07-09 09:24:47 UTC<br/>2024-07-09 09:25:17 UTC</span></div>
</div>]]></description>
		<Style>
			<LineStyle>
				<color>ffd800ff</color>
				<width>2</width>
			</LineStyle>
		</Style>
		<MultiGeometry>
			<LineString>
				<tessellate>1</tessellate>
				<altitudeMode>absolute</altitudeMode>
				<coordinates>
					141.337341,38.772709,12184.38 141.276978,38.751247,12184.38 
				</coordinates>
			</LineString>
		</MultiGeometry>
	</Placemark>
	<Placemark>
		<name>P-458</name>
		<visibility>0</visibility>
		<description><![CDATA[<div><div><span><b>Altitude:</b></span> <span>39,975 ft - 40,000 ft</span></div>
<div><span><b>Speed:</b></span> <span>371 kt</span></div>
<div><span><b>Timestamp:</b></span><br/><span>2024-07-09 09:25:17 UTC<br/>2024-07-09 09:25:51 UTC</span></div>
</div>]]></description>
		<Style>
			<LineStyle>
				<color>ffd800ff</color>
				<width>2</width>
			</LineStyle>
		</Style>
		<MultiGeometry>
			<LineString>
				<tessellate>1</tessellate>
				<altitudeMode>absolute</altitudeMode>
				<coordinates>
					141.276978,38.751247,12184.38 141.2099,38.727596,12192 
				</coordinates>
			</LineString>
		</MultiGeometry>
	</Placemark>
	<Placemark>
		<name>P-459</name>
		<visibility>0</visibility>
		<description><![CDATA[<div><div><span><b>Altitude:</b></span> <span>40,000 ft - 40,025 ft</span></div>
<div><span><b>Speed:</b></span> <span>371 kt</span></div>
<div><span><b>Timestamp:</b></span><br/><span>2024-07-09 09:25:51 UTC<br/>2024-07-09 09:26:21 UTC</span></div>
</div>]]></description>
		<Style>
			<LineStyle>
				<color>ffd800ff</color>
				<width>2</width>
			</LineStyle>
		</Style>
		<MultiGeometry>
			<LineString>
				<tessellate>1</tessellate>
				<altitudeMode>absolute</altitudeMode>
				<coordinates>
					141.2099,38.727596,12192 141.149902,38.706161,12199.62 
				</coordinates>
			</LineString>
		</MultiGeometry>
	</Placemark>
	<Placemark>
		<name>P-460</name>
		<visibility>0</visibility>
		<description><![CDATA[<div><div><span><b>Altitude:</b></span> <span>40,025 ft</span></div>
<div><span><b>Speed:</b></span> <span>371 kt - 370 kt</span></div>
<div><span><b>Timestamp:</b></span><br/><span>2024-07-09 09:26:21 UTC<br/>2024-07-09 09:26:55 UTC</span></div>
</div>]]></description>
		<Style>
			<LineStyle>
				<color>ffd800ff</color>
				<width>2</width>
			</LineStyle>
		</Style>
		<MultiGeometry>
			<LineString>
				<tessellate>1</tessellate>
				<altitudeMode>absolute</altitudeMode>
				<coordinates>
					141.149902,38.706161,12199.62 141.084595,38.683048,12199.62 
				</coordinates>
			</LineString>
		</MultiGeometry>
	</Placemark>
	<Placemark>
		<name>P-461</name>
		<visibility>0</visibility>
		<description><![CDATA[<div><div><span><b>Altitude:</b></span> <span>40,025 ft</span></div>
<div><span><b>Speed:</b></span> <span>370 kt</span></div>
<div><span><b>Timestamp:</b></span><br/><span>2024-07-09 09:26:55 UTC<br/>2024-07-09 09:27:25 UTC</span></div>
</div>]]></description>
		<Style>
			<LineStyle>
				<color>ffd800ff</color>
				<width>2</width>
			</LineStyle>
		</Style>
		<MultiGeometry>
			<LineString>
				<tessellate>1</tessellate>
				<altitudeMode>absolute</altitudeMode>
				<coordinates>
					141.084595,38.683048,12199.62 141.024597,38.661354,12199.62 
				</coordinates>
			</LineString>
		</MultiGeometry>
	</Placemark>
	<Placemark>
		<name>P-462</name>
		<visibility>0</visibility>
		<description><![CDATA[<div><div><span><b>Altitude:</b></span> <span>40,025 ft - 39,975 ft</span></div>
<div><span><b>Speed:</b></span> <span>370 kt - 372 kt</span></div>
<div><span><b>Timestamp:</b></span><br/><span>2024-07-09 09:27:25 UTC<br/>2024-07-09 09:27:56 UTC</span></div>
</div>]]></description>
		<Style>
			<LineStyle>
				<color>ffd800ff</color>
				<width>2</width>
			</LineStyle>
		</Style>
		<MultiGeometry>
			<LineString>
				<tessellate>1</tessellate>
				<altitudeMode>absolute</altitudeMode>
				<coordinates>
					141.024597,38.661354,12199.62 140.9608,38.638779,12184.38 
				</coordinates>
			</LineString>
		</MultiGeometry>
	</Placemark>
	<Placemark>
		<name>P-463</name>
		<visibility>0</visibility>
		<description><![CDATA[<div><div><span><b>Altitude:</b></span> <span>39,975 ft - 40,000 ft</span></div>
<div><span><b>Speed:</b></span> <span>372 kt - 374 kt</span></div>
<div><span><b>Timestamp:</b></span><br/><span>2024-07-09 09:27:56 UTC<br/>2024-07-09 09:28:27 UTC</span></div>
</div>]]></description>
		<Style>
			<LineStyle>
				<color>ffd800ff</color>
				<width>2</width>
			</LineStyle>
		</Style>
		<MultiGeometry>
			<LineString>
				<tessellate>1</tessellate>
				<altitudeMode>absolute</altitudeMode>
				<coordinates>
					140.9608,38.638779,12184.38 140.899124,38.616852,12192 
				</coordinates>
			</LineString>
		</MultiGeometry>
	</Placemark>
	<Placemark>
		<name>P-464</name>
		<visibility>0</visibility>
		<description><![CDATA[<div><div><span><b>Altitude:</b></span> <span>40,000 ft - 40,050 ft</span></div>
<div><span><b>Speed:</b></span> <span>374 kt</span></div>
<div><span><b>Timestamp:</b></span><br/><span>2024-07-09 09:28:27 UTC<br/>2024-07-09 09:28:58 UTC</span></div>
</div>]]></description>
		<Style>
			<LineStyle>
				<color>ffd800ff</color>
				<width>2</width>
			</LineStyle>
		</Style>
		<MultiGeometry>
			<LineString>
				<tessellate>1</tessellate>
				<altitudeMode>absolute</altitudeMode>
				<coordinates>
					140.899124,38.616852,12192 140.837204,38.594559,12207.24 
				</coordinates>
			</LineString>
		</MultiGeometry>
	</Placemark>
	<Placemark>
		<name>P-465</name>
		<visibility>0</visibility>
		<description><![CDATA[<div><div><span><b>Altitude:</b></span> <span>40,050 ft - 40,000 ft</span></div>
<div><span><b>Speed:</b></span> <span>374 kt - 370 kt</span></div>
<div><span><b>Timestamp:</b></span><br/><span>2024-07-09 09:28:58 UTC<br/>2024-07-09 09:29:30 UTC</span></div>
</div>]]></description>
		<Style>
			<LineStyle>
				<color>ffd800ff</color>
				<width>2</width>
			</LineStyle>
		</Style>
		<MultiGeometry>
			<LineString>
				<tessellate>1</tessellate>
				<altitudeMode>absolute</altitudeMode>
				<coordinates>
					140.837204,38.594559,12207.24 140.773071,38.571228,12192 
				</coordinates>
			</LineString>
		</MultiGeometry>
	</Placemark>
	<Placemark>
		<name>P-466</name>
		<visibility>0</visibility>
		<description><![CDATA[<div><div><span><b>Altitude:</b></span> <span>40,000 ft - 40,025 ft</span></div>
<div><span><b>Speed:</b></span> <span>370 kt - 356 kt</span></div>
<div><span><b>Timestamp:</b></span><br/><span>2024-07-09 09:29:30 UTC<br/>2024-07-09 09:30:01 UTC</span></div>
</div>]]></description>
		<Style>
			<LineStyle>
				<color>ffd800ff</color>
				<width>2</width>
			</LineStyle>
		</Style>
		<MultiGeometry>
			<LineString>
				<tessellate>1</tessellate>
				<altitudeMode>absolute</altitudeMode>
				<coordinates>
					140.773071,38.571228,12192 140.712952,38.54977,12199.62 
				</coordinates>
			</LineString>
		</MultiGeometry>
	</Placemark>
	<Placemark>
		<name>P-467</name>
		<visibility>0</visibility>
		<description><![CDATA[<div><div><span><b>Altitude:</b></span> <span>40,025 ft - 39,975 ft</span></div>
<div><span><b>Speed:</b></span> <span>356 kt - 358 kt</span></div>
<div><span><b>Timestamp:</b></span><br/><span>2024-07-09 09:30:01 UTC<br/>2024-07-09 09:30:32 UTC</span></div>
</div>]]></description>
		<Style>
			<LineStyle>
				<color>ffd800ff</color>
				<width>2</width>
			</LineStyle>
		</Style>
		<MultiGeometry>
			<LineString>
				<tessellate>1</tessellate>
				<altitudeMode>absolute</altitudeMode>
				<coordinates>
					140.712952,38.54977,12199.62 140.654083,38.52887,12184.38 
				</coordinates>
			</LineString>
		</MultiGeometry>
	</Placemark>
	<Placemark>
		<name>P-468</name>
		<visibility>0</visibility>
		<description><![CDATA[<div><div><span><b>Altitude:</b></span> <span>39,975 ft - 40,000 ft</span></div>
<div><span><b>Speed:</b></span> <span>358 kt - 370 kt</span></div>
<div><span><b>Timestamp:</b></span><br/><span>2024-07-09 09:30:32 UTC<br/>2024-07-09 09:31:02 UTC</span></div>
</div>]]></description>
		<Style>
			<LineStyle>
				<color>ffd800ff</color>
				<width>2</width>
			</LineStyle>
		</Style>
		<MultiGeometry>
			<LineString>
				<tessellate>1</tessellate>
				<altitudeMode>absolute</altitudeMode>
				<coordinates>
					140.654083,38.52887,12184.38 140.594482,38.507355,12192 
				</coordinates>
			</LineString>
		</MultiGeometry>
	</Placemark>
	<Placemark>
		<name>P-469</name>
		<visibility>0</visibility>
		<description><![CDATA[<div><div><span><b>Altitude:</b></span> <span>40,000 ft - 40,025 ft</span></div>
<div><span><b>Speed:</b></span> <span>370 kt - 376 kt</span></div>
<div><span><b>Timestamp:</b></span><br/><span>2024-07-09 09:31:02 UTC<br/>2024-07-09 09:31:33 UTC</span></div>
</div>]]></description>
		<Style>
			<LineStyle>
				<color>ffd800ff</color>
				<width>2</width>
			</LineStyle>
		</Style>
		<MultiGeometry>
			<LineString>
				<tessellate>1</tessellate>
				<altitudeMode>absolute</altitudeMode>
				<coordinates>
					140.594482,38.507355,12192 140.532684,38.484741,12199.62 
				</coordinates>
			</LineString>
		</MultiGeometry>
	</Placemark>
	<Placemark>
		<name>P-470</name>
		<visibility>0</visibility>
		<description><![CDATA[<div><div><span><b>Altitude:</b></span> <span>40,025 ft - 39,975 ft</span></div>
<div><span><b>Speed:</b></span> <span>376 kt</span></div>
<div><span><b>Timestamp:</b></span><br/><span>2024-07-09 09:31:33 UTC<br/>2024-07-09 09:32:07 UTC</span></div>
</div>]]></description>
		<Style>
			<LineStyle>
				<color>ffd800ff</color>
				<width>2</width>
			</LineStyle>
		</Style>
		<MultiGeometry>
			<LineString>
				<tessellate>1</tessellate>
				<altitudeMode>absolute</altitudeMode>
				<coordinates>
					140.532684,38.484741,12199.62 140.464081,38.459702,12184.38 
				</coordinates>
			</LineString>
		</MultiGeometry>
	</Placemark>
	<Placemark>
		<name>P-471</name>
		<visibility>0</visibility>
		<description><![CDATA[<div><div><span><b>Altitude:</b></span> <span>39,975 ft - 39,225 ft</span></div>
<div><span><b>Speed:</b></span> <span>376 kt - 371 kt</span></div>
<div><span><b>Timestamp:</b></span><br/><span>2024-07-09 09:32:07 UTC<br/>2024-07-09 09:32:38 UTC</span></div>
</div>]]></description>
		<Style>
			<LineStyle>
				<color>ffd800ff</color>
				<width>2</width>
			</LineStyle>
		</Style>
		<MultiGeometry>
			<LineString>
				<tessellate>1</tessellate>
				<altitudeMode>absolute</altitudeMode>
				<coordinates>
					140.464081,38.459702,12184.38 140.403244,38.437729,11955.78 
				</coordinates>
			</LineString>
		</MultiGeometry>
	</Placemark>
	<Placemark>
		<name>P-472</name>
		<visibility>0</visibility>
		<description><![CDATA[<div><div><span><b>Altitude:</b></span> <span>39,225 ft - 38,250 ft</span></div>
<div><span><b>Speed:</b></span> <span>371 kt</span></div>
<div><span><b>Timestamp:</b></span><br/><span>2024-07-09 09:32:38 UTC<br/>2024-07-09 09:33:09 UTC</span></div>
</div>]]></description>
		<Style>
			<LineStyle>
				<color>ffae00ff</color>
				<width>2</width>
			</LineStyle>
		</Style>
		<MultiGeometry>
			<LineString>
				<tessellate>1</tessellate>
				<altitudeMode>absolute</altitudeMode>
				<coordinates>
					140.403244,38.437729,11955.78 140.341614,38.415325,11658.6 
				</coordinates>
			</LineString>
		</MultiGeometry>
	</Placemark>
	<Placemark>
		<name>P-473</name>
		<visibility>0</visibility>
		<description><![CDATA[<div><div><span><b>Altitude:</b></span> <span>38,250 ft - 37,225 ft</span></div>
<div><span><b>Speed:</b></span> <span>371 kt - 373 kt</span></div>
<div><span><b>Timestamp:</b></span><br/><span>2024-07-09 09:33:09 UTC<br/>2024-07-09 09:33:40 UTC</span></div>
</div>]]></description>
		<Style>
			<LineStyle>
				<color>ffae00ff</color>
				<width>2</width>
			</LineStyle>
		</Style>
		<MultiGeometry>
			<LineString>
				<tessellate>1</tessellate>
				<altitudeMode>absolute</altitudeMode>
				<coordinates>
					140.341614,38.415325,11658.6 140.280151,38.392639,11346.18 
				</coordinates>
			</LineString>
		</MultiGeometry>
	</Placemark>
	<Placemark>
		<name>P-474</name>
		<visibility>0</visibility>
		<description><![CDATA[<div><div><span><b>Altitude:</b></span> <span>37,225 ft - 36,300 ft</span></div>
<div><span><b>Speed:</b></span> <span>373 kt - 377 kt</span></div>
<div><span><b>Timestamp:</b></span><br/><span>2024-07-09 09:33:40 UTC<br/>2024-07-09 09:34:11 UTC</span></div>
</div>]]></description>
		<Style>
			<LineStyle>
				<color>ff9600ff</color>
				<width>2</width>
			</LineStyle>
		</Style>
		<MultiGeometry>
			<LineString>
				<tessellate>1</tessellate>
				<altitudeMode>absolute</altitudeMode>
				<coordinates>
					140.280151,38.392639,11346.18 140.218689,38.369984,11064.24 
				</coordinates>
			</LineString>
		</MultiGeometry>
	</Placemark>
	<Placemark>
		<name>P-475</name>
		<visibility>0</visibility>
		<description><![CDATA[<div><div><span><b>Altitude:</b></span> <span>36,300 ft - 35,950 ft</span></div>
<div><span><b>Speed:</b></span> <span>377 kt - 399 kt</span></div>
<div><span><b>Timestamp:</b></span><br/><span>2024-07-09 09:34:11 UTC<br/>2024-07-09 09:34:42 UTC</span></div>
</div>]]></description>
		<Style>
			<LineStyle>
				<color>ff9600ff</color>
				<width>2</width>
			</LineStyle>
		</Style>
		<MultiGeometry>
			<LineString>
				<tessellate>1</tessellate>
				<altitudeMode>absolute</altitudeMode>
				<coordinates>
					140.218689,38.369984,11064.24 140.153519,38.346222,10957.56 
				</coordinates>
			</LineString>
		</MultiGeometry>
	</Placemark>
	<Placemark>
		<name>P-476</name>
		<visibility>0</visibility>
		<description><![CDATA[<div><div><span><b>Altitude:</b></span> <span>35,950 ft - 36,000 ft</span></div>
<div><span><b>Speed:</b></span> <span>399 kt - 394 kt</span></div>
<div><span><b>Timestamp:</b></span><br/><span>2024-07-09 09:34:42 UTC<br/>2024-07-09 09:35:13 UTC</span></div>
</div>]]></description>
		<Style>
			<LineStyle>
				<color>ff7800ff</color>
				<width>2</width>
			</LineStyle>
		</Style>
		<MultiGeometry>
			<LineString>
				<tessellate>1</tessellate>
				<altitudeMode>absolute</altitudeMode>
				<coordinates>
					140.153519,38.346222,10957.56 140.086548,38.321503,10972.8 
				</coordinates>
			</LineString>
		</MultiGeometry>
	</Placemark>
	<Placemark>
		<name>P-477</name>
		<visibility>0</visibility>
		<description><![CDATA[<div><div><span><b>Altitude:</b></span> <span>36,000 ft - 36,025 ft</span></div>
<div><span><b>Speed:</b></span> <span>394 kt - 385 kt</span></div>
<div><span><b>Timestamp:</b></span><br/><span>2024-07-09 09:35:13 UTC<br/>2024-07-09 09:35:44 UTC</span></div>
</div>]]></description>
		<Style>
			<LineStyle>
				<color>ff7800ff</color>
				<width>2</width>
			</LineStyle>
		</Style>
		<MultiGeometry>
			<LineString>
				<tessellate>1</tessellate>
				<altitudeMode>absolute</altitudeMode>
				<coordinates>
					140.086548,38.321503,10972.8 140.023438,38.298107,10980.42 
				</coordinates>
			</LineString>
		</MultiGeometry>
	</Placemark>
	<Placemark>
		<name>P-478</name>
		<visibility>0</visibility>
		<description><![CDATA[<div><div><span><b>Altitude:</b></span> <span>36,025 ft - 36,000 ft</span></div>
<div><span><b>Speed:</b></span> <span>385 kt - 384 kt</span></div>
<div><span><b>Timestamp:</b></span><br/><span>2024-07-09 09:35:44 UTC<br/>2024-07-09 09:36:17 UTC</span></div>
</div>]]></description>
		<Style>
			<LineStyle>
				<color>ff7800ff</color>
				<width>2</width>
			</LineStyle>
		</Style>
		<MultiGeometry>
			<LineString>
				<tessellate>1</tessellate>
				<altitudeMode>absolute</altitudeMode>
				<coordinates>
					140.023438,38.298107,10980.42 139.955185,38.273014,10972.8 
				</coordinates>
			</LineString>
		</MultiGeometry>
	</Placemark>
	<Placemark>
		<name>P-479</name>
		<visibility>0</visibility>
		<description><![CDATA[<div><div><span><b>Altitude:</b></span> <span>36,000 ft - 35,975 ft</span></div>
<div><span><b>Speed:</b></span> <span>384 kt - 395 kt</span></div>
<div><span><b>Timestamp:</b></span><br/><span>2024-07-09 09:36:17 UTC<br/>2024-07-09 09:36:51 UTC</span></div>
</div>]]></description>
		<Style>
			<LineStyle>
				<color>ff7800ff</color>
				<width>2</width>
			</LineStyle>
		</Style>
		<MultiGeometry>
			<LineString>
				<tessellate>1</tessellate>
				<altitudeMode>absolute</altitudeMode>
				<coordinates>
					139.955185,38.273014,10972.8 139.886169,38.247505,10965.18 
				</coordinates>
			</LineString>
		</MultiGeometry>
	</Placemark>
	<Placemark>
		<name>P-480</name>
		<visibility>0</visibility>
		<description><![CDATA[<div><div><span><b>Altitude:</b></span> <span>35,975 ft - 36,025 ft</span></div>
<div><span><b>Speed:</b></span> <span>395 kt - 401 kt</span></div>
<div><span><b>Timestamp:</b></span><br/><span>2024-07-09 09:36:51 UTC<br/>2024-07-09 09:37:23 UTC</span></div>
</div>]]></description>
		<Style>
			<LineStyle>
				<color>ff7800ff</color>
				<width>2</width>
			</LineStyle>
		</Style>
		<MultiGeometry>
			<LineString>
				<tessellate>1</tessellate>
				<altitudeMode>absolute</altitudeMode>
				<coordinates>
					139.886169,38.247505,10965.18 139.818756,38.222412,10980.42 
				</coordinates>
			</LineString>
		</MultiGeometry>
	</Placemark>
	<Placemark>
		<name>P-481</name>
		<visibility>0</visibility>
		<description><![CDATA[<div><div><span><b>Altitude:</b></span> <span>36,025 ft</span></div>
<div><span><b>Speed:</b></span> <span>401 kt - 404 kt</span></div>
<div><span><b>Timestamp:</b></span><br/><span>2024-07-09 09:37:23 UTC<br/>2024-07-09 09:37:54 UTC</span></div>
</div>]]></description>
		<Style>
			<LineStyle>
				<color>ff7800ff</color>
				<width>2</width>
			</LineStyle>
		</Style>
		<MultiGeometry>
			<LineString>
				<tessellate>1</tessellate>
				<altitudeMode>absolute</altitudeMode>
				<coordinates>
					139.818756,38.222412,10980.42 139.751648,38.197693,10980.42 
				</coordinates>
			</LineString>
		</MultiGeometry>
	</Placemark>
	<Placemark>
		<name>P-482</name>
		<visibility>0</visibility>
		<description><![CDATA[<div><div><span><b>Altitude:</b></span> <span>36,025 ft</span></div>
<div><span><b>Speed:</b></span> <span>404 kt - 399 kt</span></div>
<div><span><b>Timestamp:</b></span><br/><span>2024-07-09 09:37:54 UTC<br/>2024-07-09 09:38:24 UTC</span></div>
</div>]]></description>
		<Style>
			<LineStyle>
				<color>ff7800ff</color>
				<width>2</width>
			</LineStyle>
		</Style>
		<MultiGeometry>
			<LineString>
				<tessellate>1</tessellate>
				<altitudeMode>absolute</altitudeMode>
				<coordinates>
					139.751648,38.197693,10980.42 139.687836,38.174011,10980.42 
				</coordinates>
			</LineString>
		</MultiGeometry>
	</Placemark>
	<Placemark>
		<name>P-483</name>
		<visibility>0</visibility>
		<description><![CDATA[<div><div><span><b>Altitude:</b></span> <span>36,025 ft - 36,000 ft</span></div>
<div><span><b>Speed:</b></span> <span>399 kt - 397 kt</span></div>
<div><span><b>Timestamp:</b></span><br/><span>2024-07-09 09:38:24 UTC<br/>2024-07-09 09:38:56 UTC</span></div>
</div>]]></description>
		<Style>
			<LineStyle>
				<color>ff7800ff</color>
				<width>2</width>
			</LineStyle>
		</Style>
		<MultiGeometry>
			<LineString>
				<tessellate>1</tessellate>
				<altitudeMode>absolute</altitudeMode>
				<coordinates>
					139.687836,38.174011,10980.42 139.620743,38.148788,10972.8 
				</coordinates>
			</LineString>
		</MultiGeometry>
	</Placemark>
	<Placemark>
		<name>P-484</name>
		<visibility>0</visibility>
		<description><![CDATA[<div><div><span><b>Altitude:</b></span> <span>36,000 ft</span></div>
<div><span><b>Speed:</b></span> <span>397 kt - 395 kt</span></div>
<div><span><b>Timestamp:</b></span><br/><span>2024-07-09 09:38:56 UTC<br/>2024-07-09 09:39:29 UTC</span></div>
</div>]]></description>
		<Style>
			<LineStyle>
				<color>ff7800ff</color>
				<width>2</width>
			</LineStyle>
		</Style>
		<MultiGeometry>
			<LineString>
				<tessellate>1</tessellate>
				<altitudeMode>absolute</altitudeMode>
				<coordinates>
					139.620743,38.148788,10972.8 139.55191,38.122971,10972.8 
				</coordinates>
			</LineString>
		</MultiGeometry>
	</Placemark>
	<Placemark>
		<name>P-485</name>
		<visibility>0</visibility>
		<description><![CDATA[<div><div><span><b>Altitude:</b></span> <span>36,000 ft</span></div>
<div><span><b>Speed:</b></span> <span>395 kt - 393 kt</span></div>
<div><span><b>Timestamp:</b></span><br/><span>2024-07-09 09:39:29 UTC<br/>2024-07-09 09:40:00 UTC</span></div>
</div>]]></description>
		<Style>
			<LineStyle>
				<color>ff7800ff</color>
				<width>2</width>
			</LineStyle>
		</Style>
		<MultiGeometry>
			<LineString>
				<tessellate>1</tessellate>
				<altitudeMode>absolute</altitudeMode>
				<coordinates>
					139.55191,38.122971,10972.8 139.486862,38.098526,10972.8 
				</coordinates>
			</LineString>
		</MultiGeometry>
	</Placemark>
	<Placemark>
		<name>P-486</name>
		<visibility>0</visibility>
		<description><![CDATA[<div><div><span><b>Altitude:</b></span> <span>36,000 ft</span></div>
<div><span><b>Speed:</b></span> <span>393 kt - 392 kt</span></div>
<div><span><b>Timestamp:</b></span><br/><span>2024-07-09 09:40:00 UTC<br/>2024-07-09 09:40:32 UTC</span></div>
</div>]]></description>
		<Style>
			<LineStyle>
				<color>ff7800ff</color>
				<width>2</width>
			</LineStyle>
		</Style>
		<MultiGeometry>
			<LineString>
				<tessellate>1</tessellate>
				<altitudeMode>absolute</altitudeMode>
				<coordinates>
					139.486862,38.098526,10972.8 139.422058,38.074173,10972.8 
				</coordinates>
			</LineString>
		</MultiGeometry>
	</Placemark>
	<Placemark>
		<name>P-487</name>
		<visibility>0</visibility>
		<description><![CDATA[<div><div><span><b>Altitude:</b></span> <span>36,000 ft</span></div>
<div><span><b>Speed:</b></span> <span>392 kt - 389 kt</span></div>
<div><span><b>Timestamp:</b></span><br/><span>2024-07-09 09:40:32 UTC<br/>2024-07-09 09:41:02 UTC</span></div>
</div>]]></description>
		<Style>
			<LineStyle>
				<color>ff7800ff</color>
				<width>2</width>
			</LineStyle>
		</Style>
		<MultiGeometry>
			<LineString>
				<tessellate>1</tessellate>
				<altitudeMode>absolute</altitudeMode>
				<coordinates>
					139.422058,38.074173,10972.8 139.357483,38.049866,10972.8 
				</coordinates>
			</LineString>
		</MultiGeometry>
	</Placemark>
	<Placemark>
		<name>P-488</name>
		<visibility>0</visibility>
		<description><![CDATA[<div><div><span><b>Altitude:</b></span> <span>36,000 ft - 35,950 ft</span></div>
<div><span><b>Speed:</b></span> <span>389 kt - 390 kt</span></div>
<div><span><b>Timestamp:</b></span><br/><span>2024-07-09 09:41:02 UTC<br/>2024-07-09 09:41:34 UTC</span></div>
</div>]]></description>
		<Style>
			<LineStyle>
				<color>ff7800ff</color>
				<width>2</width>
			</LineStyle>
		</Style>
		<MultiGeometry>
			<LineString>
				<tessellate>1</tessellate>
				<altitudeMode>absolute</altitudeMode>
				<coordinates>
					139.357483,38.049866,10972.8 139.292191,38.025265,10957.56 
				</coordinates>
			</LineString>
		</MultiGeometry>
	</Placemark>
	<Placemark>
		<name>P-489</name>
		<visibility>0</visibility>
		<description><![CDATA[<div><div><span><b>Altitude:</b></span> <span>35,950 ft</span></div>
<div><span><b>Speed:</b></span> <span>390 kt - 391 kt</span></div>
<div><span><b>Timestamp:</b></span><br/><span>2024-07-09 09:41:34 UTC<br/>2024-07-09 09:42:05 UTC</span></div>
</div>]]></description>
		<Style>
			<LineStyle>
				<color>ff7800ff</color>
				<width>2</width>
			</LineStyle>
		</Style>
		<MultiGeometry>
			<LineString>
				<tessellate>1</tessellate>
				<altitudeMode>absolute</altitudeMode>
				<coordinates>
					139.292191,38.025265,10957.56 139.22908,38.001385,10957.56 
				</coordinates>
			</LineString>
		</MultiGeometry>
	</Placemark>
	<Placemark>
		<name>P-490</name>
		<visibility>0</visibility>
		<description><![CDATA[<div><div><span><b>Altitude:</b></span> <span>35,950 ft - 35,975 ft</span></div>
<div><span><b>Speed:</b></span> <span>391 kt - 392 kt</span></div>
<div><span><b>Timestamp:</b></span><br/><span>2024-07-09 09:42:05 UTC<br/>2024-07-09 09:42:36 UTC</span></div>
</div>]]></description>
		<Style>
			<LineStyle>
				<color>ff7800ff</color>
				<width>2</width>
			</LineStyle>
		</Style>
		<MultiGeometry>
			<LineString>
				<tessellate>1</tessellate>
				<altitudeMode>absolute</altitudeMode>
				<coordinates>
					139.22908,38.001385,10957.56 139.163467,37.976479,10965.18 
				</coordinates>
			</LineString>
		</MultiGeometry>
	</Placemark>
	<Placemark>
		<name>P-491</name>
		<visibility>0</visibility>
		<description><![CDATA[<div><div><span><b>Altitude:</b></span> <span>35,975 ft - 36,000 ft</span></div>
<div><span><b>Speed:</b></span> <span>392 kt - 394 kt</span></div>
<div><span><b>Timestamp:</b></span><br/><span>2024-07-09 09:42:36 UTC<br/>2024-07-09 09:43:08 UTC</span></div>
</div>]]></description>
		<Style>
			<LineStyle>
				<color>ff7800ff</color>
				<width>2</width>
			</LineStyle>
		</Style>
		<MultiGeometry>
			<LineString>
				<tessellate>1</tessellate>
				<altitudeMode>absolute</altitudeMode>
				<coordinates>
					139.163467,37.976479,10965.18 139.096771,37.951248,10972.8 
				</coordinates>
			</LineString>
		</MultiGeometry>
	</Placemark>
	<Placemark>
		<name>P-492</name>
		<visibility>0</visibility>
		<description><![CDATA[<div><div><span><b>Altitude:</b></span> <span>36,000 ft - 36,025 ft</span></div>
<div><span><b>Speed:</b></span> <span>394 kt - 395 kt</span></div>
<div><span><b>Timestamp:</b></span><br/><span>2024-07-09 09:43:08 UTC<br/>2024-07-09 09:43:39 UTC</span></div>
</div>]]></description>
		<Style>
			<LineStyle>
				<color>ff7800ff</color>
				<width>2</width>
			</LineStyle>
		</Style>
		<MultiGeometry>
			<LineString>
				<tessellate>1</tessellate>
				<altitudeMode>absolute</altitudeMode>
				<coordinates>
					139.096771,37.951248,10972.8 139.033203,37.929016,10980.42 
				</coordinates>
			</LineString>
		</MultiGeometry>
	</Placemark>
	<Placemark>
		<name>P-493</name>
		<visibility>0</visibility>
		<description><![CDATA[<div><div><span><b>Altitude:</b></span> <span>36,025 ft - 36,050 ft</span></div>
<div><span><b>Speed:</b></span> <span>395 kt - 394 kt</span></div>
<div><span><b>Timestamp:</b></span><br/><span>2024-07-09 09:43:39 UTC<br/>2024-07-09 09:44:13 UTC</span></div>
</div>]]></description>
		<Style>
			<LineStyle>
				<color>ff7800ff</color>
				<width>2</width>
			</LineStyle>
		</Style>
		<MultiGeometry>
			<LineString>
				<tessellate>1</tessellate>
				<altitudeMode>absolute</altitudeMode>
				<coordinates>
					139.033203,37.929016,10980.42 138.96109,37.9048,10988.04 
				</coordinates>
			</LineString>
		</MultiGeometry>
	</Placemark>
	<Placemark>
		<name>P-494</name>
		<visibility>0</visibility>
		<description><![CDATA[<div><div><span><b>Altitude:</b></span> <span>36,050 ft</span></div>
<div><span><b>Speed:</b></span> <span>394 kt - 393 kt</span></div>
<div><span><b>Timestamp:</b></span><br/><span>2024-07-09 09:44:13 UTC<br/>2024-07-09 09:44:44 UTC</span></div>
</div>]]></description>
		<Style>
			<LineStyle>
				<color>ff7800ff</color>
				<width>2</width>
			</LineStyle>
		</Style>
		<MultiGeometry>
			<LineString>
				<tessellate>1</tessellate>
				<altitudeMode>absolute</altitudeMode>
				<coordinates>
					138.96109,37.9048,10988.04 138.894775,37.88205,10988.04 
				</coordinates>
			</LineString>
		</MultiGeometry>
	</Placemark>
	<Placemark>
		<name>P-495</name>
		<visibility>0</visibility>
		<description><![CDATA[<div><div><span><b>Altitude:</b></span> <span>36,050 ft - 36,025 ft</span></div>
<div><span><b>Speed:</b></span> <span>393 kt - 394 kt</span></div>
<div><span><b>Timestamp:</b></span><br/><span>2024-07-09 09:44:44 UTC<br/>2024-07-09 09:45:16 UTC</span></div>
</div>]]></description>
		<Style>
			<LineStyle>
				<color>ff7800ff</color>
				<width>2</width>
			</LineStyle>
		</Style>
		<MultiGeometry>
			<LineString>
				<tessellate>1</tessellate>
				<altitudeMode>absolute</altitudeMode>
				<coordinates>
					138.894775,37.88205,10988.04 138.828262,37.858932,10980.42 
				</coordinates>
			</LineString>
		</MultiGeometry>
	</Placemark>
	<Placemark>
		<name>P-496</name>
		<visibility>0</visibility>
		<description><![CDATA[<div><div><span><b>Altitude:</b></span> <span>36,025 ft</span></div>
<div><span><b>Speed:</b></span> <span>394 kt</span></div>
<div><span><b>Timestamp:</b></span><br/><span>2024-07-09 09:45:16 UTC<br/>2024-07-09 09:45:46 UTC</span></div>
</div>]]></description>
		<Style>
			<LineStyle>
				<color>ff7800ff</color>
				<width>2</width>
			</LineStyle>
		</Style>
		<MultiGeometry>
			<LineString>
				<tessellate>1</tessellate>
				<altitudeMode>absolute</altitudeMode>
				<coordinates>
					138.828262,37.858932,10980.42 138.763519,37.836319,10980.42 
				</coordinates>
			</LineString>
		</MultiGeometry>
	</Placemark>
	<Placemark>
		<name>P-497</name>
		<visibility>0</visibility>
		<description><![CDATA[<div><div><span><b>Altitude:</b></span> <span>36,025 ft - 36,000 ft</span></div>
<div><span><b>Speed:</b></span> <span>394 kt - 392 kt</span></div>
<div><span><b>Timestamp:</b></span><br/><span>2024-07-09 09:45:46 UTC<br/>2024-07-09 09:46:17 UTC</span></div>
</div>]]></description>
		<Style>
			<LineStyle>
				<color>ff7800ff</color>
				<width>2</width>
			</LineStyle>
		</Style>
		<MultiGeometry>
			<LineString>
				<tessellate>1</tessellate>
				<altitudeMode>absolute</altitudeMode>
				<coordinates>
					138.763519,37.836319,10980.42 138.698685,37.813778,10972.8 
				</coordinates>
			</LineString>
		</MultiGeometry>
	</Placemark>
	<Placemark>
		<name>P-498</name>
		<visibility>0</visibility>
		<description><![CDATA[<div><div><span><b>Altitude:</b></span> <span>36,000 ft - 35,975 ft</span></div>
<div><span><b>Speed:</b></span> <span>392 kt - 391 kt</span></div>
<div><span><b>Timestamp:</b></span><br/><span>2024-07-09 09:46:17 UTC<br/>2024-07-09 09:46:49 UTC</span></div>
</div>]]></description>
		<Style>
			<LineStyle>
				<color>ff7800ff</color>
				<width>2</width>
			</LineStyle>
		</Style>
		<MultiGeometry>
			<LineString>
				<tessellate>1</tessellate>
				<altitudeMode>absolute</altitudeMode>
				<coordinates>
					138.698685,37.813778,10972.8 138.633194,37.790874,10965.18 
				</coordinates>
			</LineString>
		</MultiGeometry>
	</Placemark>
	<Placemark>
		<name>P-499</name>
		<visibility>0</visibility>
		<description><![CDATA[<div><div><span><b>Altitude:</b></span> <span>35,975 ft</span></div>
<div><span><b>Speed:</b></span> <span>391 kt - 392 kt</span></div>
<div><span><b>Timestamp:</b></span><br/><span>2024-07-09 09:46:49 UTC<br/>2024-07-09 09:47:20 UTC</span></div>
</div>]]></description>
		<Style>
			<LineStyle>
				<color>ff7800ff</color>
				<width>2</width>
			</LineStyle>
		</Style>
		<MultiGeometry>
			<LineString>
				<tessellate>1</tessellate>
				<altitudeMode>absolute</altitudeMode>
				<coordinates>
					138.633194,37.790874,10965.18 138.567688,37.767883,10965.18 
				</coordinates>
			</LineString>
		</MultiGeometry>
	</Placemark>
	<Placemark>
		<name>P-500</name>
		<visibility>0</visibility>
		<description><![CDATA[<div><div><span><b>Altitude:</b></span> <span>35,975 ft</span></div>
<div><span><b>Speed:</b></span> <span>392 kt - 393 kt</span></div>
<div><span><b>Timestamp:</b></span><br/><span>2024-07-09 09:47:20 UTC<br/>2024-07-09 09:47:51 UTC</span></div>
</div>]]></description>
		<Style>
			<LineStyle>
				<color>ff7800ff</color>
				<width>2</width>
			</LineStyle>
		</Style>
		<MultiGeometry>
			<LineString>
				<tessellate>1</tessellate>
				<altitudeMode>absolute</altitudeMode>
				<coordinates>
					138.567688,37.767883,10965.18 138.502121,37.74472,10965.18 
				</coordinates>
			</LineString>
		</MultiGeometry>
	</Placemark>
	<Placemark>
		<name>P-501</name>
		<visibility>0</visibility>
		<description><![CDATA[<div><div><span><b>Altitude:</b></span> <span>35,975 ft</span></div>
<div><span><b>Speed:</b></span> <span>393 kt - 394 kt</span></div>
<div><span><b>Timestamp:</b></span><br/><span>2024-07-09 09:47:51 UTC<br/>2024-07-09 09:48:23 UTC</span></div>
</div>]]></description>
		<Style>
			<LineStyle>
				<color>ff7800ff</color>
				<width>2</width>
			</LineStyle>
		</Style>
		<MultiGeometry>
			<LineString>
				<tessellate>1</tessellate>
				<altitudeMode>absolute</altitudeMode>
				<coordinates>
					138.502121,37.74472,10965.18 138.436554,37.721741,10965.18 
				</coordinates>
			</LineString>
		</MultiGeometry>
	</Placemark>
	<Placemark>
		<name>P-502</name>
		<visibility>0</visibility>
		<description><![CDATA[<div><div><span><b>Altitude:</b></span> <span>35,975 ft - 36,000 ft</span></div>
<div><span><b>Speed:</b></span> <span>394 kt - 395 kt</span></div>
<div><span><b>Timestamp:</b></span><br/><span>2024-07-09 09:48:23 UTC<br/>2024-07-09 09:48:53 UTC</span></div>
</div>]]></description>
		<Style>
			<LineStyle>
				<color>ff7800ff</color>
				<width>2</width>
			</LineStyle>
		</Style>
		<MultiGeometry>
			<LineString>
				<tessellate>1</tessellate>
				<altitudeMode>absolute</altitudeMode>
				<coordinates>
					138.436554,37.721741,10965.18 138.371674,37.698746,10972.8 
				</coordinates>
			</LineString>
		</MultiGeometry>
	</Placemark>
	<Placemark>
		<name>P-503</name>
		<visibility>0</visibility>
		<description><![CDATA[<div><div><span><b>Altitude:</b></span> <span>36,000 ft</span></div>
<div><span><b>Speed:</b></span> <span>395 kt - 398 kt</span></div>
<div><span><b>Timestamp:</b></span><br/><span>2024-07-09 09:48:53 UTC<br/>2024-07-09 09:49:24 UTC</span></div>
</div>]]></description>
		<Style>
			<LineStyle>
				<color>ff7800ff</color>
				<width>2</width>
			</LineStyle>
		</Style>
		<MultiGeometry>
			<LineString>
				<tessellate>1</tessellate>
				<altitudeMode>absolute</altitudeMode>
				<coordinates>
					138.371674,37.698746,10972.8 138.307526,37.676102,10972.8 
				</coordinates>
			</LineString>
		</MultiGeometry>
	</Placemark>
	<Placemark>
		<name>P-504</name>
		<visibility>0</visibility>
		<description><![CDATA[<div><div><span><b>Altitude:</b></span> <span>36,000 ft - 35,975 ft</span></div>
<div><span><b>Speed:</b></span> <span>398 kt - 400 kt</span></div>
<div><span><b>Timestamp:</b></span><br/><span>2024-07-09 09:49:24 UTC<br/>2024-07-09 09:49:57 UTC</span></div>
</div>]]></description>
		<Style>
			<LineStyle>
				<color>ff7800ff</color>
				<width>2</width>
			</LineStyle>
		</Style>
		<MultiGeometry>
			<LineString>
				<tessellate>1</tessellate>
				<altitudeMode>absolute</altitudeMode>
				<coordinates>
					138.307526,37.676102,10972.8 138.236176,37.65097,10965.18 
				</coordinates>
			</LineString>
		</MultiGeometry>
	</Placemark>
	<Placemark>
		<name>P-505</name>
		<visibility>0</visibility>
		<description><![CDATA[<div><div><span><b>Altitude:</b></span> <span>35,975 ft - 36,000 ft</span></div>
<div><span><b>Speed:</b></span> <span>400 kt - 403 kt</span></div>
<div><span><b>Timestamp:</b></span><br/><span>2024-07-09 09:49:57 UTC<br/>2024-07-09 09:50:28 UTC</span></div>
</div>]]></description>
		<Style>
			<LineStyle>
				<color>ff7800ff</color>
				<width>2</width>
			</LineStyle>
		</Style>
		<MultiGeometry>
			<LineString>
				<tessellate>1</tessellate>
				<altitudeMode>absolute</altitudeMode>
				<coordinates>
					138.236176,37.65097,10965.18 138.169617,37.627289,10972.8 
				</coordinates>
			</LineString>
		</MultiGeometry>
	</Placemark>
	<Placemark>
		<name>P-506</name>
		<visibility>0</visibility>
		<description><![CDATA[<div><div><span><b>Altitude:</b></span> <span>36,000 ft - 36,025 ft</span></div>
<div><span><b>Speed:</b></span> <span>403 kt - 405 kt</span></div>
<div><span><b>Timestamp:</b></span><br/><span>2024-07-09 09:50:28 UTC<br/>2024-07-09 09:50:59 UTC</span></div>
</div>]]></description>
		<Style>
			<LineStyle>
				<color>ff7800ff</color>
				<width>2</width>
			</LineStyle>
		</Style>
		<MultiGeometry>
			<LineString>
				<tessellate>1</tessellate>
				<altitudeMode>absolute</altitudeMode>
				<coordinates>
					138.169617,37.627289,10972.8 138.104172,37.603966,10980.42 
				</coordinates>
			</LineString>
		</MultiGeometry>
	</Placemark>
	<Placemark>
		<name>P-507</name>
		<visibility>0</visibility>
		<description><![CDATA[<div><div><span><b>Altitude:</b></span> <span>36,025 ft - 36,050 ft</span></div>
<div><span><b>Speed:</b></span> <span>405 kt - 403 kt</span></div>
<div><span><b>Timestamp:</b></span><br/><span>2024-07-09 09:50:59 UTC<br/>2024-07-09 09:51:33 UTC</span></div>
</div>]]></description>
		<Style>
			<LineStyle>
				<color>ff7800ff</color>
				<width>2</width>
			</LineStyle>
		</Style>
		<MultiGeometry>
			<LineString>
				<tessellate>1</tessellate>
				<altitudeMode>absolute</altitudeMode>
				<coordinates>
					138.104172,37.603966,10980.42 138.031754,37.577991,10988.04 
				</coordinates>
			</LineString>
		</MultiGeometry>
	</Placemark>
	<Placemark>
		<name>P-508</name>
		<visibility>0</visibility>
		<description><![CDATA[<div><div><span><b>Altitude:</b></span> <span>36,050 ft</span></div>
<div><span><b>Speed:</b></span> <span>403 kt - 401 kt</span></div>
<div><span><b>Timestamp:</b></span><br/><span>2024-07-09 09:51:33 UTC<br/>2024-07-09 09:52:03 UTC</span></div>
</div>]]></description>
		<Style>
			<LineStyle>
				<color>ff7800ff</color>
				<width>2</width>
			</LineStyle>
		</Style>
		<MultiGeometry>
			<LineString>
				<tessellate>1</tessellate>
				<altitudeMode>absolute</altitudeMode>
				<coordinates>
					138.031754,37.577991,10988.04 137.96637,37.554565,10988.04 
				</coordinates>
			</LineString>
		</MultiGeometry>
	</Placemark>
	<Placemark>
		<name>P-509</name>
		<visibility>0</visibility>
		<description><![CDATA[<div><div><span><b>Altitude:</b></span> <span>36,050 ft</span></div>
<div><span><b>Speed:</b></span> <span>401 kt - 398 kt</span></div>
<div><span><b>Timestamp:</b></span><br/><span>2024-07-09 09:52:03 UTC<br/>2024-07-09 09:52:37 UTC</span></div>
</div>]]></description>
		<Style>
			<LineStyle>
				<color>ff7800ff</color>
				<width>2</width>
			</LineStyle>
		</Style>
		<MultiGeometry>
			<LineString>
				<tessellate>1</tessellate>
				<altitudeMode>absolute</altitudeMode>
				<coordinates>
					137.96637,37.554565,10988.04 137.895248,37.529156,10988.04 
				</coordinates>
			</LineString>
		</MultiGeometry>
	</Placemark>
	<Placemark>
		<name>P-510</name>
		<visibility>0</visibility>
		<description><![CDATA[<div><div><span><b>Altitude:</b></span> <span>36,050 ft - 36,025 ft</span></div>
<div><span><b>Speed:</b></span> <span>398 kt - 396 kt</span></div>
<div><span><b>Timestamp:</b></span><br/><span>2024-07-09 09:52:37 UTC<br/>2024-07-09 09:53:08 UTC</span></div>
</div>]]></description>
		<Style>
			<LineStyle>
				<color>ff7800ff</color>
				<width>2</width>
			</LineStyle>
		</Style>
		<MultiGeometry>
			<LineString>
				<tessellate>1</tessellate>
				<altitudeMode>absolute</altitudeMode>
				<coordinates>
					137.895248,37.529156,10988.04 137.829575,37.505554,10980.42 
				</coordinates>
			</LineString>
		</MultiGeometry>
	</Placemark>
	<Placemark>
		<name>P-511</name>
		<visibility>0</visibility>
		<description><![CDATA[<div><div><span><b>Altitude:</b></span> <span>36,025 ft - 35,975 ft</span></div>
<div><span><b>Speed:</b></span> <span>396 kt - 394 kt</span></div>
<div><span><b>Timestamp:</b></span><br/><span>2024-07-09 09:53:08 UTC<br/>2024-07-09 09:53:42 UTC</span></div>
</div>]]></description>
		<Style>
			<LineStyle>
				<color>ff7800ff</color>
				<width>2</width>
			</LineStyle>
		</Style>
		<MultiGeometry>
			<LineString>
				<tessellate>1</tessellate>
				<altitudeMode>absolute</altitudeMode>
				<coordinates>
					137.829575,37.505554,10980.42 137.759003,37.480324,10965.18 
				</coordinates>
			</LineString>
		</MultiGeometry>
	</Placemark>
	<Placemark>
		<name>P-512</name>
		<visibility>0</visibility>
		<description><![CDATA[<div><div><span><b>Altitude:</b></span> <span>35,975 ft - 35,950 ft</span></div>
<div><span><b>Speed:</b></span> <span>394 kt - 396 kt</span></div>
<div><span><b>Timestamp:</b></span><br/><span>2024-07-09 09:53:42 UTC<br/>2024-07-09 09:54:16 UTC</span></div>
</div>]]></description>
		<Style>
			<LineStyle>
				<color>ff7800ff</color>
				<width>2</width>
			</LineStyle>
		</Style>
		<MultiGeometry>
			<LineString>
				<tessellate>1</tessellate>
				<altitudeMode>absolute</altitudeMode>
				<coordinates>
					137.759003,37.480324,10965.18 137.688553,37.454998,10957.56 
				</coordinates>
			</LineString>
		</MultiGeometry>
	</Placemark>
	<Placemark>
		<name>P-513</name>
		<visibility>0</visibility>
		<description><![CDATA[<div><div><span><b>Altitude:</b></span> <span>35,950 ft</span></div>
<div><span><b>Speed:</b></span> <span>396 kt - 399 kt</span></div>
<div><span><b>Timestamp:</b></span><br/><span>2024-07-09 09:54:16 UTC<br/>2024-07-09 09:54:45 UTC</span></div>
</div>]]></description>
		<Style>
			<LineStyle>
				<color>ff7800ff</color>
				<width>2</width>
			</LineStyle>
		</Style>
		<MultiGeometry>
			<LineString>
				<tessellate>1</tessellate>
				<altitudeMode>absolute</altitudeMode>
				<coordinates>
					137.688553,37.454998,10957.56 137.625732,37.432281,10957.56 
				</coordinates>
			</LineString>
		</MultiGeometry>
	</Placemark>
	<Placemark>
		<name>P-514</name>
		<visibility>0</visibility>
		<description><![CDATA[<div><div><span><b>Altitude:</b></span> <span>35,950 ft - 35,975 ft</span></div>
<div><span><b>Speed:</b></span> <span>399 kt - 405 kt</span></div>
<div><span><b>Timestamp:</b></span><br/><span>2024-07-09 09:54:45 UTC<br/>2024-07-09 09:55:19 UTC</span></div>
</div>]]></description>
		<Style>
			<LineStyle>
				<color>ff7800ff</color>
				<width>2</width>
			</LineStyle>
		</Style>
		<MultiGeometry>
			<LineString>
				<tessellate>1</tessellate>
				<altitudeMode>absolute</altitudeMode>
				<coordinates>
					137.625732,37.432281,10957.56 137.553848,37.406158,10965.18 
				</coordinates>
			</LineString>
		</MultiGeometry>
	</Placemark>
	<Placemark>
		<name>P-515</name>
		<visibility>0</visibility>
		<description><![CDATA[<div><div><span><b>Altitude:</b></span> <span>35,975 ft - 36,000 ft</span></div>
<div><span><b>Speed:</b></span> <span>405 kt - 404 kt</span></div>
<div><span><b>Timestamp:</b></span><br/><span>2024-07-09 09:55:19 UTC<br/>2024-07-09 09:55:50 UTC</span></div>
</div>]]></description>
		<Style>
			<LineStyle>
				<color>ff7800ff</color>
				<width>2</width>
			</LineStyle>
		</Style>
		<MultiGeometry>
			<LineString>
				<tessellate>1</tessellate>
				<altitudeMode>absolute</altitudeMode>
				<coordinates>
					137.553848,37.406158,10965.18 137.48822,37.382378,10972.8 
				</coordinates>
			</LineString>
		</MultiGeometry>
	</Placemark>
	<Placemark>
		<name>P-516</name>
		<visibility>0</visibility>
		<description><![CDATA[<div><div><span><b>Altitude:</b></span> <span>36,000 ft</span></div>
<div><span><b>Speed:</b></span> <span>404 kt - 405 kt</span></div>
<div><span><b>Timestamp:</b></span><br/><span>2024-07-09 09:55:50 UTC<br/>2024-07-09 09:56:24 UTC</span></div>
</div>]]></description>
		<Style>
			<LineStyle>
				<color>ff7800ff</color>
				<width>2</width>
			</LineStyle>
		</Style>
		<MultiGeometry>
			<LineString>
				<tessellate>1</tessellate>
				<altitudeMode>absolute</altitudeMode>
				<coordinates>
					137.48822,37.382378,10972.8 137.416,37.356033,10972.8 
				</coordinates>
			</LineString>
		</MultiGeometry>
	</Placemark>
	<Placemark>
		<name>P-517</name>
		<visibility>0</visibility>
		<description><![CDATA[<div><div><span><b>Altitude:</b></span> <span>36,000 ft - 36,025 ft</span></div>
<div><span><b>Speed:</b></span> <span>405 kt - 406 kt</span></div>
<div><span><b>Timestamp:</b></span><br/><span>2024-07-09 09:56:24 UTC<br/>2024-07-09 09:56:54 UTC</span></div>
</div>]]></description>
		<Style>
			<LineStyle>
				<color>ff7800ff</color>
				<width>2</width>
			</LineStyle>
		</Style>
		<MultiGeometry>
			<LineString>
				<tessellate>1</tessellate>
				<altitudeMode>absolute</altitudeMode>
				<coordinates>
					137.416,37.356033,10972.8 137.351135,37.332333,10980.42 
				</coordinates>
			</LineString>
		</MultiGeometry>
	</Placemark>
	<Placemark>
		<name>P-518</name>
		<visibility>0</visibility>
		<description><![CDATA[<div><div><span><b>Altitude:</b></span> <span>36,025 ft</span></div>
<div><span><b>Speed:</b></span> <span>406 kt - 394 kt</span></div>
<div><span><b>Timestamp:</b></span><br/><span>2024-07-09 09:56:54 UTC<br/>2024-07-09 09:57:28 UTC</span></div>
</div>]]></description>
		<Style>
			<LineStyle>
				<color>ff7800ff</color>
				<width>2</width>
			</LineStyle>
		</Style>
		<MultiGeometry>
			<LineString>
				<tessellate>1</tessellate>
				<altitudeMode>absolute</altitudeMode>
				<coordinates>
					137.351135,37.332333,10980.42 137.280136,37.306358,10980.42 
				</coordinates>
			</LineString>
		</MultiGeometry>
	</Placemark>
	<Placemark>
		<name>P-519</name>
		<visibility>0</visibility>
		<description><![CDATA[<div><div><span><b>Altitude:</b></span> <span>36,025 ft - 36,000 ft</span></div>
<div><span><b>Speed:</b></span> <span>394 kt - 399 kt</span></div>
<div><span><b>Timestamp:</b></span><br/><span>2024-07-09 09:57:28 UTC<br/>2024-07-09 09:57:58 UTC</span></div>
</div>]]></description>
		<Style>
			<LineStyle>
				<color>ff7800ff</color>
				<width>2</width>
			</LineStyle>
		</Style>
		<MultiGeometry>
			<LineString>
				<tessellate>1</tessellate>
				<altitudeMode>absolute</altitudeMode>
				<coordinates>
					137.280136,37.306358,10980.42 137.217194,37.283295,10972.8 
				</coordinates>
			</LineString>
		</MultiGeometry>
	</Placemark>
	<Placemark>
		<name>P-520</name>
		<visibility>0</visibility>
		<description><![CDATA[<div><div><span><b>Altitude:</b></span> <span>36,000 ft</span></div>
<div><span><b>Speed:</b></span> <span>399 kt - 401 kt</span></div>
<div><span><b>Timestamp:</b></span><br/><span>2024-07-09 09:57:58 UTC<br/>2024-07-09 09:58:31 UTC</span></div>
</div>]]></description>
		<Style>
			<LineStyle>
				<color>ff7800ff</color>
				<width>2</width>
			</LineStyle>
		</Style>
		<MultiGeometry>
			<LineString>
				<tessellate>1</tessellate>
				<altitudeMode>absolute</altitudeMode>
				<coordinates>
					137.217194,37.283295,10972.8 137.146652,37.257294,10972.8 
				</coordinates>
			</LineString>
		</MultiGeometry>
	</Placemark>
	<Placemark>
		<name>P-521</name>
		<visibility>0</visibility>
		<description><![CDATA[<div><div><span><b>Altitude:</b></span> <span>36,000 ft</span></div>
<div><span><b>Speed:</b></span> <span>401 kt - 400 kt</span></div>
<div><span><b>Timestamp:</b></span><br/><span>2024-07-09 09:58:31 UTC<br/>2024-07-09 09:59:06 UTC</span></div>
</div>]]></description>
		<Style>
			<LineStyle>
				<color>ff7800ff</color>
				<width>2</width>
			</LineStyle>
		</Style>
		<MultiGeometry>
			<LineString>
				<tessellate>1</tessellate>
				<altitudeMode>absolute</altitudeMode>
				<coordinates>
					137.146652,37.257294,10972.8 137.074493,37.230652,10972.8 
				</coordinates>
			</LineString>
		</MultiGeometry>
	</Placemark>
	<Placemark>
		<name>P-522</name>
		<visibility>0</visibility>
		<description><![CDATA[<div><div><span><b>Altitude:</b></span> <span>36,000 ft</span></div>
<div><span><b>Speed:</b></span> <span>400 kt - 401 kt</span></div>
<div><span><b>Timestamp:</b></span><br/><span>2024-07-09 09:59:06 UTC<br/>2024-07-09 09:59:36 UTC</span></div>
</div>]]></description>
		<Style>
			<LineStyle>
				<color>ff7800ff</color>
				<width>2</width>
			</LineStyle>
		</Style>
		<MultiGeometry>
			<LineString>
				<tessellate>1</tessellate>
				<altitudeMode>absolute</altitudeMode>
				<coordinates>
					137.074493,37.230652,10972.8 137.010498,37.207031,10972.8 
				</coordinates>
			</LineString>
		</MultiGeometry>
	</Placemark>
	<Placemark>
		<name>P-523</name>
		<visibility>0</visibility>
		<description><![CDATA[<div><div><span><b>Altitude:</b></span> <span>36,000 ft - 36,025 ft</span></div>
<div><span><b>Speed:</b></span> <span>401 kt - 402 kt</span></div>
<div><span><b>Timestamp:</b></span><br/><span>2024-07-09 09:59:36 UTC<br/>2024-07-09 10:00:10 UTC</span></div>
</div>]]></description>
		<Style>
			<LineStyle>
				<color>ff7800ff</color>
				<width>2</width>
			</LineStyle>
		</Style>
		<MultiGeometry>
			<LineString>
				<tessellate>1</tessellate>
				<altitudeMode>absolute</altitudeMode>
				<coordinates>
					137.010498,37.207031,10972.8 136.939682,37.180805,10980.42 
				</coordinates>
			</LineString>
		</MultiGeometry>
	</Placemark>
	<Placemark>
		<name>P-524</name>
		<visibility>0</visibility>
		<description><![CDATA[<div><div><span><b>Altitude:</b></span> <span>36,025 ft</span></div>
<div><span><b>Speed:</b></span> <span>402 kt</span></div>
<div><span><b>Timestamp:</b></span><br/><span>2024-07-09 10:00:10 UTC<br/>2024-07-09 10:00:40 UTC</span></div>
</div>]]></description>
		<Style>
			<LineStyle>
				<color>ff7800ff</color>
				<width>2</width>
			</LineStyle>
		</Style>
		<MultiGeometry>
			<LineString>
				<tessellate>1</tessellate>
				<altitudeMode>absolute</altitudeMode>
				<coordinates>
					136.939682,37.180805,10980.42 136.87442,37.156647,10980.42 
				</coordinates>
			</LineString>
		</MultiGeometry>
	</Placemark>
	<Placemark>
		<name>P-525</name>
		<visibility>0</visibility>
		<description><![CDATA[<div><div><span><b>Altitude:</b></span> <span>36,025 ft</span></div>
<div><span><b>Speed:</b></span> <span>402 kt - 403 kt</span></div>
<div><span><b>Timestamp:</b></span><br/><span>2024-07-09 10:00:40 UTC<br/>2024-07-09 10:01:19 UTC</span></div>
</div>]]></description>
		<Style>
			<LineStyle>
				<color>ff7800ff</color>
				<width>2</width>
			</LineStyle>
		</Style>
		<MultiGeometry>
			<LineString>
				<tessellate>1</tessellate>
				<altitudeMode>absolute</altitudeMode>
				<coordinates>
					136.87442,37.156647,10980.42 136.794983,37.127151,10980.42 
				</coordinates>
			</LineString>
		</MultiGeometry>
	</Placemark>
	<Placemark>
		<name>P-526</name>
		<visibility>0</visibility>
		<description><![CDATA[<div><div><span><b>Altitude:</b></span> <span>36,025 ft</span></div>
<div><span><b>Speed:</b></span> <span>403 kt - 404 kt</span></div>
<div><span><b>Timestamp:</b></span><br/><span>2024-07-09 10:01:19 UTC<br/>2024-07-09 10:01:50 UTC</span></div>
</div>]]></description>
		<Style>
			<LineStyle>
				<color>ff7800ff</color>
				<width>2</width>
			</LineStyle>
		</Style>
		<MultiGeometry>
			<LineString>
				<tessellate>1</tessellate>
				<altitudeMode>absolute</altitudeMode>
				<coordinates>
					136.794983,37.127151,10980.42 136.728134,37.10218,10980.42 
				</coordinates>
			</LineString>
		</MultiGeometry>
	</Placemark>
	<Placemark>
		<name>P-527</name>
		<visibility>0</visibility>
		<description><![CDATA[<div><div><span><b>Altitude:</b></span> <span>36,025 ft - 36,000 ft</span></div>
<div><span><b>Speed:</b></span> <span>404 kt</span></div>
<div><span><b>Timestamp:</b></span><br/><span>2024-07-09 10:01:50 UTC<br/>2024-07-09 10:02:22 UTC</span></div>
</div>]]></description>
		<Style>
			<LineStyle>
				<color>ff7800ff</color>
				<width>2</width>
			</LineStyle>
		</Style>
		<MultiGeometry>
			<LineString>
				<tessellate>1</tessellate>
				<altitudeMode>absolute</altitudeMode>
				<coordinates>
					136.728134,37.10218,10980.42 136.659348,37.076763,10972.8 
				</coordinates>
			</LineString>
		</MultiGeometry>
	</Placemark>
	<Placemark>
		<name>P-528</name>
		<visibility>0</visibility>
		<description><![CDATA[<div><div><span><b>Altitude:</b></span> <span>36,000 ft</span></div>
<div><span><b>Speed:</b></span> <span>404 kt</span></div>
<div><span><b>Timestamp:</b></span><br/><span>2024-07-09 10:02:22 UTC<br/>2024-07-09 10:02:54 UTC</span></div>
</div>]]></description>
		<Style>
			<LineStyle>
				<color>ff7800ff</color>
				<width>2</width>
			</LineStyle>
		</Style>
		<MultiGeometry>
			<LineString>
				<tessellate>1</tessellate>
				<altitudeMode>absolute</altitudeMode>
				<coordinates>
					136.659348,37.076763,10972.8 136.595001,37.052765,10972.8 
				</coordinates>
			</LineString>
		</MultiGeometry>
	</Placemark>
	<Placemark>
		<name>P-529</name>
		<visibility>0</visibility>
		<description><![CDATA[<div><div><span><b>Altitude:</b></span> <span>36,000 ft</span></div>
<div><span><b>Speed:</b></span> <span>404 kt - 405 kt</span></div>
<div><span><b>Timestamp:</b></span><br/><span>2024-07-09 10:02:54 UTC<br/>2024-07-09 10:03:24 UTC</span></div>
</div>]]></description>
		<Style>
			<LineStyle>
				<color>ff7800ff</color>
				<width>2</width>
			</LineStyle>
		</Style>
		<MultiGeometry>
			<LineString>
				<tessellate>1</tessellate>
				<altitudeMode>absolute</altitudeMode>
				<coordinates>
					136.595001,37.052765,10972.8 136.52832,37.027725,10972.8 
				</coordinates>
			</LineString>
		</MultiGeometry>
	</Placemark>
	<Placemark>
		<name>P-530</name>
		<visibility>0</visibility>
		<description><![CDATA[<div><div><span><b>Altitude:</b></span> <span>36,000 ft</span></div>
<div><span><b>Speed:</b></span> <span>405 kt</span></div>
<div><span><b>Timestamp:</b></span><br/><span>2024-07-09 10:03:24 UTC<br/>2024-07-09 10:03:55 UTC</span></div>
</div>]]></description>
		<Style>
			<LineStyle>
				<color>ff7800ff</color>
				<width>2</width>
			</LineStyle>
		</Style>
		<MultiGeometry>
			<LineString>
				<tessellate>1</tessellate>
				<altitudeMode>absolute</altitudeMode>
				<coordinates>
					136.52832,37.027725,10972.8 136.463806,37.00351,10972.8 
				</coordinates>
			</LineString>
		</MultiGeometry>
	</Placemark>
	<Placemark>
		<name>P-531</name>
		<visibility>0</visibility>
		<description><![CDATA[<div><div><span><b>Altitude:</b></span> <span>36,000 ft</span></div>
<div><span><b>Speed:</b></span> <span>405 kt</span></div>
<div><span><b>Timestamp:</b></span><br/><span>2024-07-09 10:03:55 UTC<br/>2024-07-09 10:04:26 UTC</span></div>
</div>]]></description>
		<Style>
			<LineStyle>
				<color>ff7800ff</color>
				<width>2</width>
			</LineStyle>
		</Style>
		<MultiGeometry>
			<LineString>
				<tessellate>1</tessellate>
				<altitudeMode>absolute</altitudeMode>
				<coordinates>
					136.463806,37.00351,10972.8 136.397049,36.978443,10972.8 
				</coordinates>
			</LineString>
		</MultiGeometry>
	</Placemark>
	<Placemark>
		<name>P-532</name>
		<visibility>0</visibility>
		<description><![CDATA[<div><div><span><b>Altitude:</b></span> <span>36,000 ft</span></div>
<div><span><b>Speed:</b></span> <span>405 kt - 407 kt</span></div>
<div><span><b>Timestamp:</b></span><br/><span>2024-07-09 10:04:26 UTC<br/>2024-07-09 10:04:58 UTC</span></div>
</div>]]></description>
		<Style>
			<LineStyle>
				<color>ff7800ff</color>
				<width>2</width>
			</LineStyle>
		</Style>
		<MultiGeometry>
			<LineString>
				<tessellate>1</tessellate>
				<altitudeMode>absolute</altitudeMode>
				<coordinates>
					136.397049,36.978443,10972.8 136.329407,36.952881,10972.8 
				</coordinates>
			</LineString>
		</MultiGeometry>
	</Placemark>
	<Placemark>
		<name>P-533</name>
		<visibility>0</visibility>
		<description><![CDATA[<div><div><span><b>Altitude:</b></span> <span>36,000 ft</span></div>
<div><span><b>Speed:</b></span> <span>407 kt</span></div>
<div><span><b>Timestamp:</b></span><br/><span>2024-07-09 10:04:58 UTC<br/>2024-07-09 10:05:28 UTC</span></div>
</div>]]></description>
		<Style>
			<LineStyle>
				<color>ff7800ff</color>
				<width>2</width>
			</LineStyle>
		</Style>
		<MultiGeometry>
			<LineString>
				<tessellate>1</tessellate>
				<altitudeMode>absolute</altitudeMode>
				<coordinates>
					136.329407,36.952881,10972.8 136.264252,36.927933,10972.8 
				</coordinates>
			</LineString>
		</MultiGeometry>
	</Placemark>
	<Placemark>
		<name>P-534</name>
		<visibility>0</visibility>
		<description><![CDATA[<div><div><span><b>Altitude:</b></span> <span>36,000 ft</span></div>
<div><span><b>Speed:</b></span> <span>407 kt - 408 kt</span></div>
<div><span><b>Timestamp:</b></span><br/><span>2024-07-09 10:05:28 UTC<br/>2024-07-09 10:06:00 UTC</span></div>
</div>]]></description>
		<Style>
			<LineStyle>
				<color>ff7800ff</color>
				<width>2</width>
			</LineStyle>
		</Style>
		<MultiGeometry>
			<LineString>
				<tessellate>1</tessellate>
				<altitudeMode>absolute</altitudeMode>
				<coordinates>
					136.264252,36.927933,10972.8 136.198212,36.902893,10972.8 
				</coordinates>
			</LineString>
		</MultiGeometry>
	</Placemark>
	<Placemark>
		<name>P-535</name>
		<visibility>0</visibility>
		<description><![CDATA[<div><div><span><b>Altitude:</b></span> <span>36,000 ft</span></div>
<div><span><b>Speed:</b></span> <span>408 kt</span></div>
<div><span><b>Timestamp:</b></span><br/><span>2024-07-09 10:06:00 UTC<br/>2024-07-09 10:06:30 UTC</span></div>
</div>]]></description>
		<Style>
			<LineStyle>
				<color>ff7800ff</color>
				<width>2</width>
			</LineStyle>
		</Style>
		<MultiGeometry>
			<LineString>
				<tessellate>1</tessellate>
				<altitudeMode>absolute</altitudeMode>
				<coordinates>
					136.198212,36.902893,10972.8 136.132843,36.878265,10972.8 
				</coordinates>
			</LineString>
		</MultiGeometry>
	</Placemark>
	<Placemark>
		<name>P-536</name>
		<visibility>0</visibility>
		<description><![CDATA[<div><div><span><b>Altitude:</b></span> <span>36,000 ft</span></div>
<div><span><b>Speed:</b></span> <span>408 kt - 409 kt</span></div>
<div><span><b>Timestamp:</b></span><br/><span>2024-07-09 10:06:30 UTC<br/>2024-07-09 10:07:01 UTC</span></div>
</div>]]></description>
		<Style>
			<LineStyle>
				<color>ff7800ff</color>
				<width>2</width>
			</LineStyle>
		</Style>
		<MultiGeometry>
			<LineString>
				<tessellate>1</tessellate>
				<altitudeMode>absolute</altitudeMode>
				<coordinates>
					136.132843,36.878265,10972.8 136.066666,36.85318,10972.8 
				</coordinates>
			</LineString>
		</MultiGeometry>
	</Placemark>
	<Placemark>
		<name>P-537</name>
		<visibility>0</visibility>
		<description><![CDATA[<div><div><span><b>Altitude:</b></span> <span>36,000 ft - 36,025 ft</span></div>
<div><span><b>Speed:</b></span> <span>409 kt - 407 kt</span></div>
<div><span><b>Timestamp:</b></span><br/><span>2024-07-09 10:07:01 UTC<br/>2024-07-09 10:07:33 UTC</span></div>
</div>]]></description>
		<Style>
			<LineStyle>
				<color>ff7800ff</color>
				<width>2</width>
			</LineStyle>
		</Style>
		<MultiGeometry>
			<LineString>
				<tessellate>1</tessellate>
				<altitudeMode>absolute</altitudeMode>
				<coordinates>
					136.066666,36.85318,10972.8 136.000275,36.827942,10980.42 
				</coordinates>
			</LineString>
		</MultiGeometry>
	</Placemark>
	<Placemark>
		<name>P-538</name>
		<visibility>0</visibility>
		<description><![CDATA[<div><div><span><b>Altitude:</b></span> <span>36,025 ft</span></div>
<div><span><b>Speed:</b></span> <span>407 kt</span></div>
<div><span><b>Timestamp:</b></span><br/><span>2024-07-09 10:07:33 UTC<br/>2024-07-09 10:08:04 UTC</span></div>
</div>]]></description>
		<Style>
			<LineStyle>
				<color>ff7800ff</color>
				<width>2</width>
			</LineStyle>
		</Style>
		<MultiGeometry>
			<LineString>
				<tessellate>1</tessellate>
				<altitudeMode>absolute</altitudeMode>
				<coordinates>
					136.000275,36.827942,10980.42 135.934662,36.802849,10980.42 
				</coordinates>
			</LineString>
		</MultiGeometry>
	</Placemark>
	<Placemark>
		<name>P-539</name>
		<visibility>0</visibility>
		<description><![CDATA[<div><div><span><b>Altitude:</b></span> <span>36,025 ft</span></div>
<div><span><b>Speed:</b></span> <span>407 kt - 404 kt</span></div>
<div><span><b>Timestamp:</b></span><br/><span>2024-07-09 10:08:04 UTC<br/>2024-07-09 10:08:35 UTC</span></div>
</div>]]></description>
		<Style>
			<LineStyle>
				<color>ff7800ff</color>
				<width>2</width>
			</LineStyle>
		</Style>
		<MultiGeometry>
			<LineString>
				<tessellate>1</tessellate>
				<altitudeMode>absolute</altitudeMode>
				<coordinates>
					135.934662,36.802849,10980.42 135.869873,36.777969,10980.42 
				</coordinates>
			</LineString>
		</MultiGeometry>
	</Placemark>
	<Placemark>
		<name>P-540</name>
		<visibility>0</visibility>
		<description><![CDATA[<div><div><span><b>Altitude:</b></span> <span>36,025 ft - 36,000 ft</span></div>
<div><span><b>Speed:</b></span> <span>404 kt - 403 kt</span></div>
<div><span><b>Timestamp:</b></span><br/><span>2024-07-09 10:08:35 UTC<br/>2024-07-09 10:09:05 UTC</span></div>
</div>]]></description>
		<Style>
			<LineStyle>
				<color>ff7800ff</color>
				<width>2</width>
			</LineStyle>
		</Style>
		<MultiGeometry>
			<LineString>
				<tessellate>1</tessellate>
				<altitudeMode>absolute</altitudeMode>
				<coordinates>
					135.869873,36.777969,10980.42 135.804871,36.753113,10972.8 
				</coordinates>
			</LineString>
		</MultiGeometry>
	</Placemark>
	<Placemark>
		<name>P-541</name>
		<visibility>0</visibility>
		<description><![CDATA[<div><div><span><b>Altitude:</b></span> <span>36,000 ft - 35,975 ft</span></div>
<div><span><b>Speed:</b></span> <span>403 kt - 404 kt</span></div>
<div><span><b>Timestamp:</b></span><br/><span>2024-07-09 10:09:05 UTC<br/>2024-07-09 10:09:36 UTC</span></div>
</div>]]></description>
		<Style>
			<LineStyle>
				<color>ff7800ff</color>
				<width>2</width>
			</LineStyle>
		</Style>
		<MultiGeometry>
			<LineString>
				<tessellate>1</tessellate>
				<altitudeMode>absolute</altitudeMode>
				<coordinates>
					135.804871,36.753113,10972.8 135.740143,36.728302,10965.18 
				</coordinates>
			</LineString>
		</MultiGeometry>
	</Placemark>
	<Placemark>
		<name>P-542</name>
		<visibility>0</visibility>
		<description><![CDATA[<div><div><span><b>Altitude:</b></span> <span>35,975 ft</span></div>
<div><span><b>Speed:</b></span> <span>404 kt - 403 kt</span></div>
<div><span><b>Timestamp:</b></span><br/><span>2024-07-09 10:09:36 UTC<br/>2024-07-09 10:10:08 UTC</span></div>
</div>]]></description>
		<Style>
			<LineStyle>
				<color>ff7800ff</color>
				<width>2</width>
			</LineStyle>
		</Style>
		<MultiGeometry>
			<LineString>
				<tessellate>1</tessellate>
				<altitudeMode>absolute</altitudeMode>
				<coordinates>
					135.740143,36.728302,10965.18 135.673996,36.70285,10965.18 
				</coordinates>
			</LineString>
		</MultiGeometry>
	</Placemark>
	<Placemark>
		<name>P-543</name>
		<visibility>0</visibility>
		<description><![CDATA[<div><div><span><b>Altitude:</b></span> <span>35,975 ft</span></div>
<div><span><b>Speed:</b></span> <span>403 kt - 404 kt</span></div>
<div><span><b>Timestamp:</b></span><br/><span>2024-07-09 10:10:08 UTC<br/>2024-07-09 10:10:41 UTC</span></div>
</div>]]></description>
		<Style>
			<LineStyle>
				<color>ff7800ff</color>
				<width>2</width>
			</LineStyle>
		</Style>
		<MultiGeometry>
			<LineString>
				<tessellate>1</tessellate>
				<altitudeMode>absolute</altitudeMode>
				<coordinates>
					135.673996,36.70285,10965.18 135.603897,36.675762,10965.18 
				</coordinates>
			</LineString>
		</MultiGeometry>
	</Placemark>
	<Placemark>
		<name>P-544</name>
		<visibility>0</visibility>
		<description><![CDATA[<div><div><span><b>Altitude:</b></span> <span>35,975 ft</span></div>
<div><span><b>Speed:</b></span> <span>404 kt</span></div>
<div><span><b>Timestamp:</b></span><br/><span>2024-07-09 10:10:41 UTC<br/>2024-07-09 10:11:12 UTC</span></div>
</div>]]></description>
		<Style>
			<LineStyle>
				<color>ff7800ff</color>
				<width>2</width>
			</LineStyle>
		</Style>
		<MultiGeometry>
			<LineString>
				<tessellate>1</tessellate>
				<altitudeMode>absolute</altitudeMode>
				<coordinates>
					135.603897,36.675762,10965.18 135.539093,36.650578,10965.18 
				</coordinates>
			</LineString>
		</MultiGeometry>
	</Placemark>
	<Placemark>
		<name>P-545</name>
		<visibility>0</visibility>
		<description><![CDATA[<div><div><span><b>Altitude:</b></span> <span>35,975 ft - 36,000 ft</span></div>
<div><span><b>Speed:</b></span> <span>404 kt</span></div>
<div><span><b>Timestamp:</b></span><br/><span>2024-07-09 10:11:12 UTC<br/>2024-07-09 10:11:44 UTC</span></div>
</div>]]></description>
		<Style>
			<LineStyle>
				<color>ff7800ff</color>
				<width>2</width>
			</LineStyle>
		</Style>
		<MultiGeometry>
			<LineString>
				<tessellate>1</tessellate>
				<altitudeMode>absolute</altitudeMode>
				<coordinates>
					135.539093,36.650578,10965.18 135.473389,36.625168,10972.8 
				</coordinates>
			</LineString>
		</MultiGeometry>
	</Placemark>
	<Placemark>
		<name>P-546</name>
		<visibility>0</visibility>
		<description><![CDATA[<div><div><span><b>Altitude:</b></span> <span>36,000 ft</span></div>
<div><span><b>Speed:</b></span> <span>404 kt - 405 kt</span></div>
<div><span><b>Timestamp:</b></span><br/><span>2024-07-09 10:11:44 UTC<br/>2024-07-09 10:12:14 UTC</span></div>
</div>]]></description>
		<Style>
			<LineStyle>
				<color>ff7800ff</color>
				<width>2</width>
			</LineStyle>
		</Style>
		<MultiGeometry>
			<LineString>
				<tessellate>1</tessellate>
				<altitudeMode>absolute</altitudeMode>
				<coordinates>
					135.473389,36.625168,10972.8 135.409073,36.600266,10972.8 
				</coordinates>
			</LineString>
		</MultiGeometry>
	</Placemark>
	<Placemark>
		<name>P-547</name>
		<visibility>0</visibility>
		<description><![CDATA[<div><div><span><b>Altitude:</b></span> <span>36,000 ft</span></div>
<div><span><b>Speed:</b></span> <span>405 kt - 406 kt</span></div>
<div><span><b>Timestamp:</b></span><br/><span>2024-07-09 10:12:14 UTC<br/>2024-07-09 10:12:46 UTC</span></div>
</div>]]></description>
		<Style>
			<LineStyle>
				<color>ff7800ff</color>
				<width>2</width>
			</LineStyle>
		</Style>
		<MultiGeometry>
			<LineString>
				<tessellate>1</tessellate>
				<altitudeMode>absolute</altitudeMode>
				<coordinates>
					135.409073,36.600266,10972.8 135.343445,36.574604,10972.8 
				</coordinates>
			</LineString>
		</MultiGeometry>
	</Placemark>
	<Placemark>
		<name>P-548</name>
		<visibility>0</visibility>
		<description><![CDATA[<div><div><span><b>Altitude:</b></span> <span>36,000 ft</span></div>
<div><span><b>Speed:</b></span> <span>406 kt</span></div>
<div><span><b>Timestamp:</b></span><br/><span>2024-07-09 10:12:46 UTC<br/>2024-07-09 10:13:17 UTC</span></div>
</div>]]></description>
		<Style>
			<LineStyle>
				<color>ff7800ff</color>
				<width>2</width>
			</LineStyle>
		</Style>
		<MultiGeometry>
			<LineString>
				<tessellate>1</tessellate>
				<altitudeMode>absolute</altitudeMode>
				<coordinates>
					135.343445,36.574604,10972.8 135.278488,36.549042,10972.8 
				</coordinates>
			</LineString>
		</MultiGeometry>
	</Placemark>
	<Placemark>
		<name>P-549</name>
		<visibility>0</visibility>
		<description><![CDATA[<div><div><span><b>Altitude:</b></span> <span>36,000 ft</span></div>
<div><span><b>Speed:</b></span> <span>406 kt - 407 kt</span></div>
<div><span><b>Timestamp:</b></span><br/><span>2024-07-09 10:13:17 UTC<br/>2024-07-09 10:13:48 UTC</span></div>
</div>]]></description>
		<Style>
			<LineStyle>
				<color>ff7800ff</color>
				<width>2</width>
			</LineStyle>
		</Style>
		<MultiGeometry>
			<LineString>
				<tessellate>1</tessellate>
				<altitudeMode>absolute</altitudeMode>
				<coordinates>
					135.278488,36.549042,10972.8 135.213303,36.523628,10972.8 
				</coordinates>
			</LineString>
		</MultiGeometry>
	</Placemark>
	<Placemark>
		<name>P-550</name>
		<visibility>0</visibility>
		<description><![CDATA[<div><div><span><b>Altitude:</b></span> <span>36,000 ft - 35,975 ft</span></div>
<div><span><b>Speed:</b></span> <span>407 kt - 408 kt</span></div>
<div><span><b>Timestamp:</b></span><br/><span>2024-07-09 10:13:48 UTC<br/>2024-07-09 10:14:21 UTC</span></div>
</div>]]></description>
		<Style>
			<LineStyle>
				<color>ff7800ff</color>
				<width>2</width>
			</LineStyle>
		</Style>
		<MultiGeometry>
			<LineString>
				<tessellate>1</tessellate>
				<altitudeMode>absolute</altitudeMode>
				<coordinates>
					135.213303,36.523628,10972.8 135.142303,36.495941,10965.18 
				</coordinates>
			</LineString>
		</MultiGeometry>
	</Placemark>
	<Placemark>
		<name>P-551</name>
		<visibility>0</visibility>
		<description><![CDATA[<div><div><span><b>Altitude:</b></span> <span>35,975 ft - 36,000 ft</span></div>
<div><span><b>Speed:</b></span> <span>408 kt - 410 kt</span></div>
<div><span><b>Timestamp:</b></span><br/><span>2024-07-09 10:14:21 UTC<br/>2024-07-09 10:14:56 UTC</span></div>
</div>]]></description>
		<Style>
			<LineStyle>
				<color>ff7800ff</color>
				<width>2</width>
			</LineStyle>
		</Style>
		<MultiGeometry>
			<LineString>
				<tessellate>1</tessellate>
				<altitudeMode>absolute</altitudeMode>
				<coordinates>
					135.142303,36.495941,10965.18 135.069244,36.467194,10972.8 
				</coordinates>
			</LineString>
		</MultiGeometry>
	</Placemark>
	<Placemark>
		<name>P-552</name>
		<visibility>0</visibility>
		<description><![CDATA[<div><div><span><b>Altitude:</b></span> <span>36,000 ft - 36,025 ft</span></div>
<div><span><b>Speed:</b></span> <span>410 kt</span></div>
<div><span><b>Timestamp:</b></span><br/><span>2024-07-09 10:14:56 UTC<br/>2024-07-09 10:15:27 UTC</span></div>
</div>]]></description>
		<Style>
			<LineStyle>
				<color>ff7800ff</color>
				<width>2</width>
			</LineStyle>
		</Style>
		<MultiGeometry>
			<LineString>
				<tessellate>1</tessellate>
				<altitudeMode>absolute</altitudeMode>
				<coordinates>
					135.069244,36.467194,10972.8 135.003265,36.441326,10980.42 
				</coordinates>
			</LineString>
		</MultiGeometry>
	</Placemark>
	<Placemark>
		<name>P-553</name>
		<visibility>0</visibility>
		<description><![CDATA[<div><div><span><b>Altitude:</b></span> <span>36,025 ft</span></div>
<div><span><b>Speed:</b></span> <span>410 kt - 409 kt</span></div>
<div><span><b>Timestamp:</b></span><br/><span>2024-07-09 10:15:27 UTC<br/>2024-07-09 10:15:59 UTC</span></div>
</div>]]></description>
		<Style>
			<LineStyle>
				<color>ff7800ff</color>
				<width>2</width>
			</LineStyle>
		</Style>
		<MultiGeometry>
			<LineString>
				<tessellate>1</tessellate>
				<altitudeMode>absolute</altitudeMode>
				<coordinates>
					135.003265,36.441326,10980.42 134.937469,36.41544,10980.42 
				</coordinates>
			</LineString>
		</MultiGeometry>
	</Placemark>
	<Placemark>
		<name>P-554</name>
		<visibility>0</visibility>
		<description><![CDATA[<div><div><span><b>Altitude:</b></span> <span>36,025 ft</span></div>
<div><span><b>Speed:</b></span> <span>409 kt - 408 kt</span></div>
<div><span><b>Timestamp:</b></span><br/><span>2024-07-09 10:15:59 UTC<br/>2024-07-09 10:16:30 UTC</span></div>
</div>]]></description>
		<Style>
			<LineStyle>
				<color>ff7800ff</color>
				<width>2</width>
			</LineStyle>
		</Style>
		<MultiGeometry>
			<LineString>
				<tessellate>1</tessellate>
				<altitudeMode>absolute</altitudeMode>
				<coordinates>
					134.937469,36.41544,10980.42 134.872192,36.389652,10980.42 
				</coordinates>
			</LineString>
		</MultiGeometry>
	</Placemark>
	<Placemark>
		<name>P-555</name>
		<visibility>0</visibility>
		<description><![CDATA[<div><div><span><b>Altitude:</b></span> <span>36,025 ft - 36,000 ft</span></div>
<div><span><b>Speed:</b></span> <span>408 kt - 409 kt</span></div>
<div><span><b>Timestamp:</b></span><br/><span>2024-07-09 10:16:30 UTC<br/>2024-07-09 10:17:01 UTC</span></div>
</div>]]></description>
		<Style>
			<LineStyle>
				<color>ff7800ff</color>
				<width>2</width>
			</LineStyle>
		</Style>
		<MultiGeometry>
			<LineString>
				<tessellate>1</tessellate>
				<altitudeMode>absolute</altitudeMode>
				<coordinates>
					134.872192,36.389652,10980.42 134.806046,36.363491,10972.8 
				</coordinates>
			</LineString>
		</MultiGeometry>
	</Placemark>
	<Placemark>
		<name>P-556</name>
		<visibility>0</visibility>
		<description><![CDATA[<div><div><span><b>Altitude:</b></span> <span>36,000 ft</span></div>
<div><span><b>Speed:</b></span> <span>409 kt</span></div>
<div><span><b>Timestamp:</b></span><br/><span>2024-07-09 10:17:01 UTC<br/>2024-07-09 10:17:32 UTC</span></div>
</div>]]></description>
		<Style>
			<LineStyle>
				<color>ff7800ff</color>
				<width>2</width>
			</LineStyle>
		</Style>
		<MultiGeometry>
			<LineString>
				<tessellate>1</tessellate>
				<altitudeMode>absolute</altitudeMode>
				<coordinates>
					134.806046,36.363491,10972.8 134.741241,36.337875,10972.8 
				</coordinates>
			</LineString>
		</MultiGeometry>
	</Placemark>
	<Placemark>
		<name>P-557</name>
		<visibility>0</visibility>
		<description><![CDATA[<div><div><span><b>Altitude:</b></span> <span>36,000 ft - 35,975 ft</span></div>
<div><span><b>Speed:</b></span> <span>409 kt</span></div>
<div><span><b>Timestamp:</b></span><br/><span>2024-07-09 10:17:32 UTC<br/>2024-07-09 10:18:03 UTC</span></div>
</div>]]></description>
		<Style>
			<LineStyle>
				<color>ff7800ff</color>
				<width>2</width>
			</LineStyle>
		</Style>
		<MultiGeometry>
			<LineString>
				<tessellate>1</tessellate>
				<altitudeMode>absolute</altitudeMode>
				<coordinates>
					134.741241,36.337875,10972.8 134.675079,36.311489,10965.18 
				</coordinates>
			</LineString>
		</MultiGeometry>
	</Placemark>
	<Placemark>
		<name>P-558</name>
		<visibility>0</visibility>
		<description><![CDATA[<div><div><span><b>Altitude:</b></span> <span>35,975 ft - 36,000 ft</span></div>
<div><span><b>Speed:</b></span> <span>409 kt - 410 kt</span></div>
<div><span><b>Timestamp:</b></span><br/><span>2024-07-09 10:18:03 UTC<br/>2024-07-09 10:18:36 UTC</span></div>
</div>]]></description>
		<Style>
			<LineStyle>
				<color>ff7800ff</color>
				<width>2</width>
			</LineStyle>
		</Style>
		<MultiGeometry>
			<LineString>
				<tessellate>1</tessellate>
				<altitudeMode>absolute</altitudeMode>
				<coordinates>
					134.675079,36.311489,10965.18 134.607529,36.284584,10972.8 
				</coordinates>
			</LineString>
		</MultiGeometry>
	</Placemark>
	<Placemark>
		<name>P-559</name>
		<visibility>0</visibility>
		<description><![CDATA[<div><div><span><b>Altitude:</b></span> <span>36,000 ft - 35,975 ft</span></div>
<div><span><b>Speed:</b></span> <span>410 kt - 411 kt</span></div>
<div><span><b>Timestamp:</b></span><br/><span>2024-07-09 10:18:36 UTC<br/>2024-07-09 10:19:09 UTC</span></div>
</div>]]></description>
		<Style>
			<LineStyle>
				<color>ff7800ff</color>
				<width>2</width>
			</LineStyle>
		</Style>
		<MultiGeometry>
			<LineString>
				<tessellate>1</tessellate>
				<altitudeMode>absolute</altitudeMode>
				<coordinates>
					134.607529,36.284584,10972.8 134.535187,36.258652,10965.18 
				</coordinates>
			</LineString>
		</MultiGeometry>
	</Placemark>
	<Placemark>
		<name>P-560</name>
		<visibility>0</visibility>
		<description><![CDATA[<div><div><span><b>Altitude:</b></span> <span>35,975 ft - 36,000 ft</span></div>
<div><span><b>Speed:</b></span> <span>411 kt - 412 kt</span></div>
<div><span><b>Timestamp:</b></span><br/><span>2024-07-09 10:19:09 UTC<br/>2024-07-09 10:19:39 UTC</span></div>
</div>]]></description>
		<Style>
			<LineStyle>
				<color>ff7800ff</color>
				<width>2</width>
			</LineStyle>
		</Style>
		<MultiGeometry>
			<LineString>
				<tessellate>1</tessellate>
				<altitudeMode>absolute</altitudeMode>
				<coordinates>
					134.535187,36.258652,10965.18 134.468384,36.242592,10972.8 
				</coordinates>
			</LineString>
		</MultiGeometry>
	</Placemark>
	<Placemark>
		<name>P-561</name>
		<visibility>0</visibility>
		<description><![CDATA[<div><div><span><b>Altitude:</b></span> <span>36,000 ft</span></div>
<div><span><b>Speed:</b></span> <span>412 kt - 414 kt</span></div>
<div><span><b>Timestamp:</b></span><br/><span>2024-07-09 10:19:39 UTC<br/>2024-07-09 10:20:13 UTC</span></div>
</div>]]></description>
		<Style>
			<LineStyle>
				<color>ff7800ff</color>
				<width>2</width>
			</LineStyle>
		</Style>
		<MultiGeometry>
			<LineString>
				<tessellate>1</tessellate>
				<altitudeMode>absolute</altitudeMode>
				<coordinates>
					134.468384,36.242592,10972.8 134.39032,36.232212,10972.8 
				</coordinates>
			</LineString>
		</MultiGeometry>
	</Placemark>
	<Placemark>
		<name>P-562</name>
		<visibility>0</visibility>
		<description><![CDATA[<div><div><span><b>Altitude:</b></span> <span>36,000 ft - 36,025 ft</span></div>
<div><span><b>Speed:</b></span> <span>414 kt</span></div>
<div><span><b>Timestamp:</b></span><br/><span>2024-07-09 10:20:13 UTC<br/>2024-07-09 10:20:44 UTC</span></div>
</div>]]></description>
		<Style>
			<LineStyle>
				<color>ff7800ff</color>
				<width>2</width>
			</LineStyle>
		</Style>
		<MultiGeometry>
			<LineString>
				<tessellate>1</tessellate>
				<altitudeMode>absolute</altitudeMode>
				<coordinates>
					134.39032,36.232212,10972.8 134.317474,36.225403,10980.42 
				</coordinates>
			</LineString>
		</MultiGeometry>
	</Placemark>
	<Placemark>
		<name>P-563</name>
		<visibility>0</visibility>
		<description><![CDATA[<div><div><span><b>Altitude:</b></span> <span>36,025 ft - 36,000 ft</span></div>
<div><span><b>Speed:</b></span> <span>414 kt</span></div>
<div><span><b>Timestamp:</b></span><br/><span>2024-07-09 10:20:44 UTC<br/>2024-07-09 10:21:16 UTC</span></div>
</div>]]></description>
		<Style>
			<LineStyle>
				<color>ff7800ff</color>
				<width>2</width>
			</LineStyle>
		</Style>
		<MultiGeometry>
			<LineString>
				<tessellate>1</tessellate>
				<altitudeMode>absolute</altitudeMode>
				<coordinates>
					134.317474,36.225403,10980.42 134.242111,36.217922,10972.8 
				</coordinates>
			</LineString>
		</MultiGeometry>
	</Placemark>
	<Placemark>
		<name>P-564</name>
		<visibility>0</visibility>
		<description><![CDATA[<div><div><span><b>Altitude:</b></span> <span>36,000 ft</span></div>
<div><span><b>Speed:</b></span> <span>414 kt</span></div>
<div><span><b>Timestamp:</b></span><br/><span>2024-07-09 10:21:16 UTC<br/>2024-07-09 10:21:47 UTC</span></div>
</div>]]></description>
		<Style>
			<LineStyle>
				<color>ff7800ff</color>
				<width>2</width>
			</LineStyle>
		</Style>
		<MultiGeometry>
			<LineString>
				<tessellate>1</tessellate>
				<altitudeMode>absolute</altitudeMode>
				<coordinates>
					134.242111,36.217922,10972.8 134.169006,36.210846,10972.8 
				</coordinates>
			</LineString>
		</MultiGeometry>
	</Placemark>
	<Placemark>
		<name>P-565</name>
		<visibility>0</visibility>
		<description><![CDATA[<div><div><span><b>Altitude:</b></span> <span>36,000 ft</span></div>
<div><span><b>Speed:</b></span> <span>414 kt - 413 kt</span></div>
<div><span><b>Timestamp:</b></span><br/><span>2024-07-09 10:21:47 UTC<br/>2024-07-09 10:22:17 UTC</span></div>
</div>]]></description>
		<Style>
			<LineStyle>
				<color>ff7800ff</color>
				<width>2</width>
			</LineStyle>
		</Style>
		<MultiGeometry>
			<LineString>
				<tessellate>1</tessellate>
				<altitudeMode>absolute</altitudeMode>
				<coordinates>
					134.169006,36.210846,10972.8 134.098999,36.204002,10972.8 
				</coordinates>
			</LineString>
		</MultiGeometry>
	</Placemark>
	<Placemark>
		<name>P-566</name>
		<visibility>0</visibility>
		<description><![CDATA[<div><div><span><b>Altitude:</b></span> <span>36,000 ft</span></div>
<div><span><b>Speed:</b></span> <span>413 kt - 412 kt</span></div>
<div><span><b>Timestamp:</b></span><br/><span>2024-07-09 10:22:17 UTC<br/>2024-07-09 10:22:50 UTC</span></div>
</div>]]></description>
		<Style>
			<LineStyle>
				<color>ff7800ff</color>
				<width>2</width>
			</LineStyle>
		</Style>
		<MultiGeometry>
			<LineString>
				<tessellate>1</tessellate>
				<altitudeMode>absolute</altitudeMode>
				<coordinates>
					134.098999,36.204002,10972.8 134.019821,36.196274,10972.8 
				</coordinates>
			</LineString>
		</MultiGeometry>
	</Placemark>
	<Placemark>
		<name>P-567</name>
		<visibility>0</visibility>
		<description><![CDATA[<div><div><span><b>Altitude:</b></span> <span>36,000 ft</span></div>
<div><span><b>Speed:</b></span> <span>412 kt</span></div>
<div><span><b>Timestamp:</b></span><br/><span>2024-07-09 10:22:50 UTC<br/>2024-07-09 10:23:24 UTC</span></div>
</div>]]></description>
		<Style>
			<LineStyle>
				<color>ff7800ff</color>
				<width>2</width>
			</LineStyle>
		</Style>
		<MultiGeometry>
			<LineString>
				<tessellate>1</tessellate>
				<altitudeMode>absolute</altitudeMode>
				<coordinates>
					134.019821,36.196274,10972.8 133.94194,36.188553,10972.8 
				</coordinates>
			</LineString>
		</MultiGeometry>
	</Placemark>
	<Placemark>
		<name>P-568</name>
		<visibility>0</visibility>
		<description><![CDATA[<div><div><span><b>Altitude:</b></span> <span>36,000 ft</span></div>
<div><span><b>Speed:</b></span> <span>412 kt - 411 kt</span></div>
<div><span><b>Timestamp:</b></span><br/><span>2024-07-09 10:23:24 UTC<br/>2024-07-09 10:23:57 UTC</span></div>
</div>]]></description>
		<Style>
			<LineStyle>
				<color>ff7800ff</color>
				<width>2</width>
			</LineStyle>
		</Style>
		<MultiGeometry>
			<LineString>
				<tessellate>1</tessellate>
				<altitudeMode>absolute</altitudeMode>
				<coordinates>
					133.94194,36.188553,10972.8 133.864899,36.180817,10972.8 
				</coordinates>
			</LineString>
		</MultiGeometry>
	</Placemark>
	<Placemark>
		<name>P-569</name>
		<visibility>0</visibility>
		<description><![CDATA[<div><div><span><b>Altitude:</b></span> <span>36,000 ft</span></div>
<div><span><b>Speed:</b></span> <span>411 kt - 410 kt</span></div>
<div><span><b>Timestamp:</b></span><br/><span>2024-07-09 10:23:57 UTC<br/>2024-07-09 10:24:29 UTC</span></div>
</div>]]></description>
		<Style>
			<LineStyle>
				<color>ff7800ff</color>
				<width>2</width>
			</LineStyle>
		</Style>
		<MultiGeometry>
			<LineString>
				<tessellate>1</tessellate>
				<altitudeMode>absolute</altitudeMode>
				<coordinates>
					133.864899,36.180817,10972.8 133.790131,36.173264,10972.8 
				</coordinates>
			</LineString>
		</MultiGeometry>
	</Placemark>
	<Placemark>
		<name>P-570</name>
		<visibility>0</visibility>
		<description><![CDATA[<div><div><span><b>Altitude:</b></span> <span>36,000 ft</span></div>
<div><span><b>Speed:</b></span> <span>410 kt</span></div>
<div><span><b>Timestamp:</b></span><br/><span>2024-07-09 10:24:29 UTC<br/>2024-07-09 10:25:02 UTC</span></div>
</div>]]></description>
		<Style>
			<LineStyle>
				<color>ff7800ff</color>
				<width>2</width>
			</LineStyle>
		</Style>
		<MultiGeometry>
			<LineString>
				<tessellate>1</tessellate>
				<altitudeMode>absolute</altitudeMode>
				<coordinates>
					133.790131,36.173264,10972.8 133.714264,36.165665,10972.8 
				</coordinates>
			</LineString>
		</MultiGeometry>
	</Placemark>
	<Placemark>
		<name>P-571</name>
		<visibility>0</visibility>
		<description><![CDATA[<div><div><span><b>Altitude:</b></span> <span>36,000 ft</span></div>
<div><span><b>Speed:</b></span> <span>410 kt</span></div>
<div><span><b>Timestamp:</b></span><br/><span>2024-07-09 10:25:02 UTC<br/>2024-07-09 10:25:35 UTC</span></div>
</div>]]></description>
		<Style>
			<LineStyle>
				<color>ff7800ff</color>
				<width>2</width>
			</LineStyle>
		</Style>
		<MultiGeometry>
			<LineString>
				<tessellate>1</tessellate>
				<altitudeMode>absolute</altitudeMode>
				<coordinates>
					133.714264,36.165665,10972.8 133.636093,36.1577,10972.8 
				</coordinates>
			</LineString>
		</MultiGeometry>
	</Placemark>
	<Placemark>
		<name>P-572</name>
		<visibility>0</visibility>
		<description><![CDATA[<div><div><span><b>Altitude:</b></span> <span>36,000 ft</span></div>
<div><span><b>Speed:</b></span> <span>410 kt</span></div>
<div><span><b>Timestamp:</b></span><br/><span>2024-07-09 10:25:35 UTC<br/>2024-07-09 10:26:09 UTC</span></div>
</div>]]></description>
		<Style>
			<LineStyle>
				<color>ff7800ff</color>
				<width>2</width>
			</LineStyle>
		</Style>
		<MultiGeometry>
			<LineString>
				<tessellate>1</tessellate>
				<altitudeMode>absolute</altitudeMode>
				<coordinates>
					133.636093,36.1577,10972.8 133.558731,36.149826,10972.8 
				</coordinates>
			</LineString>
		</MultiGeometry>
	</Placemark>
	<Placemark>
		<name>P-573</name>
		<visibility>0</visibility>
		<description><![CDATA[<div><div><span><b>Altitude:</b></span> <span>36,000 ft</span></div>
<div><span><b>Speed:</b></span> <span>410 kt - 409 kt</span></div>
<div><span><b>Timestamp:</b></span><br/><span>2024-07-09 10:26:09 UTC<br/>2024-07-09 10:26:39 UTC</span></div>
</div>]]></description>
		<Style>
			<LineStyle>
				<color>ff7800ff</color>
				<width>2</width>
			</LineStyle>
		</Style>
		<MultiGeometry>
			<LineString>
				<tessellate>1</tessellate>
				<altitudeMode>absolute</altitudeMode>
				<coordinates>
					133.558731,36.149826,10972.8 133.487625,36.14246,10972.8 
				</coordinates>
			</LineString>
		</MultiGeometry>
	</Placemark>
	<Placemark>
		<name>P-574</name>
		<visibility>0</visibility>
		<description><![CDATA[<div><div><span><b>Altitude:</b></span> <span>36,000 ft</span></div>
<div><span><b>Speed:</b></span> <span>409 kt</span></div>
<div><span><b>Timestamp:</b></span><br/><span>2024-07-09 10:26:39 UTC<br/>2024-07-09 10:27:13 UTC</span></div>
</div>]]></description>
		<Style>
			<LineStyle>
				<color>ff7800ff</color>
				<width>2</width>
			</LineStyle>
		</Style>
		<MultiGeometry>
			<LineString>
				<tessellate>1</tessellate>
				<altitudeMode>absolute</altitudeMode>
				<coordinates>
					133.487625,36.14246,10972.8 133.410355,36.134399,10972.8 
				</coordinates>
			</LineString>
		</MultiGeometry>
	</Placemark>
	<Placemark>
		<name>P-575</name>
		<visibility>0</visibility>
		<description><![CDATA[<div><div><span><b>Altitude:</b></span> <span>36,000 ft - 35,975 ft</span></div>
<div><span><b>Speed:</b></span> <span>409 kt - 410 kt</span></div>
<div><span><b>Timestamp:</b></span><br/><span>2024-07-09 10:27:13 UTC<br/>2024-07-09 10:27:46 UTC</span></div>
</div>]]></description>
		<Style>
			<LineStyle>
				<color>ff7800ff</color>
				<width>2</width>
			</LineStyle>
		</Style>
		<MultiGeometry>
			<LineString>
				<tessellate>1</tessellate>
				<altitudeMode>absolute</altitudeMode>
				<coordinates>
					133.410355,36.134399,10972.8 133.334366,36.126572,10965.18 
				</coordinates>
			</LineString>
		</MultiGeometry>
	</Placemark>
	<Placemark>
		<name>P-576</name>
		<visibility>0</visibility>
		<description><![CDATA[<div><div><span><b>Altitude:</b></span> <span>35,975 ft - 36,000 ft</span></div>
<div><span><b>Speed:</b></span> <span>410 kt</span></div>
<div><span><b>Timestamp:</b></span><br/><span>2024-07-09 10:27:46 UTC<br/>2024-07-09 10:28:16 UTC</span></div>
</div>]]></description>
		<Style>
			<LineStyle>
				<color>ff7800ff</color>
				<width>2</width>
			</LineStyle>
		</Style>
		<MultiGeometry>
			<LineString>
				<tessellate>1</tessellate>
				<altitudeMode>absolute</altitudeMode>
				<coordinates>
					133.334366,36.126572,10965.18 133.262497,36.119019,10972.8 
				</coordinates>
			</LineString>
		</MultiGeometry>
	</Placemark>
	<Placemark>
		<name>P-577</name>
		<visibility>0</visibility>
		<description><![CDATA[<div><div><span><b>Altitude:</b></span> <span>36,000 ft - 36,025 ft</span></div>
<div><span><b>Speed:</b></span> <span>410 kt - 415 kt</span></div>
<div><span><b>Timestamp:</b></span><br/><span>2024-07-09 10:28:16 UTC<br/>2024-07-09 10:28:50 UTC</span></div>
</div>]]></description>
		<Style>
			<LineStyle>
				<color>ff7800ff</color>
				<width>2</width>
			</LineStyle>
		</Style>
		<MultiGeometry>
			<LineString>
				<tessellate>1</tessellate>
				<altitudeMode>absolute</altitudeMode>
				<coordinates>
					133.262497,36.119019,10972.8 133.184799,36.110779,10980.42 
				</coordinates>
			</LineString>
		</MultiGeometry>
	</Placemark>
	<Placemark>
		<name>P-578</name>
		<visibility>0</visibility>
		<description><![CDATA[<div><div><span><b>Altitude:</b></span> <span>36,025 ft - 36,000 ft</span></div>
<div><span><b>Speed:</b></span> <span>415 kt - 418 kt</span></div>
<div><span><b>Timestamp:</b></span><br/><span>2024-07-09 10:28:50 UTC<br/>2024-07-09 10:29:19 UTC</span></div>
</div>]]></description>
		<Style>
			<LineStyle>
				<color>ff7800ff</color>
				<width>2</width>
			</LineStyle>
		</Style>
		<MultiGeometry>
			<LineString>
				<tessellate>1</tessellate>
				<altitudeMode>absolute</altitudeMode>
				<coordinates>
					133.184799,36.110779,10980.42 133.114441,36.103401,10972.8 
				</coordinates>
			</LineString>
		</MultiGeometry>
	</Placemark>
	<Placemark>
		<name>P-579</name>
		<visibility>0</visibility>
		<description><![CDATA[<div><div><span><b>Altitude:</b></span> <span>36,000 ft</span></div>
<div><span><b>Speed:</b></span> <span>418 kt</span></div>
<div><span><b>Timestamp:</b></span><br/><span>2024-07-09 10:29:19 UTC<br/>2024-07-09 10:29:53 UTC</span></div>
</div>]]></description>
		<Style>
			<LineStyle>
				<color>ff7800ff</color>
				<width>2</width>
			</LineStyle>
		</Style>
		<MultiGeometry>
			<LineString>
				<tessellate>1</tessellate>
				<altitudeMode>absolute</altitudeMode>
				<coordinates>
					133.114441,36.103401,10972.8 133.033737,36.094711,10972.8 
				</coordinates>
			</LineString>
		</MultiGeometry>
	</Placemark>
	<Placemark>
		<name>P-580</name>
		<visibility>0</visibility>
		<description><![CDATA[<div><div><span><b>Altitude:</b></span> <span>36,000 ft</span></div>
<div><span><b>Speed:</b></span> <span>418 kt - 419 kt</span></div>
<div><span><b>Timestamp:</b></span><br/><span>2024-07-09 10:29:53 UTC<br/>2024-07-09 10:30:26 UTC</span></div>
</div>]]></description>
		<Style>
			<LineStyle>
				<color>ff7800ff</color>
				<width>2</width>
			</LineStyle>
		</Style>
		<MultiGeometry>
			<LineString>
				<tessellate>1</tessellate>
				<altitudeMode>absolute</altitudeMode>
				<coordinates>
					133.033737,36.094711,10972.8 132.955719,36.086365,10972.8 
				</coordinates>
			</LineString>
		</MultiGeometry>
	</Placemark>
	<Placemark>
		<name>P-581</name>
		<visibility>0</visibility>
		<description><![CDATA[<div><div><span><b>Altitude:</b></span> <span>36,000 ft</span></div>
<div><span><b>Speed:</b></span> <span>419 kt - 417 kt</span></div>
<div><span><b>Timestamp:</b></span><br/><span>2024-07-09 10:30:26 UTC<br/>2024-07-09 10:30:57 UTC</span></div>
</div>]]></description>
		<Style>
			<LineStyle>
				<color>ff7800ff</color>
				<width>2</width>
			</LineStyle>
		</Style>
		<MultiGeometry>
			<LineString>
				<tessellate>1</tessellate>
				<altitudeMode>absolute</altitudeMode>
				<coordinates>
					132.955719,36.086365,10972.8 132.883606,36.07859,10972.8 
				</coordinates>
			</LineString>
		</MultiGeometry>
	</Placemark>
	<Placemark>
		<name>P-582</name>
		<visibility>0</visibility>
		<description><![CDATA[<div><div><span><b>Altitude:</b></span> <span>36,000 ft</span></div>
<div><span><b>Speed:</b></span> <span>417 kt</span></div>
<div><span><b>Timestamp:</b></span><br/><span>2024-07-09 10:30:57 UTC<br/>2024-07-09 10:31:31 UTC</span></div>
</div>]]></description>
		<Style>
			<LineStyle>
				<color>ff7800ff</color>
				<width>2</width>
			</LineStyle>
		</Style>
		<MultiGeometry>
			<LineString>
				<tessellate>1</tessellate>
				<altitudeMode>absolute</altitudeMode>
				<coordinates>
					132.883606,36.07859,10972.8 132.804016,36.069839,10972.8 
				</coordinates>
			</LineString>
		</MultiGeometry>
	</Placemark>
	<Placemark>
		<name>P-583</name>
		<visibility>0</visibility>
		<description><![CDATA[<div><div><span><b>Altitude:</b></span> <span>36,000 ft - 35,975 ft</span></div>
<div><span><b>Speed:</b></span> <span>417 kt</span></div>
<div><span><b>Timestamp:</b></span><br/><span>2024-07-09 10:31:31 UTC<br/>2024-07-09 10:32:04 UTC</span></div>
</div>]]></description>
		<Style>
			<LineStyle>
				<color>ff7800ff</color>
				<width>2</width>
			</LineStyle>
		</Style>
		<MultiGeometry>
			<LineString>
				<tessellate>1</tessellate>
				<altitudeMode>absolute</altitudeMode>
				<coordinates>
					132.804016,36.069839,10972.8 132.725769,36.061085,10965.18 
				</coordinates>
			</LineString>
		</MultiGeometry>
	</Placemark>
	<Placemark>
		<name>P-584</name>
		<visibility>0</visibility>
		<description><![CDATA[<div><div><span><b>Altitude:</b></span> <span>35,975 ft</span></div>
<div><span><b>Speed:</b></span> <span>417 kt - 418 kt</span></div>
<div><span><b>Timestamp:</b></span><br/><span>2024-07-09 10:32:04 UTC<br/>2024-07-09 10:32:34 UTC</span></div>
</div>]]></description>
		<Style>
			<LineStyle>
				<color>ff7800ff</color>
				<width>2</width>
			</LineStyle>
		</Style>
		<MultiGeometry>
			<LineString>
				<tessellate>1</tessellate>
				<altitudeMode>absolute</altitudeMode>
				<coordinates>
					132.725769,36.061085,10965.18 132.65448,36.053219,10965.18 
				</coordinates>
			</LineString>
		</MultiGeometry>
	</Placemark>
	<Placemark>
		<name>P-585</name>
		<visibility>0</visibility>
		<description><![CDATA[<div><div><span><b>Altitude:</b></span> <span>35,975 ft - 36,000 ft</span></div>
<div><span><b>Speed:</b></span> <span>418 kt - 419 kt</span></div>
<div><span><b>Timestamp:</b></span><br/><span>2024-07-09 10:32:34 UTC<br/>2024-07-09 10:33:06 UTC</span></div>
</div>]]></description>
		<Style>
			<LineStyle>
				<color>ff7800ff</color>
				<width>2</width>
			</LineStyle>
		</Style>
		<MultiGeometry>
			<LineString>
				<tessellate>1</tessellate>
				<altitudeMode>absolute</altitudeMode>
				<coordinates>
					132.65448,36.053219,10965.18 132.580093,36.045025,10972.8 
				</coordinates>
			</LineString>
		</MultiGeometry>
	</Placemark>
	<Placemark>
		<name>P-586</name>
		<visibility>0</visibility>
		<description><![CDATA[<div><div><span><b>Altitude:</b></span> <span>36,000 ft</span></div>
<div><span><b>Speed:</b></span> <span>419 kt - 420 kt</span></div>
<div><span><b>Timestamp:</b></span><br/><span>2024-07-09 10:33:06 UTC<br/>2024-07-09 10:33:37 UTC</span></div>
</div>]]></description>
		<Style>
			<LineStyle>
				<color>ff7800ff</color>
				<width>2</width>
			</LineStyle>
		</Style>
		<MultiGeometry>
			<LineString>
				<tessellate>1</tessellate>
				<altitudeMode>absolute</altitudeMode>
				<coordinates>
					132.580093,36.045025,10972.8 132.5047,36.036648,10972.8 
				</coordinates>
			</LineString>
		</MultiGeometry>
	</Placemark>
	<Placemark>
		<name>P-587</name>
		<visibility>0</visibility>
		<description><![CDATA[<div><div><span><b>Altitude:</b></span> <span>36,000 ft</span></div>
<div><span><b>Speed:</b></span> <span>420 kt - 422 kt</span></div>
<div><span><b>Timestamp:</b></span><br/><span>2024-07-09 10:33:37 UTC<br/>2024-07-09 10:34:10 UTC</span></div>
</div>]]></description>
		<Style>
			<LineStyle>
				<color>ff7800ff</color>
				<width>2</width>
			</LineStyle>
		</Style>
		<MultiGeometry>
			<LineString>
				<tessellate>1</tessellate>
				<altitudeMode>absolute</altitudeMode>
				<coordinates>
					132.5047,36.036648,10972.8 132.426163,36.027832,10972.8 
				</coordinates>
			</LineString>
		</MultiGeometry>
	</Placemark>
	<Placemark>
		<name>P-588</name>
		<visibility>0</visibility>
		<description><![CDATA[<div><div><span><b>Altitude:</b></span> <span>36,000 ft</span></div>
<div><span><b>Speed:</b></span> <span>422 kt</span></div>
<div><span><b>Timestamp:</b></span><br/><span>2024-07-09 10:34:10 UTC<br/>2024-07-09 10:34:41 UTC</span></div>
</div>]]></description>
		<Style>
			<LineStyle>
				<color>ff7800ff</color>
				<width>2</width>
			</LineStyle>
		</Style>
		<MultiGeometry>
			<LineString>
				<tessellate>1</tessellate>
				<altitudeMode>absolute</altitudeMode>
				<coordinates>
					132.426163,36.027832,10972.8 132.351547,36.019455,10972.8 
				</coordinates>
			</LineString>
		</MultiGeometry>
	</Placemark>
	<Placemark>
		<name>P-589</name>
		<visibility>0</visibility>
		<description><![CDATA[<div><div><span><b>Altitude:</b></span> <span>36,000 ft - 36,025 ft</span></div>
<div><span><b>Speed:</b></span> <span>422 kt</span></div>
<div><span><b>Timestamp:</b></span><br/><span>2024-07-09 10:34:41 UTC<br/>2024-07-09 10:35:16 UTC</span></div>
</div>]]></description>
		<Style>
			<LineStyle>
				<color>ff7800ff</color>
				<width>2</width>
			</LineStyle>
		</Style>
		<MultiGeometry>
			<LineString>
				<tessellate>1</tessellate>
				<altitudeMode>absolute</altitudeMode>
				<coordinates>
					132.351547,36.019455,10972.8 132.269135,36.010113,10980.42 
				</coordinates>
			</LineString>
		</MultiGeometry>
	</Placemark>
	<Placemark>
		<name>P-590</name>
		<visibility>0</visibility>
		<description><![CDATA[<div><div><span><b>Altitude:</b></span> <span>36,025 ft</span></div>
<div><span><b>Speed:</b></span> <span>422 kt</span></div>
<div><span><b>Timestamp:</b></span><br/><span>2024-07-09 10:35:16 UTC<br/>2024-07-09 10:35:46 UTC</span></div>
</div>]]></description>
		<Style>
			<LineStyle>
				<color>ff7800ff</color>
				<width>2</width>
			</LineStyle>
		</Style>
		<MultiGeometry>
			<LineString>
				<tessellate>1</tessellate>
				<altitudeMode>absolute</altitudeMode>
				<coordinates>
					132.269135,36.010113,10980.42 132.198318,36.002014,10980.42 
				</coordinates>
			</LineString>
		</MultiGeometry>
	</Placemark>
	<Placemark>
		<name>P-591</name>
		<visibility>0</visibility>
		<description><![CDATA[<div><div><span><b>Altitude:</b></span> <span>36,025 ft - 36,000 ft</span></div>
<div><span><b>Speed:</b></span> <span>422 kt - 423 kt</span></div>
<div><span><b>Timestamp:</b></span><br/><span>2024-07-09 10:35:46 UTC<br/>2024-07-09 10:36:04 UTC</span></div>
</div>]]></description>
		<Style>
			<LineStyle>
				<color>ff7800ff</color>
				<width>2</width>
			</LineStyle>
		</Style>
		<MultiGeometry>
			<LineString>
				<tessellate>1</tessellate>
				<altitudeMode>absolute</altitudeMode>
				<coordinates>
					132.198318,36.002014,10980.42 132.153,36.000687,10972.8 
				</coordinates>
			</LineString>
		</MultiGeometry>
	</Placemark>
	<Placemark>
		<name>P-592</name>
		<visibility>0</visibility>
		<description><![CDATA[<div><div><span><b>Altitude:</b></span> <span>36,000 ft</span></div>
<div><span><b>Speed:</b></span> <span>423 kt - 424 kt</span></div>
<div><span><b>Timestamp:</b></span><br/><span>2024-07-09 10:36:04 UTC<br/>2024-07-09 10:36:07 UTC</span></div>
</div>]]></description>
		<Style>
			<LineStyle>
				<color>ff7800ff</color>
				<width>2</width>
			</LineStyle>
		</Style>
		<MultiGeometry>
			<LineString>
				<tessellate>1</tessellate>
				<altitudeMode>absolute</altitudeMode>
				<coordinates>
					132.153,36.000687,10972.8 132.148178,36.001034,10972.8 
				</coordinates>
			</LineString>
		</MultiGeometry>
	</Placemark>
	<Placemark>
		<name>P-593</name>
		<visibility>0</visibility>
		<description><![CDATA[<div><div><span><b>Altitude:</b></span> <span>36,000 ft</span></div>
<div><span><b>Speed:</b></span> <span>424 kt</span></div>
<div><span><b>Timestamp:</b></span><br/><span>2024-07-09 10:36:07 UTC<br/>2024-07-09 10:36:11 UTC</span></div>
</div>]]></description>
		<Style>
			<LineStyle>
				<color>ff7800ff</color>
				<width>2</width>
			</LineStyle>
		</Style>
		<MultiGeometry>
			<LineString>
				<tessellate>1</tessellate>
				<altitudeMode>absolute</altitudeMode>
				<coordinates>
					132.148178,36.001034,10972.8 132.138123,36.00201,10972.8 
				</coordinates>
			</LineString>
		</MultiGeometry>
	</Placemark>
	<Placemark>
		<name>P-594</name>
		<visibility>0</visibility>
		<description><![CDATA[<div><div><span><b>Altitude:</b></span> <span>36,000 ft</span></div>
<div><span><b>Speed:</b></span> <span>424 kt - 425 kt</span></div>
<div><span><b>Timestamp:</b></span><br/><span>2024-07-09 10:36:11 UTC<br/>2024-07-09 10:36:13 UTC</span></div>
</div>]]></description>
		<Style>
			<LineStyle>
				<color>ff7800ff</color>
				<width>2</width>
			</LineStyle>
		</Style>
		<MultiGeometry>
			<LineString>
				<tessellate>1</tessellate>
				<altitudeMode>absolute</altitudeMode>
				<coordinates>
					132.138123,36.00201,10972.8 132.133392,36.002663,10972.8 
				</coordinates>
			</LineString>
		</MultiGeometry>
	</Placemark>
	<Placemark>
		<name>P-595</name>
		<visibility>0</visibility>
		<description><![CDATA[<div><div><span><b>Altitude:</b></span> <span>36,000 ft</span></div>
<div><span><b>Speed:</b></span> <span>425 kt</span></div>
<div><span><b>Timestamp:</b></span><br/><span>2024-07-09 10:36:13 UTC<br/>2024-07-09 10:36:17 UTC</span></div>
</div>]]></description>
		<Style>
			<LineStyle>
				<color>ff7800ff</color>
				<width>2</width>
			</LineStyle>
		</Style>
		<MultiGeometry>
			<LineString>
				<tessellate>1</tessellate>
				<altitudeMode>absolute</altitudeMode>
				<coordinates>
					132.133392,36.002663,10972.8 132.12381,36.004166,10972.8 
				</coordinates>
			</LineString>
		</MultiGeometry>
	</Placemark>
	<Placemark>
		<name>P-596</name>
		<visibility>0</visibility>
		<description><![CDATA[<div><div><span><b>Altitude:</b></span> <span>36,000 ft</span></div>
<div><span><b>Speed:</b></span> <span>425 kt - 426 kt</span></div>
<div><span><b>Timestamp:</b></span><br/><span>2024-07-09 10:36:17 UTC<br/>2024-07-09 10:36:20 UTC</span></div>
</div>]]></description>
		<Style>
			<LineStyle>
				<color>ff7800ff</color>
				<width>2</width>
			</LineStyle>
		</Style>
		<MultiGeometry>
			<LineString>
				<tessellate>1</tessellate>
				<altitudeMode>absolute</altitudeMode>
				<coordinates>
					132.12381,36.004166,10972.8 132.116486,36.005585,10972.8 
				</coordinates>
			</LineString>
		</MultiGeometry>
	</Placemark>
	<Placemark>
		<name>P-597</name>
		<visibility>0</visibility>
		<description><![CDATA[<div><div><span><b>Altitude:</b></span> <span>36,000 ft</span></div>
<div><span><b>Speed:</b></span> <span>426 kt - 427 kt</span></div>
<div><span><b>Timestamp:</b></span><br/><span>2024-07-09 10:36:20 UTC<br/>2024-07-09 10:36:23 UTC</span></div>
</div>]]></description>
		<Style>
			<LineStyle>
				<color>ff7800ff</color>
				<width>2</width>
			</LineStyle>
		</Style>
		<MultiGeometry>
			<LineString>
				<tessellate>1</tessellate>
				<altitudeMode>absolute</altitudeMode>
				<coordinates>
					132.116486,36.005585,10972.8 132.109665,36.007038,10972.8 
				</coordinates>
			</LineString>
		</MultiGeometry>
	</Placemark>
	<Placemark>
		<name>P-598</name>
		<visibility>0</visibility>
		<description><![CDATA[<div><div><span><b>Altitude:</b></span> <span>36,000 ft - 36,025 ft</span></div>
<div><span><b>Speed:</b></span> <span>427 kt - 428 kt</span></div>
<div><span><b>Timestamp:</b></span><br/><span>2024-07-09 10:36:23 UTC<br/>2024-07-09 10:36:26 UTC</span></div>
</div>]]></description>
		<Style>
			<LineStyle>
				<color>ff7800ff</color>
				<width>2</width>
			</LineStyle>
		</Style>
		<MultiGeometry>
			<LineString>
				<tessellate>1</tessellate>
				<altitudeMode>absolute</altitudeMode>
				<coordinates>
					132.109665,36.007038,10972.8 132.102478,36.008575,10980.42 
				</coordinates>
			</LineString>
		</MultiGeometry>
	</Placemark>
	<Placemark>
		<name>P-599</name>
		<visibility>0</visibility>
		<description><![CDATA[<div><div><span><b>Altitude:</b></span> <span>36,025 ft</span></div>
<div><span><b>Speed:</b></span> <span>428 kt - 427 kt</span></div>
<div><span><b>Timestamp:</b></span><br/><span>2024-07-09 10:36:26 UTC<br/>2024-07-09 10:36:29 UTC</span></div>
</div>]]></description>
		<Style>
			<LineStyle>
				<color>ff7800ff</color>
				<width>2</width>
			</LineStyle>
		</Style>
		<MultiGeometry>
			<LineString>
				<tessellate>1</tessellate>
				<altitudeMode>absolute</altitudeMode>
				<coordinates>
					132.102478,36.008575,10980.42 132.09581,36.010017,10980.42 
				</coordinates>
			</LineString>
		</MultiGeometry>
	</Placemark>
	<Placemark>
		<name>P-600</name>
		<visibility>0</visibility>
		<description><![CDATA[<div><div><span><b>Altitude:</b></span> <span>36,025 ft</span></div>
<div><span><b>Speed:</b></span> <span>427 kt</span></div>
<div><span><b>Timestamp:</b></span><br/><span>2024-07-09 10:36:29 UTC<br/>2024-07-09 10:36:32 UTC</span></div>
</div>]]></description>
		<Style>
			<LineStyle>
				<color>ff7800ff</color>
				<width>2</width>
			</LineStyle>
		</Style>
		<MultiGeometry>
			<LineString>
				<tessellate>1</tessellate>
				<altitudeMode>absolute</altitudeMode>
				<coordinates>
					132.09581,36.010017,10980.42 132.088165,36.011719,10980.42 
				</coordinates>
			</LineString>
		</MultiGeometry>
	</Placemark>
	<Placemark>
		<name>P-601</name>
		<visibility>0</visibility>
		<description><![CDATA[<div><div><span><b>Altitude:</b></span> <span>36,025 ft</span></div>
<div><span><b>Speed:</b></span> <span>427 kt</span></div>
<div><span><b>Timestamp:</b></span><br/><span>2024-07-09 10:36:32 UTC<br/>2024-07-09 10:36:35 UTC</span></div>
</div>]]></description>
		<Style>
			<LineStyle>
				<color>ff7800ff</color>
				<width>2</width>
			</LineStyle>
		</Style>
		<MultiGeometry>
			<LineString>
				<tessellate>1</tessellate>
				<altitudeMode>absolute</altitudeMode>
				<coordinates>
					132.088165,36.011719,10980.42 132.080612,36.013367,10980.42 
				</coordinates>
			</LineString>
		</MultiGeometry>
	</Placemark>
	<Placemark>
		<name>P-602</name>
		<visibility>0</visibility>
		<description><![CDATA[<div><div><span><b>Altitude:</b></span> <span>36,025 ft - 35,975 ft</span></div>
<div><span><b>Speed:</b></span> <span>427 kt - 428 kt</span></div>
<div><span><b>Timestamp:</b></span><br/><span>2024-07-09 10:36:35 UTC<br/>2024-07-09 10:37:08 UTC</span></div>
</div>]]></description>
		<Style>
			<LineStyle>
				<color>ff7800ff</color>
				<width>2</width>
			</LineStyle>
		</Style>
		<MultiGeometry>
			<LineString>
				<tessellate>1</tessellate>
				<altitudeMode>absolute</altitudeMode>
				<coordinates>
					132.080612,36.013367,10980.42 132.003067,36.030453,10965.18 
				</coordinates>
			</LineString>
		</MultiGeometry>
	</Placemark>
	<Placemark>
		<name>P-603</name>
		<visibility>0</visibility>
		<description><![CDATA[<div><div><span><b>Altitude:</b></span> <span>35,975 ft</span></div>
<div><span><b>Speed:</b></span> <span>428 kt - 430 kt</span></div>
<div><span><b>Timestamp:</b></span><br/><span>2024-07-09 10:37:08 UTC<br/>2024-07-09 10:37:39 UTC</span></div>
</div>]]></description>
		<Style>
			<LineStyle>
				<color>ff7800ff</color>
				<width>2</width>
			</LineStyle>
		</Style>
		<MultiGeometry>
			<LineString>
				<tessellate>1</tessellate>
				<altitudeMode>absolute</altitudeMode>
				<coordinates>
					132.003067,36.030453,10965.18 131.929489,36.046749,10965.18 
				</coordinates>
			</LineString>
		</MultiGeometry>
	</Placemark>
	<Placemark>
		<name>P-604</name>
		<visibility>0</visibility>
		<description><![CDATA[<div><div><span><b>Altitude:</b></span> <span>35,975 ft - 36,000 ft</span></div>
<div><span><b>Speed:</b></span> <span>430 kt - 403 kt</span></div>
<div><span><b>Timestamp:</b></span><br/><span>2024-07-09 10:37:39 UTC<br/>2024-07-09 10:38:23 UTC</span></div>
</div>]]></description>
		<Style>
			<LineStyle>
				<color>ff7800ff</color>
				<width>2</width>
			</LineStyle>
		</Style>
		<MultiGeometry>
			<LineString>
				<tessellate>1</tessellate>
				<altitudeMode>absolute</altitudeMode>
				<coordinates>
					131.929489,36.046749,10965.18 131.826004,36.069466,10972.8 
				</coordinates>
			</LineString>
		</MultiGeometry>
	</Placemark>
	<Placemark>
		<name>P-605</name>
		<visibility>0</visibility>
		<description><![CDATA[<div><div><span><b>Altitude:</b></span> <span>36,000 ft</span></div>
<div><span><b>Speed:</b></span> <span>403 kt - 430 kt</span></div>
<div><span><b>Timestamp:</b></span><br/><span>2024-07-09 10:38:23 UTC<br/>2024-07-09 10:38:54 UTC</span></div>
</div>]]></description>
		<Style>
			<LineStyle>
				<color>ff7800ff</color>
				<width>2</width>
			</LineStyle>
		</Style>
		<MultiGeometry>
			<LineString>
				<tessellate>1</tessellate>
				<altitudeMode>absolute</altitudeMode>
				<coordinates>
					131.826004,36.069466,10972.8 131.752457,36.085556,10972.8 
				</coordinates>
			</LineString>
		</MultiGeometry>
	</Placemark>
	<Placemark>
		<name>P-606</name>
		<visibility>0</visibility>
		<description><![CDATA[<div><div><span><b>Altitude:</b></span> <span>36,000 ft</span></div>
<div><span><b>Speed:</b></span> <span>430 kt - 336 kt</span></div>
<div><span><b>Timestamp:</b></span><br/><span>2024-07-09 10:38:54 UTC<br/>2024-07-09 10:39:27 UTC</span></div>
</div>]]></description>
		<Style>
			<LineStyle>
				<color>ff7800ff</color>
				<width>2</width>
			</LineStyle>
		</Style>
		<MultiGeometry>
			<LineString>
				<tessellate>1</tessellate>
				<altitudeMode>absolute</altitudeMode>
				<coordinates>
					131.752457,36.085556,10972.8 131.675171,36.102516,10972.8 
				</coordinates>
			</LineString>
		</MultiGeometry>
	</Placemark>
	<Placemark>
		<name>P-607</name>
		<visibility>0</visibility>
		<description><![CDATA[<div><div><span><b>Altitude:</b></span> <span>36,000 ft</span></div>
<div><span><b>Speed:</b></span> <span>336 kt - 430 kt</span></div>
<div><span><b>Timestamp:</b></span><br/><span>2024-07-09 10:39:27 UTC<br/>2024-07-09 10:39:57 UTC</span></div>
</div>]]></description>
		<Style>
			<LineStyle>
				<color>ff7800ff</color>
				<width>2</width>
			</LineStyle>
		</Style>
		<MultiGeometry>
			<LineString>
				<tessellate>1</tessellate>
				<altitudeMode>absolute</altitudeMode>
				<coordinates>
					131.675171,36.102516,10972.8 131.601257,36.118576,10972.8 
				</coordinates>
			</LineString>
		</MultiGeometry>
	</Placemark>
	<Placemark>
		<name>P-608</name>
		<visibility>0</visibility>
		<description><![CDATA[<div><div><span><b>Altitude:</b></span> <span>36,000 ft - 36,025 ft</span></div>
<div><span><b>Speed:</b></span> <span>430 kt</span></div>
<div><span><b>Timestamp:</b></span><br/><span>2024-07-09 10:39:57 UTC<br/>2024-07-09 10:40:31 UTC</span></div>
</div>]]></description>
		<Style>
			<LineStyle>
				<color>ff7800ff</color>
				<width>2</width>
			</LineStyle>
		</Style>
		<MultiGeometry>
			<LineString>
				<tessellate>1</tessellate>
				<altitudeMode>absolute</altitudeMode>
				<coordinates>
					131.601257,36.118576,10972.8 131.522476,36.135525,10980.42 
				</coordinates>
			</LineString>
		</MultiGeometry>
	</Placemark>
	<Placemark>
		<name>P-609</name>
		<visibility>0</visibility>
		<description><![CDATA[<div><div><span><b>Altitude:</b></span> <span>36,025 ft</span></div>
<div><span><b>Speed:</b></span> <span>430 kt - 424 kt</span></div>
<div><span><b>Timestamp:</b></span><br/><span>2024-07-09 10:40:31 UTC<br/>2024-07-09 10:41:04 UTC</span></div>
</div>]]></description>
		<Style>
			<LineStyle>
				<color>ff7800ff</color>
				<width>2</width>
			</LineStyle>
		</Style>
		<MultiGeometry>
			<LineString>
				<tessellate>1</tessellate>
				<altitudeMode>absolute</altitudeMode>
				<coordinates>
					131.522476,36.135525,10980.42 131.44426,36.152664,10980.42 
				</coordinates>
			</LineString>
		</MultiGeometry>
	</Placemark>
	<Placemark>
		<name>P-610</name>
		<visibility>0</visibility>
		<description><![CDATA[<div><div><span><b>Altitude:</b></span> <span>36,025 ft - 36,000 ft</span></div>
<div><span><b>Speed:</b></span> <span>424 kt - 423 kt</span></div>
<div><span><b>Timestamp:</b></span><br/><span>2024-07-09 10:41:04 UTC<br/>2024-07-09 10:41:37 UTC</span></div>
</div>]]></description>
		<Style>
			<LineStyle>
				<color>ff7800ff</color>
				<width>2</width>
			</LineStyle>
		</Style>
		<MultiGeometry>
			<LineString>
				<tessellate>1</tessellate>
				<altitudeMode>absolute</altitudeMode>
				<coordinates>
					131.44426,36.152664,10980.42 131.368851,36.169006,10972.8 
				</coordinates>
			</LineString>
		</MultiGeometry>
	</Placemark>
	<Placemark>
		<name>P-611</name>
		<visibility>0</visibility>
		<description><![CDATA[<div><div><span><b>Altitude:</b></span> <span>36,000 ft</span></div>
<div><span><b>Speed:</b></span> <span>423 kt - 424 kt</span></div>
<div><span><b>Timestamp:</b></span><br/><span>2024-07-09 10:41:37 UTC<br/>2024-07-09 10:42:08 UTC</span></div>
</div>]]></description>
		<Style>
			<LineStyle>
				<color>ff7800ff</color>
				<width>2</width>
			</LineStyle>
		</Style>
		<MultiGeometry>
			<LineString>
				<tessellate>1</tessellate>
				<altitudeMode>absolute</altitudeMode>
				<coordinates>
					131.368851,36.169006,10972.8 131.29538,36.184635,10972.8 
				</coordinates>
			</LineString>
		</MultiGeometry>
	</Placemark>
	<Placemark>
		<name>P-612</name>
		<visibility>0</visibility>
		<description><![CDATA[<div><div><span><b>Altitude:</b></span> <span>36,000 ft</span></div>
<div><span><b>Speed:</b></span> <span>424 kt</span></div>
<div><span><b>Timestamp:</b></span><br/><span>2024-07-09 10:42:08 UTC<br/>2024-07-09 10:42:41 UTC</span></div>
</div>]]></description>
		<Style>
			<LineStyle>
				<color>ff7800ff</color>
				<width>2</width>
			</LineStyle>
		</Style>
		<MultiGeometry>
			<LineString>
				<tessellate>1</tessellate>
				<altitudeMode>absolute</altitudeMode>
				<coordinates>
					131.29538,36.184635,10972.8 131.216965,36.20116,10972.8 
				</coordinates>
			</LineString>
		</MultiGeometry>
	</Placemark>
	<Placemark>
		<name>P-613</name>
		<visibility>0</visibility>
		<description><![CDATA[<div><div><span><b>Altitude:</b></span> <span>36,000 ft</span></div>
<div><span><b>Speed:</b></span> <span>424 kt - 426 kt</span></div>
<div><span><b>Timestamp:</b></span><br/><span>2024-07-09 10:42:41 UTC<br/>2024-07-09 10:43:15 UTC</span></div>
</div>]]></description>
		<Style>
			<LineStyle>
				<color>ff7800ff</color>
				<width>2</width>
			</LineStyle>
		</Style>
		<MultiGeometry>
			<LineString>
				<tessellate>1</tessellate>
				<altitudeMode>absolute</altitudeMode>
				<coordinates>
					131.216965,36.20116,10972.8 131.136871,36.218033,10972.8 
				</coordinates>
			</LineString>
		</MultiGeometry>
	</Placemark>
	<Placemark>
		<name>P-614</name>
		<visibility>0</visibility>
		<description><![CDATA[<div><div><span><b>Altitude:</b></span> <span>36,000 ft</span></div>
<div><span><b>Speed:</b></span> <span>426 kt - 428 kt</span></div>
<div><span><b>Timestamp:</b></span><br/><span>2024-07-09 10:43:15 UTC<br/>2024-07-09 10:43:46 UTC</span></div>
</div>]]></description>
		<Style>
			<LineStyle>
				<color>ff7800ff</color>
				<width>2</width>
			</LineStyle>
		</Style>
		<MultiGeometry>
			<LineString>
				<tessellate>1</tessellate>
				<altitudeMode>absolute</altitudeMode>
				<coordinates>
					131.136871,36.218033,10972.8 131.065079,36.233376,10972.8 
				</coordinates>
			</LineString>
		</MultiGeometry>
	</Placemark>
	<Placemark>
		<name>P-615</name>
		<visibility>0</visibility>
		<description><![CDATA[<div><div><span><b>Altitude:</b></span> <span>36,000 ft - 36,025 ft</span></div>
<div><span><b>Speed:</b></span> <span>428 kt - 429 kt</span></div>
<div><span><b>Timestamp:</b></span><br/><span>2024-07-09 10:43:46 UTC<br/>2024-07-09 10:44:20 UTC</span></div>
</div>]]></description>
		<Style>
			<LineStyle>
				<color>ff7800ff</color>
				<width>2</width>
			</LineStyle>
		</Style>
		<MultiGeometry>
			<LineString>
				<tessellate>1</tessellate>
				<altitudeMode>absolute</altitudeMode>
				<coordinates>
					131.065079,36.233376,10972.8 130.984436,36.250927,10980.42 
				</coordinates>
			</LineString>
		</MultiGeometry>
	</Placemark>
	<Placemark>
		<name>P-616</name>
		<visibility>0</visibility>
		<description><![CDATA[<div><div><span><b>Altitude:</b></span> <span>36,025 ft</span></div>
<div><span><b>Speed:</b></span> <span>429 kt - 428 kt</span></div>
<div><span><b>Timestamp:</b></span><br/><span>2024-07-09 10:44:20 UTC<br/>2024-07-09 10:44:56 UTC</span></div>
</div>]]></description>
		<Style>
			<LineStyle>
				<color>ff7800ff</color>
				<width>2</width>
			</LineStyle>
		</Style>
		<MultiGeometry>
			<LineString>
				<tessellate>1</tessellate>
				<altitudeMode>absolute</altitudeMode>
				<coordinates>
					130.984436,36.250927,10980.42 130.898102,36.267471,10980.42 
				</coordinates>
			</LineString>
		</MultiGeometry>
	</Placemark>
	<Placemark>
		<name>P-617</name>
		<visibility>0</visibility>
		<description><![CDATA[<div><div><span><b>Altitude:</b></span> <span>36,025 ft</span></div>
<div><span><b>Speed:</b></span> <span>428 kt</span></div>
<div><span><b>Timestamp:</b></span><br/><span>2024-07-09 10:44:56 UTC<br/>2024-07-09 10:45:28 UTC</span></div>
</div>]]></description>
		<Style>
			<LineStyle>
				<color>ff7800ff</color>
				<width>2</width>
			</LineStyle>
		</Style>
		<MultiGeometry>
			<LineString>
				<tessellate>1</tessellate>
				<altitudeMode>absolute</altitudeMode>
				<coordinates>
					130.898102,36.267471,10980.42 130.820572,36.277462,10980.42 
				</coordinates>
			</LineString>
		</MultiGeometry>
	</Placemark>
	<Placemark>
		<name>P-618</name>
		<visibility>0</visibility>
		<description><![CDATA[<div><div><span><b>Altitude:</b></span> <span>36,025 ft</span></div>
<div><span><b>Speed:</b></span> <span>428 kt</span></div>
<div><span><b>Timestamp:</b></span><br/><span>2024-07-09 10:45:28 UTC<br/>2024-07-09 10:46:10 UTC</span></div>
</div>]]></description>
		<Style>
			<LineStyle>
				<color>ff7800ff</color>
				<width>2</width>
			</LineStyle>
		</Style>
		<MultiGeometry>
			<LineString>
				<tessellate>1</tessellate>
				<altitudeMode>absolute</altitudeMode>
				<coordinates>
					130.820572,36.277462,10980.42 130.718414,36.291092,10980.42 
				</coordinates>
			</LineString>
		</MultiGeometry>
	</Placemark>
	<Placemark>
		<name>P-619</name>
		<visibility>0</visibility>
		<description><![CDATA[<div><div><span><b>Altitude:</b></span> <span>36,025 ft</span></div>
<div><span><b>Speed:</b></span> <span>428 kt</span></div>
<div><span><b>Timestamp:</b></span><br/><span>2024-07-09 10:46:10 UTC<br/>2024-07-09 10:46:44 UTC</span></div>
</div>]]></description>
		<Style>
			<LineStyle>
				<color>ff7800ff</color>
				<width>2</width>
			</LineStyle>
		</Style>
		<MultiGeometry>
			<LineString>
				<tessellate>1</tessellate>
				<altitudeMode>absolute</altitudeMode>
				<coordinates>
					130.718414,36.291092,10980.42 130.63739,36.301941,10980.42 
				</coordinates>
			</LineString>
		</MultiGeometry>
	</Placemark>
	<Placemark>
		<name>P-620</name>
		<visibility>0</visibility>
		<description><![CDATA[<div><div><span><b>Altitude:</b></span> <span>36,025 ft - 36,000 ft</span></div>
<div><span><b>Speed:</b></span> <span>428 kt</span></div>
<div><span><b>Timestamp:</b></span><br/><span>2024-07-09 10:46:44 UTC<br/>2024-07-09 10:47:17 UTC</span></div>
</div>]]></description>
		<Style>
			<LineStyle>
				<color>ff7800ff</color>
				<width>2</width>
			</LineStyle>
		</Style>
		<MultiGeometry>
			<LineString>
				<tessellate>1</tessellate>
				<altitudeMode>absolute</altitudeMode>
				<coordinates>
					130.63739,36.301941,10980.42 130.55661,36.312885,10972.8 
				</coordinates>
			</LineString>
		</MultiGeometry>
	</Placemark>
	<Placemark>
		<name>P-621</name>
		<visibility>0</visibility>
		<description><![CDATA[<div><div><span><b>Altitude:</b></span> <span>36,000 ft</span></div>
<div><span><b>Speed:</b></span> <span>428 kt</span></div>
<div><span><b>Timestamp:</b></span><br/><span>2024-07-09 10:47:17 UTC<br/>2024-07-09 10:47:48 UTC</span></div>
</div>]]></description>
		<Style>
			<LineStyle>
				<color>ff7800ff</color>
				<width>2</width>
			</LineStyle>
		</Style>
		<MultiGeometry>
			<LineString>
				<tessellate>1</tessellate>
				<altitudeMode>absolute</altitudeMode>
				<coordinates>
					130.55661,36.312885,10972.8 130.482788,36.323135,10972.8 
				</coordinates>
			</LineString>
		</MultiGeometry>
	</Placemark>
	<Placemark>
		<name>P-622</name>
		<visibility>0</visibility>
		<description><![CDATA[<div><div><span><b>Altitude:</b></span> <span>36,000 ft</span></div>
<div><span><b>Speed:</b></span> <span>428 kt - 422 kt</span></div>
<div><span><b>Timestamp:</b></span><br/><span>2024-07-09 10:47:48 UTC<br/>2024-07-09 10:48:19 UTC</span></div>
</div>]]></description>
		<Style>
			<LineStyle>
				<color>ff7800ff</color>
				<width>2</width>
			</LineStyle>
		</Style>
		<MultiGeometry>
			<LineString>
				<tessellate>1</tessellate>
				<altitudeMode>absolute</altitudeMode>
				<coordinates>
					130.482788,36.323135,10972.8 130.407776,36.333755,10972.8 
				</coordinates>
			</LineString>
		</MultiGeometry>
	</Placemark>
	<Placemark>
		<name>P-623</name>
		<visibility>0</visibility>
		<description><![CDATA[<div><div><span><b>Altitude:</b></span> <span>36,000 ft</span></div>
<div><span><b>Speed:</b></span> <span>422 kt - 420 kt</span></div>
<div><span><b>Timestamp:</b></span><br/><span>2024-07-09 10:48:19 UTC<br/>2024-07-09 10:48:50 UTC</span></div>
</div>]]></description>
		<Style>
			<LineStyle>
				<color>ff7800ff</color>
				<width>2</width>
			</LineStyle>
		</Style>
		<MultiGeometry>
			<LineString>
				<tessellate>1</tessellate>
				<altitudeMode>absolute</altitudeMode>
				<coordinates>
					130.407776,36.333755,10972.8 130.334961,36.34417,10972.8 
				</coordinates>
			</LineString>
		</MultiGeometry>
	</Placemark>
	<Placemark>
		<name>P-624</name>
		<visibility>0</visibility>
		<description><![CDATA[<div><div><span><b>Altitude:</b></span> <span>36,000 ft</span></div>
<div><span><b>Speed:</b></span> <span>420 kt - 422 kt</span></div>
<div><span><b>Timestamp:</b></span><br/><span>2024-07-09 10:48:50 UTC<br/>2024-07-09 10:49:24 UTC</span></div>
</div>]]></description>
		<Style>
			<LineStyle>
				<color>ff7800ff</color>
				<width>2</width>
			</LineStyle>
		</Style>
		<MultiGeometry>
			<LineString>
				<tessellate>1</tessellate>
				<altitudeMode>absolute</altitudeMode>
				<coordinates>
					130.334961,36.34417,10972.8 130.25531,36.35553,10972.8 
				</coordinates>
			</LineString>
		</MultiGeometry>
	</Placemark>
	<Placemark>
		<name>P-625</name>
		<visibility>0</visibility>
		<description><![CDATA[<div><div><span><b>Altitude:</b></span> <span>36,000 ft - 35,800 ft</span></div>
<div><span><b>Speed:</b></span> <span>422 kt - 418 kt</span></div>
<div><span><b>Timestamp:</b></span><br/><span>2024-07-09 10:49:24 UTC<br/>2024-07-09 10:49:50 UTC</span></div>
</div>]]></description>
		<Style>
			<LineStyle>
				<color>ff7800ff</color>
				<width>2</width>
			</LineStyle>
		</Style>
		<MultiGeometry>
			<LineString>
				<tessellate>1</tessellate>
				<altitudeMode>absolute</altitudeMode>
				<coordinates>
					130.25531,36.35553,10972.8 130.192841,36.360603,10911.84 
				</coordinates>
			</LineString>
		</MultiGeometry>
	</Placemark>
	<Placemark>
		<name>P-626</name>
		<visibility>0</visibility>
		<description><![CDATA[<div><div><span><b>Altitude:</b></span> <span>35,800 ft - 35,750 ft</span></div>
<div><span><b>Speed:</b></span> <span>418 kt - 417 kt</span></div>
<div><span><b>Timestamp:</b></span><br/><span>2024-07-09 10:49:50 UTC<br/>2024-07-09 10:49:54 UTC</span></div>
</div>]]></description>
		<Style>
			<LineStyle>
				<color>ff7800ff</color>
				<width>2</width>
			</LineStyle>
		</Style>
		<MultiGeometry>
			<LineString>
				<tessellate>1</tessellate>
				<altitudeMode>absolute</altitudeMode>
				<coordinates>
					130.192841,36.360603,10911.84 130.18399,36.360489,10896.6 
				</coordinates>
			</LineString>
		</MultiGeometry>
	</Placemark>
	<Placemark>
		<name>P-627</name>
		<visibility>0</visibility>
		<description><![CDATA[<div><div><span><b>Altitude:</b></span> <span>35,750 ft - 35,700 ft</span></div>
<div><span><b>Speed:</b></span> <span>417 kt - 416 kt</span></div>
<div><span><b>Timestamp:</b></span><br/><span>2024-07-09 10:49:54 UTC<br/>2024-07-09 10:49:57 UTC</span></div>
</div>]]></description>
		<Style>
			<LineStyle>
				<color>ff7800ff</color>
				<width>2</width>
			</LineStyle>
		</Style>
		<MultiGeometry>
			<LineString>
				<tessellate>1</tessellate>
				<altitudeMode>absolute</altitudeMode>
				<coordinates>
					130.18399,36.360489,10896.6 130.176834,36.360325,10881.36 
				</coordinates>
			</LineString>
		</MultiGeometry>
	</Placemark>
	<Placemark>
		<name>P-628</name>
		<visibility>0</visibility>
		<description><![CDATA[<div><div><span><b>Altitude:</b></span> <span>35,700 ft - 35,650 ft</span></div>
<div><span><b>Speed:</b></span> <span>416 kt</span></div>
<div><span><b>Timestamp:</b></span><br/><span>2024-07-09 10:49:57 UTC<br/>2024-07-09 10:50:00 UTC</span></div>
</div>]]></description>
		<Style>
			<LineStyle>
				<color>ff7800ff</color>
				<width>2</width>
			</LineStyle>
		</Style>
		<MultiGeometry>
			<LineString>
				<tessellate>1</tessellate>
				<altitudeMode>absolute</altitudeMode>
				<coordinates>
					130.176834,36.360325,10881.36 130.1698,36.360168,10866.12 
				</coordinates>
			</LineString>
		</MultiGeometry>
	</Placemark>
	<Placemark>
		<name>P-629</name>
		<visibility>0</visibility>
		<description><![CDATA[<div><div><span><b>Altitude:</b></span> <span>35,650 ft - 35,175 ft</span></div>
<div><span><b>Speed:</b></span> <span>416 kt - 419 kt</span></div>
<div><span><b>Timestamp:</b></span><br/><span>2024-07-09 10:50:00 UTC<br/>2024-07-09 10:50:30 UTC</span></div>
</div>]]></description>
		<Style>
			<LineStyle>
				<color>ff7800ff</color>
				<width>2</width>
			</LineStyle>
		</Style>
		<MultiGeometry>
			<LineString>
				<tessellate>1</tessellate>
				<altitudeMode>absolute</altitudeMode>
				<coordinates>
					130.1698,36.360168,10866.12 130.096039,36.358841,10721.34 
				</coordinates>
			</LineString>
		</MultiGeometry>
	</Placemark>
	<Placemark>
		<name>P-630</name>
		<visibility>0</visibility>
		<description><![CDATA[<div><div><span><b>Altitude:</b></span> <span>35,175 ft - 34,650 ft</span></div>
<div><span><b>Speed:</b></span> <span>419 kt - 420 kt</span></div>
<div><span><b>Timestamp:</b></span><br/><span>2024-07-09 10:50:30 UTC<br/>2024-07-09 10:51:02 UTC</span></div>
</div>]]></description>
		<Style>
			<LineStyle>
				<color>ff7800ff</color>
				<width>2</width>
			</LineStyle>
		</Style>
		<MultiGeometry>
			<LineString>
				<tessellate>1</tessellate>
				<altitudeMode>absolute</altitudeMode>
				<coordinates>
					130.096039,36.358841,10721.34 130.019745,36.357998,10561.32 
				</coordinates>
			</LineString>
		</MultiGeometry>
	</Placemark>
	<Placemark>
		<name>P-631</name>
		<visibility>0</visibility>
		<description><![CDATA[<div><div><span><b>Altitude:</b></span> <span>34,650 ft - 34,125 ft</span></div>
<div><span><b>Speed:</b></span> <span>420 kt</span></div>
<div><span><b>Timestamp:</b></span><br/><span>2024-07-09 10:51:02 UTC<br/>2024-07-09 10:51:34 UTC</span></div>
</div>]]></description>
		<Style>
			<LineStyle>
				<color>ff7800ff</color>
				<width>2</width>
			</LineStyle>
		</Style>
		<MultiGeometry>
			<LineString>
				<tessellate>1</tessellate>
				<altitudeMode>absolute</altitudeMode>
				<coordinates>
					130.019745,36.357998,10561.32 129.942902,36.357113,10401.3 
				</coordinates>
			</LineString>
		</MultiGeometry>
	</Placemark>
	<Placemark>
		<name>P-632</name>
		<visibility>0</visibility>
		<description><![CDATA[<div><div><span><b>Altitude:</b></span> <span>34,125 ft - 33,625 ft</span></div>
<div><span><b>Speed:</b></span> <span>420 kt - 423 kt</span></div>
<div><span><b>Timestamp:</b></span><br/><span>2024-07-09 10:51:34 UTC<br/>2024-07-09 10:52:06 UTC</span></div>
</div>]]></description>
		<Style>
			<LineStyle>
				<color>ff6000ff</color>
				<width>2</width>
			</LineStyle>
		</Style>
		<MultiGeometry>
			<LineString>
				<tessellate>1</tessellate>
				<altitudeMode>absolute</altitudeMode>
				<coordinates>
					129.942902,36.357113,10401.3 129.867569,36.356182,10248.9 
				</coordinates>
			</LineString>
		</MultiGeometry>
	</Placemark>
	<Placemark>
		<name>P-633</name>
		<visibility>0</visibility>
		<description><![CDATA[<div><div><span><b>Altitude:</b></span> <span>33,625 ft - 33,100 ft</span></div>
<div><span><b>Speed:</b></span> <span>423 kt - 428 kt</span></div>
<div><span><b>Timestamp:</b></span><br/><span>2024-07-09 10:52:06 UTC<br/>2024-07-09 10:52:36 UTC</span></div>
</div>]]></description>
		<Style>
			<LineStyle>
				<color>ff6000ff</color>
				<width>2</width>
			</LineStyle>
		</Style>
		<MultiGeometry>
			<LineString>
				<tessellate>1</tessellate>
				<altitudeMode>absolute</altitudeMode>
				<coordinates>
					129.867569,36.356182,10248.9 129.792419,36.354923,10088.88 
				</coordinates>
			</LineString>
		</MultiGeometry>
	</Placemark>
	<Placemark>
		<name>P-634</name>
		<visibility>0</visibility>
		<description><![CDATA[<div><div><span><b>Altitude:</b></span> <span>33,100 ft - 32,575 ft</span></div>
<div><span><b>Speed:</b></span> <span>428 kt - 430 kt</span></div>
<div><span><b>Timestamp:</b></span><br/><span>2024-07-09 10:52:36 UTC<br/>2024-07-09 10:53:08 UTC</span></div>
</div>]]></description>
		<Style>
			<LineStyle>
				<color>ff6000ff</color>
				<width>2</width>
			</LineStyle>
		</Style>
		<MultiGeometry>
			<LineString>
				<tessellate>1</tessellate>
				<altitudeMode>absolute</altitudeMode>
				<coordinates>
					129.792419,36.354923,10088.88 129.714951,36.353668,9928.859999999999 
				</coordinates>
			</LineString>
		</MultiGeometry>
	</Placemark>
	<Placemark>
		<name>P-635</name>
		<visibility>0</visibility>
		<description><![CDATA[<div><div><span><b>Altitude:</b></span> <span>32,575 ft - 32,125 ft</span></div>
<div><span><b>Speed:</b></span> <span>430 kt - 432 kt</span></div>
<div><span><b>Timestamp:</b></span><br/><span>2024-07-09 10:53:08 UTC<br/>2024-07-09 10:53:36 UTC</span></div>
</div>]]></description>
		<Style>
			<LineStyle>
				<color>ff4e00ff</color>
				<width>2</width>
			</LineStyle>
		</Style>
		<MultiGeometry>
			<LineString>
				<tessellate>1</tessellate>
				<altitudeMode>absolute</altitudeMode>
				<coordinates>
					129.714951,36.353668,9928.859999999999 129.64679,36.355453,9791.699999999999 
				</coordinates>
			</LineString>
		</MultiGeometry>
	</Placemark>
	<Placemark>
		<name>P-636</name>
		<visibility>0</visibility>
		<description><![CDATA[<div><div><span><b>Altitude:</b></span> <span>32,125 ft - 32,050 ft</span></div>
<div><span><b>Speed:</b></span> <span>432 kt - 434 kt</span></div>
<div><span><b>Timestamp:</b></span><br/><span>2024-07-09 10:53:36 UTC<br/>2024-07-09 10:53:39 UTC</span></div>
</div>]]></description>
		<Style>
			<LineStyle>
				<color>ff4e00ff</color>
				<width>2</width>
			</LineStyle>
		</Style>
		<MultiGeometry>
			<LineString>
				<tessellate>1</tessellate>
				<altitudeMode>absolute</altitudeMode>
				<coordinates>
					129.64679,36.355453,9791.699999999999 129.637848,36.356926,9768.84 
				</coordinates>
			</LineString>
		</MultiGeometry>
	</Placemark>
	<Placemark>
		<name>P-637</name>
		<visibility>0</visibility>
		<description><![CDATA[<div><div><span><b>Altitude:</b></span> <span>32,050 ft - 32,000 ft</span></div>
<div><span><b>Speed:</b></span> <span>434 kt - 436 kt</span></div>
<div><span><b>Timestamp:</b></span><br/><span>2024-07-09 10:53:39 UTC<br/>2024-07-09 10:53:43 UTC</span></div>
</div>]]></description>
		<Style>
			<LineStyle>
				<color>ff4e00ff</color>
				<width>2</width>
			</LineStyle>
		</Style>
		<MultiGeometry>
			<LineString>
				<tessellate>1</tessellate>
				<altitudeMode>absolute</altitudeMode>
				<coordinates>
					129.637848,36.356926,9768.84 129.62915,36.358788,9753.6 
				</coordinates>
			</LineString>
		</MultiGeometry>
	</Placemark>
	<Placemark>
		<name>P-638</name>
		<visibility>0</visibility>
		<description><![CDATA[<div><div><span><b>Altitude:</b></span> <span>32,000 ft - 31,950 ft</span></div>
<div><span><b>Speed:</b></span> <span>436 kt</span></div>
<div><span><b>Timestamp:</b></span><br/><span>2024-07-09 10:53:43 UTC<br/>2024-07-09 10:53:46 UTC</span></div>
</div>]]></description>
		<Style>
			<LineStyle>
				<color>ff4e00ff</color>
				<width>2</width>
			</LineStyle>
		</Style>
		<MultiGeometry>
			<LineString>
				<tessellate>1</tessellate>
				<altitudeMode>absolute</altitudeMode>
				<coordinates>
					129.62915,36.358788,9753.6 129.622253,36.360462,9738.360000000001 
				</coordinates>
			</LineString>
		</MultiGeometry>
	</Placemark>
	<Placemark>
		<name>P-639</name>
		<visibility>0</visibility>
		<description><![CDATA[<div><div><span><b>Altitude:</b></span> <span>31,950 ft - 31,925 ft</span></div>
<div><span><b>Speed:</b></span> <span>436 kt</span></div>
<div><span><b>Timestamp:</b></span><br/><span>2024-07-09 10:53:46 UTC<br/>2024-07-09 10:53:48 UTC</span></div>
</div>]]></description>
		<Style>
			<LineStyle>
				<color>ff4e00ff</color>
				<width>2</width>
			</LineStyle>
		</Style>
		<MultiGeometry>
			<LineString>
				<tessellate>1</tessellate>
				<altitudeMode>absolute</altitudeMode>
				<coordinates>
					129.622253,36.360462,9738.360000000001 129.617218,36.361862,9730.739999999998 
				</coordinates>
			</LineString>
		</MultiGeometry>
	</Placemark>
	<Placemark>
		<name>P-640</name>
		<visibility>0</visibility>
		<description><![CDATA[<div><div><span><b>Altitude:</b></span> <span>31,925 ft - 31,850 ft</span></div>
<div><span><b>Speed:</b></span> <span>436 kt - 438 kt</span></div>
<div><span><b>Timestamp:</b></span><br/><span>2024-07-09 10:53:48 UTC<br/>2024-07-09 10:53:52 UTC</span></div>
</div>]]></description>
		<Style>
			<LineStyle>
				<color>ff4e00ff</color>
				<width>2</width>
			</LineStyle>
		</Style>
		<MultiGeometry>
			<LineString>
				<tessellate>1</tessellate>
				<altitudeMode>absolute</altitudeMode>
				<coordinates>
					129.617218,36.361862,9730.739999999998 129.608231,36.364655,9707.879999999997 
				</coordinates>
			</LineString>
		</MultiGeometry>
	</Placemark>
	<Placemark>
		<name>P-641</name>
		<visibility>0</visibility>
		<description><![CDATA[<div><div><span><b>Altitude:</b></span> <span>31,850 ft - 31,800 ft</span></div>
<div><span><b>Speed:</b></span> <span>438 kt</span></div>
<div><span><b>Timestamp:</b></span><br/><span>2024-07-09 10:53:52 UTC<br/>2024-07-09 10:53:55 UTC</span></div>
</div>]]></description>
		<Style>
			<LineStyle>
				<color>ff4e00ff</color>
				<width>2</width>
			</LineStyle>
		</Style>
		<MultiGeometry>
			<LineString>
				<tessellate>1</tessellate>
				<altitudeMode>absolute</altitudeMode>
				<coordinates>
					129.608231,36.364655,9707.879999999997 129.600449,36.367352,9692.639999999999 
				</coordinates>
			</LineString>
		</MultiGeometry>
	</Placemark>
	<Placemark>
		<name>P-642</name>
		<visibility>0</visibility>
		<description><![CDATA[<div><div><span><b>Altitude:</b></span> <span>31,800 ft - 31,775 ft</span></div>
<div><span><b>Speed:</b></span> <span>438 kt - 440 kt</span></div>
<div><span><b>Timestamp:</b></span><br/><span>2024-07-09 10:53:55 UTC<br/>2024-07-09 10:53:58 UTC</span></div>
</div>]]></description>
		<Style>
			<LineStyle>
				<color>ff4e00ff</color>
				<width>2</width>
			</LineStyle>
		</Style>
		<MultiGeometry>
			<LineString>
				<tessellate>1</tessellate>
				<altitudeMode>absolute</altitudeMode>
				<coordinates>
					129.600449,36.367352,9692.639999999999 129.594376,36.369541,9685.02 
				</coordinates>
			</LineString>
		</MultiGeometry>
	</Placemark>
	<Placemark>
		<name>P-643</name>
		<visibility>0</visibility>
		<description><![CDATA[<div><div><span><b>Altitude:</b></span> <span>31,775 ft - 31,725 ft</span></div>
<div><span><b>Speed:</b></span> <span>440 kt - 439 kt</span></div>
<div><span><b>Timestamp:</b></span><br/><span>2024-07-09 10:53:58 UTC<br/>2024-07-09 10:54:01 UTC</span></div>
</div>]]></description>
		<Style>
			<LineStyle>
				<color>ff4e00ff</color>
				<width>2</width>
			</LineStyle>
		</Style>
		<MultiGeometry>
			<LineString>
				<tessellate>1</tessellate>
				<altitudeMode>absolute</altitudeMode>
				<coordinates>
					129.594376,36.369541,9685.02 129.586487,36.372391,9669.780000000001 
				</coordinates>
			</LineString>
		</MultiGeometry>
	</Placemark>
	<Placemark>
		<name>P-644</name>
		<visibility>0</visibility>
		<description><![CDATA[<div><div><span><b>Altitude:</b></span> <span>31,725 ft - 31,675 ft</span></div>
<div><span><b>Speed:</b></span> <span>439 kt - 440 kt</span></div>
<div><span><b>Timestamp:</b></span><br/><span>2024-07-09 10:54:01 UTC<br/>2024-07-09 10:54:04 UTC</span></div>
</div>]]></description>
		<Style>
			<LineStyle>
				<color>ff4e00ff</color>
				<width>2</width>
			</LineStyle>
		</Style>
		<MultiGeometry>
			<LineString>
				<tessellate>1</tessellate>
				<altitudeMode>absolute</altitudeMode>
				<coordinates>
					129.586487,36.372391,9669.780000000001 129.579941,36.374756,9654.540000000001 
				</coordinates>
			</LineString>
		</MultiGeometry>
	</Placemark>
	<Placemark>
		<name>P-645</name>
		<visibility>0</visibility>
		<description><![CDATA[<div><div><span><b>Altitude:</b></span> <span>31,675 ft - 31,625 ft</span></div>
<div><span><b>Speed:</b></span> <span>440 kt</span></div>
<div><span><b>Timestamp:</b></span><br/><span>2024-07-09 10:54:04 UTC<br/>2024-07-09 10:54:07 UTC</span></div>
</div>]]></description>
		<Style>
			<LineStyle>
				<color>ff4e00ff</color>
				<width>2</width>
			</LineStyle>
		</Style>
		<MultiGeometry>
			<LineString>
				<tessellate>1</tessellate>
				<altitudeMode>absolute</altitudeMode>
				<coordinates>
					129.579941,36.374756,9654.540000000001 129.572876,36.377289,9639.299999999999 
				</coordinates>
			</LineString>
		</MultiGeometry>
	</Placemark>
	<Placemark>
		<name>P-646</name>
		<visibility>0</visibility>
		<description><![CDATA[<div><div><span><b>Altitude:</b></span> <span>31,625 ft - 31,050 ft</span></div>
<div><span><b>Speed:</b></span> <span>440 kt - 437 kt</span></div>
<div><span><b>Timestamp:</b></span><br/><span>2024-07-09 10:54:07 UTC<br/>2024-07-09 10:54:41 UTC</span></div>
</div>]]></description>
		<Style>
			<LineStyle>
				<color>ff4e00ff</color>
				<width>2</width>
			</LineStyle>
		</Style>
		<MultiGeometry>
			<LineString>
				<tessellate>1</tessellate>
				<altitudeMode>absolute</altitudeMode>
				<coordinates>
					129.572876,36.377289,9639.299999999999 129.494415,36.404251,9464.040000000001 
				</coordinates>
			</LineString>
		</MultiGeometry>
	</Placemark>
	<Placemark>
		<name>P-647</name>
		<visibility>0</visibility>
		<description><![CDATA[<div><div><span><b>Altitude:</b></span> <span>31,050 ft - 30,575 ft</span></div>
<div><span><b>Speed:</b></span> <span>437 kt - 438 kt</span></div>
<div><span><b>Timestamp:</b></span><br/><span>2024-07-09 10:54:41 UTC<br/>2024-07-09 10:55:12 UTC</span></div>
</div>]]></description>
		<Style>
			<LineStyle>
				<color>ff3600ff</color>
				<width>2</width>
			</LineStyle>
		</Style>
		<MultiGeometry>
			<LineString>
				<tessellate>1</tessellate>
				<altitudeMode>absolute</altitudeMode>
				<coordinates>
					129.494415,36.404251,9464.040000000001 129.42421,36.428055,9319.259999999998 
				</coordinates>
			</LineString>
		</MultiGeometry>
	</Placemark>
	<Placemark>
		<name>P-648</name>
		<visibility>0</visibility>
		<description><![CDATA[<div><div><span><b>Altitude:</b></span> <span>30,575 ft - 30,075 ft</span></div>
<div><span><b>Speed:</b></span> <span>438 kt - 436 kt</span></div>
<div><span><b>Timestamp:</b></span><br/><span>2024-07-09 10:55:12 UTC<br/>2024-07-09 10:55:41 UTC</span></div>
</div>]]></description>
		<Style>
			<LineStyle>
				<color>ff3600ff</color>
				<width>2</width>
			</LineStyle>
		</Style>
		<MultiGeometry>
			<LineString>
				<tessellate>1</tessellate>
				<altitudeMode>absolute</altitudeMode>
				<coordinates>
					129.42421,36.428055,9319.259999999998 129.3573,36.451008,9166.860000000001 
				</coordinates>
			</LineString>
		</MultiGeometry>
	</Placemark>
	<Placemark>
		<name>P-649</name>
		<visibility>0</visibility>
		<description><![CDATA[<div><div><span><b>Altitude:</b></span> <span>30,075 ft - 29,525 ft</span></div>
<div><span><b>Speed:</b></span> <span>436 kt - 444 kt</span></div>
<div><span><b>Timestamp:</b></span><br/><span>2024-07-09 10:55:41 UTC<br/>2024-07-09 10:56:16 UTC</span></div>
</div>]]></description>
		<Style>
			<LineStyle>
				<color>ff3600ff</color>
				<width>2</width>
			</LineStyle>
		</Style>
		<MultiGeometry>
			<LineString>
				<tessellate>1</tessellate>
				<altitudeMode>absolute</altitudeMode>
				<coordinates>
					129.3573,36.451008,9166.860000000001 129.277832,36.477951,8999.219999999999 
				</coordinates>
			</LineString>
		</MultiGeometry>
	</Placemark>
	<Placemark>
		<name>P-650</name>
		<visibility>0</visibility>
		<description><![CDATA[<div><div><span><b>Altitude:</b></span> <span>29,525 ft - 28,725 ft</span></div>
<div><span><b>Speed:</b></span> <span>444 kt - 450 kt</span></div>
<div><span><b>Timestamp:</b></span><br/><span>2024-07-09 10:56:16 UTC<br/>2024-07-09 10:56:49 UTC</span></div>
</div>]]></description>
		<Style>
			<LineStyle>
				<color>ff2400ff</color>
				<width>2</width>
			</LineStyle>
		</Style>
		<MultiGeometry>
			<LineString>
				<tessellate>1</tessellate>
				<altitudeMode>absolute</altitudeMode>
				<coordinates>
					129.277832,36.477951,8999.219999999999 129.197754,36.505379,8755.379999999999 
				</coordinates>
			</LineString>
		</MultiGeometry>
	</Placemark>
	<Placemark>
		<name>P-651</name>
		<visibility>0</visibility>
		<description><![CDATA[<div><div><span><b>Altitude:</b></span> <span>28,725 ft - 27,900 ft</span></div>
<div><span><b>Speed:</b></span> <span>450 kt - 448 kt</span></div>
<div><span><b>Timestamp:</b></span><br/><span>2024-07-09 10:56:49 UTC<br/>2024-07-09 10:57:21 UTC</span></div>
</div>]]></description>
		<Style>
			<LineStyle>
				<color>ff2400ff</color>
				<width>2</width>
			</LineStyle>
		</Style>
		<MultiGeometry>
			<LineString>
				<tessellate>1</tessellate>
				<altitudeMode>absolute</altitudeMode>
				<coordinates>
					129.197754,36.505379,8755.379999999999 129.119858,36.531738,8503.92 
				</coordinates>
			</LineString>
		</MultiGeometry>
	</Placemark>
	<Placemark>
		<name>P-652</name>
		<visibility>0</visibility>
		<description><![CDATA[<div><div><span><b>Altitude:</b></span> <span>27,900 ft - 27,125 ft</span></div>
<div><span><b>Speed:</b></span> <span>448 kt - 449 kt</span></div>
<div><span><b>Timestamp:</b></span><br/><span>2024-07-09 10:57:21 UTC<br/>2024-07-09 10:57:53 UTC</span></div>
</div>]]></description>
		<Style>
			<LineStyle>
				<color>ff2400ff</color>
				<width>2</width>
			</LineStyle>
		</Style>
		<MultiGeometry>
			<LineString>
				<tessellate>1</tessellate>
				<altitudeMode>absolute</altitudeMode>
				<coordinates>
					129.119858,36.531738,8503.92 129.043976,36.557053,8267.699999999999 
				</coordinates>
			</LineString>
		</MultiGeometry>
	</Placemark>
	<Placemark>
		<name>P-653</name>
		<visibility>0</visibility>
		<description><![CDATA[<div><div><span><b>Altitude:</b></span> <span>27,125 ft - 26,350 ft</span></div>
<div><span><b>Speed:</b></span> <span>449 kt - 447 kt</span></div>
<div><span><b>Timestamp:</b></span><br/><span>2024-07-09 10:57:53 UTC<br/>2024-07-09 10:58:24 UTC</span></div>
</div>]]></description>
		<Style>
			<LineStyle>
				<color>ff0000ff</color>
				<width>2</width>
			</LineStyle>
		</Style>
		<MultiGeometry>
			<LineString>
				<tessellate>1</tessellate>
				<altitudeMode>absolute</altitudeMode>
				<coordinates>
					129.043976,36.557053,8267.699999999999 128.971771,36.581448,8031.48 
				</coordinates>
			</LineString>
		</MultiGeometry>
	</Placemark>
	<Placemark>
		<name>P-654</name>
		<visibility>0</visibility>
		<description><![CDATA[<div><div><span><b>Altitude:</b></span> <span>26,350 ft - 25,500 ft</span></div>
<div><span><b>Speed:</b></span> <span>447 kt - 440 kt</span></div>
<div><span><b>Timestamp:</b></span><br/><span>2024-07-09 10:58:24 UTC<br/>2024-07-09 10:58:58 UTC</span></div>
</div>]]></description>
		<Style>
			<LineStyle>
				<color>ff0000ff</color>
				<width>2</width>
			</LineStyle>
		</Style>
		<MultiGeometry>
			<LineString>
				<tessellate>1</tessellate>
				<altitudeMode>absolute</altitudeMode>
				<coordinates>
					128.971771,36.581448,8031.48 128.892578,36.608276,7772.399999999998 
				</coordinates>
			</LineString>
		</MultiGeometry>
	</Placemark>
	<Placemark>
		<name>P-655</name>
		<visibility>0</visibility>
		<description><![CDATA[<div><div><span><b>Altitude:</b></span> <span>25,500 ft - 24,700 ft</span></div>
<div><span><b>Speed:</b></span> <span>440 kt - 434 kt</span></div>
<div><span><b>Timestamp:</b></span><br/><span>2024-07-09 10:58:58 UTC<br/>2024-07-09 10:59:30 UTC</span></div>
</div>]]></description>
		<Style>
			<LineStyle>
				<color>ff0000ff</color>
				<width>2</width>
			</LineStyle>
		</Style>
		<MultiGeometry>
			<LineString>
				<tessellate>1</tessellate>
				<altitudeMode>absolute</altitudeMode>
				<coordinates>
					128.892578,36.608276,7772.399999999998 128.81778,36.633453,7528.559999999998 
				</coordinates>
			</LineString>
		</MultiGeometry>
	</Placemark>
	<Placemark>
		<name>P-656</name>
		<visibility>0</visibility>
		<description><![CDATA[<div><div><span><b>Altitude:</b></span> <span>24,700 ft - 23,850 ft</span></div>
<div><span><b>Speed:</b></span> <span>434 kt</span></div>
<div><span><b>Timestamp:</b></span><br/><span>2024-07-09 10:59:30 UTC<br/>2024-07-09 11:00:04 UTC</span></div>
</div>]]></description>
		<Style>
			<LineStyle>
				<color>ff0000ff</color>
				<width>2</width>
			</LineStyle>
		</Style>
		<MultiGeometry>
			<LineString>
				<tessellate>1</tessellate>
				<altitudeMode>absolute</altitudeMode>
				<coordinates>
					128.81778,36.633453,7528.559999999998 128.74118,36.65905,7269.479999999999 
				</coordinates>
			</LineString>
		</MultiGeometry>
	</Placemark>
	<Placemark>
		<name>P-657</name>
		<visibility>0</visibility>
		<description><![CDATA[<div><div><span><b>Altitude:</b></span> <span>23,850 ft - 23,050 ft</span></div>
<div><span><b>Speed:</b></span> <span>434 kt - 430 kt</span></div>
<div><span><b>Timestamp:</b></span><br/><span>2024-07-09 11:00:04 UTC<br/>2024-07-09 11:00:35 UTC</span></div>
</div>]]></description>
		<Style>
			<LineStyle>
				<color>ff001eff</color>
				<width>2</width>
			</LineStyle>
		</Style>
		<MultiGeometry>
			<LineString>
				<tessellate>1</tessellate>
				<altitudeMode>absolute</altitudeMode>
				<coordinates>
					128.74118,36.65905,7269.479999999999 128.667206,36.683441,7025.639999999999 
				</coordinates>
			</LineString>
		</MultiGeometry>
	</Placemark>
	<Placemark>
		<name>P-658</name>
		<visibility>0</visibility>
		<description><![CDATA[<div><div><span><b>Altitude:</b></span> <span>23,050 ft - 22,250 ft</span></div>
<div><span><b>Speed:</b></span> <span>430 kt - 420 kt</span></div>
<div><span><b>Timestamp:</b></span><br/><span>2024-07-09 11:00:35 UTC<br/>2024-07-09 11:01:07 UTC</span></div>
</div>]]></description>
		<Style>
			<LineStyle>
				<color>ff001eff</color>
				<width>2</width>
			</LineStyle>
		</Style>
		<MultiGeometry>
			<LineString>
				<tessellate>1</tessellate>
				<altitudeMode>absolute</altitudeMode>
				<coordinates>
					128.667206,36.683441,7025.639999999999 128.59433,36.707558,6781.800000000001 
				</coordinates>
			</LineString>
		</MultiGeometry>
	</Placemark>
	<Placemark>
		<name>P-659</name>
		<visibility>0</visibility>
		<description><![CDATA[<div><div><span><b>Altitude:</b></span> <span>22,250 ft - 21,525 ft</span></div>
<div><span><b>Speed:</b></span> <span>420 kt - 408 kt</span></div>
<div><span><b>Timestamp:</b></span><br/><span>2024-07-09 11:01:07 UTC<br/>2024-07-09 11:01:39 UTC</span></div>
</div>]]></description>
		<Style>
			<LineStyle>
				<color>ff0030ff</color>
				<width>2</width>
			</LineStyle>
		</Style>
		<MultiGeometry>
			<LineString>
				<tessellate>1</tessellate>
				<altitudeMode>absolute</altitudeMode>
				<coordinates>
					128.59433,36.707558,6781.800000000001 128.526245,36.730362,6560.819999999999 
				</coordinates>
			</LineString>
		</MultiGeometry>
	</Placemark>
	<Placemark>
		<name>P-660</name>
		<visibility>0</visibility>
		<description><![CDATA[<div><div><span><b>Altitude:</b></span> <span>21,525 ft - 20,725 ft</span></div>
<div><span><b>Speed:</b></span> <span>408 kt - 404 kt</span></div>
<div><span><b>Timestamp:</b></span><br/><span>2024-07-09 11:01:39 UTC<br/>2024-07-09 11:02:11 UTC</span></div>
</div>]]></description>
		<Style>
			<LineStyle>
				<color>ff0030ff</color>
				<width>2</width>
			</LineStyle>
		</Style>
		<MultiGeometry>
			<LineString>
				<tessellate>1</tessellate>
				<altitudeMode>absolute</altitudeMode>
				<coordinates>
					128.526245,36.730362,6560.819999999999 128.458115,36.753036,6316.979999999999 
				</coordinates>
			</LineString>
		</MultiGeometry>
	</Placemark>
	<Placemark>
		<name>P-661</name>
		<visibility>0</visibility>
		<description><![CDATA[<div><div><span><b>Altitude:</b></span> <span>20,725 ft - 19,925 ft</span></div>
<div><span><b>Speed:</b></span> <span>404 kt - 400 kt</span></div>
<div><span><b>Timestamp:</b></span><br/><span>2024-07-09 11:02:11 UTC<br/>2024-07-09 11:02:41 UTC</span></div>
</div>]]></description>
		<Style>
			<LineStyle>
				<color>ff0054ff</color>
				<width>2</width>
			</LineStyle>
		</Style>
		<MultiGeometry>
			<LineString>
				<tessellate>1</tessellate>
				<altitudeMode>absolute</altitudeMode>
				<coordinates>
					128.458115,36.753036,6316.979999999999 128.391022,36.77515,6073.14 
				</coordinates>
			</LineString>
		</MultiGeometry>
	</Placemark>
	<Placemark>
		<name>P-662</name>
		<visibility>0</visibility>
		<description><![CDATA[<div><div><span><b>Altitude:</b></span> <span>19,925 ft - 19,150 ft</span></div>
<div><span><b>Speed:</b></span> <span>400 kt - 398 kt</span></div>
<div><span><b>Timestamp:</b></span><br/><span>2024-07-09 11:02:41 UTC<br/>2024-07-09 11:03:13 UTC</span></div>
</div>]]></description>
		<Style>
			<LineStyle>
				<color>ff0054ff</color>
				<width>2</width>
			</LineStyle>
		</Style>
		<MultiGeometry>
			<LineString>
				<tessellate>1</tessellate>
				<altitudeMode>absolute</altitudeMode>
				<coordinates>
					128.391022,36.77515,6073.14 128.324814,36.796936,5836.92 
				</coordinates>
			</LineString>
		</MultiGeometry>
	</Placemark>
	<Placemark>
		<name>P-663</name>
		<visibility>0</visibility>
		<description><![CDATA[<div><div><span><b>Altitude:</b></span> <span>19,150 ft - 18,400 ft</span></div>
<div><span><b>Speed:</b></span> <span>398 kt - 393 kt</span></div>
<div><span><b>Timestamp:</b></span><br/><span>2024-07-09 11:03:13 UTC<br/>2024-07-09 11:03:43 UTC</span></div>
</div>]]></description>
		<Style>
			<LineStyle>
				<color>ff0078ff</color>
				<width>2</width>
			</LineStyle>
		</Style>
		<MultiGeometry>
			<LineString>
				<tessellate>1</tessellate>
				<altitudeMode>absolute</altitudeMode>
				<coordinates>
					128.324814,36.796936,5836.92 128.261551,36.817795,5608.32 
				</coordinates>
			</LineString>
		</MultiGeometry>
	</Placemark>
	<Placemark>
		<name>P-664</name>
		<visibility>0</visibility>
		<description><![CDATA[<div><div><span><b>Altitude:</b></span> <span>18,400 ft - 17,600 ft</span></div>
<div><span><b>Speed:</b></span> <span>393 kt - 388 kt</span></div>
<div><span><b>Timestamp:</b></span><br/><span>2024-07-09 11:03:43 UTC<br/>2024-07-09 11:04:14 UTC</span></div>
</div>]]></description>
		<Style>
			<LineStyle>
				<color>ff0078ff</color>
				<width>2</width>
			</LineStyle>
		</Style>
		<MultiGeometry>
			<LineString>
				<tessellate>1</tessellate>
				<altitudeMode>absolute</altitudeMode>
				<coordinates>
					128.261551,36.817795,5608.32 128.195145,36.839531,5364.479999999999 
				</coordinates>
			</LineString>
		</MultiGeometry>
	</Placemark>
	<Placemark>
		<name>P-665</name>
		<visibility>0</visibility>
		<description><![CDATA[<div><div><span><b>Altitude:</b></span> <span>17,600 ft - 16,675 ft</span></div>
<div><span><b>Speed:</b></span> <span>388 kt - 386 kt</span></div>
<div><span><b>Timestamp:</b></span><br/><span>2024-07-09 11:04:14 UTC<br/>2024-07-09 11:04:51 UTC</span></div>
</div>]]></description>
		<Style>
			<LineStyle>
				<color>ff0096ff</color>
				<width>2</width>
			</LineStyle>
		</Style>
		<MultiGeometry>
			<LineString>
				<tessellate>1</tessellate>
				<altitudeMode>absolute</altitudeMode>
				<coordinates>
					128.195145,36.839531,5364.479999999999 128.118744,36.864483,5082.54 
				</coordinates>
			</LineString>
		</MultiGeometry>
	</Placemark>
	<Placemark>
		<name>P-666</name>
		<visibility>0</visibility>
		<description><![CDATA[<div><div><span><b>Altitude:</b></span> <span>16,675 ft - 16,050 ft</span></div>
<div><span><b>Speed:</b></span> <span>386 kt - 383 kt</span></div>
<div><span><b>Timestamp:</b></span><br/><span>2024-07-09 11:04:51 UTC<br/>2024-07-09 11:05:23 UTC</span></div>
</div>]]></description>
		<Style>
			<LineStyle>
				<color>ff0096ff</color>
				<width>2</width>
			</LineStyle>
		</Style>
		<MultiGeometry>
			<LineString>
				<tessellate>1</tessellate>
				<altitudeMode>absolute</altitudeMode>
				<coordinates>
					128.118744,36.864483,5082.54 128.054138,36.885666,4892.04 
				</coordinates>
			</LineString>
		</MultiGeometry>
	</Placemark>
	<Placemark>
		<name>P-667</name>
		<visibility>0</visibility>
		<description><![CDATA[<div><div><span><b>Altitude:</b></span> <span>16,050 ft - 15,975 ft</span></div>
<div><span><b>Speed:</b></span> <span>383 kt - 389 kt</span></div>
<div><span><b>Timestamp:</b></span><br/><span>2024-07-09 11:05:23 UTC<br/>2024-07-09 11:05:56 UTC</span></div>
</div>]]></description>
		<Style>
			<LineStyle>
				<color>ff00a8ff</color>
				<width>2</width>
			</LineStyle>
		</Style>
		<MultiGeometry>
			<LineString>
				<tessellate>1</tessellate>
				<altitudeMode>absolute</altitudeMode>
				<coordinates>
					128.054138,36.885666,4892.04 127.987213,36.907379,4869.18 
				</coordinates>
			</LineString>
		</MultiGeometry>
	</Placemark>
	<Placemark>
		<name>P-668</name>
		<visibility>0</visibility>
		<description><![CDATA[<div><div><span><b>Altitude:</b></span> <span>15,975 ft - 16,000 ft</span></div>
<div><span><b>Speed:</b></span> <span>389 kt - 388 kt</span></div>
<div><span><b>Timestamp:</b></span><br/><span>2024-07-09 11:05:56 UTC<br/>2024-07-09 11:06:31 UTC</span></div>
</div>]]></description>
		<Style>
			<LineStyle>
				<color>ff00a8ff</color>
				<width>2</width>
			</LineStyle>
		</Style>
		<MultiGeometry>
			<LineString>
				<tessellate>1</tessellate>
				<altitudeMode>absolute</altitudeMode>
				<coordinates>
					127.987213,36.907379,4869.18 127.913292,36.931503,4876.8 
				</coordinates>
			</LineString>
		</MultiGeometry>
	</Placemark>
	<Placemark>
		<name>P-669</name>
		<visibility>0</visibility>
		<description><![CDATA[<div><div><span><b>Altitude:</b></span> <span>16,000 ft</span></div>
<div><span><b>Speed:</b></span> <span>388 kt - 381 kt</span></div>
<div><span><b>Timestamp:</b></span><br/><span>2024-07-09 11:06:31 UTC<br/>2024-07-09 11:07:02 UTC</span></div>
</div>]]></description>
		<Style>
			<LineStyle>
				<color>ff00a8ff</color>
				<width>2</width>
			</LineStyle>
		</Style>
		<MultiGeometry>
			<LineString>
				<tessellate>1</tessellate>
				<altitudeMode>absolute</altitudeMode>
				<coordinates>
					127.913292,36.931503,4876.8 127.850708,36.951782,4876.8 
				</coordinates>
			</LineString>
		</MultiGeometry>
	</Placemark>
	<Placemark>
		<name>P-670</name>
		<visibility>0</visibility>
		<description><![CDATA[<div><div><span><b>Altitude:</b></span> <span>16,000 ft - 16,025 ft</span></div>
<div><span><b>Speed:</b></span> <span>381 kt - 351 kt</span></div>
<div><span><b>Timestamp:</b></span><br/><span>2024-07-09 11:07:02 UTC<br/>2024-07-09 11:07:32 UTC</span></div>
</div>]]></description>
		<Style>
			<LineStyle>
				<color>ff00a8ff</color>
				<width>2</width>
			</LineStyle>
		</Style>
		<MultiGeometry>
			<LineString>
				<tessellate>1</tessellate>
				<altitudeMode>absolute</altitudeMode>
				<coordinates>
					127.850708,36.951782,4876.8 127.789207,36.971832,4884.42 
				</coordinates>
			</LineString>
		</MultiGeometry>
	</Placemark>
	<Placemark>
		<name>P-671</name>
		<visibility>0</visibility>
		<description><![CDATA[<div><div><span><b>Altitude:</b></span> <span>16,025 ft</span></div>
<div><span><b>Speed:</b></span> <span>351 kt - 314 kt</span></div>
<div><span><b>Timestamp:</b></span><br/><span>2024-07-09 11:07:32 UTC<br/>2024-07-09 11:08:04 UTC</span></div>
</div>]]></description>
		<Style>
			<LineStyle>
				<color>ff00a8ff</color>
				<width>2</width>
			</LineStyle>
		</Style>
		<MultiGeometry>
			<LineString>
				<tessellate>1</tessellate>
				<altitudeMode>absolute</altitudeMode>
				<coordinates>
					127.789207,36.971832,4884.42 127.734398,36.989662,4884.42 
				</coordinates>
			</LineString>
		</MultiGeometry>
	</Placemark>
	<Placemark>
		<name>P-672</name>
		<visibility>0</visibility>
		<description><![CDATA[<div><div><span><b>Altitude:</b></span> <span>16,025 ft - 15,850 ft</span></div>
<div><span><b>Speed:</b></span> <span>314 kt - 298 kt</span></div>
<div><span><b>Timestamp:</b></span><br/><span>2024-07-09 11:08:04 UTC<br/>2024-07-09 11:08:35 UTC</span></div>
</div>]]></description>
		<Style>
			<LineStyle>
				<color>ff00a8ff</color>
				<width>2</width>
			</LineStyle>
		</Style>
		<MultiGeometry>
			<LineString>
				<tessellate>1</tessellate>
				<altitudeMode>absolute</altitudeMode>
				<coordinates>
					127.734398,36.989662,4884.42 127.683868,37.00589,4831.08 
				</coordinates>
			</LineString>
		</MultiGeometry>
	</Placemark>
	<Placemark>
		<name>P-673</name>
		<visibility>0</visibility>
		<description><![CDATA[<div><div><span><b>Altitude:</b></span> <span>15,850 ft - 15,175 ft</span></div>
<div><span><b>Speed:</b></span> <span>298 kt - 303 kt</span></div>
<div><span><b>Timestamp:</b></span><br/><span>2024-07-09 11:08:35 UTC<br/>2024-07-09 11:08:59 UTC</span></div>
</div>]]></description>
		<Style>
			<LineStyle>
				<color>ff00a8ff</color>
				<width>2</width>
			</LineStyle>
		</Style>
		<MultiGeometry>
			<LineString>
				<tessellate>1</tessellate>
				<altitudeMode>absolute</altitudeMode>
				<coordinates>
					127.683868,37.00589,4831.08 127.645531,37.020767,4625.34 
				</coordinates>
			</LineString>
		</MultiGeometry>
	</Placemark>
	<Placemark>
		<name>P-674</name>
		<visibility>0</visibility>
		<description><![CDATA[<div><div><span><b>Altitude:</b></span> <span>15,175 ft - 15,125 ft</span></div>
<div><span><b>Speed:</b></span> <span>303 kt - 306 kt</span></div>
<div><span><b>Timestamp:</b></span><br/><span>2024-07-09 11:08:59 UTC<br/>2024-07-09 11:09:02 UTC</span></div>
</div>]]></description>
		<Style>
			<LineStyle>
				<color>ff00a8ff</color>
				<width>2</width>
			</LineStyle>
		</Style>
		<MultiGeometry>
			<LineString>
				<tessellate>1</tessellate>
				<altitudeMode>absolute</altitudeMode>
				<coordinates>
					127.645531,37.020767,4625.34 127.641846,37.02346,4610.1 
				</coordinates>
			</LineString>
		</MultiGeometry>
	</Placemark>
	<Placemark>
		<name>P-675</name>
		<visibility>0</visibility>
		<description><![CDATA[<div><div><span><b>Altitude:</b></span> <span>15,125 ft - 15,075 ft</span></div>
<div><span><b>Speed:</b></span> <span>306 kt - 307 kt</span></div>
<div><span><b>Timestamp:</b></span><br/><span>2024-07-09 11:09:02 UTC<br/>2024-07-09 11:09:05 UTC</span></div>
</div>]]></description>
		<Style>
			<LineStyle>
				<color>ff00a8ff</color>
				<width>2</width>
			</LineStyle>
		</Style>
		<MultiGeometry>
			<LineString>
				<tessellate>1</tessellate>
				<altitudeMode>absolute</altitudeMode>
				<coordinates>
					127.641846,37.02346,4610.1 127.638268,37.026485,4594.86 
				</coordinates>
			</LineString>
		</MultiGeometry>
	</Placemark>
	<Placemark>
		<name>P-676</name>
		<visibility>0</visibility>
		<description><![CDATA[<div><div><span><b>Altitude:</b></span> <span>15,075 ft - 15,050 ft</span></div>
<div><span><b>Speed:</b></span> <span>307 kt - 309 kt</span></div>
<div><span><b>Timestamp:</b></span><br/><span>2024-07-09 11:09:05 UTC<br/>2024-07-09 11:09:09 UTC</span></div>
</div>]]></description>
		<Style>
			<LineStyle>
				<color>ff00a8ff</color>
				<width>2</width>
			</LineStyle>
		</Style>
		<MultiGeometry>
			<LineString>
				<tessellate>1</tessellate>
				<altitudeMode>absolute</altitudeMode>
				<coordinates>
					127.638268,37.026485,4594.86 127.634659,37.030151,4587.24 
				</coordinates>
			</LineString>
		</MultiGeometry>
	</Placemark>
	<Placemark>
		<name>P-677</name>
		<visibility>0</visibility>
		<description><![CDATA[<div><div><span><b>Altitude:</b></span> <span>15,050 ft - 15,025 ft</span></div>
<div><span><b>Speed:</b></span> <span>309 kt - 312 kt</span></div>
<div><span><b>Timestamp:</b></span><br/><span>2024-07-09 11:09:09 UTC<br/>2024-07-09 11:09:12 UTC</span></div>
</div>]]></description>
		<Style>
			<LineStyle>
				<color>ff00a8ff</color>
				<width>2</width>
			</LineStyle>
		</Style>
		<MultiGeometry>
			<LineString>
				<tessellate>1</tessellate>
				<altitudeMode>absolute</altitudeMode>
				<coordinates>
					127.634659,37.030151,4587.24 127.631577,37.033981,4579.619999999999 
				</coordinates>
			</LineString>
		</MultiGeometry>
	</Placemark>
	<Placemark>
		<name>P-678</name>
		<visibility>0</visibility>
		<description><![CDATA[<div><div><span><b>Altitude:</b></span> <span>15,025 ft</span></div>
<div><span><b>Speed:</b></span> <span>312 kt - 315 kt</span></div>
<div><span><b>Timestamp:</b></span><br/><span>2024-07-09 11:09:12 UTC<br/>2024-07-09 11:09:15 UTC</span></div>
</div>]]></description>
		<Style>
			<LineStyle>
				<color>ff00a8ff</color>
				<width>2</width>
			</LineStyle>
		</Style>
		<MultiGeometry>
			<LineString>
				<tessellate>1</tessellate>
				<altitudeMode>absolute</altitudeMode>
				<coordinates>
					127.631577,37.033981,4579.619999999999 127.629066,37.037659,4579.619999999999 
				</coordinates>
			</LineString>
		</MultiGeometry>
	</Placemark>
	<Placemark>
		<name>P-679</name>
		<visibility>0</visibility>
		<description><![CDATA[<div><div><span><b>Altitude:</b></span> <span>15,025 ft</span></div>
<div><span><b>Speed:</b></span> <span>315 kt - 316 kt</span></div>
<div><span><b>Timestamp:</b></span><br/><span>2024-07-09 11:09:15 UTC<br/>2024-07-09 11:09:18 UTC</span></div>
</div>]]></description>
		<Style>
			<LineStyle>
				<color>ff00a8ff</color>
				<width>2</width>
			</LineStyle>
		</Style>
		<MultiGeometry>
			<LineString>
				<tessellate>1</tessellate>
				<altitudeMode>absolute</altitudeMode>
				<coordinates>
					127.629066,37.037659,4579.619999999999 127.62648,37.042099,4579.619999999999 
				</coordinates>
			</LineString>
		</MultiGeometry>
	</Placemark>
	<Placemark>
		<name>P-680</name>
		<visibility>0</visibility>
		<description><![CDATA[<div><div><span><b>Altitude:</b></span> <span>15,025 ft</span></div>
<div><span><b>Speed:</b></span> <span>316 kt</span></div>
<div><span><b>Timestamp:</b></span><br/><span>2024-07-09 11:09:18 UTC<br/>2024-07-09 11:09:21 UTC</span></div>
</div>]]></description>
		<Style>
			<LineStyle>
				<color>ff00a8ff</color>
				<width>2</width>
			</LineStyle>
		</Style>
		<MultiGeometry>
			<LineString>
				<tessellate>1</tessellate>
				<altitudeMode>absolute</altitudeMode>
				<coordinates>
					127.62648,37.042099,4579.619999999999 127.624176,37.045944,4579.619999999999 
				</coordinates>
			</LineString>
		</MultiGeometry>
	</Placemark>
	<Placemark>
		<name>P-681</name>
		<visibility>0</visibility>
		<description><![CDATA[<div><div><span><b>Altitude:</b></span> <span>15,025 ft</span></div>
<div><span><b>Speed:</b></span> <span>316 kt - 318 kt</span></div>
<div><span><b>Timestamp:</b></span><br/><span>2024-07-09 11:09:21 UTC<br/>2024-07-09 11:09:24 UTC</span></div>
</div>]]></description>
		<Style>
			<LineStyle>
				<color>ff00a8ff</color>
				<width>2</width>
			</LineStyle>
		</Style>
		<MultiGeometry>
			<LineString>
				<tessellate>1</tessellate>
				<altitudeMode>absolute</altitudeMode>
				<coordinates>
					127.624176,37.045944,4579.619999999999 127.621742,37.05011,4579.619999999999 
				</coordinates>
			</LineString>
		</MultiGeometry>
	</Placemark>
	<Placemark>
		<name>P-682</name>
		<visibility>0</visibility>
		<description><![CDATA[<div><div><span><b>Altitude:</b></span> <span>15,025 ft</span></div>
<div><span><b>Speed:</b></span> <span>318 kt</span></div>
<div><span><b>Timestamp:</b></span><br/><span>2024-07-09 11:09:24 UTC<br/>2024-07-09 11:09:27 UTC</span></div>
</div>]]></description>
		<Style>
			<LineStyle>
				<color>ff00a8ff</color>
				<width>2</width>
			</LineStyle>
		</Style>
		<MultiGeometry>
			<LineString>
				<tessellate>1</tessellate>
				<altitudeMode>absolute</altitudeMode>
				<coordinates>
					127.621742,37.05011,4579.619999999999 127.619644,37.053818,4579.619999999999 
				</coordinates>
			</LineString>
		</MultiGeometry>
	</Placemark>
	<Placemark>
		<name>P-683</name>
		<visibility>0</visibility>
		<description><![CDATA[<div><div><span><b>Altitude:</b></span> <span>15,025 ft - 15,000 ft</span></div>
<div><span><b>Speed:</b></span> <span>318 kt</span></div>
<div><span><b>Timestamp:</b></span><br/><span>2024-07-09 11:09:27 UTC<br/>2024-07-09 11:09:30 UTC</span></div>
</div>]]></description>
		<Style>
			<LineStyle>
				<color>ff00a8ff</color>
				<width>2</width>
			</LineStyle>
		</Style>
		<MultiGeometry>
			<LineString>
				<tessellate>1</tessellate>
				<altitudeMode>absolute</altitudeMode>
				<coordinates>
					127.619644,37.053818,4579.619999999999 127.617065,37.058235,4572 
				</coordinates>
			</LineString>
		</MultiGeometry>
	</Placemark>
	<Placemark>
		<name>P-684</name>
		<visibility>0</visibility>
		<description><![CDATA[<div><div><span><b>Altitude:</b></span> <span>15,000 ft</span></div>
<div><span><b>Speed:</b></span> <span>318 kt</span></div>
<div><span><b>Timestamp:</b></span><br/><span>2024-07-09 11:09:30 UTC<br/>2024-07-09 11:09:33 UTC</span></div>
</div>]]></description>
		<Style>
			<LineStyle>
				<color>ff00a8ff</color>
				<width>2</width>
			</LineStyle>
		</Style>
		<MultiGeometry>
			<LineString>
				<tessellate>1</tessellate>
				<altitudeMode>absolute</altitudeMode>
				<coordinates>
					127.617065,37.058235,4572 127.614502,37.06279,4572 
				</coordinates>
			</LineString>
		</MultiGeometry>
	</Placemark>
	<Placemark>
		<name>P-685</name>
		<visibility>0</visibility>
		<description><![CDATA[<div><div><span><b>Altitude:</b></span> <span>15,000 ft</span></div>
<div><span><b>Speed:</b></span> <span>318 kt</span></div>
<div><span><b>Timestamp:</b></span><br/><span>2024-07-09 11:09:33 UTC<br/>2024-07-09 11:09:37 UTC</span></div>
</div>]]></description>
		<Style>
			<LineStyle>
				<color>ff00a8ff</color>
				<width>2</width>
			</LineStyle>
		</Style>
		<MultiGeometry>
			<LineString>
				<tessellate>1</tessellate>
				<altitudeMode>absolute</altitudeMode>
				<coordinates>
					127.614502,37.06279,4572 127.61216,37.066818,4572 
				</coordinates>
			</LineString>
		</MultiGeometry>
	</Placemark>
	<Placemark>
		<name>P-686</name>
		<visibility>0</visibility>
		<description><![CDATA[<div><div><span><b>Altitude:</b></span> <span>15,000 ft</span></div>
<div><span><b>Speed:</b></span> <span>318 kt - 313 kt</span></div>
<div><span><b>Timestamp:</b></span><br/><span>2024-07-09 11:09:37 UTC<br/>2024-07-09 11:10:08 UTC</span></div>
</div>]]></description>
		<Style>
			<LineStyle>
				<color>ff00a8ff</color>
				<width>2</width>
			</LineStyle>
		</Style>
		<MultiGeometry>
			<LineString>
				<tessellate>1</tessellate>
				<altitudeMode>absolute</altitudeMode>
				<coordinates>
					127.61216,37.066818,4572 127.588112,37.108185,4572 
				</coordinates>
			</LineString>
		</MultiGeometry>
	</Placemark>
	<Placemark>
		<name>P-687</name>
		<visibility>0</visibility>
		<description><![CDATA[<div><div><span><b>Altitude:</b></span> <span>15,000 ft</span></div>
<div><span><b>Speed:</b></span> <span>313 kt - 312 kt</span></div>
<div><span><b>Timestamp:</b></span><br/><span>2024-07-09 11:10:08 UTC<br/>2024-07-09 11:10:39 UTC</span></div>
</div>]]></description>
		<Style>
			<LineStyle>
				<color>ff00a8ff</color>
				<width>2</width>
			</LineStyle>
		</Style>
		<MultiGeometry>
			<LineString>
				<tessellate>1</tessellate>
				<altitudeMode>absolute</altitudeMode>
				<coordinates>
					127.588112,37.108185,4572 127.563988,37.149338,4572 
				</coordinates>
			</LineString>
		</MultiGeometry>
	</Placemark>
	<Placemark>
		<name>P-688</name>
		<visibility>0</visibility>
		<description><![CDATA[<div><div><span><b>Altitude:</b></span> <span>15,000 ft - 14,975 ft</span></div>
<div><span><b>Speed:</b></span> <span>312 kt - 302 kt</span></div>
<div><span><b>Timestamp:</b></span><br/><span>2024-07-09 11:10:39 UTC<br/>2024-07-09 11:10:58 UTC</span></div>
</div>]]></description>
		<Style>
			<LineStyle>
				<color>ff00a8ff</color>
				<width>2</width>
			</LineStyle>
		</Style>
		<MultiGeometry>
			<LineString>
				<tessellate>1</tessellate>
				<altitudeMode>absolute</altitudeMode>
				<coordinates>
					127.563988,37.149338,4572 127.54689,37.172562,4564.379999999999 
				</coordinates>
			</LineString>
		</MultiGeometry>
	</Placemark>
	<Placemark>
		<name>P-689</name>
		<visibility>0</visibility>
		<description><![CDATA[<div><div><span><b>Altitude:</b></span> <span>14,975 ft</span></div>
<div><span><b>Speed:</b></span> <span>302 kt - 299 kt</span></div>
<div><span><b>Timestamp:</b></span><br/><span>2024-07-09 11:10:58 UTC<br/>2024-07-09 11:11:01 UTC</span></div>
</div>]]></description>
		<Style>
			<LineStyle>
				<color>ff00a8ff</color>
				<width>2</width>
			</LineStyle>
		</Style>
		<MultiGeometry>
			<LineString>
				<tessellate>1</tessellate>
				<altitudeMode>absolute</altitudeMode>
				<coordinates>
					127.54689,37.172562,4564.379999999999 127.542908,37.17564,4564.379999999999 
				</coordinates>
			</LineString>
		</MultiGeometry>
	</Placemark>
	<Placemark>
		<name>P-690</name>
		<visibility>0</visibility>
		<description><![CDATA[<div><div><span><b>Altitude:</b></span> <span>14,975 ft - 15,000 ft</span></div>
<div><span><b>Speed:</b></span> <span>299 kt - 297 kt</span></div>
<div><span><b>Timestamp:</b></span><br/><span>2024-07-09 11:11:01 UTC<br/>2024-07-09 11:11:04 UTC</span></div>
</div>]]></description>
		<Style>
			<LineStyle>
				<color>ff00a8ff</color>
				<width>2</width>
			</LineStyle>
		</Style>
		<MultiGeometry>
			<LineString>
				<tessellate>1</tessellate>
				<altitudeMode>absolute</altitudeMode>
				<coordinates>
					127.542908,37.17564,4564.379999999999 127.53891,37.1782,4572 
				</coordinates>
			</LineString>
		</MultiGeometry>
	</Placemark>
	<Placemark>
		<name>P-691</name>
		<visibility>0</visibility>
		<description><![CDATA[<div><div><span><b>Altitude:</b></span> <span>15,000 ft</span></div>
<div><span><b>Speed:</b></span> <span>297 kt</span></div>
<div><span><b>Timestamp:</b></span><br/><span>2024-07-09 11:11:04 UTC<br/>2024-07-09 11:11:07 UTC</span></div>
</div>]]></description>
		<Style>
			<LineStyle>
				<color>ff00a8ff</color>
				<width>2</width>
			</LineStyle>
		</Style>
		<MultiGeometry>
			<LineString>
				<tessellate>1</tessellate>
				<altitudeMode>absolute</altitudeMode>
				<coordinates>
					127.53891,37.1782,4572 127.534492,37.180668,4572 
				</coordinates>
			</LineString>
		</MultiGeometry>
	</Placemark>
	<Placemark>
		<name>P-692</name>
		<visibility>0</visibility>
		<description><![CDATA[<div><div><span><b>Altitude:</b></span> <span>15,000 ft - 15,025 ft</span></div>
<div><span><b>Speed:</b></span> <span>297 kt - 296 kt</span></div>
<div><span><b>Timestamp:</b></span><br/><span>2024-07-09 11:11:07 UTC<br/>2024-07-09 11:11:10 UTC</span></div>
</div>]]></description>
		<Style>
			<LineStyle>
				<color>ff00a8ff</color>
				<width>2</width>
			</LineStyle>
		</Style>
		<MultiGeometry>
			<LineString>
				<tessellate>1</tessellate>
				<altitudeMode>absolute</altitudeMode>
				<coordinates>
					127.534492,37.180668,4572 127.530525,37.182816,4579.619999999999 
				</coordinates>
			</LineString>
		</MultiGeometry>
	</Placemark>
	<Placemark>
		<name>P-693</name>
		<visibility>0</visibility>
		<description><![CDATA[<div><div><span><b>Altitude:</b></span> <span>15,025 ft</span></div>
<div><span><b>Speed:</b></span> <span>296 kt - 298 kt</span></div>
<div><span><b>Timestamp:</b></span><br/><span>2024-07-09 11:11:10 UTC<br/>2024-07-09 11:11:14 UTC</span></div>
</div>]]></description>
		<Style>
			<LineStyle>
				<color>ff00a8ff</color>
				<width>2</width>
			</LineStyle>
		</Style>
		<MultiGeometry>
			<LineString>
				<tessellate>1</tessellate>
				<altitudeMode>absolute</altitudeMode>
				<coordinates>
					127.530525,37.182816,4579.619999999999 127.525352,37.1856,4579.619999999999 
				</coordinates>
			</LineString>
		</MultiGeometry>
	</Placemark>
	<Placemark>
		<name>P-694</name>
		<visibility>0</visibility>
		<description><![CDATA[<div><div><span><b>Altitude:</b></span> <span>15,025 ft</span></div>
<div><span><b>Speed:</b></span> <span>298 kt - 297 kt</span></div>
<div><span><b>Timestamp:</b></span><br/><span>2024-07-09 11:11:14 UTC<br/>2024-07-09 11:11:17 UTC</span></div>
</div>]]></description>
		<Style>
			<LineStyle>
				<color>ff00a8ff</color>
				<width>2</width>
			</LineStyle>
		</Style>
		<MultiGeometry>
			<LineString>
				<tessellate>1</tessellate>
				<altitudeMode>absolute</altitudeMode>
				<coordinates>
					127.525352,37.1856,4579.619999999999 127.521057,37.187881,4579.619999999999 
				</coordinates>
			</LineString>
		</MultiGeometry>
	</Placemark>
	<Placemark>
		<name>P-695</name>
		<visibility>0</visibility>
		<description><![CDATA[<div><div><span><b>Altitude:</b></span> <span>15,025 ft</span></div>
<div><span><b>Speed:</b></span> <span>297 kt - 298 kt</span></div>
<div><span><b>Timestamp:</b></span><br/><span>2024-07-09 11:11:17 UTC<br/>2024-07-09 11:11:20 UTC</span></div>
</div>]]></description>
		<Style>
			<LineStyle>
				<color>ff00a8ff</color>
				<width>2</width>
			</LineStyle>
		</Style>
		<MultiGeometry>
			<LineString>
				<tessellate>1</tessellate>
				<altitudeMode>absolute</altitudeMode>
				<coordinates>
					127.521057,37.187881,4579.619999999999 127.516457,37.19035,4579.619999999999 
				</coordinates>
			</LineString>
		</MultiGeometry>
	</Placemark>
	<Placemark>
		<name>P-696</name>
		<visibility>0</visibility>
		<description><![CDATA[<div><div><span><b>Altitude:</b></span> <span>15,025 ft</span></div>
<div><span><b>Speed:</b></span> <span>298 kt</span></div>
<div><span><b>Timestamp:</b></span><br/><span>2024-07-09 11:11:20 UTC<br/>2024-07-09 11:11:23 UTC</span></div>
</div>]]></description>
		<Style>
			<LineStyle>
				<color>ff00a8ff</color>
				<width>2</width>
			</LineStyle>
		</Style>
		<MultiGeometry>
			<LineString>
				<tessellate>1</tessellate>
				<altitudeMode>absolute</altitudeMode>
				<coordinates>
					127.516457,37.19035,4579.619999999999 127.511765,37.192886,4579.619999999999 
				</coordinates>
			</LineString>
		</MultiGeometry>
	</Placemark>
	<Placemark>
		<name>P-697</name>
		<visibility>0</visibility>
		<description><![CDATA[<div><div><span><b>Altitude:</b></span> <span>15,025 ft - 15,000 ft</span></div>
<div><span><b>Speed:</b></span> <span>298 kt</span></div>
<div><span><b>Timestamp:</b></span><br/><span>2024-07-09 11:11:23 UTC<br/>2024-07-09 11:11:26 UTC</span></div>
</div>]]></description>
		<Style>
			<LineStyle>
				<color>ff00a8ff</color>
				<width>2</width>
			</LineStyle>
		</Style>
		<MultiGeometry>
			<LineString>
				<tessellate>1</tessellate>
				<altitudeMode>absolute</altitudeMode>
				<coordinates>
					127.511765,37.192886,4579.619999999999 127.507614,37.195129,4572 
				</coordinates>
			</LineString>
		</MultiGeometry>
	</Placemark>
	<Placemark>
		<name>P-698</name>
		<visibility>0</visibility>
		<description><![CDATA[<div><div><span><b>Altitude:</b></span> <span>15,000 ft - 14,500 ft</span></div>
<div><span><b>Speed:</b></span> <span>298 kt - 299 kt</span></div>
<div><span><b>Timestamp:</b></span><br/><span>2024-07-09 11:11:26 UTC<br/>2024-07-09 11:11:58 UTC</span></div>
</div>]]></description>
		<Style>
			<LineStyle>
				<color>ff00a8ff</color>
				<width>2</width>
			</LineStyle>
		</Style>
		<MultiGeometry>
			<LineString>
				<tessellate>1</tessellate>
				<altitudeMode>absolute</altitudeMode>
				<coordinates>
					127.507614,37.195129,4572 127.462738,37.220078,4419.6 
				</coordinates>
			</LineString>
		</MultiGeometry>
	</Placemark>
	<Placemark>
		<name>P-699</name>
		<visibility>0</visibility>
		<description><![CDATA[<div><div><span><b>Altitude:</b></span> <span>14,500 ft - 13,950 ft</span></div>
<div><span><b>Speed:</b></span> <span>299 kt - 301 kt</span></div>
<div><span><b>Timestamp:</b></span><br/><span>2024-07-09 11:11:58 UTC<br/>2024-07-09 11:12:30 UTC</span></div>
</div>]]></description>
		<Style>
			<LineStyle>
				<color>ff00c0ff</color>
				<width>2</width>
			</LineStyle>
		</Style>
		<MultiGeometry>
			<LineString>
				<tessellate>1</tessellate>
				<altitudeMode>absolute</altitudeMode>
				<coordinates>
					127.462738,37.220078,4419.6 127.416687,37.245701,4251.96 
				</coordinates>
			</LineString>
		</MultiGeometry>
	</Placemark>
	<Placemark>
		<name>P-700</name>
		<visibility>0</visibility>
		<description><![CDATA[<div><div><span><b>Altitude:</b></span> <span>13,950 ft - 13,450 ft</span></div>
<div><span><b>Speed:</b></span> <span>301 kt - 297 kt</span></div>
<div><span><b>Timestamp:</b></span><br/><span>2024-07-09 11:12:30 UTC<br/>2024-07-09 11:13:00 UTC</span></div>
</div>]]></description>
		<Style>
			<LineStyle>
				<color>ff00c0ff</color>
				<width>2</width>
			</LineStyle>
		</Style>
		<MultiGeometry>
			<LineString>
				<tessellate>1</tessellate>
				<altitudeMode>absolute</altitudeMode>
				<coordinates>
					127.416687,37.245701,4251.96 127.373459,37.269768,4099.56 
				</coordinates>
			</LineString>
		</MultiGeometry>
	</Placemark>
	<Placemark>
		<name>P-701</name>
		<visibility>0</visibility>
		<description><![CDATA[<div><div><span><b>Altitude:</b></span> <span>13,450 ft - 12,925 ft</span></div>
<div><span><b>Speed:</b></span> <span>297 kt - 287 kt</span></div>
<div><span><b>Timestamp:</b></span><br/><span>2024-07-09 11:13:00 UTC<br/>2024-07-09 11:13:34 UTC</span></div>
</div>]]></description>
		<Style>
			<LineStyle>
				<color>ff00c0ff</color>
				<width>2</width>
			</LineStyle>
		</Style>
		<MultiGeometry>
			<LineString>
				<tessellate>1</tessellate>
				<altitudeMode>absolute</altitudeMode>
				<coordinates>
					127.373459,37.269768,4099.56 127.327919,37.294922,3939.54 
				</coordinates>
			</LineString>
		</MultiGeometry>
	</Placemark>
	<Placemark>
		<name>P-702</name>
		<visibility>0</visibility>
		<description><![CDATA[<div><div><span><b>Altitude:</b></span> <span>12,925 ft - 12,400 ft</span></div>
<div><span><b>Speed:</b></span> <span>287 kt - 283 kt</span></div>
<div><span><b>Timestamp:</b></span><br/><span>2024-07-09 11:13:34 UTC<br/>2024-07-09 11:14:07 UTC</span></div>
</div>]]></description>
		<Style>
			<LineStyle>
				<color>ff00eaff</color>
				<width>2</width>
			</LineStyle>
		</Style>
		<MultiGeometry>
			<LineString>
				<tessellate>1</tessellate>
				<altitudeMode>absolute</altitudeMode>
				<coordinates>
					127.327919,37.294922,3939.54 127.284386,37.318954,3779.52 
				</coordinates>
			</LineString>
		</MultiGeometry>
	</Placemark>
	<Placemark>
		<name>P-703</name>
		<visibility>0</visibility>
		<description><![CDATA[<div><div><span><b>Altitude:</b></span> <span>12,400 ft - 12,250 ft</span></div>
<div><span><b>Speed:</b></span> <span>283 kt - 284 kt</span></div>
<div><span><b>Timestamp:</b></span><br/><span>2024-07-09 11:14:07 UTC<br/>2024-07-09 11:14:37 UTC</span></div>
</div>]]></description>
		<Style>
			<LineStyle>
				<color>ff00eaff</color>
				<width>2</width>
			</LineStyle>
		</Style>
		<MultiGeometry>
			<LineString>
				<tessellate>1</tessellate>
				<altitudeMode>absolute</altitudeMode>
				<coordinates>
					127.284386,37.318954,3779.52 127.240845,37.343033,3733.8 
				</coordinates>
			</LineString>
		</MultiGeometry>
	</Placemark>
	<Placemark>
		<name>P-704</name>
		<visibility>0</visibility>
		<description><![CDATA[<div><div><span><b>Altitude:</b></span> <span>12,250 ft - 12,100 ft</span></div>
<div><span><b>Speed:</b></span> <span>284 kt - 280 kt</span></div>
<div><span><b>Timestamp:</b></span><br/><span>2024-07-09 11:14:37 UTC<br/>2024-07-09 11:15:07 UTC</span></div>
</div>]]></description>
		<Style>
			<LineStyle>
				<color>ff00eaff</color>
				<width>2</width>
			</LineStyle>
		</Style>
		<MultiGeometry>
			<LineString>
				<tessellate>1</tessellate>
				<altitudeMode>absolute</altitudeMode>
				<coordinates>
					127.240845,37.343033,3733.8 127.199181,37.363998,3688.079999999999 
				</coordinates>
			</LineString>
		</MultiGeometry>
	</Placemark>
	<Placemark>
		<name>P-705</name>
		<visibility>0</visibility>
		<description><![CDATA[<div><div><span><b>Altitude:</b></span> <span>12,100 ft - 12,050 ft</span></div>
<div><span><b>Speed:</b></span> <span>280 kt - 278 kt</span></div>
<div><span><b>Timestamp:</b></span><br/><span>2024-07-09 11:15:07 UTC<br/>2024-07-09 11:15:11 UTC</span></div>
</div>]]></description>
		<Style>
			<LineStyle>
				<color>ff00eaff</color>
				<width>2</width>
			</LineStyle>
		</Style>
		<MultiGeometry>
			<LineString>
				<tessellate>1</tessellate>
				<altitudeMode>absolute</altitudeMode>
				<coordinates>
					127.199181,37.363998,3688.079999999999 127.194511,37.365154,3672.84 
				</coordinates>
			</LineString>
		</MultiGeometry>
	</Placemark>
	<Placemark>
		<name>P-706</name>
		<visibility>0</visibility>
		<description><![CDATA[<div><div><span><b>Altitude:</b></span> <span>12,050 ft - 11,975 ft</span></div>
<div><span><b>Speed:</b></span> <span>278 kt - 277 kt</span></div>
<div><span><b>Timestamp:</b></span><br/><span>2024-07-09 11:15:11 UTC<br/>2024-07-09 11:15:14 UTC</span></div>
</div>]]></description>
		<Style>
			<LineStyle>
				<color>ff00eaff</color>
				<width>2</width>
			</LineStyle>
		</Style>
		<MultiGeometry>
			<LineString>
				<tessellate>1</tessellate>
				<altitudeMode>absolute</altitudeMode>
				<coordinates>
					127.194511,37.365154,3672.84 127.189079,37.366272,3649.98 
				</coordinates>
			</LineString>
		</MultiGeometry>
	</Placemark>
	<Placemark>
		<name>P-707</name>
		<visibility>0</visibility>
		<description><![CDATA[<div><div><span><b>Altitude:</b></span> <span>11,975 ft - 11,950 ft</span></div>
<div><span><b>Speed:</b></span> <span>277 kt - 276 kt</span></div>
<div><span><b>Timestamp:</b></span><br/><span>2024-07-09 11:15:14 UTC<br/>2024-07-09 11:15:17 UTC</span></div>
</div>]]></description>
		<Style>
			<LineStyle>
				<color>ff00eaff</color>
				<width>2</width>
			</LineStyle>
		</Style>
		<MultiGeometry>
			<LineString>
				<tessellate>1</tessellate>
				<altitudeMode>absolute</altitudeMode>
				<coordinates>
					127.189079,37.366272,3649.98 127.184456,37.367111,3642.36 
				</coordinates>
			</LineString>
		</MultiGeometry>
	</Placemark>
	<Placemark>
		<name>P-708</name>
		<visibility>0</visibility>
		<description><![CDATA[<div><div><span><b>Altitude:</b></span> <span>11,950 ft - 11,900 ft</span></div>
<div><span><b>Speed:</b></span> <span>276 kt</span></div>
<div><span><b>Timestamp:</b></span><br/><span>2024-07-09 11:15:17 UTC<br/>2024-07-09 11:15:20 UTC</span></div>
</div>]]></description>
		<Style>
			<LineStyle>
				<color>ff00eaff</color>
				<width>2</width>
			</LineStyle>
		</Style>
		<MultiGeometry>
			<LineString>
				<tessellate>1</tessellate>
				<altitudeMode>absolute</altitudeMode>
				<coordinates>
					127.184456,37.367111,3642.36 127.180061,37.367855,3627.12 
				</coordinates>
			</LineString>
		</MultiGeometry>
	</Placemark>
	<Placemark>
		<name>P-709</name>
		<visibility>0</visibility>
		<description><![CDATA[<div><div><span><b>Altitude:</b></span> <span>11,900 ft - 11,850 ft</span></div>
<div><span><b>Speed:</b></span> <span>276 kt</span></div>
<div><span><b>Timestamp:</b></span><br/><span>2024-07-09 11:15:20 UTC<br/>2024-07-09 11:15:23 UTC</span></div>
</div>]]></description>
		<Style>
			<LineStyle>
				<color>ff00eaff</color>
				<width>2</width>
			</LineStyle>
		</Style>
		<MultiGeometry>
			<LineString>
				<tessellate>1</tessellate>
				<altitudeMode>absolute</altitudeMode>
				<coordinates>
					127.180061,37.367855,3627.12 127.17598,37.368576,3611.88 
				</coordinates>
			</LineString>
		</MultiGeometry>
	</Placemark>
	<Placemark>
		<name>P-710</name>
		<visibility>0</visibility>
		<description><![CDATA[<div><div><span><b>Altitude:</b></span> <span>11,850 ft - 11,800 ft</span></div>
<div><span><b>Speed:</b></span> <span>276 kt - 275 kt</span></div>
<div><span><b>Timestamp:</b></span><br/><span>2024-07-09 11:15:23 UTC<br/>2024-07-09 11:15:26 UTC</span></div>
</div>]]></description>
		<Style>
			<LineStyle>
				<color>ff00eaff</color>
				<width>2</width>
			</LineStyle>
		</Style>
		<MultiGeometry>
			<LineString>
				<tessellate>1</tessellate>
				<altitudeMode>absolute</altitudeMode>
				<coordinates>
					127.17598,37.368576,3611.88 127.170151,37.369576,3596.64 
				</coordinates>
			</LineString>
		</MultiGeometry>
	</Placemark>
	<Placemark>
		<name>P-711</name>
		<visibility>0</visibility>
		<description><![CDATA[<div><div><span><b>Altitude:</b></span> <span>11,800 ft - 11,750 ft</span></div>
<div><span><b>Speed:</b></span> <span>275 kt</span></div>
<div><span><b>Timestamp:</b></span><br/><span>2024-07-09 11:15:26 UTC<br/>2024-07-09 11:15:29 UTC</span></div>
</div>]]></description>
		<Style>
			<LineStyle>
				<color>ff00eaff</color>
				<width>2</width>
			</LineStyle>
		</Style>
		<MultiGeometry>
			<LineString>
				<tessellate>1</tessellate>
				<altitudeMode>absolute</altitudeMode>
				<coordinates>
					127.170151,37.369576,3596.64 127.165497,37.370415,3581.400000000001 
				</coordinates>
			</LineString>
		</MultiGeometry>
	</Placemark>
	<Placemark>
		<name>P-712</name>
		<visibility>0</visibility>
		<description><![CDATA[<div><div><span><b>Altitude:</b></span> <span>11,750 ft - 11,700 ft</span></div>
<div><span><b>Speed:</b></span> <span>275 kt</span></div>
<div><span><b>Timestamp:</b></span><br/><span>2024-07-09 11:15:29 UTC<br/>2024-07-09 11:15:32 UTC</span></div>
</div>]]></description>
		<Style>
			<LineStyle>
				<color>ff00eaff</color>
				<width>2</width>
			</LineStyle>
		</Style>
		<MultiGeometry>
			<LineString>
				<tessellate>1</tessellate>
				<altitudeMode>absolute</altitudeMode>
				<coordinates>
					127.165497,37.370415,3581.400000000001 127.160667,37.371231,3566.159999999999 
				</coordinates>
			</LineString>
		</MultiGeometry>
	</Placemark>
	<Placemark>
		<name>P-713</name>
		<visibility>0</visibility>
		<description><![CDATA[<div><div><span><b>Altitude:</b></span> <span>11,700 ft - 11,500 ft</span></div>
<div><span><b>Speed:</b></span> <span>275 kt - 269 kt</span></div>
<div><span><b>Timestamp:</b></span><br/><span>2024-07-09 11:15:32 UTC<br/>2024-07-09 11:15:44 UTC</span></div>
</div>]]></description>
		<Style>
			<LineStyle>
				<color>ff00eaff</color>
				<width>2</width>
			</LineStyle>
		</Style>
		<MultiGeometry>
			<LineString>
				<tessellate>1</tessellate>
				<altitudeMode>absolute</altitudeMode>
				<coordinates>
					127.160667,37.371231,3566.159999999999 127.143166,37.374416,3505.2 
				</coordinates>
			</LineString>
		</MultiGeometry>
	</Placemark>
	<Placemark>
		<name>P-714</name>
		<visibility>0</visibility>
		<description><![CDATA[<div><div><span><b>Altitude:</b></span> <span>11,500 ft - 11,250 ft</span></div>
<div><span><b>Speed:</b></span> <span>269 kt - 263 kt</span></div>
<div><span><b>Timestamp:</b></span><br/><span>2024-07-09 11:15:44 UTC<br/>2024-07-09 11:15:59 UTC</span></div>
</div>]]></description>
		<Style>
			<LineStyle>
				<color>ff00eaff</color>
				<width>2</width>
			</LineStyle>
		</Style>
		<MultiGeometry>
			<LineString>
				<tessellate>1</tessellate>
				<altitudeMode>absolute</altitudeMode>
				<coordinates>
					127.143166,37.374416,3505.2 127.119217,37.378746,3429 
				</coordinates>
			</LineString>
		</MultiGeometry>
	</Placemark>
	<Placemark>
		<name>P-715</name>
		<visibility>0</visibility>
		<description><![CDATA[<div><div><span><b>Altitude:</b></span> <span>11,250 ft - 11,000 ft</span></div>
<div><span><b>Speed:</b></span> <span>263 kt - 257 kt</span></div>
<div><span><b>Timestamp:</b></span><br/><span>2024-07-09 11:15:59 UTC<br/>2024-07-09 11:16:14 UTC</span></div>
</div>]]></description>
		<Style>
			<LineStyle>
				<color>ff00ffe4</color>
				<width>2</width>
			</LineStyle>
		</Style>
		<MultiGeometry>
			<LineString>
				<tessellate>1</tessellate>
				<altitudeMode>absolute</altitudeMode>
				<coordinates>
					127.119217,37.378746,3429 127.097321,37.382812,3352.8 
				</coordinates>
			</LineString>
		</MultiGeometry>
	</Placemark>
	<Placemark>
		<name>P-716</name>
		<visibility>0</visibility>
		<description><![CDATA[<div><div><span><b>Altitude:</b></span> <span>11,000 ft - 10,750 ft</span></div>
<div><span><b>Speed:</b></span> <span>257 kt - 252 kt</span></div>
<div><span><b>Timestamp:</b></span><br/><span>2024-07-09 11:16:14 UTC<br/>2024-07-09 11:16:29 UTC</span></div>
</div>]]></description>
		<Style>
			<LineStyle>
				<color>ff00ffe4</color>
				<width>2</width>
			</LineStyle>
		</Style>
		<MultiGeometry>
			<LineString>
				<tessellate>1</tessellate>
				<altitudeMode>absolute</altitudeMode>
				<coordinates>
					127.097321,37.382812,3352.8 127.075348,37.386887,3276.599999999999 
				</coordinates>
			</LineString>
		</MultiGeometry>
	</Placemark>
	<Placemark>
		<name>P-717</name>
		<visibility>0</visibility>
		<description><![CDATA[<div><div><span><b>Altitude:</b></span> <span>10,750 ft - 10,500 ft</span></div>
<div><span><b>Speed:</b></span> <span>252 kt - 248 kt</span></div>
<div><span><b>Timestamp:</b></span><br/><span>2024-07-09 11:16:29 UTC<br/>2024-07-09 11:16:44 UTC</span></div>
</div>]]></description>
		<Style>
			<LineStyle>
				<color>ff00ffe4</color>
				<width>2</width>
			</LineStyle>
		</Style>
		<MultiGeometry>
			<LineString>
				<tessellate>1</tessellate>
				<altitudeMode>absolute</altitudeMode>
				<coordinates>
					127.075348,37.386887,3276.599999999999 127.054619,37.390804,3200.400000000001 
				</coordinates>
			</LineString>
		</MultiGeometry>
	</Placemark>
	<Placemark>
		<name>P-718</name>
		<visibility>0</visibility>
		<description><![CDATA[<div><div><span><b>Altitude:</b></span> <span>10,500 ft - 10,250 ft</span></div>
<div><span><b>Speed:</b></span> <span>248 kt - 245 kt</span></div>
<div><span><b>Timestamp:</b></span><br/><span>2024-07-09 11:16:44 UTC<br/>2024-07-09 11:16:59 UTC</span></div>
</div>]]></description>
		<Style>
			<LineStyle>
				<color>ff00ffe4</color>
				<width>2</width>
			</LineStyle>
		</Style>
		<MultiGeometry>
			<LineString>
				<tessellate>1</tessellate>
				<altitudeMode>absolute</altitudeMode>
				<coordinates>
					127.054619,37.390804,3200.400000000001 127.034035,37.394577,3124.199999999999 
				</coordinates>
			</LineString>
		</MultiGeometry>
	</Placemark>
	<Placemark>
		<name>P-719</name>
		<visibility>0</visibility>
		<description><![CDATA[<div><div><span><b>Altitude:</b></span> <span>10,250 ft - 9,975 ft</span></div>
<div><span><b>Speed:</b></span> <span>245 kt - 241 kt</span></div>
<div><span><b>Timestamp:</b></span><br/><span>2024-07-09 11:16:59 UTC<br/>2024-07-09 11:17:15 UTC</span></div>
</div>]]></description>
		<Style>
			<LineStyle>
				<color>ff00ffe4</color>
				<width>2</width>
			</LineStyle>
		</Style>
		<MultiGeometry>
			<LineString>
				<tessellate>1</tessellate>
				<altitudeMode>absolute</altitudeMode>
				<coordinates>
					127.034035,37.394577,3124.199999999999 127.011597,37.398605,3040.38 
				</coordinates>
			</LineString>
		</MultiGeometry>
	</Placemark>
	<Placemark>
		<name>P-720</name>
		<visibility>0</visibility>
		<description><![CDATA[<div><div><span><b>Altitude:</b></span> <span>9,975 ft - 9,725 ft</span></div>
<div><span><b>Speed:</b></span> <span>241 kt - 238 kt</span></div>
<div><span><b>Timestamp:</b></span><br/><span>2024-07-09 11:17:15 UTC<br/>2024-07-09 11:17:31 UTC</span></div>
</div>]]></description>
		<Style>
			<LineStyle>
				<color>ff00ffe4</color>
				<width>2</width>
			</LineStyle>
		</Style>
		<MultiGeometry>
			<LineString>
				<tessellate>1</tessellate>
				<altitudeMode>absolute</altitudeMode>
				<coordinates>
					127.011597,37.398605,3040.38 126.990791,37.402397,2964.179999999999 
				</coordinates>
			</LineString>
		</MultiGeometry>
	</Placemark>
	<Placemark>
		<name>P-721</name>
		<visibility>0</visibility>
		<description><![CDATA[<div><div><span><b>Altitude:</b></span> <span>9,725 ft - 9,525 ft</span></div>
<div><span><b>Speed:</b></span> <span>238 kt - 236 kt</span></div>
<div><span><b>Timestamp:</b></span><br/><span>2024-07-09 11:17:31 UTC<br/>2024-07-09 11:17:46 UTC</span></div>
</div>]]></description>
		<Style>
			<LineStyle>
				<color>ff00ffd2</color>
				<width>2</width>
			</LineStyle>
		</Style>
		<MultiGeometry>
			<LineString>
				<tessellate>1</tessellate>
				<altitudeMode>absolute</altitudeMode>
				<coordinates>
					126.990791,37.402397,2964.179999999999 126.974365,37.405327,2903.219999999999 
				</coordinates>
			</LineString>
		</MultiGeometry>
	</Placemark>
	<Placemark>
		<name>P-722</name>
		<visibility>0</visibility>
		<description><![CDATA[<div><div><span><b>Altitude:</b></span> <span>9,525 ft - 9,225 ft</span></div>
<div><span><b>Speed:</b></span> <span>236 kt</span></div>
<div><span><b>Timestamp:</b></span><br/><span>2024-07-09 11:17:46 UTC<br/>2024-07-09 11:18:01 UTC</span></div>
</div>]]></description>
		<Style>
			<LineStyle>
				<color>ff00ffd2</color>
				<width>2</width>
			</LineStyle>
		</Style>
		<MultiGeometry>
			<LineString>
				<tessellate>1</tessellate>
				<altitudeMode>absolute</altitudeMode>
				<coordinates>
					126.974365,37.405327,2903.219999999999 126.950409,37.409546,2811.78 
				</coordinates>
			</LineString>
		</MultiGeometry>
	</Placemark>
	<Placemark>
		<name>P-723</name>
		<visibility>0</visibility>
		<description><![CDATA[<div><div><span><b>Altitude:</b></span> <span>9,225 ft - 8,925 ft</span></div>
<div><span><b>Speed:</b></span> <span>236 kt - 239 kt</span></div>
<div><span><b>Timestamp:</b></span><br/><span>2024-07-09 11:18:01 UTC<br/>2024-07-09 11:18:19 UTC</span></div>
</div>]]></description>
		<Style>
			<LineStyle>
				<color>ff00ffd2</color>
				<width>2</width>
			</LineStyle>
		</Style>
		<MultiGeometry>
			<LineString>
				<tessellate>1</tessellate>
				<altitudeMode>absolute</altitudeMode>
				<coordinates>
					126.950409,37.409546,2811.78 126.926102,37.414352,2720.34 
				</coordinates>
			</LineString>
		</MultiGeometry>
	</Placemark>
	<Placemark>
		<name>P-724</name>
		<visibility>0</visibility>
		<description><![CDATA[<div><div><span><b>Altitude:</b></span> <span>8,925 ft - 8,750 ft</span></div>
<div><span><b>Speed:</b></span> <span>239 kt - 244 kt</span></div>
<div><span><b>Timestamp:</b></span><br/><span>2024-07-09 11:18:19 UTC<br/>2024-07-09 11:18:28 UTC</span></div>
</div>]]></description>
		<Style>
			<LineStyle>
				<color>ff00ffd2</color>
				<width>2</width>
			</LineStyle>
		</Style>
		<MultiGeometry>
			<LineString>
				<tessellate>1</tessellate>
				<altitudeMode>absolute</altitudeMode>
				<coordinates>
					126.926102,37.414352,2720.34 126.914764,37.41806,2667 
				</coordinates>
			</LineString>
		</MultiGeometry>
	</Placemark>
	<Placemark>
		<name>P-725</name>
		<visibility>0</visibility>
		<description><![CDATA[<div><div><span><b>Altitude:</b></span> <span>8,750 ft - 8,600 ft</span></div>
<div><span><b>Speed:</b></span> <span>244 kt</span></div>
<div><span><b>Timestamp:</b></span><br/><span>2024-07-09 11:18:28 UTC<br/>2024-07-09 11:18:37 UTC</span></div>
</div>]]></description>
		<Style>
			<LineStyle>
				<color>ff00ffd2</color>
				<width>2</width>
			</LineStyle>
		</Style>
		<MultiGeometry>
			<LineString>
				<tessellate>1</tessellate>
				<altitudeMode>absolute</altitudeMode>
				<coordinates>
					126.914764,37.41806,2667 126.902298,37.4226,2621.28 
				</coordinates>
			</LineString>
		</MultiGeometry>
	</Placemark>
	<Placemark>
		<name>P-726</name>
		<visibility>0</visibility>
		<description><![CDATA[<div><div><span><b>Altitude:</b></span> <span>8,600 ft - 8,575 ft</span></div>
<div><span><b>Speed:</b></span> <span>244 kt</span></div>
<div><span><b>Timestamp:</b></span><br/><span>2024-07-09 11:18:37 UTC<br/>2024-07-09 11:18:39 UTC</span></div>
</div>]]></description>
		<Style>
			<LineStyle>
				<color>ff00ffd2</color>
				<width>2</width>
			</LineStyle>
		</Style>
		<MultiGeometry>
			<LineString>
				<tessellate>1</tessellate>
				<altitudeMode>absolute</altitudeMode>
				<coordinates>
					126.902298,37.4226,2621.28 126.899864,37.423462,2613.659999999999 
				</coordinates>
			</LineString>
		</MultiGeometry>
	</Placemark>
	<Placemark>
		<name>P-727</name>
		<visibility>0</visibility>
		<description><![CDATA[<div><div><span><b>Altitude:</b></span> <span>8,575 ft - 8,325 ft</span></div>
<div><span><b>Speed:</b></span> <span>244 kt</span></div>
<div><span><b>Timestamp:</b></span><br/><span>2024-07-09 11:18:39 UTC<br/>2024-07-09 11:18:55 UTC</span></div>
</div>]]></description>
		<Style>
			<LineStyle>
				<color>ff00ffd2</color>
				<width>2</width>
			</LineStyle>
		</Style>
		<MultiGeometry>
			<LineString>
				<tessellate>1</tessellate>
				<altitudeMode>absolute</altitudeMode>
				<coordinates>
					126.899864,37.423462,2613.659999999999 126.878708,37.430969,2537.46 
				</coordinates>
			</LineString>
		</MultiGeometry>
	</Placemark>
	<Placemark>
		<name>P-728</name>
		<visibility>0</visibility>
		<description><![CDATA[<div><div><span><b>Altitude:</b></span> <span>8,325 ft - 8,250 ft</span></div>
<div><span><b>Speed:</b></span> <span>244 kt - 241 kt</span></div>
<div><span><b>Timestamp:</b></span><br/><span>2024-07-09 11:18:55 UTC<br/>2024-07-09 11:19:09 UTC</span></div>
</div>]]></description>
		<Style>
			<LineStyle>
				<color>ff00ffd2</color>
				<width>2</width>
			</LineStyle>
		</Style>
		<MultiGeometry>
			<LineString>
				<tessellate>1</tessellate>
				<altitudeMode>absolute</altitudeMode>
				<coordinates>
					126.878708,37.430969,2537.46 126.861,37.437241,2514.6 
				</coordinates>
			</LineString>
		</MultiGeometry>
	</Placemark>
	<Placemark>
		<name>P-729</name>
		<visibility>0</visibility>
		<description><![CDATA[<div><div><span><b>Altitude:</b></span> <span>8,250 ft</span></div>
<div><span><b>Speed:</b></span> <span>241 kt - 236 kt</span></div>
<div><span><b>Timestamp:</b></span><br/><span>2024-07-09 11:19:09 UTC<br/>2024-07-09 11:19:22 UTC</span></div>
</div>]]></description>
		<Style>
			<LineStyle>
				<color>ff00ffd2</color>
				<width>2</width>
			</LineStyle>
		</Style>
		<MultiGeometry>
			<LineString>
				<tessellate>1</tessellate>
				<altitudeMode>absolute</altitudeMode>
				<coordinates>
					126.861,37.437241,2514.6 126.845284,37.44278,2514.6 
				</coordinates>
			</LineString>
		</MultiGeometry>
	</Placemark>
	<Placemark>
		<name>P-730</name>
		<visibility>0</visibility>
		<description><![CDATA[<div><div><span><b>Altitude:</b></span> <span>8,250 ft - 8,200 ft</span></div>
<div><span><b>Speed:</b></span> <span>236 kt - 231 kt</span></div>
<div><span><b>Timestamp:</b></span><br/><span>2024-07-09 11:19:22 UTC<br/>2024-07-09 11:19:38 UTC</span></div>
</div>]]></description>
		<Style>
			<LineStyle>
				<color>ff00ffd2</color>
				<width>2</width>
			</LineStyle>
		</Style>
		<MultiGeometry>
			<LineString>
				<tessellate>1</tessellate>
				<altitudeMode>absolute</altitudeMode>
				<coordinates>
					126.845284,37.44278,2514.6 126.825157,37.449833,2499.36 
				</coordinates>
			</LineString>
		</MultiGeometry>
	</Placemark>
	<Placemark>
		<name>P-731</name>
		<visibility>0</visibility>
		<description><![CDATA[<div><div><span><b>Altitude:</b></span> <span>8,200 ft - 8,000 ft</span></div>
<div><span><b>Speed:</b></span> <span>231 kt - 228 kt</span></div>
<div><span><b>Timestamp:</b></span><br/><span>2024-07-09 11:19:38 UTC<br/>2024-07-09 11:19:50 UTC</span></div>
</div>]]></description>
		<Style>
			<LineStyle>
				<color>ff00ff9c</color>
				<width>2</width>
			</LineStyle>
		</Style>
		<MultiGeometry>
			<LineString>
				<tessellate>1</tessellate>
				<altitudeMode>absolute</altitudeMode>
				<coordinates>
					126.825157,37.449833,2499.36 126.810051,37.455093,2438.4 
				</coordinates>
			</LineString>
		</MultiGeometry>
	</Placemark>
	<Placemark>
		<name>P-732</name>
		<visibility>0</visibility>
		<description><![CDATA[<div><div><span><b>Altitude:</b></span> <span>8,000 ft - 7,675 ft</span></div>
<div><span><b>Speed:</b></span> <span>228 kt</span></div>
<div><span><b>Timestamp:</b></span><br/><span>2024-07-09 11:19:50 UTC<br/>2024-07-09 11:20:05 UTC</span></div>
</div>]]></description>
		<Style>
			<LineStyle>
				<color>ff00ff9c</color>
				<width>2</width>
			</LineStyle>
		</Style>
		<MultiGeometry>
			<LineString>
				<tessellate>1</tessellate>
				<altitudeMode>absolute</altitudeMode>
				<coordinates>
					126.810051,37.455093,2438.4 126.791924,37.46077,2339.34 
				</coordinates>
			</LineString>
		</MultiGeometry>
	</Placemark>
	<Placemark>
		<name>P-733</name>
		<visibility>0</visibility>
		<description><![CDATA[<div><div><span><b>Altitude:</b></span> <span>7,675 ft - 7,450 ft</span></div>
<div><span><b>Speed:</b></span> <span>228 kt - 224 kt</span></div>
<div><span><b>Timestamp:</b></span><br/><span>2024-07-09 11:20:05 UTC<br/>2024-07-09 11:20:20 UTC</span></div>
</div>]]></description>
		<Style>
			<LineStyle>
				<color>ff00ff9c</color>
				<width>2</width>
			</LineStyle>
		</Style>
		<MultiGeometry>
			<LineString>
				<tessellate>1</tessellate>
				<altitudeMode>absolute</altitudeMode>
				<coordinates>
					126.791924,37.46077,2339.34 126.772972,37.466034,2270.76 
				</coordinates>
			</LineString>
		</MultiGeometry>
	</Placemark>
	<Placemark>
		<name>P-734</name>
		<visibility>0</visibility>
		<description><![CDATA[<div><div><span><b>Altitude:</b></span> <span>7,450 ft - 7,275 ft</span></div>
<div><span><b>Speed:</b></span> <span>224 kt - 225 kt</span></div>
<div><span><b>Timestamp:</b></span><br/><span>2024-07-09 11:20:20 UTC<br/>2024-07-09 11:20:35 UTC</span></div>
</div>]]></description>
		<Style>
			<LineStyle>
				<color>ff00ff9c</color>
				<width>2</width>
			</LineStyle>
		</Style>
		<MultiGeometry>
			<LineString>
				<tessellate>1</tessellate>
				<altitudeMode>absolute</altitudeMode>
				<coordinates>
					126.772972,37.466034,2270.76 126.754234,37.471298,2217.42 
				</coordinates>
			</LineString>
		</MultiGeometry>
	</Placemark>
	<Placemark>
		<name>P-735</name>
		<visibility>0</visibility>
		<description><![CDATA[<div><div><span><b>Altitude:</b></span> <span>7,275 ft - 7,075 ft</span></div>
<div><span><b>Speed:</b></span> <span>225 kt - 226 kt</span></div>
<div><span><b>Timestamp:</b></span><br/><span>2024-07-09 11:20:35 UTC<br/>2024-07-09 11:20:51 UTC</span></div>
</div>]]></description>
		<Style>
			<LineStyle>
				<color>ff00ff9c</color>
				<width>2</width>
			</LineStyle>
		</Style>
		<MultiGeometry>
			<LineString>
				<tessellate>1</tessellate>
				<altitudeMode>absolute</altitudeMode>
				<coordinates>
					126.754234,37.471298,2217.42 126.734833,37.476791,2156.46 
				</coordinates>
			</LineString>
		</MultiGeometry>
	</Placemark>
	<Placemark>
		<name>P-736</name>
		<visibility>0</visibility>
		<description><![CDATA[<div><div><span><b>Altitude:</b></span> <span>7,075 ft - 6,900 ft</span></div>
<div><span><b>Speed:</b></span> <span>226 kt - 225 kt</span></div>
<div><span><b>Timestamp:</b></span><br/><span>2024-07-09 11:20:51 UTC<br/>2024-07-09 11:21:06 UTC</span></div>
</div>]]></description>
		<Style>
			<LineStyle>
				<color>ff00ff9c</color>
				<width>2</width>
			</LineStyle>
		</Style>
		<MultiGeometry>
			<LineString>
				<tessellate>1</tessellate>
				<altitudeMode>absolute</altitudeMode>
				<coordinates>
					126.734833,37.476791,2156.46 126.716187,37.482094,2103.119999999999 
				</coordinates>
			</LineString>
		</MultiGeometry>
	</Placemark>
	<Placemark>
		<name>P-737</name>
		<visibility>0</visibility>
		<description><![CDATA[<div><div><span><b>Altitude:</b></span> <span>6,900 ft - 6,725 ft</span></div>
<div><span><b>Speed:</b></span> <span>225 kt - 227 kt</span></div>
<div><span><b>Timestamp:</b></span><br/><span>2024-07-09 11:21:06 UTC<br/>2024-07-09 11:21:21 UTC</span></div>
</div>]]></description>
		<Style>
			<LineStyle>
				<color>ff00ff9c</color>
				<width>2</width>
			</LineStyle>
		</Style>
		<MultiGeometry>
			<LineString>
				<tessellate>1</tessellate>
				<altitudeMode>absolute</altitudeMode>
				<coordinates>
					126.716187,37.482094,2103.119999999999 126.696846,37.487122,2049.78 
				</coordinates>
			</LineString>
		</MultiGeometry>
	</Placemark>
	<Placemark>
		<name>P-738</name>
		<visibility>0</visibility>
		<description><![CDATA[<div><div><span><b>Altitude:</b></span> <span>6,725 ft - 6,525 ft</span></div>
<div><span><b>Speed:</b></span> <span>227 kt - 230 kt</span></div>
<div><span><b>Timestamp:</b></span><br/><span>2024-07-09 11:21:21 UTC<br/>2024-07-09 11:21:33 UTC</span></div>
</div>]]></description>
		<Style>
			<LineStyle>
				<color>ff00ff9c</color>
				<width>2</width>
			</LineStyle>
		</Style>
		<MultiGeometry>
			<LineString>
				<tessellate>1</tessellate>
				<altitudeMode>absolute</altitudeMode>
				<coordinates>
					126.696846,37.487122,2049.78 126.682411,37.491852,1988.82 
				</coordinates>
			</LineString>
		</MultiGeometry>
	</Placemark>
	<Placemark>
		<name>P-739</name>
		<visibility>0</visibility>
		<description><![CDATA[<div><div><span><b>Altitude:</b></span> <span>6,525 ft - 6,475 ft</span></div>
<div><span><b>Speed:</b></span> <span>230 kt - 232 kt</span></div>
<div><span><b>Timestamp:</b></span><br/><span>2024-07-09 11:21:33 UTC<br/>2024-07-09 11:21:37 UTC</span></div>
</div>]]></description>
		<Style>
			<LineStyle>
				<color>ff00ff72</color>
				<width>2</width>
			</LineStyle>
		</Style>
		<MultiGeometry>
			<LineString>
				<tessellate>1</tessellate>
				<altitudeMode>absolute</altitudeMode>
				<coordinates>
					126.682411,37.491852,1988.82 126.67971,37.493591,1973.58 
				</coordinates>
			</LineString>
		</MultiGeometry>
	</Placemark>
	<Placemark>
		<name>P-740</name>
		<visibility>0</visibility>
		<description><![CDATA[<div><div><span><b>Altitude:</b></span> <span>6,475 ft - 6,450 ft</span></div>
<div><span><b>Speed:</b></span> <span>232 kt</span></div>
<div><span><b>Timestamp:</b></span><br/><span>2024-07-09 11:21:37 UTC<br/>2024-07-09 11:21:39 UTC</span></div>
</div>]]></description>
		<Style>
			<LineStyle>
				<color>ff00ff72</color>
				<width>2</width>
			</LineStyle>
		</Style>
		<MultiGeometry>
			<LineString>
				<tessellate>1</tessellate>
				<altitudeMode>absolute</altitudeMode>
				<coordinates>
					126.67971,37.493591,1973.58 126.676361,37.496197,1965.96 
				</coordinates>
			</LineString>
		</MultiGeometry>
	</Placemark>
	<Placemark>
		<name>P-741</name>
		<visibility>0</visibility>
		<description><![CDATA[<div><div><span><b>Altitude:</b></span> <span>6,450 ft - 6,400 ft</span></div>
<div><span><b>Speed:</b></span> <span>232 kt - 230 kt</span></div>
<div><span><b>Timestamp:</b></span><br/><span>2024-07-09 11:21:39 UTC<br/>2024-07-09 11:21:42 UTC</span></div>
</div>]]></description>
		<Style>
			<LineStyle>
				<color>ff00ff72</color>
				<width>2</width>
			</LineStyle>
		</Style>
		<MultiGeometry>
			<LineString>
				<tessellate>1</tessellate>
				<altitudeMode>absolute</altitudeMode>
				<coordinates>
					126.676361,37.496197,1965.96 126.673798,37.498528,1950.72 
				</coordinates>
			</LineString>
		</MultiGeometry>
	</Placemark>
	<Placemark>
		<name>P-742</name>
		<visibility>0</visibility>
		<description><![CDATA[<div><div><span><b>Altitude:</b></span> <span>6,400 ft</span></div>
<div><span><b>Speed:</b></span> <span>230 kt - 228 kt</span></div>
<div><span><b>Timestamp:</b></span><br/><span>2024-07-09 11:21:42 UTC<br/>2024-07-09 11:21:45 UTC</span></div>
</div>]]></description>
		<Style>
			<LineStyle>
				<color>ff00ff72</color>
				<width>2</width>
			</LineStyle>
		</Style>
		<MultiGeometry>
			<LineString>
				<tessellate>1</tessellate>
				<altitudeMode>absolute</altitudeMode>
				<coordinates>
					126.673798,37.498528,1950.72 126.671524,37.500668,1950.72 
				</coordinates>
			</LineString>
		</MultiGeometry>
	</Placemark>
	<Placemark>
		<name>P-743</name>
		<visibility>0</visibility>
		<description><![CDATA[<div><div><span><b>Altitude:</b></span> <span>6,400 ft - 6,350 ft</span></div>
<div><span><b>Speed:</b></span> <span>228 kt - 225 kt</span></div>
<div><span><b>Timestamp:</b></span><br/><span>2024-07-09 11:21:45 UTC<br/>2024-07-09 11:21:49 UTC</span></div>
</div>]]></description>
		<Style>
			<LineStyle>
				<color>ff00ff72</color>
				<width>2</width>
			</LineStyle>
		</Style>
		<MultiGeometry>
			<LineString>
				<tessellate>1</tessellate>
				<altitudeMode>absolute</altitudeMode>
				<coordinates>
					126.671524,37.500668,1950.72 126.668541,37.503506,1935.48 
				</coordinates>
			</LineString>
		</MultiGeometry>
	</Placemark>
	<Placemark>
		<name>P-744</name>
		<visibility>0</visibility>
		<description><![CDATA[<div><div><span><b>Altitude:</b></span> <span>6,350 ft - 6,300 ft</span></div>
<div><span><b>Speed:</b></span> <span>225 kt - 224 kt</span></div>
<div><span><b>Timestamp:</b></span><br/><span>2024-07-09 11:21:49 UTC<br/>2024-07-09 11:21:52 UTC</span></div>
</div>]]></description>
		<Style>
			<LineStyle>
				<color>ff00ff72</color>
				<width>2</width>
			</LineStyle>
		</Style>
		<MultiGeometry>
			<LineString>
				<tessellate>1</tessellate>
				<altitudeMode>absolute</altitudeMode>
				<coordinates>
					126.668541,37.503506,1935.48 126.665977,37.50602,1920.24 
				</coordinates>
			</LineString>
		</MultiGeometry>
	</Placemark>
	<Placemark>
		<name>P-745</name>
		<visibility>0</visibility>
		<description><![CDATA[<div><div><span><b>Altitude:</b></span> <span>6,300 ft - 6,225 ft</span></div>
<div><span><b>Speed:</b></span> <span>224 kt - 220 kt</span></div>
<div><span><b>Timestamp:</b></span><br/><span>2024-07-09 11:21:52 UTC<br/>2024-07-09 11:21:55 UTC</span></div>
</div>]]></description>
		<Style>
			<LineStyle>
				<color>ff00ff72</color>
				<width>2</width>
			</LineStyle>
		</Style>
		<MultiGeometry>
			<LineString>
				<tessellate>1</tessellate>
				<altitudeMode>absolute</altitudeMode>
				<coordinates>
					126.665977,37.50602,1920.24 126.663536,37.508377,1897.38 
				</coordinates>
			</LineString>
		</MultiGeometry>
	</Placemark>
	<Placemark>
		<name>P-746</name>
		<visibility>0</visibility>
		<description><![CDATA[<div><div><span><b>Altitude:</b></span> <span>6,225 ft - 6,150 ft</span></div>
<div><span><b>Speed:</b></span> <span>220 kt</span></div>
<div><span><b>Timestamp:</b></span><br/><span>2024-07-09 11:21:55 UTC<br/>2024-07-09 11:21:58 UTC</span></div>
</div>]]></description>
		<Style>
			<LineStyle>
				<color>ff00ff72</color>
				<width>2</width>
			</LineStyle>
		</Style>
		<MultiGeometry>
			<LineString>
				<tessellate>1</tessellate>
				<altitudeMode>absolute</altitudeMode>
				<coordinates>
					126.663536,37.508377,1897.38 126.661018,37.510815,1874.52 
				</coordinates>
			</LineString>
		</MultiGeometry>
	</Placemark>
	<Placemark>
		<name>P-747</name>
		<visibility>0</visibility>
		<description><![CDATA[<div><div><span><b>Altitude:</b></span> <span>6,150 ft - 6,075 ft</span></div>
<div><span><b>Speed:</b></span> <span>220 kt - 218 kt</span></div>
<div><span><b>Timestamp:</b></span><br/><span>2024-07-09 11:21:58 UTC<br/>2024-07-09 11:22:01 UTC</span></div>
</div>]]></description>
		<Style>
			<LineStyle>
				<color>ff00ff72</color>
				<width>2</width>
			</LineStyle>
		</Style>
		<MultiGeometry>
			<LineString>
				<tessellate>1</tessellate>
				<altitudeMode>absolute</altitudeMode>
				<coordinates>
					126.661018,37.510815,1874.52 126.658569,37.513096,1851.66 
				</coordinates>
			</LineString>
		</MultiGeometry>
	</Placemark>
	<Placemark>
		<name>P-748</name>
		<visibility>0</visibility>
		<description><![CDATA[<div><div><span><b>Altitude:</b></span> <span>6,075 ft - 6,000 ft</span></div>
<div><span><b>Speed:</b></span> <span>218 kt</span></div>
<div><span><b>Timestamp:</b></span><br/><span>2024-07-09 11:22:01 UTC<br/>2024-07-09 11:22:04 UTC</span></div>
</div>]]></description>
		<Style>
			<LineStyle>
				<color>ff00ff72</color>
				<width>2</width>
			</LineStyle>
		</Style>
		<MultiGeometry>
			<LineString>
				<tessellate>1</tessellate>
				<altitudeMode>absolute</altitudeMode>
				<coordinates>
					126.658569,37.513096,1851.66 126.656059,37.515377,1828.8 
				</coordinates>
			</LineString>
		</MultiGeometry>
	</Placemark>
	<Placemark>
		<name>P-749</name>
		<visibility>0</visibility>
		<description><![CDATA[<div><div><span><b>Altitude:</b></span> <span>6,000 ft - 5,900 ft</span></div>
<div><span><b>Speed:</b></span> <span>218 kt</span></div>
<div><span><b>Timestamp:</b></span><br/><span>2024-07-09 11:22:04 UTC<br/>2024-07-09 11:22:07 UTC</span></div>
</div>]]></description>
		<Style>
			<LineStyle>
				<color>ff00ff72</color>
				<width>2</width>
			</LineStyle>
		</Style>
		<MultiGeometry>
			<LineString>
				<tessellate>1</tessellate>
				<altitudeMode>absolute</altitudeMode>
				<coordinates>
					126.656059,37.515377,1828.8 126.653549,37.517715,1798.32 
				</coordinates>
			</LineString>
		</MultiGeometry>
	</Placemark>
	<Placemark>
		<name>P-750</name>
		<visibility>0</visibility>
		<description><![CDATA[<div><div><span><b>Altitude:</b></span> <span>5,900 ft - 5,525 ft</span></div>
<div><span><b>Speed:</b></span> <span>218 kt - 219 kt</span></div>
<div><span><b>Timestamp:</b></span><br/><span>2024-07-09 11:22:07 UTC<br/>2024-07-09 11:22:19 UTC</span></div>
</div>]]></description>
		<Style>
			<LineStyle>
				<color>ff00ff72</color>
				<width>2</width>
			</LineStyle>
		</Style>
		<MultiGeometry>
			<LineString>
				<tessellate>1</tessellate>
				<altitudeMode>absolute</altitudeMode>
				<coordinates>
					126.653549,37.517715,1798.32 126.64299,37.527157,1684.02 
				</coordinates>
			</LineString>
		</MultiGeometry>
	</Placemark>
	<Placemark>
		<name>P-751</name>
		<visibility>0</visibility>
		<description><![CDATA[<div><div><span><b>Altitude:</b></span> <span>5,525 ft - 5,075 ft</span></div>
<div><span><b>Speed:</b></span> <span>219 kt - 220 kt</span></div>
<div><span><b>Timestamp:</b></span><br/><span>2024-07-09 11:22:19 UTC<br/>2024-07-09 11:22:34 UTC</span></div>
</div>]]></description>
		<Style>
			<LineStyle>
				<color>ff00ff72</color>
				<width>2</width>
			</LineStyle>
		</Style>
		<MultiGeometry>
			<LineString>
				<tessellate>1</tessellate>
				<altitudeMode>absolute</altitudeMode>
				<coordinates>
					126.64299,37.527157,1684.02 126.630287,37.537994,1546.86 
				</coordinates>
			</LineString>
		</MultiGeometry>
	</Placemark>
	<Placemark>
		<name>P-752</name>
		<visibility>0</visibility>
		<description><![CDATA[<div><div><span><b>Altitude:</b></span> <span>5,075 ft - 4,550 ft</span></div>
<div><span><b>Speed:</b></span> <span>220 kt - 226 kt</span></div>
<div><span><b>Timestamp:</b></span><br/><span>2024-07-09 11:22:34 UTC<br/>2024-07-09 11:22:50 UTC</span></div>
</div>]]></description>
		<Style>
			<LineStyle>
				<color>ff00ff72</color>
				<width>2</width>
			</LineStyle>
		</Style>
		<MultiGeometry>
			<LineString>
				<tessellate>1</tessellate>
				<altitudeMode>absolute</altitudeMode>
				<coordinates>
					126.630287,37.537994,1546.86 126.616142,37.550079,1386.84 
				</coordinates>
			</LineString>
		</MultiGeometry>
	</Placemark>
	<Placemark>
		<name>P-753</name>
		<visibility>0</visibility>
		<description><![CDATA[<div><div><span><b>Altitude:</b></span> <span>4,550 ft - 4,400 ft</span></div>
<div><span><b>Speed:</b></span> <span>226 kt - 228 kt</span></div>
<div><span><b>Timestamp:</b></span><br/><span>2024-07-09 11:22:50 UTC<br/>2024-07-09 11:22:56 UTC</span></div>
</div>]]></description>
		<Style>
			<LineStyle>
				<color>ff00ff36</color>
				<width>2</width>
			</LineStyle>
		</Style>
		<MultiGeometry>
			<LineString>
				<tessellate>1</tessellate>
				<altitudeMode>absolute</altitudeMode>
				<coordinates>
					126.616142,37.550079,1386.84 126.61042,37.555069,1341.12 
				</coordinates>
			</LineString>
		</MultiGeometry>
	</Placemark>
	<Placemark>
		<name>P-754</name>
		<visibility>0</visibility>
		<description><![CDATA[<div><div><span><b>Altitude:</b></span> <span>4,400 ft - 4,275 ft</span></div>
<div><span><b>Speed:</b></span> <span>228 kt - 223 kt</span></div>
<div><span><b>Timestamp:</b></span><br/><span>2024-07-09 11:22:56 UTC<br/>2024-07-09 11:23:07 UTC</span></div>
</div>]]></description>
		<Style>
			<LineStyle>
				<color>ff00ff36</color>
				<width>2</width>
			</LineStyle>
		</Style>
		<MultiGeometry>
			<LineString>
				<tessellate>1</tessellate>
				<altitudeMode>absolute</altitudeMode>
				<coordinates>
					126.61042,37.555069,1341.12 126.60083,37.56356,1303.02 
				</coordinates>
			</LineString>
		</MultiGeometry>
	</Placemark>
	<Placemark>
		<name>P-755</name>
		<visibility>0</visibility>
		<description><![CDATA[<div><div><span><b>Altitude:</b></span> <span>4,275 ft - 4,250 ft</span></div>
<div><span><b>Speed:</b></span> <span>223 kt - 218 kt</span></div>
<div><span><b>Timestamp:</b></span><br/><span>2024-07-09 11:23:07 UTC<br/>2024-07-09 11:23:16 UTC</span></div>
</div>]]></description>
		<Style>
			<LineStyle>
				<color>ff00ff36</color>
				<width>2</width>
			</LineStyle>
		</Style>
		<MultiGeometry>
			<LineString>
				<tessellate>1</tessellate>
				<altitudeMode>absolute</altitudeMode>
				<coordinates>
					126.60083,37.56356,1303.02 126.593414,37.569992,1295.4 
				</coordinates>
			</LineString>
		</MultiGeometry>
	</Placemark>
	<Placemark>
		<name>P-756</name>
		<visibility>0</visibility>
		<description><![CDATA[<div><div><span><b>Altitude:</b></span> <span>4,250 ft</span></div>
<div><span><b>Speed:</b></span> <span>218 kt - 206 kt</span></div>
<div><span><b>Timestamp:</b></span><br/><span>2024-07-09 11:23:16 UTC<br/>2024-07-09 11:23:25 UTC</span></div>
</div>]]></description>
		<Style>
			<LineStyle>
				<color>ff00ff36</color>
				<width>2</width>
			</LineStyle>
		</Style>
		<MultiGeometry>
			<LineString>
				<tessellate>1</tessellate>
				<altitudeMode>absolute</altitudeMode>
				<coordinates>
					126.593414,37.569992,1295.4 126.585236,37.577042,1295.4 
				</coordinates>
			</LineString>
		</MultiGeometry>
	</Placemark>
	<Placemark>
		<name>P-757</name>
		<visibility>0</visibility>
		<description><![CDATA[<div><div><span><b>Altitude:</b></span> <span>4,250 ft</span></div>
<div><span><b>Speed:</b></span> <span>206 kt - 200 kt</span></div>
<div><span><b>Timestamp:</b></span><br/><span>2024-07-09 11:23:25 UTC<br/>2024-07-09 11:23:31 UTC</span></div>
</div>]]></description>
		<Style>
			<LineStyle>
				<color>ff00ff36</color>
				<width>2</width>
			</LineStyle>
		</Style>
		<MultiGeometry>
			<LineString>
				<tessellate>1</tessellate>
				<altitudeMode>absolute</altitudeMode>
				<coordinates>
					126.585236,37.577042,1295.4 126.580414,37.581158,1295.4 
				</coordinates>
			</LineString>
		</MultiGeometry>
	</Placemark>
	<Placemark>
		<name>P-758</name>
		<visibility>0</visibility>
		<description><![CDATA[<div><div><span><b>Altitude:</b></span> <span>4,250 ft</span></div>
<div><span><b>Speed:</b></span> <span>200 kt - 194 kt</span></div>
<div><span><b>Timestamp:</b></span><br/><span>2024-07-09 11:23:31 UTC<br/>2024-07-09 11:23:41 UTC</span></div>
</div>]]></description>
		<Style>
			<LineStyle>
				<color>ff00ff36</color>
				<width>2</width>
			</LineStyle>
		</Style>
		<MultiGeometry>
			<LineString>
				<tessellate>1</tessellate>
				<altitudeMode>absolute</altitudeMode>
				<coordinates>
					126.580414,37.581158,1295.4 126.573074,37.587341,1295.4 
				</coordinates>
			</LineString>
		</MultiGeometry>
	</Placemark>
	<Placemark>
		<name>P-759</name>
		<visibility>0</visibility>
		<description><![CDATA[<div><div><span><b>Altitude:</b></span> <span>4,250 ft</span></div>
<div><span><b>Speed:</b></span> <span>194 kt - 192 kt</span></div>
<div><span><b>Timestamp:</b></span><br/><span>2024-07-09 11:23:41 UTC<br/>2024-07-09 11:23:50 UTC</span></div>
</div>]]></description>
		<Style>
			<LineStyle>
				<color>ff00ff36</color>
				<width>2</width>
			</LineStyle>
		</Style>
		<MultiGeometry>
			<LineString>
				<tessellate>1</tessellate>
				<altitudeMode>absolute</altitudeMode>
				<coordinates>
					126.573074,37.587341,1295.4 126.566086,37.593307,1295.4 
				</coordinates>
			</LineString>
		</MultiGeometry>
	</Placemark>
	<Placemark>
		<name>P-760</name>
		<visibility>0</visibility>
		<description><![CDATA[<div><div><span><b>Altitude:</b></span> <span>4,250 ft</span></div>
<div><span><b>Speed:</b></span> <span>192 kt - 194 kt</span></div>
<div><span><b>Timestamp:</b></span><br/><span>2024-07-09 11:23:50 UTC<br/>2024-07-09 11:23:53 UTC</span></div>
</div>]]></description>
		<Style>
			<LineStyle>
				<color>ff00ff36</color>
				<width>2</width>
			</LineStyle>
		</Style>
		<MultiGeometry>
			<LineString>
				<tessellate>1</tessellate>
				<altitudeMode>absolute</altitudeMode>
				<coordinates>
					126.566086,37.593307,1295.4 126.563812,37.595589,1295.4 
				</coordinates>
			</LineString>
		</MultiGeometry>
	</Placemark>
	<Placemark>
		<name>P-761</name>
		<visibility>0</visibility>
		<description><![CDATA[<div><div><span><b>Altitude:</b></span> <span>4,250 ft</span></div>
<div><span><b>Speed:</b></span> <span>194 kt - 195 kt</span></div>
<div><span><b>Timestamp:</b></span><br/><span>2024-07-09 11:23:53 UTC<br/>2024-07-09 11:23:56 UTC</span></div>
</div>]]></description>
		<Style>
			<LineStyle>
				<color>ff00ff36</color>
				<width>2</width>
			</LineStyle>
		</Style>
		<MultiGeometry>
			<LineString>
				<tessellate>1</tessellate>
				<altitudeMode>absolute</altitudeMode>
				<coordinates>
					126.563812,37.595589,1295.4 126.562325,37.597683,1295.4 
				</coordinates>
			</LineString>
		</MultiGeometry>
	</Placemark>
	<Placemark>
		<name>P-762</name>
		<visibility>0</visibility>
		<description><![CDATA[<div><div><span><b>Altitude:</b></span> <span>4,250 ft</span></div>
<div><span><b>Speed:</b></span> <span>195 kt - 198 kt</span></div>
<div><span><b>Timestamp:</b></span><br/><span>2024-07-09 11:23:56 UTC<br/>2024-07-09 11:23:59 UTC</span></div>
</div>]]></description>
		<Style>
			<LineStyle>
				<color>ff00ff36</color>
				<width>2</width>
			</LineStyle>
		</Style>
		<MultiGeometry>
			<LineString>
				<tessellate>1</tessellate>
				<altitudeMode>absolute</altitudeMode>
				<coordinates>
					126.562325,37.597683,1295.4 126.560707,37.600662,1295.4 
				</coordinates>
			</LineString>
		</MultiGeometry>
	</Placemark>
	<Placemark>
		<name>P-763</name>
		<visibility>0</visibility>
		<description><![CDATA[<div><div><span><b>Altitude:</b></span> <span>4,250 ft</span></div>
<div><span><b>Speed:</b></span> <span>198 kt - 197 kt</span></div>
<div><span><b>Timestamp:</b></span><br/><span>2024-07-09 11:23:59 UTC<br/>2024-07-09 11:24:01 UTC</span></div>
</div>]]></description>
		<Style>
			<LineStyle>
				<color>ff00ff36</color>
				<width>2</width>
			</LineStyle>
		</Style>
		<MultiGeometry>
			<LineString>
				<tessellate>1</tessellate>
				<altitudeMode>absolute</altitudeMode>
				<coordinates>
					126.560707,37.600662,1295.4 126.560455,37.601395,1295.4 
				</coordinates>
			</LineString>
		</MultiGeometry>
	</Placemark>
	<Placemark>
		<name>P-764</name>
		<visibility>0</visibility>
		<description><![CDATA[<div><div><span><b>Altitude:</b></span> <span>4,250 ft</span></div>
<div><span><b>Speed:</b></span> <span>197 kt - 198 kt</span></div>
<div><span><b>Timestamp:</b></span><br/><span>2024-07-09 11:24:01 UTC<br/>2024-07-09 11:24:05 UTC</span></div>
</div>]]></description>
		<Style>
			<LineStyle>
				<color>ff00ff36</color>
				<width>2</width>
			</LineStyle>
		</Style>
		<MultiGeometry>
			<LineString>
				<tessellate>1</tessellate>
				<altitudeMode>absolute</altitudeMode>
				<coordinates>
					126.560455,37.601395,1295.4 126.559868,37.604187,1295.4 
				</coordinates>
			</LineString>
		</MultiGeometry>
	</Placemark>
	<Placemark>
		<name>P-765</name>
		<visibility>0</visibility>
		<description><![CDATA[<div><div><span><b>Altitude:</b></span> <span>4,250 ft</span></div>
<div><span><b>Speed:</b></span> <span>198 kt - 200 kt</span></div>
<div><span><b>Timestamp:</b></span><br/><span>2024-07-09 11:24:05 UTC<br/>2024-07-09 11:24:08 UTC</span></div>
</div>]]></description>
		<Style>
			<LineStyle>
				<color>ff00ff36</color>
				<width>2</width>
			</LineStyle>
		</Style>
		<MultiGeometry>
			<LineString>
				<tessellate>1</tessellate>
				<altitudeMode>absolute</altitudeMode>
				<coordinates>
					126.559868,37.604187,1295.4 126.560165,37.608719,1295.4 
				</coordinates>
			</LineString>
		</MultiGeometry>
	</Placemark>
	<Placemark>
		<name>P-766</name>
		<visibility>0</visibility>
		<description><![CDATA[<div><div><span><b>Altitude:</b></span> <span>4,250 ft - 4,225 ft</span></div>
<div><span><b>Speed:</b></span> <span>200 kt</span></div>
<div><span><b>Timestamp:</b></span><br/><span>2024-07-09 11:24:08 UTC<br/>2024-07-09 11:24:11 UTC</span></div>
</div>]]></description>
		<Style>
			<LineStyle>
				<color>ff00ff36</color>
				<width>2</width>
			</LineStyle>
		</Style>
		<MultiGeometry>
			<LineString>
				<tessellate>1</tessellate>
				<altitudeMode>absolute</altitudeMode>
				<coordinates>
					126.560165,37.608719,1295.4 126.561066,37.61137,1287.78 
				</coordinates>
			</LineString>
		</MultiGeometry>
	</Placemark>
	<Placemark>
		<name>P-767</name>
		<visibility>0</visibility>
		<description><![CDATA[<div><div><span><b>Altitude:</b></span> <span>4,225 ft</span></div>
<div><span><b>Speed:</b></span> <span>200 kt - 198 kt</span></div>
<div><span><b>Timestamp:</b></span><br/><span>2024-07-09 11:24:11 UTC<br/>2024-07-09 11:24:14 UTC</span></div>
</div>]]></description>
		<Style>
			<LineStyle>
				<color>ff00ff36</color>
				<width>2</width>
			</LineStyle>
		</Style>
		<MultiGeometry>
			<LineString>
				<tessellate>1</tessellate>
				<altitudeMode>absolute</altitudeMode>
				<coordinates>
					126.561066,37.61137,1287.78 126.56221,37.613434,1287.78 
				</coordinates>
			</LineString>
		</MultiGeometry>
	</Placemark>
	<Placemark>
		<name>P-768</name>
		<visibility>0</visibility>
		<description><![CDATA[<div><div><span><b>Altitude:</b></span> <span>4,225 ft - 4,175 ft</span></div>
<div><span><b>Speed:</b></span> <span>198 kt</span></div>
<div><span><b>Timestamp:</b></span><br/><span>2024-07-09 11:24:14 UTC<br/>2024-07-09 11:24:18 UTC</span></div>
</div>]]></description>
		<Style>
			<LineStyle>
				<color>ff00ff36</color>
				<width>2</width>
			</LineStyle>
		</Style>
		<MultiGeometry>
			<LineString>
				<tessellate>1</tessellate>
				<altitudeMode>absolute</altitudeMode>
				<coordinates>
					126.56221,37.613434,1287.78 126.564606,37.616501,1272.54 
				</coordinates>
			</LineString>
		</MultiGeometry>
	</Placemark>
	<Placemark>
		<name>P-769</name>
		<visibility>0</visibility>
		<description><![CDATA[<div><div><span><b>Altitude:</b></span> <span>4,175 ft</span></div>
<div><span><b>Speed:</b></span> <span>198 kt - 197 kt</span></div>
<div><span><b>Timestamp:</b></span><br/><span>2024-07-09 11:24:18 UTC<br/>2024-07-09 11:24:20 UTC</span></div>
</div>]]></description>
		<Style>
			<LineStyle>
				<color>ff00ff36</color>
				<width>2</width>
			</LineStyle>
		</Style>
		<MultiGeometry>
			<LineString>
				<tessellate>1</tessellate>
				<altitudeMode>absolute</altitudeMode>
				<coordinates>
					126.564606,37.616501,1272.54 126.566498,37.618397,1272.54 
				</coordinates>
			</LineString>
		</MultiGeometry>
	</Placemark>
	<Placemark>
		<name>P-770</name>
		<visibility>0</visibility>
		<description><![CDATA[<div><div><span><b>Altitude:</b></span> <span>4,175 ft - 4,150 ft</span></div>
<div><span><b>Speed:</b></span> <span>197 kt - 195 kt</span></div>
<div><span><b>Timestamp:</b></span><br/><span>2024-07-09 11:24:20 UTC<br/>2024-07-09 11:24:24 UTC</span></div>
</div>]]></description>
		<Style>
			<LineStyle>
				<color>ff00ff36</color>
				<width>2</width>
			</LineStyle>
		</Style>
		<MultiGeometry>
			<LineString>
				<tessellate>1</tessellate>
				<altitudeMode>absolute</altitudeMode>
				<coordinates>
					126.566498,37.618397,1272.54 126.568886,37.620354,1264.92 
				</coordinates>
			</LineString>
		</MultiGeometry>
	</Placemark>
	<Placemark>
		<name>P-771</name>
		<visibility>0</visibility>
		<description><![CDATA[<div><div><span><b>Altitude:</b></span> <span>4,150 ft - 4,125 ft</span></div>
<div><span><b>Speed:</b></span> <span>195 kt - 192 kt</span></div>
<div><span><b>Timestamp:</b></span><br/><span>2024-07-09 11:24:24 UTC<br/>2024-07-09 11:24:27 UTC</span></div>
</div>]]></description>
		<Style>
			<LineStyle>
				<color>ff00ff36</color>
				<width>2</width>
			</LineStyle>
		</Style>
		<MultiGeometry>
			<LineString>
				<tessellate>1</tessellate>
				<altitudeMode>absolute</altitudeMode>
				<coordinates>
					126.568886,37.620354,1264.92 126.571381,37.622269,1257.3 
				</coordinates>
			</LineString>
		</MultiGeometry>
	</Placemark>
	<Placemark>
		<name>P-772</name>
		<visibility>0</visibility>
		<description><![CDATA[<div><div><span><b>Altitude:</b></span> <span>4,125 ft - 4,100 ft</span></div>
<div><span><b>Speed:</b></span> <span>192 kt - 191 kt</span></div>
<div><span><b>Timestamp:</b></span><br/><span>2024-07-09 11:24:27 UTC<br/>2024-07-09 11:24:30 UTC</span></div>
</div>]]></description>
		<Style>
			<LineStyle>
				<color>ff00ff36</color>
				<width>2</width>
			</LineStyle>
		</Style>
		<MultiGeometry>
			<LineString>
				<tessellate>1</tessellate>
				<altitudeMode>absolute</altitudeMode>
				<coordinates>
					126.571381,37.622269,1257.3 126.573845,37.624077,1249.68 
				</coordinates>
			</LineString>
		</MultiGeometry>
	</Placemark>
	<Placemark>
		<name>P-773</name>
		<visibility>0</visibility>
		<description><![CDATA[<div><div><span><b>Altitude:</b></span> <span>4,100 ft - 4,075 ft</span></div>
<div><span><b>Speed:</b></span> <span>191 kt - 190 kt</span></div>
<div><span><b>Timestamp:</b></span><br/><span>2024-07-09 11:24:30 UTC<br/>2024-07-09 11:24:33 UTC</span></div>
</div>]]></description>
		<Style>
			<LineStyle>
				<color>ff00ff36</color>
				<width>2</width>
			</LineStyle>
		</Style>
		<MultiGeometry>
			<LineString>
				<tessellate>1</tessellate>
				<altitudeMode>absolute</altitudeMode>
				<coordinates>
					126.573845,37.624077,1249.68 126.576294,37.625748,1242.06 
				</coordinates>
			</LineString>
		</MultiGeometry>
	</Placemark>
	<Placemark>
		<name>P-774</name>
		<visibility>0</visibility>
		<description><![CDATA[<div><div><span><b>Altitude:</b></span> <span>4,075 ft - 4,025 ft</span></div>
<div><span><b>Speed:</b></span> <span>190 kt</span></div>
<div><span><b>Timestamp:</b></span><br/><span>2024-07-09 11:24:33 UTC<br/>2024-07-09 11:24:35 UTC</span></div>
</div>]]></description>
		<Style>
			<LineStyle>
				<color>ff00ff36</color>
				<width>2</width>
			</LineStyle>
		</Style>
		<MultiGeometry>
			<LineString>
				<tessellate>1</tessellate>
				<altitudeMode>absolute</altitudeMode>
				<coordinates>
					126.576294,37.625748,1242.06 126.578323,37.627151,1226.82 
				</coordinates>
			</LineString>
		</MultiGeometry>
	</Placemark>
	<Placemark>
		<name>P-775</name>
		<visibility>0</visibility>
		<description><![CDATA[<div><div><span><b>Altitude:</b></span> <span>4,025 ft - 3,950 ft</span></div>
<div><span><b>Speed:</b></span> <span>190 kt</span></div>
<div><span><b>Timestamp:</b></span><br/><span>2024-07-09 11:24:35 UTC<br/>2024-07-09 11:24:39 UTC</span></div>
</div>]]></description>
		<Style>
			<LineStyle>
				<color>ff00ff36</color>
				<width>2</width>
			</LineStyle>
		</Style>
		<MultiGeometry>
			<LineString>
				<tessellate>1</tessellate>
				<altitudeMode>absolute</altitudeMode>
				<coordinates>
					126.578323,37.627151,1226.82 126.581604,37.629383,1203.96 
				</coordinates>
			</LineString>
		</MultiGeometry>
	</Placemark>
	<Placemark>
		<name>P-776</name>
		<visibility>0</visibility>
		<description><![CDATA[<div><div><span><b>Altitude:</b></span> <span>3,950 ft - 3,875 ft</span></div>
<div><span><b>Speed:</b></span> <span>190 kt</span></div>
<div><span><b>Timestamp:</b></span><br/><span>2024-07-09 11:24:39 UTC<br/>2024-07-09 11:24:42 UTC</span></div>
</div>]]></description>
		<Style>
			<LineStyle>
				<color>ff00ff36</color>
				<width>2</width>
			</LineStyle>
		</Style>
		<MultiGeometry>
			<LineString>
				<tessellate>1</tessellate>
				<altitudeMode>absolute</altitudeMode>
				<coordinates>
					126.581604,37.629383,1203.96 126.583832,37.63092,1181.1 
				</coordinates>
			</LineString>
		</MultiGeometry>
	</Placemark>
	<Placemark>
		<name>P-777</name>
		<visibility>0</visibility>
		<description><![CDATA[<div><div><span><b>Altitude:</b></span> <span>3,875 ft - 3,825 ft</span></div>
<div><span><b>Speed:</b></span> <span>190 kt - 191 kt</span></div>
<div><span><b>Timestamp:</b></span><br/><span>2024-07-09 11:24:42 UTC<br/>2024-07-09 11:24:45 UTC</span></div>
</div>]]></description>
		<Style>
			<LineStyle>
				<color>ff00ff0c</color>
				<width>2</width>
			</LineStyle>
		</Style>
		<MultiGeometry>
			<LineString>
				<tessellate>1</tessellate>
				<altitudeMode>absolute</altitudeMode>
				<coordinates>
					126.583832,37.63092,1181.1 126.586624,37.632969,1165.86 
				</coordinates>
			</LineString>
		</MultiGeometry>
	</Placemark>
	<Placemark>
		<name>P-778</name>
		<visibility>0</visibility>
		<description><![CDATA[<div><div><span><b>Altitude:</b></span> <span>3,825 ft - 3,750 ft</span></div>
<div><span><b>Speed:</b></span> <span>191 kt - 192 kt</span></div>
<div><span><b>Timestamp:</b></span><br/><span>2024-07-09 11:24:45 UTC<br/>2024-07-09 11:24:48 UTC</span></div>
</div>]]></description>
		<Style>
			<LineStyle>
				<color>ff00ff0c</color>
				<width>2</width>
			</LineStyle>
		</Style>
		<MultiGeometry>
			<LineString>
				<tessellate>1</tessellate>
				<altitudeMode>absolute</altitudeMode>
				<coordinates>
					126.586624,37.632969,1165.86 126.589149,37.634857,1143 
				</coordinates>
			</LineString>
		</MultiGeometry>
	</Placemark>
	<Placemark>
		<name>P-779</name>
		<visibility>0</visibility>
		<description><![CDATA[<div><div><span><b>Altitude:</b></span> <span>3,750 ft - 3,650 ft</span></div>
<div><span><b>Speed:</b></span> <span>192 kt</span></div>
<div><span><b>Timestamp:</b></span><br/><span>2024-07-09 11:24:48 UTC<br/>2024-07-09 11:24:54 UTC</span></div>
</div>]]></description>
		<Style>
			<LineStyle>
				<color>ff00ff0c</color>
				<width>2</width>
			</LineStyle>
		</Style>
		<MultiGeometry>
			<LineString>
				<tessellate>1</tessellate>
				<altitudeMode>absolute</altitudeMode>
				<coordinates>
					126.589149,37.634857,1143 126.59388,37.638611,1112.52 
				</coordinates>
			</LineString>
		</MultiGeometry>
	</Placemark>
	<Placemark>
		<name>P-780</name>
		<visibility>0</visibility>
		<description><![CDATA[<div><div><span><b>Altitude:</b></span> <span>3,650 ft - 3,500 ft</span></div>
<div><span><b>Speed:</b></span> <span>192 kt - 190 kt</span></div>
<div><span><b>Timestamp:</b></span><br/><span>2024-07-09 11:24:54 UTC<br/>2024-07-09 11:25:03 UTC</span></div>
</div>]]></description>
		<Style>
			<LineStyle>
				<color>ff00ff0c</color>
				<width>2</width>
			</LineStyle>
		</Style>
		<MultiGeometry>
			<LineString>
				<tessellate>1</tessellate>
				<altitudeMode>absolute</altitudeMode>
				<coordinates>
					126.59388,37.638611,1112.52 126.600952,37.644279,1066.8 
				</coordinates>
			</LineString>
		</MultiGeometry>
	</Placemark>
	<Placemark>
		<name>P-781</name>
		<visibility>0</visibility>
		<description><![CDATA[<div><div><span><b>Altitude:</b></span> <span>3,500 ft - 3,450 ft</span></div>
<div><span><b>Speed:</b></span> <span>190 kt</span></div>
<div><span><b>Timestamp:</b></span><br/><span>2024-07-09 11:25:03 UTC<br/>2024-07-09 11:25:06 UTC</span></div>
</div>]]></description>
		<Style>
			<LineStyle>
				<color>ff00ff0c</color>
				<width>2</width>
			</LineStyle>
		</Style>
		<MultiGeometry>
			<LineString>
				<tessellate>1</tessellate>
				<altitudeMode>absolute</altitudeMode>
				<coordinates>
					126.600952,37.644279,1066.8 126.603287,37.646118,1051.56 
				</coordinates>
			</LineString>
		</MultiGeometry>
	</Placemark>
	<Placemark>
		<name>P-782</name>
		<visibility>0</visibility>
		<description><![CDATA[<div><div><span><b>Altitude:</b></span> <span>3,450 ft - 3,275 ft</span></div>
<div><span><b>Speed:</b></span> <span>190 kt</span></div>
<div><span><b>Timestamp:</b></span><br/><span>2024-07-09 11:25:06 UTC<br/>2024-07-09 11:25:15 UTC</span></div>
</div>]]></description>
		<Style>
			<LineStyle>
				<color>ff00ff0c</color>
				<width>2</width>
			</LineStyle>
		</Style>
		<MultiGeometry>
			<LineString>
				<tessellate>1</tessellate>
				<altitudeMode>absolute</altitudeMode>
				<coordinates>
					126.603287,37.646118,1051.56 126.610504,37.651871,998.2199999999998 
				</coordinates>
			</LineString>
		</MultiGeometry>
	</Placemark>
	<Placemark>
		<name>P-783</name>
		<visibility>0</visibility>
		<description><![CDATA[<div><div><span><b>Altitude:</b></span> <span>3,275 ft - 3,150 ft</span></div>
<div><span><b>Speed:</b></span> <span>190 kt - 188 kt</span></div>
<div><span><b>Timestamp:</b></span><br/><span>2024-07-09 11:25:15 UTC<br/>2024-07-09 11:25:24 UTC</span></div>
</div>]]></description>
		<Style>
			<LineStyle>
				<color>ff1eff00</color>
				<width>2</width>
			</LineStyle>
		</Style>
		<MultiGeometry>
			<LineString>
				<tessellate>1</tessellate>
				<altitudeMode>absolute</altitudeMode>
				<coordinates>
					126.610504,37.651871,998.2199999999998 126.617432,37.657333,960.12 
				</coordinates>
			</LineString>
		</MultiGeometry>
	</Placemark>
	<Placemark>
		<name>P-784</name>
		<visibility>0</visibility>
		<description><![CDATA[<div><div><span><b>Altitude:</b></span> <span>3,150 ft - 3,075 ft</span></div>
<div><span><b>Speed:</b></span> <span>188 kt</span></div>
<div><span><b>Timestamp:</b></span><br/><span>2024-07-09 11:25:24 UTC<br/>2024-07-09 11:25:33 UTC</span></div>
</div>]]></description>
		<Style>
			<LineStyle>
				<color>ff1eff00</color>
				<width>2</width>
			</LineStyle>
		</Style>
		<MultiGeometry>
			<LineString>
				<tessellate>1</tessellate>
				<altitudeMode>absolute</altitudeMode>
				<coordinates>
					126.617432,37.657333,960.12 126.624779,37.66304,937.2599999999999 
				</coordinates>
			</LineString>
		</MultiGeometry>
	</Placemark>
	<Placemark>
		<name>P-785</name>
		<visibility>0</visibility>
		<description><![CDATA[<div><div><span><b>Altitude:</b></span> <span>3,075 ft</span></div>
<div><span><b>Speed:</b></span> <span>188 kt - 187 kt</span></div>
<div><span><b>Timestamp:</b></span><br/><span>2024-07-09 11:25:33 UTC<br/>2024-07-09 11:25:36 UTC</span></div>
</div>]]></description>
		<Style>
			<LineStyle>
				<color>ff1eff00</color>
				<width>2</width>
			</LineStyle>
		</Style>
		<MultiGeometry>
			<LineString>
				<tessellate>1</tessellate>
				<altitudeMode>absolute</altitudeMode>
				<coordinates>
					126.624779,37.66304,937.2599999999999 126.626961,37.664474,937.2599999999999 
				</coordinates>
			</LineString>
		</MultiGeometry>
	</Placemark>
	<Placemark>
		<name>P-786</name>
		<visibility>0</visibility>
		<description><![CDATA[<div><div><span><b>Altitude:</b></span> <span>3,075 ft - 3,050 ft</span></div>
<div><span><b>Speed:</b></span> <span>187 kt</span></div>
<div><span><b>Timestamp:</b></span><br/><span>2024-07-09 11:25:36 UTC<br/>2024-07-09 11:25:39 UTC</span></div>
</div>]]></description>
		<Style>
			<LineStyle>
				<color>ff1eff00</color>
				<width>2</width>
			</LineStyle>
		</Style>
		<MultiGeometry>
			<LineString>
				<tessellate>1</tessellate>
				<altitudeMode>absolute</altitudeMode>
				<coordinates>
					126.626961,37.664474,937.2599999999999 126.629997,37.665985,929.64 
				</coordinates>
			</LineString>
		</MultiGeometry>
	</Placemark>
	<Placemark>
		<name>P-787</name>
		<visibility>0</visibility>
		<description><![CDATA[<div><div><span><b>Altitude:</b></span> <span>3,050 ft</span></div>
<div><span><b>Speed:</b></span> <span>187 kt - 185 kt</span></div>
<div><span><b>Timestamp:</b></span><br/><span>2024-07-09 11:25:39 UTC<br/>2024-07-09 11:25:43 UTC</span></div>
</div>]]></description>
		<Style>
			<LineStyle>
				<color>ff1eff00</color>
				<width>2</width>
			</LineStyle>
		</Style>
		<MultiGeometry>
			<LineString>
				<tessellate>1</tessellate>
				<altitudeMode>absolute</altitudeMode>
				<coordinates>
					126.629997,37.665985,929.64 126.633133,37.66695,929.64 
				</coordinates>
			</LineString>
		</MultiGeometry>
	</Placemark>
	<Placemark>
		<name>P-788</name>
		<visibility>0</visibility>
		<description><![CDATA[<div><div><span><b>Altitude:</b></span> <span>3,050 ft</span></div>
<div><span><b>Speed:</b></span> <span>185 kt - 183 kt</span></div>
<div><span><b>Timestamp:</b></span><br/><span>2024-07-09 11:25:43 UTC<br/>2024-07-09 11:25:46 UTC</span></div>
</div>]]></description>
		<Style>
			<LineStyle>
				<color>ff1eff00</color>
				<width>2</width>
			</LineStyle>
		</Style>
		<MultiGeometry>
			<LineString>
				<tessellate>1</tessellate>
				<altitudeMode>absolute</altitudeMode>
				<coordinates>
					126.633133,37.66695,929.64 126.636124,37.66737,929.64 
				</coordinates>
			</LineString>
		</MultiGeometry>
	</Placemark>
	<Placemark>
		<name>P-789</name>
		<visibility>0</visibility>
		<description><![CDATA[<div><div><span><b>Altitude:</b></span> <span>3,050 ft</span></div>
<div><span><b>Speed:</b></span> <span>183 kt</span></div>
<div><span><b>Timestamp:</b></span><br/><span>2024-07-09 11:25:46 UTC<br/>2024-07-09 11:25:49 UTC</span></div>
</div>]]></description>
		<Style>
			<LineStyle>
				<color>ff1eff00</color>
				<width>2</width>
			</LineStyle>
		</Style>
		<MultiGeometry>
			<LineString>
				<tessellate>1</tessellate>
				<altitudeMode>absolute</altitudeMode>
				<coordinates>
					126.636124,37.66737,929.64 126.63929,37.667404,929.64 
				</coordinates>
			</LineString>
		</MultiGeometry>
	</Placemark>
	<Placemark>
		<name>P-790</name>
		<visibility>0</visibility>
		<description><![CDATA[<div><div><span><b>Altitude:</b></span> <span>3,050 ft - 3,025 ft</span></div>
<div><span><b>Speed:</b></span> <span>183 kt - 184 kt</span></div>
<div><span><b>Timestamp:</b></span><br/><span>2024-07-09 11:25:49 UTC<br/>2024-07-09 11:25:52 UTC</span></div>
</div>]]></description>
		<Style>
			<LineStyle>
				<color>ff1eff00</color>
				<width>2</width>
			</LineStyle>
		</Style>
		<MultiGeometry>
			<LineString>
				<tessellate>1</tessellate>
				<altitudeMode>absolute</altitudeMode>
				<coordinates>
					126.63929,37.667404,929.64 126.642868,37.667,922.02 
				</coordinates>
			</LineString>
		</MultiGeometry>
	</Placemark>
	<Placemark>
		<name>P-791</name>
		<visibility>0</visibility>
		<description><![CDATA[<div><div><span><b>Altitude:</b></span> <span>3,025 ft - 2,975 ft</span></div>
<div><span><b>Speed:</b></span> <span>184 kt - 183 kt</span></div>
<div><span><b>Timestamp:</b></span><br/><span>2024-07-09 11:25:52 UTC<br/>2024-07-09 11:25:55 UTC</span></div>
</div>]]></description>
		<Style>
			<LineStyle>
				<color>ff1eff00</color>
				<width>2</width>
			</LineStyle>
		</Style>
		<MultiGeometry>
			<LineString>
				<tessellate>1</tessellate>
				<altitudeMode>absolute</altitudeMode>
				<coordinates>
					126.642868,37.667,922.02 126.64621,37.666069,906.78 
				</coordinates>
			</LineString>
		</MultiGeometry>
	</Placemark>
	<Placemark>
		<name>P-792</name>
		<visibility>0</visibility>
		<description><![CDATA[<div><div><span><b>Altitude:</b></span> <span>2,975 ft - 2,950 ft</span></div>
<div><span><b>Speed:</b></span> <span>183 kt - 182 kt</span></div>
<div><span><b>Timestamp:</b></span><br/><span>2024-07-09 11:25:55 UTC<br/>2024-07-09 11:25:58 UTC</span></div>
</div>]]></description>
		<Style>
			<LineStyle>
				<color>ff1eff00</color>
				<width>2</width>
			</LineStyle>
		</Style>
		<MultiGeometry>
			<LineString>
				<tessellate>1</tessellate>
				<altitudeMode>absolute</altitudeMode>
				<coordinates>
					126.64621,37.666069,906.78 126.648987,37.664978,899.16 
				</coordinates>
			</LineString>
		</MultiGeometry>
	</Placemark>
	<Placemark>
		<name>P-793</name>
		<visibility>0</visibility>
		<description><![CDATA[<div><div><span><b>Altitude:</b></span> <span>2,950 ft - 2,900 ft</span></div>
<div><span><b>Speed:</b></span> <span>182 kt - 179 kt</span></div>
<div><span><b>Timestamp:</b></span><br/><span>2024-07-09 11:25:58 UTC<br/>2024-07-09 11:26:01 UTC</span></div>
</div>]]></description>
		<Style>
			<LineStyle>
				<color>ff1eff00</color>
				<width>2</width>
			</LineStyle>
		</Style>
		<MultiGeometry>
			<LineString>
				<tessellate>1</tessellate>
				<altitudeMode>absolute</altitudeMode>
				<coordinates>
					126.648987,37.664978,899.16 126.651169,37.663971,883.9199999999998 
				</coordinates>
			</LineString>
		</MultiGeometry>
	</Placemark>
	<Placemark>
		<name>P-794</name>
		<visibility>0</visibility>
		<description><![CDATA[<div><div><span><b>Altitude:</b></span> <span>2,900 ft - 2,825 ft</span></div>
<div><span><b>Speed:</b></span> <span>179 kt - 180 kt</span></div>
<div><span><b>Timestamp:</b></span><br/><span>2024-07-09 11:26:01 UTC<br/>2024-07-09 11:26:04 UTC</span></div>
</div>]]></description>
		<Style>
			<LineStyle>
				<color>ff1eff00</color>
				<width>2</width>
			</LineStyle>
		</Style>
		<MultiGeometry>
			<LineString>
				<tessellate>1</tessellate>
				<altitudeMode>absolute</altitudeMode>
				<coordinates>
					126.651169,37.663971,883.9199999999998 126.654633,37.662018,861.0600000000001 
				</coordinates>
			</LineString>
		</MultiGeometry>
	</Placemark>
	<Placemark>
		<name>P-795</name>
		<visibility>0</visibility>
		<description><![CDATA[<div><div><span><b>Altitude:</b></span> <span>2,825 ft - 2,750 ft</span></div>
<div><span><b>Speed:</b></span> <span>180 kt - 179 kt</span></div>
<div><span><b>Timestamp:</b></span><br/><span>2024-07-09 11:26:04 UTC<br/>2024-07-09 11:26:07 UTC</span></div>
</div>]]></description>
		<Style>
			<LineStyle>
				<color>ff1eff00</color>
				<width>2</width>
			</LineStyle>
		</Style>
		<MultiGeometry>
			<LineString>
				<tessellate>1</tessellate>
				<altitudeMode>absolute</altitudeMode>
				<coordinates>
					126.654633,37.662018,861.0600000000001 126.657173,37.660492,838.2 
				</coordinates>
			</LineString>
		</MultiGeometry>
	</Placemark>
	<Placemark>
		<name>P-796</name>
		<visibility>0</visibility>
		<description><![CDATA[<div><div><span><b>Altitude:</b></span> <span>2,750 ft - 2,700 ft</span></div>
<div><span><b>Speed:</b></span> <span>179 kt - 178 kt</span></div>
<div><span><b>Timestamp:</b></span><br/><span>2024-07-09 11:26:07 UTC<br/>2024-07-09 11:26:10 UTC</span></div>
</div>]]></description>
		<Style>
			<LineStyle>
				<color>ff1eff00</color>
				<width>2</width>
			</LineStyle>
		</Style>
		<MultiGeometry>
			<LineString>
				<tessellate>1</tessellate>
				<altitudeMode>absolute</altitudeMode>
				<coordinates>
					126.657173,37.660492,838.2 126.658745,37.659485,822.96 
				</coordinates>
			</LineString>
		</MultiGeometry>
	</Placemark>
	<Placemark>
		<name>P-797</name>
		<visibility>0</visibility>
		<description><![CDATA[<div><div><span><b>Altitude:</b></span> <span>2,700 ft - 2,625 ft</span></div>
<div><span><b>Speed:</b></span> <span>178 kt - 177 kt</span></div>
<div><span><b>Timestamp:</b></span><br/><span>2024-07-09 11:26:10 UTC<br/>2024-07-09 11:26:13 UTC</span></div>
</div>]]></description>
		<Style>
			<LineStyle>
				<color>ff1eff00</color>
				<width>2</width>
			</LineStyle>
		</Style>
		<MultiGeometry>
			<LineString>
				<tessellate>1</tessellate>
				<altitudeMode>absolute</altitudeMode>
				<coordinates>
					126.658745,37.659485,822.96 126.662018,37.657242,800.1000000000001 
				</coordinates>
			</LineString>
		</MultiGeometry>
	</Placemark>
	<Placemark>
		<name>P-798</name>
		<visibility>0</visibility>
		<description><![CDATA[<div><div><span><b>Altitude:</b></span> <span>2,625 ft - 2,600 ft</span></div>
<div><span><b>Speed:</b></span> <span>177 kt - 176 kt</span></div>
<div><span><b>Timestamp:</b></span><br/><span>2024-07-09 11:26:13 UTC<br/>2024-07-09 11:26:16 UTC</span></div>
</div>]]></description>
		<Style>
			<LineStyle>
				<color>ff1eff00</color>
				<width>2</width>
			</LineStyle>
		</Style>
		<MultiGeometry>
			<LineString>
				<tessellate>1</tessellate>
				<altitudeMode>absolute</altitudeMode>
				<coordinates>
					126.662018,37.657242,800.1000000000001 126.664062,37.655781,792.48 
				</coordinates>
			</LineString>
		</MultiGeometry>
	</Placemark>
	<Placemark>
		<name>P-799</name>
		<visibility>0</visibility>
		<description><![CDATA[<div><div><span><b>Altitude:</b></span> <span>2,600 ft - 2,525 ft</span></div>
<div><span><b>Speed:</b></span> <span>176 kt - 174 kt</span></div>
<div><span><b>Timestamp:</b></span><br/><span>2024-07-09 11:26:16 UTC<br/>2024-07-09 11:26:19 UTC</span></div>
</div>]]></description>
		<Style>
			<LineStyle>
				<color>ff42ff00</color>
				<width>2</width>
			</LineStyle>
		</Style>
		<MultiGeometry>
			<LineString>
				<tessellate>1</tessellate>
				<altitudeMode>absolute</altitudeMode>
				<coordinates>
					126.664062,37.655781,792.48 126.666519,37.654037,769.62 
				</coordinates>
			</LineString>
		</MultiGeometry>
	</Placemark>
	<Placemark>
		<name>P-800</name>
		<visibility>0</visibility>
		<description><![CDATA[<div><div><span><b>Altitude:</b></span> <span>2,525 ft - 2,500 ft</span></div>
<div><span><b>Speed:</b></span> <span>174 kt - 172 kt</span></div>
<div><span><b>Timestamp:</b></span><br/><span>2024-07-09 11:26:19 UTC<br/>2024-07-09 11:26:22 UTC</span></div>
</div>]]></description>
		<Style>
			<LineStyle>
				<color>ff42ff00</color>
				<width>2</width>
			</LineStyle>
		</Style>
		<MultiGeometry>
			<LineString>
				<tessellate>1</tessellate>
				<altitudeMode>absolute</altitudeMode>
				<coordinates>
					126.666519,37.654037,769.62 126.6688,37.65239,761.9999999999999 
				</coordinates>
			</LineString>
		</MultiGeometry>
	</Placemark>
	<Placemark>
		<name>P-801</name>
		<visibility>0</visibility>
		<description><![CDATA[<div><div><span><b>Altitude:</b></span> <span>2,500 ft - 2,450 ft</span></div>
<div><span><b>Speed:</b></span> <span>172 kt - 170 kt</span></div>
<div><span><b>Timestamp:</b></span><br/><span>2024-07-09 11:26:22 UTC<br/>2024-07-09 11:26:25 UTC</span></div>
</div>]]></description>
		<Style>
			<LineStyle>
				<color>ff42ff00</color>
				<width>2</width>
			</LineStyle>
		</Style>
		<MultiGeometry>
			<LineString>
				<tessellate>1</tessellate>
				<altitudeMode>absolute</altitudeMode>
				<coordinates>
					126.6688,37.65239,761.9999999999999 126.671021,37.650742,746.7599999999999 
				</coordinates>
			</LineString>
		</MultiGeometry>
	</Placemark>
	<Placemark>
		<name>P-802</name>
		<visibility>0</visibility>
		<description><![CDATA[<div><div><span><b>Altitude:</b></span> <span>2,450 ft - 2,400 ft</span></div>
<div><span><b>Speed:</b></span> <span>170 kt - 167 kt</span></div>
<div><span><b>Timestamp:</b></span><br/><span>2024-07-09 11:26:25 UTC<br/>2024-07-09 11:26:28 UTC</span></div>
</div>]]></description>
		<Style>
			<LineStyle>
				<color>ff42ff00</color>
				<width>2</width>
			</LineStyle>
		</Style>
		<MultiGeometry>
			<LineString>
				<tessellate>1</tessellate>
				<altitudeMode>absolute</altitudeMode>
				<coordinates>
					126.671021,37.650742,746.7599999999999 126.67289,37.649323,731.52 
				</coordinates>
			</LineString>
		</MultiGeometry>
	</Placemark>
	<Placemark>
		<name>P-803</name>
		<visibility>0</visibility>
		<description><![CDATA[<div><div><span><b>Altitude:</b></span> <span>2,400 ft - 2,350 ft</span></div>
<div><span><b>Speed:</b></span> <span>167 kt - 165 kt</span></div>
<div><span><b>Timestamp:</b></span><br/><span>2024-07-09 11:26:28 UTC<br/>2024-07-09 11:26:31 UTC</span></div>
</div>]]></description>
		<Style>
			<LineStyle>
				<color>ff42ff00</color>
				<width>2</width>
			</LineStyle>
		</Style>
		<MultiGeometry>
			<LineString>
				<tessellate>1</tessellate>
				<altitudeMode>absolute</altitudeMode>
				<coordinates>
					126.67289,37.649323,731.52 126.675171,37.647629,716.28 
				</coordinates>
			</LineString>
		</MultiGeometry>
	</Placemark>
	<Placemark>
		<name>P-804</name>
		<visibility>0</visibility>
		<description><![CDATA[<div><div><span><b>Altitude:</b></span> <span>2,350 ft - 2,300 ft</span></div>
<div><span><b>Speed:</b></span> <span>165 kt - 162 kt</span></div>
<div><span><b>Timestamp:</b></span><br/><span>2024-07-09 11:26:31 UTC<br/>2024-07-09 11:26:34 UTC</span></div>
</div>]]></description>
		<Style>
			<LineStyle>
				<color>ff42ff00</color>
				<width>2</width>
			</LineStyle>
		</Style>
		<MultiGeometry>
			<LineString>
				<tessellate>1</tessellate>
				<altitudeMode>absolute</altitudeMode>
				<coordinates>
					126.675171,37.647629,716.28 126.677155,37.646118,701.04 
				</coordinates>
			</LineString>
		</MultiGeometry>
	</Placemark>
	<Placemark>
		<name>P-805</name>
		<visibility>0</visibility>
		<description><![CDATA[<div><div><span><b>Altitude:</b></span> <span>2,300 ft - 2,275 ft</span></div>
<div><span><b>Speed:</b></span> <span>162 kt - 160 kt</span></div>
<div><span><b>Timestamp:</b></span><br/><span>2024-07-09 11:26:34 UTC<br/>2024-07-09 11:26:38 UTC</span></div>
</div>]]></description>
		<Style>
			<LineStyle>
				<color>ff42ff00</color>
				<width>2</width>
			</LineStyle>
		</Style>
		<MultiGeometry>
			<LineString>
				<tessellate>1</tessellate>
				<altitudeMode>absolute</altitudeMode>
				<coordinates>
					126.677155,37.646118,701.04 126.679108,37.644653,693.4199999999998 
				</coordinates>
			</LineString>
		</MultiGeometry>
	</Placemark>
	<Placemark>
		<name>P-806</name>
		<visibility>0</visibility>
		<description><![CDATA[<div><div><span><b>Altitude:</b></span> <span>2,275 ft - 2,175 ft</span></div>
<div><span><b>Speed:</b></span> <span>160 kt - 152 kt</span></div>
<div><span><b>Timestamp:</b></span><br/><span>2024-07-09 11:26:38 UTC<br/>2024-07-09 11:26:47 UTC</span></div>
</div>]]></description>
		<Style>
			<LineStyle>
				<color>ff42ff00</color>
				<width>2</width>
			</LineStyle>
		</Style>
		<MultiGeometry>
			<LineString>
				<tessellate>1</tessellate>
				<altitudeMode>absolute</altitudeMode>
				<coordinates>
					126.679108,37.644653,693.4199999999998 126.685394,37.639893,662.9400000000001 
				</coordinates>
			</LineString>
		</MultiGeometry>
	</Placemark>
	<Placemark>
		<name>P-807</name>
		<visibility>0</visibility>
		<description><![CDATA[<div><div><span><b>Altitude:</b></span> <span>2,175 ft - 2,075 ft</span></div>
<div><span><b>Speed:</b></span> <span>152 kt - 144 kt</span></div>
<div><span><b>Timestamp:</b></span><br/><span>2024-07-09 11:26:47 UTC<br/>2024-07-09 11:26:56 UTC</span></div>
</div>]]></description>
		<Style>
			<LineStyle>
				<color>ff42ff00</color>
				<width>2</width>
			</LineStyle>
		</Style>
		<MultiGeometry>
			<LineString>
				<tessellate>1</tessellate>
				<altitudeMode>absolute</altitudeMode>
				<coordinates>
					126.685394,37.639893,662.9400000000001 126.690826,37.635635,632.4599999999999 
				</coordinates>
			</LineString>
		</MultiGeometry>
	</Placemark>
	<Placemark>
		<name>P-808</name>
		<visibility>0</visibility>
		<description><![CDATA[<div><div><span><b>Altitude:</b></span> <span>2,075 ft - 2,000 ft</span></div>
<div><span><b>Speed:</b></span> <span>144 kt - 142 kt</span></div>
<div><span><b>Timestamp:</b></span><br/><span>2024-07-09 11:26:56 UTC<br/>2024-07-09 11:27:03 UTC</span></div>
</div>]]></description>
		<Style>
			<LineStyle>
				<color>ff42ff00</color>
				<width>2</width>
			</LineStyle>
		</Style>
		<MultiGeometry>
			<LineString>
				<tessellate>1</tessellate>
				<altitudeMode>absolute</altitudeMode>
				<coordinates>
					126.690826,37.635635,632.4599999999999 126.695152,37.632202,609.6 
				</coordinates>
			</LineString>
		</MultiGeometry>
	</Placemark>
	<Placemark>
		<name>P-809</name>
		<visibility>0</visibility>
		<description><![CDATA[<div><div><span><b>Altitude:</b></span> <span>2,000 ft - 1,900 ft</span></div>
<div><span><b>Speed:</b></span> <span>142 kt - 132 kt</span></div>
<div><span><b>Timestamp:</b></span><br/><span>2024-07-09 11:27:03 UTC<br/>2024-07-09 11:27:11 UTC</span></div>
</div>]]></description>
		<Style>
			<LineStyle>
				<color>ff42ff00</color>
				<width>2</width>
			</LineStyle>
		</Style>
		<MultiGeometry>
			<LineString>
				<tessellate>1</tessellate>
				<altitudeMode>absolute</altitudeMode>
				<coordinates>
					126.695152,37.632202,609.6 126.699654,37.628685,579.1199999999999 
				</coordinates>
			</LineString>
		</MultiGeometry>
	</Placemark>
	<Placemark>
		<name>P-810</name>
		<visibility>0</visibility>
		<description><![CDATA[<div><div><span><b>Altitude:</b></span> <span>1,900 ft - 1,775 ft</span></div>
<div><span><b>Speed:</b></span> <span>132 kt - 128 kt</span></div>
<div><span><b>Timestamp:</b></span><br/><span>2024-07-09 11:27:11 UTC<br/>2024-07-09 11:27:20 UTC</span></div>
</div>]]></description>
		<Style>
			<LineStyle>
				<color>ffccff00</color>
				<width>2</width>
			</LineStyle>
		</Style>
		<MultiGeometry>
			<LineString>
				<tessellate>1</tessellate>
				<altitudeMode>absolute</altitudeMode>
				<coordinates>
					126.699654,37.628685,579.1199999999999 126.704247,37.624962,541.0199999999999 
				</coordinates>
			</LineString>
		</MultiGeometry>
	</Placemark>
	<Placemark>
		<name>P-811</name>
		<visibility>0</visibility>
		<description><![CDATA[<div><div><span><b>Altitude:</b></span> <span>1,775 ft - 1,675 ft</span></div>
<div><span><b>Speed:</b></span> <span>128 kt - 124 kt</span></div>
<div><span><b>Timestamp:</b></span><br/><span>2024-07-09 11:27:20 UTC<br/>2024-07-09 11:27:29 UTC</span></div>
</div>]]></description>
		<Style>
			<LineStyle>
				<color>ffccff00</color>
				<width>2</width>
			</LineStyle>
		</Style>
		<MultiGeometry>
			<LineString>
				<tessellate>1</tessellate>
				<altitudeMode>absolute</altitudeMode>
				<coordinates>
					126.704247,37.624962,541.0199999999999 126.709183,37.621078,510.54 
				</coordinates>
			</LineString>
		</MultiGeometry>
	</Placemark>
	<Placemark>
		<name>P-812</name>
		<visibility>0</visibility>
		<description><![CDATA[<div><div><span><b>Altitude:</b></span> <span>1,675 ft - 1,575 ft</span></div>
<div><span><b>Speed:</b></span> <span>124 kt - 122 kt</span></div>
<div><span><b>Timestamp:</b></span><br/><span>2024-07-09 11:27:29 UTC<br/>2024-07-09 11:27:39 UTC</span></div>
</div>]]></description>
		<Style>
			<LineStyle>
				<color>ffccff00</color>
				<width>2</width>
			</LineStyle>
		</Style>
		<MultiGeometry>
			<LineString>
				<tessellate>1</tessellate>
				<altitudeMode>absolute</altitudeMode>
				<coordinates>
					126.709183,37.621078,510.54 126.713737,37.617416,480.06 
				</coordinates>
			</LineString>
		</MultiGeometry>
	</Placemark>
	<Placemark>
		<name>P-813</name>
		<visibility>0</visibility>
		<description><![CDATA[<div><div><span><b>Altitude:</b></span> <span>1,575 ft - 1,500 ft</span></div>
<div><span><b>Speed:</b></span> <span>122 kt - 119 kt</span></div>
<div><span><b>Timestamp:</b></span><br/><span>2024-07-09 11:27:39 UTC<br/>2024-07-09 11:27:47 UTC</span></div>
</div>]]></description>
		<Style>
			<LineStyle>
				<color>ffccff00</color>
				<width>2</width>
			</LineStyle>
		</Style>
		<MultiGeometry>
			<LineString>
				<tessellate>1</tessellate>
				<altitudeMode>absolute</altitudeMode>
				<coordinates>
					126.713737,37.617416,480.06 126.718063,37.613983,457.1999999999998 
				</coordinates>
			</LineString>
		</MultiGeometry>
	</Placemark>
	<Placemark>
		<name>P-814</name>
		<visibility>0</visibility>
		<description><![CDATA[<div><div><span><b>Altitude:</b></span> <span>1,500 ft - 1,400 ft</span></div>
<div><span><b>Speed:</b></span> <span>119 kt - 118 kt</span></div>
<div><span><b>Timestamp:</b></span><br/><span>2024-07-09 11:27:47 UTC<br/>2024-07-09 11:27:57 UTC</span></div>
</div>]]></description>
		<Style>
			<LineStyle>
				<color>ffccff00</color>
				<width>2</width>
			</LineStyle>
		</Style>
		<MultiGeometry>
			<LineString>
				<tessellate>1</tessellate>
				<altitudeMode>absolute</altitudeMode>
				<coordinates>
					126.718063,37.613983,457.1999999999998 126.72274,37.610229,426.72 
				</coordinates>
			</LineString>
		</MultiGeometry>
	</Placemark>
	<Placemark>
		<name>P-815</name>
		<visibility>0</visibility>
		<description><![CDATA[<div><div><span><b>Altitude:</b></span> <span>1,400 ft - 1,325 ft</span></div>
<div><span><b>Speed:</b></span> <span>118 kt</span></div>
<div><span><b>Timestamp:</b></span><br/><span>2024-07-09 11:27:57 UTC<br/>2024-07-09 11:28:06 UTC</span></div>
</div>]]></description>
		<Style>
			<LineStyle>
				<color>ffccff00</color>
				<width>2</width>
			</LineStyle>
		</Style>
		<MultiGeometry>
			<LineString>
				<tessellate>1</tessellate>
				<altitudeMode>absolute</altitudeMode>
				<coordinates>
					126.72274,37.610229,426.72 126.727005,37.606796,403.86 
				</coordinates>
			</LineString>
		</MultiGeometry>
	</Placemark>
	<Placemark>
		<name>P-816</name>
		<visibility>0</visibility>
		<description><![CDATA[<div><div><span><b>Altitude:</b></span> <span>1,325 ft - 1,250 ft</span></div>
<div><span><b>Speed:</b></span> <span>118 kt</span></div>
<div><span><b>Timestamp:</b></span><br/><span>2024-07-09 11:28:06 UTC<br/>2024-07-09 11:28:12 UTC</span></div>
</div>]]></description>
		<Style>
			<LineStyle>
				<color>ffccff00</color>
				<width>2</width>
			</LineStyle>
		</Style>
		<MultiGeometry>
			<LineString>
				<tessellate>1</tessellate>
				<altitudeMode>absolute</altitudeMode>
				<coordinates>
					126.727005,37.606796,403.86 126.730042,37.60434,380.9999999999999 
				</coordinates>
			</LineString>
		</MultiGeometry>
	</Placemark>
	<Placemark>
		<name>P-817</name>
		<visibility>0</visibility>
		<description><![CDATA[<div><div><span><b>Altitude:</b></span> <span>1,250 ft - 1,150 ft</span></div>
<div><span><b>Speed:</b></span> <span>118 kt</span></div>
<div><span><b>Timestamp:</b></span><br/><span>2024-07-09 11:28:12 UTC<br/>2024-07-09 11:28:21 UTC</span></div>
</div>]]></description>
		<Style>
			<LineStyle>
				<color>fff0ff00</color>
				<width>2</width>
			</LineStyle>
		</Style>
		<MultiGeometry>
			<LineString>
				<tessellate>1</tessellate>
				<altitudeMode>absolute</altitudeMode>
				<coordinates>
					126.730042,37.60434,380.9999999999999 126.734398,37.600849,350.52 
				</coordinates>
			</LineString>
		</MultiGeometry>
	</Placemark>
	<Placemark>
		<name>P-818</name>
		<visibility>0</visibility>
		<description><![CDATA[<div><div><span><b>Altitude:</b></span> <span>1,150 ft - 1,075 ft</span></div>
<div><span><b>Speed:</b></span> <span>118 kt</span></div>
<div><span><b>Timestamp:</b></span><br/><span>2024-07-09 11:28:21 UTC<br/>2024-07-09 11:28:30 UTC</span></div>
</div>]]></description>
		<Style>
			<LineStyle>
				<color>fff0ff00</color>
				<width>2</width>
			</LineStyle>
		</Style>
		<MultiGeometry>
			<LineString>
				<tessellate>1</tessellate>
				<altitudeMode>absolute</altitudeMode>
				<coordinates>
					126.734398,37.600849,350.52 126.738869,37.597321,327.66 
				</coordinates>
			</LineString>
		</MultiGeometry>
	</Placemark>
	<Placemark>
		<name>P-819</name>
		<visibility>0</visibility>
		<description><![CDATA[<div><div><span><b>Altitude:</b></span> <span>1,075 ft - 975 ft</span></div>
<div><span><b>Speed:</b></span> <span>118 kt</span></div>
<div><span><b>Timestamp:</b></span><br/><span>2024-07-09 11:28:30 UTC<br/>2024-07-09 11:28:39 UTC</span></div>
</div>]]></description>
		<Style>
			<LineStyle>
				<color>fff0ff00</color>
				<width>2</width>
			</LineStyle>
		</Style>
		<MultiGeometry>
			<LineString>
				<tessellate>1</tessellate>
				<altitudeMode>absolute</altitudeMode>
				<coordinates>
					126.738869,37.597321,327.66 126.743362,37.593796,297.1799999999999 
				</coordinates>
			</LineString>
		</MultiGeometry>
	</Placemark>
	<Placemark>
		<name>P-820</name>
		<visibility>0</visibility>
		<description><![CDATA[<div><div><span><b>Altitude:</b></span> <span>975 ft - 875 ft</span></div>
<div><span><b>Speed:</b></span> <span>118 kt</span></div>
<div><span><b>Timestamp:</b></span><br/><span>2024-07-09 11:28:39 UTC<br/>2024-07-09 11:28:48 UTC</span></div>
</div>]]></description>
		<Style>
			<LineStyle>
				<color>ffffea00</color>
				<width>2</width>
			</LineStyle>
		</Style>
		<MultiGeometry>
			<LineString>
				<tessellate>1</tessellate>
				<altitudeMode>absolute</altitudeMode>
				<coordinates>
					126.743362,37.593796,297.1799999999999 126.747833,37.590328,266.7 
				</coordinates>
			</LineString>
		</MultiGeometry>
	</Placemark>
	<Placemark>
		<name>P-821</name>
		<visibility>0</visibility>
		<description><![CDATA[<div><div><span><b>Altitude:</b></span> <span>875 ft - 800 ft</span></div>
<div><span><b>Speed:</b></span> <span>118 kt</span></div>
<div><span><b>Timestamp:</b></span><br/><span>2024-07-09 11:28:48 UTC<br/>2024-07-09 11:28:57 UTC</span></div>
</div>]]></description>
		<Style>
			<LineStyle>
				<color>ffffea00</color>
				<width>2</width>
			</LineStyle>
		</Style>
		<MultiGeometry>
			<LineString>
				<tessellate>1</tessellate>
				<altitudeMode>absolute</altitudeMode>
				<coordinates>
					126.747833,37.590328,266.7 126.752129,37.586929,243.84 
				</coordinates>
			</LineString>
		</MultiGeometry>
	</Placemark>
	<Placemark>
		<name>P-822</name>
		<visibility>0</visibility>
		<description><![CDATA[<div><div><span><b>Altitude:</b></span> <span>800 ft - 700 ft</span></div>
<div><span><b>Speed:</b></span> <span>118 kt</span></div>
<div><span><b>Timestamp:</b></span><br/><span>2024-07-09 11:28:57 UTC<br/>2024-07-09 11:29:06 UTC</span></div>
</div>]]></description>
		<Style>
			<LineStyle>
				<color>ffffea00</color>
				<width>2</width>
			</LineStyle>
		</Style>
		<MultiGeometry>
			<LineString>
				<tessellate>1</tessellate>
				<altitudeMode>absolute</altitudeMode>
				<coordinates>
					126.752129,37.586929,243.84 126.756668,37.583298,213.36 
				</coordinates>
			</LineString>
		</MultiGeometry>
	</Placemark>
	<Placemark>
		<name>P-823</name>
		<visibility>0</visibility>
		<description><![CDATA[<div><div><span><b>Altitude:</b></span> <span>700 ft - 600 ft</span></div>
<div><span><b>Speed:</b></span> <span>118 kt</span></div>
<div><span><b>Timestamp:</b></span><br/><span>2024-07-09 11:29:06 UTC<br/>2024-07-09 11:29:15 UTC</span></div>
</div>]]></description>
		<Style>
			<LineStyle>
				<color>ffffea00</color>
				<width>2</width>
			</LineStyle>
		</Style>
		<MultiGeometry>
			<LineString>
				<tessellate>1</tessellate>
				<altitudeMode>absolute</altitudeMode>
				<coordinates>
					126.756668,37.583298,213.36 126.760956,37.57988,182.88 
				</coordinates>
			</LineString>
		</MultiGeometry>
	</Placemark>
	<Placemark>
		<name>P-824</name>
		<visibility>0</visibility>
		<description><![CDATA[<div><div><span><b>Altitude:</b></span> <span>600 ft - 500 ft</span></div>
<div><span><b>Speed:</b></span> <span>118 kt - 120 kt</span></div>
<div><span><b>Timestamp:</b></span><br/><span>2024-07-09 11:29:15 UTC<br/>2024-07-09 11:29:25 UTC</span></div>
</div>]]></description>
		<Style>
			<LineStyle>
				<color>ffffe062</color>
				<width>2</width>
			</LineStyle>
		</Style>
		<MultiGeometry>
			<LineString>
				<tessellate>1</tessellate>
				<altitudeMode>absolute</altitudeMode>
				<coordinates>
					126.760956,37.57988,182.88 126.765747,37.57613,152.4 
				</coordinates>
			</LineString>
		</MultiGeometry>
	</Placemark>
	<Placemark>
		<name>P-825</name>
		<visibility>0</visibility>
		<description><![CDATA[<div><div><span><b>Altitude:</b></span> <span>500 ft - 425 ft</span></div>
<div><span><b>Speed:</b></span> <span>120 kt</span></div>
<div><span><b>Timestamp:</b></span><br/><span>2024-07-09 11:29:25 UTC<br/>2024-07-09 11:29:34 UTC</span></div>
</div>]]></description>
		<Style>
			<LineStyle>
				<color>ffffe062</color>
				<width>2</width>
			</LineStyle>
		</Style>
		<MultiGeometry>
			<LineString>
				<tessellate>1</tessellate>
				<altitudeMode>absolute</altitudeMode>
				<coordinates>
					126.765747,37.57613,152.4 126.770187,37.572601,129.54 
				</coordinates>
			</LineString>
		</MultiGeometry>
	</Placemark>
	<Placemark>
		<name>P-826</name>
		<visibility>0</visibility>
		<description><![CDATA[<div><div><span><b>Altitude:</b></span> <span>425 ft - 375 ft</span></div>
<div><span><b>Speed:</b></span> <span>120 kt - 118 kt</span></div>
<div><span><b>Timestamp:</b></span><br/><span>2024-07-09 11:29:34 UTC<br/>2024-07-09 11:29:40 UTC</span></div>
</div>]]></description>
		<Style>
			<LineStyle>
				<color>ffffe062</color>
				<width>2</width>
			</LineStyle>
		</Style>
		<MultiGeometry>
			<LineString>
				<tessellate>1</tessellate>
				<altitudeMode>absolute</altitudeMode>
				<coordinates>
					126.770187,37.572601,129.54 126.773033,37.570354,114.3 
				</coordinates>
			</LineString>
		</MultiGeometry>
	</Placemark>
	<Placemark>
		<name>P-827</name>
		<visibility>0</visibility>
		<description><![CDATA[<div><div><span><b>Altitude:</b></span> <span>375 ft - 250 ft</span></div>
<div><span><b>Speed:</b></span> <span>118 kt - 119 kt</span></div>
<div><span><b>Timestamp:</b></span><br/><span>2024-07-09 11:29:40 UTC<br/>2024-07-09 11:29:49 UTC</span></div>
</div>]]></description>
		<Style>
			<LineStyle>
				<color>ffffe062</color>
				<width>2</width>
			</LineStyle>
		</Style>
		<MultiGeometry>
			<LineString>
				<tessellate>1</tessellate>
				<altitudeMode>absolute</altitudeMode>
				<coordinates>
					126.773033,37.570354,114.3 126.777611,37.566696,76.2 
				</coordinates>
			</LineString>
		</MultiGeometry>
	</Placemark>
	<Placemark>
		<name>P-828</name>
		<visibility>0</visibility>
		<description><![CDATA[<div><div><span><b>Altitude:</b></span> <span>250 ft - 225 ft</span></div>
<div><span><b>Speed:</b></span> <span>119 kt - 111 kt</span></div>
<div><span><b>Timestamp:</b></span><br/><span>2024-07-09 11:29:49 UTC<br/>2024-07-09 11:29:58 UTC</span></div>
</div>]]></description>
		<Style>
			<LineStyle>
				<color>ffffffff</color>
				<width>2</width>
			</LineStyle>
		</Style>
		<MultiGeometry>
			<LineString>
				<tessellate>1</tessellate>
				<altitudeMode>absolute</altitudeMode>
				<coordinates>
					126.777611,37.566696,76.2 126.781693,37.563419,68.58 
				</coordinates>
			</LineString>
		</MultiGeometry>
	</Placemark>
	<Placemark>
		<name>P-829</name>
		<visibility>0</visibility>
		<description><![CDATA[<div><div><span><b>Altitude:</b></span> <span>225 ft - 0 ft</span></div>
<div><span><b>Speed:</b></span> <span>111 kt - 78 kt</span></div>
<div><span><b>Timestamp:</b></span><br/><span>2024-07-09 11:29:58 UTC<br/>2024-07-09 11:30:06 UTC</span></div>
</div>]]></description>
		<Style>
			<LineStyle>
				<color>ffffffff</color>
				<width>2</width>
			</LineStyle>
		</Style>
		<MultiGeometry>
			<LineString>
				<tessellate>1</tessellate>
				<coordinates>
					126.781693,37.563419,68.58 126.784584,37.561115,0 
				</coordinates>
			</LineString>
		</MultiGeometry>
	</Placemark>
	<Placemark>
		<name>P-830</name>
		<visibility>0</visibility>
		<description><![CDATA[<div><div><span><b>Altitude:</b></span> <span>0 ft</span></div>
<div><span><b>Speed:</b></span> <span>78 kt - 65 kt</span></div>
<div><span><b>Timestamp:</b></span><br/><span>2024-07-09 11:30:06 UTC<br/>2024-07-09 11:30:13 UTC</span></div>
</div>]]></description>
		<Style>
			<LineStyle>
				<color>ffffffff</color>
				<width>2</width>
			</LineStyle>
		</Style>
		<MultiGeometry>
			<LineString>
				<tessellate>1</tessellate>
				<coordinates>
					126.784584,37.561115,0 126.786522,37.559544,0 
				</coordinates>
			</LineString>
		</MultiGeometry>
	</Placemark>
	<Placemark>
		<name>P-831</name>
		<visibility>0</visibility>
		<description><![CDATA[<div><div><span><b>Altitude:</b></span> <span>0 ft</span></div>
<div><span><b>Speed:</b></span> <span>65 kt - 54 kt</span></div>
<div><span><b>Timestamp:</b></span><br/><span>2024-07-09 11:30:13 UTC<br/>2024-07-09 11:30:23 UTC</span></div>
</div>]]></description>
		<Style>
			<LineStyle>
				<color>ffffffff</color>
				<width>2</width>
			</LineStyle>
		</Style>
		<MultiGeometry>
			<LineString>
				<tessellate>1</tessellate>
				<coordinates>
					126.786522,37.559544,0 126.78878,37.557751,0 
				</coordinates>
			</LineString>
		</MultiGeometry>
	</Placemark>
	<Placemark>
		<name>P-832</name>
		<visibility>0</visibility>
		<description><![CDATA[<div><div><span><b>Altitude:</b></span> <span>0 ft</span></div>
<div><span><b>Speed:</b></span> <span>54 kt - 45 kt</span></div>
<div><span><b>Timestamp:</b></span><br/><span>2024-07-09 11:30:23 UTC<br/>2024-07-09 11:30:32 UTC</span></div>
</div>]]></description>
		<Style>
			<LineStyle>
				<color>ffffffff</color>
				<width>2</width>
			</LineStyle>
		</Style>
		<MultiGeometry>
			<LineString>
				<tessellate>1</tessellate>
				<coordinates>
					126.78878,37.557751,0 126.790565,37.556374,0 
				</coordinates>
			</LineString>
		</MultiGeometry>
	</Placemark>
	<Placemark>
		<name>P-833</name>
		<visibility>0</visibility>
		<description><![CDATA[<div><div><span><b>Altitude:</b></span> <span>0 ft</span></div>
<div><span><b>Speed:</b></span> <span>45 kt - 34 kt</span></div>
<div><span><b>Timestamp:</b></span><br/><span>2024-07-09 11:30:32 UTC<br/>2024-07-09 11:30:38 UTC</span></div>
</div>]]></description>
		<Style>
			<LineStyle>
				<color>ffffffff</color>
				<width>2</width>
			</LineStyle>
		</Style>
		<MultiGeometry>
			<LineString>
				<tessellate>1</tessellate>
				<coordinates>
					126.790565,37.556374,0 126.791603,37.555573,0 
				</coordinates>
			</LineString>
		</MultiGeometry>
	</Placemark>
	<Placemark>
		<name>P-834</name>
		<visibility>0</visibility>
		<description><![CDATA[<div><div><span><b>Altitude:</b></span> <span>0 ft</span></div>
<div><span><b>Speed:</b></span> <span>34 kt - 24 kt</span></div>
<div><span><b>Timestamp:</b></span><br/><span>2024-07-09 11:30:38 UTC<br/>2024-07-09 11:30:50 UTC</span></div>
</div>]]></description>
		<Style>
			<LineStyle>
				<color>ffffffff</color>
				<width>2</width>
			</LineStyle>
		</Style>
		<MultiGeometry>
			<LineString>
				<tessellate>1</tessellate>
				<coordinates>
					126.791603,37.555573,0 126.793137,37.554832,0 
				</coordinates>
			</LineString>
		</MultiGeometry>
	</Placemark>
	<Placemark>
		<name>P-835</name>
		<visibility>0</visibility>
		<description><![CDATA[<div><div><span><b>Altitude:</b></span> <span>0 ft</span></div>
<div><span><b>Speed:</b></span> <span>24 kt - 18 kt</span></div>
<div><span><b>Timestamp:</b></span><br/><span>2024-07-09 11:30:50 UTC<br/>2024-07-09 11:30:57 UTC</span></div>
</div>]]></description>
		<Style>
			<LineStyle>
				<color>ffffffff</color>
				<width>2</width>
			</LineStyle>
		</Style>
		<MultiGeometry>
			<LineString>
				<tessellate>1</tessellate>
				<coordinates>
					126.793137,37.554832,0 126.793983,37.5546,0 
				</coordinates>
			</LineString>
		</MultiGeometry>
	</Placemark>
	<Placemark>
		<name>P-836</name>
		<visibility>0</visibility>
		<description><![CDATA[<div><div><span><b>Altitude:</b></span> <span>0 ft</span></div>
<div><span><b>Speed:</b></span> <span>18 kt - 9 kt</span></div>
<div><span><b>Timestamp:</b></span><br/><span>2024-07-09 11:30:57 UTC<br/>2024-07-09 11:31:19 UTC</span></div>
</div>]]></description>
		<Style>
			<LineStyle>
				<color>ffffffff</color>
				<width>2</width>
			</LineStyle>
		</Style>
		<MultiGeometry>
			<LineString>
				<tessellate>1</tessellate>
				<coordinates>
					126.793983,37.5546,0 126.79567,37.554337,0 
				</coordinates>
			</LineString>
		</MultiGeometry>
	</Placemark>
	<Placemark>
		<name>P-837</name>
		<visibility>0</visibility>
		<description><![CDATA[<div><div><span><b>Altitude:</b></span> <span>0 ft</span></div>
<div><span><b>Speed:</b></span> <span>9 kt - 7 kt</span></div>
<div><span><b>Timestamp:</b></span><br/><span>2024-07-09 11:31:19 UTC<br/>2024-07-09 11:31:27 UTC</span></div>
</div>]]></description>
		<Style>
			<LineStyle>
				<color>ffffffff</color>
				<width>2</width>
			</LineStyle>
		</Style>
		<MultiGeometry>
			<LineString>
				<tessellate>1</tessellate>
				<coordinates>
					126.79567,37.554337,0 126.79599,37.554379,0 
				</coordinates>
			</LineString>
		</MultiGeometry>
	</Placemark>
	<Placemark>
		<name>P-838</name>
		<visibility>0</visibility>
		<description><![CDATA[<div><div><span><b>Altitude:</b></span> <span>0 ft</span></div>
<div><span><b>Speed:</b></span> <span>7 kt - 5 kt</span></div>
<div><span><b>Timestamp:</b></span><br/><span>2024-07-09 11:31:27 UTC<br/>2024-07-09 11:31:34 UTC</span></div>
</div>]]></description>
		<Style>
			<LineStyle>
				<color>ffffffff</color>
				<width>2</width>
			</LineStyle>
		</Style>
		<MultiGeometry>
			<LineString>
				<tessellate>1</tessellate>
				<coordinates>
					126.79599,37.554379,0 126.796211,37.554428,0 
				</coordinates>
			</LineString>
		</MultiGeometry>
	</Placemark>
	<Placemark>
		<name>P-839</name>
		<visibility>0</visibility>
		<description><![CDATA[<div><div><span><b>Altitude:</b></span> <span>0 ft</span></div>
<div><span><b>Speed:</b></span> <span>5 kt - 2 kt</span></div>
<div><span><b>Timestamp:</b></span><br/><span>2024-07-09 11:31:34 UTC<br/>2024-07-09 11:31:46 UTC</span></div>
</div>]]></description>
		<Style>
			<LineStyle>
				<color>ffffffff</color>
				<width>2</width>
			</LineStyle>
		</Style>
		<MultiGeometry>
			<LineString>
				<tessellate>1</tessellate>
				<coordinates>
					126.796211,37.554428,0 126.796425,37.554504,0 
				</coordinates>
			</LineString>
		</MultiGeometry>
	</Placemark>
	<Placemark>
		<name>P-840</name>
		<visibility>0</visibility>
		<description><![CDATA[<div><div><span><b>Altitude:</b></span> <span>0 ft</span></div>
<div><span><b>Speed:</b></span> <span>2 kt - 8 kt</span></div>
<div><span><b>Timestamp:</b></span><br/><span>2024-07-09 11:31:46 UTC<br/>2024-07-09 11:32:31 UTC</span></div>
</div>]]></description>
		<Style>
			<LineStyle>
				<color>ffffffff</color>
				<width>2</width>
			</LineStyle>
		</Style>
		<MultiGeometry>
			<LineString>
				<tessellate>1</tessellate>
				<coordinates>
					126.796425,37.554504,0 126.796677,37.554634,0 
				</coordinates>
			</LineString>
		</MultiGeometry>
	</Placemark>
	<Placemark>
		<name>P-841</name>
		<visibility>0</visibility>
		<description><![CDATA[<div><div><span><b>Altitude:</b></span> <span>0 ft</span></div>
<div><span><b>Speed:</b></span> <span>8 kt - 11 kt</span></div>
<div><span><b>Timestamp:</b></span><br/><span>2024-07-09 11:32:31 UTC<br/>2024-07-09 11:32:35 UTC</span></div>
</div>]]></description>
		<Style>
			<LineStyle>
				<color>ffffffff</color>
				<width>2</width>
			</LineStyle>
		</Style>
		<MultiGeometry>
			<LineString>
				<tessellate>1</tessellate>
				<coordinates>
					126.796677,37.554634,0 126.796883,37.55476,0 
				</coordinates>
			</LineString>
		</MultiGeometry>
	</Placemark>
	<Placemark>
		<name>P-842</name>
		<visibility>0</visibility>
		<description><![CDATA[<div><div><span><b>Altitude:</b></span> <span>0 ft</span></div>
<div><span><b>Speed:</b></span> <span>11 kt - 15 kt</span></div>
<div><span><b>Timestamp:</b></span><br/><span>2024-07-09 11:32:35 UTC<br/>2024-07-09 11:32:40 UTC</span></div>
</div>]]></description>
		<Style>
			<LineStyle>
				<color>ffffffff</color>
				<width>2</width>
			</LineStyle>
		</Style>
		<MultiGeometry>
			<LineString>
				<tessellate>1</tessellate>
				<coordinates>
					126.796883,37.55476,0 126.797112,37.555,0 
				</coordinates>
			</LineString>
		</MultiGeometry>
	</Placemark>
	<Placemark>
		<name>P-843</name>
		<visibility>0</visibility>
		<description><![CDATA[<div><div><span><b>Altitude:</b></span> <span>0 ft</span></div>
<div><span><b>Speed:</b></span> <span>15 kt</span></div>
<div><span><b>Timestamp:</b></span><br/><span>2024-07-09 11:32:40 UTC<br/>2024-07-09 11:32:43 UTC</span></div>
</div>]]></description>
		<Style>
			<LineStyle>
				<color>ffffffff</color>
				<width>2</width>
			</LineStyle>
		</Style>
		<MultiGeometry>
			<LineString>
				<tessellate>1</tessellate>
				<coordinates>
					126.797112,37.555,0 126.797226,37.555225,0 
				</coordinates>
			</LineString>
		</MultiGeometry>
	</Placemark>
	<Placemark>
		<name>P-844</name>
		<visibility>0</visibility>
		<description><![CDATA[<div><div><span><b>Altitude:</b></span> <span>0 ft</span></div>
<div><span><b>Speed:</b></span> <span>15 kt</span></div>
<div><span><b>Timestamp:</b></span><br/><span>2024-07-09 11:32:43 UTC<br/>2024-07-09 11:32:46 UTC</span></div>
</div>]]></description>
		<Style>
			<LineStyle>
				<color>ffffffff</color>
				<width>2</width>
			</LineStyle>
		</Style>
		<MultiGeometry>
			<LineString>
				<tessellate>1</tessellate>
				<coordinates>
					126.797226,37.555225,0 126.797241,37.555435,0 
				</coordinates>
			</LineString>
		</MultiGeometry>
	</Placemark>
	<Placemark>
		<name>P-845</name>
		<visibility>0</visibility>
		<description><![CDATA[<div><div><span><b>Altitude:</b></span> <span>0 ft</span></div>
<div><span><b>Speed:</b></span> <span>15 kt</span></div>
<div><span><b>Timestamp:</b></span><br/><span>2024-07-09 11:32:46 UTC<br/>2024-07-09 11:32:49 UTC</span></div>
</div>]]></description>
		<Style>
			<LineStyle>
				<color>ffffffff</color>
				<width>2</width>
			</LineStyle>
		</Style>
		<MultiGeometry>
			<LineString>
				<tessellate>1</tessellate>
				<coordinates>
					126.797241,37.555435,0 126.797188,37.555641,0 
				</coordinates>
			</LineString>
		</MultiGeometry>
	</Placemark>
	<Placemark>
		<name>P-846</name>
		<visibility>0</visibility>
		<description><![CDATA[<div><div><span><b>Altitude:</b></span> <span>0 ft</span></div>
<div><span><b>Speed:</b></span> <span>15 kt</span></div>
<div><span><b>Timestamp:</b></span><br/><span>2024-07-09 11:32:49 UTC<br/>2024-07-09 11:32:52 UTC</span></div>
</div>]]></description>
		<Style>
			<LineStyle>
				<color>ffffffff</color>
				<width>2</width>
			</LineStyle>
		</Style>
		<MultiGeometry>
			<LineString>
				<tessellate>1</tessellate>
				<coordinates>
					126.797188,37.555641,0 126.797096,37.555847,0 
				</coordinates>
			</LineString>
		</MultiGeometry>
	</Placemark>
	<Placemark>
		<name>P-847</name>
		<visibility>0</visibility>
		<description><![CDATA[<div><div><span><b>Altitude:</b></span> <span>0 ft</span></div>
<div><span><b>Speed:</b></span> <span>15 kt</span></div>
<div><span><b>Timestamp:</b></span><br/><span>2024-07-09 11:32:52 UTC<br/>2024-07-09 11:32:57 UTC</span></div>
</div>]]></description>
		<Style>
			<LineStyle>
				<color>ffffffff</color>
				<width>2</width>
			</LineStyle>
		</Style>
		<MultiGeometry>
			<LineString>
				<tessellate>1</tessellate>
				<coordinates>
					126.797096,37.555847,0 126.796974,37.556133,0 
				</coordinates>
			</LineString>
		</MultiGeometry>
	</Placemark>
	<Placemark>
		<name>P-848</name>
		<visibility>0</visibility>
		<description><![CDATA[<div><div><span><b>Altitude:</b></span> <span>0 ft</span></div>
<div><span><b>Speed:</b></span> <span>15 kt</span></div>
<div><span><b>Timestamp:</b></span><br/><span>2024-07-09 11:32:57 UTC<br/>2024-07-09 11:33:00 UTC</span></div>
</div>]]></description>
		<Style>
			<LineStyle>
				<color>ffffffff</color>
				<width>2</width>
			</LineStyle>
		</Style>
		<MultiGeometry>
			<LineString>
				<tessellate>1</tessellate>
				<coordinates>
					126.796974,37.556133,0 126.796852,37.556351,0 
				</coordinates>
			</LineString>
		</MultiGeometry>
	</Placemark>
	<Placemark>
		<name>P-849</name>
		<visibility>0</visibility>
		<description><![CDATA[<div><div><span><b>Altitude:</b></span> <span>0 ft</span></div>
<div><span><b>Speed:</b></span> <span>15 kt - 16 kt</span></div>
<div><span><b>Timestamp:</b></span><br/><span>2024-07-09 11:33:00 UTC<br/>2024-07-09 11:33:04 UTC</span></div>
</div>]]></description>
		<Style>
			<LineStyle>
				<color>ffffffff</color>
				<width>2</width>
			</LineStyle>
		</Style>
		<MultiGeometry>
			<LineString>
				<tessellate>1</tessellate>
				<coordinates>
					126.796852,37.556351,0 126.796707,37.556602,0 
				</coordinates>
			</LineString>
		</MultiGeometry>
	</Placemark>
	<Placemark>
		<name>P-850</name>
		<visibility>0</visibility>
		<description><![CDATA[<div><div><span><b>Altitude:</b></span> <span>0 ft</span></div>
<div><span><b>Speed:</b></span> <span>16 kt</span></div>
<div><span><b>Timestamp:</b></span><br/><span>2024-07-09 11:33:04 UTC<br/>2024-07-09 11:33:07 UTC</span></div>
</div>]]></description>
		<Style>
			<LineStyle>
				<color>ffffffff</color>
				<width>2</width>
			</LineStyle>
		</Style>
		<MultiGeometry>
			<LineString>
				<tessellate>1</tessellate>
				<coordinates>
					126.796707,37.556602,0 126.796585,37.556843,0 
				</coordinates>
			</LineString>
		</MultiGeometry>
	</Placemark>
	<Placemark>
		<name>P-851</name>
		<visibility>0</visibility>
		<description><![CDATA[<div><div><span><b>Altitude:</b></span> <span>0 ft</span></div>
<div><span><b>Speed:</b></span> <span>16 kt</span></div>
<div><span><b>Timestamp:</b></span><br/><span>2024-07-09 11:33:07 UTC<br/>2024-07-09 11:33:14 UTC</span></div>
</div>]]></description>
		<Style>
			<LineStyle>
				<color>ffffffff</color>
				<width>2</width>
			</LineStyle>
		</Style>
		<MultiGeometry>
			<LineString>
				<tessellate>1</tessellate>
				<coordinates>
					126.796585,37.556843,0 126.796387,37.557381,0 
				</coordinates>
			</LineString>
		</MultiGeometry>
	</Placemark>
	<Placemark>
		<name>P-852</name>
		<visibility>0</visibility>
		<description><![CDATA[<div><div><span><b>Altitude:</b></span> <span>0 ft</span></div>
<div><span><b>Speed:</b></span> <span>16 kt</span></div>
<div><span><b>Timestamp:</b></span><br/><span>2024-07-09 11:33:14 UTC<br/>2024-07-09 11:33:19 UTC</span></div>
</div>]]></description>
		<Style>
			<LineStyle>
				<color>ffffffff</color>
				<width>2</width>
			</LineStyle>
		</Style>
		<MultiGeometry>
			<LineString>
				<tessellate>1</tessellate>
				<coordinates>
					126.796387,37.557381,0 126.796265,37.557747,0 
				</coordinates>
			</LineString>
		</MultiGeometry>
	</Placemark>
	<Placemark>
		<name>P-853</name>
		<visibility>0</visibility>
		<description><![CDATA[<div><div><span><b>Altitude:</b></span> <span>0 ft</span></div>
<div><span><b>Speed:</b></span> <span>16 kt</span></div>
<div><span><b>Timestamp:</b></span><br/><span>2024-07-09 11:33:19 UTC<br/>2024-07-09 11:33:23 UTC</span></div>
</div>]]></description>
		<Style>
			<LineStyle>
				<color>ffffffff</color>
				<width>2</width>
			</LineStyle>
		</Style>
		<MultiGeometry>
			<LineString>
				<tessellate>1</tessellate>
				<coordinates>
					126.796265,37.557747,0 126.796165,37.558044,0 
				</coordinates>
			</LineString>
		</MultiGeometry>
	</Placemark>
	<Placemark>
		<name>P-854</name>
		<visibility>0</visibility>
		<description><![CDATA[<div><div><span><b>Altitude:</b></span> <span>0 ft</span></div>
<div><span><b>Speed:</b></span> <span>16 kt</span></div>
<div><span><b>Timestamp:</b></span><br/><span>2024-07-09 11:33:23 UTC<br/>2024-07-09 11:33:33 UTC</span></div>
</div>]]></description>
		<Style>
			<LineStyle>
				<color>ffffffff</color>
				<width>2</width>
			</LineStyle>
		</Style>
		<MultiGeometry>
			<LineString>
				<tessellate>1</tessellate>
				<coordinates>
					126.796165,37.558044,0 126.795898,37.558765,0 
				</coordinates>
			</LineString>
		</MultiGeometry>
	</Placemark>
	<Placemark>
		<name>P-855</name>
		<visibility>0</visibility>
		<description><![CDATA[<div><div><span><b>Altitude:</b></span> <span>0 ft</span></div>
<div><span><b>Speed:</b></span> <span>16 kt</span></div>
<div><span><b>Timestamp:</b></span><br/><span>2024-07-09 11:33:33 UTC<br/>2024-07-09 11:33:36 UTC</span></div>
</div>]]></description>
		<Style>
			<LineStyle>
				<color>ffffffff</color>
				<width>2</width>
			</LineStyle>
		</Style>
		<MultiGeometry>
			<LineString>
				<tessellate>1</tessellate>
				<coordinates>
					126.795898,37.558765,0 126.795784,37.558983,0 
				</coordinates>
			</LineString>
		</MultiGeometry>
	</Placemark>
	<Placemark>
		<name>P-856</name>
		<visibility>0</visibility>
		<description><![CDATA[<div><div><span><b>Altitude:</b></span> <span>0 ft</span></div>
<div><span><b>Speed:</b></span> <span>16 kt - 17 kt</span></div>
<div><span><b>Timestamp:</b></span><br/><span>2024-07-09 11:33:36 UTC<br/>2024-07-09 11:33:44 UTC</span></div>
</div>]]></description>
		<Style>
			<LineStyle>
				<color>ffffffff</color>
				<width>2</width>
			</LineStyle>
		</Style>
		<MultiGeometry>
			<LineString>
				<tessellate>1</tessellate>
				<coordinates>
					126.795784,37.558983,0 126.795242,37.559544,0 
				</coordinates>
			</LineString>
		</MultiGeometry>
	</Placemark>
	<Placemark>
		<name>P-857</name>
		<visibility>0</visibility>
		<description><![CDATA[<div><div><span><b>Altitude:</b></span> <span>0 ft</span></div>
<div><span><b>Speed:</b></span> <span>17 kt</span></div>
<div><span><b>Timestamp:</b></span><br/><span>2024-07-09 11:33:44 UTC<br/>2024-07-09 11:33:51 UTC</span></div>
</div>]]></description>
		<Style>
			<LineStyle>
				<color>ffffffff</color>
				<width>2</width>
			</LineStyle>
		</Style>
		<MultiGeometry>
			<LineString>
				<tessellate>1</tessellate>
				<coordinates>
					126.795242,37.559544,0 126.794739,37.559963,0 
				</coordinates>
			</LineString>
		</MultiGeometry>
	</Placemark>
	<Placemark>
		<name>P-858</name>
		<visibility>0</visibility>
		<description><![CDATA[<div><div><span><b>Altitude:</b></span> <span>0 ft</span></div>
<div><span><b>Speed:</b></span> <span>17 kt - 18 kt</span></div>
<div><span><b>Timestamp:</b></span><br/><span>2024-07-09 11:33:51 UTC<br/>2024-07-09 11:34:02 UTC</span></div>
</div>]]></description>
		<Style>
			<LineStyle>
				<color>ffffffff</color>
				<width>2</width>
			</LineStyle>
		</Style>
		<MultiGeometry>
			<LineString>
				<tessellate>1</tessellate>
				<coordinates>
					126.794739,37.559963,0 126.793983,37.560562,0 
				</coordinates>
			</LineString>
		</MultiGeometry>
	</Placemark>
	<Placemark>
		<name>P-859</name>
		<visibility>0</visibility>
		<description><![CDATA[<div><div><span><b>Altitude:</b></span> <span>0 ft</span></div>
<div><span><b>Speed:</b></span> <span>18 kt - 19 kt</span></div>
<div><span><b>Timestamp:</b></span><br/><span>2024-07-09 11:34:02 UTC<br/>2024-07-09 11:34:04 UTC</span></div>
</div>]]></description>
		<Style>
			<LineStyle>
				<color>ffffffff</color>
				<width>2</width>
			</LineStyle>
		</Style>
		<MultiGeometry>
			<LineString>
				<tessellate>1</tessellate>
				<coordinates>
					126.793983,37.560562,0 126.793739,37.560745,0 
				</coordinates>
			</LineString>
		</MultiGeometry>
	</Placemark>
	<Placemark>
		<name>P-860</name>
		<visibility>0</visibility>
		<description><![CDATA[<div><div><span><b>Altitude:</b></span> <span>0 ft</span></div>
<div><span><b>Speed:</b></span> <span>19 kt</span></div>
<div><span><b>Timestamp:</b></span><br/><span>2024-07-09 11:34:04 UTC<br/>2024-07-09 11:34:12 UTC</span></div>
</div>]]></description>
		<Style>
			<LineStyle>
				<color>ffffffff</color>
				<width>2</width>
			</LineStyle>
		</Style>
		<MultiGeometry>
			<LineString>
				<tessellate>1</tessellate>
				<coordinates>
					126.793739,37.560745,0 126.793198,37.561184,0 
				</coordinates>
			</LineString>
		</MultiGeometry>
	</Placemark>
	<Placemark>
		<name>P-861</name>
		<visibility>0</visibility>
		<description><![CDATA[<div><div><span><b>Altitude:</b></span> <span>0 ft</span></div>
<div><span><b>Speed:</b></span> <span>19 kt</span></div>
<div><span><b>Timestamp:</b></span><br/><span>2024-07-09 11:34:12 UTC<br/>2024-07-09 11:34:27 UTC</span></div>
</div>]]></description>
		<Style>
			<LineStyle>
				<color>ffffffff</color>
				<width>2</width>
			</LineStyle>
		</Style>
		<MultiGeometry>
			<LineString>
				<tessellate>1</tessellate>
				<coordinates>
					126.793198,37.561184,0 126.791855,37.562256,0 
				</coordinates>
			</LineString>
		</MultiGeometry>
	</Placemark>
	<Placemark>
		<name>P-862</name>
		<visibility>0</visibility>
		<description><![CDATA[<div><div><span><b>Altitude:</b></span> <span>0 ft</span></div>
<div><span><b>Speed:</b></span> <span>19 kt - 15 kt</span></div>
<div><span><b>Timestamp:</b></span><br/><span>2024-07-09 11:34:27 UTC<br/>2024-07-09 11:34:33 UTC</span></div>
</div>]]></description>
		<Style>
			<LineStyle>
				<color>ffffffff</color>
				<width>2</width>
			</LineStyle>
		</Style>
		<MultiGeometry>
			<LineString>
				<tessellate>1</tessellate>
				<coordinates>
					126.791855,37.562256,0 126.791412,37.562599,0 
				</coordinates>
			</LineString>
		</MultiGeometry>
	</Placemark>
	<Placemark>
		<name>P-863</name>
		<visibility>0</visibility>
		<description><![CDATA[<div><div><span><b>Altitude:</b></span> <span>0 ft</span></div>
<div><span><b>Speed:</b></span> <span>15 kt</span></div>
<div><span><b>Timestamp:</b></span><br/><span>2024-07-09 11:34:33 UTC<br/>2024-07-09 11:34:37 UTC</span></div>
</div>]]></description>
		<Style>
			<LineStyle>
				<color>ffffffff</color>
				<width>2</width>
			</LineStyle>
		</Style>
		<MultiGeometry>
			<LineString>
				<tessellate>1</tessellate>
				<coordinates>
					126.791412,37.562599,0 126.791267,37.562817,0 
				</coordinates>
			</LineString>
		</MultiGeometry>
	</Placemark>
	<Placemark>
		<name>P-864</name>
		<visibility>0</visibility>
		<description><![CDATA[<div><div><span><b>Altitude:</b></span> <span>0 ft</span></div>
<div><span><b>Speed:</b></span> <span>15 kt - 16 kt</span></div>
<div><span><b>Timestamp:</b></span><br/><span>2024-07-09 11:34:37 UTC<br/>2024-07-09 11:34:42 UTC</span></div>
</div>]]></description>
		<Style>
			<LineStyle>
				<color>ffffffff</color>
				<width>2</width>
			</LineStyle>
		</Style>
		<MultiGeometry>
			<LineString>
				<tessellate>1</tessellate>
				<coordinates>
					126.791267,37.562817,0 126.791359,37.563183,0 
				</coordinates>
			</LineString>
		</MultiGeometry>
	</Placemark>
	<Placemark>
		<name>P-865</name>
		<visibility>0</visibility>
		<description><![CDATA[<div><div><span><b>Altitude:</b></span> <span>0 ft</span></div>
<div><span><b>Speed:</b></span> <span>16 kt</span></div>
<div><span><b>Timestamp:</b></span><br/><span>2024-07-09 11:34:42 UTC<br/>2024-07-09 11:34:46 UTC</span></div>
</div>]]></description>
		<Style>
			<LineStyle>
				<color>ffffffff</color>
				<width>2</width>
			</LineStyle>
		</Style>
		<MultiGeometry>
			<LineString>
				<tessellate>1</tessellate>
				<coordinates>
					126.791359,37.563183,0 126.791664,37.563419,0 
				</coordinates>
			</LineString>
		</MultiGeometry>
	</Placemark>
	<Placemark>
		<name>P-866</name>
		<visibility>0</visibility>
		<description><![CDATA[<div><div><span><b>Altitude:</b></span> <span>0 ft</span></div>
<div><span><b>Speed:</b></span> <span>16 kt - 17 kt</span></div>
<div><span><b>Timestamp:</b></span><br/><span>2024-07-09 11:34:46 UTC<br/>2024-07-09 11:34:49 UTC</span></div>
</div>]]></description>
		<Style>
			<LineStyle>
				<color>ffffffff</color>
				<width>2</width>
			</LineStyle>
		</Style>
		<MultiGeometry>
			<LineString>
				<tessellate>1</tessellate>
				<coordinates>
					126.791664,37.563419,0 126.791885,37.563595,0 
				</coordinates>
			</LineString>
		</MultiGeometry>
	</Placemark>
	<Placemark>
		<name>P-867</name>
		<visibility>0</visibility>
		<description><![CDATA[<div><div><span><b>Altitude:</b></span> <span>0 ft</span></div>
<div><span><b>Speed:</b></span> <span>17 kt - 18 kt</span></div>
<div><span><b>Timestamp:</b></span><br/><span>2024-07-09 11:34:49 UTC<br/>2024-07-09 11:34:53 UTC</span></div>
</div>]]></description>
		<Style>
			<LineStyle>
				<color>ffffffff</color>
				<width>2</width>
			</LineStyle>
		</Style>
		<MultiGeometry>
			<LineString>
				<tessellate>1</tessellate>
				<coordinates>
					126.791885,37.563595,0 126.792198,37.563828,0 
				</coordinates>
			</LineString>
		</MultiGeometry>
	</Placemark>
	<Placemark>
		<name>P-868</name>
		<visibility>0</visibility>
		<description><![CDATA[<div><div><span><b>Altitude:</b></span> <span>0 ft</span></div>
<div><span><b>Speed:</b></span> <span>18 kt - 20 kt</span></div>
<div><span><b>Timestamp:</b></span><br/><span>2024-07-09 11:34:53 UTC<br/>2024-07-09 11:34:58 UTC</span></div>
</div>]]></description>
		<Style>
			<LineStyle>
				<color>ffffffff</color>
				<width>2</width>
			</LineStyle>
		</Style>
		<MultiGeometry>
			<LineString>
				<tessellate>1</tessellate>
				<coordinates>
					126.792198,37.563828,0 126.792587,37.564133,0 
				</coordinates>
			</LineString>
		</MultiGeometry>
	</Placemark>
	<Placemark>
		<name>P-869</name>
		<visibility>0</visibility>
		<description><![CDATA[<div><div><span><b>Altitude:</b></span> <span>0 ft</span></div>
<div><span><b>Speed:</b></span> <span>20 kt - 21 kt</span></div>
<div><span><b>Timestamp:</b></span><br/><span>2024-07-09 11:34:58 UTC<br/>2024-07-09 11:35:03 UTC</span></div>
</div>]]></description>
		<Style>
			<LineStyle>
				<color>ffffffff</color>
				<width>2</width>
			</LineStyle>
		</Style>
		<MultiGeometry>
			<LineString>
				<tessellate>1</tessellate>
				<coordinates>
					126.792587,37.564133,0 126.792992,37.564465,0 
				</coordinates>
			</LineString>
		</MultiGeometry>
	</Placemark>
	<Placemark>
		<name>P-870</name>
		<visibility>0</visibility>
		<description><![CDATA[<div><div><span><b>Altitude:</b></span> <span>0 ft</span></div>
<div><span><b>Speed:</b></span> <span>21 kt - 22 kt</span></div>
<div><span><b>Timestamp:</b></span><br/><span>2024-07-09 11:35:03 UTC<br/>2024-07-09 11:35:05 UTC</span></div>
</div>]]></description>
		<Style>
			<LineStyle>
				<color>ffffffff</color>
				<width>2</width>
			</LineStyle>
		</Style>
		<MultiGeometry>
			<LineString>
				<tessellate>1</tessellate>
				<coordinates>
					126.792992,37.564465,0 126.793198,37.564625,0 
				</coordinates>
			</LineString>
		</MultiGeometry>
	</Placemark>
	<Placemark>
		<name>P-871</name>
		<visibility>0</visibility>
		<description><![CDATA[<div><div><span><b>Altitude:</b></span> <span>0 ft</span></div>
<div><span><b>Speed:</b></span> <span>22 kt - 23 kt</span></div>
<div><span><b>Timestamp:</b></span><br/><span>2024-07-09 11:35:05 UTC<br/>2024-07-09 11:35:13 UTC</span></div>
</div>]]></description>
		<Style>
			<LineStyle>
				<color>ffffffff</color>
				<width>2</width>
			</LineStyle>
		</Style>
		<MultiGeometry>
			<LineString>
				<tessellate>1</tessellate>
				<coordinates>
					126.793198,37.564625,0 126.79393,37.565212,0 
				</coordinates>
			</LineString>
		</MultiGeometry>
	</Placemark>
	<Placemark>
		<name>P-872</name>
		<visibility>0</visibility>
		<description><![CDATA[<div><div><span><b>Altitude:</b></span> <span>0 ft</span></div>
<div><span><b>Speed:</b></span> <span>23 kt - 22 kt</span></div>
<div><span><b>Timestamp:</b></span><br/><span>2024-07-09 11:35:13 UTC<br/>2024-07-09 11:35:18 UTC</span></div>
</div>]]></description>
		<Style>
			<LineStyle>
				<color>ffffffff</color>
				<width>2</width>
			</LineStyle>
		</Style>
		<MultiGeometry>
			<LineString>
				<tessellate>1</tessellate>
				<coordinates>
					126.79393,37.565212,0 126.794456,37.565632,0 
				</coordinates>
			</LineString>
		</MultiGeometry>
	</Placemark>
	<Placemark>
		<name>P-873</name>
		<visibility>0</visibility>
		<description><![CDATA[<div><div><span><b>Altitude:</b></span> <span>0 ft</span></div>
<div><span><b>Speed:</b></span> <span>22 kt</span></div>
<div><span><b>Timestamp:</b></span><br/><span>2024-07-09 11:35:18 UTC<br/>2024-07-09 11:35:27 UTC</span></div>
</div>]]></description>
		<Style>
			<LineStyle>
				<color>ffffffff</color>
				<width>2</width>
			</LineStyle>
		</Style>
		<MultiGeometry>
			<LineString>
				<tessellate>1</tessellate>
				<coordinates>
					126.794456,37.565632,0 126.795258,37.566273,0 
				</coordinates>
			</LineString>
		</MultiGeometry>
	</Placemark>
	<Placemark>
		<name>P-874</name>
		<visibility>0</visibility>
		<description><![CDATA[<div><div><span><b>Altitude:</b></span> <span>0 ft</span></div>
<div><span><b>Speed:</b></span> <span>22 kt</span></div>
<div><span><b>Timestamp:</b></span><br/><span>2024-07-09 11:35:27 UTC<br/>2024-07-09 11:35:34 UTC</span></div>
</div>]]></description>
		<Style>
			<LineStyle>
				<color>ffffffff</color>
				<width>2</width>
			</LineStyle>
		</Style>
		<MultiGeometry>
			<LineString>
				<tessellate>1</tessellate>
				<coordinates>
					126.795258,37.566273,0 126.795883,37.566772,0 
				</coordinates>
			</LineString>
		</MultiGeometry>
	</Placemark>
	<Placemark>
		<name>P-875</name>
		<visibility>0</visibility>
		<description><![CDATA[<div><div><span><b>Altitude:</b></span> <span>0 ft</span></div>
<div><span><b>Speed:</b></span> <span>22 kt - 23 kt</span></div>
<div><span><b>Timestamp:</b></span><br/><span>2024-07-09 11:35:34 UTC<br/>2024-07-09 11:35:41 UTC</span></div>
</div>]]></description>
		<Style>
			<LineStyle>
				<color>ffffffff</color>
				<width>2</width>
			</LineStyle>
		</Style>
		<MultiGeometry>
			<LineString>
				<tessellate>1</tessellate>
				<coordinates>
					126.795883,37.566772,0 126.79657,37.567314,0 
				</coordinates>
			</LineString>
		</MultiGeometry>
	</Placemark>
	<Placemark>
		<name>P-876</name>
		<visibility>0</visibility>
		<description><![CDATA[<div><div><span><b>Altitude:</b></span> <span>0 ft</span></div>
<div><span><b>Speed:</b></span> <span>23 kt - 20 kt</span></div>
<div><span><b>Timestamp:</b></span><br/><span>2024-07-09 11:35:41 UTC<br/>2024-07-09 11:35:48 UTC</span></div>
</div>]]></description>
		<Style>
			<LineStyle>
				<color>ffffffff</color>
				<width>2</width>
			</LineStyle>
		</Style>
		<MultiGeometry>
			<LineString>
				<tessellate>1</tessellate>
				<coordinates>
					126.79657,37.567314,0 126.797218,37.567829,0 
				</coordinates>
			</LineString>
		</MultiGeometry>
	</Placemark>
	<Placemark>
		<name>P-877</name>
		<visibility>0</visibility>
		<description><![CDATA[<div><div><span><b>Altitude:</b></span> <span>0 ft</span></div>
<div><span><b>Speed:</b></span> <span>20 kt - 21 kt</span></div>
<div><span><b>Timestamp:</b></span><br/><span>2024-07-09 11:35:48 UTC<br/>2024-07-09 11:35:54 UTC</span></div>
</div>]]></description>
		<Style>
			<LineStyle>
				<color>ffffffff</color>
				<width>2</width>
			</LineStyle>
		</Style>
		<MultiGeometry>
			<LineString>
				<tessellate>1</tessellate>
				<coordinates>
					126.797218,37.567829,0 126.797752,37.56826,0 
				</coordinates>
			</LineString>
		</MultiGeometry>
	</Placemark>
	<Placemark>
		<name>P-878</name>
		<visibility>0</visibility>
		<description><![CDATA[<div><div><span><b>Altitude:</b></span> <span>0 ft</span></div>
<div><span><b>Speed:</b></span> <span>21 kt</span></div>
<div><span><b>Timestamp:</b></span><br/><span>2024-07-09 11:35:54 UTC<br/>2024-07-09 11:36:02 UTC</span></div>
</div>]]></description>
		<Style>
			<LineStyle>
				<color>ffffffff</color>
				<width>2</width>
			</LineStyle>
		</Style>
		<MultiGeometry>
			<LineString>
				<tessellate>1</tessellate>
				<coordinates>
					126.797752,37.56826,0 126.798485,37.568844,0 
				</coordinates>
			</LineString>
		</MultiGeometry>
	</Placemark>
	<Placemark>
		<name>P-879</name>
		<visibility>0</visibility>
		<description><![CDATA[<div><div><span><b>Altitude:</b></span> <span>0 ft</span></div>
<div><span><b>Speed:</b></span> <span>21 kt - 18 kt</span></div>
<div><span><b>Timestamp:</b></span><br/><span>2024-07-09 11:36:02 UTC<br/>2024-07-09 11:36:10 UTC</span></div>
</div>]]></description>
		<Style>
			<LineStyle>
				<color>ffffffff</color>
				<width>2</width>
			</LineStyle>
		</Style>
		<MultiGeometry>
			<LineString>
				<tessellate>1</tessellate>
				<coordinates>
					126.798485,37.568844,0 126.799072,37.569305,0 
				</coordinates>
			</LineString>
		</MultiGeometry>
	</Placemark>
	<Placemark>
		<name>P-880</name>
		<visibility>0</visibility>
		<description><![CDATA[<div><div><span><b>Altitude:</b></span> <span>0 ft</span></div>
<div><span><b>Speed:</b></span> <span>18 kt - 15 kt</span></div>
<div><span><b>Timestamp:</b></span><br/><span>2024-07-09 11:36:10 UTC<br/>2024-07-09 11:36:17 UTC</span></div>
</div>]]></description>
		<Style>
			<LineStyle>
				<color>ffffffff</color>
				<width>2</width>
			</LineStyle>
		</Style>
		<MultiGeometry>
			<LineString>
				<tessellate>1</tessellate>
				<coordinates>
					126.799072,37.569305,0 126.799545,37.569668,0 
				</coordinates>
			</LineString>
		</MultiGeometry>
	</Placemark>
	<Placemark>
		<name>P-881</name>
		<visibility>0</visibility>
		<description><![CDATA[<div><div><span><b>Altitude:</b></span> <span>0 ft</span></div>
<div><span><b>Speed:</b></span> <span>15 kt - 13 kt</span></div>
<div><span><b>Timestamp:</b></span><br/><span>2024-07-09 11:36:17 UTC<br/>2024-07-09 11:36:22 UTC</span></div>
</div>]]></description>
		<Style>
			<LineStyle>
				<color>ffffffff</color>
				<width>2</width>
			</LineStyle>
		</Style>
		<MultiGeometry>
			<LineString>
				<tessellate>1</tessellate>
				<coordinates>
					126.799545,37.569668,0 126.799843,37.569901,0 
				</coordinates>
			</LineString>
		</MultiGeometry>
	</Placemark>
	<Placemark>
		<name>P-882</name>
		<visibility>0</visibility>
		<description><![CDATA[<div><div><span><b>Altitude:</b></span> <span>0 ft</span></div>
<div><span><b>Speed:</b></span> <span>13 kt - 12 kt</span></div>
<div><span><b>Timestamp:</b></span><br/><span>2024-07-09 11:36:22 UTC<br/>2024-07-09 11:36:26 UTC</span></div>
</div>]]></description>
		<Style>
			<LineStyle>
				<color>ffffffff</color>
				<width>2</width>
			</LineStyle>
		</Style>
		<MultiGeometry>
			<LineString>
				<tessellate>1</tessellate>
				<coordinates>
					126.799843,37.569901,0 126.800079,37.569969,0 
				</coordinates>
			</LineString>
		</MultiGeometry>
	</Placemark>
	<Placemark>
		<name>P-883</name>
		<visibility>0</visibility>
		<description><![CDATA[<div><div><span><b>Altitude:</b></span> <span>0 ft</span></div>
<div><span><b>Speed:</b></span> <span>12 kt - 11 kt</span></div>
<div><span><b>Timestamp:</b></span><br/><span>2024-07-09 11:36:26 UTC<br/>2024-07-09 11:36:30 UTC</span></div>
</div>]]></description>
		<Style>
			<LineStyle>
				<color>ffffffff</color>
				<width>2</width>
			</LineStyle>
		</Style>
		<MultiGeometry>
			<LineString>
				<tessellate>1</tessellate>
				<coordinates>
					126.800079,37.569969,0 126.800339,37.569935,0 
				</coordinates>
			</LineString>
		</MultiGeometry>
	</Placemark>
	<Placemark>
		<name>P-884</name>
		<visibility>0</visibility>
		<description><![CDATA[<div><div><span><b>Altitude:</b></span> <span>0 ft</span></div>
<div><span><b>Speed:</b></span> <span>11 kt - 7 kt</span></div>
<div><span><b>Timestamp:</b></span><br/><span>2024-07-09 11:36:30 UTC<br/>2024-07-09 11:36:36 UTC</span></div>
</div>]]></description>
		<Style>
			<LineStyle>
				<color>ffffffff</color>
				<width>2</width>
			</LineStyle>
		</Style>
		<MultiGeometry>
			<LineString>
				<tessellate>1</tessellate>
				<coordinates>
					126.800339,37.569935,0 126.800598,37.569798,0 
				</coordinates>
			</LineString>
		</MultiGeometry>
	</Placemark>
	<Placemark>
		<name>P-885</name>
		<visibility>0</visibility>
		<description><![CDATA[<div><div><span><b>Altitude:</b></span> <span>0 ft</span></div>
<div><span><b>Speed:</b></span> <span>7 kt</span></div>
<div><span><b>Timestamp:</b></span><br/><span>2024-07-09 11:36:36 UTC<br/>2024-07-09 11:36:43 UTC</span></div>
</div>]]></description>
		<Style>
			<LineStyle>
				<color>ffffffff</color>
				<width>2</width>
			</LineStyle>
		</Style>
		<MultiGeometry>
			<LineString>
				<tessellate>1</tessellate>
				<coordinates>
					126.800598,37.569798,0 126.800842,37.56982,0 
				</coordinates>
			</LineString>
		</MultiGeometry>
	</Placemark>
	<Placemark>
		<name>P-886</name>
		<visibility>0</visibility>
		<description><![CDATA[<div><div><span><b>Altitude:</b></span> <span>0 ft</span></div>
<div><span><b>Speed:</b></span> <span>7 kt</span></div>
<div><span><b>Timestamp:</b></span><br/><span>2024-07-09 11:36:43 UTC<br/>2024-07-09 11:36:51 UTC</span></div>
</div>]]></description>
		<Style>
			<LineStyle>
				<color>ffffffff</color>
				<width>2</width>
			</LineStyle>
		</Style>
		<MultiGeometry>
			<LineString>
				<tessellate>1</tessellate>
				<coordinates>
					126.800842,37.56982,0 126.801086,37.570026,0 
				</coordinates>
			</LineString>
		</MultiGeometry>
	</Placemark>
	<Placemark>
		<name>P-887</name>
		<visibility>0</visibility>
		<description><![CDATA[<div><div><span><b>Altitude:</b></span> <span>0 ft</span></div>
<div><span><b>Speed:</b></span> <span>7 kt - 6 kt</span></div>
<div><span><b>Timestamp:</b></span><br/><span>2024-07-09 11:36:51 UTC<br/>2024-07-09 11:37:00 UTC</span></div>
</div>]]></description>
		<Style>
			<LineStyle>
				<color>ffffffff</color>
				<width>2</width>
			</LineStyle>
		</Style>
		<MultiGeometry>
			<LineString>
				<tessellate>1</tessellate>
				<coordinates>
					126.801086,37.570026,0 126.801323,37.57021,0 
				</coordinates>
			</LineString>
		</MultiGeometry>
	</Placemark>
	<atom:link rel="app" href="https://www.google.com/earth/about/versions/#earth-pro" title="Google Earth Pro 7.3.7.1155"></atom:link>
</Folder>
</kml>
